Timestep,Reward
160,10.0
176,11.0
176,11.0
192,12.0
224,14.0
240,15.0
256,16.0
336,10.0
352,22.0
368,12.0
384,24.0
384,24.0
432,17.0
432,27.0
464,29.0
480,14.0
544,13.0
544,34.0
544,12.0
544,34.0
560,20.0
608,15.0
624,15.0
624,39.0
656,17.0
688,16.0
720,11.0
720,18.0
768,14.0
768,36.0
768,48.0
816,17.0
848,23.0
896,11.0
896,15.0
912,19.0
912,23.0
912,43.0
944,16.0
944,20.0
960,25.0
960,31.0
1104,18.0
1120,13.0
1120,22.0
1136,12.0
1152,24.0
1168,16.0
1184,18.0
1216,16.0
1248,21.0
1280,27.0
1280,32.0
1296,25.0
1296,11.0
1312,22.0
1328,24.0
1328,12.0
1344,39.0
1424,16.0
1440,21.0
1440,51.0
1440,16.0
1488,12.0
1520,14.0
1536,13.0
1536,14.0
1552,13.0
1568,22.0
1584,29.0
1616,18.0
1632,12.0
1648,25.0
1680,16.0
1728,12.0
1728,28.0
1744,16.0
1744,13.0
1776,9.0
1792,32.0
1824,17.0
1824,42.0
1888,19.0
1888,28.0
1904,14.0
1904,18.0
1936,18.0
1936,31.0
1984,15.0
2000,14.0
2016,31.0
2096,23.0
2128,25.0
2160,16.0
2160,21.0
2176,22.0
2192,18.0
2208,13.0
2240,9.0
2272,21.0
2272,24.0
2304,35.0
2368,13.0
2384,25.0
2416,18.0
2448,16.0
2464,18.0
2480,20.0
2496,30.0
2528,40.0
2576,19.0
2624,20.0
2624,52.0
2640,14.0
2640,25.0
2656,13.0
2688,10.0
2720,28.0
2720,21.0
2736,16.0
2752,11.0
2752,34.0
2784,10.0
2800,21.0
2800,27.0
2832,21.0
2848,12.0
2880,12.0
2880,82.0
2928,18.0
2944,10.0
2944,13.0
2976,65.0
2976,22.0
2992,17.0
3040,15.0
3056,13.0
3088,28.0
3104,24.0
3120,20.0
3120,15.0
3136,16.0
3152,25.0
3200,17.0
3216,15.0
3232,16.0
3248,16.0
3248,26.0
3296,16.0
3312,16.0
3312,13.0
3328,36.0
3360,17.0
3408,18.0
3408,12.0
3408,18.0
3440,13.0
3472,17.0
3504,13.0
3520,17.0
3552,38.0
3552,12.0
3568,16.0
3568,27.0
3584,11.0
3600,10.0
3600,22.0
3648,21.0
3664,16.0
3696,14.0
3696,34.0
3712,10.0
3760,11.0
3808,10.0
3824,31.0
3840,15.0
3856,18.0
3856,18.0
3888,30.0
3904,15.0
3920,13.0
3968,26.0
3984,18.0
4032,68.0
4032,32.0
4096,25.0
4096,12.0
4112,9.0
4176,36.0
4208,24.0
4208,11.0
4240,25.0
4240,24.0
4272,10.0
4272,24.0
4288,16.0
4304,13.0
4304,31.0
4304,24.0
4304,28.0
4400,10.0
4448,13.0
4464,30.0
4480,11.0
4480,11.0
4496,14.0
4496,25.0
4496,13.0
4496,12.0
4512,21.0
4512,19.0
4576,19.0
4624,26.0
4640,9.0
4656,12.0
4672,12.0
4720,17.0
4736,77.0
4736,15.0
4800,18.0
4800,31.0
4816,21.0
4896,31.0
4912,11.0
4928,27.0
4960,19.0
4976,29.0
4976,76.0
4992,22.0
5040,15.0
5072,28.0
5072,25.0
5072,21.0
5152,12.0
5152,11.0
5168,23.0
5168,22.0
5200,18.0
5248,11.0
5248,22.0
5280,13.0
5296,23.0
5296,20.0
5296,45.0
5344,12.0
5344,11.0
5360,13.0
5408,10.0
5440,15.0
5456,11.0
5456,10.0
5472,47.0
5520,10.0
5552,16.0
5568,14.0
5600,22.0
5648,36.0
5648,19.0
5728,11.0
5728,27.0
5760,12.0
5776,8.0
5792,24.0
5824,11.0
5824,83.0
5824,52.0
5840,24.0
5856,25.0
5888,23.0
5952,12.0
5968,50.0
5984,10.0
6032,13.0
6032,37.0
6048,20.0
6064,14.0
6080,65.0
6176,20.0
6176,14.0
6208,20.0
6224,16.0
6240,40.0
6240,13.0
6256,27.0
6272,13.0
6304,16.0
6304,52.0
6336,22.0
6400,14.0
6400,23.0
6400,20.0
6432,12.0
6448,15.0
6464,12.0
6496,48.0
6496,12.0
6496,20.0
6560,21.0
6576,17.0
6608,51.0
6640,12.0
6688,27.0
6704,19.0
6704,13.0
6720,30.0
6752,22.0
6784,14.0
6784,22.0
6800,14.0
6800,12.0
6816,65.0
6816,20.0
6832,31.0
6880,10.0
6944,30.0
6960,16.0
6976,11.0
6992,19.0
7008,19.0
7008,23.0
7008,14.0
7024,14.0
7072,42.0
7088,16.0
7104,22.0
7104,18.0
7152,21.0
7152,12.0
7216,45.0
7248,15.0
7280,31.0
7312,15.0
7328,22.0
7344,20.0
7360,13.0
7360,16.0
7392,24.0
7424,21.0
7424,34.0
7440,21.0
7440,12.0
7504,18.0
7568,26.0
7568,35.0
7584,17.0
7584,37.0
7584,19.0
7648,18.0
7648,44.0
7680,16.0
7680,21.0
7680,11.0
7680,22.0
7696,19.0
7712,18.0
7728,18.0
7792,13.0
7808,15.0
7872,18.0
7904,12.0
7936,16.0
7936,22.0
7952,19.0
7968,15.0
7984,19.0
8000,22.0
8016,21.0
8064,39.0
8112,26.0
8128,16.0
8144,15.0
8176,13.0
8208,25.0
8208,16.0
8224,15.0
8224,34.0
8256,43.0
8272,16.0
8320,13.0
8320,11.0
8320,16.0
8352,22.0
8352,26.0
8352,35.0
8352,26.0
8416,13.0
8448,12.0
8448,11.0
8464,69.0
8480,16.0
8480,16.0
8512,21.0
8592,17.0
8592,9.0
8592,17.0
8608,10.0
8608,16.0
8624,17.0
8624,13.0
8640,32.0
8656,28.0
8672,12.0
8704,14.0
8720,25.0
8752,10.0
8752,25.0
8800,12.0
8800,18.0
8832,12.0
8848,15.0
8912,12.0
8912,20.0
8912,16.0
8960,23.0
8960,16.0
9008,41.0
9056,16.0
9072,10.0
9104,30.0
9136,32.0
9152,25.0
9152,22.0
9152,12.0
9216,10.0
9280,13.0
9312,53.0
9344,12.0
9344,27.0
9376,23.0
9392,27.0
9392,15.0
9424,47.0
9424,42.0
9456,39.0
9488,11.0
9504,41.0
9520,26.0
9536,9.0
9552,21.0
9568,41.0
9568,14.0
9568,11.0
9632,30.0
9632,16.0
9664,24.0
9696,17.0
9744,20.0
9760,12.0
9792,16.0
9792,17.0
9920,16.0
9920,22.0
9920,22.0
9920,14.0
9936,19.0
9936,37.0
9984,33.0
10000,23.0
10032,15.0
10032,15.0
10048,18.0
10048,19.0
10080,33.0
10080,36.0
10096,60.0
10144,14.0
10144,14.0
10176,16.0
10176,43.0
10208,14.0
10272,14.0
10272,21.0
10272,14.0
10288,13.0
10304,24.0
10320,24.0
10336,19.0
10336,16.0
10352,11.0
10368,14.0
10384,24.0
10400,14.0
10416,20.0
10464,9.0
10528,12.0
10560,14.0
10592,20.0
10624,17.0
10640,21.0
10656,23.0
10672,25.0
10672,19.0
10736,22.0
10736,11.0
10832,26.0
10848,36.0
10880,46.0
10928,17.0
10928,45.0
10944,22.0
10976,19.0
10976,21.0
11008,21.0
11024,62.0
11056,20.0
11072,21.0
11088,39.0
11104,16.0
11120,31.0
11136,38.0
11152,11.0
11152,47.0
11168,18.0
11200,17.0
11232,14.0
11248,19.0
11280,11.0
11280,19.0
11328,31.0
11376,22.0
11392,19.0
11408,22.0
11408,16.0
11424,22.0
11456,11.0
11472,17.0
11488,16.0
11488,23.0
11520,12.0
11584,19.0
11600,29.0
11616,12.0
11632,30.0
11648,15.0
11664,26.0
11680,18.0
11696,33.0
11744,16.0
11744,16.0
11760,22.0
11776,53.0
11808,22.0
11840,23.0
11840,15.0
11856,21.0
11904,14.0
11904,10.0
11904,13.0
11936,17.0
11936,22.0
12032,14.0
12048,13.0
12064,14.0
12064,13.0
12080,28.0
12080,29.0
12144,15.0
12144,48.0
12160,16.0
12208,35.0
12224,28.0
12224,30.0
12224,9.0
12240,13.0
12256,20.0
12336,18.0
12368,29.0
12384,15.0
12432,12.0
12432,23.0
12448,14.0
12496,15.0
12496,17.0
12496,26.0
12512,22.0
12576,23.0
12624,43.0
12640,16.0
12640,19.0
12656,10.0
12688,29.0
12720,14.0
12736,19.0
12768,39.0
12800,22.0
12800,11.0
12816,19.0
12864,50.0
12864,14.0
12896,33.0
12960,29.0
12992,11.0
13008,20.0
13008,9.0
13008,13.0
13024,18.0
13040,15.0
13040,24.0
13120,30.0
13152,24.0
13184,89.0
13232,32.0
13232,41.0
13248,15.0
13248,24.0
13248,15.0
13264,14.0
13312,55.0
13312,20.0
13328,18.0
13344,12.0
13344,24.0
13376,12.0
13392,31.0
13424,12.0
13440,12.0
13456,21.0
13472,14.0
13504,12.0
13520,13.0
13552,11.0
13552,14.0
13552,33.0
13648,19.0
13664,17.0
13680,26.0
13680,14.0
13696,17.0
13728,24.0
13728,45.0
13808,16.0
13808,21.0
13808,16.0
13840,38.0
13856,26.0
13872,12.0
13872,22.0
13872,14.0
13888,21.0
13904,14.0
13952,44.0
14000,19.0
14016,13.0
14048,10.0
14048,11.0
14064,21.0
14096,16.0
14112,28.0
14128,17.0
14176,14.0
14192,18.0
14192,24.0
14192,20.0
14224,13.0
14240,46.0
14256,13.0
14272,14.0
14272,34.0
14320,16.0
14368,31.0
14400,17.0
14400,11.0
14432,39.0
14480,13.0
14496,25.0
14544,9.0
14576,36.0
14592,12.0
14624,19.0
14640,25.0
14672,11.0
14688,31.0
14704,10.0
14736,23.0
14752,30.0
14784,13.0
14832,45.0
14864,43.0
14880,18.0
14880,43.0
14896,40.0
14896,14.0
14976,31.0
14976,21.0
14992,13.0
15008,19.0
15024,12.0
15088,22.0
15104,13.0
15168,9.0
15184,13.0
15200,36.0
15216,15.0
15232,34.0
15232,23.0
15280,18.0
15296,69.0
15328,28.0
15344,57.0
15360,12.0
15360,38.0
15376,17.0
15392,24.0
15392,32.0
15392,31.0
15408,13.0
15456,15.0
15456,17.0
15472,11.0
15504,17.0
15520,18.0
15536,9.0
15552,17.0
15568,11.0
15568,30.0
15584,11.0
15616,9.0
15648,8.0
15664,19.0
15680,14.0
15680,18.0
15744,13.0
15760,16.0
15792,9.0
15808,9.0
15824,13.0
15856,17.0
15872,26.0
15888,32.0
15920,35.0
15920,15.0
15952,38.0
15968,25.0
15984,19.0
16016,16.0
16096,34.0
16096,48.0
16112,20.0
16112,23.0
16128,15.0
16144,17.0
16176,16.0
16176,20.0
16208,12.0
16240,42.0
16240,18.0
16272,22.0
16336,22.0
16352,16.0
16352,33.0
16352,15.0
16400,14.0
16432,20.0
16432,16.0
16464,31.0
16496,25.0
16528,12.0
16528,16.0
16576,21.0
16592,15.0
16592,12.0
16608,29.0
16656,53.0
16672,13.0
16672,15.0
16704,17.0
16720,23.0
16736,15.0
16752,11.0
16784,16.0
16816,43.0
16848,16.0
16848,38.0
16864,16.0
16928,45.0
16928,12.0
16944,15.0
16960,18.0
16960,15.0
17008,22.0
17024,15.0
17088,14.0
17104,36.0
17120,33.0
17120,19.0
17136,29.0
17136,24.0
17200,11.0
17232,17.0
17232,19.0
17360,15.0
17360,17.0
17392,16.0
17408,66.0
17408,30.0
17424,29.0
17424,12.0
17440,27.0
17456,38.0
17488,40.0
17568,28.0
17568,10.0
17632,17.0
17648,14.0
17664,27.0
17664,17.0
17696,16.0
17792,24.0
17808,44.0
17808,10.0
17824,25.0
17824,55.0
17856,41.0
17856,14.0
17888,14.0
17904,13.0
17904,48.0
17920,27.0
17936,30.0
17968,25.0
18000,12.0
18016,10.0
18144,21.0
18160,37.0
18176,22.0
18176,20.0
18224,21.0
18240,21.0
18256,56.0
18304,30.0
18320,19.0
18336,27.0
18336,23.0
18368,28.0
18384,13.0
18384,13.0
18400,15.0
18400,46.0
18432,40.0
18448,12.0
18544,25.0
18544,19.0
18560,12.0
18576,17.0
18592,37.0
18592,10.0
18608,18.0
18624,25.0
18640,19.0
18640,16.0
18720,9.0
18736,12.0
18784,14.0
18784,53.0
18816,30.0
18848,28.0
18912,29.0
18928,19.0
18944,19.0
18944,21.0
18960,15.0
18960,36.0
18976,21.0
19008,17.0
19056,17.0
19056,41.0
19072,18.0
19072,30.0
19072,30.0
19104,10.0
19104,18.0
19168,16.0
19168,15.0
19200,15.0
19216,16.0
19216,17.0
19216,10.0
19248,11.0
19296,28.0
19328,16.0
19344,17.0
19344,11.0
19376,20.0
19392,53.0
19392,11.0
19424,20.0
19424,16.0
19440,21.0
19456,15.0
19456,28.0
19472,17.0
19472,11.0
19568,20.0
19568,22.0
19584,10.0
19584,10.0
19600,16.0
19616,14.0
19632,12.0
19648,19.0
19648,11.0
19648,11.0
19680,14.0
19712,24.0
19760,24.0
19776,12.0
19792,14.0
19808,15.0
19824,13.0
19840,12.0
19872,10.0
19888,15.0
19920,15.0
19936,30.0
19936,34.0
19952,11.0
19968,20.0
20016,14.0
20032,27.0
20048,29.0
20064,9.0
20064,16.0
20080,12.0
20096,29.0
20096,21.0
20160,14.0
20176,13.0
20240,25.0
20256,11.0
20288,21.0
20304,17.0
20352,18.0
20352,30.0
20352,11.0
20384,20.0
20384,23.0
20400,15.0
20432,21.0
20448,25.0
20480,15.0
20496,15.0
20528,11.0
20528,11.0
20576,40.0
20608,14.0
20640,22.0
20656,105.0
20688,54.0
20688,24.0
20720,20.0
20720,23.0
20720,14.0
20736,40.0
20768,24.0
20784,19.0
20800,17.0
20816,10.0
20832,14.0
20848,25.0
20880,22.0
20896,11.0
20912,30.0
20944,11.0
20960,24.0
20992,17.0
21040,22.0
21040,12.0
21072,16.0
21120,25.0
21136,21.0
21136,28.0
21136,22.0
21136,25.0
21136,31.0
21184,12.0
21264,12.0
21312,26.0
21344,13.0
21344,25.0
21344,29.0
21360,14.0
21360,14.0
21376,16.0
21376,21.0
21392,13.0
21392,22.0
21456,34.0
21472,10.0
21504,42.0
21520,35.0
21520,24.0
21584,14.0
21600,13.0
21600,29.0
21600,15.0
21600,14.0
21616,17.0
21616,22.0
21616,14.0
21696,22.0
21760,26.0
21792,12.0
21824,13.0
21824,13.0
21840,20.0
21856,25.0
21856,16.0
21872,25.0
21920,34.0
21920,26.0
21936,15.0
22000,26.0
22000,25.0
22048,14.0
22064,34.0
22064,13.0
22112,32.0
22128,12.0
22144,33.0
22160,18.0
22176,20.0
22208,13.0
22224,29.0
22256,26.0
22272,14.0
22288,31.0
22304,24.0
22304,10.0
22304,24.0
22368,15.0
22384,10.0
22448,21.0
22464,25.0
22480,11.0
22496,15.0
22512,13.0
22512,21.0
22528,16.0
22592,37.0
22592,14.0
22656,11.0
22672,13.0
22720,17.0
22720,56.0
22736,14.0
22752,23.0
22816,41.0
22816,47.0
22832,39.0
22864,12.0
22864,35.0
22912,20.0
22928,17.0
22928,11.0
22928,12.0
23040,20.0
23056,14.0
23088,23.0
23104,15.0
23104,11.0
23104,11.0
23120,12.0
23136,34.0
23152,40.0
23152,21.0
23232,12.0
23248,60.0
23248,12.0
23264,46.0
23280,11.0
23328,32.0
23328,29.0
23360,15.0
23360,28.0
23408,16.0
23408,10.0
23424,20.0
23424,12.0
23456,19.0
23488,15.0
23520,27.0
23536,16.0
23552,66.0
23552,14.0
23568,13.0
23584,28.0
23600,17.0
23680,20.0
23728,19.0
23744,30.0
23792,24.0
23792,19.0
23808,44.0
23808,25.0
23856,17.0
23872,20.0
23872,19.0
23888,13.0
23888,21.0
23984,15.0
24032,14.0
24032,36.0
24032,14.0
24048,39.0
24064,21.0
24064,13.0
24064,12.0
24064,17.0
24096,36.0
24128,33.0
24144,16.0
24160,23.0
24224,12.0
24256,13.0
24288,14.0
24336,17.0
24352,51.0
24352,14.0
24368,31.0
24448,22.0
24464,19.0
24480,28.0
24480,16.0
24512,33.0
24528,15.0
24576,34.0
24576,13.0
24592,16.0
24624,35.0
24688,21.0
24688,50.0
24720,29.0
24736,17.0
24752,11.0
24768,18.0
24848,31.0
24864,26.0
24880,18.0
24880,23.0
24912,11.0
24912,48.0
24912,24.0
24928,15.0
25008,33.0
25040,29.0
25056,13.0
25072,10.0
25088,11.0
25088,23.0
25120,27.0
25152,14.0
25168,26.0
25168,19.0
25184,19.0
25216,11.0
25216,21.0
25232,38.0
25232,14.0
25312,34.0
25344,14.0
25376,19.0
25392,14.0
25408,12.0
25472,35.0
25488,16.0
25504,12.0
25520,18.0
25616,14.0
25664,100.0
25680,12.0
25696,20.0
25696,14.0
25728,20.0
25728,40.0
25792,39.0
25792,36.0
25824,40.0
25840,10.0
25904,53.0
25920,26.0
25968,51.0
25968,17.0
25968,19.0
25968,39.0
25984,12.0
26032,12.0
26064,28.0
26064,34.0
26064,61.0
26080,22.0
26096,17.0
26160,29.0
26208,19.0
26240,17.0
26272,22.0
26272,18.0
26320,37.0
26352,16.0
26352,12.0
26352,35.0
26368,25.0
26368,18.0
26416,24.0
26432,23.0
26464,25.0
26496,33.0
26496,14.0
26576,13.0
26576,14.0
26576,14.0
26592,15.0
26752,20.0
26752,11.0
26800,14.0
26800,21.0
26848,33.0
26848,22.0
26896,33.0
26944,12.0
26976,44.0
26992,15.0
26992,36.0
26992,47.0
26992,58.0
27008,32.0
27024,28.0
27024,51.0
27056,10.0
27088,18.0
27136,18.0
27152,22.0
27168,11.0
27216,12.0
27216,15.0
27216,14.0
27232,15.0
27312,18.0
27312,20.0
27328,12.0
27376,88.0
27392,11.0
27408,11.0
27440,14.0
27472,10.0
27504,31.0
27504,26.0
27504,12.0
27504,22.0
27552,38.0
27568,25.0
27568,10.0
27584,13.0
27616,25.0
27632,19.0
27696,12.0
27712,13.0
27760,73.0
27760,57.0
27776,21.0
27792,46.0
27824,16.0
27840,21.0
27856,19.0
27888,19.0
27920,19.0
27952,30.0
27968,16.0
27968,36.0
28000,19.0
28016,32.0
28016,24.0
28048,30.0
28064,13.0
28064,18.0
28096,13.0
28112,17.0
28192,8.0
28192,15.0
28240,30.0
28288,20.0
28288,17.0
28320,14.0
28368,19.0
28448,39.0
28448,21.0
28512,17.0
28528,15.0
28544,39.0
28544,22.0
28544,31.0
28560,34.0
28560,17.0
28624,54.0
28688,31.0
28704,16.0
28704,24.0
28736,12.0
28736,23.0
28736,12.0
28752,15.0
28768,13.0
28768,13.0
28848,25.0
28880,11.0
28880,57.0
28896,13.0
28912,24.0
28912,57.0
28944,13.0
28944,15.0
28960,21.0
28976,74.0
28992,28.0
29056,19.0
29104,12.0
29104,14.0
29120,17.0
29120,15.0
29136,25.0
29184,17.0
29216,28.0
29216,14.0
29232,18.0
29248,18.0
29264,31.0
29296,35.0
29312,26.0
29344,14.0
29376,17.0
29392,26.0
29408,18.0
29424,30.0
29488,16.0
29504,12.0
29504,20.0
29520,19.0
29520,24.0
29552,16.0
29568,32.0
29600,24.0
29616,23.0
29648,19.0
29664,15.0
29680,10.0
29680,11.0
29712,38.0
29744,30.0
29744,15.0
29744,11.0
29808,12.0
29872,31.0
29872,12.0
29888,13.0
29888,18.0
29904,31.0
29920,25.0
29920,23.0
29920,17.0
29952,29.0
30016,39.0
30048,11.0
30064,20.0
30064,16.0
30064,12.0
30080,12.0
30080,21.0
30112,10.0
30144,25.0
30160,15.0
30176,16.0
30176,29.0
30208,19.0
30208,20.0
30272,13.0
30272,14.0
30288,11.0
30288,13.0
30368,12.0
30400,14.0
30400,24.0
30432,18.0
30432,23.0
30448,15.0
30448,33.0
30464,25.0
30512,22.0
30528,54.0
30576,19.0
30576,19.0
30608,15.0
30608,20.0
30608,10.0
30624,14.0
30656,14.0
30672,37.0
30688,18.0
30768,10.0
30800,14.0
30816,23.0
30816,19.0
30816,15.0
30832,10.0
30880,22.0
30928,20.0
30928,15.0
30976,34.0
30992,23.0
31024,14.0
31040,24.0
31056,15.0
31104,21.0
31104,56.0
31168,15.0
31168,22.0
31184,23.0
31280,11.0
31280,22.0
31328,54.0
31344,18.0
31344,46.0
31344,23.0
31360,16.0
31376,34.0
31456,27.0
31504,29.0
31504,21.0
31504,21.0
31520,12.0
31568,14.0
31584,37.0
31584,15.0
31600,82.0
31616,27.0
31616,16.0
31632,11.0
31648,23.0
31664,20.0
31696,12.0
31728,14.0
31760,30.0
31776,16.0
31792,13.0
31808,11.0
31872,16.0
31872,31.0
31904,25.0
31920,12.0
31952,67.0
31968,23.0
31968,12.0
31984,25.0
32016,23.0
32032,29.0
32032,15.0
32032,21.0
32064,28.0
32080,17.0
32128,23.0
32144,11.0
32144,17.0
32224,22.0
32256,18.0
32288,16.0
32336,17.0
32368,14.0
32368,26.0
32432,22.0
32448,26.0
32448,49.0
32464,20.0
32480,35.0
32496,17.0
32496,37.0
32496,32.0
32512,14.0
32528,31.0
32576,13.0
32592,14.0
32656,25.0
32672,34.0
32672,14.0
32688,15.0
32688,12.0
32752,46.0
32752,26.0
32768,18.0
32784,18.0
32800,17.0
32800,18.0
32800,23.0
32880,12.0
32912,26.0
32928,21.0
32976,13.0
33056,37.0
33088,18.0
33120,15.0
33120,29.0
33120,20.0
33152,30.0
33184,27.0
33232,28.0
33248,36.0
33280,37.0
33296,11.0
33312,21.0
33344,48.0
33360,19.0
33360,38.0
33424,31.0
33456,23.0
33472,20.0
33536,22.0
33536,39.0
33664,19.0
33680,35.0
33696,14.0
33824,23.0
33840,19.0
33840,34.0
33872,67.0
33904,14.0
33920,36.0
33952,45.0
33968,34.0
33984,54.0
34016,11.0
34032,21.0
34064,49.0
34096,35.0
34144,15.0
34160,53.0
34160,57.0
34192,33.0
34224,13.0
34240,23.0
34256,18.0
34320,23.0
34352,20.0
34400,30.0
34400,13.0
34512,72.0
34544,28.0
34544,12.0
34544,44.0
34592,23.0
34752,32.0
34752,15.0
34768,28.0
34800,40.0
34800,16.0
34800,61.0
34848,19.0
34864,44.0
34896,40.0
34912,32.0
34960,13.0
34992,25.0
35088,18.0
35104,19.0
35104,65.0
35136,17.0
35200,76.0
35216,19.0
35264,32.0
35296,31.0
35360,37.0
35392,18.0
35424,13.0
35440,15.0
35456,23.0
35456,12.0
35456,82.0
35488,68.0
35552,41.0
35584,14.0
35584,30.0
35632,21.0
35664,44.0
35664,13.0
35712,16.0
35728,74.0
35744,18.0
35760,17.0
35872,18.0
35904,11.0
35920,58.0
35984,15.0
36000,35.0
36048,29.0
36048,11.0
36080,77.0
36096,42.0
36112,25.0
36192,9.0
36192,18.0
36224,35.0
36256,11.0
36256,21.0
36336,21.0
36352,37.0
36368,20.0
36496,85.0
36512,60.0
36512,11.0
36512,55.0
36560,73.0
36560,19.0
36608,39.0
36640,33.0
36672,10.0
36704,28.0
36752,15.0
36752,16.0
36784,37.0
36800,15.0
36864,16.0
36880,41.0
36912,15.0
36912,22.0
36928,52.0
36960,28.0
36976,49.0
37008,40.0
37056,11.0
37072,27.0
37104,15.0
37120,13.0
37136,22.0
37184,13.0
37184,27.0
37264,13.0
37296,59.0
37296,23.0
37328,23.0
37344,34.0
37360,38.0
37360,28.0
37408,17.0
37408,19.0
37680,38.0
37776,30.0
37792,29.0
37792,38.0
37808,69.0
37808,43.0
37840,27.0
37840,31.0
37872,32.0
37920,41.0
37936,47.0
37968,38.0
38000,62.0
38032,12.0
38048,11.0
38096,152.0
38096,20.0
38144,29.0
38144,22.0
38176,48.0
38192,24.0
38208,15.0
38240,13.0
38272,17.0
38304,13.0
38352,27.0
38432,40.0
38448,13.0
38464,23.0
38480,19.0
38480,18.0
38512,29.0
38592,47.0
38608,82.0
38608,25.0
38608,16.0
38624,20.0
38640,31.0
38640,12.0
38656,32.0
38688,13.0
38720,49.0
38816,12.0
38832,25.0
38864,13.0
38864,14.0
38896,18.0
38912,25.0
38928,41.0
38960,17.0
39008,75.0
39040,20.0
39040,11.0
39072,38.0
39072,15.0
39104,12.0
39104,32.0
39152,42.0
39232,14.0
39248,22.0
39248,13.0
39312,15.0
39344,24.0
39360,45.0
39376,21.0
39392,9.0
39408,34.0
39488,42.0
39488,55.0
39584,61.0
39584,22.0
39616,14.0
39632,20.0
39648,18.0
39696,13.0
39744,23.0
39760,43.0
39760,38.0
39792,24.0
39824,15.0
39872,48.0
40000,56.0
40000,32.0
40016,25.0
40032,17.0
40048,26.0
40064,15.0
40080,52.0
40112,26.0
40144,31.0
40160,23.0
40176,26.0
40192,79.0
40224,22.0
40224,40.0
40256,9.0
40272,17.0
40304,16.0
40320,36.0
40336,17.0
40352,63.0
40416,14.0
40480,19.0
40544,24.0
40560,33.0
40592,36.0
40624,22.0
40624,23.0
40640,21.0
40640,31.0
40656,20.0
40656,27.0
40656,27.0
40720,40.0
40752,13.0
40752,10.0
40816,29.0
40880,14.0
40880,25.0
40928,32.0
40928,18.0
40944,20.0
41008,12.0
41008,28.0
41024,44.0
41024,24.0
41040,26.0
41040,65.0
41120,29.0
41152,25.0
41200,17.0
41232,19.0
41296,26.0
41312,35.0
41328,20.0
41328,28.0
41360,21.0
41376,41.0
41392,46.0
41392,28.0
41488,21.0
41504,13.0
41536,31.0
41584,22.0
41664,41.0
41696,24.0
41696,36.0
41712,32.0
41728,25.0
41744,24.0
41792,19.0
41808,14.0
41824,18.0
41824,27.0
41936,27.0
41952,16.0
41968,59.0
42000,11.0
42016,13.0
42032,15.0
42048,19.0
42096,45.0
42176,32.0
42240,18.0
42288,78.0
42288,56.0
42288,12.0
42320,38.0
42320,37.0
42336,32.0
42368,20.0
42368,42.0
42416,30.0
42464,14.0
42464,71.0
42528,22.0
42544,36.0
42560,14.0
42656,40.0
42672,22.0
42704,21.0
42736,12.0
42800,21.0
42800,32.0
42816,16.0
42848,24.0
42880,29.0
42896,54.0
42928,38.0
42944,41.0
42960,60.0
42976,15.0
43008,30.0
43008,45.0
43040,12.0
43072,17.0
43104,9.0
43152,31.0
43168,18.0
43184,51.0
43248,15.0
43248,28.0
43264,37.0
43296,12.0
43392,29.0
43440,16.0
43456,26.0
43536,18.0
43584,21.0
43648,24.0
43696,33.0
43696,45.0
43696,47.0
43712,35.0
43712,40.0
43744,28.0
43840,59.0
43904,56.0
43920,29.0
43936,77.0
43952,19.0
43952,13.0
43968,16.0
43968,16.0
43984,25.0
44064,14.0
44112,81.0
44128,12.0
44160,48.0
44208,16.0
44272,19.0
44304,9.0
44336,56.0
44384,16.0
44448,30.0
44496,18.0
44576,17.0
44592,38.0
44608,31.0
44624,22.0
44624,68.0
44656,60.0
44672,61.0
44704,63.0
44752,23.0
44752,53.0
44752,16.0
44800,53.0
44848,49.0
44864,12.0
44896,28.0
44928,20.0
44944,12.0
44992,21.0
44992,23.0
45008,19.0
45056,30.0
45056,13.0
45072,46.0
45104,11.0
45136,24.0
45152,77.0
45184,12.0
45216,22.0
45216,37.0
45232,10.0
45248,16.0
45296,31.0
45392,18.0
45408,12.0
45424,26.0
45568,39.0
45584,12.0
45600,34.0
45600,34.0
45616,64.0
45616,45.0
45616,29.0
45744,20.0
45760,63.0
45792,31.0
45808,12.0
45840,37.0
45840,15.0
45856,45.0
45920,32.0
45920,46.0
45936,11.0
46016,49.0
46016,14.0
46048,52.0
46064,28.0
46112,34.0
46128,13.0
46144,34.0
46160,22.0
46160,14.0
46176,16.0
46256,15.0
46272,27.0
46320,16.0
46336,47.0
46384,16.0
46384,40.0
46432,24.0
46448,18.0
46560,25.0
46608,11.0
46624,19.0
46640,16.0
46656,30.0
46672,21.0
46736,70.0
46752,38.0
46768,13.0
46768,32.0
46784,48.0
46816,61.0
46912,16.0
46928,67.0
46944,31.0
46944,17.0
46992,24.0
47024,16.0
47040,17.0
47056,42.0
47072,16.0
47072,60.0
47136,12.0
47136,25.0
47136,14.0
47184,15.0
47232,38.0
47264,12.0
47264,17.0
47264,21.0
47344,35.0
47344,18.0
47360,14.0
47360,18.0
47360,14.0
47376,12.0
47472,45.0
47472,75.0
47504,10.0
47504,29.0
47536,17.0
47536,17.0
47568,12.0
47632,23.0
47680,34.0
47744,25.0
47744,11.0
47760,46.0
47776,34.0
47776,15.0
47792,27.0
47808,28.0
47808,17.0
47856,31.0
47904,79.0
47952,30.0
47968,21.0
47984,15.0
48000,13.0
48032,16.0
48048,17.0
48096,39.0
48096,18.0
48112,27.0
48192,28.0
48208,44.0
48208,13.0
48224,16.0
48304,25.0
48304,13.0
48336,36.0
48352,20.0
48368,11.0
48384,33.0
48400,12.0
48432,14.0
48464,10.0
48464,41.0
48464,30.0
48576,12.0
48592,34.0
48608,24.0
48624,14.0
48640,18.0
48688,74.0
48704,38.0
48768,41.0
48800,14.0
48864,27.0
48896,59.0
48896,16.0
48928,21.0
48928,39.0
48976,40.0
48976,32.0
48976,18.0
48992,23.0
48992,33.0
49056,22.0
49056,12.0
49088,10.0
49104,40.0
49184,12.0
49232,21.0
49280,22.0
49296,43.0
49360,24.0
49392,31.0
49408,27.0
49440,21.0
49520,29.0
49520,18.0
49536,30.0
49568,13.0
49600,32.0
49600,38.0
49632,15.0
49680,31.0
49696,16.0
49712,84.0
49728,27.0
49808,13.0
49808,25.0
49840,20.0
49840,20.0
49904,13.0
49952,15.0
49984,26.0
50032,14.0
50096,12.0
50112,36.0
50128,85.0
50176,75.0
50192,22.0
50240,35.0
50272,40.0
50272,27.0
50304,44.0
50304,64.0
50320,37.0
50320,12.0
50352,20.0
50384,25.0
50384,27.0
50464,17.0
50528,45.0
50544,27.0
50560,15.0
50576,30.0
50624,19.0
50656,30.0
50672,20.0
50752,18.0
50752,13.0
50768,15.0
50832,35.0
50848,12.0
50864,30.0
50896,37.0
50928,22.0
50928,11.0
50944,24.0
50944,20.0
50960,135.0
50976,37.0
50992,43.0
51104,11.0
51152,55.0
51168,31.0
51168,19.0
51200,17.0
51200,23.0
51232,62.0
51312,20.0
51360,38.0
51376,27.0
51376,38.0
51424,28.0
51456,31.0
51472,23.0
51488,20.0
51504,22.0
51520,39.0
51552,22.0
51600,14.0
51632,16.0
51696,33.0
51696,15.0
51712,13.0
51728,55.0
51776,22.0
51792,15.0
51792,20.0
51856,16.0
51872,35.0
51904,17.0
51904,11.0
51936,44.0
51968,16.0
52032,21.0
52096,15.0
52112,57.0
52128,22.0
52144,39.0
52176,43.0
52192,18.0
52208,15.0
52208,26.0
52240,55.0
52320,28.0
52336,27.0
52368,27.0
52432,25.0
52448,20.0
52480,23.0
52496,50.0
52528,46.0
52544,14.0
52592,103.0
52688,16.0
52688,34.0
52720,14.0
52736,25.0
52768,35.0
52848,25.0
52880,21.0
52944,29.0
52944,46.0
52976,50.0
52976,38.0
52992,14.0
52992,50.0
53040,20.0
53104,26.0
53152,11.0
53152,29.0
53200,69.0
53248,19.0
53248,32.0
53328,68.0
53344,12.0
53376,25.0
53424,56.0
53472,27.0
53504,19.0
53520,11.0
53536,43.0
53552,42.0
53568,15.0
53568,36.0
53584,62.0
53632,16.0
53680,13.0
53696,37.0
53728,10.0
53776,22.0
53824,20.0
53840,19.0
53888,20.0
53968,12.0
53984,18.0
53984,65.0
54032,30.0
54048,26.0
54112,27.0
54112,60.0
54176,12.0
54256,14.0
54256,63.0
54288,81.0
54336,31.0
54400,32.0
54416,19.0
54432,20.0
54496,32.0
54512,14.0
54544,18.0
54576,53.0
54576,38.0
54640,19.0
54656,14.0
54704,41.0
54704,19.0
54768,12.0
54816,98.0
54912,26.0
54912,23.0
54928,84.0
54928,88.0
54944,15.0
54960,49.0
55024,28.0
55056,25.0
55120,26.0
55120,30.0
55168,15.0
55168,15.0
55184,85.0
55184,10.0
55200,18.0
55200,49.0
55232,45.0
55296,11.0
55344,24.0
55344,36.0
55360,12.0
55376,12.0
55392,28.0
55424,32.0
55456,14.0
55456,18.0
55504,78.0
55504,43.0
55536,9.0
55552,13.0
55584,13.0
55616,17.0
55696,17.0
55728,23.0
55744,35.0
55744,28.0
55776,36.0
55808,38.0
55840,49.0
55872,23.0
55872,47.0
55888,12.0
55904,28.0
55904,18.0
55904,23.0
56096,20.0
56096,22.0
56112,41.0
56128,25.0
56128,15.0
56144,15.0
56160,26.0
56160,36.0
56208,25.0
56272,27.0
56304,13.0
56336,29.0
56368,31.0
56384,14.0
56400,18.0
56400,19.0
56416,32.0
56448,20.0
56448,56.0
56464,19.0
56496,14.0
56512,19.0
56592,68.0
56624,15.0
56640,31.0
56640,15.0
56688,18.0
56688,15.0
56704,18.0
56736,25.0
56768,16.0
56784,55.0
56864,26.0
56864,46.0
56880,26.0
56928,15.0
56928,27.0
56928,12.0
56976,18.0
56992,14.0
57040,46.0
57040,42.0
57040,11.0
57088,28.0
57136,34.0
57168,24.0
57184,16.0
57200,17.0
57200,10.0
57200,35.0
57216,18.0
57232,16.0
57232,33.0
57264,17.0
57296,16.0
57312,43.0
57328,15.0
57376,15.0
57408,15.0
57536,21.0
57536,19.0
57552,18.0
57584,22.0
57616,13.0
57632,19.0
57632,21.0
57680,19.0
57712,25.0
57728,33.0
57760,36.0
57808,58.0
57808,17.0
57936,19.0
57936,20.0
58048,74.0
58064,32.0
58064,22.0
58096,56.0
58112,27.0
58192,72.0
58224,11.0
58240,27.0
58256,65.0
58256,31.0
58336,25.0
58352,45.0
58368,52.0
58384,50.0
58384,36.0
58496,17.0
58560,19.0
58592,33.0
58624,17.0
58672,38.0
58704,37.0
58768,52.0
58768,27.0
58816,35.0
58848,38.0
58880,11.0
58896,32.0
58976,30.0
58976,37.0
59008,51.0
59024,16.0
59056,13.0
59120,87.0
59168,50.0
59168,17.0
59168,10.0
59200,36.0
59200,11.0
59216,41.0
59232,71.0
59344,23.0
59360,34.0
59376,38.0
59376,20.0
59376,25.0
59488,16.0
59488,51.0
59504,39.0
59552,24.0
59584,26.0
59616,16.0
59648,19.0
59712,14.0
59744,34.0
59760,73.0
59824,28.0
59856,40.0
59904,46.0
59936,12.0
59984,23.0
59984,21.0
60016,33.0
60016,40.0
60032,52.0
60096,45.0
60096,24.0
60112,62.0
60144,13.0
60144,37.0
60160,36.0
60240,24.0
60240,46.0
60336,22.0
60352,28.0
60384,18.0
60400,24.0
60400,18.0
60400,40.0
60480,41.0
60496,32.0
60496,21.0
60528,24.0
60592,22.0
60592,13.0
60656,39.0
60672,21.0
60672,17.0
60704,35.0
60704,14.0
60736,45.0
60736,40.0
60752,22.0
60800,35.0
60848,20.0
60848,28.0
60864,12.0
60912,26.0
60976,14.0
61008,10.0
61056,22.0
61072,17.0
61088,46.0
61104,32.0
61152,15.0
61248,47.0
61280,38.0
61280,17.0
61328,42.0
61392,26.0
61408,42.0
61456,38.0
61472,24.0
61568,32.0
61600,54.0
61648,34.0
61648,59.0
61664,32.0
61744,55.0
61760,18.0
61760,22.0
61808,30.0
61840,11.0
61856,25.0
61888,38.0
61888,51.0
61952,42.0
61952,85.0
61968,20.0
61968,23.0
62016,13.0
62064,51.0
62064,11.0
62080,43.0
62080,27.0
62112,23.0
62112,17.0
62160,19.0
62176,38.0
62224,16.0
62304,34.0
62304,26.0
62336,14.0
62352,25.0
62368,26.0
62384,19.0
62400,18.0
62480,32.0
62496,30.0
62496,17.0
62544,15.0
62544,30.0
62544,11.0
62560,24.0
62640,19.0
62640,21.0
62656,31.0
62656,17.0
62672,11.0
62784,44.0
62816,10.0
62832,17.0
62832,67.0
62864,29.0
62960,11.0
62976,20.0
63008,41.0
63040,13.0
63056,32.0
63056,62.0
63072,27.0
63104,38.0
63136,41.0
63136,31.0
63248,44.0
63248,44.0
63248,13.0
63264,10.0
63280,20.0
63376,15.0
63392,20.0
63424,35.0
63424,37.0
63440,12.0
63456,40.0
63472,50.0
63504,28.0
63568,32.0
63600,20.0
63616,38.0
63616,14.0
63632,10.0
63648,17.0
63712,18.0
63728,29.0
63728,19.0
63776,33.0
63808,52.0
63808,19.0
63824,43.0
63888,17.0
63952,14.0
63952,31.0
64016,26.0
64016,19.0
64016,25.0
64032,49.0
64032,29.0
64048,15.0
64176,22.0
64192,19.0
64192,15.0
64208,35.0
64208,30.0
64288,30.0
64304,18.0
64400,23.0
64400,48.0
64416,23.0
64416,25.0
64448,27.0
64448,26.0
64544,48.0
64576,71.0
64576,10.0
64592,26.0
64608,20.0
64640,27.0
64640,27.0
64736,27.0
64736,49.0
64736,34.0
64816,26.0
64816,14.0
64880,15.0
64896,20.0
64912,19.0
64912,23.0
64976,33.0
64976,10.0
64976,33.0
64976,25.0
64992,37.0
65024,38.0
65088,22.0
65136,16.0
65136,31.0
65168,61.0
65200,14.0
65216,25.0
65232,16.0
65264,33.0
65328,26.0
65344,23.0
65392,26.0
65424,14.0
65424,13.0
65440,22.0
65440,19.0
65440,33.0
65488,16.0
65536,50.0
65584,20.0
65648,13.0
65664,48.0
65696,33.0
65696,44.0
65808,23.0
65840,26.0
65952,23.0
65984,60.0
66000,19.0
66000,35.0
66016,20.0
66032,43.0
66080,17.0
66112,36.0
66192,22.0
66192,48.0
66208,51.0
66224,14.0
66240,36.0
66256,14.0
66304,41.0
66352,10.0
66352,25.0
66352,64.0
66480,62.0
66528,20.0
66544,35.0
66544,33.0
66624,34.0
66752,32.0
66768,26.0
66832,13.0
66864,20.0
66864,35.0
66928,44.0
66928,28.0
66960,26.0
66960,60.0
66976,45.0
67056,44.0
67088,16.0
67104,62.0
67136,38.0
67168,13.0
67200,21.0
67216,15.0
67232,30.0
67232,131.0
67264,19.0
67264,67.0
67264,13.0
67264,21.0
67328,25.0
67360,31.0
67392,16.0
67440,68.0
67504,25.0
67520,16.0
67520,22.0
67536,48.0
67600,23.0
67616,24.0
67616,25.0
67776,43.0
67792,29.0
67792,18.0
67824,19.0
67872,38.0
67936,25.0
67936,21.0
67952,37.0
67968,28.0
67984,12.0
68080,43.0
68080,40.0
68112,31.0
68144,13.0
68192,23.0
68272,67.0
68352,24.0
68352,30.0
68368,27.0
68400,26.0
68432,51.0
68448,42.0
68448,41.0
68480,18.0
68512,78.0
68576,39.0
68624,17.0
68624,30.0
68624,17.0
68656,13.0
68672,17.0
68688,89.0
68736,18.0
68880,13.0
68944,16.0
68960,55.0
68976,15.0
68992,23.0
69008,31.0
69024,34.0
69040,26.0
69072,31.0
69200,68.0
69216,71.0
69280,41.0
69344,19.0
69360,24.0
69360,21.0
69376,26.0
69456,29.0
69456,15.0
69520,78.0
69568,75.0
69584,24.0
69584,72.0
69632,17.0
69680,46.0
69760,69.0
69760,25.0
69856,14.0
69904,39.0
69920,65.0
69920,25.0
69952,23.0
69968,13.0
69968,24.0
69968,32.0
69984,33.0
70000,20.0
70048,42.0
70128,13.0
70192,70.0
70224,16.0
70272,79.0
70288,59.0
70320,23.0
70368,50.0
70368,25.0
70384,24.0
70464,31.0
70480,31.0
70496,46.0
70512,15.0
70512,38.0
70624,36.0
70640,28.0
70688,11.0
70704,21.0
70752,18.0
70832,32.0
70864,11.0
70880,64.0
70976,37.0
70992,54.0
71040,21.0
71088,16.0
71104,15.0
71120,31.0
71152,41.0
71184,51.0
71280,25.0
71296,51.0
71392,69.0
71424,28.0
71456,77.0
71472,18.0
71552,16.0
71584,19.0
71600,105.0
71664,42.0
71680,65.0
71680,16.0
71776,64.0
71776,43.0
71872,30.0
71936,89.0
71952,50.0
72080,60.0
72080,25.0
72096,39.0
72096,40.0
72112,21.0
72224,42.0
72256,36.0
72304,40.0
72416,51.0
72416,52.0
72496,25.0
72496,91.0
72544,29.0
72560,43.0
72624,33.0
72640,43.0
72704,39.0
72720,49.0
72720,31.0
72736,20.0
72800,19.0
72832,26.0
72880,69.0
72976,54.0
72976,45.0
73040,21.0
73088,124.0
73088,13.0
73104,24.0
73200,30.0
73216,26.0
73296,20.0
73312,47.0
73360,33.0
73376,17.0
73408,23.0
73408,54.0
73408,48.0
73440,22.0
73456,60.0
73488,74.0
73504,18.0
73552,11.0
73584,60.0
73584,31.0
73600,39.0
73808,25.0
73808,14.0
73888,27.0
73920,39.0
73920,27.0
73952,40.0
73952,34.0
74000,79.0
74032,27.0
74032,37.0
74064,54.0
74160,22.0
74176,48.0
74256,19.0
74432,32.0
74432,53.0
74432,58.0
74496,43.0
74544,32.0
74560,63.0
74624,37.0
74624,29.0
74624,44.0
74640,13.0
74672,15.0
74688,83.0
74768,51.0
74784,15.0
74816,16.0
74816,35.0
74848,42.0
74880,62.0
74880,16.0
74896,25.0
74944,19.0
74992,13.0
75024,22.0
75088,13.0
75120,31.0
75200,75.0
75216,17.0
75248,25.0
75264,36.0
75328,56.0
75376,35.0
75392,12.0
75408,33.0
75424,27.0
75424,13.0
75440,20.0
75456,23.0
75568,94.0
75616,37.0
75632,19.0
75632,13.0
75728,21.0
75760,54.0
75776,22.0
75776,32.0
75776,20.0
75840,17.0
75840,27.0
75888,16.0
75904,11.0
75920,19.0
76016,15.0
76096,83.0
76144,23.0
76176,18.0
76192,11.0
76208,19.0
76224,100.0
76224,24.0
76256,26.0
76320,67.0
76336,12.0
76400,40.0
76480,104.0
76512,37.0
76544,69.0
76624,25.0
76640,79.0
76640,63.0
76688,57.0
76704,28.0
76736,33.0
76800,44.0
76816,31.0
76832,12.0
76864,29.0
76896,22.0
76944,45.0
76944,47.0
76976,18.0
77072,23.0
77104,10.0
77136,25.0
77152,21.0
77264,47.0
77328,22.0
77328,44.0
77376,17.0
77376,19.0
77424,59.0
77520,39.0
77632,81.0
77648,17.0
77664,18.0
77680,65.0
77712,12.0
77712,96.0
77808,42.0
77824,62.0
77840,12.0
77872,34.0
77888,16.0
77952,39.0
78000,53.0
78080,71.0
78080,15.0
78176,57.0
78192,32.0
78192,12.0
78224,50.0
78256,27.0
78304,31.0
78320,23.0
78352,17.0
78368,41.0
78384,95.0
78512,20.0
78528,40.0
78560,53.0
78592,112.0
78592,14.0
78656,19.0
78704,65.0
78720,40.0
78768,16.0
78768,32.0
78848,29.0
78960,41.0
78976,47.0
79008,15.0
79008,26.0
79120,25.0
79152,11.0
79152,80.0
79152,24.0
79232,36.0
79312,12.0
79360,73.0
79392,54.0
79408,35.0
79440,70.0
79456,14.0
79488,58.0
79520,32.0
79520,35.0
79600,63.0
79632,91.0
79664,41.0
79680,18.0
79712,12.0
79744,16.0
79776,23.0
79792,12.0
79872,45.0
79936,14.0
80000,53.0
80016,14.0
80016,36.0
80096,87.0
80096,20.0
80144,43.0
80176,27.0
80224,22.0
80288,22.0
80336,42.0
80384,18.0
80464,23.0
80496,71.0
80496,84.0
80528,24.0
80528,56.0
80560,34.0
80592,80.0
80720,45.0
80800,80.0
80816,50.0
80848,39.0
80992,38.0
81040,20.0
81088,35.0
81152,92.0
81152,35.0
81168,42.0
81184,23.0
81216,11.0
81376,75.0
81440,69.0
81440,72.0
81456,60.0
81488,40.0
81520,33.0
81584,49.0
81600,65.0
81616,68.0
81664,30.0
81680,12.0
81696,16.0
81760,34.0
81792,40.0
81792,13.0
81856,43.0
81872,22.0
81872,31.0
81920,29.0
81936,21.0
81952,93.0
81984,56.0
82080,58.0
82096,41.0
82128,13.0
82176,35.0
82176,15.0
82208,16.0
82224,22.0
82272,36.0
82336,15.0
82432,19.0
82448,48.0
82464,44.0
82480,39.0
82496,20.0
82528,22.0
82608,11.0
82624,52.0
82624,18.0
82656,54.0
82656,36.0
82720,16.0
82752,55.0
82768,34.0
82784,16.0
82800,22.0
82896,25.0
82912,27.0
82960,47.0
82992,23.0
83264,23.0
83296,82.0
83296,102.0
83328,38.0
83408,41.0
83440,42.0
83520,45.0
83520,56.0
83536,79.0
83584,61.0
83584,58.0
83600,59.0
83616,44.0
83632,40.0
83648,15.0
83664,14.0
83680,45.0
83728,59.0
83744,10.0
83744,30.0
83808,12.0
83824,18.0
83824,12.0
83840,20.0
83888,35.0
83984,20.0
84032,46.0
84064,20.0
84096,36.0
84144,35.0
84176,36.0
84176,12.0
84192,23.0
84192,23.0
84208,57.0
84240,27.0
84304,13.0
84304,39.0
84352,32.0
84352,20.0
84432,15.0
84464,46.0
84528,14.0
84544,25.0
84560,24.0
84576,58.0
84592,53.0
84640,18.0
84672,27.0
84672,49.0
84720,18.0
84720,12.0
84784,12.0
84816,40.0
84928,22.0
85008,18.0
85024,45.0
85040,14.0
85056,24.0
85072,55.0
85152,30.0
85152,68.0
85216,18.0
85232,32.0
85232,37.0
85296,68.0
85344,21.0
85360,19.0
85408,39.0
85440,55.0
85440,68.0
85520,31.0
85552,30.0
85600,23.0
85632,68.0
85664,32.0
85680,76.0
85696,41.0
85728,23.0
85808,11.0
85808,23.0
85824,17.0
85840,15.0
85888,37.0
85904,42.0
85920,12.0
85936,33.0
85984,29.0
86016,13.0
86016,36.0
86096,16.0
86128,12.0
86160,29.0
86288,25.0
86288,10.0
86304,20.0
86320,31.0
86352,34.0
86352,75.0
86368,64.0
86384,30.0
86384,44.0
86512,53.0
86544,83.0
86544,14.0
86624,15.0
86656,40.0
86672,20.0
86672,24.0
86768,24.0
86768,53.0
86784,43.0
86784,15.0
86784,30.0
86800,16.0
86864,44.0
86880,13.0
86880,16.0
86880,32.0
86912,25.0
86960,38.0
87072,19.0
87120,15.0
87120,15.0
87200,21.0
87216,75.0
87248,37.0
87264,29.0
87280,38.0
87328,34.0
87456,42.0
87488,38.0
87536,26.0
87552,49.0
87616,83.0
87664,25.0
87664,26.0
87664,11.0
87680,38.0
87744,26.0
87872,20.0
87920,60.0
87952,46.0
87968,43.0
87984,20.0
88016,21.0
88032,78.0
88048,19.0
88064,25.0
88224,64.0
88240,83.0
88240,17.0
88288,73.0
88304,27.0
88384,27.0
88384,58.0
88416,11.0
88448,49.0
88448,57.0
88448,52.0
88496,29.0
88512,31.0
88512,14.0
88656,22.0
88672,14.0
88704,45.0
88736,32.0
88752,43.0
88752,23.0
88832,37.0
88848,50.0
88864,28.0
88880,60.0
88880,23.0
88928,17.0
88944,28.0
88960,13.0
88960,36.0
88992,34.0
88992,18.0
89024,11.0
89056,12.0
89216,18.0
89216,14.0
89232,25.0
89280,48.0
89296,35.0
89312,54.0
89376,44.0
89456,31.0
89472,15.0
89504,14.0
89536,49.0
89552,33.0
89584,44.0
89680,46.0
89760,34.0
89760,14.0
89760,44.0
89776,56.0
89824,38.0
89872,55.0
89920,38.0
89968,32.0
89984,14.0
90000,26.0
90064,19.0
90064,35.0
90080,44.0
90176,12.0
90176,19.0
90224,47.0
90240,15.0
90256,27.0
90320,16.0
90336,49.0
90384,89.0
90384,20.0
90400,10.0
90480,32.0
90512,76.0
90528,38.0
90528,47.0
90544,49.0
90608,14.0
90608,58.0
90736,35.0
90768,28.0
90784,33.0
90976,28.0
91008,33.0
91008,17.0
91008,14.0
91040,44.0
91056,52.0
91072,62.0
91088,57.0
91104,21.0
91120,36.0
91280,17.0
91328,45.0
91344,19.0
91392,26.0
91440,27.0
91488,61.0
91488,23.0
91504,69.0
91584,75.0
91600,67.0
91616,33.0
91680,21.0
91680,12.0
91728,21.0
91776,17.0
91792,74.0
91792,46.0
91808,13.0
91984,12.0
92000,24.0
92080,22.0
92080,50.0
92112,27.0
92144,35.0
92176,69.0
92176,67.0
92192,54.0
92240,50.0
92256,78.0
92272,49.0
92320,33.0
92352,23.0
92384,38.0
92384,44.0
92416,21.0
92416,26.0
92496,20.0
92528,22.0
92592,15.0
92592,25.0
92592,20.0
92624,30.0
92656,15.0
92752,10.0
92832,28.0
92848,46.0
92864,15.0
92864,17.0
92864,13.0
92880,67.0
92880,24.0
92912,33.0
92928,25.0
92960,44.0
92976,41.0
92992,36.0
93040,28.0
93216,21.0
93264,64.0
93280,23.0
93280,20.0
93360,33.0
93408,83.0
93408,30.0
93424,35.0
93520,40.0
93616,47.0
93648,23.0
93680,51.0
93696,26.0
93696,59.0
93728,46.0
93776,23.0
93824,49.0
93840,62.0
93952,11.0
94032,32.0
94048,23.0
94064,68.0
94064,50.0
94080,22.0
94144,49.0
94192,61.0
94256,14.0
94272,28.0
94288,14.0
94288,40.0
94368,60.0
94368,42.0
94432,24.0
94448,11.0
94480,66.0
94496,19.0
94576,20.0
94640,22.0
94752,17.0
94752,57.0
94800,27.0
94848,72.0
94880,51.0
94912,26.0
95008,45.0
95040,15.0
95056,39.0
95120,42.0
95232,30.0
95280,83.0
95312,77.0
95312,25.0
95392,21.0
95472,27.0
95520,72.0
95600,18.0
95600,53.0
95632,20.0
95648,127.0
95664,27.0
95664,12.0
95680,69.0
95696,53.0
95744,46.0
95744,69.0
95808,13.0
95872,62.0
95872,13.0
95920,16.0
96032,24.0
96048,28.0
96048,119.0
96112,62.0
96160,15.0
96192,57.0
96224,52.0
96288,16.0
96320,17.0
96320,40.0
96352,52.0
96368,39.0
96400,22.0
96432,50.0
96432,15.0
96448,40.0
96496,39.0
96624,47.0
96640,59.0
96656,31.0
96656,14.0
96704,30.0
96720,61.0
96736,15.0
96736,19.0
96736,26.0
96768,25.0
96800,28.0
96816,12.0
96896,15.0
96912,17.0
96944,31.0
97072,21.0
97088,18.0
97104,51.0
97152,24.0
97184,18.0
97248,21.0
97248,19.0
97248,53.0
97280,73.0
97344,43.0
97376,17.0
97408,42.0
97424,11.0
97424,15.0
97488,49.0
97504,48.0
97504,49.0
97520,15.0
97632,24.0
97648,15.0
97696,22.0
97712,29.0
97728,22.0
97760,17.0
97808,19.0
97824,25.0
97856,27.0
97904,52.0
97904,47.0
97920,18.0
98032,33.0
98064,19.0
98096,36.0
98096,23.0
98096,18.0
98192,86.0
98224,36.0
98288,75.0
98288,24.0
98304,13.0
98320,125.0
98336,26.0
98352,28.0
98352,31.0
98352,20.0
98480,11.0
98496,19.0
98512,50.0
98512,14.0
98704,40.0
98720,23.0
98720,23.0
98736,32.0
98752,26.0
98752,16.0
98752,66.0
98800,44.0
98864,36.0
98880,66.0
98896,34.0
98960,28.0
98960,28.0
99024,19.0
99024,17.0
99040,45.0
99104,23.0
99104,13.0
99120,15.0
99120,26.0
99136,24.0
99312,28.0
99392,40.0
99408,24.0
99472,22.0
99488,87.0
99600,70.0
99600,29.0
99648,10.0
99648,43.0
99680,41.0
99728,39.0
99760,28.0
99760,60.0
99840,27.0
99856,46.0
99872,17.0
99872,17.0
99920,28.0
99952,12.0
100032,67.0
100096,15.0
100144,14.0
100144,19.0
100160,90.0
100192,68.0
100192,72.0
100224,36.0
100304,57.0
100368,11.0
100448,36.0
100448,50.0
100512,30.0
100528,24.0
100544,49.0
100560,55.0
100576,24.0
100576,53.0
100608,28.0
100832,29.0
100832,16.0
100832,55.0
100864,16.0
100864,26.0
100912,65.0
100928,26.0
100944,24.0
100960,46.0
100992,29.0
101056,14.0
101104,12.0
101120,64.0
101136,62.0
101232,19.0
101264,45.0
101360,26.0
101376,50.0
101376,24.0
101392,35.0
101456,37.0
101472,32.0
101488,24.0
101504,42.0
101504,66.0
101568,21.0
101632,48.0
101712,13.0
101728,29.0
101760,17.0
101792,41.0
101792,25.0
101808,43.0
101840,23.0
101936,35.0
101984,16.0
102016,28.0
102064,43.0
102096,21.0
102128,26.0
102176,34.0
102192,43.0
102208,26.0
102304,23.0
102352,14.0
102384,130.0
102400,38.0
102448,62.0
102480,18.0
102496,90.0
102512,42.0
102528,29.0
102544,12.0
102608,27.0
102656,53.0
102672,36.0
102752,48.0
102768,88.0
102784,25.0
102784,15.0
102816,32.0
102992,32.0
102992,37.0
102992,31.0
103088,36.0
103104,21.0
103136,58.0
103152,30.0
103168,24.0
103248,37.0
103296,12.0
103296,13.0
103344,11.0
103344,22.0
103392,54.0
103408,87.0
103472,64.0
103504,56.0
103568,17.0
103664,57.0
103680,21.0
103680,43.0
103744,60.0
103824,16.0
103872,29.0
103872,66.0
103888,56.0
103936,12.0
103968,51.0
104032,33.0
104112,51.0
104128,28.0
104160,51.0
104272,25.0
104304,57.0
104368,34.0
104384,78.0
104416,47.0
104448,61.0
104496,23.0
104496,51.0
104512,25.0
104512,15.0
104624,46.0
104752,28.0
104832,13.0
104832,21.0
104864,58.0
104864,44.0
104912,25.0
104912,34.0
104992,109.0
105056,42.0
105056,12.0
105152,70.0
105152,41.0
105168,11.0
105168,45.0
105200,77.0
105248,21.0
105248,86.0
105296,24.0
105296,29.0
105328,29.0
105392,14.0
105440,18.0
105504,62.0
105600,74.0
105600,28.0
105728,56.0
105744,62.0
105792,25.0
105792,31.0
105824,48.0
105872,27.0
105904,25.0
105936,46.0
105984,12.0
105984,46.0
106016,14.0
106032,44.0
106048,50.0
106064,63.0
106112,15.0
106128,33.0
106240,21.0
106288,35.0
106352,26.0
106384,35.0
106432,28.0
106448,13.0
106608,11.0
106624,21.0
106640,38.0
106672,39.0
106800,49.0
106816,52.0
106832,48.0
106880,27.0
106896,81.0
106912,73.0
106944,19.0
107024,14.0
107056,42.0
107152,50.0
107168,21.0
107200,33.0
107248,21.0
107264,131.0
107280,73.0
107312,74.0
107328,127.0
107424,17.0
107488,29.0
107664,45.0
107664,53.0
107712,69.0
107728,69.0
107776,55.0
107792,34.0
107824,32.0
107824,39.0
107872,62.0
108000,46.0
108032,61.0
108176,32.0
108176,25.0
108176,28.0
108240,33.0
108368,12.0
108384,32.0
108400,77.0
108400,67.0
108416,71.0
108432,59.0
108448,26.0
108464,50.0
108560,48.0
108608,74.0
108736,46.0
108736,17.0
108768,23.0
108784,34.0
108816,62.0
108864,19.0
108864,65.0
108880,28.0
108896,45.0
108976,37.0
109088,43.0
109104,20.0
109184,13.0
109248,67.0
109264,51.0
109264,10.0
109280,25.0
109328,9.0
109392,61.0
109392,33.0
109456,45.0
109488,70.0
109584,45.0
109584,61.0
109600,32.0
109600,13.0
109616,53.0
109648,24.0
109696,60.0
109840,36.0
109904,63.0
109920,20.0
109984,25.0
110000,74.0
110016,48.0
110032,47.0
110048,35.0
110048,37.0
110112,31.0
110240,53.0
110320,21.0
110352,64.0
110384,34.0
110448,34.0
110480,30.0
110560,32.0
110560,61.0
110560,28.0
110576,34.0
110592,36.0
110656,13.0
110832,74.0
110848,29.0
110864,51.0
110864,39.0
110912,20.0
110944,64.0
110960,38.0
111040,30.0
111056,85.0
111056,31.0
111168,13.0
111200,39.0
111232,47.0
111232,23.0
111264,59.0
111296,106.0
111312,23.0
111376,45.0
111552,45.0
111616,47.0
111648,24.0
111664,39.0
111680,24.0
111696,29.0
111712,50.0
111712,72.0
111760,44.0
111792,59.0
111920,10.0
111984,47.0
111984,17.0
112000,21.0
112064,43.0
112176,12.0
112224,57.0
112288,23.0
112336,41.0
112368,75.0
112432,49.0
112480,48.0
112480,31.0
112528,29.0
112544,53.0
112576,60.0
112576,36.0
112576,22.0
112624,98.0
112640,29.0
112672,19.0
112704,72.0
112720,58.0
112752,11.0
112752,13.0
112752,11.0
112864,27.0
112880,11.0
112960,39.0
112960,13.0
113008,18.0
113024,34.0
113088,13.0
113104,33.0
113120,31.0
113216,126.0
113264,19.0
113328,41.0
113376,26.0
113392,33.0
113408,41.0
113440,72.0
113456,58.0
113552,67.0
113568,22.0
113584,29.0
113648,24.0
113664,40.0
113680,19.0
113760,70.0
113792,21.0
113856,48.0
113888,71.0
113904,22.0
113952,59.0
113968,19.0
114016,57.0
114032,44.0
114256,42.0
114336,27.0
114368,45.0
114400,52.0
114432,30.0
114432,25.0
114448,30.0
114448,48.0
114464,36.0
114544,49.0
114560,14.0
114608,76.0
114608,11.0
114672,26.0
114704,57.0
114736,17.0
114736,12.0
114768,25.0
114768,85.0
114800,22.0
114848,15.0
114880,54.0
115056,38.0
115120,79.0
115184,49.0
115232,29.0
115248,51.0
115312,36.0
115328,48.0
115328,28.0
115344,119.0
115360,47.0
115392,21.0
115440,42.0
115536,52.0
115584,16.0
115584,53.0
115584,49.0
115664,62.0
115712,20.0
115808,35.0
115840,41.0
115840,19.0
115856,34.0
115936,38.0
116016,56.0
116032,20.0
116080,53.0
116208,48.0
116320,19.0
116336,33.0
116368,63.0
116384,28.0
116384,96.0
116384,50.0
116400,35.0
116432,25.0
116528,54.0
116608,33.0
116608,47.0
116672,68.0
116688,69.0
116704,54.0
116720,18.0
116784,25.0
116832,31.0
116880,11.0
116896,32.0
116912,37.0
117008,14.0
117056,107.0
117056,23.0
117056,41.0
117088,23.0
117104,31.0
117120,57.0
117280,57.0
117328,59.0
117376,31.0
117408,32.0
117408,46.0
117424,51.0
117488,36.0
117504,24.0
117504,28.0
117552,31.0
117696,73.0
117712,27.0
117728,25.0
117824,25.0
117952,70.0
118032,30.0
118064,35.0
118064,22.0
118096,45.0
118176,68.0
118208,44.0
118208,72.0
118208,50.0
118240,47.0
118272,54.0
118336,83.0
118336,24.0
118352,20.0
118416,37.0
118448,24.0
118448,15.0
118544,13.0
118544,28.0
118544,21.0
118624,28.0
118640,96.0
118672,14.0
118672,38.0
118720,28.0
118720,30.0
118736,18.0
118800,16.0
118880,42.0
118928,37.0
118944,25.0
118960,15.0
118976,19.0
119024,18.0
119072,45.0
119104,27.0
119152,46.0
119232,43.0
119296,12.0
119312,43.0
119360,104.0
119408,27.0
119456,51.0
119520,35.0
119552,42.0
119584,27.0
119600,117.0
119616,43.0
119648,53.0
119712,62.0
119728,13.0
119808,54.0
119840,18.0
119856,49.0
119888,19.0
119904,12.0
119952,45.0
119952,41.0
120048,46.0
120048,15.0
120112,13.0
120128,32.0
120208,16.0
120272,24.0
120288,40.0
120320,37.0
120384,33.0
120416,29.0
120432,37.0
120432,88.0
120448,53.0
120464,26.0
120464,69.0
120608,72.0
120608,30.0
120640,27.0
120640,33.0
120688,15.0
120768,85.0
120784,29.0
120784,22.0
120800,33.0
120816,24.0
120832,34.0
120848,29.0
120896,53.0
120896,30.0
120976,23.0
121184,22.0
121216,36.0
121296,28.0
121328,27.0
121376,35.0
121456,62.0
121472,63.0
121488,12.0
121536,47.0
121600,39.0
121712,67.0
121728,17.0
121744,59.0
121808,75.0
121872,31.0
121904,23.0
121920,28.0
121936,45.0
122016,83.0
122032,14.0
122032,34.0
122112,84.0
122144,85.0
122144,25.0
122256,14.0
122288,23.0
122320,62.0
122368,31.0
122384,49.0
122528,13.0
122544,103.0
122608,89.0
122656,32.0
122704,35.0
122768,54.0
122864,72.0
122880,48.0
122992,44.0
123040,42.0
123056,28.0
123072,84.0
123072,71.0
123088,44.0
123184,72.0
123216,43.0
123264,13.0
123280,79.0
123296,33.0
123360,18.0
123424,15.0
123456,36.0
123536,80.0
123568,44.0
123568,30.0
123584,37.0
123584,14.0
123600,20.0
123632,21.0
123648,38.0
123728,32.0
123776,32.0
123776,44.0
123792,68.0
123856,27.0
124016,23.0
124032,11.0
124096,20.0
124112,41.0
124192,39.0
124304,42.0
124336,48.0
124352,48.0
124400,116.0
124432,41.0
124464,113.0
124528,14.0
124544,33.0
124624,65.0
124704,73.0
124720,20.0
124752,64.0
124784,28.0
124784,37.0
124816,64.0
124832,77.0
124880,28.0
125056,64.0
125136,37.0
125152,43.0
125184,23.0
125184,29.0
125232,28.0
125232,30.0
125280,41.0
125328,76.0
125360,41.0
125376,37.0
125504,14.0
125520,43.0
125552,31.0
125568,92.0
125616,16.0
125664,82.0
125712,30.0
125712,35.0
125728,14.0
125792,38.0
125840,38.0
125872,46.0
125904,36.0
125904,86.0
126000,27.0
126048,21.0
126064,74.0
126144,27.0
126160,16.0
126176,19.0
126192,12.0
126272,38.0
126352,11.0
126352,46.0
126368,33.0
126400,42.0
126432,66.0
126528,61.0
126576,19.0
126592,67.0
126640,28.0
126656,38.0
126672,55.0
126752,25.0
126768,54.0
126816,102.0
126944,36.0
126992,37.0
126992,29.0
127136,62.0
127152,62.0
127168,32.0
127200,13.0
127200,24.0
127312,46.0
127360,81.0
127504,46.0
127520,68.0
127648,56.0
127728,33.0
127808,91.0
127872,35.0
127872,32.0
127888,46.0
127888,47.0
128000,85.0
128048,15.0
128064,54.0
128064,12.0
128128,91.0
128144,26.0
128160,18.0
128160,62.0
128192,78.0
128480,60.0
128480,118.0
128480,37.0
128544,25.0
128608,28.0
128704,44.0
128704,14.0
128768,38.0
128784,45.0
128800,16.0
128816,47.0
128880,77.0
128912,88.0
128928,65.0
128944,21.0
128960,16.0
129088,56.0
129120,40.0
129168,22.0
129216,73.0
129248,141.0
129280,20.0
129280,50.0
129408,33.0
129456,43.0
129456,18.0
129520,19.0
129600,20.0
129600,43.0
129616,42.0
129760,60.0
129872,73.0
129936,26.0
129952,52.0
129952,22.0
130000,24.0
130000,47.0
130032,36.0
130032,39.0
130032,78.0
130144,43.0
130192,69.0
130192,37.0
130208,58.0
130304,23.0
130400,142.0
130400,12.0
130448,26.0
130560,33.0
130592,52.0
130672,30.0
130720,43.0
130720,45.0
130720,20.0
130768,115.0
130768,13.0
130784,57.0
130832,43.0
130864,54.0
131008,35.0
131024,10.0
131104,72.0
131136,19.0
131152,30.0
131152,60.0
131184,55.0
131216,39.0
131280,32.0
131328,20.0
131344,87.0
131360,37.0
131472,47.0
131584,74.0
131664,59.0
131696,61.0
131712,38.0
131712,22.0
131776,40.0
131792,32.0
131984,48.0
131984,75.0
131984,52.0
131984,52.0
132032,43.0
132096,39.0
132096,67.0
132096,24.0
132160,61.0
132176,53.0
132208,27.0
132272,18.0
132352,16.0
132384,11.0
132432,46.0
132464,30.0
132512,26.0
132592,27.0
132592,58.0
132640,23.0
132672,15.0
132688,69.0
132736,47.0
132848,13.0
132896,14.0
132944,57.0
132960,54.0
132976,15.0
133072,80.0
133120,88.0
133136,47.0
133136,39.0
133232,48.0
133280,37.0
133296,11.0
133328,84.0
133344,47.0
133424,12.0
133440,68.0
133472,39.0
133616,12.0
133680,21.0
133696,25.0
133728,37.0
133728,25.0
133744,49.0
133776,50.0
133824,24.0
133872,37.0
133904,108.0
133920,49.0
133968,67.0
133984,15.0
134000,17.0
134096,94.0
134192,26.0
134192,17.0
134208,46.0
134240,34.0
134256,18.0
134272,83.0
134272,25.0
134320,78.0
134560,36.0
134672,26.0
134672,30.0
134688,37.0
134704,29.0
134704,68.0
134720,56.0
134720,45.0
134720,32.0
134784,69.0
134816,57.0
134816,34.0
134848,41.0
134864,71.0
134896,39.0
134896,21.0
135024,15.0
135136,27.0
135152,19.0
135264,37.0
135392,67.0
135456,40.0
135760,38.0
135776,67.0
135792,67.0
135840,51.0
135904,76.0
135936,42.0
135952,80.0
136048,77.0
136240,95.0
136240,95.0
136272,86.0
136272,88.0
136352,35.0
136384,39.0
136400,59.0
136432,65.0
136480,99.0
136528,39.0
136672,46.0
136720,28.0
136832,106.0
136832,27.0
136864,27.0
136880,38.0
136880,52.0
137024,74.0
137040,20.0
137072,70.0
137072,37.0
137088,35.0
137104,27.0
137120,46.0
137136,49.0
137136,56.0
137280,11.0
137312,14.0
137328,29.0
137408,18.0
137424,25.0
137456,26.0
137520,40.0
137520,28.0
137520,109.0
137536,81.0
137568,46.0
137664,16.0
137680,34.0
137680,25.0
137808,46.0
138096,27.0
138224,68.0
138240,45.0
138304,49.0
138352,95.0
138352,42.0
138416,96.0
138432,54.0
138448,58.0
138512,17.0
138592,73.0
138592,31.0
138608,72.0
138624,25.0
138704,86.0
138800,93.0
138800,79.0
138832,72.0
138960,28.0
138992,36.0
139056,78.0
139056,38.0
139120,32.0
139136,49.0
139312,38.0
139312,60.0
139360,33.0
139472,32.0
139504,57.0
139520,29.0
139536,25.0
139568,48.0
139616,82.0
139744,47.0
139824,77.0
139952,52.0
139968,41.0
140032,61.0
140032,100.0
140048,36.0
140080,48.0
140096,33.0
140176,41.0
140320,18.0
140320,60.0
140352,25.0
140400,27.0
140416,112.0
140496,26.0
140512,26.0
140544,14.0
140576,65.0
140576,33.0
140608,49.0
140624,19.0
140672,117.0
140704,33.0
140768,17.0
140896,72.0
140912,32.0
140976,39.0
141040,31.0
141120,44.0
141136,35.0
141184,42.0
141216,19.0
141216,100.0
141216,74.0
141296,43.0
141328,114.0
141408,27.0
141424,50.0
141456,15.0
141472,50.0
141504,29.0
141616,45.0
141648,27.0
141680,69.0
141680,17.0
141680,16.0
141760,29.0
141776,35.0
141856,72.0
141888,35.0
141904,71.0
141968,13.0
142000,33.0
142016,21.0
142048,57.0
142080,27.0
142112,14.0
142128,28.0
142208,68.0
142240,49.0
142240,39.0
142272,68.0
142336,35.0
142352,42.0
142496,37.0
142544,33.0
142640,27.0
142704,23.0
142768,40.0
142784,58.0
142800,52.0
142880,38.0
142912,54.0
142928,89.0
142976,17.0
143008,63.0
143024,33.0
143024,49.0
143120,55.0
143120,21.0
143120,15.0
143120,30.0
143200,14.0
143216,69.0
143248,30.0
143296,76.0
143296,47.0
143312,25.0
143328,61.0
143408,18.0
143600,24.0
143648,33.0
143872,54.0
143904,41.0
143920,50.0
143984,66.0
144000,61.0
144016,45.0
144016,23.0
144032,63.0
144064,48.0
144080,60.0
144176,86.0
144240,21.0
144288,26.0
144304,44.0
144336,22.0
144336,71.0
144336,21.0
144352,59.0
144416,69.0
144480,26.0
144560,77.0
144592,15.0
144624,24.0
144672,37.0
144704,18.0
144816,40.0
144816,30.0
144848,14.0
144976,40.0
144992,60.0
145008,12.0
145104,50.0
145200,74.0
145200,12.0
145216,32.0
145280,59.0
145280,50.0
145392,69.0
145408,51.0
145424,27.0
145472,91.0
145616,48.0
145648,52.0
145680,70.0
145744,40.0
145824,22.0
145856,28.0
145872,75.0
145888,57.0
145952,42.0
146032,24.0
146160,140.0
146192,62.0
146224,30.0
146224,50.0
146240,65.0
146304,39.0
146320,58.0
146400,28.0
146432,72.0
146480,79.0
146496,17.0
146544,15.0
146544,43.0
146560,25.0
146592,61.0
146656,21.0
146688,50.0
146768,36.0
146784,60.0
146784,19.0
146880,41.0
146896,31.0
147040,63.0
147120,33.0
147152,23.0
147184,59.0
147200,48.0
147200,26.0
147264,36.0
147344,36.0
147376,94.0
147392,22.0
147392,12.0
147408,57.0
147424,15.0
147424,54.0
147424,33.0
147504,39.0
147520,54.0
147584,27.0
147648,19.0
147664,17.0
147664,25.0
147696,17.0
147792,24.0
147840,81.0
147872,28.0
147920,25.0
147936,17.0
147936,18.0
147952,18.0
148000,55.0
148016,27.0
148048,34.0
148128,44.0
148144,48.0
148224,64.0
148384,28.0
148464,20.0
148528,52.0
148560,34.0
148576,74.0
148576,127.0
148816,54.0
148896,66.0
148912,22.0
148944,64.0
148960,36.0
149040,69.0
149072,59.0
149104,13.0
149152,69.0
149168,40.0
149248,91.0
149392,73.0
149456,40.0
149472,23.0
149552,61.0
149664,37.0
149712,48.0
149744,109.0
149792,120.0
149792,83.0
149824,54.0
149856,19.0
149936,85.0
149936,30.0
150016,19.0
150032,15.0
150096,44.0
150112,11.0
150128,68.0
150176,79.0
150208,66.0
150256,68.0
150256,49.0
150304,66.0
150304,13.0
150336,42.0
150368,22.0
150560,24.0
150576,34.0
150576,49.0
150592,46.0
150608,42.0
150624,18.0
150656,28.0
150656,57.0
150720,29.0
150768,40.0
150896,15.0
150912,34.0
151024,45.0
151120,14.0
151136,52.0
151136,34.0
151184,39.0
151216,12.0
151216,35.0
151216,28.0
151248,71.0
151264,43.0
151376,50.0
151568,60.0
151680,116.0
151776,72.0
151792,36.0
151808,35.0
151856,59.0
151920,44.0
151984,108.0
152000,27.0
152016,47.0
152096,55.0
152096,20.0
152112,87.0
152112,16.0
152112,27.0
152112,61.0
152208,52.0
152224,69.0
152352,27.0
152400,79.0
152416,39.0
152448,21.0
152464,29.0
152544,33.0
152544,46.0
152608,89.0
152784,11.0
152832,23.0
152896,28.0
152912,58.0
152960,46.0
152992,28.0
152992,36.0
153152,66.0
153152,65.0
153168,66.0
153168,66.0
153216,54.0
153232,64.0
153280,20.0
153280,18.0
153360,13.0
153392,38.0
153424,37.0
153536,16.0
153552,10.0
153584,65.0
153696,50.0
153696,44.0
153744,24.0
153744,52.0
153792,106.0
153808,37.0
153904,42.0
153936,48.0
154032,31.0
154048,19.0
154096,34.0
154112,59.0
154112,26.0
154128,108.0
154144,13.0
154256,61.0
154288,24.0
154304,35.0
154496,44.0
154528,31.0
154560,61.0
154640,34.0
154752,100.0
154768,32.0
154832,19.0
154848,13.0
154880,74.0
154912,93.0
154944,52.0
154960,52.0
155024,61.0
155120,35.0
155152,41.0
155184,56.0
155184,65.0
155248,90.0
155312,23.0
155312,63.0
155328,28.0
155392,27.0
155424,42.0
155440,18.0
155456,13.0
155456,27.0
155520,21.0
155600,26.0
155616,94.0
155664,22.0
155680,23.0
155728,60.0
155856,46.0
155920,37.0
155968,71.0
156016,21.0
156048,24.0
156080,40.0
156160,78.0
156160,44.0
156208,85.0
156208,49.0
156208,38.0
156240,45.0
156288,52.0
156304,21.0
156320,19.0
156416,23.0
156464,67.0
156528,28.0
156544,43.0
156576,16.0
156592,61.0
156608,25.0
156656,23.0
156688,33.0
156688,14.0
156800,12.0
156848,17.0
156864,13.0
156912,44.0
156928,48.0
156944,33.0
157072,52.0
157232,64.0
157296,47.0
157312,15.0
157392,29.0
157392,33.0
157440,47.0
157504,99.0
157520,112.0
157584,46.0
157616,64.0
157728,26.0
157744,19.0
157792,31.0
157808,70.0
157808,18.0
157856,66.0
157872,98.0
157968,46.0
158000,12.0
158016,32.0
158032,40.0
158096,98.0
158176,19.0
158192,78.0
158208,26.0
158304,57.0
158320,36.0
158336,89.0
158368,40.0
158384,48.0
158416,38.0
158432,26.0
158448,54.0
158560,24.0
158560,35.0
158608,32.0
158656,50.0
158736,34.0
158816,30.0
158848,18.0
158848,26.0
158864,16.0
158896,58.0
158960,32.0
158992,39.0
158992,11.0
159024,62.0
159104,56.0
159136,36.0
159152,31.0
159168,47.0
159248,18.0
159328,30.0
159328,59.0
159472,30.0
159520,75.0
159552,25.0
159552,28.0
159712,51.0
159728,13.0
159808,49.0
159856,54.0
159856,19.0
159856,43.0
159888,64.0
159920,28.0
160032,49.0
160208,22.0
160256,33.0
160256,44.0
160288,36.0
160304,26.0
160320,74.0
160368,102.0
160384,130.0
160448,26.0
160464,41.0
160496,40.0
160528,75.0
160560,107.0
160688,24.0
160768,28.0
160784,20.0
160816,27.0
160880,39.0
160944,24.0
160960,17.0
160960,32.0
161072,72.0
161120,112.0
161200,52.0
161248,47.0
161296,63.0
161408,72.0
161408,33.0
161440,20.0
161456,43.0
161600,22.0
161600,109.0
161712,56.0
161712,94.0
161728,20.0
161760,19.0
161824,54.0
161840,82.0
161872,27.0
161888,37.0
161920,20.0
161952,73.0
162032,39.0
162192,70.0
162272,83.0
162384,35.0
162384,12.0
162416,44.0
162432,92.0
162464,54.0
162544,49.0
162576,12.0
162592,87.0
162592,35.0
162704,61.0
162768,53.0
162768,66.0
162832,35.0
162864,27.0
163008,66.0
163024,20.0
163040,72.0
163120,34.0
163120,22.0
163152,35.0
163168,44.0
163184,48.0
163200,41.0
163328,91.0
163344,60.0
163456,26.0
163472,55.0
163600,17.0
163600,16.0
163600,48.0
163632,32.0
163696,15.0
163744,36.0
163936,29.0
163952,74.0
163968,133.0
164016,52.0
164032,52.0
164128,33.0
164192,74.0
164192,31.0
164224,37.0
164224,69.0
164320,81.0
164368,27.0
164384,12.0
164448,14.0
164560,60.0
164560,106.0
164576,52.0
164592,90.0
164656,33.0
164736,48.0
164736,45.0
164784,74.0
164848,56.0
164896,44.0
164944,18.0
165040,29.0
165088,44.0
165136,36.0
165152,49.0
165168,38.0
165280,60.0
165280,34.0
165312,80.0
165456,54.0
165472,64.0
165536,43.0
165552,83.0
165552,26.0
165584,27.0
165648,30.0
165664,24.0
165680,40.0
165680,37.0
165840,56.0
165888,72.0
166112,35.0
166128,29.0
166160,43.0
166272,60.0
166320,46.0
166416,102.0
166432,34.0
166432,55.0
166496,76.0
166512,54.0
166528,53.0
166528,102.0
166544,68.0
166592,47.0
166752,76.0
166880,45.0
166976,14.0
167024,27.0
167056,33.0
167072,34.0
167088,41.0
167088,88.0
167136,51.0
167152,46.0
167152,55.0
167168,46.0
167184,67.0
167360,53.0
167360,14.0
167360,12.0
167408,16.0
167440,22.0
167504,20.0
167552,33.0
167648,35.0
167696,75.0
167792,45.0
167824,80.0
167840,30.0
167920,65.0
167952,34.0
167968,62.0
168016,118.0
168064,63.0
168128,43.0
168160,41.0
168160,29.0
168176,64.0
168240,11.0
168272,28.0
168288,46.0
168464,32.0
168512,37.0
168608,37.0
168640,42.0
168656,23.0
168736,86.0
168848,36.0
168896,46.0
168960,45.0
168960,73.0
168976,71.0
169040,27.0
169072,27.0
169104,58.0
169184,45.0
169184,64.0
169312,104.0
169312,122.0
169392,55.0
169440,23.0
169552,23.0
169552,89.0
169568,33.0
169616,41.0
169664,58.0
169680,36.0
169808,72.0
169856,19.0
169904,66.0
169936,60.0
169968,25.0
170032,22.0
170064,42.0
170096,41.0
170160,61.0
170368,25.0
170400,53.0
170400,49.0
170464,94.0
170496,74.0
170592,106.0
170624,35.0
170640,30.0
170672,63.0
170688,49.0
170736,21.0
170752,45.0
170848,96.0
170864,58.0
170928,12.0
170928,52.0
171152,41.0
171168,82.0
171216,47.0
171264,40.0
171360,43.0
171424,31.0
171440,47.0
171456,68.0
171456,44.0
171456,33.0
171520,58.0
171584,26.0
171632,114.0
171728,17.0
171728,83.0
171808,22.0
171904,79.0
171904,65.0
171936,30.0
171952,46.0
172128,20.0
172144,44.0
172160,50.0
172192,16.0
172208,66.0
172224,37.0
172224,60.0
172272,34.0
172400,31.0
172416,62.0
172480,60.0
172560,38.0
172560,61.0
172656,47.0
172656,28.0
172672,114.0
172784,40.0
172784,24.0
172880,47.0
172960,43.0
173104,28.0
173136,57.0
173152,23.0
173184,91.0
173200,40.0
173232,67.0
173280,54.0
173376,56.0
173424,29.0
173456,50.0
173488,79.0
173504,52.0
173552,85.0
173568,63.0
173584,44.0
173600,51.0
173776,34.0
173792,41.0
173792,13.0
173824,21.0
173824,28.0
173872,42.0
173920,20.0
173920,29.0
173936,23.0
173936,47.0
173936,49.0
174080,13.0
174128,36.0
174144,13.0
174192,17.0
174208,26.0
174208,24.0
174208,69.0
174432,41.0
174448,59.0
174496,42.0
174496,67.0
174544,39.0
174704,48.0
174768,35.0
174784,53.0
174800,41.0
174816,96.0
174912,23.0
174944,72.0
174976,48.0
175072,18.0
175072,40.0
175152,64.0
175152,60.0
175200,44.0
175264,51.0
175264,35.0
175280,49.0
175328,32.0
175376,73.0
175392,28.0
175408,31.0
175408,38.0
175504,27.0
175504,46.0
175552,17.0
175568,93.0
175584,24.0
175584,13.0
175584,20.0
175680,17.0
175744,22.0
175808,52.0
175872,19.0
175952,50.0
175968,26.0
176080,31.0
176128,66.0
176144,35.0
176160,56.0
176320,62.0
176384,32.0
176384,50.0
176480,50.0
176512,69.0
176592,49.0
176608,91.0
176640,71.0
176656,31.0
176704,60.0
176720,36.0
176736,41.0
176800,53.0
176880,57.0
176880,86.0
177008,23.0
177200,55.0
177248,46.0
177264,38.0
177296,36.0
177328,75.0
177360,41.0
177360,35.0
177376,62.0
177376,23.0
177440,44.0
177504,70.0
177520,40.0
177552,59.0
177616,16.0
177680,30.0
177728,71.0
177776,81.0
177792,57.0
177872,31.0
177952,27.0
178048,42.0
178080,45.0
178160,18.0
178176,14.0
178192,26.0
178224,61.0
178240,46.0
178272,37.0
178336,34.0
178448,52.0
178448,74.0
178512,74.0
178592,65.0
178624,28.0
178688,60.0
178832,87.0
178928,48.0
178976,105.0
178976,40.0
178992,59.0
179008,49.0
179024,59.0
179040,26.0
179040,53.0
179232,49.0
179392,26.0
179408,24.0
179472,30.0
179488,56.0
179504,29.0
179568,70.0
179584,84.0
179680,28.0
179696,12.0
179760,93.0
179776,59.0
179856,29.0
179856,51.0
179904,61.0
179920,59.0
179920,15.0
179952,59.0
180048,85.0
180064,30.0
180064,23.0
180112,12.0
180240,18.0
180256,22.0
180272,110.0
180320,53.0
180320,52.0
180336,14.0
180432,42.0
180576,45.0
180624,48.0
180672,79.0
180688,39.0
180688,70.0
180800,23.0
180800,35.0
180880,35.0
180880,19.0
180928,37.0
180960,74.0
180992,59.0
181056,62.0
181168,53.0
181296,65.0
181296,31.0
181328,33.0
181568,43.0
181568,59.0
181680,62.0
181696,51.0
181712,64.0
181744,28.0
181776,28.0
181776,30.0
181792,117.0
181808,53.0
181952,17.0
182000,108.0
182016,68.0
182048,19.0
182048,86.0
182064,18.0
182160,69.0
182256,79.0
182288,32.0
182336,73.0
182528,30.0
182592,56.0
182656,31.0
182832,70.0
182880,52.0
182928,40.0
183024,64.0
183024,76.0
183024,27.0
183072,66.0
183104,48.0
183136,98.0
183168,40.0
183216,79.0
183280,107.0
183440,74.0
183552,33.0
183600,29.0
183632,29.0
183664,35.0
183680,53.0
183680,118.0
183696,48.0
183776,56.0
183808,109.0
183856,11.0
183888,51.0
183888,42.0
183952,32.0
183968,12.0
184032,86.0
184064,65.0
184176,23.0
184192,35.0
184192,14.0
184192,73.0
184256,41.0
184272,13.0
184272,15.0
184384,31.0
184416,54.0
184448,37.0
184464,48.0
184512,52.0
184512,20.0
184576,24.0
184592,58.0
184640,29.0
184656,86.0
184688,46.0
184752,30.0
184768,31.0
184816,23.0
184848,41.0
184896,24.0
184976,45.0
185024,24.0
185072,41.0
185248,17.0
185264,26.0
185296,38.0
185312,35.0
185312,58.0
185328,32.0
185376,49.0
185424,41.0
185424,48.0
185472,99.0
185472,56.0
185536,64.0
185792,29.0
185888,89.0
185936,29.0
185952,33.0
185952,36.0
185968,34.0
186112,53.0
186112,76.0
186192,56.0
186192,55.0
186192,41.0
186208,46.0
186256,63.0
186256,77.0
186304,77.0
186384,26.0
186432,20.0
186560,23.0
186592,30.0
186592,40.0
186608,41.0
186624,15.0
186624,46.0
186672,85.0
186704,17.0
186720,33.0
186800,54.0
186816,12.0
186848,14.0
186848,34.0
186928,16.0
186944,24.0
186960,23.0
186976,49.0
187072,14.0
187088,52.0
187120,33.0
187120,19.0
187264,41.0
187408,21.0
187424,73.0
187424,31.0
187440,22.0
187440,103.0
187504,35.0
187600,40.0
187648,13.0
187664,54.0
187664,43.0
187696,36.0
187696,36.0
187808,34.0
187840,62.0
187856,16.0
187888,105.0
188016,13.0
188112,43.0
188208,20.0
188224,33.0
188240,24.0
188304,38.0
188304,100.0
188304,12.0
188368,59.0
188400,56.0
188432,37.0
188432,64.0
188464,50.0
188528,55.0
188576,17.0
188608,23.0
188768,34.0
188800,31.0
188816,131.0
188832,73.0
188912,24.0
189056,39.0
189072,10.0
189120,57.0
189136,52.0
189136,48.0
189152,45.0
189248,11.0
189280,55.0
189312,32.0
189328,54.0
189360,34.0
189376,20.0
189456,39.0
189504,129.0
189520,94.0
189696,70.0
189696,24.0
189728,13.0
189760,25.0
189760,72.0
189952,74.0
190032,17.0
190048,37.0
190064,19.0
190064,51.0
190080,59.0
190080,47.0
190096,59.0
190112,46.0
190160,29.0
190320,65.0
190336,14.0
190368,19.0
190400,56.0
190448,82.0
190448,23.0
190544,53.0
190544,32.0
190640,12.0
190656,96.0
190688,38.0
190752,43.0
190752,26.0
190800,44.0
190832,49.0
190848,33.0
191024,30.0
191040,22.0
191136,30.0
191152,38.0
191168,26.0
191184,27.0
191184,91.0
191200,50.0
191216,79.0
191376,46.0
191424,36.0
191440,80.0
191520,30.0
191536,73.0
191536,25.0
191536,24.0
191568,24.0
191632,50.0
191696,42.0
191728,12.0
191760,24.0
191792,39.0
191824,86.0
191824,38.0
191856,42.0
191968,33.0
192000,50.0
192016,37.0
192096,17.0
192160,29.0
192176,20.0
192240,30.0
192240,26.0
192304,21.0
192304,32.0
192352,45.0
192368,52.0
192528,14.0
192576,13.0
192608,68.0
192720,39.0
192736,121.0
192864,39.0
192944,14.0
192944,48.0
192976,61.0
192976,78.0
192976,39.0
193120,51.0
193168,63.0
193200,60.0
193248,77.0
193248,107.0
193280,21.0
193312,28.0
193312,46.0
193424,28.0
193424,51.0
193424,116.0
193536,35.0
193616,68.0
193632,56.0
193648,42.0
193680,35.0
193728,26.0
193760,21.0
193760,32.0
193776,36.0
193840,37.0
193968,15.0
194016,37.0
194032,54.0
194032,12.0
194032,45.0
194192,27.0
194256,30.0
194272,15.0
194288,41.0
194352,88.0
194400,47.0
194432,63.0
194528,53.0
194560,23.0
194576,34.0
194576,35.0
194576,20.0
194688,16.0
194704,42.0
194720,90.0
194768,63.0
194816,34.0
194816,80.0
194864,18.0
194896,20.0
194896,80.0
195024,29.0
195088,46.0
195136,17.0
195248,22.0
195264,34.0
195296,56.0
195312,26.0
195312,39.0
195328,39.0
195376,35.0
195408,70.0
195584,66.0
195584,17.0
195600,64.0
195632,54.0
195664,25.0
195696,55.0
195760,112.0
195776,40.0
195856,17.0
195872,39.0
195888,37.0
195920,20.0
195920,21.0
196016,44.0
196032,21.0
196048,60.0
196048,64.0
196080,10.0
196112,46.0
196208,50.0
196320,28.0
196336,16.0
196400,48.0
196448,21.0
196480,45.0
196528,47.0
196608,80.0
196624,46.0
196656,38.0
196720,32.0
196800,48.0
196848,74.0
196896,53.0
196896,35.0
196928,28.0
197008,72.0
197088,67.0
197136,43.0
197184,79.0
197232,32.0
197248,39.0
197264,38.0
197312,14.0
197408,55.0
197456,35.0
197504,38.0
197584,25.0
197648,26.0
197648,83.0
197856,53.0
197888,39.0
197888,40.0
197920,49.0
197920,38.0
197936,71.0
197968,70.0
198000,26.0
198000,87.0
198000,67.0
198080,27.0
198192,112.0
198208,13.0
198240,46.0
198304,23.0
198384,58.0
198448,37.0
198464,34.0
198560,42.0
198608,38.0
198608,45.0
198624,39.0
198640,77.0
198704,31.0
198704,32.0
198720,40.0
198896,32.0
198928,43.0
199120,75.0
199120,32.0
199120,72.0
199136,33.0
199152,43.0
199168,95.0
199216,31.0
199280,45.0
199344,40.0
199360,29.0
199424,61.0
199472,52.0
199600,61.0
199648,32.0
199744,39.0
199792,42.0
199808,37.0
199856,58.0
199888,99.0
199888,74.0
199936,41.0
200016,26.0
200096,58.0
200128,48.0
200160,51.0
200208,66.0
200224,30.0
200224,36.0
200240,51.0
200336,34.0
200384,79.0
200528,40.0
200528,42.0
200544,38.0
200608,71.0
200688,37.0
200816,38.0
200848,52.0
200864,16.0
201056,45.0
201072,79.0
201152,48.0
201184,60.0
201216,25.0
201232,44.0
201232,44.0
201312,68.0
201328,68.0
201328,90.0
201392,77.0
201424,55.0
201600,47.0
201888,64.0
201936,44.0
201936,38.0
201952,55.0
201968,40.0
202096,88.0
202160,58.0
202224,57.0
202240,53.0
202256,75.0
202304,136.0
202432,29.0
202544,41.0
202560,60.0
202688,79.0
202704,29.0
202736,95.0
202736,97.0
202800,54.0
202800,15.0
202880,49.0
202880,39.0
202944,63.0
202976,64.0
203008,17.0
203072,24.0
203072,57.0
203232,43.0
203360,39.0
203392,26.0
203440,35.0
203488,79.0
203536,46.0
203552,47.0
203552,34.0
203568,31.0
203600,45.0
203632,58.0
203664,77.0
203664,85.0
203680,20.0
203824,167.0
203824,55.0
203824,37.0
203840,22.0
203968,23.0
204000,58.0
204144,44.0
204160,21.0
204256,45.0
204288,41.0
204368,43.0
204480,32.0
204480,41.0
204528,71.0
204608,48.0
204704,65.0
204720,22.0
204832,52.0
204880,66.0
204960,50.0
205024,48.0
205088,38.0
205120,98.0
205136,27.0
205152,63.0
205184,56.0
205184,36.0
205184,29.0
205216,43.0
205312,30.0
205392,114.0
205392,115.0
205408,33.0
205504,24.0
205696,32.0
205712,77.0
205744,27.0
205824,54.0
205888,46.0
205920,46.0
205936,45.0
205936,142.0
205952,58.0
206064,42.0
206080,43.0
206144,13.0
206256,34.0
206304,56.0
206368,34.0
206384,28.0
206480,84.0
206528,90.0
206544,50.0
206560,66.0
206688,24.0
206704,20.0
206800,57.0
206800,16.0
206816,46.0
206864,73.0
206880,60.0
207056,50.0
207088,35.0
207104,60.0
207120,47.0
207120,20.0
207248,74.0
207296,38.0
207408,38.0
207424,54.0
207520,146.0
207520,41.0
207536,30.0
207696,62.0
207696,38.0
207856,28.0
207872,62.0
207888,23.0
207952,44.0
207984,18.0
208016,56.0
208032,97.0
208048,11.0
208048,33.0
208208,69.0
208240,70.0
208272,61.0
208320,49.0
208336,149.0
208336,18.0
208480,66.0
208640,19.0
208672,27.0
208672,41.0
208704,118.0
208720,43.0
208880,74.0
208880,58.0
208896,53.0
208928,45.0
208992,41.0
209008,46.0
209104,49.0
209136,78.0
209152,32.0
209184,75.0
209184,30.0
209264,34.0
209280,24.0
209296,39.0
209312,27.0
209424,27.0
209488,30.0
209600,45.0
209648,22.0
209664,113.0
209696,37.0
209712,77.0
209776,39.0
209920,31.0
209968,49.0
209968,49.0
210000,83.0
210000,18.0
210064,49.0
210176,43.0
210272,71.0
210368,69.0
210368,44.0
210384,26.0
210512,37.0
210512,57.0
210560,102.0
210608,34.0
210608,38.0
210656,43.0
210688,62.0
210784,92.0
210800,64.0
210816,51.0
210864,43.0
210880,77.0
210928,26.0
211024,26.0
211056,43.0
211056,28.0
211056,34.0
211104,34.0
211136,54.0
211248,27.0
211328,59.0
211472,26.0
211504,44.0
211504,36.0
211600,57.0
211600,77.0
211616,60.0
211616,35.0
211712,29.0
211808,47.0
211840,66.0
211856,62.0
211856,45.0
211904,64.0
212016,25.0
212032,33.0
212064,65.0
212128,64.0
212128,26.0
212160,35.0
212176,53.0
212256,41.0
212288,24.0
212336,45.0
212400,35.0
212448,37.0
212544,30.0
212560,47.0
212624,37.0
212624,70.0
212688,33.0
212816,30.0
212816,40.0
212912,90.0
212928,50.0
212928,24.0
212944,43.0
213024,39.0
213056,27.0
213152,44.0
213216,85.0
213280,62.0
213296,80.0
213328,75.0
213392,29.0
213392,52.0
213632,44.0
213632,19.0
213632,51.0
213664,47.0
213696,47.0
213728,21.0
213744,45.0
213776,72.0
213792,25.0
213872,41.0
213968,42.0
213984,22.0
214144,62.0
214144,68.0
214192,28.0
214256,37.0
214272,40.0
214272,34.0
214368,42.0
214448,42.0
214448,30.0
214464,30.0
214512,106.0
214736,128.0
214768,71.0
214800,41.0
214848,30.0
214896,28.0
214944,43.0
215008,34.0
215056,79.0
215088,51.0
215136,59.0
215200,120.0
215200,43.0
215232,31.0
215248,25.0
215296,53.0
215296,64.0
215392,95.0
215440,24.0
215456,28.0
215472,83.0
215520,24.0
215552,29.0
215568,23.0
215744,50.0
215792,37.0
215808,57.0
215840,28.0
215872,67.0
215872,25.0
215904,71.0
215952,44.0
216048,47.0
216048,47.0
216048,37.0
216128,20.0
216144,37.0
216144,57.0
216176,24.0
216256,24.0
216384,51.0
216544,26.0
216560,70.0
216576,44.0
216640,37.0
216656,32.0
216672,26.0
216688,53.0
216768,24.0
216784,65.0
216816,54.0
216832,49.0
216848,59.0
216848,18.0
216960,51.0
216976,91.0
217088,34.0
217088,26.0
217168,30.0
217216,23.0
217232,37.0
217248,29.0
217280,29.0
217312,46.0
217312,14.0
217392,76.0
217456,88.0
217456,31.0
217472,40.0
217552,29.0
217568,16.0
217616,40.0
217616,25.0
217632,29.0
217728,60.0
217872,25.0
217952,45.0
218016,46.0
218048,20.0
218080,28.0
218160,37.0
218160,34.0
218352,46.0
218352,50.0
218384,108.0
218416,34.0
218416,60.0
218416,60.0
218432,70.0
218496,30.0
218544,37.0
218576,31.0
218784,96.0
218800,24.0
218880,33.0
218912,21.0
218960,98.0
219056,40.0
219056,40.0
219344,50.0
219360,157.0
219360,63.0
219376,76.0
219376,29.0
219424,79.0
219472,42.0
219504,34.0
219536,72.0
219584,96.0
219648,72.0
219744,82.0
219824,30.0
219840,49.0
219856,31.0
219904,33.0
220000,70.0
220032,35.0
220064,33.0
220112,47.0
220208,39.0
220224,45.0
220240,11.0
220288,54.0
220304,58.0
220352,98.0
220384,24.0
220432,49.0
220464,35.0
220464,88.0
220528,31.0
220608,48.0
220688,54.0
220688,24.0
220720,32.0
220768,57.0
220800,28.0
220832,34.0
220880,28.0
221008,25.0
221040,20.0
221056,42.0
221088,53.0
221248,71.0
221392,44.0
221408,36.0
221456,107.0
221456,25.0
221520,66.0
221600,71.0
221600,37.0
221616,53.0
221680,62.0
221712,93.0
221712,12.0
221792,44.0
221920,65.0
221920,87.0
221936,56.0
221968,35.0
222000,47.0
222032,27.0
222064,28.0
222080,80.0
222112,25.0
222144,13.0
222160,30.0
222272,51.0
222288,52.0
222288,36.0
222384,37.0
222464,24.0
222608,20.0
222624,77.0
222624,39.0
222768,39.0
222784,20.0
222784,10.0
222848,14.0
222864,30.0
222880,60.0
222992,52.0
223088,30.0
223104,65.0
223136,76.0
223280,73.0
223360,83.0
223408,90.0
223408,113.0
223488,44.0
223664,49.0
223680,57.0
223728,91.0
223776,43.0
223872,48.0
223904,39.0
223920,102.0
223920,66.0
223936,50.0
224112,70.0
224160,47.0
224160,24.0
224224,90.0
224272,23.0
224288,38.0
224352,12.0
224432,64.0
224448,32.0
224544,27.0
224576,57.0
224624,29.0
224640,112.0
224832,84.0
224912,65.0
224960,77.0
225120,56.0
225184,34.0
225200,80.0
225200,39.0
225264,52.0
225376,58.0
225376,126.0
225536,101.0
225584,60.0
225712,21.0
225712,32.0
225840,40.0
225888,66.0
225936,87.0
226064,112.0
226144,112.0
226208,68.0
226352,40.0
226368,91.0
226368,69.0
226384,131.0
226448,54.0
226480,40.0
226544,99.0
226576,13.0
226592,41.0
226624,78.0
226672,38.0
226768,25.0
226864,105.0
226864,72.0
227088,26.0
227104,30.0
227120,46.0
227152,59.0
227200,82.0
227216,48.0
227232,47.0
227264,57.0
227280,71.0
227328,35.0
227376,14.0
227536,60.0
227552,27.0
227568,64.0
227632,131.0
227664,28.0
227664,21.0
227664,36.0
227776,36.0
227824,37.0
227856,79.0
227872,13.0
227888,64.0
228080,76.0
228096,35.0
228112,46.0
228112,28.0
228128,54.0
228256,24.0
228256,61.0
228272,31.0
228272,44.0
228288,27.0
228336,42.0
228464,24.0
228496,54.0
228560,27.0
228656,34.0
228688,50.0
228704,28.0
228736,102.0
228896,25.0
228976,32.0
228992,45.0
229024,75.0
229136,65.0
229248,106.0
229248,57.0
229296,35.0
229312,47.0
229312,26.0
229376,68.0
229408,10.0
229408,72.0
229456,50.0
229456,48.0
229504,13.0
229520,88.0
229600,29.0
229632,38.0
229760,93.0
229872,23.0
229872,55.0
229952,78.0
230016,35.0
230048,28.0
230048,46.0
230048,67.0
230080,42.0
230096,40.0
230160,49.0
230160,25.0
230192,55.0
230224,37.0
230272,25.0
230336,15.0
230368,70.0
230512,22.0
230592,40.0
230688,38.0
230704,21.0
230704,74.0
230784,46.0
230832,42.0
230832,40.0
230832,15.0
230960,68.0
230976,29.0
231008,46.0
231024,61.0
231024,20.0
231152,109.0
231152,71.0
231184,60.0
231232,33.0
231344,32.0
231376,34.0
231424,86.0
231472,40.0
231520,35.0
231536,33.0
231632,53.0
231648,31.0
231680,62.0
231760,89.0
231840,43.0
231872,56.0
231872,25.0
231936,57.0
232000,39.0
232128,56.0
232176,40.0
232256,77.0
232320,43.0
232368,53.0
232384,65.0
232416,41.0
232480,40.0
232608,60.0
232624,43.0
232624,47.0
232640,32.0
232672,31.0
232672,62.0
232704,44.0
232704,14.0
232784,100.0
232832,28.0
232896,36.0
232928,16.0
232976,97.0
232992,24.0
233104,43.0
233152,56.0
233248,36.0
233264,21.0
233328,60.0
233408,36.0
233424,49.0
233424,40.0
233456,99.0
233536,52.0
233552,58.0
233616,22.0
233664,48.0
233744,20.0
233776,42.0
233792,34.0
233808,25.0
233824,23.0
233840,43.0
233840,54.0
233936,82.0
233968,40.0
233984,10.0
234064,28.0
234144,30.0
234160,73.0
234176,27.0
234192,14.0
234208,14.0
234352,32.0
234352,36.0
234368,51.0
234432,56.0
234448,64.0
234496,44.0
234544,12.0
234576,117.0
234608,42.0
234656,53.0
234704,33.0
234720,35.0
234784,36.0
234784,37.0
234880,51.0
234976,39.0
234992,31.0
235136,37.0
235152,27.0
235184,47.0
235200,47.0
235216,67.0
235232,36.0
235248,88.0
235328,45.0
235360,36.0
235360,41.0
235392,32.0
235456,42.0
235456,68.0
235552,21.0
235552,35.0
235664,43.0
235728,34.0
235824,36.0
235840,40.0
235840,18.0
235904,47.0
235984,88.0
236016,41.0
236032,40.0
236128,48.0
236144,43.0
236176,65.0
236224,48.0
236240,57.0
236304,25.0
236400,35.0
236432,28.0
236464,21.0
236496,48.0
236624,37.0
236656,27.0
236672,53.0
236720,55.0
236768,47.0
236784,40.0
236880,40.0
236880,36.0
236944,107.0
236992,20.0
237072,56.0
237088,20.0
237152,27.0
237200,26.0
237328,111.0
237328,44.0
237344,105.0
237424,34.0
237456,36.0
237520,68.0
237536,37.0
237600,32.0
237664,42.0
237680,80.0
237776,22.0
237824,23.0
237856,49.0
237920,36.0
237936,90.0
238016,97.0
238032,86.0
238048,12.0
238064,33.0
238112,57.0
238144,51.0
238160,40.0
238336,74.0
238416,68.0
238432,41.0
238496,51.0
238560,60.0
238560,39.0
238608,59.0
238672,21.0
238688,34.0
238704,40.0
238704,37.0
238800,61.0
238832,49.0
238832,57.0
238944,49.0
239056,22.0
239072,40.0
239104,68.0
239152,46.0
239152,20.0
239168,71.0
239248,43.0
239264,48.0
239280,42.0
239360,41.0
239376,36.0
239392,18.0
239520,29.0
239568,19.0
239680,33.0
239696,26.0
239744,36.0
239840,73.0
239888,83.0
239904,24.0
240016,83.0
240016,74.0
240064,57.0
240064,51.0
240176,31.0
240176,50.0
240192,70.0
240272,13.0
240352,60.0
240496,47.0
240544,33.0
240560,54.0
240688,49.0
240688,83.0
240704,43.0
240720,33.0
240752,74.0
240752,43.0
240752,54.0
240928,27.0
240976,71.0
241088,57.0
241168,30.0
241184,29.0
241232,42.0
241280,69.0
241280,58.0
241344,37.0
241392,40.0
241408,41.0
241440,16.0
241440,56.0
241712,46.0
241776,67.0
241824,97.0
241872,27.0
241888,38.0
241920,77.0
241984,36.0
241984,34.0
242096,54.0
242128,49.0
242160,15.0
242192,79.0
242208,51.0
242384,76.0
242400,216.0
242432,28.0
242512,50.0
242576,44.0
242576,81.0
242736,38.0
242768,23.0
242848,26.0
242864,55.0
242864,41.0
242880,19.0
243040,29.0
243040,41.0
243056,80.0
243088,14.0
243104,126.0
243136,78.0
243184,62.0
243184,64.0
243232,12.0
243248,89.0
243264,31.0
243456,38.0
243536,50.0
243568,66.0
243616,27.0
243680,28.0
243728,40.0
243744,13.0
243840,49.0
243856,62.0
243888,13.0
244112,41.0
244144,60.0
244256,33.0
244304,73.0
244320,80.0
244384,51.0
244384,71.0
244384,94.0
244416,35.0
244448,35.0
244560,81.0
244592,156.0
244624,55.0
244784,42.0
244816,107.0
244832,26.0
244864,35.0
244992,46.0
245024,88.0
245024,36.0
245040,41.0
245200,36.0
245216,52.0
245280,56.0
245280,90.0
245456,27.0
245488,73.0
245520,58.0
245568,63.0
245584,50.0
245648,39.0
245680,30.0
245680,53.0
245696,26.0
245696,97.0
245776,57.0
245808,14.0
245808,62.0
245984,29.0
246064,53.0
246112,34.0
246176,45.0
246224,59.0
246240,34.0
246288,30.0
246368,35.0
246400,85.0
246464,22.0
246512,51.0
246528,34.0
246544,30.0
246560,24.0
246576,18.0
246592,22.0
246640,60.0
246736,66.0
246752,61.0
246800,82.0
247088,34.0
247104,36.0
247104,44.0
247168,136.0
247184,39.0
247232,54.0
247280,34.0
247296,34.0
247344,47.0
247408,19.0
247424,111.0
247440,58.0
247488,64.0
247648,89.0
247680,65.0
247680,37.0
247808,77.0
247904,35.0
247936,31.0
247952,41.0
248064,40.0
248160,47.0
248160,85.0
248192,68.0
248272,49.0
248304,41.0
248320,23.0
248320,68.0
248336,72.0
248416,78.0
248432,72.0
248464,49.0
248496,51.0
248528,21.0
248544,46.0
248656,31.0
248656,45.0
248752,27.0
248784,30.0
248784,55.0
248784,39.0
248960,33.0
248976,44.0
249008,42.0
249008,30.0
249024,30.0
249056,40.0
249120,39.0
249168,44.0
249184,70.0
249232,13.0
249312,12.0
249328,42.0
249328,34.0
249360,65.0
249440,41.0
249536,49.0
249616,38.0
249680,44.0
249696,43.0
250064,69.0
250064,23.0
250080,64.0
250096,82.0
250160,61.0
250304,59.0
250416,46.0
250416,110.0
250576,32.0
250576,78.0
250592,89.0
250592,31.0
250608,28.0
250640,35.0
250704,68.0
250752,90.0
250752,43.0
250800,79.0
250912,38.0
250976,23.0
251152,46.0
251184,27.0
251200,38.0
251200,123.0
251200,110.0
251216,40.0
251312,32.0
251328,36.0
251728,33.0
251728,47.0
251776,54.0
251856,76.0
251872,80.0
251872,159.0
251872,73.0
251968,87.0
252080,22.0
252144,59.0
252256,24.0
252256,30.0
252304,68.0
252336,63.0
252368,73.0
252416,28.0
252480,73.0
252496,48.0
252544,43.0
252544,42.0
252576,44.0
252624,34.0
252624,90.0
252656,140.0
252864,15.0
252944,25.0
252976,22.0
252992,32.0
253008,27.0
253024,30.0
253136,48.0
253152,56.0
253232,13.0
253248,57.0
253328,12.0
253344,21.0
253360,66.0
253376,32.0
253408,29.0
253488,31.0
253488,84.0
253504,33.0
253520,64.0
253568,57.0
253696,29.0
253872,39.0
253872,24.0
253872,32.0
253888,23.0
253888,171.0
253984,41.0
253984,52.0
254000,37.0
254032,29.0
254192,121.0
254192,43.0
254288,37.0
254352,30.0
254384,123.0
254400,26.0
254496,70.0
254576,43.0
254624,27.0
254656,82.0
254832,60.0
254912,39.0
254928,34.0
254960,35.0
254992,63.0
255008,41.0
255168,81.0
255200,82.0
255232,25.0
255264,77.0
255280,68.0
255488,125.0
255488,36.0
255616,62.0
255632,29.0
255680,42.0
255712,76.0
255728,67.0
255744,51.0
255808,113.0
255872,37.0
255952,60.0
256032,19.0
256080,13.0
256128,32.0
256144,74.0
256400,48.0
256480,80.0
256496,63.0
256512,27.0
256592,29.0
256624,128.0
256704,47.0
256720,93.0
256736,78.0
256736,62.0
256768,46.0
256784,24.0
256848,71.0
256880,23.0
256912,27.0
256944,13.0
256976,52.0
256992,25.0
257008,109.0
257072,23.0
257296,20.0
257296,28.0
257328,20.0
257360,26.0
257376,40.0
257376,47.0
257408,108.0
257408,57.0
257472,43.0
257552,40.0
257600,52.0
257616,56.0
257680,24.0
257728,27.0
257824,22.0
257840,60.0
257856,49.0
257888,10.0
257936,133.0
258160,52.0
258192,51.0
258304,82.0
258320,59.0
258320,48.0
258400,62.0
258464,40.0
258528,57.0
258528,58.0
258576,56.0
258592,41.0
258608,78.0
258624,48.0
258640,77.0
258688,23.0
258688,33.0
258704,25.0
258720,55.0
258912,28.0
258928,33.0
258944,19.0
259120,31.0
259120,27.0
259152,39.0
259168,28.0
259216,40.0
259392,75.0
259392,67.0
259440,31.0
259504,61.0
259504,51.0
259520,22.0
259600,56.0
259648,33.0
259712,69.0
259712,114.0
259760,52.0
259792,18.0
259824,44.0
259840,39.0
259888,23.0
260048,38.0
260176,33.0
260256,31.0
260256,69.0
260256,47.0
260288,86.0
260368,41.0
260400,38.0
260576,61.0
260576,74.0
260624,21.0
260704,82.0
260736,64.0
260736,21.0
260768,136.0
260800,39.0
260944,43.0
260992,72.0
261024,28.0
261120,77.0
261200,52.0
261248,39.0
261312,66.0
261328,33.0
261328,19.0
261376,40.0
261392,43.0
261424,73.0
261472,103.0
261536,60.0
261648,28.0
261712,104.0
261776,28.0
262016,37.0
262016,44.0
262048,32.0
262064,22.0
262080,60.0
262144,72.0
262144,56.0
262224,56.0
262272,55.0
262416,65.0
262448,94.0
262448,50.0
262496,110.0
262496,30.0
262496,26.0
262544,31.0
262560,68.0
262640,36.0
262656,40.0
262720,36.0
262736,32.0
262736,60.0
262752,30.0
262864,13.0
262944,28.0
262944,31.0
262992,31.0
263168,45.0
263280,40.0
263328,38.0
263344,58.0
263344,161.0
263344,25.0
263424,35.0
263424,58.0
263504,35.0
263520,12.0
263568,51.0
263568,52.0
263712,72.0
263792,103.0
263856,54.0
263856,43.0
263920,36.0
263920,86.0
263952,38.0
264096,47.0
264256,52.0
264256,47.0
264288,23.0
264288,97.0
264336,39.0
264336,34.0
264336,57.0
264352,49.0
264368,53.0
264368,32.0
264400,34.0
264416,53.0
264592,42.0
264688,46.0
264720,39.0
264944,38.0
264992,44.0
265008,108.0
265024,21.0
265040,42.0
265184,56.0
265200,59.0
265200,50.0
265328,62.0
265408,66.0
265424,26.0
265600,41.0
265600,74.0
265680,82.0
265728,25.0
265792,75.0
265808,48.0
265808,92.0
265808,97.0
265824,26.0
266000,25.0
266064,84.0
266272,67.0
266352,34.0
266368,40.0
266400,37.0
266400,36.0
266448,78.0
266480,55.0
266496,51.0
266512,45.0
266560,71.0
266752,43.0
266768,60.0
266784,26.0
266848,116.0
266848,31.0
266896,28.0
266928,23.0
266960,60.0
266976,44.0
266992,123.0
267008,33.0
267008,38.0
267104,37.0
267136,122.0
267152,24.0
267392,31.0
267440,30.0
267472,29.0
267472,23.0
267552,25.0
267568,27.0
267600,69.0
267696,48.0
267808,21.0
267920,67.0
267920,95.0
267936,74.0
267952,35.0
267968,74.0
268080,17.0
268096,41.0
268128,27.0
268176,73.0
268192,45.0
268288,45.0
268304,47.0
268416,31.0
268448,17.0
268448,100.0
268480,32.0
268496,26.0
268544,26.0
268608,32.0
268720,50.0
268800,24.0
268832,21.0
268832,24.0
269072,39.0
269104,133.0
269152,75.0
269152,135.0
269184,40.0
269280,28.0
269312,70.0
269360,55.0
269376,34.0
269376,36.0
269376,68.0
269488,48.0
269488,55.0
269504,25.0
269568,123.0
269568,24.0
269600,81.0
269648,36.0
269728,112.0
269904,37.0
269968,30.0
269984,38.0
270032,55.0
270032,42.0
270112,52.0
270128,47.0
270192,39.0
270224,31.0
270272,44.0
270320,52.0
270384,49.0
270384,77.0
270400,23.0
270448,29.0
270480,52.0
270512,25.0
270528,64.0
270528,72.0
270528,31.0
270928,33.0
270944,26.0
270992,50.0
270992,48.0
271040,32.0
271040,71.0
271120,50.0
271136,54.0
271184,66.0
271408,29.0
271424,24.0
271456,63.0
271472,59.0
271616,43.0
271648,105.0
271696,74.0
271712,77.0
271712,42.0
271792,88.0
271808,22.0
271808,51.0
271824,44.0
271984,23.0
272000,63.0
272016,52.0
272016,102.0
272112,43.0
272128,27.0
272176,48.0
272208,25.0
272272,16.0
272288,51.0
272368,35.0
272384,25.0
272432,40.0
272464,83.0
272512,32.0
272592,20.0
272672,29.0
272720,44.0
272784,67.0
272784,60.0
272800,27.0
272848,35.0
272896,74.0
272976,54.0
273072,30.0
273088,44.0
273200,43.0
273216,26.0
273232,50.0
273232,69.0
273376,41.0
273376,18.0
273424,47.0
273424,60.0
273456,42.0
273520,117.0
273648,47.0
273744,32.0
273744,18.0
273936,45.0
273984,38.0
274000,64.0
274000,76.0
274032,116.0
274064,40.0
274096,54.0
274208,29.0
274224,15.0
274320,24.0
274336,57.0
274352,80.0
274384,96.0
274480,52.0
274512,82.0
274512,48.0
274512,30.0
274560,15.0
274640,40.0
274736,40.0
274768,26.0
274896,56.0
274912,87.0
274944,45.0
274960,30.0
275024,24.0
275120,66.0
275200,51.0
275216,44.0
275216,44.0
275344,123.0
275600,24.0
275664,56.0
275696,60.0
275712,43.0
275808,100.0
275872,82.0
275904,59.0
275904,98.0
275920,50.0
275952,63.0
275968,47.0
276128,77.0
276160,51.0
276208,38.0
276224,26.0
276288,86.0
276320,28.0
276464,50.0
276496,33.0
276528,51.0
276592,130.0
276592,40.0
276624,45.0
276688,93.0
276704,30.0
276768,54.0
276848,45.0
276880,45.0
276912,26.0
276928,14.0
276944,78.0
277056,27.0
277152,35.0
277152,59.0
277168,78.0
277280,32.0
277376,68.0
277552,64.0
277568,39.0
277584,70.0
277600,42.0
277616,58.0
277616,44.0
277712,21.0
277728,35.0
277760,55.0
277968,86.0
278064,29.0
278112,60.0
278112,52.0
278176,64.0
278176,26.0
278208,37.0
278240,74.0
278256,34.0
278272,89.0
278400,52.0
278416,54.0
278448,52.0
278464,25.0
278464,134.0
278592,54.0
278608,64.0
278656,43.0
278720,38.0
278752,32.0
278752,40.0
278800,34.0
278992,37.0
279024,53.0
279088,39.0
279104,31.0
279136,30.0
279152,59.0
279216,65.0
279296,34.0
279296,31.0
279376,58.0
279408,43.0
279440,64.0
279504,25.0
279584,35.0
279600,63.0
279616,72.0
279632,30.0
279648,35.0
279680,58.0
279696,89.0
279904,57.0
279920,44.0
279920,34.0
279936,33.0
279968,24.0
280000,44.0
280144,28.0
280304,44.0
280368,58.0
280384,29.0
280400,49.0
280400,48.0
280496,37.0
280560,89.0
280560,35.0
280624,61.0
280688,63.0
280752,91.0
280816,56.0
280816,53.0
281088,43.0
281088,99.0
281120,47.0
281136,32.0
281136,75.0
281152,21.0
281200,24.0
281360,66.0
281376,51.0
281376,55.0
281392,62.0
281408,53.0
281456,82.0
281520,71.0
281520,27.0
281616,58.0
281632,27.0
281632,55.0
281808,41.0
281856,46.0
281920,49.0
281936,34.0
281984,53.0
281984,38.0
282048,33.0
282080,45.0
282096,45.0
282256,28.0
282336,16.0
282448,65.0
282512,56.0
282560,36.0
282560,69.0
282592,31.0
282592,60.0
282624,48.0
282640,97.0
282688,66.0
282688,73.0
282704,41.0
282784,33.0
282848,54.0
282896,61.0
282912,61.0
282992,34.0
283184,34.0
283312,61.0
283344,49.0
283424,45.0
283472,49.0
283536,39.0
283632,65.0
283664,55.0
283728,46.0
283760,54.0
283920,46.0
283984,89.0
283984,42.0
284048,85.0
284048,89.0
284048,32.0
284240,12.0
284352,39.0
284352,37.0
284416,27.0
284432,120.0
284544,70.0
284560,40.0
284576,69.0
284592,38.0
284608,126.0
284688,64.0
284720,42.0
284736,87.0
284816,14.0
284848,50.0
285072,52.0
285072,41.0
285136,143.0
285136,36.0
285136,18.0
285184,97.0
285200,37.0
285216,30.0
285232,34.0
285280,58.0
285424,55.0
285440,54.0
285456,46.0
285488,66.0
285616,26.0
285648,52.0
285696,35.0
285744,38.0
285856,39.0
285920,46.0
286016,59.0
286096,55.0
286112,42.0
286288,40.0
286336,45.0
286368,81.0
286416,60.0
286432,43.0
286464,61.0
286528,78.0
286640,59.0
286640,76.0
286736,23.0
286784,48.0
286896,49.0
286912,111.0
286944,32.0
286976,66.0
287072,41.0
287072,170.0
287072,46.0
287088,39.0
287152,54.0
287152,81.0
287168,67.0
287216,43.0
287312,42.0
287504,22.0
287520,36.0
287552,29.0
287568,31.0
287616,44.0
287696,33.0
287728,68.0
287824,19.0
287936,54.0
287968,51.0
287968,67.0
288048,52.0
288128,32.0
288240,73.0
288288,46.0
288336,64.0
288416,53.0
288432,29.0
288432,38.0
288480,61.0
288592,101.0
288672,46.0
288672,121.0
288720,121.0
288752,39.0
288832,34.0
288848,26.0
288848,55.0
288896,73.0
288928,31.0
288960,39.0
289040,23.0
289104,66.0
289184,59.0
289296,39.0
289328,31.0
289376,60.0
289424,59.0
289424,44.0
289440,109.0
289456,26.0
289552,50.0
289600,14.0
289728,39.0
289744,56.0
289808,55.0
289808,60.0
289808,30.0
289920,29.0
289952,85.0
290032,46.0
290048,54.0
290176,46.0
290192,81.0
290368,40.0
290368,35.0
290384,60.0
290384,60.0
290512,97.0
290560,38.0
290592,53.0
290592,62.0
290688,55.0
290736,34.0
290832,50.0
290864,51.0
290912,69.0
290944,64.0
291040,30.0
291040,54.0
291088,31.0
291152,40.0
291216,104.0
291232,54.0
291280,21.0
291296,35.0
291408,45.0
291408,64.0
291488,56.0
291504,40.0
291616,44.0
291648,79.0
291680,53.0
291744,37.0
291776,34.0
291872,14.0
291888,42.0
291904,14.0
292016,45.0
292080,62.0
292128,110.0
292176,43.0
292224,74.0
292224,74.0
292256,24.0
292304,43.0
292368,60.0
292400,41.0
292544,33.0
292640,46.0
292656,27.0
292672,49.0
292704,81.0
292736,60.0
292832,97.0
292864,38.0
292928,35.0
292992,51.0
293024,59.0
293088,60.0
293088,49.0
293104,35.0
293104,44.0
293120,24.0
293184,105.0
293296,67.0
293296,39.0
293328,31.0
293424,45.0
293424,20.0
293472,22.0
293520,54.0
293520,55.0
293536,28.0
293712,33.0
293744,55.0
293744,45.0
293904,51.0
293952,53.0
293984,17.0
294016,68.0
294016,64.0
294096,39.0
294160,54.0
294160,39.0
294256,46.0
294416,62.0
294480,60.0
294576,35.0
294640,46.0
294704,43.0
294736,49.0
294768,92.0
294816,41.0
294848,95.0
294864,70.0
294912,58.0
294992,78.0
295040,29.0
295088,38.0
295088,62.0
295088,28.0
295104,43.0
295280,70.0
295344,120.0
295392,30.0
295408,72.0
295424,35.0
295440,46.0
295488,47.0
295536,27.0
295568,33.0
295648,52.0
295664,36.0
295904,57.0
295904,51.0
295920,32.0
295936,28.0
296000,35.0
296000,36.0
296032,43.0
296160,67.0
296160,37.0
296256,38.0
296320,65.0
296496,37.0
296544,63.0
296576,113.0
296576,34.0
296640,46.0
296656,31.0
296656,62.0
296848,125.0
296896,46.0
296960,64.0
297008,43.0
297040,31.0
297168,32.0
297200,113.0
297200,44.0
297312,46.0
297328,23.0
297328,67.0
297440,49.0
297472,97.0
297536,56.0
297552,41.0
297568,33.0
297600,25.0
297648,40.0
297664,22.0
297696,70.0
297760,18.0
297792,59.0
297904,119.0
297984,49.0
298016,29.0
298016,126.0
298016,43.0
298048,45.0
298064,25.0
298144,28.0
298256,45.0
298368,36.0
298384,76.0
298448,63.0
298448,12.0
298560,34.0
298576,51.0
298736,52.0
298784,50.0
298832,28.0
298896,52.0
298896,53.0
298928,83.0
298960,51.0
298992,84.0
298992,34.0
299040,92.0
299120,12.0
299408,26.0
299440,28.0
299440,38.0
299520,72.0
299568,33.0
299728,52.0
299744,63.0
299760,109.0
299808,78.0
299808,64.0
299824,54.0
299840,27.0
299840,17.0
299968,122.0
300064,101.0
300176,28.0
300240,50.0
300256,28.0
300256,51.0
300272,33.0
300368,38.0
300400,27.0
300416,38.0
300448,39.0
300496,86.0
300544,23.0
300560,104.0
300592,67.0
300656,37.0
300864,64.0
300896,145.0
300896,41.0
300976,27.0
300976,71.0
300992,46.0
301056,29.0
301104,53.0
301152,47.0
301168,19.0
301184,51.0
301200,13.0
301264,44.0
301360,68.0
301376,14.0
301424,33.0
301472,61.0
301504,33.0
301536,55.0
301632,36.0
301760,84.0
301808,85.0
301840,54.0
301952,48.0
301952,43.0
302128,60.0
302224,53.0
302320,35.0
302320,89.0
302384,53.0
302384,57.0
302416,36.0
302608,74.0
302672,45.0
302704,94.0
302720,25.0
302816,27.0
302816,27.0
302848,65.0
302880,111.0
302928,61.0
302944,45.0
302976,84.0
303088,42.0
303088,99.0
303264,18.0
303280,35.0
303392,34.0
303392,43.0
303424,81.0
303424,129.0
303536,41.0
303536,45.0
303680,85.0
303728,70.0
303808,54.0
303872,21.0
303872,75.0
303888,29.0
303888,50.0
304016,30.0
304032,47.0
304080,43.0
304128,54.0
304208,80.0
304256,73.0
304272,55.0
304336,95.0
304336,38.0
304368,43.0
304416,38.0
304480,66.0
304480,28.0
304560,27.0
304560,42.0
304592,44.0
304592,45.0
304624,22.0
304640,39.0
304784,33.0
304800,29.0
304864,41.0
304944,54.0
304992,36.0
305024,34.0
305104,77.0
305120,21.0
305216,36.0
305216,53.0
305376,49.0
305408,53.0
305456,41.0
305456,27.0
305472,55.0
305664,18.0
305808,54.0
305808,78.0
305856,40.0
305856,47.0
305856,54.0
305936,100.0
305936,82.0
305952,34.0
306176,106.0
306320,54.0
306336,92.0
306368,32.0
306368,44.0
306432,31.0
306480,42.0
306496,40.0
306544,11.0
306608,42.0
306768,82.0
306768,97.0
306944,38.0
306944,114.0
307024,44.0
307072,100.0
307104,58.0
307200,78.0
307248,40.0
307280,46.0
307360,54.0
307376,56.0
307504,71.0
307520,26.0
307520,36.0
307568,34.0
307584,32.0
307648,55.0
307712,48.0
307712,80.0
307728,60.0
307824,126.0
307936,26.0
307984,46.0
308016,31.0
308016,41.0
308128,47.0
308144,40.0
308208,35.0
308208,24.0
308224,41.0
308240,33.0
308304,153.0
308368,40.0
308384,69.0
308448,46.0
308544,15.0
308576,35.0
308576,40.0
308576,37.0
308624,26.0
308736,23.0
308832,37.0
308928,22.0
308960,46.0
308960,47.0
308976,60.0
308992,38.0
309232,19.0
309248,44.0
309264,70.0
309280,52.0
309312,132.0
309376,25.0
309568,59.0
309600,64.0
309648,57.0
309696,29.0
309760,30.0
309808,105.0
309808,31.0
309808,51.0
309888,82.0
309888,144.0
309952,70.0
310000,25.0
310016,40.0
310160,22.0
310208,40.0
310240,27.0
310272,82.0
310288,65.0
310320,42.0
310384,70.0
310400,32.0
310400,44.0
310496,46.0
310576,35.0
310608,20.0
310624,24.0
310624,14.0
310688,55.0
310944,59.0
310944,42.0
310976,48.0
311056,73.0
311088,29.0
311152,11.0
311168,76.0
311392,48.0
311408,78.0
311408,29.0
311504,58.0
311520,27.0
311568,60.0
311680,74.0
311680,81.0
311744,89.0
311760,85.0
311808,41.0
311824,179.0
311872,51.0
311872,74.0
311888,45.0
311920,61.0
311920,22.0
312144,46.0
312144,29.0
312224,52.0
312288,33.0
312336,32.0
312352,29.0
312384,40.0
312384,55.0
312416,38.0
312432,47.0
312576,27.0
312576,66.0
312624,44.0
312720,53.0
312752,26.0
312816,33.0
312848,27.0
312880,31.0
312880,28.0
312960,24.0
313024,69.0
313040,26.0
313184,50.0
313184,65.0
313392,32.0
313392,73.0
313408,37.0
313520,73.0
313584,52.0
313600,26.0
313728,53.0
313728,44.0
313856,80.0
313952,14.0
314016,61.0
314128,73.0
314144,60.0
314192,145.0
314208,30.0
314288,98.0
314288,27.0
314352,59.0
314352,94.0
314480,12.0
314496,61.0
314512,194.0
314544,72.0
314576,35.0
314592,62.0
314640,66.0
314800,38.0
314912,49.0
314928,24.0
314976,48.0
314992,30.0
315104,33.0
315152,22.0
315152,50.0
315216,39.0
315312,120.0
315376,46.0
315424,28.0
315440,28.0
315472,23.0
315472,62.0
315504,63.0
315712,85.0
315728,36.0
315792,55.0
315824,38.0
315856,24.0
315936,112.0
315936,103.0
315936,27.0
315968,65.0
316048,46.0
316080,40.0
316112,46.0
316176,139.0
316256,49.0
316336,57.0
316384,41.0
316512,29.0
316528,37.0
316528,51.0
316640,51.0
316656,94.0
316736,41.0
316848,62.0
316880,59.0
316944,72.0
317024,32.0
317024,43.0
317024,53.0
317200,77.0
317280,84.0
317280,25.0
317280,40.0
317296,48.0
317328,76.0
317472,51.0
317568,34.0
317760,86.0
317808,32.0
317920,56.0
317936,57.0
317968,90.0
318000,42.0
318032,111.0
318096,78.0
318144,88.0
318176,56.0
318208,58.0
318240,27.0
318256,49.0
318304,85.0
318384,51.0
318416,41.0
318448,30.0
318528,83.0
318592,28.0
318608,38.0
318736,51.0
318752,45.0
318816,32.0
318896,28.0
318912,46.0
318992,107.0
319056,50.0
319072,52.0
319120,23.0
319152,34.0
319216,70.0
319264,28.0
319280,56.0
319440,44.0
319456,58.0
319504,98.0
319520,38.0
319584,73.0
319632,46.0
319680,39.0
319712,70.0
319712,45.0
319808,34.0
319824,101.0
319872,47.0
320032,47.0
320048,37.0
320080,25.0
320176,42.0
320272,29.0
320320,43.0
320448,26.0
320448,39.0
320464,47.0
320496,89.0
320496,49.0
320528,63.0
320528,82.0
320544,69.0
320560,30.0
320624,36.0
320736,54.0
320784,75.0
320800,30.0
320880,108.0
320960,32.0
320976,44.0
321104,40.0
321120,35.0
321168,39.0
321184,28.0
321248,29.0
321312,27.0
321312,49.0
321344,51.0
321360,35.0
321392,48.0
321456,80.0
321456,63.0
321536,27.0
321600,30.0
321616,40.0
321696,32.0
321808,53.0
321808,22.0
321888,87.0
321936,48.0
322000,40.0
322048,50.0
322080,48.0
322128,37.0
322160,34.0
322240,15.0
322320,58.0
322336,64.0
322400,32.0
322448,40.0
322464,123.0
322544,53.0
322560,47.0
322576,26.0
322640,44.0
322672,39.0
322688,68.0
322784,41.0
322816,30.0
322848,18.0
322864,29.0
322912,91.0
322944,100.0
323040,29.0
323088,40.0
323104,64.0
323184,31.0
323264,22.0
323280,51.0
323344,33.0
323376,32.0
323376,44.0
323440,37.0
323456,57.0
323536,47.0
323616,36.0
323632,23.0
323632,87.0
323712,39.0
323712,87.0
323776,27.0
323872,43.0
323888,28.0
323904,23.0
323920,34.0
324016,46.0
324096,12.0
324160,76.0
324160,66.0
324192,46.0
324240,54.0
324288,103.0
324304,24.0
324336,20.0
324400,39.0
324432,45.0
324432,21.0
324480,53.0
324496,13.0
324512,55.0
324528,57.0
324576,44.0
324624,29.0
324768,33.0
324768,55.0
324896,29.0
324896,26.0
324896,44.0
324944,32.0
324976,40.0
325120,88.0
325168,41.0
325184,55.0
325216,43.0
325296,50.0
325360,75.0
325408,32.0
325440,29.0
325664,65.0
325680,29.0
325696,50.0
325712,71.0
325744,61.0
325776,86.0
325920,72.0
325936,36.0
325968,19.0
326048,58.0
326096,57.0
326112,73.0
326224,83.0
326256,36.0
326272,54.0
326368,75.0
326448,42.0
326624,83.0
326672,47.0
326704,62.0
326784,51.0
326800,27.0
326816,55.0
326848,37.0
326880,41.0
326896,39.0
326928,19.0
326944,94.0
326944,56.0
327072,60.0
327136,43.0
327136,90.0
327216,25.0
327312,29.0
327360,30.0
327392,31.0
327392,28.0
327392,45.0
327488,43.0
327488,44.0
327520,24.0
327536,52.0
327616,95.0
327936,63.0
328080,43.0
328096,60.0
328112,65.0
328208,62.0
328240,53.0
328320,58.0
328384,48.0
328400,91.0
328464,72.0
328480,24.0
328608,31.0
328656,28.0
328672,183.0
328736,22.0
328736,50.0
328752,32.0
328768,78.0
328768,77.0
328784,24.0
328816,83.0
329056,37.0
329216,116.0
329248,58.0
329248,30.0
329248,40.0
329360,117.0
329504,53.0
329584,14.0
329584,94.0
329616,23.0
329632,51.0
329648,61.0
329664,58.0
329680,59.0
329680,58.0
329712,59.0
329728,30.0
329776,62.0
329920,90.0
330080,31.0
330096,55.0
330144,40.0
330256,33.0
330288,41.0
330288,44.0
330304,78.0
330320,44.0
330320,42.0
330384,71.0
330496,51.0
330608,43.0
330656,32.0
330672,23.0
330688,57.0
330768,66.0
330864,38.0
331008,57.0
331008,58.0
331056,25.0
331072,47.0
331088,89.0
331088,88.0
331104,49.0
331280,13.0
331344,36.0
331376,68.0
331424,23.0
331488,30.0
331552,66.0
331568,74.0
331632,59.0
331792,44.0
331808,95.0
331840,77.0
331872,28.0
331888,50.0
331936,23.0
331984,61.0
332048,86.0
332112,48.0
332160,49.0
332176,24.0
332192,83.0
332192,68.0
332272,62.0
332464,30.0
332512,29.0
332576,24.0
332592,44.0
332608,66.0
332848,46.0
332880,23.0
332960,68.0
332992,45.0
333056,56.0
333072,90.0
333088,39.0
333104,31.0
333136,35.0
333152,76.0
333152,35.0
333232,109.0
333232,89.0
333312,70.0
333376,96.0
333520,35.0
333536,19.0
333552,42.0
333600,89.0
333616,48.0
333616,39.0
333680,33.0
333712,41.0
333744,40.0
333744,27.0
333872,45.0
333920,24.0
333920,52.0
334096,34.0
334112,65.0
334128,38.0
334176,65.0
334352,70.0
334368,28.0
334368,43.0
334368,41.0
334416,50.0
334432,43.0
334480,55.0
334528,38.0
334528,57.0
334656,35.0
334784,38.0
334800,43.0
334848,30.0
334864,28.0
334944,98.0
334960,68.0
334976,39.0
335088,84.0
335200,26.0
335200,21.0
335216,53.0
335264,38.0
335472,42.0
335520,62.0
335536,88.0
335632,34.0
335648,76.0
335696,53.0
335744,34.0
335824,39.0
335840,85.0
335936,45.0
335952,61.0
335968,20.0
336000,46.0
336032,68.0
336048,68.0
336080,97.0
336320,39.0
336352,55.0
336480,28.0
336480,59.0
336512,48.0
336512,43.0
336528,36.0
336560,137.0
336576,31.0
336608,68.0
336752,57.0
336816,21.0
336960,57.0
336976,61.0
336992,42.0
337008,31.0
337024,28.0
337024,68.0
337040,43.0
337040,27.0
337072,37.0
337104,71.0
337120,93.0
337216,43.0
337296,49.0
337376,39.0
337440,21.0
337456,30.0
337488,58.0
337504,30.0
337536,45.0
337552,27.0
337648,39.0
337664,44.0
337680,38.0
337712,44.0
337712,42.0
337856,40.0
337856,35.0
337936,59.0
337968,29.0
338064,22.0
338096,40.0
338112,29.0
338144,48.0
338288,50.0
338400,46.0
338416,46.0
338432,56.0
338432,36.0
338576,38.0
338624,99.0
338640,75.0
338640,49.0
338656,59.0
338656,45.0
338720,39.0
338736,74.0
338816,24.0
338992,44.0
339008,36.0
339024,39.0
339040,56.0
339056,62.0
339072,41.0
339104,33.0
339184,34.0
339248,27.0
339296,74.0
339408,42.0
339504,30.0
339504,53.0
339536,34.0
339568,31.0
339648,40.0
339744,35.0
339776,70.0
339808,47.0
339936,40.0
340064,41.0
340080,90.0
340144,40.0
340176,25.0
340256,45.0
340288,74.0
340336,25.0
340352,102.0
340384,84.0
340464,60.0
340464,41.0
340656,88.0
340672,58.0
340736,37.0
340736,41.0
340816,27.0
340832,74.0
340848,80.0
340848,49.0
340992,46.0
341040,44.0
341056,55.0
341072,21.0
341248,60.0
341264,57.0
341296,19.0
341296,35.0
341376,44.0
341376,34.0
341392,58.0
341424,48.0
341488,179.0
341536,29.0
341536,45.0
341728,42.0
341744,56.0
341808,32.0
341824,36.0
341856,27.0
341872,64.0
341936,25.0
341968,30.0
342000,39.0
342048,49.0
342064,42.0
342160,106.0
342160,19.0
342176,27.0
342288,30.0
342304,63.0
342432,31.0
342496,28.0
342528,29.0
342528,50.0
342560,95.0
342576,38.0
342592,76.0
342608,49.0
342608,67.0
342640,48.0
342656,30.0
342672,32.0
342704,25.0
342720,35.0
342800,50.0
342832,21.0
342976,26.0
343024,23.0
343072,34.0
343072,23.0
343072,40.0
343152,39.0
343152,54.0
343184,29.0
343248,40.0
343312,42.0
343328,47.0
343360,43.0
343376,34.0
343376,49.0
343536,24.0
343536,24.0
343616,34.0
343616,63.0
343712,40.0
343728,34.0
343888,32.0
343904,41.0
344000,29.0
344032,60.0
344080,69.0
344080,66.0
344096,30.0
344176,86.0
344176,54.0
344192,54.0
344272,41.0
344320,59.0
344416,24.0
344480,30.0
344496,14.0
344592,66.0
344624,46.0
344624,34.0
344640,34.0
344640,29.0
344752,42.0
344800,24.0
344816,69.0
344912,26.0
344992,68.0
345008,24.0
345024,52.0
345040,25.0
345072,28.0
345152,22.0
345184,34.0
345216,65.0
345280,97.0
345328,123.0
345360,38.0
345408,51.0
345424,22.0
345456,61.0
345488,36.0
345600,38.0
345664,40.0
345664,84.0
345728,57.0
345760,36.0
345824,38.0
345872,45.0
345936,33.0
346000,36.0
346032,42.0
346080,65.0
346128,70.0
346144,30.0
346160,52.0
346288,35.0
346304,40.0
346336,55.0
346416,34.0
346528,23.0
346544,49.0
346592,62.0
346608,70.0
346608,33.0
346688,54.0
346704,35.0
346736,46.0
346816,96.0
346864,35.0
346928,24.0
346992,60.0
347136,20.0
347168,35.0
347200,42.0
347200,49.0
347216,33.0
347248,57.0
347264,41.0
347312,11.0
347392,11.0
347456,47.0
347472,34.0
347488,56.0
347488,20.0
347600,92.0
347648,41.0
347648,25.0
347648,28.0
347664,86.0
347776,36.0
347792,66.0
347808,20.0
347872,24.0
347984,42.0
348000,46.0
348016,23.0
348064,29.0
348080,27.0
348160,43.0
348176,140.0
348272,29.0
348272,39.0
348272,38.0
348352,35.0
348704,82.0
348720,41.0
348720,59.0
348736,47.0
348816,41.0
348880,38.0
348960,49.0
349056,44.0
349136,105.0
349136,54.0
349152,72.0
349200,74.0
349200,24.0
349232,32.0
349280,36.0
349424,84.0
349504,165.0
349552,26.0
349584,24.0
349600,23.0
349616,56.0
349616,41.0
349728,33.0
349824,68.0
349904,64.0
349968,43.0
349984,58.0
350048,56.0
350080,36.0
350256,42.0
350352,39.0
350400,61.0
350416,50.0
350464,40.0
350544,31.0
350624,67.0
350656,149.0
350704,28.0
350736,47.0
350912,52.0
350912,35.0
350944,30.0
350976,85.0
350992,87.0
351008,196.0
351168,39.0
351184,48.0
351200,77.0
351248,32.0
351248,34.0
351328,42.0
351360,60.0
351536,39.0
351568,59.0
351632,156.0
351648,29.0
351728,51.0
351760,49.0
351776,117.0
351776,38.0
351824,11.0
351856,54.0
352032,49.0
352176,34.0
352192,54.0
352192,62.0
352256,43.0
352256,63.0
352384,90.0
352448,39.0
352480,44.0
352496,71.0
352512,47.0
352528,95.0
352544,43.0
352544,18.0
352720,74.0
352736,35.0
352752,35.0
352800,38.0
352864,38.0
352864,24.0
353008,35.0
353056,64.0
353072,33.0
353088,85.0
353216,43.0
353232,23.0
353264,33.0
353264,29.0
353344,60.0
353360,99.0
353424,55.0
353440,58.0
353520,27.0
353600,69.0
353616,24.0
353632,13.0
353680,42.0
353712,22.0
353712,40.0
353776,57.0
353904,74.0
353920,41.0
353984,40.0
353984,24.0
353984,34.0
354000,59.0
354048,49.0
354080,35.0
354128,57.0
354304,37.0
354352,46.0
354368,24.0
354416,21.0
354432,105.0
354496,54.0
354512,33.0
354528,51.0
354656,41.0
354688,63.0
354704,45.0
354800,64.0
354832,49.0
354880,61.0
354880,23.0
354896,13.0
354928,63.0
354944,33.0
354960,52.0
355024,41.0
355136,40.0
355152,50.0
355264,46.0
355280,36.0
355296,40.0
355360,26.0
355360,33.0
355440,19.0
355520,40.0
355600,36.0
355680,50.0
355728,29.0
355760,50.0
355872,59.0
355968,96.0
356032,42.0
356064,79.0
356080,50.0
356128,77.0
356160,116.0
356176,46.0
356224,29.0
356288,71.0
356320,22.0
356320,40.0
356336,51.0
356368,48.0
356432,71.0
356496,21.0
356560,30.0
356576,53.0
356592,33.0
356688,20.0
356752,39.0
356784,31.0
356800,90.0
356896,42.0
356928,31.0
357008,32.0
357072,46.0
357104,32.0
357136,79.0
357264,43.0
357344,34.0
357360,50.0
357424,69.0
357440,34.0
357472,23.0
357536,47.0
357568,87.0
357584,41.0
357632,39.0
357632,35.0
357648,101.0
357696,59.0
357792,69.0
357840,23.0
357856,37.0
357920,49.0
357936,25.0
358080,32.0
358080,41.0
358096,25.0
358144,35.0
358160,33.0
358160,32.0
358192,53.0
358224,24.0
358320,29.0
358320,125.0
358336,56.0
358368,28.0
358464,33.0
358496,21.0
358496,71.0
358528,27.0
358688,66.0
358736,26.0
358768,61.0
358848,20.0
358864,44.0
358928,35.0
358944,54.0
358976,52.0
359120,49.0
359200,27.0
359200,61.0
359216,33.0
359232,65.0
359264,33.0
359264,74.0
359408,59.0
359648,44.0
359680,35.0
359696,31.0
359728,47.0
359728,50.0
359760,22.0
359792,92.0
359824,61.0
359824,35.0
359888,87.0
359936,46.0
360000,71.0
360240,37.0
360304,36.0
360320,39.0
360432,38.0
360432,75.0
360528,33.0
360560,81.0
360576,43.0
360688,58.0
360736,140.0
360768,59.0
360784,66.0
360816,71.0
360992,35.0
361008,112.0
361008,67.0
361056,51.0
361088,48.0
361200,39.0
361232,42.0
361408,55.0
361424,40.0
361520,49.0
361616,82.0
361616,58.0
361648,40.0
361696,79.0
361696,58.0
361728,57.0
361760,44.0
361808,38.0
361888,55.0
361936,33.0
361968,136.0
361968,46.0
362016,37.0
362176,28.0
362192,27.0
362192,42.0
362224,77.0
362288,40.0
362336,28.0
362416,50.0
362528,35.0
362544,38.0
362560,54.0
362608,24.0
362608,57.0
362624,51.0
362704,33.0
362848,52.0
362848,20.0
362864,42.0
362928,40.0
362960,84.0
362976,63.0
362992,41.0
363072,124.0
363136,59.0
363152,46.0
363360,46.0
363360,41.0
363376,24.0
363520,37.0
363616,63.0
363648,31.0
363664,51.0
363712,21.0
363728,74.0
363744,74.0
363776,58.0
363872,79.0
363952,62.0
364096,30.0
364160,68.0
364272,57.0
364272,38.0
364304,36.0
364368,87.0
364400,65.0
364416,80.0
364432,98.0
364544,56.0
364576,19.0
364592,51.0
364624,55.0
364656,24.0
364752,77.0
364880,58.0
364896,46.0
364928,52.0
365056,84.0
365056,25.0
365088,76.0
365120,33.0
365168,34.0
365216,40.0
365296,25.0
365328,58.0
365344,61.0
365408,30.0
365504,28.0
365504,39.0
365520,76.0
365584,52.0
365696,23.0
365728,42.0
365728,40.0
365728,35.0
365760,83.0
365840,81.0
365856,46.0
365936,45.0
366032,43.0
366144,53.0
366176,48.0
366192,21.0
366224,45.0
366272,116.0
366336,51.0
366448,45.0
366448,59.0
366480,13.0
366480,40.0
366528,48.0
366544,51.0
366576,24.0
366592,41.0
366608,55.0
366672,40.0
366800,36.0
366848,44.0
366912,29.0
367040,28.0
367040,29.0
367040,91.0
367040,35.0
367072,37.0
367152,30.0
367248,97.0
367280,30.0
367312,25.0
367456,53.0
367472,71.0
367488,28.0
367488,60.0
367632,74.0
367664,39.0
367696,95.0
367792,47.0
367856,34.0
367936,68.0
367952,42.0
368000,47.0
368064,38.0
368128,29.0
368160,29.0
368176,44.0
368176,64.0
368208,73.0
368240,73.0
368496,63.0
368592,24.0
368624,62.0
368640,40.0
368672,55.0
368672,31.0
368704,47.0
368832,48.0
368848,57.0
368848,144.0
368896,16.0
368912,89.0
369136,29.0
369184,64.0
369248,39.0
369360,32.0
369424,15.0
369440,99.0
369504,79.0
369520,43.0
369536,59.0
369616,70.0
369632,94.0
369760,68.0
369824,12.0
369840,58.0
370032,71.0
370096,35.0
370096,30.0
370112,121.0
370160,82.0
370176,42.0
370224,95.0
370240,62.0
370272,53.0
370336,75.0
370336,51.0
370352,37.0
370432,37.0
370432,21.0
370528,26.0
370592,72.0
370608,49.0
370640,38.0
370832,42.0
370864,48.0
370896,41.0
370960,39.0
370960,33.0
371072,46.0
371072,40.0
371152,61.0
371168,56.0
371168,36.0
371168,33.0
371200,42.0
371232,17.0
371392,127.0
371440,68.0
371456,53.0
371552,25.0
371584,47.0
371664,50.0
371696,39.0
371776,55.0
371792,52.0
371840,38.0
371856,102.0
371856,41.0
371920,47.0
372032,60.0
372064,56.0
372080,31.0
372128,29.0
372160,38.0
372160,45.0
372208,47.0
372224,66.0
372352,41.0
372368,33.0
372400,39.0
372416,12.0
372480,39.0
372512,41.0
372512,30.0
372592,50.0
372656,31.0
372688,38.0
372736,24.0
372752,85.0
372752,39.0
372864,59.0
372896,26.0
372912,53.0
372928,48.0
372944,34.0
372960,28.0
373040,52.0
373184,37.0
373200,52.0
373248,35.0
373248,52.0
373280,24.0
373296,49.0
373488,46.0
373488,28.0
373760,30.0
373888,40.0
373904,38.0
373920,61.0
373920,27.0
373984,46.0
373984,83.0
374016,68.0
374016,72.0
374080,55.0
374080,73.0
374096,57.0
374144,74.0
374176,90.0
374304,34.0
374336,53.0
374368,24.0
374400,103.0
374464,28.0
374480,35.0
374592,44.0
374640,46.0
374720,15.0
374800,25.0
374816,52.0
374832,51.0
374880,50.0
374880,46.0
374944,40.0
374960,37.0
375088,39.0
375120,33.0
375216,81.0
375232,71.0
375328,13.0
375344,25.0
375392,42.0
375424,39.0
375456,86.0
375536,75.0
375568,43.0
375568,22.0
375648,51.0
375680,94.0
375696,29.0
375744,58.0
375744,49.0
375776,71.0
375904,32.0
376048,73.0
376144,29.0
376144,36.0
376160,52.0
376208,49.0
376224,43.0
376352,38.0
376368,37.0
376416,83.0
376496,47.0
376512,23.0
376528,67.0
376528,55.0
376576,77.0
376576,42.0
376592,64.0
376688,34.0
376736,65.0
376864,40.0
376976,28.0
377040,62.0
377088,45.0
377088,42.0
377152,59.0
377152,39.0
377184,38.0
377184,64.0
377216,44.0
377328,40.0
377552,32.0
377568,37.0
377568,44.0
377568,26.0
377568,24.0
377584,68.0
377600,26.0
377680,83.0
377696,38.0
377712,71.0
377760,38.0
377840,39.0
377888,81.0
377888,12.0
377920,21.0
378000,25.0
378000,79.0
378032,30.0
378048,30.0
378064,46.0
378080,32.0
378096,33.0
378272,44.0
378368,41.0
378480,50.0
378480,40.0
378592,94.0
378704,40.0
378720,52.0
378736,44.0
378768,63.0
378864,48.0
378864,54.0
378896,56.0
378928,55.0
378944,54.0
379008,40.0
379040,72.0
379056,36.0
379104,32.0
379136,25.0
379392,28.0
379408,23.0
379408,40.0
379440,32.0
379440,36.0
379456,25.0
379488,48.0
379552,28.0
379600,83.0
379600,44.0
379664,109.0
379696,35.0
379808,83.0
379968,79.0
380000,25.0
380016,63.0
380064,41.0
380160,45.0
380240,53.0
380272,29.0
380288,52.0
380368,60.0
380416,47.0
380448,27.0
380480,32.0
380496,56.0
380512,51.0
380528,61.0
380560,67.0
380624,39.0
380816,25.0
380896,26.0
380912,47.0
380944,42.0
381008,35.0
381008,31.0
381040,50.0
381040,47.0
381088,37.0
381296,58.0
381296,48.0
381312,117.0
381488,37.0
381552,16.0
381552,58.0
381648,99.0
381680,48.0
381712,178.0
381712,72.0
381744,44.0
381744,12.0
381824,51.0
381984,42.0
382096,66.0
382144,41.0
382160,67.0
382192,86.0
382288,40.0
382288,62.0
382336,87.0
382336,83.0
382336,39.0
382400,43.0
382448,44.0
382464,20.0
382464,45.0
382528,61.0
382544,54.0
382576,47.0
382736,28.0
382800,40.0
382816,33.0
382832,27.0
382912,23.0
382944,53.0
382960,31.0
383072,55.0
383088,32.0
383120,49.0
383200,42.0
383344,33.0
383376,58.0
383424,90.0
383520,25.0
383600,41.0
383616,55.0
383648,74.0
383680,84.0
383680,84.0
383680,53.0
383776,44.0
383792,37.0
383808,53.0
383936,37.0
383936,71.0
383952,27.0
383968,66.0
384176,68.0
384208,38.0
384256,36.0
384272,20.0
384352,61.0
384384,13.0
384400,47.0
384448,64.0
384464,53.0
384512,52.0
384576,40.0
384576,56.0
384704,56.0
384736,60.0
384752,51.0
384816,27.0
384848,55.0
384880,39.0
384912,70.0
384944,42.0
384976,39.0
385056,34.0
385136,43.0
385232,52.0
385248,42.0
385360,39.0
385472,15.0
385536,35.0
385600,53.0
385616,46.0
385696,28.0
385696,35.0
385696,55.0
385728,64.0
385792,99.0
385840,62.0
385872,81.0
385872,25.0
385904,90.0
386048,28.0
386240,83.0
386240,74.0
386304,48.0
386320,39.0
386336,45.0
386352,88.0
386432,46.0
386496,48.0
386544,44.0
386624,47.0
386656,60.0
386720,85.0
386736,54.0
386864,33.0
386864,20.0
386880,40.0
386880,61.0
386928,43.0
386976,39.0
387040,62.0
387040,46.0
387072,12.0
387104,28.0
387184,35.0
387248,33.0
387328,29.0
387440,29.0
387520,64.0
387536,41.0
387536,69.0
387568,33.0
387568,52.0
387584,32.0
387648,116.0
387776,28.0
387792,47.0
387808,35.0
387824,45.0
387904,24.0
387984,25.0
388032,29.0
388032,53.0
388048,38.0
388160,39.0
388272,18.0
388320,42.0
388352,36.0
388368,52.0
388384,129.0
388400,52.0
388496,102.0
388528,31.0
388592,50.0
388672,48.0
388704,41.0
388832,50.0
388848,65.0
388928,69.0
388960,23.0
388992,42.0
389024,31.0
389040,41.0
389056,43.0
389136,138.0
389264,35.0
389264,21.0
389392,62.0
389424,72.0
389520,85.0
389536,36.0
389536,65.0
389664,62.0
389728,46.0
389728,56.0
389760,44.0
389792,48.0
389904,66.0
389984,59.0
390016,47.0
390096,52.0
390112,36.0
390208,67.0
390224,43.0
390368,40.0
390384,62.0
390384,39.0
390400,128.0
390416,62.0
390464,28.0
390496,52.0
390528,26.0
390592,12.0
390624,52.0
390640,46.0
390704,31.0
390752,33.0
390800,21.0
390912,87.0
391040,32.0
391040,41.0
391136,72.0
391168,36.0
391168,42.0
391248,52.0
391296,98.0
391376,21.0
391376,80.0
391376,42.0
391456,34.0
391472,53.0
391472,45.0
391536,72.0
391600,22.0
391760,29.0
391808,42.0
391824,28.0
391872,25.0
391904,79.0
391952,99.0
392016,40.0
392064,43.0
392064,56.0
392176,86.0
392192,72.0
392320,28.0
392432,38.0
392512,84.0
392528,66.0
392544,46.0
392560,60.0
392688,23.0
392832,48.0
392864,83.0
392896,45.0
392944,47.0
393008,59.0
393008,29.0
393056,69.0
393072,40.0
393088,102.0
393184,42.0
393184,73.0
393232,42.0
393264,46.0
393264,85.0
393312,30.0
393456,106.0
393552,43.0
393600,37.0
393664,41.0
393712,28.0
393728,26.0
393744,42.0
393792,46.0
393888,59.0
393968,55.0
394064,86.0
394080,39.0
394160,38.0
394208,26.0
394224,21.0
394304,21.0
394320,89.0
394320,37.0
394320,71.0
394352,47.0
394384,20.0
394528,51.0
394688,23.0
394720,66.0
394736,94.0
394832,103.0
394864,34.0
394960,50.0
394992,38.0
395040,60.0
395104,56.0
395136,38.0
395152,118.0
395200,53.0
395344,41.0
395392,103.0
395408,74.0
395504,42.0
395536,76.0
395600,38.0
395680,33.0
395728,89.0
395776,40.0
396032,22.0
396064,64.0
396064,60.0
396064,54.0
396080,43.0
396080,34.0
396112,32.0
396192,83.0
396192,77.0
396208,44.0
396272,58.0
396288,98.0
396336,35.0
396496,29.0
396544,71.0
396672,37.0
396784,36.0
396864,71.0
396880,43.0
396928,54.0
396960,48.0
396976,40.0
397008,58.0
397088,64.0
397120,66.0
397120,52.0
397136,150.0
397184,43.0
397312,40.0
397360,51.0
397392,24.0
397456,74.0
397488,35.0
397504,45.0
397584,45.0
397648,29.0
397680,35.0
397696,45.0
397744,54.0
397776,26.0
397808,26.0
397920,50.0
397952,51.0
398032,36.0
398032,34.0
398064,24.0
398112,72.0
398128,39.0
398272,135.0
398288,40.0
398336,40.0
398352,48.0
398400,28.0
398416,83.0
398416,69.0
398576,41.0
398624,35.0
398672,25.0
398704,60.0
398720,38.0
398784,23.0
398784,47.0
398832,26.0
398944,38.0
398944,17.0
399040,79.0
399040,63.0
399056,58.0
399056,48.0
399120,34.0
399216,88.0
399248,33.0
399248,29.0
399424,67.0
399472,33.0
399488,27.0
399488,54.0
399552,53.0
399552,32.0
399568,73.0
399584,23.0
399600,48.0
399648,38.0
399728,30.0
399728,38.0
399872,51.0
399888,21.0
399936,43.0
399952,63.0
399968,31.0
400160,42.0
400160,46.0
400192,40.0
400224,36.0
400240,23.0
400272,43.0
400320,24.0
400368,50.0
400384,31.0
400432,44.0
400544,66.0
400672,118.0
400784,35.0
400784,52.0
400800,67.0
400864,31.0
400928,60.0
401040,41.0
401168,63.0
401200,63.0
401216,101.0
401232,67.0
401280,38.0
401280,60.0
401376,37.0
401424,74.0
401424,39.0
401488,35.0
401536,69.0
401600,83.0
401648,30.0
401712,42.0
401872,42.0
401872,68.0
401872,31.0
401888,64.0
402000,49.0
402032,47.0
402208,61.0
402240,33.0
402272,53.0
402320,111.0
402400,54.0
402448,50.0
402656,73.0
402672,87.0
402720,53.0
402720,70.0
402720,52.0
402736,46.0
402800,58.0
402832,35.0
402912,93.0
402912,55.0
403104,41.0
403136,30.0
403152,30.0
403216,61.0
403216,84.0
403296,36.0
403328,38.0
403376,66.0
403392,42.0
403536,39.0
403568,52.0
403584,74.0
403584,23.0
403616,32.0
403728,51.0
403760,27.0
403968,52.0
404128,120.0
404160,36.0
404176,40.0
404176,37.0
404224,87.0
404224,52.0
404256,60.0
404352,61.0
404432,76.0
404432,102.0
404512,56.0
404512,59.0
404544,23.0
404640,55.0
404656,43.0
404720,35.0
404816,24.0
404832,69.0
404832,44.0
404832,20.0
404880,41.0
404880,108.0
404912,46.0
404944,14.0
405056,50.0
405184,40.0
405296,24.0
405344,29.0
405376,64.0
405424,37.0
405456,36.0
405456,40.0
405472,78.0
405472,33.0
405504,62.0
405584,47.0
405584,58.0
405600,60.0
405680,39.0
405712,15.0
405840,23.0
405872,90.0
405936,37.0
405936,32.0
405984,72.0
406112,27.0
406144,27.0
406272,56.0
406272,68.0
406288,62.0
406368,54.0
406464,63.0
406560,43.0
406624,73.0
406640,66.0
406640,44.0
406672,43.0
406720,71.0
406880,80.0
406896,27.0
406944,41.0
407104,34.0
407152,55.0
407168,66.0
407200,66.0
407312,59.0
407376,41.0
407392,48.0
407392,91.0
407424,33.0
407488,38.0
407584,59.0
407648,44.0
407680,65.0
407744,92.0
407824,124.0
407840,40.0
407856,74.0
407920,38.0
407968,51.0
407984,38.0
408112,45.0
408176,67.0
408272,55.0
408288,34.0
408336,31.0
408336,53.0
408368,75.0
408400,61.0
408448,39.0
408512,41.0
408528,34.0
408576,38.0
408672,47.0
408688,65.0
408688,32.0
408784,75.0
408864,37.0
408928,37.0
409008,35.0
409024,31.0
409088,88.0
409136,39.0
409152,47.0
409152,54.0
409264,58.0
409280,37.0
409408,25.0
409456,55.0
409472,50.0
409488,39.0
409520,72.0
409600,93.0
409632,38.0
409648,32.0
409728,40.0
409808,70.0
409936,63.0
409952,30.0
409984,75.0
409984,52.0
410016,47.0
410016,54.0
410032,47.0
410048,26.0
410080,42.0
410112,41.0
410400,26.0
410448,27.0
410496,53.0
410512,35.0
410528,30.0
410544,59.0
410576,40.0
410720,77.0
410848,51.0
410880,30.0
410880,27.0
410944,76.0
410960,61.0
411168,72.0
411184,86.0
411200,68.0
411216,42.0
411232,107.0
411264,43.0
411312,23.0
411328,30.0
411472,61.0
411520,40.0
411584,67.0
411680,50.0
411760,28.0
411904,86.0
411952,49.0
412000,120.0
412048,36.0
412064,19.0
412064,84.0
412112,57.0
412112,72.0
412240,61.0
412352,64.0
412368,26.0
412480,36.0
412512,25.0
412624,36.0
412736,97.0
412752,77.0
412864,50.0
412880,32.0
412880,103.0
412944,29.0
412976,81.0
413008,48.0
413040,58.0
413040,43.0
413104,37.0
413152,72.0
413152,68.0
413312,131.0
413344,29.0
413456,44.0
413552,51.0
413632,37.0
413648,40.0
413648,38.0
413664,43.0
413680,50.0
413712,53.0
413712,25.0
413728,69.0
413744,135.0
413856,44.0
413984,21.0
413984,55.0
414176,45.0
414208,36.0
414256,82.0
414288,46.0
414304,41.0
414304,39.0
414320,21.0
414624,80.0
414624,57.0
414672,60.0
414688,64.0
414720,98.0
414752,27.0
414832,39.0
414848,62.0
414864,71.0
414896,72.0
414928,47.0
414992,63.0
415072,49.0
415232,38.0
415248,33.0
415296,27.0
415312,40.0
415344,32.0
415376,70.0
415408,69.0
415568,31.0
415568,55.0
415616,13.0
415648,64.0
415648,45.0
415664,51.0
415728,31.0
415920,58.0
415936,37.0
415968,25.0
416000,27.0
416016,79.0
416032,49.0
416048,46.0
416064,110.0
416128,29.0
416144,53.0
416176,80.0
416288,57.0
416352,18.0
416448,19.0
416496,48.0
416512,24.0
416512,32.0
416560,57.0
416576,34.0
416592,36.0
416672,11.0
416720,47.0
416736,68.0
416752,71.0
416816,33.0
416960,57.0
416992,27.0
417008,68.0
417056,70.0
417168,45.0
417184,38.0
417232,35.0
417264,47.0
417280,48.0
417568,47.0
417568,52.0
417568,76.0
417600,40.0
417632,55.0
417680,39.0
417888,38.0
417936,84.0
418032,65.0
418032,53.0
418048,49.0
418096,33.0
418208,65.0
418224,34.0
418240,22.0
418256,43.0
418288,98.0
418304,133.0
418336,69.0
418336,46.0
418384,86.0
418464,52.0
418640,24.0
418640,67.0
418816,45.0
418896,43.0
418912,17.0
418944,44.0
418992,66.0
419072,65.0
419072,27.0
419104,50.0
419152,48.0
419216,62.0
419248,60.0
419264,50.0
419408,37.0
419472,89.0
419520,74.0
419584,97.0
419616,42.0
419616,44.0
419776,49.0
419824,36.0
419840,48.0
419920,99.0
419936,45.0
419984,68.0
420048,29.0
420240,73.0
420288,51.0
420320,50.0
420336,32.0
420352,78.0
420464,39.0
420592,83.0
420672,79.0
420672,43.0
420672,47.0
420688,96.0
420736,70.0
420752,61.0
420816,33.0
420816,48.0
420880,35.0
420960,38.0
421152,96.0
421248,35.0
421264,37.0
421296,44.0
421328,87.0
421376,57.0
421376,65.0
421440,48.0
421584,48.0
421632,47.0
421632,51.0
421632,42.0
421632,24.0
421664,57.0
421664,62.0
421792,29.0
421856,70.0
422000,53.0
422112,53.0
422128,34.0
422176,32.0
422240,38.0
422256,37.0
422288,57.0
422320,13.0
422368,46.0
422400,135.0
422496,54.0
422544,78.0
422576,25.0
422640,63.0
422704,83.0
422720,45.0
422768,28.0
422816,15.0
422848,62.0
422896,41.0
422912,34.0
422912,39.0
422992,54.0
423056,79.0
423088,37.0
423232,37.0
423280,27.0
423376,61.0
423408,44.0
423424,21.0
423456,35.0
423472,127.0
423504,37.0
423600,49.0
423648,87.0
423664,42.0
423680,57.0
423680,71.0
423712,19.0
423776,45.0
423824,69.0
423856,22.0
423856,24.0
423888,61.0
424096,40.0
424112,16.0
424160,49.0
424240,36.0
424320,68.0
424336,57.0
424368,68.0
424384,44.0
424512,25.0
424576,58.0
424672,51.0
424672,36.0
424688,61.0
424688,50.0
424720,30.0
424736,26.0
424752,58.0
424848,78.0
425088,45.0
425136,61.0
425264,37.0
425280,33.0
425312,102.0
425344,63.0
425392,101.0
425408,42.0
425408,46.0
425504,70.0
425552,65.0
425600,64.0
425664,25.0
425696,35.0
425840,70.0
425856,73.0
425920,67.0
425968,55.0
426000,43.0
426064,41.0
426160,38.0
426160,92.0
426240,60.0
426288,49.0
426320,39.0
426480,40.0
426496,72.0
426560,44.0
426576,32.0
426592,37.0
426672,80.0
426672,79.0
426720,66.0
426800,40.0
426848,35.0
426880,25.0
426912,59.0
426960,29.0
426992,26.0
427024,22.0
427184,54.0
427216,39.0
427312,72.0
427312,47.0
427408,93.0
427472,50.0
427488,118.0
427520,50.0
427696,24.0
427776,47.0
427808,56.0
427904,69.0
427920,67.0
427936,61.0
427968,108.0
427968,35.0
428160,59.0
428256,49.0
428304,62.0
428336,33.0
428336,23.0
428368,86.0
428400,27.0
428560,105.0
428608,89.0
428672,74.0
428720,24.0
428800,40.0
428848,30.0
428864,73.0
428880,69.0
428896,14.0
428992,66.0
429008,93.0
429008,44.0
429216,60.0
429216,55.0
429232,39.0
429296,56.0
429328,38.0
429328,48.0
429408,93.0
429488,38.0
429488,39.0
429536,43.0
429744,59.0
429760,47.0
429840,59.0
429856,40.0
429904,56.0
429968,42.0
429984,130.0
429984,31.0
430000,37.0
430112,49.0
430128,71.0
430160,39.0
430192,60.0
430352,24.0
430400,26.0
430416,35.0
430448,70.0
430464,29.0
430496,46.0
430528,34.0
430592,47.0
430656,34.0
430672,74.0
430752,96.0
430816,29.0
430848,28.0
430864,70.0
430864,46.0
430912,28.0
430928,64.0
430944,26.0
430992,25.0
431024,38.0
431312,72.0
431312,24.0
431424,58.0
431456,37.0
431472,45.0
431552,69.0
431552,35.0
431600,59.0
431616,44.0
431696,47.0
431760,57.0
431760,56.0
431792,30.0
431808,31.0
431808,62.0
431904,55.0
431984,14.0
431984,27.0
432032,85.0
432096,119.0
432128,36.0
432224,50.0
432256,35.0
432368,35.0
432416,51.0
432416,24.0
432464,53.0
432496,43.0
432512,38.0
432528,66.0
432544,68.0
432704,38.0
432720,60.0
432768,61.0
432880,24.0
432896,33.0
432912,58.0
433024,50.0
433040,36.0
433040,31.0
433056,40.0
433056,58.0
433088,35.0
433184,75.0
433200,27.0
433216,44.0
433280,36.0
433344,68.0
433408,32.0
433472,26.0
433472,66.0
433472,37.0
433504,37.0
433536,51.0
433568,22.0
433616,36.0
433632,38.0
433680,31.0
433712,39.0
433760,44.0
433904,27.0
434048,53.0
434064,49.0
434080,29.0
434112,36.0
434128,68.0
434224,55.0
434320,53.0
434368,29.0
434384,47.0
434384,51.0
434400,62.0
434432,45.0
434496,24.0
434528,29.0
434784,64.0
434800,81.0
434848,45.0
434864,29.0
434896,32.0
434960,55.0
434976,81.0
435008,96.0
435168,46.0
435184,41.0
435184,54.0
435216,27.0
435248,75.0
435392,63.0
435392,31.0
435440,36.0
435456,30.0
435712,54.0
435904,41.0
435920,97.0
435968,47.0
436016,63.0
436016,39.0
436048,114.0
436048,97.0
436080,57.0
436160,45.0
436192,77.0
436224,48.0
436240,66.0
436272,92.0
436432,78.0
436432,24.0
436544,33.0
436576,42.0
436848,48.0
436928,46.0
436960,33.0
437008,60.0
437040,83.0
437072,57.0
437104,52.0
437184,76.0
437264,117.0
437344,57.0
437408,73.0
437456,28.0
437536,38.0
437552,23.0
437680,91.0
437712,11.0
437744,42.0
437744,114.0
437792,24.0
437888,39.0
437888,53.0
437952,38.0
437968,122.0
438096,62.0
438176,27.0
438208,102.0
438240,80.0
438256,107.0
438304,39.0
438352,50.0
438384,37.0
438400,32.0
438464,45.0
438592,44.0
438608,110.0
438608,56.0
438608,23.0
438672,26.0
438704,31.0
438752,25.0
438752,36.0
438784,51.0
438800,44.0
438848,87.0
438976,37.0
439008,38.0
439104,22.0
439120,21.0
439200,22.0
439216,38.0
439264,42.0
439264,41.0
439328,54.0
439552,59.0
439584,57.0
439600,53.0
439616,32.0
439632,58.0
439696,27.0
439776,61.0
439808,52.0
439856,97.0
439872,120.0
439920,50.0
439936,42.0
440096,34.0
440096,48.0
440112,69.0
440176,60.0
440224,33.0
440240,40.0
440256,42.0
440320,34.0
440416,34.0
440496,55.0
440512,26.0
440576,25.0
440608,88.0
440608,50.0
440624,44.0
440672,65.0
440720,30.0
440736,55.0
440752,51.0
440832,32.0
440848,46.0
440864,38.0
440880,29.0
440912,19.0
440912,51.0
440944,23.0
441056,12.0
441056,20.0
441072,36.0
441104,24.0
441200,20.0
441232,35.0
441248,46.0
441264,41.0
441424,11.0
441440,31.0
441472,53.0
441488,79.0
441616,44.0
441712,50.0
441728,41.0
441840,38.0
441872,64.0
441984,55.0
442000,33.0
442032,48.0
442064,54.0
442080,64.0
442112,80.0
442208,45.0
442272,35.0
442304,97.0
442320,56.0
442352,39.0
442416,61.0
442464,53.0
442560,45.0
442560,35.0
442688,102.0
442800,46.0
442832,33.0
442944,60.0
442944,54.0
442960,40.0
443008,50.0
443008,61.0
443136,28.0
443168,38.0
443216,26.0
443344,13.0
443376,23.0
443424,29.0
443440,61.0
443456,39.0
443552,80.0
443552,38.0
443584,107.0
443600,65.0
443632,80.0
443824,38.0
443840,26.0
443904,22.0
443904,46.0
443920,94.0
443920,113.0
443952,59.0
444048,28.0
444160,76.0
444192,40.0
444192,23.0
444320,43.0
444320,55.0
444368,26.0
444400,59.0
444432,68.0
444448,25.0
444448,34.0
444560,61.0
444576,42.0
444672,81.0
444688,48.0
444704,54.0
444784,39.0
444800,55.0
444864,27.0
444912,32.0
445040,45.0
445056,46.0
445056,43.0
445120,58.0
445136,21.0
445232,49.0
445264,43.0
445392,43.0
445456,25.0
445456,26.0
445520,53.0
445552,40.0
445584,22.0
445584,64.0
445616,73.0
445632,36.0
445824,60.0
445824,23.0
445840,44.0
445840,72.0
445872,105.0
445920,41.0
446176,49.0
446192,22.0
446272,47.0
446336,47.0
446416,81.0
446496,14.0
446512,66.0
446528,43.0
446624,65.0
446640,64.0
446688,119.0
446704,49.0
446784,38.0
446784,23.0
446784,60.0
446800,73.0
446816,79.0
446928,37.0
446928,46.0
446992,70.0
447104,80.0
447248,35.0
447264,40.0
447312,50.0
447392,29.0
447408,39.0
447424,56.0
447664,42.0
447680,56.0
447760,66.0
447792,54.0
447808,62.0
447952,82.0
447952,35.0
448000,36.0
448016,76.0
448032,58.0
448080,20.0
448096,52.0
448160,104.0
448272,93.0
448368,70.0
448384,67.0
448432,40.0
448560,38.0
448608,36.0
448624,39.0
448672,79.0
448736,45.0
448800,71.0
448896,50.0
448928,16.0
448976,51.0
449056,43.0
449104,11.0
449136,91.0
449200,87.0
449216,59.0
449232,50.0
449296,46.0
449344,34.0
449424,23.0
449424,43.0
449440,93.0
449472,31.0
449520,19.0
449536,91.0
449600,61.0
449712,83.0
449776,34.0
449776,55.0
449840,31.0
449856,45.0
449872,79.0
450048,28.0
450080,41.0
450112,63.0
450144,53.0
450176,46.0
450256,66.0
450368,37.0
450400,39.0
450400,55.0
450416,34.0
450496,60.0
450528,42.0
450576,25.0
450624,49.0
450640,37.0
450656,74.0
450688,79.0
450720,40.0
450800,17.0
451008,54.0
451040,40.0
451040,49.0
451056,35.0
451216,50.0
451328,47.0
451360,103.0
451360,42.0
451360,44.0
451392,47.0
451392,64.0
451520,30.0
451568,91.0
451616,35.0
451680,80.0
451712,57.0
451728,69.0
451776,35.0
451856,53.0
451856,33.0
451904,32.0
452032,62.0
452048,33.0
452112,25.0
452160,27.0
452160,48.0
452256,56.0
452288,98.0
452544,43.0
452576,45.0
452624,79.0
452688,57.0
452816,41.0
452832,49.0
452912,97.0
452960,26.0
452992,52.0
453024,28.0
453072,94.0
453072,60.0
453088,88.0
453200,32.0
453248,62.0
453264,103.0
453312,80.0
453408,21.0
453424,14.0
453520,56.0
453600,40.0
453616,39.0
453664,47.0
453680,87.0
453712,40.0
453776,60.0
453808,61.0
453872,39.0
453920,126.0
453968,59.0
454048,60.0
454048,49.0
454144,52.0
454160,34.0
454288,30.0
454320,45.0
454320,28.0
454368,53.0
454448,46.0
454464,43.0
454512,68.0
454736,14.0
454768,45.0
454896,27.0
454896,77.0
454912,94.0
454944,13.0
454960,40.0
455072,69.0
455088,45.0
455120,60.0
455120,90.0
455136,51.0
455152,63.0
455264,84.0
455312,64.0
455344,28.0
455360,57.0
455680,46.0
455712,47.0
455728,24.0
455744,39.0
455776,29.0
455824,46.0
455904,40.0
456000,55.0
456112,84.0
456176,64.0
456208,135.0
456224,28.0
456256,36.0
456352,62.0
456368,41.0
456448,97.0
456464,40.0
456496,48.0
456656,12.0
456672,96.0
456672,100.0
456672,19.0
456752,31.0
456864,70.0
456960,60.0
457008,41.0
457008,131.0
457008,69.0
457088,40.0
457120,63.0
457136,29.0
457264,38.0
457344,73.0
457408,34.0
457520,81.0
457536,65.0
457568,38.0
457568,56.0
457584,52.0
457712,37.0
457728,45.0
457776,48.0
457888,30.0
457888,47.0
457888,55.0
457952,54.0
458016,113.0
458064,87.0
458112,36.0
458208,43.0
458240,56.0
458416,52.0
458464,28.0
458544,51.0
458544,41.0
458576,29.0
458608,56.0
458624,66.0
458704,47.0
458736,60.0
458784,95.0
458816,25.0
458832,39.0
458928,54.0
458976,68.0
458992,47.0
459104,35.0
459200,41.0
459280,42.0
459296,37.0
459360,92.0
459440,54.0
459456,62.0
459472,46.0
459568,36.0
459728,69.0
459744,29.0
459744,136.0
459872,65.0
459888,60.0
459904,68.0
459904,70.0
459952,61.0
459952,31.0
459968,48.0
460112,63.0
460112,47.0
460128,24.0
460192,45.0
460384,68.0
460432,29.0
460480,38.0
460576,71.0
460576,43.0
460592,54.0
460608,65.0
460656,47.0
460672,45.0
460688,49.0
460736,22.0
460736,62.0
460944,51.0
461008,56.0
461024,57.0
461072,40.0
461072,31.0
461072,70.0
461088,38.0
461104,32.0
461104,28.0
461184,31.0
461296,39.0
461312,46.0
461344,38.0
461360,39.0
461376,22.0
461440,23.0
461568,60.0
461600,33.0
461616,32.0
461664,35.0
461664,41.0
461776,29.0
461840,31.0
461856,49.0
461888,44.0
461936,31.0
461968,37.0
462032,115.0
462064,44.0
462192,56.0
462256,37.0
462304,40.0
462496,38.0
462672,69.0
462672,23.0
462704,58.0
462768,114.0
462784,73.0
462800,54.0
462816,53.0
462864,38.0
462960,69.0
463008,88.0
463088,66.0
463152,68.0
463168,130.0
463168,23.0
463184,62.0
463280,49.0
463344,42.0
463376,38.0
463408,46.0
463408,44.0
463504,45.0
463552,46.0
463600,40.0
463600,28.0
463600,14.0
463616,28.0
463648,23.0
463648,40.0
463808,59.0
463808,39.0
463824,41.0
463824,46.0
463856,19.0
463904,25.0
463984,134.0
463984,36.0
464000,41.0
464160,32.0
464208,19.0
464224,38.0
464240,40.0
464320,42.0
464400,37.0
464416,51.0
464464,40.0
464512,22.0
464528,70.0
464560,44.0
464608,49.0
464736,58.0
464752,48.0
464768,48.0
464784,34.0
464848,40.0
464960,46.0
464976,62.0
464992,87.0
465024,29.0
465088,35.0
465136,33.0
465184,48.0
465184,45.0
465248,31.0
465312,57.0
465312,50.0
465568,49.0
465616,53.0
465632,34.0
465632,20.0
465712,45.0
465744,35.0
465856,55.0
465904,73.0
466064,58.0
466160,33.0
466208,85.0
466208,29.0
466272,23.0
466304,42.0
466352,49.0
466400,130.0
466432,78.0
466480,26.0
466544,52.0
466608,81.0
466624,86.0
466672,66.0
466720,106.0
466720,28.0
466736,55.0
466768,35.0
466768,38.0
466800,37.0
466864,35.0
466880,33.0
466976,27.0
467008,36.0
467024,26.0
467184,139.0
467312,28.0
467328,44.0
467360,35.0
467360,39.0
467376,25.0
467392,45.0
467392,24.0
467408,43.0
467440,45.0
467568,73.0
467584,25.0
467648,39.0
467744,61.0
467776,24.0
467792,27.0
467888,63.0
467936,39.0
467952,35.0
467968,37.0
468016,96.0
468208,90.0
468320,60.0
468480,46.0
468496,45.0
468496,44.0
468560,70.0
468576,58.0
468576,39.0
468720,72.0
468736,45.0
468752,49.0
468752,89.0
468816,38.0
468848,60.0
468896,26.0
468944,39.0
469008,32.0
469168,28.0
469232,103.0
469248,115.0
469264,44.0
469280,44.0
469344,53.0
469376,40.0
469424,42.0
469440,54.0
469472,45.0
469536,100.0
469664,51.0
469680,19.0
469744,36.0
469760,51.0
469776,48.0
469856,27.0
469968,46.0
469968,44.0
470048,77.0
470096,75.0
470176,40.0
470208,29.0
470288,39.0
470288,27.0
470336,54.0
470336,23.0
470352,42.0
470448,63.0
470496,72.0
470576,81.0
470672,56.0
470704,46.0
470736,28.0
470736,93.0
470752,44.0
470768,35.0
470832,30.0
470896,38.0
470976,55.0
471120,39.0
471136,50.0
471216,30.0
471232,29.0
471248,42.0
471264,94.0
471280,34.0
471312,71.0
471328,12.0
471344,32.0
471424,61.0
471424,45.0
471680,49.0
471680,63.0
471696,36.0
471760,32.0
471808,34.0
471904,30.0
471920,37.0
471936,74.0
472016,50.0
472096,54.0
472192,53.0
472240,119.0
472304,55.0
472320,84.0
472320,65.0
472416,69.0
472432,12.0
472432,47.0
472496,43.0
472560,39.0
472576,30.0
472608,53.0
472608,58.0
472688,48.0
472720,51.0
472864,23.0
472928,38.0
472928,57.0
472960,33.0
473072,40.0
473120,51.0
473136,90.0
473136,36.0
473184,62.0
473216,38.0
473408,68.0
473616,63.0
473664,46.0
473808,70.0
473840,44.0
473872,81.0
473920,46.0
473936,67.0
473936,95.0
473984,79.0
474000,49.0
474160,22.0
474208,68.0
474240,73.0
474256,53.0
474288,83.0
474320,24.0
474352,30.0
474400,35.0
474432,51.0
474672,32.0
474704,111.0
474720,25.0
474752,47.0
474768,52.0
474784,103.0
474816,52.0
474912,62.0
475056,41.0
475184,47.0
475296,30.0
475328,41.0
475376,39.0
475456,75.0
475472,77.0
475488,75.0
475488,114.0
475504,46.0
475504,72.0
475536,39.0
475680,92.0
475680,61.0
475696,40.0
475728,22.0
475792,67.0
475856,24.0
475888,27.0
475904,26.0
476032,53.0
476032,78.0
476080,47.0
476160,54.0
476224,45.0
476304,51.0
476352,39.0
476368,43.0
476384,53.0
476400,44.0
476464,38.0
476528,64.0
476544,47.0
476592,35.0
476640,46.0
476656,31.0
476704,42.0
476928,65.0
477008,41.0
477072,53.0
477120,90.0
477136,66.0
477168,33.0
477200,56.0
477200,51.0
477232,43.0
477264,38.0
477312,59.0
477312,57.0
477360,41.0
477376,49.0
477392,12.0
477408,25.0
477648,36.0
477648,70.0
477664,31.0
477792,83.0
477808,42.0
477840,45.0
477856,41.0
477888,33.0
477920,33.0
478016,47.0
478048,42.0
478064,52.0
478128,51.0
478160,53.0
478176,78.0
478240,24.0
478240,52.0
478256,29.0
478256,38.0
478320,25.0
478320,30.0
478368,30.0
478464,51.0
478480,42.0
478576,28.0
478576,33.0
478640,39.0
478672,63.0
478704,28.0
478752,27.0
478784,39.0
478784,29.0
478864,43.0
478912,27.0
478912,42.0
478976,46.0
479120,66.0
479200,26.0
479216,53.0
479264,30.0
479280,44.0
479312,42.0
479392,30.0
479472,50.0
479504,47.0
479616,26.0
479680,76.0
479856,46.0
479872,101.0
479888,61.0
480048,49.0
480080,76.0
480176,60.0
480224,45.0
480256,61.0
480256,105.0
480272,37.0
480320,44.0
480416,59.0
480448,71.0
480512,113.0
480560,43.0
480656,79.0
480704,51.0
480736,35.0
480768,16.0
480864,63.0
480896,42.0
480928,122.0
480928,55.0
481040,49.0
481168,56.0
481184,39.0
481184,46.0
481200,34.0
481296,65.0
481376,60.0
481424,69.0
481424,84.0
481440,36.0
481456,26.0
481520,21.0
481520,37.0
481632,46.0
481712,33.0
481760,62.0
481936,77.0
481984,49.0
482032,41.0
482064,38.0
482080,72.0
482080,49.0
482096,85.0
482160,46.0
482208,14.0
482256,34.0
482352,52.0
482464,64.0
482480,82.0
482528,17.0
482544,64.0
482608,28.0
482656,56.0
482656,64.0
482704,39.0
482704,39.0
482720,41.0
482752,51.0
482784,43.0
482848,89.0
482896,43.0
482976,31.0
482992,28.0
483040,63.0
483056,37.0
483072,45.0
483200,34.0
483344,46.0
483376,53.0
483408,41.0
483440,49.0
483488,26.0
483536,52.0
483616,52.0
483664,39.0
483680,61.0
483696,50.0
483744,56.0
483792,50.0
483840,25.0
483856,41.0
483952,36.0
484032,31.0
484032,43.0
484096,22.0
484112,27.0
484128,67.0
484160,13.0
484320,18.0
484448,41.0
484480,54.0
484496,95.0
484512,26.0
484512,30.0
484512,42.0
484544,66.0
484560,115.0
484688,64.0
484768,38.0
484800,42.0
484816,88.0
484864,22.0
484896,25.0
484912,76.0
484912,25.0
484912,66.0
484928,51.0
485120,12.0
485120,40.0
485200,47.0
485216,33.0
485232,45.0
485376,66.0
485392,31.0
485424,32.0
485504,18.0
485504,43.0
485568,64.0
485584,49.0
485632,32.0
485664,50.0
485712,59.0
485728,14.0
485792,55.0
486000,55.0
486128,58.0
486144,36.0
486176,34.0
486288,66.0
486288,108.0
486352,43.0
486368,61.0
486384,60.0
486384,63.0
486448,54.0
486528,24.0
486576,12.0
486592,68.0
486720,62.0
486736,114.0
486768,61.0
486848,35.0
486864,54.0
486928,47.0
486944,77.0
487072,31.0
487248,25.0
487264,51.0
487280,62.0
487296,44.0
487376,41.0
487376,40.0
487408,64.0
487456,68.0
487456,33.0
487600,33.0
487632,69.0
487648,81.0
487664,96.0
487712,28.0
487744,50.0
487824,66.0
487872,37.0
487872,39.0
487968,37.0
488016,38.0
488032,23.0
488032,25.0
488048,47.0
488272,39.0
488352,30.0
488384,95.0
488384,32.0
488480,28.0
488496,42.0
488512,34.0
488560,60.0
488576,54.0
488576,75.0
488624,73.0
488624,22.0
488720,43.0
488832,16.0
488864,53.0
488864,32.0
488864,22.0
488896,90.0
488928,34.0
489056,27.0
489056,63.0
489072,32.0
489088,29.0
489104,33.0
489120,25.0
489168,89.0
489264,25.0
489280,50.0
489456,33.0
489456,60.0
489488,69.0
489552,29.0
489552,43.0
489568,46.0
489696,52.0
489744,42.0
489760,40.0
489760,41.0
489840,49.0
490000,46.0
490032,61.0
490080,74.0
490112,34.0
490208,47.0
490272,69.0
490352,50.0
490384,39.0
490400,59.0
490432,43.0
490512,30.0
490560,28.0
490560,54.0
490736,56.0
490784,44.0
490800,65.0
490896,56.0
490976,26.0
490976,89.0
490976,44.0
491008,95.0
491056,31.0
491056,39.0
491088,55.0
491088,113.0
491136,46.0
491152,50.0
491184,11.0
491200,29.0
491296,31.0
491344,23.0
491392,63.0
491392,31.0
491488,32.0
491520,34.0
491584,33.0
491664,36.0
491680,56.0
491696,34.0
491744,28.0
491776,27.0
491808,47.0
491824,46.0
491920,33.0
491968,52.0
492000,14.0
492112,100.0
492192,50.0
492256,67.0
492272,29.0
492272,38.0
492320,50.0
492320,46.0
492368,28.0
492384,74.0
492400,57.0
492432,38.0
492528,52.0
492576,24.0
492640,40.0
492720,38.0
492800,26.0
492816,26.0
492896,39.0
492944,39.0
492944,61.0
492992,42.0
493008,46.0
493136,26.0
493152,39.0
493280,96.0
493312,59.0
493344,22.0
493344,34.0
493344,25.0
493392,51.0
493584,72.0
493616,121.0
493632,86.0
493728,28.0
493728,57.0
493760,38.0
493840,59.0
493872,33.0
493888,34.0
493952,82.0
494192,53.0
494240,23.0
494288,42.0
494352,39.0
494368,46.0
494464,91.0
494464,83.0
494496,46.0
494496,74.0
494512,98.0
494528,50.0
494592,25.0
494592,44.0
494608,41.0
494656,51.0
494704,70.0
494800,88.0
494880,40.0
495008,41.0
495040,47.0
495056,28.0
495088,27.0
495120,33.0
495200,44.0
495312,53.0
495328,54.0
495328,60.0
495360,53.0
495408,51.0
495568,35.0
495568,28.0
495584,31.0
495744,65.0
495744,24.0
495760,44.0
495760,35.0
495776,12.0
495792,79.0
495824,64.0
495856,28.0
496080,75.0
496112,101.0
496160,52.0
496176,54.0
496192,39.0
496304,34.0
496384,40.0
496432,40.0
496480,90.0
496496,42.0
496512,41.0
496512,74.0
496608,52.0
496656,36.0
496672,35.0
496704,71.0
496800,39.0
496816,39.0
496832,25.0
496912,26.0
496912,38.0
497104,39.0
497136,87.0
497216,35.0
497264,94.0
497264,37.0
497264,47.0
497280,36.0
497392,63.0
497456,81.0
497536,44.0
497552,47.0
497552,46.0
497632,33.0
497712,50.0
497712,69.0
497712,28.0
497760,53.0
497840,83.0
497872,37.0
498000,28.0
498048,31.0
498064,50.0
498096,52.0
498128,37.0
498160,44.0
498272,40.0
498352,14.0
498400,79.0
498416,64.0
498416,44.0
498448,46.0
498448,77.0
498448,28.0
498464,44.0
498480,38.0
498656,38.0
498704,40.0
498784,39.0
498864,64.0
498912,35.0
498928,52.0
499040,40.0
499056,40.0
499136,45.0
499216,48.0
499232,95.0
499328,39.0
499376,58.0
499456,33.0
499520,65.0
499568,81.0
499584,50.0
499600,71.0
499616,30.0
499696,20.0
499712,53.0
499744,44.0
499856,75.0
499888,52.0
499904,42.0
499968,32.0
500048,71.0
500112,49.0
500144,35.0
500176,36.0
500320,38.0
500336,70.0
500352,31.0
500368,53.0
500384,121.0
500528,57.0
500560,32.0
500560,54.0
500560,42.0
500560,41.0
500576,52.0
500608,31.0
500608,65.0
500864,21.0
500864,32.0
500896,45.0
500912,59.0
500944,50.0
501056,42.0
501088,30.0
501088,47.0
501168,53.0
501216,40.0
501232,42.0
501264,56.0
501280,45.0
501376,48.0
501408,22.0
501424,54.0
501488,58.0
501536,28.0
501712,48.0
501744,29.0
501744,36.0
501808,37.0
501824,21.0
501824,37.0
501856,62.0
501920,63.0
501936,32.0
501984,45.0
502032,59.0
502032,31.0
502080,74.0
502176,82.0
502192,49.0
502272,28.0
502320,38.0
502368,32.0
502464,40.0
502480,46.0
502480,69.0
502496,47.0
502592,32.0
502656,39.0
502720,49.0
502752,52.0
502816,52.0
502832,40.0
502864,43.0
502864,66.0
502960,43.0
503008,34.0
503088,38.0
503120,39.0
503120,68.0
503136,41.0
503152,49.0
503360,38.0
503376,32.0
503376,32.0
503504,26.0
503552,77.0
503680,35.0
503696,43.0
503728,37.0
503728,56.0
503728,36.0
503824,69.0
503840,74.0
503872,57.0
503968,72.0
504096,37.0
504112,95.0
504208,68.0
504240,55.0
504256,35.0
504272,25.0
504288,57.0
504336,38.0
504432,37.0
504464,68.0
504512,19.0
504592,65.0
504608,49.0
504704,12.0
504704,28.0
504736,39.0
504752,32.0
504816,30.0
504816,24.0
504912,59.0
505040,48.0
505056,86.0
505072,49.0
505088,85.0
505120,26.0
505232,48.0
505248,34.0
505264,41.0
505264,32.0
505328,46.0
505408,37.0
505552,27.0
505568,52.0
505664,121.0
505744,41.0
505792,55.0
505888,112.0
505904,21.0
505984,73.0
506032,50.0
506032,49.0
506032,30.0
506064,63.0
506064,62.0
506096,43.0
506160,26.0
506256,58.0
506288,64.0
506496,44.0
506496,37.0
506544,32.0
506656,39.0
506704,65.0
506704,90.0
506768,32.0
506768,49.0
506816,58.0
506880,51.0
506928,27.0
506928,56.0
506960,120.0
507024,54.0
507056,62.0
507072,36.0
507136,23.0
507216,25.0
507232,71.0
507312,48.0
507456,43.0
507472,51.0
507536,52.0
507632,35.0
507680,87.0
507744,27.0
507776,35.0
507808,36.0
507808,53.0
507856,58.0
507888,52.0
507904,48.0
507968,21.0
508016,71.0
508096,73.0
508096,22.0
508112,88.0
508144,23.0
508176,23.0
508176,45.0
508256,49.0
508352,29.0
508496,25.0
508544,23.0
508544,95.0
508560,24.0
508656,70.0
508720,54.0
508736,39.0
508768,26.0
508816,53.0
508864,45.0
508944,24.0
508976,45.0
508976,67.0
509008,32.0
509024,84.0
509104,35.0
509216,28.0
509264,73.0
509264,78.0
509328,95.0
509392,46.0
509440,26.0
509472,41.0
509488,32.0
509568,52.0
509696,52.0
509712,44.0
509744,75.0
509824,53.0
509872,30.0
509904,43.0
510144,28.0
510160,45.0
510176,43.0
510192,58.0
510240,95.0
510240,81.0
510256,49.0
510384,66.0
510432,38.0
510432,83.0
510512,48.0
510512,38.0
510544,24.0
510560,43.0
510576,54.0
510640,67.0
510720,36.0
510736,34.0
510816,27.0
510896,41.0
511040,49.0
511136,60.0
511136,36.0
511168,39.0
511312,55.0
511360,70.0
511392,133.0
511408,56.0
511456,40.0
511584,63.0
511600,27.0
511632,31.0
511776,65.0
511776,66.0
511808,73.0
511856,29.0
511856,51.0
511936,65.0
511952,95.0
512000,37.0
512032,56.0
512048,29.0
512064,27.0
512160,50.0
512224,57.0
512224,39.0
512288,52.0
512304,33.0
512336,19.0
512384,36.0
512416,40.0
512496,27.0
512592,46.0
512592,130.0
512624,42.0
512656,45.0
512672,39.0
512720,54.0
512768,48.0
512864,30.0
512896,30.0
512928,48.0
512944,45.0
512960,41.0
512960,12.0
512976,43.0
513088,37.0
513264,42.0
513280,43.0
513376,44.0
513472,71.0
513536,37.0
513616,33.0
513664,44.0
513680,44.0
513696,46.0
513744,51.0
513808,57.0
513856,102.0
513920,14.0
514032,73.0
514080,51.0
514080,44.0
514128,94.0
514128,37.0
514208,97.0
514208,46.0
514384,40.0
514480,75.0
514512,44.0
514544,21.0
514624,63.0
514672,62.0
514784,25.0
514816,43.0
514832,57.0
514864,52.0
514912,27.0
514976,56.0
515072,88.0
515104,37.0
515136,63.0
515136,58.0
515200,24.0
515216,42.0
515216,37.0
515264,88.0
515296,161.0
515408,27.0
515456,86.0
515504,45.0
515584,42.0
515616,34.0
515696,37.0
515744,67.0
515760,58.0
515776,35.0
515792,24.0
515936,40.0
515984,48.0
516096,32.0
516144,24.0
516144,63.0
516144,63.0
516160,34.0
516160,81.0
516176,57.0
516176,61.0
516208,47.0
516352,26.0
516368,54.0
516416,40.0
516656,31.0
516704,45.0
516704,34.0
516752,24.0
516864,70.0
516912,51.0
517008,50.0
517008,54.0
517024,42.0
517056,40.0
517152,85.0
517184,93.0
517232,68.0
517376,42.0
517440,81.0
517536,33.0
517680,61.0
517696,95.0
517728,61.0
517808,41.0
517840,74.0
517888,52.0
517904,65.0
517952,36.0
517984,47.0
518032,70.0
518128,69.0
518208,42.0
518368,58.0
518384,44.0
518528,40.0
518576,28.0
518592,38.0
518688,94.0
518720,64.0
518800,26.0
518816,57.0
518848,65.0
518928,68.0
518960,63.0
518976,175.0
518976,48.0
518992,79.0
519104,131.0
519168,71.0
519248,41.0
519312,39.0
519328,60.0
519360,49.0
519360,52.0
519408,43.0
519552,36.0
519568,47.0
519584,38.0
519776,28.0
519808,53.0
519824,29.0
519824,36.0
519840,53.0
519872,44.0
519968,41.0
520064,31.0
520064,30.0
520080,42.0
520256,44.0
520304,94.0
520352,62.0
520368,34.0
520368,34.0
520480,44.0
520496,39.0
520576,46.0
520624,35.0
520624,95.0
520704,116.0
520720,47.0
520784,33.0
520800,62.0
520896,52.0
520928,125.0
520992,23.0
521104,38.0
521120,47.0
521152,23.0
521152,42.0
521168,37.0
521264,34.0
521264,56.0
521360,46.0
521360,66.0
521600,42.0
521648,18.0
521744,37.0
521776,26.0
521792,43.0
521808,63.0
521904,97.0
521904,114.0
521920,58.0
521936,65.0
522000,25.0
522000,53.0
522096,52.0
522128,89.0
522160,65.0
522192,24.0
522224,60.0
522272,30.0
522320,42.0
522416,78.0
522448,34.0
522464,45.0
522560,27.0
522672,47.0
522688,43.0
522704,48.0
522832,24.0
522864,44.0
522864,48.0
522928,29.0
522960,66.0
522976,61.0
523056,46.0
523056,54.0
523152,46.0
523216,59.0
523248,92.0
523280,66.0
523376,43.0
523408,22.0
523440,48.0
523456,39.0
523520,41.0
523552,25.0
523664,43.0
523664,24.0
523760,56.0
523808,25.0
523904,84.0
524048,37.0
524080,54.0
524112,74.0
524128,47.0
524144,90.0
524144,74.0
524176,70.0
524192,59.0
524496,59.0
524512,67.0
524592,52.0
524672,35.0
524704,56.0
524736,67.0
524976,91.0
525056,57.0
525088,63.0
525136,29.0
525152,35.0
525200,64.0
525216,73.0
525216,64.0
525232,83.0
525296,37.0
525360,77.0
525488,61.0
525504,85.0
525568,21.0
525600,28.0
525600,24.0
525664,33.0
525696,75.0
525744,48.0
525760,64.0
525808,47.0
525904,26.0
525936,45.0
525968,55.0
526032,27.0
526112,57.0
526144,40.0
526144,34.0
526176,157.0
526224,26.0
526240,21.0
526320,36.0
526336,65.0
526384,45.0
526448,43.0
526496,24.0
526576,25.0
526672,22.0
526736,73.0
526752,33.0
526864,45.0
526912,61.0
527056,68.0
527056,106.0
527056,85.0
527184,50.0
527200,28.0
527248,63.0
527264,43.0
527328,62.0
527456,25.0
527616,55.0
527616,26.0
527632,28.0
527696,75.0
527712,98.0
527728,66.0
527872,51.0
527904,65.0
527920,54.0
527936,42.0
527936,93.0
528000,123.0
528032,44.0
528224,32.0
528288,35.0
528320,43.0
528320,39.0
528352,46.0
528384,32.0
528480,34.0
528480,34.0
528480,98.0
528512,30.0
528592,84.0
528608,72.0
528640,46.0
528720,69.0
528864,34.0
528976,41.0
529024,40.0
529056,44.0
529120,75.0
529168,59.0
529296,63.0
529488,61.0
529520,65.0
529568,58.0
529568,34.0
529568,28.0
529584,61.0
529600,70.0
529600,55.0
529664,104.0
529680,39.0
529696,33.0
529776,57.0
529856,79.0
529904,38.0
529952,24.0
530016,26.0
530144,41.0
530144,36.0
530208,77.0
530240,110.0
530240,45.0
530288,45.0
530400,50.0
530416,52.0
530448,49.0
530448,37.0
530448,42.0
530464,48.0
530512,23.0
530672,41.0
530688,17.0
530832,24.0
530832,34.0
530832,43.0
530848,38.0
530848,24.0
530864,41.0
531056,34.0
531200,50.0
531280,37.0
531312,102.0
531328,86.0
531344,56.0
531408,94.0
531424,74.0
531440,48.0
531488,41.0
531504,42.0
531600,34.0
531632,49.0
531760,57.0
531904,65.0
531936,27.0
531968,71.0
532000,97.0
532016,37.0
532240,40.0
532240,50.0
532272,60.0
532288,68.0
532384,47.0
532432,27.0
532496,63.0
532560,77.0
532560,41.0
532736,28.0
532752,88.0
532816,96.0
532832,56.0
532912,72.0
532944,28.0
532944,42.0
532960,62.0
533008,48.0
533040,102.0
533056,65.0
533104,42.0
533120,46.0
533280,45.0
533328,68.0
533488,34.0
533520,38.0
533552,28.0
533552,62.0
533568,52.0
533664,57.0
533696,23.0
533744,46.0
533776,45.0
533872,47.0
533888,14.0
533936,26.0
534000,28.0
534032,75.0
534192,86.0
534208,41.0
534272,44.0
534320,28.0
534400,57.0
534464,94.0
534512,92.0
534576,102.0
534704,51.0
534752,63.0
534752,47.0
534800,48.0
534816,70.0
534816,65.0
534928,33.0
534944,46.0
535088,56.0
535168,44.0
535200,43.0
535216,40.0
535328,25.0
535344,64.0
535456,44.0
535504,139.0
535504,26.0
535536,37.0
535616,105.0
535648,52.0
535664,87.0
535760,63.0
535792,36.0
535792,11.0
535904,69.0
535952,12.0
536096,80.0
536128,50.0
536144,43.0
536144,40.0
536192,33.0
536272,67.0
536352,63.0
536368,75.0
536384,37.0
536400,38.0
536400,56.0
536448,109.0
536448,50.0
536512,23.0
536560,38.0
536560,27.0
536592,66.0
536688,49.0
536768,26.0
536816,26.0
536832,35.0
536896,28.0
536944,34.0
536960,28.0
536992,53.0
537008,51.0
537088,45.0
537088,44.0
537168,67.0
537232,42.0
537312,54.0
537344,28.0
537344,41.0
537392,36.0
537536,61.0
537536,44.0
537552,49.0
537568,39.0
537568,36.0
537600,40.0
537600,37.0
537808,36.0
537856,79.0
537872,49.0
537904,51.0
538016,26.0
538096,34.0
538128,46.0
538224,55.0
538272,26.0
538272,44.0
538304,25.0
538320,49.0
538400,66.0
538464,37.0
538480,55.0
538592,36.0
538592,89.0
538608,65.0
538640,52.0
538656,70.0
538704,30.0
538752,30.0
538784,92.0
538816,45.0
538896,37.0
538896,48.0
539008,26.0
539056,26.0
539264,59.0
539312,45.0
539360,38.0
539376,42.0
539408,37.0
539472,62.0
539536,58.0
539552,68.0
539568,57.0
539568,42.0
539616,38.0
539664,38.0
539696,89.0
539712,58.0
539712,51.0
539840,33.0
539952,36.0
539952,30.0
540144,37.0
540192,22.0
540224,38.0
540240,42.0
540272,117.0
540304,48.0
540320,39.0
540464,75.0
540576,54.0
540592,28.0
540624,60.0
540656,59.0
540656,22.0
540656,44.0
540752,30.0
540768,88.0
540848,41.0
540848,38.0
540864,81.0
540896,27.0
540944,96.0
540960,46.0
541104,49.0
541152,31.0
541296,33.0
541488,54.0
541520,59.0
541536,59.0
541552,41.0
541552,43.0
541552,50.0
541568,45.0
541616,42.0
541616,41.0
541632,61.0
541648,62.0
541712,38.0
541840,118.0
541936,24.0
542048,33.0
542112,60.0
542160,37.0
542176,39.0
542192,41.0
542256,39.0
542256,44.0
542320,44.0
542400,57.0
542448,46.0
542464,53.0
542544,27.0
542560,79.0
542608,48.0
542768,32.0
542800,54.0
542816,40.0
542848,125.0
542864,42.0
542880,45.0
543024,35.0
543056,46.0
543136,55.0
543152,47.0
543168,38.0
543200,27.0
543216,73.0
543264,41.0
543440,36.0
543472,42.0
543520,67.0
543616,30.0
543632,51.0
543632,12.0
543680,26.0
543680,41.0
543696,30.0
543824,59.0
543888,140.0
543920,25.0
543936,87.0
544096,29.0
544128,61.0
544272,89.0
544336,45.0
544368,46.0
544384,43.0
544384,57.0
544416,46.0
544576,41.0
544640,44.0
544672,53.0
544704,27.0
544736,40.0
544752,97.0
544784,41.0
544832,72.0
544832,104.0
544960,24.0
544976,38.0
544992,38.0
545008,70.0
545024,24.0
545088,44.0
545104,43.0
545216,55.0
545232,136.0
545264,17.0
545392,41.0
545424,37.0
545440,43.0
545456,28.0
545504,52.0
545584,31.0
545616,40.0
545680,28.0
545712,58.0
545728,32.0
545808,69.0
545872,18.0
545920,68.0
545936,52.0
546016,35.0
546016,39.0
546080,25.0
546112,24.0
546192,58.0
546272,48.0
546320,81.0
546352,87.0
546384,42.0
546512,68.0
546640,75.0
546752,27.0
546752,40.0
546752,46.0
546800,38.0
546800,58.0
546816,34.0
546960,84.0
546960,59.0
547008,67.0
547104,45.0
547104,64.0
547200,28.0
547216,25.0
547248,83.0
547296,41.0
547344,62.0
547472,45.0
547504,34.0
547680,55.0
547744,49.0
547760,78.0
547776,64.0
547792,31.0
547808,29.0
547856,47.0
547888,43.0
547920,42.0
547968,60.0
548032,58.0
548080,142.0
548128,83.0
548176,42.0
548288,25.0
548288,51.0
548320,34.0
548352,42.0
548496,46.0
548576,49.0
548592,42.0
548656,50.0
548672,91.0
548768,64.0
548848,42.0
548880,53.0
549008,58.0
549200,87.0
549248,80.0
549280,39.0
549280,62.0
549296,44.0
549312,40.0
549328,75.0
549376,66.0
549392,34.0
549392,69.0
549424,41.0
549568,43.0
549664,73.0
549760,47.0
549792,32.0
549808,77.0
549856,34.0
549904,33.0
549920,22.0
549920,40.0
549936,34.0
550096,50.0
550144,14.0
550160,46.0
550176,24.0
550208,51.0
550240,57.0
550240,62.0
550352,26.0
550368,73.0
550368,35.0
550400,40.0
550416,129.0
550480,21.0
550752,52.0
550752,25.0
550800,59.0
550848,38.0
550896,50.0
551008,40.0
551072,52.0
551104,56.0
551296,55.0
551296,58.0
551328,58.0
551344,54.0
551472,113.0
551488,83.0
551536,33.0
551568,42.0
551584,105.0
551680,22.0
551712,40.0
551728,97.0
551744,62.0
551808,60.0
551872,36.0
551888,49.0
551888,71.0
551984,25.0
552016,42.0
552048,23.0
552224,89.0
552352,40.0
552352,49.0
552432,28.0
552464,73.0
552496,48.0
552512,40.0
552512,48.0
552512,44.0
552528,66.0
552528,62.0
552624,36.0
552656,40.0
552656,73.0
552816,58.0
552848,39.0
552976,39.0
552992,23.0
553056,33.0
553200,48.0
553232,45.0
553328,22.0
553344,53.0
553424,57.0
553424,96.0
553536,55.0
553552,56.0
553552,68.0
553632,36.0
553680,72.0
553728,55.0
553744,47.0
553904,68.0
553920,88.0
554000,28.0
554128,44.0
554208,63.0
554240,57.0
554272,58.0
554368,59.0
554384,40.0
554416,43.0
554480,50.0
554480,17.0
554480,59.0
554512,135.0
554528,81.0
554544,39.0
554576,28.0
554624,24.0
554688,49.0
554784,77.0
554800,33.0
554816,25.0
554944,59.0
555040,31.0
555104,30.0
555328,47.0
555360,35.0
555360,55.0
555376,109.0
555392,57.0
555392,36.0
555392,63.0
555440,67.0
555472,43.0
555520,52.0
555632,70.0
555712,74.0
555760,45.0
555808,83.0
555840,30.0
555936,62.0
555952,53.0
556112,30.0
556160,48.0
556176,49.0
556176,29.0
556208,55.0
556320,59.0
556320,23.0
556320,24.0
556368,58.0
556432,39.0
556448,61.0
556512,70.0
556576,51.0
556592,27.0
556608,27.0
556624,32.0
556704,84.0
556736,56.0
556736,35.0
556752,27.0
556832,39.0
556864,27.0
556944,89.0
556944,39.0
557072,29.0
557136,12.0
557184,28.0
557216,53.0
557264,40.0
557312,35.0
557376,54.0
557376,50.0
557408,42.0
557408,12.0
557440,53.0
557552,77.0
557792,60.0
557872,43.0
557904,33.0
557904,31.0
557920,53.0
557952,43.0
557968,95.0
558160,91.0
558192,40.0
558336,60.0
558352,30.0
558400,30.0
558416,80.0
558480,73.0
558592,39.0
558608,109.0
558608,44.0
558608,41.0
558608,51.0
558640,106.0
558784,39.0
558864,89.0
558880,43.0
559040,71.0
559040,43.0
559056,28.0
559072,30.0
559072,41.0
559120,32.0
559296,118.0
559328,62.0
559344,44.0
559424,64.0
559472,26.0
559552,27.0
559584,44.0
559648,65.0
559664,15.0
559680,51.0
559712,69.0
559760,61.0
559840,50.0
559840,85.0
559936,29.0
559952,41.0
560064,32.0
560112,65.0
560176,71.0
560256,57.0
560256,26.0
560320,42.0
560352,80.0
560352,40.0
560384,45.0
560464,49.0
560496,27.0
560560,38.0
560576,78.0
560608,42.0
560656,67.0
560704,59.0
560752,31.0
560800,43.0
560816,27.0
560832,32.0
560912,26.0
560928,29.0
560944,24.0
561024,53.0
561056,50.0
561168,51.0
561184,38.0
561200,53.0
561360,35.0
561392,28.0
561472,34.0
561536,106.0
561616,57.0
561648,39.0
561696,68.0
561760,44.0
561856,41.0
561920,46.0
561920,47.0
561920,69.0
561936,25.0
561952,75.0
562096,79.0
562272,22.0
562272,41.0
562336,24.0
562352,26.0
562352,106.0
562416,45.0
562432,32.0
562464,62.0
562464,51.0
562544,102.0
562608,43.0
562768,31.0
562784,23.0
562784,28.0
562800,28.0
562896,94.0
562912,51.0
562928,98.0
562992,45.0
563008,41.0
563056,32.0
563056,28.0
563072,76.0
563120,21.0
563168,25.0
563200,25.0
563264,50.0
563264,94.0
563280,53.0
563296,52.0
563408,25.0
563408,18.0
563440,32.0
563440,34.0
563520,15.0
563616,28.0
563632,45.0
563648,37.0
563648,37.0
563664,55.0
563712,40.0
563744,21.0
563760,48.0
563776,32.0
563808,38.0
563904,38.0
563984,36.0
564000,23.0
564016,47.0
564048,24.0
564096,41.0
564096,28.0
564112,29.0
564144,33.0
564208,48.0
564304,19.0
564304,34.0
564352,15.0
564368,22.0
564368,39.0
564384,54.0
564432,33.0
564496,22.0
564624,57.0
564656,35.0
564704,25.0
564896,53.0
564912,58.0
564992,76.0
565008,39.0
565024,25.0
565024,76.0
565040,46.0
565088,55.0
565184,47.0
565200,52.0
565280,36.0
565360,44.0
565376,63.0
565424,25.0
565472,61.0
565600,78.0
565680,99.0
565696,50.0
565696,49.0
565712,43.0
565744,41.0
565776,49.0
565840,41.0
566064,40.0
566080,45.0
566080,24.0
566128,70.0
566144,28.0
566240,75.0
566272,56.0
566288,36.0
566320,40.0
566416,76.0
566432,43.0
566528,58.0
566544,44.0
566560,17.0
566624,84.0
566672,37.0
566720,28.0
566800,83.0
566816,65.0
566896,52.0
567008,54.0
567024,37.0
567024,59.0
567104,61.0
567152,37.0
567184,23.0
567200,55.0
567296,39.0
567376,12.0
567376,71.0
567408,49.0
567456,58.0
567536,51.0
567600,50.0
567632,30.0
567712,81.0
567824,58.0
567856,41.0
567888,54.0
567904,50.0
567968,37.0
568000,91.0
568064,38.0
568112,69.0
568288,47.0
568304,12.0
568304,58.0
568352,59.0
568400,48.0
568432,34.0
568432,88.0
568496,42.0
568576,42.0
568640,58.0
568640,40.0
568752,56.0
568848,97.0
568864,56.0
568960,38.0
569024,37.0
569040,46.0
569104,44.0
569136,52.0
569168,69.0
569280,40.0
569472,74.0
569488,39.0
569552,33.0
569648,128.0
569680,78.0
569696,75.0
569744,38.0
569936,52.0
569984,71.0
570016,29.0
570032,18.0
570080,83.0
570080,94.0
570096,39.0
570112,29.0
570128,93.0
570192,72.0
570224,66.0
570304,38.0
570352,54.0
570384,25.0
570400,90.0
570416,46.0
570544,79.0
570560,39.0
570560,23.0
570560,21.0
570576,35.0
570704,39.0
570736,39.0
570848,48.0
570848,29.0
570960,25.0
571024,38.0
571024,28.0
571024,45.0
571088,66.0
571136,46.0
571152,66.0
571232,42.0
571264,26.0
571328,37.0
571344,76.0
571360,41.0
571408,53.0
571504,34.0
571504,30.0
571552,33.0
571632,14.0
571648,50.0
571712,28.0
571808,41.0
571808,29.0
571808,49.0
571840,21.0
571968,38.0
571984,41.0
572064,95.0
572080,62.0
572096,34.0
572144,32.0
572144,112.0
572208,25.0
572272,35.0
572400,26.0
572480,78.0
572496,41.0
572512,44.0
572560,22.0
572640,42.0
572672,73.0
572784,45.0
572800,19.0
572848,75.0
572864,66.0
572880,30.0
572992,56.0
573008,46.0
573072,121.0
573232,68.0
573232,45.0
573232,72.0
573456,38.0
573472,50.0
573504,64.0
573504,39.0
573552,30.0
573568,49.0
573616,51.0
573616,39.0
573792,35.0
573840,52.0
573840,38.0
573856,76.0
573952,87.0
573984,115.0
574048,27.0
574160,34.0
574208,44.0
574256,43.0
574288,28.0
574352,55.0
574352,93.0
574368,57.0
574432,75.0
574512,42.0
574544,37.0
574544,24.0
574624,67.0
574624,26.0
574688,44.0
574816,64.0
574848,62.0
574896,40.0
574960,21.0
574976,58.0
575088,46.0
575120,48.0
575280,111.0
575376,26.0
575376,52.0
575392,64.0
575424,46.0
575440,51.0
575440,63.0
575440,56.0
575504,26.0
575504,41.0
575728,90.0
575728,47.0
575744,23.0
575760,59.0
575808,43.0
575888,62.0
576064,97.0
576096,41.0
576144,48.0
576176,56.0
576272,55.0
576288,30.0
576336,38.0
576384,60.0
576400,60.0
576400,42.0
576464,60.0
576464,64.0
576464,36.0
576512,48.0
576640,34.0
576672,73.0
576704,59.0
576848,44.0
576864,22.0
576896,52.0
576960,35.0
576960,36.0
576976,50.0
577152,19.0
577232,21.0
577232,48.0
577248,53.0
577296,52.0
577344,30.0
577360,45.0
577408,28.0
577456,62.0
577632,85.0
577664,62.0
577696,45.0
577712,22.0
577744,88.0
577792,40.0
577856,56.0
577904,35.0
577968,105.0
578000,48.0
578096,50.0
578128,56.0
578144,46.0
578144,56.0
578144,27.0
578192,93.0
578208,34.0
578224,23.0
578368,36.0
578400,41.0
578464,52.0
578496,33.0
578512,32.0
578528,39.0
578576,22.0
578608,29.0
578624,31.0
578848,44.0
578848,47.0
579024,33.0
579040,33.0
579072,42.0
579136,42.0
579264,113.0
579264,56.0
579344,103.0
579440,77.0
579456,82.0
579536,84.0
579552,61.0
579568,65.0
579680,34.0
579712,42.0
579728,44.0
579792,14.0
579824,61.0
579824,75.0
579856,63.0
580016,36.0
580128,37.0
580224,32.0
580240,43.0
580256,25.0
580304,30.0
580320,78.0
580320,66.0
580416,60.0
580432,12.0
580432,68.0
580448,39.0
580480,76.0
580544,54.0
580560,48.0
580592,29.0
580624,56.0
580624,126.0
580656,27.0
580656,22.0
580704,43.0
580768,32.0
580880,14.0
580896,26.0
581072,30.0
581136,44.0
581216,56.0
581216,35.0
581248,50.0
581264,40.0
581296,46.0
581328,27.0
581408,61.0
581424,41.0
581504,68.0
581616,34.0
581632,63.0
581680,50.0
581680,29.0
581760,76.0
581904,40.0
581936,77.0
582144,53.0
582192,35.0
582240,62.0
582256,31.0
582272,66.0
582320,74.0
582416,30.0
582448,59.0
582464,49.0
582480,67.0
582640,60.0
582656,47.0
582672,12.0
582688,148.0
582768,90.0
582880,91.0
582896,47.0
582976,35.0
582992,86.0
583072,50.0
583088,39.0
583152,60.0
583216,60.0
583408,45.0
583504,27.0
583536,68.0
583584,37.0
583680,63.0
583696,45.0
583728,93.0
583744,69.0
583776,70.0
583776,56.0
583776,63.0
583808,57.0
583840,27.0
583872,45.0
584192,117.0
584192,28.0
584208,70.0
584224,63.0
584304,48.0
584336,31.0
584352,36.0
584352,36.0
584400,39.0
584400,56.0
584416,34.0
584480,42.0
584496,50.0
584656,15.0
584688,63.0
584704,19.0
584704,23.0
584848,41.0
584864,71.0
584944,29.0
584992,49.0
585056,47.0
585104,57.0
585280,37.0
585328,39.0
585344,110.0
585424,64.0
585472,30.0
585520,64.0
585536,74.0
585568,29.0
585744,65.0
585760,30.0
585776,52.0
585792,71.0
585920,54.0
585968,27.0
586048,45.0
586048,44.0
586080,77.0
586160,23.0
586176,38.0
586320,131.0
586336,37.0
586336,36.0
586368,59.0
586464,100.0
586464,59.0
586512,29.0
586592,70.0
586608,28.0
586656,38.0
586688,146.0
586752,27.0
586768,43.0
586864,25.0
586896,35.0
586944,73.0
587088,73.0
587088,36.0
587216,53.0
587216,78.0
587264,41.0
587392,33.0
587440,49.0
587456,70.0
587472,63.0
587520,58.0
587536,49.0
587552,29.0
587552,54.0
587584,51.0
587776,52.0
587840,36.0
587920,30.0
587984,68.0
588064,33.0
588064,37.0
588144,37.0
588160,38.0
588176,49.0
588192,126.0
588224,63.0
588256,30.0
588272,66.0
588320,77.0
588320,50.0
588432,53.0
588480,31.0
588496,65.0
588528,38.0
588576,46.0
588672,38.0
588848,43.0
588848,26.0
588880,38.0
588912,46.0
588944,39.0
589072,47.0
589072,36.0
589104,55.0
589104,36.0
589136,41.0
589152,68.0
589200,39.0
589264,63.0
589296,26.0
589392,45.0
589424,77.0
589680,38.0
589712,98.0
589792,37.0
589824,47.0
589904,48.0
589920,51.0
589936,52.0
589968,64.0
589984,35.0
590032,74.0
590032,40.0
590064,57.0
590112,79.0
590272,61.0
590352,90.0
590384,42.0
590464,40.0
590480,50.0
590592,35.0
590704,48.0
590720,21.0
590784,62.0
590800,96.0
590816,56.0
590832,53.0
590848,55.0
590848,59.0
590960,58.0
591152,43.0
591184,37.0
591312,75.0
591392,38.0
591504,64.0
591520,44.0
591536,24.0
591536,79.0
591616,97.0
591648,29.0
591664,60.0
591664,51.0
591776,66.0
591808,91.0
591840,65.0
591840,55.0
591888,65.0
591920,38.0
592032,40.0
592096,35.0
592112,28.0
592128,37.0
592304,49.0
592304,40.0
592448,52.0
592464,22.0
592480,37.0
592480,61.0
592496,53.0
592496,104.0
592688,57.0
592688,48.0
592736,56.0
592784,30.0
592800,20.0
592848,51.0
592864,46.0
592912,26.0
592992,33.0
592992,56.0
593056,38.0
593104,79.0
593104,26.0
593152,84.0
593168,54.0
593360,31.0
593376,36.0
593536,43.0
593536,23.0
593584,37.0
593600,43.0
593616,70.0
593632,56.0
593648,41.0
593648,60.0
593696,20.0
593760,80.0
593904,23.0
593920,48.0
593920,51.0
594096,46.0
594112,12.0
594176,30.0
594240,41.0
594288,42.0
594288,40.0
594512,25.0
594512,54.0
594528,56.0
594576,51.0
594624,98.0
594704,29.0
594720,50.0
594720,39.0
594768,12.0
594800,126.0
594880,80.0
594960,89.0
594960,49.0
594976,67.0
595056,48.0
595088,23.0
595152,40.0
595264,18.0
595280,136.0
595376,36.0
595408,43.0
595424,41.0
595456,36.0
595456,58.0
595488,49.0
595504,62.0
595616,41.0
595696,38.0
595776,17.0
595840,35.0
595904,59.0
595984,85.0
596000,53.0
596000,32.0
596048,62.0
596064,50.0
596080,44.0
596096,113.0
596096,40.0
596160,47.0
596240,34.0
596336,55.0
596400,61.0
596592,43.0
596624,35.0
596688,40.0
596736,70.0
596768,33.0
596800,29.0
596816,45.0
596848,67.0
596912,52.0
596944,34.0
596944,59.0
596960,70.0
596960,61.0
596976,24.0
597120,24.0
597152,29.0
597168,34.0
597248,68.0
597280,32.0
597360,24.0
597376,26.0
597440,30.0
597536,90.0
597552,40.0
597728,30.0
597760,40.0
597760,51.0
597776,58.0
597824,63.0
597872,67.0
597952,36.0
598000,29.0
598000,66.0
598080,57.0
598080,45.0
598080,19.0
598080,40.0
598368,38.0
598384,24.0
598400,33.0
598448,39.0
598496,31.0
598624,34.0
598624,54.0
598656,36.0
598720,48.0
598720,90.0
598800,45.0
598896,84.0
598896,181.0
598944,20.0
598960,55.0
599008,38.0
599104,24.0
599184,50.0
599216,93.0
599264,38.0
599376,63.0
599376,139.0
599376,58.0
599376,41.0
599488,37.0
599536,46.0
599584,39.0
599600,44.0
599728,22.0
599792,38.0
599840,29.0
599856,85.0
599856,37.0
599936,62.0
599952,46.0
600000,39.0
600176,50.0
600176,67.0
600224,24.0
600256,25.0
600288,43.0
600480,59.0
600544,96.0
600592,63.0
600624,43.0
600720,48.0
600720,34.0
600736,59.0
600784,66.0
601088,52.0
601120,70.0
601120,33.0
601216,31.0
601248,44.0
601280,69.0
601296,167.0
601344,93.0
601392,17.0
601408,74.0
601424,71.0
601472,22.0
601488,63.0
601504,48.0
601504,126.0
601552,52.0
601568,30.0
601712,31.0
601744,28.0
601760,61.0
601792,32.0
601952,44.0
601984,40.0
602000,32.0
602000,27.0
602144,95.0
602144,46.0
602176,44.0
602208,51.0
602256,47.0
602304,55.0
602384,52.0
602400,56.0
602496,34.0
602496,47.0
602592,52.0
602608,29.0
602624,57.0
602656,54.0
602720,45.0
602720,29.0
602800,25.0
602848,12.0
602848,42.0
602912,26.0
602928,59.0
603024,64.0
603104,60.0
603184,43.0
603184,37.0
603216,26.0
603280,61.0
603344,71.0
603392,48.0
603504,30.0
603648,46.0
603664,80.0
603680,60.0
603696,53.0
603728,70.0
603808,60.0
603824,38.0
603840,70.0
603856,29.0
603856,42.0
603936,52.0
604048,70.0
604176,52.0
604256,38.0
604304,29.0
604336,52.0
604384,75.0
604400,45.0
604416,71.0
604432,24.0
604464,50.0
604528,37.0
604544,43.0
604576,48.0
604592,26.0
604656,17.0
604704,25.0
604720,64.0
604720,54.0
604752,20.0
604880,22.0
605056,40.0
605056,41.0
605056,50.0
605136,82.0
605168,37.0
605200,92.0
605408,67.0
605472,63.0
605488,38.0
605504,47.0
605504,57.0
605552,52.0
605600,59.0
605616,35.0
605632,57.0
605664,70.0
605760,44.0
605808,42.0
605824,13.0
605840,27.0
605872,24.0
605920,28.0
605968,50.0
606016,22.0
606096,34.0
606176,42.0
606208,24.0
606240,27.0
606288,99.0
606432,26.0
606448,33.0
606480,80.0
606496,62.0
606608,97.0
606720,68.0
606752,55.0
606768,63.0
606928,68.0
606960,29.0
607024,89.0
607040,59.0
607104,42.0
607120,72.0
607280,42.0
607312,71.0
607328,53.0
607392,59.0
607440,77.0
607440,75.0
607472,74.0
607488,48.0
607584,51.0
607600,53.0
607616,18.0
607680,40.0
607760,41.0
607856,52.0
607952,23.0
607952,62.0
607968,33.0
607984,24.0
608016,39.0
608080,50.0
608128,40.0
608192,55.0
608224,47.0
608224,81.0
608256,36.0
608256,40.0
608288,53.0
608352,21.0
608368,11.0
608496,34.0
608528,48.0
608656,96.0
608672,28.0
608672,45.0
608784,44.0
608816,53.0
608832,36.0
608832,44.0
608832,61.0
608912,39.0
608912,34.0
609040,23.0
609040,66.0
609104,12.0
609232,61.0
609248,36.0
609296,29.0
609312,51.0
609344,35.0
609376,72.0
609488,60.0
609488,42.0
609520,43.0
609568,76.0
609616,44.0
609712,55.0
609792,47.0
609936,40.0
609984,83.0
610032,29.0
610032,49.0
610032,62.0
610112,25.0
610144,41.0
610144,41.0
610160,40.0
610288,74.0
610304,67.0
610368,62.0
610400,66.0
610416,50.0
610560,78.0
610672,40.0
610752,28.0
610768,39.0
610816,52.0
610864,58.0
610944,57.0
610976,43.0
610992,75.0
610992,37.0
611040,63.0
611152,49.0
611168,63.0
611184,65.0
611216,41.0
611232,70.0
611312,40.0
611312,56.0
611376,24.0
611440,43.0
611488,39.0
611760,45.0
611760,33.0
611760,51.0
611776,35.0
611792,51.0
611808,40.0
611824,52.0
611840,25.0
611872,24.0
611888,67.0
611952,50.0
612016,40.0
612080,48.0
612080,56.0
612208,25.0
612272,27.0
612288,31.0
612352,65.0
612416,21.0
612496,42.0
612592,52.0
612608,52.0
612704,22.0
612816,59.0
612848,40.0
612880,70.0
612880,132.0
612928,53.0
612976,30.0
613104,84.0
613152,54.0
613184,30.0
613200,74.0
613232,51.0
613376,93.0
613376,69.0
613408,91.0
613424,28.0
613536,58.0
613616,48.0
613648,48.0
613648,31.0
613664,30.0
613856,47.0
613872,42.0
613872,62.0
613920,83.0
614048,39.0
614064,25.0
614144,38.0
614208,52.0
614272,91.0
614336,60.0
614368,31.0
614400,49.0
614448,33.0
614464,51.0
614496,98.0
614576,58.0
614576,23.0
614592,74.0
614608,46.0
614624,36.0
614624,35.0
614864,102.0
614880,46.0
614928,67.0
614992,45.0
615008,40.0
615024,25.0
615152,34.0
615168,52.0
615200,50.0
615216,45.0
615216,40.0
615312,45.0
615408,49.0
615456,36.0
615520,67.0
615616,38.0
615664,75.0
615680,41.0
615712,31.0
615760,48.0
615840,61.0
615856,43.0
615856,25.0
615952,27.0
616048,70.0
616064,53.0
616112,44.0
616160,28.0
616208,63.0
616320,109.0
616336,36.0
616352,42.0
616464,53.0
616464,38.0
616512,42.0
616528,42.0
616560,32.0
616576,57.0
616592,17.0
616592,90.0
616592,24.0
616800,53.0
616816,30.0
616848,46.0
616976,39.0
616976,24.0
617008,26.0
617104,33.0
617136,61.0
617184,23.0
617200,25.0
617232,48.0
617232,40.0
617296,124.0
617344,23.0
617360,81.0
617456,59.0
617504,65.0
617648,70.0
617696,25.0
617712,72.0
617760,26.0
617840,54.0
617856,39.0
617888,55.0
617968,70.0
617984,49.0
617984,47.0
618096,40.0
618208,44.0
618352,23.0
618384,64.0
618416,28.0
618416,45.0
618416,27.0
618464,83.0
618480,45.0
618496,53.0
618528,51.0
618576,43.0
618720,16.0
618720,96.0
618768,104.0
618800,37.0
618848,62.0
618864,23.0
619008,41.0
619104,39.0
619168,47.0
619168,37.0
619216,70.0
619232,27.0
619232,51.0
619376,38.0
619424,63.0
619456,37.0
619472,39.0
619568,108.0
619632,78.0
619664,31.0
619728,75.0
619728,63.0
619760,19.0
619792,39.0
619840,70.0
619888,49.0
619968,46.0
619968,37.0
620032,64.0
620080,38.0
620112,56.0
620240,42.0
620272,53.0
620320,68.0
620320,41.0
620384,34.0
620432,44.0
620448,45.0
620496,46.0
620528,26.0
620544,41.0
620672,65.0
620768,50.0
620784,44.0
620864,39.0
620864,52.0
620944,61.0
621056,35.0
621072,50.0
621104,82.0
621120,50.0
621136,47.0
621152,44.0
621152,52.0
621216,28.0
621232,35.0
621248,24.0
621248,51.0
621280,21.0
621360,51.0
621600,34.0
621600,29.0
621600,22.0
621776,35.0
621872,68.0
621872,45.0
621904,52.0
621904,41.0
621920,87.0
621936,44.0
621984,52.0
622096,61.0
622144,34.0
622208,69.0
622288,58.0
622464,37.0
622512,33.0
622528,58.0
622528,39.0
622592,108.0
622592,51.0
622624,47.0
622640,45.0
622672,67.0
622672,33.0
622720,90.0
622736,40.0
622832,58.0
622960,27.0
623088,35.0
623184,37.0
623200,36.0
623280,67.0
623296,39.0
623312,53.0
623328,43.0
623344,42.0
623360,25.0
623440,53.0
623456,39.0
623504,98.0
623552,52.0
623680,23.0
623776,79.0
623776,93.0
623856,41.0
623856,26.0
623952,38.0
623968,77.0
623984,44.0
624000,28.0
624016,52.0
624112,47.0
624160,52.0
624208,57.0
624208,12.0
624288,38.0
624304,19.0
624384,55.0
624464,43.0
624512,35.0
624528,47.0
624528,67.0
624656,50.0
624704,53.0
624816,44.0
624848,35.0
624864,56.0
624928,115.0
624960,47.0
624992,49.0
625008,64.0
625040,32.0
625072,38.0
625088,35.0
625152,48.0
625168,41.0
625232,15.0
625232,24.0
625328,16.0
625472,34.0
625472,51.0
625504,26.0
625520,32.0
625616,47.0
625648,93.0
625680,86.0
625808,41.0
625920,69.0
625920,47.0
625936,20.0
626000,48.0
626176,44.0
626176,92.0
626240,63.0
626336,51.0
626368,45.0
626384,29.0
626384,66.0
626400,58.0
626464,89.0
626480,42.0
626576,25.0
626592,37.0
626640,60.0
626672,47.0
626688,47.0
626688,74.0
626752,24.0
626768,113.0
626848,32.0
626896,41.0
626896,32.0
626960,36.0
626976,32.0
627008,52.0
627072,24.0
627088,43.0
627136,34.0
627280,24.0
627312,29.0
627360,55.0
627376,43.0
627392,40.0
627520,32.0
627728,66.0
627728,72.0
627760,70.0
627776,55.0
627808,26.0
627888,57.0
628032,47.0
628096,64.0
628144,26.0
628160,22.0
628240,55.0
628272,34.0
628288,95.0
628288,48.0
628352,87.0
628432,25.0
628512,22.0
628512,71.0
628608,95.0
628624,53.0
628736,37.0
628752,32.0
628752,25.0
628784,103.0
628896,50.0
628912,39.0
628944,27.0
628992,69.0
629008,78.0
629024,107.0
629056,28.0
629184,42.0
629232,38.0
629424,26.0
629440,43.0
629440,73.0
629552,41.0
629584,81.0
629600,73.0
629664,55.0
629696,47.0
629744,62.0
629840,25.0
629840,26.0
629872,60.0
630048,64.0
630112,86.0
630112,58.0
630192,40.0
630208,38.0
630224,35.0
630288,81.0
630384,34.0
630384,34.0
630448,87.0
630496,66.0
630560,28.0
630608,86.0
630624,65.0
630688,29.0
630736,43.0
630752,55.0
630800,32.0
630816,39.0
630816,44.0
630848,72.0
630848,40.0
630928,30.0
630976,37.0
631024,80.0
631216,38.0
631312,35.0
631344,49.0
631376,55.0
631392,41.0
631408,64.0
631472,28.0
631472,49.0
631488,40.0
631536,57.0
631584,46.0
631632,41.0
631648,45.0
631760,34.0
631760,60.0
631840,64.0
631856,30.0
631872,33.0
631984,21.0
632048,77.0
632112,40.0
632160,42.0
632160,43.0
632288,33.0
632320,63.0
632336,29.0
632432,42.0
632480,40.0
632496,24.0
632512,11.0
632512,61.0
632592,75.0
632672,51.0
632752,37.0
632784,72.0
632880,25.0
632896,82.0
632976,41.0
632992,35.0
633040,62.0
633104,27.0
633136,53.0
633168,74.0
633248,41.0
633440,127.0
633504,39.0
633648,54.0
633680,73.0
633696,50.0
633712,60.0
633728,47.0
633744,77.0
633776,80.0
633792,41.0
633824,24.0
633856,106.0
633904,25.0
633920,51.0
633936,16.0
633968,61.0
634288,35.0
634384,40.0
634400,38.0
634432,31.0
634480,39.0
634560,54.0
634576,38.0
634608,90.0
634624,50.0
634784,55.0
634864,68.0
634896,103.0
634912,75.0
634912,30.0
634976,26.0
635008,33.0
635088,12.0
635152,47.0
635216,27.0
635312,25.0
635360,49.0
635376,108.0
635424,32.0
635440,150.0
635536,58.0
635552,29.0
635600,82.0
635648,27.0
635680,110.0
635712,83.0
635776,50.0
635792,58.0
635872,31.0
636048,39.0
636048,31.0
636064,66.0
636080,45.0
636080,91.0
636096,49.0
636160,32.0
636192,65.0
636192,41.0
636208,48.0
636224,22.0
636272,35.0
636416,51.0
636544,17.0
636544,24.0
636704,41.0
636736,60.0
636768,35.0
636800,45.0
636832,47.0
636848,49.0
636976,74.0
636992,28.0
637072,87.0
637088,56.0
637120,56.0
637168,61.0
637184,30.0
637200,69.0
637328,57.0
637376,18.0
637376,52.0
637392,39.0
637408,38.0
637440,28.0
637472,31.0
637520,42.0
637584,12.0
637584,24.0
637600,54.0
637648,51.0
637744,106.0
637760,40.0
637760,37.0
637856,26.0
637872,29.0
637888,32.0
637936,21.0
637952,55.0
638080,20.0
638144,60.0
638176,37.0
638176,41.0
638304,34.0
638320,59.0
638400,41.0
638432,49.0
638528,40.0
638560,68.0
638640,49.0
638704,70.0
638704,39.0
638800,54.0
638864,45.0
638896,29.0
638912,60.0
638912,46.0
638960,40.0
639136,27.0
639152,53.0
639152,47.0
639328,91.0
639344,34.0
639360,45.0
639376,51.0
639376,29.0
639488,60.0
639488,21.0
639504,23.0
639536,12.0
639552,37.0
639568,41.0
639600,56.0
639728,54.0
639744,98.0
639760,24.0
639856,60.0
639952,29.0
640032,29.0
640064,33.0
640208,180.0
640208,52.0
640208,41.0
640256,31.0
640384,55.0
640384,77.0
640400,34.0
640464,25.0
640544,66.0
640560,77.0
640640,38.0
640688,60.0
640768,35.0
640768,73.0
640944,35.0
641008,15.0
641008,50.0
641024,67.0
641120,35.0
641200,91.0
641264,54.0
641280,64.0
641296,121.0
641456,48.0
641472,29.0
641488,80.0
641552,17.0
641552,49.0
641664,41.0
641712,26.0
641760,35.0
641856,82.0
641920,80.0
641952,58.0
642032,57.0
642064,25.0
642080,101.0
642144,41.0
642144,37.0
642240,61.0
642304,28.0
642336,49.0
642352,40.0
642400,126.0
642416,24.0
642480,45.0
642512,65.0
642544,25.0
642544,100.0
642592,32.0
642608,43.0
642640,74.0
642688,39.0
642720,26.0
642816,54.0
642864,33.0
643088,59.0
643120,45.0
643120,44.0
643136,33.0
643152,29.0
643200,24.0
643200,41.0
643232,62.0
643264,57.0
643328,51.0
643392,50.0
643408,20.0
643424,59.0
643456,51.0
643520,41.0
643696,72.0
643760,38.0
643792,67.0
643824,44.0
643840,28.0
643856,41.0
643872,40.0
643920,41.0
643936,51.0
643968,28.0
644032,56.0
644032,44.0
644176,47.0
644208,11.0
644240,24.0
644448,47.0
644464,66.0
644464,40.0
644480,45.0
644528,83.0
644544,36.0
644656,46.0
644688,53.0
644704,48.0
644768,46.0
644928,28.0
644976,28.0
644992,49.0
645024,53.0
645024,49.0
645072,26.0
645120,26.0
645152,80.0
645200,27.0
645200,47.0
645200,46.0
645264,45.0
645376,43.0
645408,101.0
645408,122.0
645504,30.0
645536,35.0
645680,47.0
645712,40.0
645760,31.0
645776,41.0
645792,24.0
645824,39.0
645840,27.0
645856,87.0
645888,32.0
645952,60.0
646064,65.0
646128,61.0
646144,24.0
646160,60.0
646352,31.0
646400,32.0
646512,46.0
646544,65.0
646688,35.0
646736,42.0
646736,66.0
646800,68.0
646816,61.0
646848,64.0
646896,106.0
647008,92.0
647024,77.0
647024,67.0
647056,34.0
647088,59.0
647248,53.0
647360,42.0
647376,76.0
647408,66.0
647488,47.0
647584,46.0
647616,37.0
647648,40.0
647680,55.0
647776,77.0
647808,67.0
647808,25.0
647856,60.0
647888,54.0
647952,71.0
648016,48.0
648128,28.0
648240,54.0
648256,23.0
648272,41.0
648288,44.0
648336,78.0
648352,31.0
648400,84.0
648400,37.0
648448,31.0
648448,40.0
648480,62.0
648592,77.0
648608,60.0
648704,26.0
648736,38.0
648752,46.0
648800,28.0
648816,36.0
648960,30.0
649056,50.0
649056,38.0
649088,21.0
649088,40.0
649184,36.0
649248,41.0
649280,55.0
649296,60.0
649344,67.0
649376,61.0
649488,43.0
649552,53.0
649552,111.0
649568,30.0
649584,25.0
649680,54.0
649760,42.0
649792,34.0
649808,32.0
649808,29.0
650080,84.0
650096,33.0
650128,73.0
650144,37.0
650224,59.0
650256,42.0
650256,48.0
650288,77.0
650288,33.0
650480,42.0
650576,95.0
650720,65.0
650736,41.0
650768,32.0
650816,33.0
650832,38.0
650896,40.0
650944,23.0
650992,74.0
650992,53.0
651008,55.0
651072,37.0
651184,56.0
651200,103.0
651200,114.0
651264,28.0
651312,20.0
651360,79.0
651392,39.0
651408,36.0
651472,33.0
651552,41.0
651600,13.0
651648,41.0
651680,59.0
651680,42.0
651744,64.0
651792,37.0
651824,127.0
651904,40.0
652176,48.0
652208,33.0
652208,53.0
652224,42.0
652240,37.0
652256,74.0
652272,42.0
652352,55.0
652432,77.0
652560,55.0
652560,86.0
652592,22.0
652656,54.0
652688,49.0
652720,61.0
652752,34.0
652784,38.0
652832,95.0
652864,37.0
652880,41.0
652928,42.0
652960,71.0
653008,41.0
653184,61.0
653344,39.0
653360,44.0
653440,38.0
653472,43.0
653568,63.0
653568,24.0
653680,78.0
653760,55.0
653792,49.0
653872,19.0
653904,65.0
653952,79.0
654016,89.0
654032,67.0
654032,92.0
654048,43.0
654160,88.0
654304,46.0
654320,33.0
654496,29.0
654512,67.0
654544,31.0
654592,45.0
654592,70.0
654624,37.0
654640,107.0
654688,49.0
654752,62.0
654784,48.0
655008,43.0
655040,55.0
655072,70.0
655088,88.0
655136,40.0
655312,63.0
655328,36.0
655328,40.0
655344,44.0
655552,48.0
655568,66.0
655600,61.0
655600,29.0
655696,43.0
655760,73.0
655792,75.0
655840,50.0
655840,33.0
655856,48.0
655936,87.0
656048,169.0
656080,47.0
656144,51.0
656160,37.0
656160,68.0
656176,36.0
656208,54.0
656272,45.0
656336,25.0
656336,36.0
656368,48.0
656432,46.0
656464,42.0
656672,52.0
656672,31.0
656784,44.0
656800,40.0
656800,29.0
656816,42.0
656816,61.0
656832,35.0
656960,31.0
656960,37.0
656960,69.0
657024,43.0
657040,52.0
657056,63.0
657152,45.0
657264,29.0
657376,44.0
657376,37.0
657376,76.0
657472,50.0
657520,43.0
657584,39.0
657680,55.0
657680,45.0
657696,41.0
657728,57.0
657808,53.0
657904,40.0
657952,36.0
657968,51.0
658000,59.0
658016,40.0
658096,36.0
658176,50.0
658240,18.0
658304,39.0
658320,40.0
658432,33.0
658464,46.0
658480,63.0
658624,28.0
658736,72.0
658752,27.0
658768,48.0
658768,50.0
658816,125.0
658912,69.0
658944,58.0
658976,46.0
658992,43.0
659088,39.0
659120,64.0
659168,92.0
659168,134.0
659344,33.0
659360,39.0
659520,47.0
659536,34.0
659584,52.0
659600,27.0
659616,74.0
659648,33.0
659744,61.0
659760,80.0
659760,71.0
659776,43.0
659888,33.0
659888,34.0
660032,32.0
660064,68.0
660160,78.0
660208,35.0
660272,41.0
660304,35.0
660352,37.0
660368,49.0
660400,91.0
660416,55.0
660448,43.0
660496,45.0
660512,30.0
660576,43.0
660592,44.0
660656,18.0
660752,37.0
660752,43.0
660768,12.0
660784,101.0
660816,23.0
660832,30.0
660960,41.0
661008,37.0
661136,96.0
661136,58.0
661216,29.0
661216,29.0
661264,62.0
661280,49.0
661280,28.0
661376,49.0
661424,26.0
661440,58.0
661472,21.0
661648,62.0
661664,56.0
661664,15.0
661680,25.0
661744,58.0
661808,64.0
661856,36.0
661888,42.0
661952,36.0
662064,69.0
662096,60.0
662112,53.0
662176,31.0
662192,61.0
662192,33.0
662208,29.0
662224,47.0
662272,10.0
662272,52.0
662288,40.0
662304,119.0
662336,30.0
662528,45.0
662544,37.0
662624,60.0
662656,28.0
662688,24.0
662720,41.0
662784,35.0
662848,41.0
662896,23.0
662896,38.0
662912,64.0
663040,48.0
663120,25.0
663184,40.0
663232,71.0
663248,39.0
663312,71.0
663312,61.0
663328,40.0
663408,47.0
663440,78.0
663536,22.0
663584,50.0
663584,43.0
663632,37.0
663648,86.0
663728,25.0
663760,54.0
663872,39.0
663952,40.0
663968,33.0
664032,70.0
664144,81.0
664272,40.0
664320,68.0
664352,48.0
664368,66.0
664416,63.0
664448,57.0
664496,57.0
664512,47.0
664512,54.0
664512,40.0
664560,90.0
664624,56.0
664656,32.0
664672,25.0
664720,25.0
664736,49.0
664816,53.0
664896,24.0
665040,26.0
665056,44.0
665056,21.0
665120,68.0
665216,30.0
665264,56.0
665280,52.0
665296,49.0
665312,40.0
665360,59.0
665520,63.0
665520,64.0
665536,31.0
665552,41.0
665584,64.0
665744,68.0
665776,35.0
665920,41.0
665920,39.0
665920,54.0
665936,25.0
666048,33.0
666080,35.0
666112,52.0
666144,64.0
666208,53.0
666256,42.0
666352,50.0
666432,86.0
666432,101.0
666448,71.0
666496,26.0
666560,26.0
666672,47.0
666688,59.0
666752,61.0
666752,51.0
666848,31.0
666880,60.0
666912,62.0
666912,54.0
666928,42.0
666960,13.0
667088,25.0
667136,40.0
667200,48.0
667232,42.0
667248,71.0
667312,25.0
667344,57.0
667408,30.0
667424,76.0
667488,38.0
667488,40.0
667488,65.0
667584,39.0
667584,57.0
667824,39.0
667840,68.0
667856,45.0
667856,38.0
667872,49.0
667984,47.0
668000,36.0
668000,32.0
668224,51.0
668224,40.0
668272,26.0
668272,85.0
668304,30.0
668336,47.0
668352,54.0
668480,71.0
668496,31.0
668576,44.0
668736,46.0
668832,84.0
668832,38.0
668848,62.0
668976,71.0
669024,65.0
669056,109.0
669072,31.0
669104,52.0
669136,50.0
669168,59.0
669184,55.0
669232,47.0
669328,66.0
669392,35.0
669424,36.0
669424,67.0
669488,41.0
669536,50.0
669584,38.0
669648,37.0
669648,72.0
669664,35.0
669760,36.0
669808,40.0
669824,25.0
669856,27.0
669904,36.0
669936,50.0
669984,31.0
670064,25.0
670112,55.0
670112,33.0
670128,46.0
670160,71.0
670240,27.0
670336,30.0
670416,30.0
670544,49.0
670544,45.0
670704,66.0
670720,41.0
670736,75.0
670736,68.0
670800,108.0
670976,67.0
670976,11.0
670976,54.0
671088,34.0
671088,47.0
671184,48.0
671200,60.0
671232,70.0
671248,70.0
671376,25.0
671408,89.0
671408,54.0
671440,44.0
671536,50.0
671552,36.0
671584,55.0
671616,23.0
671616,26.0
671664,36.0
671888,41.0
671952,54.0
671984,114.0
672016,38.0
672016,52.0
672032,66.0
672128,36.0
672128,34.0
672160,34.0
672224,13.0
672256,96.0
672400,24.0
672400,62.0
672496,21.0
672544,37.0
672544,35.0
672576,28.0
672672,77.0
672672,49.0
672752,71.0
672768,69.0
672800,34.0
672832,81.0
672944,12.0
672976,27.0
673008,27.0
673088,43.0
673120,109.0
673168,31.0
673232,75.0
673328,52.0
673376,36.0
673392,79.0
673488,20.0
673552,83.0
673600,32.0
673696,47.0
673744,23.0
673760,58.0
673824,80.0
673872,69.0
673904,77.0
673920,95.0
674016,56.0
674032,40.0
674048,45.0
674128,40.0
674192,28.0
674224,33.0
674384,22.0
674544,39.0
674560,43.0
674592,101.0
674592,65.0
674656,56.0
674736,57.0
674736,52.0
674848,45.0
674848,78.0
674880,117.0
674880,103.0
674880,54.0
674928,44.0
674992,59.0
675072,32.0
675072,43.0
675104,23.0
675120,58.0
675168,39.0
675200,22.0
675216,23.0
675280,22.0
675312,41.0
675312,36.0
675344,22.0
675424,22.0
675472,37.0
675632,33.0
675680,50.0
675696,33.0
675824,12.0
675840,78.0
675904,37.0
676016,71.0
676016,46.0
676080,55.0
676128,44.0
676208,54.0
676224,72.0
676256,71.0
676272,105.0
676336,27.0
676352,41.0
676512,75.0
676560,30.0
676672,25.0
676672,52.0
676704,77.0
676768,40.0
676784,28.0
676800,49.0
676816,62.0
676832,51.0
676880,104.0
677024,32.0
677024,51.0
677072,51.0
677104,21.0
677120,56.0
677200,53.0
677248,27.0
677296,31.0
677392,32.0
677408,24.0
677424,25.0
677456,49.0
677472,112.0
677472,43.0
677488,26.0
677504,25.0
677616,66.0
677648,59.0
677712,65.0
677808,38.0
677856,38.0
677872,47.0
677888,66.0
677888,37.0
678000,36.0
678032,35.0
678112,41.0
678144,40.0
678192,44.0
678304,26.0
678336,30.0
678368,56.0
678432,27.0
678480,38.0
678480,48.0
678512,54.0
678512,69.0
678608,76.0
678624,46.0
678688,36.0
678704,42.0
678752,71.0
678752,38.0
678784,26.0
678800,31.0
678864,22.0
678992,50.0
679008,33.0
679008,25.0
679072,79.0
679104,48.0
679264,40.0
679280,37.0
679344,34.0
679408,41.0
679440,58.0
679536,69.0
679536,34.0
679536,66.0
679600,51.0
679616,57.0
679744,13.0
679808,50.0
679872,63.0
679920,73.0
679968,39.0
680016,59.0
680112,44.0
680144,54.0
680208,37.0
680256,72.0
680288,23.0
680320,66.0
680336,50.0
680432,62.0
680496,33.0
680528,95.0
680544,42.0
680576,29.0
680640,65.0
680704,24.0
680720,27.0
680720,24.0
680736,58.0
680736,37.0
680752,34.0
680768,47.0
680848,37.0
680864,20.0
681008,79.0
681088,41.0
681184,26.0
681200,42.0
681232,31.0
681248,33.0
681328,38.0
681328,52.0
681344,40.0
681360,49.0
681424,35.0
681488,46.0
681552,44.0
681600,60.0
681664,27.0
681760,139.0
681776,37.0
681808,50.0
681840,69.0
681872,49.0
681888,40.0
681920,37.0
681920,45.0
682016,43.0
682224,42.0
682224,50.0
682288,43.0
682304,60.0
682320,30.0
682368,55.0
682400,39.0
682416,47.0
682416,66.0
682496,43.0
682512,37.0
682544,42.0
682560,40.0
682704,59.0
682720,26.0
682816,28.0
682896,42.0
682896,55.0
682928,65.0
683008,29.0
683024,38.0
683040,51.0
683072,47.0
683088,23.0
683104,18.0
683248,43.0
683264,54.0
683280,54.0
683328,39.0
683408,32.0
683456,26.0
683488,75.0
683504,63.0
683504,38.0
683568,35.0
683616,69.0
683712,39.0
683744,40.0
683744,51.0
683840,48.0
683840,36.0
683936,38.0
683968,43.0
683984,60.0
684016,38.0
684064,28.0
684080,39.0
684208,29.0
684208,44.0
684304,50.0
684384,42.0
684384,40.0
684400,24.0
684400,57.0
684464,39.0
684560,39.0
684576,46.0
684688,39.0
684704,39.0
684720,46.0
684864,101.0
684880,31.0
684960,24.0
685008,50.0
685024,39.0
685024,29.0
685056,93.0
685104,44.0
685152,59.0
685184,10.0
685216,33.0
685232,58.0
685328,54.0
685392,63.0
685440,45.0
685504,40.0
685584,35.0
685584,39.0
685648,27.0
685696,37.0
685696,40.0
685728,64.0
685808,41.0
685808,39.0
685824,59.0
685920,43.0
686000,62.0
686032,37.0
686048,41.0
686064,16.0
686256,38.0
686288,60.0
686352,39.0
686400,51.0
686416,52.0
686432,39.0
686464,27.0
686512,32.0
686544,65.0
686736,24.0
686752,174.0
686816,35.0
686848,35.0
686880,74.0
686896,31.0
686928,24.0
686928,63.0
687040,39.0
687056,20.0
687088,41.0
687136,82.0
687168,69.0
687232,48.0
687232,96.0
687360,32.0
687408,30.0
687424,57.0
687440,24.0
687488,46.0
687680,47.0
687696,29.0
687776,43.0
687904,63.0
687968,52.0
687984,47.0
688064,78.0
688144,131.0
688144,69.0
688160,46.0
688160,62.0
688224,54.0
688240,50.0
688320,52.0
688336,41.0
688432,64.0
688464,48.0
688480,44.0
688624,109.0
688704,24.0
688736,36.0
688816,42.0
688848,38.0
688864,25.0
688912,27.0
688944,61.0
688992,52.0
689024,37.0
689104,70.0
689152,68.0
689184,80.0
689232,63.0
689376,32.0
689488,40.0
689520,86.0
689552,38.0
689664,58.0
689744,65.0
689744,52.0
689824,45.0
689872,96.0
689904,26.0
689904,57.0
689984,85.0
690000,39.0
690064,65.0
690112,35.0
690128,56.0
690192,42.0
690272,33.0
690288,39.0
690304,93.0
690448,81.0
690512,38.0
690560,51.0
690576,87.0
690576,47.0
690624,32.0
690672,43.0
690736,18.0
690736,38.0
690768,56.0
690768,31.0
690784,49.0
691024,25.0
691104,34.0
691152,60.0
691216,30.0
691280,44.0
691328,47.0
691440,44.0
691472,50.0
691472,44.0
691536,47.0
691728,76.0
691744,115.0
691760,46.0
691808,30.0
691856,24.0
691936,49.0
691952,42.0
691968,104.0
691968,75.0
692096,127.0
692272,46.0
692336,37.0
692368,79.0
692560,44.0
692608,145.0
692656,76.0
692768,97.0
692784,82.0
692784,43.0
692800,33.0
692880,72.0
692880,20.0
692896,35.0
692944,63.0
693072,29.0
693088,80.0
693120,85.0
693120,47.0
693216,78.0
693296,25.0
693360,88.0
693392,32.0
693408,40.0
693440,41.0
693680,107.0
693744,68.0
693776,35.0
693824,26.0
693856,49.0
693888,63.0
693920,50.0
694048,47.0
694112,45.0
694176,18.0
694320,40.0
694368,63.0
694416,81.0
694464,40.0
694480,46.0
694528,109.0
694544,31.0
694576,71.0
694576,41.0
694608,47.0
694864,43.0
694880,112.0
694912,21.0
694976,127.0
694992,39.0
695008,34.0
695024,26.0
695104,36.0
695152,86.0
695184,40.0
695344,54.0
695376,60.0
695456,55.0
695472,29.0
695552,90.0
695600,14.0
695616,44.0
695680,43.0
695680,41.0
695760,36.0
695824,189.0
695920,65.0
695936,67.0
696032,36.0
696048,36.0
696064,24.0
696128,113.0
696208,38.0
696240,68.0
696320,61.0
696336,41.0
696336,77.0
696400,89.0
696416,37.0
696480,35.0
696704,68.0
696768,35.0
696784,47.0
696800,65.0
696816,26.0
696848,45.0
696864,51.0
696928,43.0
696944,33.0
697104,39.0
697120,50.0
697136,99.0
697152,51.0
697168,69.0
697184,78.0
697296,32.0
697328,62.0
697328,14.0
697568,50.0
697568,39.0
697648,29.0
697696,53.0
697760,52.0
697824,63.0
697888,47.0
697904,47.0
697920,37.0
697968,79.0
698000,75.0
698016,45.0
698096,58.0
698208,40.0
698208,55.0
698208,35.0
698240,26.0
698288,24.0
698400,44.0
698432,54.0
698480,45.0
698528,27.0
698560,42.0
698624,94.0
698704,26.0
698704,49.0
698736,21.0
698784,51.0
698864,41.0
698864,19.0
698880,54.0
698944,44.0
699024,135.0
699024,51.0
699152,45.0
699184,44.0
699216,21.0
699216,76.0
699232,33.0
699280,36.0
699328,50.0
699360,26.0
699456,78.0
699488,39.0
699568,52.0
699632,38.0
699680,25.0
699680,41.0
699776,37.0
699888,69.0
699920,44.0
700016,28.0
700016,87.0
700048,74.0
700080,54.0
700080,37.0
700112,49.0
700208,66.0
700304,42.0
700368,43.0
700480,35.0
700480,50.0
700496,26.0
700624,53.0
700640,80.0
700736,80.0
700752,40.0
700800,49.0
700848,50.0
700912,38.0
700928,28.0
700992,39.0
700992,32.0
701024,59.0
701056,53.0
701216,124.0
701248,16.0
701248,25.0
701264,86.0
701280,49.0
701392,47.0
701456,41.0
701536,49.0
701552,51.0
701632,40.0
701680,66.0
701696,19.0
701792,48.0
701840,39.0
701840,37.0
702048,71.0
702144,68.0
702144,37.0
702160,39.0
702224,81.0
702272,40.0
702352,69.0
702352,56.0
702432,151.0
702432,37.0
702432,73.0
702480,43.0
702480,40.0
702496,76.0
702560,54.0
702608,35.0
702784,69.0
702784,40.0
702816,41.0
702816,29.0
702880,46.0
702896,26.0
702928,20.0
702992,45.0
703040,43.0
703088,41.0
703200,26.0
703248,51.0
703392,38.0
703392,73.0
703520,60.0
703520,65.0
703552,66.0
703568,36.0
703600,73.0
703632,44.0
703696,51.0
703728,43.0
703792,12.0
703904,63.0
703952,35.0
703968,28.0
704000,28.0
704032,49.0
704144,36.0
704160,23.0
704240,65.0
704272,91.0
704288,41.0
704352,24.0
704352,79.0
704384,24.0
704432,44.0
704448,102.0
704496,29.0
704592,27.0
704624,58.0
704688,49.0
704736,37.0
704768,51.0
704784,31.0
704864,39.0
704928,96.0
705008,93.0
705072,45.0
705088,44.0
705104,38.0
705168,46.0
705264,33.0
705392,33.0
705392,48.0
705424,46.0
705600,52.0
705632,85.0
705680,68.0
705696,43.0
705696,48.0
705728,35.0
705776,43.0
705792,45.0
705920,92.0
705936,52.0
705968,74.0
706064,107.0
706160,35.0
706208,59.0
706336,59.0
706432,40.0
706512,36.0
706528,35.0
706528,38.0
706560,71.0
706576,56.0
706704,23.0
706768,67.0
706816,38.0
706944,24.0
706960,79.0
706976,57.0
707024,87.0
707024,81.0
707280,53.0
707328,73.0
707376,35.0
707408,55.0
707616,42.0
707632,116.0
707664,56.0
707680,73.0
707696,46.0
707712,43.0
707728,72.0
707744,76.0
707760,66.0
707920,32.0
707968,37.0
708032,63.0
708064,24.0
708080,28.0
708112,71.0
708128,32.0
708160,52.0
708208,34.0
708528,78.0
708560,52.0
708624,41.0
708624,37.0
708640,33.0
708672,47.0
708672,58.0
708688,206.0
708720,63.0
708768,44.0
708848,18.0
708848,72.0
708896,71.0
708992,54.0
709040,20.0
709120,28.0
709152,24.0
709248,45.0
709264,69.0
709280,41.0
709296,39.0
709344,31.0
709376,81.0
709408,49.0
709440,47.0
709440,50.0
709568,33.0
709600,38.0
709632,46.0
709648,50.0
709648,25.0
709712,27.0
709760,22.0
709792,42.0
710000,44.0
710016,113.0
710064,26.0
710080,44.0
710192,34.0
710208,66.0
710224,37.0
710224,32.0
710256,43.0
710288,53.0
710336,36.0
710400,60.0
710464,75.0
710496,56.0
710528,29.0
710544,47.0
710576,20.0
710608,37.0
710624,26.0
710880,37.0
710896,44.0
710960,46.0
710992,33.0
710992,41.0
711088,109.0
711248,47.0
711264,45.0
711328,83.0
711360,47.0
711408,83.0
711424,27.0
711456,52.0
711536,63.0
711552,42.0
711568,62.0
711632,34.0
711648,41.0
711744,95.0
711888,33.0
711920,41.0
711952,33.0
711952,39.0
711968,35.0
711984,64.0
712112,29.0
712160,44.0
712176,58.0
712224,21.0
712224,114.0
712224,41.0
712272,40.0
712416,95.0
712432,43.0
712576,64.0
712656,34.0
712688,48.0
712784,35.0
712816,53.0
712864,40.0
712896,29.0
712896,39.0
712928,87.0
712960,61.0
712992,65.0
713008,66.0
713136,61.0
713200,39.0
713248,67.0
713296,27.0
713424,38.0
713472,36.0
713520,54.0
713520,69.0
713520,32.0
713664,90.0
713680,24.0
713744,47.0
713744,53.0
713792,54.0
713808,38.0
713824,54.0
713824,71.0
713824,43.0
713888,69.0
713984,29.0
713984,32.0
714048,50.0
714128,44.0
714224,44.0
714240,31.0
714256,32.0
714272,47.0
714432,38.0
714432,38.0
714464,40.0
714464,50.0
714480,37.0
714496,43.0
714512,52.0
714560,36.0
714784,62.0
714784,22.0
714784,41.0
714912,40.0
714944,30.0
715008,31.0
715008,49.0
715024,61.0
715024,48.0
715104,39.0
715136,12.0
715184,59.0
715200,26.0
715216,27.0
715232,42.0
715264,48.0
715312,55.0
715328,34.0
715552,34.0
715552,98.0
715568,29.0
715776,48.0
715808,38.0
715920,63.0
715920,23.0
715920,23.0
715984,53.0
716032,50.0
716064,100.0
716080,51.0
716112,49.0
716176,72.0
716176,72.0
716288,61.0
716336,48.0
716400,76.0
716400,30.0
716432,41.0
716448,40.0
716464,34.0
716480,35.0
716544,30.0
716592,32.0
716688,36.0
716928,56.0
716944,108.0
716960,33.0
716992,51.0
717024,35.0
717024,53.0
717040,44.0
717104,44.0
717280,50.0
717296,82.0
717392,44.0
717424,61.0
717440,30.0
717456,66.0
717488,56.0
717504,32.0
717536,78.0
717584,65.0
717616,37.0
717744,50.0
717824,45.0
717824,50.0
717856,51.0
717872,24.0
717968,42.0
717984,37.0
718032,38.0
718128,53.0
718144,38.0
718160,45.0
718176,45.0
718336,88.0
718352,53.0
718400,23.0
718432,43.0
718512,33.0
718576,27.0
718592,26.0
718624,63.0
718640,42.0
718736,57.0
718800,25.0
718800,76.0
718848,61.0
718864,44.0
718944,38.0
718976,70.0
719008,41.0
719024,28.0
719152,45.0
719360,24.0
719472,33.0
719488,104.0
719488,43.0
719520,41.0
719568,90.0
719616,62.0
719680,55.0
719728,76.0
719760,73.0
719760,46.0
719760,47.0
719808,41.0
719856,63.0
719856,70.0
719920,27.0
719968,13.0
720048,30.0
720112,47.0
720112,37.0
720128,40.0
720240,24.0
720320,105.0
720336,38.0
720352,46.0
720432,20.0
720448,43.0
720528,53.0
720544,39.0
720592,70.0
720624,51.0
720768,57.0
720768,41.0
720800,35.0
720864,46.0
720928,60.0
721024,61.0
721104,32.0
721216,48.0
721248,58.0
721296,48.0
721328,56.0
721360,35.0
721392,66.0
721472,44.0
721520,37.0
721520,56.0
721536,74.0
721808,35.0
721840,39.0
721856,131.0
721920,25.0
721936,57.0
721936,36.0
721968,69.0
721968,89.0
721984,37.0
721984,76.0
722096,35.0
722160,66.0
722224,47.0
722304,49.0
722352,64.0
722416,35.0
722448,22.0
722448,40.0
722448,29.0
722464,30.0
722480,34.0
722576,40.0
722608,48.0
722720,50.0
722720,47.0
722768,92.0
722784,39.0
722864,56.0
722992,43.0
722992,33.0
723120,42.0
723120,42.0
723136,33.0
723200,45.0
723232,49.0
723280,35.0
723312,68.0
723408,62.0
723440,28.0
723456,42.0
723456,69.0
723472,38.0
723472,30.0
723504,49.0
723728,31.0
723744,34.0
723744,73.0
723792,32.0
723808,65.0
723824,23.0
723856,46.0
723904,48.0
723920,32.0
723952,52.0
724000,43.0
724048,38.0
724128,42.0
724208,18.0
724288,27.0
724320,51.0
724352,25.0
724352,35.0
724352,38.0
724384,35.0
724400,41.0
724448,61.0
724464,46.0
724496,64.0
724496,37.0
724512,44.0
724752,47.0
724816,38.0
724864,29.0
724864,46.0
724880,35.0
724928,55.0
724944,35.0
724992,31.0
724992,40.0
724992,40.0
725136,53.0
725200,53.0
725216,22.0
725248,19.0
725264,50.0
725344,22.0
725360,54.0
725440,36.0
725488,42.0
725568,66.0
725600,25.0
725616,43.0
725632,74.0
725696,51.0
725728,61.0
725888,34.0
725888,28.0
726032,49.0
726048,66.0
726096,38.0
726256,39.0
726272,14.0
726272,34.0
726288,37.0
726304,73.0
726320,83.0
726384,48.0
726432,54.0
726560,33.0
726560,81.0
726560,42.0
726576,85.0
726608,45.0
726656,24.0
726688,83.0
726704,69.0
726896,32.0
726912,22.0
726944,53.0
726992,42.0
726992,46.0
727056,31.0
727056,22.0
727104,42.0
727152,55.0
727152,37.0
727232,34.0
727456,53.0
727488,74.0
727520,33.0
727536,37.0
727552,56.0
727776,39.0
727792,56.0
727792,76.0
727824,42.0
727840,49.0
727840,53.0
727856,59.0
727888,27.0
727920,102.0
728000,48.0
728032,31.0
728288,48.0
728320,76.0
728400,35.0
728432,55.0
728464,36.0
728560,67.0
728560,48.0
728592,50.0
728624,48.0
728720,55.0
728736,28.0
728784,12.0
728864,54.0
728864,25.0
728896,70.0
728912,116.0
728976,66.0
728992,27.0
729024,25.0
729088,48.0
729088,22.0
729152,83.0
729232,50.0
729296,24.0
729296,79.0
729408,43.0
729472,67.0
729536,35.0
729568,36.0
729568,63.0
729696,52.0
729712,39.0
729760,46.0
729792,31.0
730000,27.0
730064,75.0
730096,50.0
730096,75.0
730112,40.0
730144,57.0
730144,22.0
730208,50.0
730224,71.0
730320,96.0
730336,39.0
730336,48.0
730368,42.0
730448,81.0
730608,32.0
730704,23.0
730784,49.0
730784,45.0
730784,36.0
730800,36.0
730800,41.0
731024,41.0
731040,59.0
731040,37.0
731056,95.0
731072,46.0
731088,59.0
731104,20.0
731152,34.0
731296,74.0
731344,40.0
731376,20.0
731408,38.0
731440,105.0
731536,46.0
731600,31.0
731600,35.0
731632,53.0
731632,35.0
731648,39.0
731808,45.0
731888,30.0
731904,54.0
731952,102.0
731984,52.0
732000,23.0
732032,27.0
732032,41.0
732080,27.0
732128,52.0
732144,34.0
732192,41.0
732224,55.0
732288,21.0
732384,59.0
732384,22.0
732400,32.0
732480,106.0
732560,36.0
732560,23.0
732576,59.0
732752,42.0
732752,47.0
732800,42.0
732880,41.0
732896,68.0
732960,58.0
733072,43.0
733120,34.0
733120,35.0
733136,24.0
733168,64.0
733232,59.0
733280,50.0
733504,17.0
733568,28.0
733600,53.0
733664,69.0
733696,82.0
733760,60.0
733776,44.0
733808,43.0
733808,53.0
733888,124.0
733888,38.0
733920,64.0
734000,70.0
734048,24.0
734112,107.0
734224,29.0
734272,14.0
734272,44.0
734480,42.0
734480,61.0
734512,57.0
734528,52.0
734528,45.0
734528,40.0
734528,33.0
734544,41.0
734560,87.0
734576,90.0
734576,41.0
734720,59.0
734976,28.0
734992,28.0
735040,48.0
735088,35.0
735152,58.0
735152,55.0
735184,39.0
735264,46.0
735312,75.0
735360,49.0
735360,55.0
735408,58.0
735424,44.0
735456,55.0
735472,59.0
735600,28.0
735600,28.0
735680,37.0
735744,77.0
735760,48.0
735776,50.0
735776,37.0
735856,27.0
735888,33.0
735984,39.0
736032,39.0
736112,40.0
736208,38.0
736240,31.0
736272,31.0
736320,45.0
736368,66.0
736400,85.0
736560,28.0
736592,44.0
736640,38.0
736688,57.0
736720,79.0
736736,31.0
736896,71.0
736928,104.0
736928,35.0
737024,73.0
737024,44.0
737040,30.0
737072,22.0
737088,69.0
737088,51.0
737152,92.0
737184,37.0
737184,61.0
737248,38.0
737280,55.0
737344,20.0
737536,38.0
737600,42.0
737648,35.0
737664,26.0
737728,44.0
737792,44.0
737856,32.0
737888,72.0
737936,47.0
737968,58.0
738096,59.0
738096,64.0
738112,89.0
738176,28.0
738192,37.0
738208,42.0
738224,59.0
738224,65.0
738272,39.0
738304,32.0
738384,45.0
738608,26.0
738656,50.0
738768,55.0
738800,119.0
738880,59.0
738896,39.0
738912,51.0
738912,59.0
738928,39.0
738976,48.0
739120,56.0
739168,66.0
739184,50.0
739232,29.0
739280,66.0
739312,76.0
739344,23.0
739344,46.0
739472,36.0
739536,38.0
739600,27.0
739632,45.0
739728,97.0
739760,18.0
739808,58.0
739904,35.0
740000,23.0
740032,70.0
740176,66.0
740192,96.0
740208,61.0
740224,55.0
740256,91.0
740288,63.0
740416,51.0
740496,74.0
740608,89.0
740608,25.0
740608,67.0
740624,56.0
740640,38.0
740720,34.0
740784,55.0
740800,24.0
740832,34.0
740832,21.0
740912,69.0
740944,47.0
740992,62.0
741024,79.0
741088,30.0
741120,56.0
741168,33.0
741392,49.0
741456,53.0
741568,82.0
741584,47.0
741632,40.0
741664,59.0
741696,56.0
741696,67.0
741696,54.0
741728,44.0
741744,39.0
741840,58.0
741984,51.0
742000,38.0
742080,39.0
742128,74.0
742240,38.0
742240,72.0
742256,92.0
742272,36.0
742288,44.0
742336,31.0
742352,41.0
742352,43.0
742400,52.0
742496,32.0
742624,24.0
742624,31.0
742688,28.0
742704,44.0
742992,78.0
742992,81.0
743024,46.0
743056,44.0
743072,46.0
743104,47.0
743136,66.0
743184,58.0
743232,38.0
743360,60.0
743408,105.0
743520,51.0
743520,56.0
743552,80.0
743600,29.0
743632,40.0
743824,71.0
743856,39.0
743968,57.0
744000,51.0
744000,94.0
744032,63.0
744048,66.0
744080,63.0
744096,34.0
744128,48.0
744160,47.0
744224,44.0
744240,40.0
744272,47.0
744352,78.0
744352,33.0
744528,35.0
744544,28.0
744592,46.0
744608,61.0
744640,37.0
744672,40.0
744672,28.0
744752,47.0
744800,40.0
744864,54.0
744912,23.0
744976,24.0
745072,29.0
745072,25.0
745104,64.0
745184,52.0
745264,71.0
745312,67.0
745344,23.0
745424,49.0
745440,57.0
745504,37.0
745632,48.0
745664,82.0
745680,36.0
745728,91.0
745776,44.0
745824,67.0
745872,28.0
745968,29.0
746096,29.0
746112,50.0
746144,92.0
746192,87.0
746192,58.0
746224,55.0
746224,35.0
746256,67.0
746272,28.0
746496,24.0
746544,42.0
746576,71.0
746656,32.0
746672,62.0
746752,64.0
746832,38.0
746832,54.0
746848,67.0
746864,42.0
746912,45.0
746928,27.0
746928,116.0
746944,45.0
746960,54.0
747024,48.0
747056,32.0
747120,34.0
747248,26.0
747376,69.0
747392,46.0
747408,36.0
747456,49.0
747600,40.0
747648,33.0
747648,45.0
747664,47.0
747664,50.0
747728,22.0
747744,51.0
747840,51.0
747856,69.0
747856,38.0
747936,55.0
748016,67.0
748080,43.0
748080,77.0
748096,28.0
748112,41.0
748176,28.0
748224,30.0
748256,38.0
748256,53.0
748368,32.0
748368,22.0
748432,48.0
748448,37.0
748544,44.0
748560,60.0
748576,40.0
748624,33.0
748624,60.0
748800,34.0
748880,50.0
748976,56.0
748976,38.0
749040,54.0
749136,55.0
749168,45.0
749168,50.0
749168,66.0
749216,42.0
749328,47.0
749472,78.0
749488,38.0
749488,58.0
749584,38.0
749632,63.0
749632,37.0
749664,31.0
749664,33.0
749696,45.0
749760,60.0
749792,29.0
749888,79.0
749968,50.0
749984,25.0
750048,52.0
750080,57.0
750112,39.0
750144,107.0
750192,31.0
750208,28.0
750272,50.0
750480,62.0
750480,27.0
750608,51.0
750608,29.0
750624,62.0
750736,67.0
750784,32.0
750784,70.0
750800,57.0
750800,73.0
750864,56.0
750864,49.0
750864,42.0
750880,25.0
751056,27.0
751200,62.0
751216,26.0
751248,24.0
751312,52.0
751328,76.0
751344,85.0
751360,36.0
751392,33.0
751520,41.0
751584,24.0
751616,35.0
751728,70.0
751808,26.0
751904,37.0
751920,44.0
751952,73.0
751984,29.0
752032,72.0
752080,46.0
752128,87.0
752128,25.0
752208,100.0
752256,56.0
752288,42.0
752416,27.0
752448,75.0
752528,45.0
752528,39.0
752576,62.0
752640,32.0
752672,47.0
752688,85.0
752688,27.0
752768,123.0
752816,25.0
752816,46.0
752880,53.0
752944,62.0
752992,26.0
753024,56.0
753088,26.0
753104,36.0
753120,57.0
753136,53.0
753264,46.0
753296,19.0
753360,21.0
753360,34.0
753376,43.0
753392,59.0
753600,41.0
753632,32.0
753648,55.0
753776,25.0
753824,74.0
753824,63.0
753936,52.0
753984,69.0
754016,39.0
754032,84.0
754032,48.0
754160,50.0
754224,58.0
754336,75.0
754352,62.0
754368,34.0
754432,49.0
754576,47.0
754592,94.0
754608,61.0
754672,40.0
754704,22.0
754704,69.0
754720,49.0
754800,48.0
754896,57.0
754960,39.0
754976,24.0
754992,52.0
755120,84.0
755152,28.0
755168,29.0
755184,24.0
755200,39.0
755456,90.0
755488,70.0
755584,24.0
755600,62.0
755648,29.0
755648,47.0
755744,64.0
755760,37.0
755776,97.0
755888,76.0
756048,29.0
756048,37.0
756112,70.0
756112,105.0
756208,45.0
756288,40.0
756304,41.0
756304,44.0
756320,85.0
756336,37.0
756384,31.0
756416,90.0
756512,46.0
756528,26.0
756592,34.0
756624,54.0
756640,27.0
756672,35.0
756720,98.0
756864,34.0
756880,34.0
756912,39.0
756928,113.0
756944,40.0
756992,23.0
757072,43.0
757072,41.0
757152,15.0
757248,41.0
757536,51.0
757568,26.0
757584,67.0
757584,45.0
757600,22.0
757648,48.0
757728,89.0
757808,15.0
757808,51.0
757856,76.0
757888,76.0
757904,60.0
758000,58.0
758000,67.0
758048,29.0
758064,29.0
758128,34.0
758160,102.0
758176,33.0
758208,20.0
758240,24.0
758256,28.0
758432,85.0
758496,60.0
758544,34.0
758624,28.0
758656,163.0
758736,46.0
758800,67.0
758832,39.0
758848,50.0
758880,45.0
758912,69.0
759040,38.0
759056,51.0
759136,37.0
759136,77.0
759216,72.0
759264,29.0
759280,49.0
759280,64.0
759312,41.0
759424,37.0
759424,34.0
759536,25.0
759600,43.0
759632,20.0
759664,51.0
759696,67.0
759792,104.0
759856,36.0
759872,51.0
760016,47.0
760112,61.0
760128,37.0
760144,88.0
760176,47.0
760208,73.0
760304,55.0
760336,70.0
760368,48.0
760416,71.0
760416,45.0
760432,48.0
760464,52.0
760544,23.0
760608,30.0
760704,57.0
760832,45.0
760848,62.0
760976,34.0
760976,69.0
760992,41.0
761008,40.0
761024,38.0
761040,39.0
761072,58.0
761088,24.0
761120,32.0
761152,38.0
761168,54.0
761200,74.0
761312,69.0
761328,31.0
761440,61.0
761536,35.0
761536,43.0
761552,33.0
761792,50.0
761824,46.0
761824,51.0
761856,26.0
761904,44.0
761904,58.0
761920,53.0
761952,26.0
762080,57.0
762176,66.0
762240,20.0
762320,80.0
762320,62.0
762416,55.0
762464,35.0
762480,33.0
762656,94.0
762704,50.0
762752,32.0
762816,25.0
762848,24.0
762880,44.0
762896,36.0
762896,99.0
763024,92.0
763040,76.0
763152,85.0
763216,87.0
763312,38.0
763360,94.0
763376,39.0
763392,34.0
763408,58.0
763552,32.0
763600,44.0
763616,45.0
763616,60.0
763648,39.0
763664,84.0
763792,61.0
763888,42.0
763984,37.0
764064,28.0
764096,34.0
764112,32.0
764208,26.0
764208,56.0
764272,87.0
764304,41.0
764368,47.0
764480,26.0
764528,153.0
764528,54.0
764592,31.0
764592,30.0
764704,21.0
764784,12.0
764816,88.0
764896,63.0
764912,110.0
764960,47.0
765024,65.0
765040,32.0
765056,47.0
765200,45.0
765216,39.0
765232,44.0
765264,28.0
765456,27.0
765536,52.0
765536,40.0
765568,38.0
765568,21.0
765696,89.0
765712,58.0
765728,51.0
765760,44.0
765776,36.0
765872,104.0
765904,28.0
765904,54.0
766032,167.0
766032,29.0
766064,168.0
766064,53.0
766064,50.0
766112,13.0
766144,38.0
766160,28.0
766192,39.0
766256,24.0
766336,50.0
766336,38.0
766384,43.0
766464,44.0
766528,47.0
766544,40.0
766544,27.0
766608,34.0
766672,33.0
766688,41.0
766736,25.0
766848,20.0
766848,41.0
766864,50.0
766976,40.0
767008,39.0
767088,64.0
767232,48.0
767248,62.0
767328,37.0
767328,49.0
767472,82.0
767616,58.0
767696,64.0
767696,68.0
767744,48.0
767824,61.0
767840,37.0
767840,62.0
767872,115.0
767968,69.0
768016,58.0
768192,103.0
768224,56.0
768272,59.0
768272,65.0
768320,39.0
768320,82.0
768464,40.0
768480,63.0
768496,55.0
768576,52.0
768640,48.0
768656,40.0
768672,52.0
768848,36.0
768896,44.0
768896,58.0
768944,42.0
768976,47.0
769056,46.0
769104,79.0
769120,41.0
769184,38.0
769280,50.0
769376,45.0
769424,33.0
769472,61.0
769520,53.0
769552,44.0
769552,77.0
769584,38.0
769600,34.0
769696,66.0
769728,127.0
769840,45.0
769856,21.0
770032,53.0
770048,39.0
770064,60.0
770080,22.0
770096,39.0
770208,41.0
770288,43.0
770304,38.0
770416,92.0
770416,23.0
770432,55.0
770464,74.0
770464,39.0
770560,74.0
770656,36.0
770656,22.0
770704,38.0
770720,71.0
770720,19.0
770768,30.0
770816,24.0
770832,121.0
770864,50.0
770928,45.0
770976,59.0
770992,71.0
770992,33.0
771040,30.0
771136,45.0
771200,17.0
771264,27.0
771312,53.0
771328,42.0
771408,40.0
771504,33.0
771520,50.0
771536,31.0
771632,48.0
771648,41.0
771680,60.0
771744,38.0
771776,67.0
771808,19.0
771856,54.0
771872,38.0
771920,25.0
771968,35.0
771968,72.0
772016,44.0
772064,27.0
772208,97.0
772208,42.0
772256,30.0
772336,29.0
772400,67.0
772416,28.0
772448,50.0
772512,52.0
772560,31.0
772672,54.0
772736,55.0
772752,34.0
772768,50.0
772784,54.0
772880,27.0
772960,39.0
772960,44.0
772960,59.0
773072,117.0
773104,56.0
773232,51.0
773248,53.0
773264,95.0
773376,26.0
773392,41.0
773424,29.0
773456,36.0
773472,45.0
773520,47.0
773584,30.0
773584,50.0
773584,22.0
773664,69.0
773824,82.0
773968,37.0
774016,84.0
774048,29.0
774064,25.0
774064,34.0
774112,33.0
774112,72.0
774160,44.0
774208,59.0
774240,48.0
774288,76.0
774304,57.0
774336,32.0
774368,70.0
774512,68.0
774512,28.0
774576,38.0
774656,40.0
774784,28.0
774864,39.0
774864,44.0
774864,36.0
774912,83.0
775024,45.0
775040,58.0
775056,34.0
775088,55.0
775120,66.0
775168,41.0
775296,78.0
775408,34.0
775536,55.0
775552,90.0
775584,63.0
775600,51.0
775696,49.0
775744,36.0
775760,42.0
775808,32.0
775888,52.0
775904,65.0
775936,51.0
776080,31.0
776080,65.0
776224,30.0
776256,118.0
776272,78.0
776432,64.0
776544,41.0
776560,41.0
776560,54.0
776576,65.0
776608,53.0
776624,51.0
776656,36.0
776672,28.0
776768,43.0
776800,54.0
776960,88.0
777008,21.0
777024,28.0
777056,39.0
777072,92.0
777072,138.0
777168,38.0
777184,40.0
777216,38.0
777264,29.0
777472,51.0
777536,23.0
777600,52.0
777616,22.0
777632,63.0
777632,36.0
777664,41.0
777664,40.0
777680,70.0
777792,45.0
777808,96.0
777904,45.0
777968,63.0
777968,47.0
778032,111.0
778112,65.0
778192,45.0
778272,37.0
778368,44.0
778384,48.0
778400,54.0
778464,31.0
778592,58.0
778624,51.0
778640,46.0
778800,27.0
778816,53.0
778912,80.0
778944,47.0
778976,86.0
779024,57.0
779056,29.0
779104,29.0
779120,41.0
779152,85.0
779200,98.0
779248,61.0
779264,55.0
779328,44.0
779392,36.0
779408,86.0
779536,39.0
779536,27.0
779568,26.0
779712,82.0
779744,45.0
779776,33.0
779792,53.0
779856,50.0
779856,66.0
779872,21.0
779904,40.0
779952,39.0
779984,63.0
780016,56.0
780080,55.0
780112,36.0
780160,48.0
780224,30.0
780304,37.0
780368,60.0
780448,23.0
780480,39.0
780544,27.0
780608,65.0
780608,41.0
780688,24.0
780688,44.0
780688,49.0
780816,65.0
780896,26.0
781040,78.0
781056,32.0
781056,52.0
781088,45.0
781104,59.0
781120,27.0
781136,70.0
781152,44.0
781168,81.0
781328,40.0
781360,47.0
781424,46.0
781424,33.0
781584,108.0
781648,65.0
781712,38.0
781712,34.0
781776,43.0
781840,44.0
781856,50.0
781856,44.0
781920,54.0
781920,55.0
782128,26.0
782192,67.0
782192,48.0
782272,53.0
782336,63.0
782432,101.0
782464,55.0
782608,48.0
782656,59.0
782672,64.0
782880,64.0
782960,69.0
782960,48.0
783040,79.0
783056,71.0
783088,41.0
783088,73.0
783184,32.0
783264,41.0
783296,40.0
783360,77.0
783360,56.0
783392,127.0
783600,34.0
783648,86.0
783648,22.0
783680,50.0
783728,34.0
783760,50.0
783856,56.0
783872,105.0
783904,34.0
783936,34.0
783936,53.0
784016,26.0
784016,105.0
784112,24.0
784192,21.0
784256,38.0
784256,56.0
784304,39.0
784352,82.0
784400,82.0
784432,49.0
784432,15.0
784448,32.0
784576,51.0
784592,36.0
784672,41.0
784736,50.0
784736,92.0
784784,33.0
784816,35.0
784928,31.0
784928,64.0
785056,41.0
785088,40.0
785120,33.0
785152,36.0
785152,26.0
785312,63.0
785360,63.0
785360,43.0
785488,44.0
785536,38.0
785616,33.0
785616,94.0
785744,24.0
785744,43.0
785904,49.0
785952,71.0
786048,27.0
786064,33.0
786064,36.0
786080,58.0
786080,84.0
786096,46.0
786192,65.0
786352,65.0
786400,158.0
786448,44.0
786464,32.0
786592,53.0
786640,64.0
786688,39.0
786688,39.0
786736,113.0
786784,37.0
786784,27.0
786816,48.0
786816,57.0
786944,157.0
786976,24.0
786992,34.0
787040,22.0
787040,60.0
787088,22.0
787088,63.0
787168,67.0
787264,36.0
787328,24.0
787392,19.0
787472,43.0
787504,65.0
787584,34.0
787648,63.0
787680,44.0
787696,57.0
787920,69.0
787920,69.0
787968,58.0
787984,56.0
787984,25.0
788016,64.0
788128,54.0
788144,40.0
788176,44.0
788256,38.0
788368,75.0
788528,35.0
788544,53.0
788640,78.0
788640,45.0
788688,32.0
788720,46.0
788736,51.0
788736,47.0
788768,68.0
788768,90.0
788880,47.0
788976,38.0
788992,61.0
789072,27.0
789136,25.0
789264,46.0
789280,40.0
789376,38.0
789376,43.0
789392,71.0
789520,47.0
789536,87.0
789536,35.0
789552,63.0
789632,202.0
789712,52.0
789744,64.0
789744,38.0
789776,24.0
789808,33.0
789872,50.0
789920,74.0
790016,47.0
790080,44.0
790096,69.0
790176,39.0
790192,26.0
790240,45.0
790256,45.0
790336,37.0
790432,26.0
790608,54.0
790640,63.0
790672,47.0
790672,71.0
790688,27.0
790752,65.0
790896,68.0
790912,42.0
790912,96.0
790928,46.0
790992,70.0
790992,56.0
791056,45.0
791120,59.0
791136,44.0
791200,35.0
791216,71.0
791344,46.0
791360,43.0
791360,38.0
791408,32.0
791424,23.0
791472,30.0
791520,24.0
791632,60.0
791728,33.0
791744,47.0
791760,40.0
791792,36.0
791792,27.0
791824,57.0
791888,33.0
791984,15.0
791984,67.0
792080,41.0
792096,88.0
792096,43.0
792160,33.0
792176,52.0
792208,80.0
792208,28.0
792272,30.0
792304,52.0
792320,37.0
792352,23.0
792480,25.0
792560,42.0
792592,50.0
792640,23.0
792656,22.0
792688,73.0
792704,24.0
792816,45.0
792832,39.0
792832,39.0
792912,68.0
792960,61.0
792992,52.0
793040,43.0
793056,36.0
793248,38.0
793264,68.0
793264,42.0
793456,48.0
793504,50.0
793632,40.0
793664,98.0
793728,56.0
793760,50.0
793760,31.0
793808,62.0
793824,62.0
793984,33.0
793984,45.0
793984,58.0
794048,24.0
794064,64.0
794192,23.0
794432,117.0
794448,29.0
794528,29.0
794592,52.0
794592,105.0
794640,124.0
794672,39.0
794704,45.0
794720,60.0
794816,39.0
794944,60.0
794992,79.0
795008,86.0
795040,28.0
795120,43.0
795168,45.0
795200,122.0
795232,44.0
795296,41.0
795312,94.0
795344,115.0
795472,50.0
795504,49.0
795552,53.0
795680,43.0
795792,42.0
795792,75.0
795872,66.0
795872,54.0
795952,47.0
795984,40.0
796032,62.0
796080,48.0
796192,40.0
796208,65.0
796224,45.0
796272,61.0
796352,35.0
796352,20.0
796368,71.0
796416,29.0
796432,40.0
796512,40.0
796576,44.0
796592,32.0
796672,62.0
796688,109.0
796736,32.0
796752,48.0
796832,40.0
796960,38.0
796992,35.0
796992,95.0
797056,43.0
797104,32.0
797168,51.0
797200,43.0
797216,50.0
797312,39.0
797392,70.0
797424,47.0
797440,28.0
797472,40.0
797552,24.0
797648,56.0
797744,47.0
797744,73.0
797824,54.0
797920,54.0
797936,108.0
798064,53.0
798128,24.0
798128,46.0
798160,60.0
798256,95.0
798272,33.0
798288,54.0
798336,25.0
798352,78.0
798352,27.0
798432,23.0
798560,68.0
798624,50.0
798736,68.0
798752,37.0
798752,29.0
798768,83.0
798784,41.0
798848,32.0
798864,37.0
798912,49.0
799024,48.0
799056,39.0
799072,95.0
799136,49.0
799152,33.0
799152,25.0
799248,31.0
799312,28.0
799392,65.0
799488,36.0
799552,140.0
799664,51.0
799680,70.0
799712,35.0
799728,60.0
799760,64.0
799760,43.0
799776,39.0
799808,35.0
799824,50.0
800016,44.0
800096,27.0
800192,32.0
800224,46.0
800240,74.0
800256,34.0
800272,34.0
800336,36.0
800336,97.0
800368,61.0
800368,77.0
800400,53.0
800416,41.0
800512,44.0
800640,28.0
800688,54.0
800736,40.0
800880,38.0
800928,57.0
800992,46.0
801040,50.0
801072,42.0
801088,36.0
801136,45.0
801168,52.0
801184,51.0
801184,51.0
801280,40.0
801392,25.0
801536,110.0
801536,75.0
801552,42.0
801568,30.0
801616,43.0
801616,58.0
801632,35.0
801792,39.0
801840,50.0
801840,35.0
801936,50.0
802032,25.0
802064,28.0
802080,84.0
802080,34.0
802112,118.0
802112,58.0
802112,58.0
802128,21.0
802160,39.0
802192,40.0
802208,37.0
802224,41.0
802272,55.0
802448,24.0
802688,38.0
802752,57.0
802800,43.0
802832,45.0
802848,51.0
802864,49.0
802880,65.0
802896,60.0
802960,43.0
802960,52.0
802992,52.0
803008,49.0
803008,50.0
803008,51.0
803024,57.0
803280,25.0
803312,29.0
803328,36.0
803488,41.0
803584,39.0
803648,41.0
803648,40.0
803648,39.0
803856,56.0
803872,74.0
803952,29.0
804000,97.0
804080,74.0
804080,50.0
804112,69.0
804176,37.0
804304,61.0
804336,24.0
804448,71.0
804464,100.0
804496,53.0
804544,29.0
804544,43.0
804608,46.0
804640,115.0
804704,106.0
804768,27.0
804912,23.0
804912,38.0
804944,48.0
804960,16.0
805008,85.0
805024,33.0
805072,62.0
805120,70.0
805200,47.0
805264,45.0
805360,37.0
805392,80.0
805424,30.0
805456,62.0
805504,54.0
805504,37.0
805520,57.0
805568,31.0
805632,124.0
805680,45.0
805728,51.0
805776,48.0
805952,43.0
805952,58.0
805984,54.0
805984,37.0
806016,41.0
806016,37.0
806112,41.0
806144,59.0
806144,40.0
806240,29.0
806272,40.0
806320,50.0
806320,40.0
806352,39.0
806384,27.0
806672,43.0
806688,70.0
806752,40.0
806768,51.0
806784,80.0
806800,30.0
806832,43.0
806880,40.0
807040,64.0
807072,66.0
807152,55.0
807168,53.0
807248,36.0
807248,56.0
807312,58.0
807328,33.0
807328,40.0
807344,37.0
807440,42.0
807568,33.0
807632,19.0
807744,60.0
807824,62.0
807840,43.0
807920,42.0
807936,122.0
807952,55.0
807984,42.0
808032,25.0
808064,45.0
808080,32.0
808096,53.0
808112,23.0
808208,65.0
808240,131.0
808272,52.0
808336,26.0
808368,26.0
808400,67.0
808416,30.0
808432,25.0
808480,23.0
808528,103.0
808624,35.0
808640,50.0
808752,22.0
808784,60.0
808784,43.0
808800,51.0
808848,36.0
808912,36.0
808992,49.0
809104,46.0
809152,19.0
809232,50.0
809248,28.0
809344,69.0
809344,51.0
809520,65.0
809552,48.0
809696,59.0
809776,27.0
809792,55.0
809808,44.0
809840,89.0
809888,23.0
809920,43.0
809968,61.0
809984,27.0
809984,46.0
810016,87.0
810096,126.0
810160,86.0
810288,59.0
810368,36.0
810400,30.0
810416,79.0
810432,112.0
810496,32.0
810624,38.0
810640,52.0
810672,61.0
810720,52.0
810752,49.0
810784,23.0
810800,25.0
810800,64.0
810848,63.0
810928,48.0
810944,36.0
811024,65.0
811088,37.0
811136,65.0
811168,23.0
811184,47.0
811280,41.0
811296,39.0
811296,36.0
811344,44.0
811392,38.0
811536,43.0
811552,24.0
811568,48.0
811632,84.0
811792,38.0
811808,32.0
811888,50.0
811904,61.0
811920,18.0
811984,43.0
812000,38.0
812160,38.0
812208,54.0
812224,43.0
812240,42.0
812240,69.0
812272,95.0
812272,83.0
812288,63.0
812400,86.0
812400,25.0
812624,29.0
812656,53.0
812720,28.0
812800,51.0
812880,68.0
812912,64.0
812992,37.0
812992,47.0
813008,49.0
813152,55.0
813168,48.0
813168,34.0
813232,32.0
813248,65.0
813312,88.0
813312,67.0
813312,87.0
813376,68.0
813536,46.0
813536,34.0
813552,42.0
813616,39.0
813616,38.0
813760,38.0
813840,33.0
813872,44.0
813872,39.0
813872,44.0
813968,41.0
814016,44.0
814112,35.0
814176,59.0
814192,36.0
814208,81.0
814224,29.0
814320,44.0
814320,49.0
814448,57.0
814448,30.0
814464,37.0
814576,75.0
814640,124.0
814736,39.0
814784,57.0
814800,39.0
814816,59.0
814848,40.0
814848,33.0
814960,20.0
814960,46.0
815008,62.0
815040,36.0
815056,38.0
815088,78.0
815120,42.0
815168,61.0
815264,33.0
815440,37.0
815456,40.0
815568,45.0
815568,49.0
815584,26.0
815600,35.0
815616,35.0
815664,84.0
815696,43.0
815696,46.0
815824,46.0
815840,24.0
815840,65.0
815920,41.0
815920,30.0
815968,53.0
816016,90.0
816064,23.0
816160,35.0
816192,38.0
816320,41.0
816464,34.0
816496,42.0
816496,36.0
816560,34.0
816640,50.0
816640,67.0
816640,64.0
816656,68.0
816704,46.0
816784,59.0
816800,46.0
816816,39.0
816944,28.0
816976,51.0
816992,42.0
817088,133.0
817120,35.0
817264,98.0
817264,39.0
817280,49.0
817296,52.0
817296,37.0
817312,33.0
817376,45.0
817456,51.0
817536,37.0
817552,57.0
817632,52.0
817696,27.0
817760,31.0
817792,31.0
817808,45.0
817840,34.0
817968,27.0
817984,33.0
818032,66.0
818048,46.0
818064,43.0
818064,67.0
818176,23.0
818256,90.0
818256,44.0
818352,32.0
818400,38.0
818496,54.0
818544,79.0
818576,51.0
818592,35.0
818608,34.0
818608,27.0
818624,40.0
818624,94.0
818640,37.0
818848,28.0
818912,59.0
818928,22.0
818960,38.0
818992,46.0
819040,26.0
819136,31.0
819136,33.0
819264,45.0
819280,43.0
819280,64.0
819296,42.0
819312,101.0
819376,26.0
819392,30.0
819408,57.0
819424,85.0
819504,41.0
819520,24.0
819616,63.0
819664,39.0
819744,51.0
819760,48.0
819840,36.0
819872,35.0
819888,38.0
819936,32.0
819952,35.0
819968,42.0
820032,23.0
820048,42.0
820048,40.0
820064,35.0
820304,49.0
820320,36.0
820352,67.0
820416,50.0
820432,81.0
820448,35.0
820512,40.0
820560,50.0
820592,39.0
820592,35.0
820640,44.0
820688,39.0
820752,57.0
820800,47.0
820832,24.0
821088,71.0
821088,46.0
821136,44.0
821152,25.0
821152,53.0
821216,41.0
821216,39.0
821248,52.0
821344,64.0
821392,37.0
821440,87.0
821440,38.0
821456,54.0
821488,53.0
821680,27.0
821696,63.0
821760,34.0
821840,25.0
821936,53.0
821936,49.0
821984,92.0
822000,32.0
822016,35.0
822048,22.0
822080,46.0
822080,58.0
822096,60.0
822160,67.0
822240,64.0
822240,53.0
822464,33.0
822480,45.0
822496,41.0
822496,35.0
822512,31.0
822608,39.0
822608,32.0
822640,75.0
822688,33.0
822704,39.0
822752,44.0
822816,36.0
822848,38.0
822880,26.0
823088,63.0
823104,89.0
823120,23.0
823136,71.0
823152,34.0
823168,33.0
823248,23.0
823328,39.0
823424,57.0
823488,55.0
823488,62.0
823568,28.0
823584,56.0
823584,28.0
823616,33.0
823616,71.0
823664,35.0
823744,36.0
823776,80.0
823824,63.0
823920,27.0
823968,40.0
824032,49.0
824080,32.0
824224,40.0
824256,30.0
824272,33.0
824288,20.0
824304,72.0
824320,44.0
824320,52.0
824384,50.0
824400,61.0
824416,50.0
824496,103.0
824512,53.0
824592,11.0
824640,20.0
824656,25.0
824656,46.0
824848,28.0
824912,40.0
824928,38.0
825008,58.0
825008,49.0
825024,62.0
825040,47.0
825088,27.0
825120,81.0
825264,47.0
825328,46.0
825376,55.0
825376,46.0
825456,67.0
825472,34.0
825504,37.0
825504,31.0
825584,29.0
825584,46.0
825632,61.0
825696,27.0
825760,42.0
825760,46.0
825824,49.0
825872,23.0
825872,98.0
825888,55.0
825984,38.0
826080,12.0
826144,48.0
826288,33.0
826368,42.0
826400,48.0
826432,69.0
826432,60.0
826432,53.0
826464,37.0
826560,46.0
826608,64.0
826688,77.0
826704,19.0
826704,59.0
826800,51.0
826816,42.0
826832,83.0
826864,27.0
826928,53.0
826944,32.0
827104,31.0
827120,41.0
827120,35.0
827120,43.0
827168,50.0
827216,33.0
827280,88.0
827360,33.0
827376,32.0
827392,43.0
827392,69.0
827424,31.0
827456,21.0
827488,43.0
827552,53.0
827568,28.0
827744,23.0
827808,33.0
827872,30.0
827920,69.0
828032,51.0
828096,62.0
828192,20.0
828192,50.0
828224,48.0
828240,67.0
828288,23.0
828288,54.0
828288,50.0
828304,74.0
828384,51.0
828480,46.0
828528,31.0
828544,100.0
828608,50.0
828608,32.0
828944,47.0
828976,47.0
829008,91.0
829088,50.0
829136,56.0
829136,37.0
829136,12.0
829184,56.0
829216,116.0
829248,40.0
829424,59.0
829440,22.0
829456,79.0
829488,74.0
829584,61.0
829648,70.0
829648,32.0
829728,37.0
829776,48.0
829808,89.0
829856,98.0
829968,62.0
830000,26.0
830096,55.0
830096,38.0
830160,32.0
830160,61.0
830272,71.0
830432,39.0
830432,61.0
830480,52.0
830480,77.0
830544,28.0
830544,51.0
830592,39.0
830640,49.0
830688,37.0
830704,58.0
830720,81.0
830896,46.0
830912,47.0
830960,33.0
831008,46.0
831024,19.0
831056,36.0
831072,23.0
831104,42.0
831168,43.0
831184,109.0
831216,76.0
831296,24.0
831344,47.0
831344,50.0
831504,30.0
831536,56.0
831552,54.0
831600,66.0
831600,26.0
831616,45.0
831632,39.0
831648,27.0
831696,46.0
831696,39.0
831712,41.0
831712,23.0
831824,33.0
831952,38.0
831968,54.0
832000,24.0
832016,53.0
832144,27.0
832192,37.0
832256,39.0
832272,28.0
832288,46.0
832336,52.0
832400,44.0
832464,28.0
832512,50.0
832544,53.0
832608,29.0
832608,26.0
832688,25.0
832688,45.0
832752,47.0
832768,73.0
832832,81.0
832928,24.0
832944,43.0
833008,85.0
833088,47.0
833136,24.0
833184,49.0
833200,37.0
833344,67.0
833360,42.0
833360,37.0
833376,89.0
833424,51.0
833440,32.0
833552,54.0
833584,70.0
833616,49.0
833632,43.0
833808,50.0
833824,40.0
833920,49.0
833984,23.0
834000,41.0
834080,40.0
834160,38.0
834176,68.0
834224,54.0
834272,40.0
834288,44.0
834320,113.0
834336,60.0
834368,73.0
834384,36.0
834496,67.0
834592,19.0
834672,53.0
834688,26.0
834800,51.0
834800,27.0
834800,90.0
834832,57.0
834928,34.0
834944,48.0
834992,41.0
835056,56.0
835072,47.0
835168,23.0
835200,38.0
835248,78.0
835296,76.0
835376,55.0
835408,46.0
835424,39.0
835456,33.0
835552,54.0
835616,42.0
835664,38.0
835696,54.0
835728,58.0
835776,38.0
835808,32.0
835824,36.0
835840,29.0
835856,54.0
835888,29.0
835888,104.0
836192,40.0
836224,51.0
836240,49.0
836256,33.0
836272,29.0
836304,29.0
836336,42.0
836352,41.0
836384,48.0
836384,31.0
836464,40.0
836496,81.0
836640,49.0
836672,56.0
836720,52.0
836768,33.0
836816,20.0
836816,27.0
836864,37.0
836960,44.0
836976,37.0
837008,42.0
837056,52.0
837136,42.0
837216,25.0
837280,138.0
837312,34.0
837328,71.0
837344,44.0
837360,63.0
837440,39.0
837552,78.0
837584,39.0
837760,65.0
837792,29.0
837792,46.0
837824,72.0
837888,42.0
837888,64.0
837968,39.0
838000,62.0
838048,57.0
838096,49.0
838128,36.0
838176,75.0
838256,42.0
838336,66.0
838480,24.0
838560,48.0
838608,45.0
838656,54.0
838720,47.0
838736,61.0
838768,55.0
838832,92.0
838944,13.0
838976,45.0
839088,68.0
839280,45.0
839360,74.0
839376,38.0
839424,51.0
839440,60.0
839456,102.0
839488,52.0
839520,87.0
839536,51.0
839552,94.0
839568,133.0
839600,41.0
839616,49.0
839776,90.0
839824,28.0
839872,27.0
839888,38.0
839920,35.0
839968,30.0
840064,61.0
840080,41.0
840128,72.0
840128,38.0
840160,24.0
840160,34.0
840304,27.0
840432,29.0
840480,35.0
840496,59.0
840496,65.0
840560,46.0
840576,28.0
840640,35.0
840656,66.0
840672,32.0
840720,72.0
840768,55.0
840816,47.0
840896,46.0
840896,25.0
840944,51.0
841040,24.0
841072,31.0
841088,37.0
841088,12.0
841152,42.0
841264,108.0
841264,37.0
841264,60.0
841280,53.0
841504,26.0
841520,50.0
841616,45.0
841760,31.0
841776,43.0
841840,56.0
841888,46.0
841888,67.0
841920,85.0
841936,81.0
842000,46.0
842080,63.0
842128,32.0
842144,69.0
842208,59.0
842272,94.0
842288,49.0
842352,52.0
842400,25.0
842464,36.0
842464,44.0
842464,34.0
842512,46.0
842544,41.0
842560,80.0
842640,32.0
842752,38.0
842752,22.0
842848,57.0
842848,40.0
842880,38.0
842896,34.0
842912,67.0
842928,29.0
842944,30.0
843008,31.0
843040,31.0
843040,60.0
843088,28.0
843136,24.0
843248,31.0
843312,53.0
843344,49.0
843360,32.0
843456,32.0
843472,24.0
843520,40.0
843568,27.0
843632,39.0
843664,26.0
843664,39.0
843696,21.0
843744,53.0
843888,61.0
843888,27.0
843920,55.0
843936,39.0
843952,38.0
843968,70.0
844080,24.0
844112,114.0
844128,38.0
844192,39.0
844208,80.0
844288,34.0
844304,52.0
844352,24.0
844368,46.0
844496,24.0
844528,37.0
844624,31.0
844688,50.0
844720,50.0
844816,39.0
844816,72.0
844816,72.0
844960,63.0
844960,21.0
844960,67.0
845024,45.0
845104,47.0
845152,49.0
845152,39.0
845216,45.0
845264,61.0
845280,29.0
845344,39.0
845360,42.0
845360,72.0
845360,80.0
845504,34.0
845584,30.0
845600,40.0
845600,24.0
845616,50.0
845616,29.0
845712,35.0
845824,20.0
845840,36.0
845856,36.0
845856,52.0
845920,36.0
845984,23.0
846016,41.0
846032,42.0
846048,43.0
846080,70.0
846112,81.0
846224,39.0
846320,31.0
846352,32.0
846448,37.0
846464,53.0
846608,18.0
846640,49.0
846688,42.0
846720,70.0
846720,40.0
846752,45.0
846784,35.0
846784,75.0
846800,51.0
846864,51.0
847056,38.0
847056,84.0
847184,25.0
847184,34.0
847200,80.0
847328,76.0
847328,54.0
847360,38.0
847424,46.0
847456,46.0
847552,59.0
847568,24.0
847632,17.0
847632,53.0
847680,55.0
847696,40.0
847696,32.0
847824,39.0
847904,65.0
847936,32.0
847936,30.0
848000,103.0
848032,82.0
848064,31.0
848192,40.0
848256,58.0
848256,39.0
848304,61.0
848304,78.0
848304,42.0
848384,43.0
848480,34.0
848512,38.0
848560,54.0
848576,36.0
848592,41.0
848640,38.0
848704,64.0
848864,38.0
848864,50.0
848880,66.0
848896,37.0
848912,38.0
848960,41.0
849024,34.0
849072,43.0
849120,38.0
849232,22.0
849296,27.0
849312,42.0
849360,73.0
849424,33.0
849424,45.0
849440,74.0
849472,38.0
849584,22.0
849760,75.0
849808,77.0
849872,80.0
849920,35.0
850016,45.0
850064,65.0
850064,39.0
850096,39.0
850096,42.0
850144,67.0
850160,46.0
850192,24.0
850192,67.0
850224,57.0
850432,95.0
850496,30.0
850496,25.0
850528,59.0
850544,39.0
850576,44.0
850576,51.0
850608,26.0
850784,40.0
850800,44.0
850816,47.0
850880,43.0
850960,24.0
850992,58.0
851040,130.0
851040,51.0
851056,32.0
851168,42.0
851184,47.0
851184,64.0
851248,45.0
851248,42.0
851344,34.0
851376,55.0
851456,53.0
851584,37.0
851616,41.0
851696,55.0
851776,62.0
851808,40.0
851920,46.0
851936,66.0
851936,56.0
851984,23.0
852000,47.0
852016,60.0
852016,61.0
852048,44.0
852080,39.0
852160,29.0
852160,61.0
852160,57.0
852192,24.0
852384,25.0
852416,65.0
852432,31.0
852496,31.0
852576,40.0
852624,44.0
852624,29.0
852720,35.0
852752,23.0
852768,47.0
852768,38.0
852800,64.0
852800,76.0
852832,49.0
852992,35.0
853104,43.0
853120,65.0
853136,70.0
853168,42.0
853216,31.0
853328,71.0
853344,34.0
853360,49.0
853360,35.0
853488,31.0
853488,41.0
853536,48.0
853584,51.0
853664,33.0
853776,28.0
853776,72.0
853776,42.0
853824,30.0
853856,77.0
853952,37.0
854048,52.0
854096,38.0
854160,36.0
854176,43.0
854176,63.0
854224,69.0
854240,36.0
854256,45.0
854272,57.0
854416,104.0
854448,42.0
854480,44.0
854544,45.0
854608,27.0
854624,53.0
854640,37.0
854704,53.0
854800,34.0
854832,46.0
854864,37.0
854880,45.0
854960,45.0
855088,40.0
855184,44.0
855200,25.0
855200,41.0
855200,61.0
855264,53.0
855344,46.0
855360,88.0
855408,77.0
855408,48.0
855472,40.0
855504,55.0
855536,52.0
855664,50.0
855728,29.0
855776,43.0
855808,38.0
855808,53.0
855824,39.0
855872,33.0
855968,68.0
855984,32.0
856016,51.0
856112,47.0
856192,49.0
856192,49.0
856208,30.0
856224,65.0
856272,38.0
856304,30.0
856352,34.0
856352,36.0
856416,25.0
856480,31.0
856512,13.0
856544,46.0
856576,38.0
856672,71.0
856688,74.0
856688,36.0
856704,22.0
856848,41.0
856880,41.0
856880,29.0
856992,49.0
857072,37.0
857200,33.0
857216,54.0
857280,36.0
857312,39.0
857392,70.0
857392,25.0
857424,53.0
857504,41.0
857552,65.0
857552,54.0
857600,24.0
857664,112.0
857744,54.0
857872,28.0
857920,53.0
857936,39.0
857952,88.0
858064,74.0
858096,56.0
858112,45.0
858128,121.0
858240,36.0
858272,55.0
858320,28.0
858336,52.0
858352,67.0
858384,27.0
858576,64.0
858624,24.0
858672,70.0
858720,37.0
858736,71.0
858768,31.0
858784,27.0
858864,47.0
859056,82.0
859056,42.0
859120,64.0
859120,49.0
859136,23.0
859216,81.0
859280,60.0
859344,88.0
859360,40.0
859376,50.0
859440,41.0
859472,53.0
859488,51.0
859552,43.0
859632,36.0
859664,38.0
859680,101.0
859680,35.0
859760,40.0
859808,37.0
859888,33.0
860112,40.0
860112,52.0
860128,28.0
860160,89.0
860256,39.0
860256,48.0
860272,52.0
860272,58.0
860368,51.0
860464,21.0
860528,54.0
860528,45.0
860576,90.0
860624,23.0
860672,35.0
860768,38.0
860768,31.0
860784,32.0
860832,36.0
860880,94.0
860896,76.0
860928,51.0
860992,29.0
861104,40.0
861168,80.0
861232,29.0
861312,59.0
861360,27.0
861392,39.0
861392,31.0
861392,38.0
861408,52.0
861456,52.0
861568,56.0
861600,115.0
861600,48.0
861648,48.0
861792,79.0
861904,37.0
861968,35.0
862000,40.0
862000,38.0
862016,57.0
862016,35.0
862032,29.0
862048,51.0
862112,32.0
862208,65.0
862320,22.0
862336,59.0
862352,85.0
862352,47.0
862432,26.0
862528,71.0
862544,34.0
862896,62.0
862896,53.0
862896,34.0
862896,55.0
862928,51.0
862928,25.0
862944,38.0
862944,46.0
862992,75.0
863168,39.0
863232,50.0
863248,22.0
863296,23.0
863424,87.0
863424,89.0
863440,31.0
863456,71.0
863456,69.0
863456,35.0
863600,23.0
863648,47.0
863792,54.0
863808,135.0
863936,65.0
863952,22.0
863968,42.0
864000,52.0
864064,70.0
864096,40.0
864128,55.0
864176,45.0
864240,27.0
864256,51.0
864272,51.0
864288,54.0
864368,86.0
864448,41.0
864496,25.0
864560,38.0
864688,28.0
864800,54.0
864864,46.0
864864,50.0
864912,79.0
864960,37.0
864992,51.0
864992,64.0
865024,46.0
865056,50.0
865120,27.0
865136,54.0
865296,117.0
865376,51.0
865472,61.0
865472,38.0
865568,48.0
865616,47.0
865632,40.0
865632,38.0
865632,42.0
865648,103.0
865712,26.0
865728,22.0
865776,40.0
865952,30.0
866016,69.0
866048,27.0
866064,101.0
866192,35.0
866208,36.0
866240,32.0
866336,35.0
866384,87.0
866400,84.0
866432,50.0
866576,54.0
866576,91.0
866640,62.0
866672,75.0
866688,70.0
866800,49.0
866816,39.0
866896,59.0
866976,37.0
867008,42.0
867056,26.0
867184,47.0
867216,40.0
867280,77.0
867312,78.0
867328,58.0
867344,48.0
867344,71.0
867376,71.0
867376,35.0
867456,48.0
867616,35.0
867680,49.0
867776,61.0
867856,36.0
867872,33.0
867920,38.0
867936,58.0
868016,65.0
868080,44.0
868112,56.0
868160,30.0
868160,52.0
868160,93.0
868192,21.0
868272,56.0
868272,22.0
868288,52.0
868352,63.0
868448,10.0
868480,34.0
868544,27.0
868592,51.0
868608,28.0
868752,37.0
868864,105.0
868960,48.0
868960,32.0
868992,61.0
869024,72.0
869040,48.0
869040,31.0
869072,62.0
869152,96.0
869344,62.0
869360,47.0
869376,39.0
869392,57.0
869472,55.0
869488,76.0
869504,84.0
869504,34.0
869568,26.0
869584,35.0
869632,40.0
869712,53.0
869760,25.0
869776,51.0
869872,24.0
869936,27.0
869968,58.0
870000,38.0
870000,27.0
870032,35.0
870160,68.0
870256,57.0
870256,42.0
870352,37.0
870352,30.0
870368,25.0
870384,84.0
870432,25.0
870496,49.0
870512,71.0
870512,36.0
870528,47.0
870608,61.0
870656,72.0
870752,47.0
870912,33.0
870928,42.0
870960,38.0
870976,29.0
870976,29.0
871040,43.0
871072,67.0
871072,57.0
871152,49.0
871152,56.0
871264,38.0
871296,54.0
871312,49.0
871328,52.0
871456,53.0
871456,24.0
871472,27.0
871488,35.0
871488,32.0
871744,37.0
871792,29.0
871888,57.0
871904,62.0
871920,38.0
871968,32.0
872064,38.0
872096,64.0
872224,67.0
872288,96.0
872432,59.0
872448,93.0
872464,62.0
872464,42.0
872560,40.0
872560,41.0
872608,45.0
872720,39.0
872720,41.0
872720,91.0
872752,33.0
872832,54.0
872864,25.0
872880,26.0
872912,89.0
872944,75.0
873008,45.0
873008,107.0
873136,26.0
873200,30.0
873248,51.0
873280,42.0
873328,38.0
873328,24.0
873344,37.0
873344,56.0
873616,66.0
873616,38.0
873680,34.0
873712,55.0
873712,50.0
873808,30.0
873856,36.0
873872,54.0
874016,91.0
874048,44.0
874064,51.0
874128,79.0
874192,53.0
874224,64.0
874240,33.0
874272,41.0
874288,36.0
874288,88.0
874352,64.0
874400,24.0
874448,24.0
874480,50.0
874528,45.0
874576,44.0
874784,31.0
874864,29.0
874944,83.0
874992,40.0
875008,46.0
875024,28.0
875072,49.0
875168,59.0
875216,68.0
875232,44.0
875248,48.0
875360,94.0
875392,75.0
875392,38.0
875424,86.0
875472,33.0
875488,78.0
875616,37.0
875616,73.0
875632,29.0
875840,22.0
875856,53.0
875952,55.0
875968,38.0
876000,24.0
876080,41.0
876096,54.0
876096,30.0
876112,45.0
876160,59.0
876240,78.0
876256,87.0
876272,64.0
876368,61.0
876368,46.0
876400,25.0
876464,39.0
876480,39.0
876496,33.0
876560,68.0
876672,27.0
876768,51.0
876768,42.0
876832,42.0
876896,26.0
876976,56.0
877008,32.0
877056,59.0
877104,46.0
877152,56.0
877168,31.0
877248,53.0
877280,74.0
877312,26.0
877328,35.0
877344,55.0
877376,38.0
877440,38.0
877472,57.0
877520,78.0
877536,24.0
877552,34.0
877568,32.0
877696,45.0
877760,28.0
877808,90.0
877840,25.0
878032,54.0
878064,37.0
878064,31.0
878096,48.0
878144,56.0
878224,53.0
878256,44.0
878288,48.0
878304,75.0
878320,32.0
878432,56.0
878464,25.0
878464,48.0
878592,23.0
878608,79.0
878608,53.0
878624,49.0
878640,36.0
878656,23.0
878688,24.0
878720,43.0
878736,91.0
878816,35.0
878816,42.0
878816,45.0
879008,26.0
879024,35.0
879088,28.0
879120,41.0
879200,36.0
879232,39.0
879328,63.0
879392,60.0
879408,18.0
879424,38.0
879424,51.0
879456,40.0
879520,32.0
879520,27.0
879568,47.0
879600,55.0
879664,61.0
879808,24.0
879824,73.0
879904,28.0
879936,46.0
879952,39.0
880064,31.0
880144,47.0
880144,57.0
880144,46.0
880192,91.0
880208,38.0
880208,49.0
880224,44.0
880256,37.0
880336,32.0
880336,51.0
880368,27.0
880384,85.0
880528,39.0
880640,52.0
880656,44.0
880720,24.0
880896,43.0
881024,60.0
881088,59.0
881088,56.0
881104,36.0
881104,28.0
881264,66.0
881312,66.0
881344,70.0
881392,47.0
881408,65.0
881440,66.0
881504,25.0
881536,87.0
881536,40.0
881632,57.0
881648,35.0
881760,89.0
881776,42.0
881856,52.0
881872,33.0
881872,23.0
881872,27.0
881968,27.0
881968,114.0
881984,28.0
881984,36.0
882112,50.0
882112,29.0
882128,65.0
882144,47.0
882160,24.0
882224,60.0
882384,26.0
882560,21.0
882592,52.0
882688,34.0
882720,68.0
882720,37.0
882880,64.0
882992,63.0
883024,54.0
883040,73.0
883120,72.0
883200,51.0
883248,86.0
883264,87.0
883264,72.0
883360,78.0
883424,90.0
883488,29.0
883504,39.0
883520,52.0
883552,35.0
883728,71.0
883728,73.0
883760,65.0
883760,21.0
883760,45.0
883808,28.0
883888,39.0
883936,76.0
884048,34.0
884064,54.0
884096,36.0
884128,54.0
884160,27.0
884192,67.0
884240,43.0
884240,47.0
884304,23.0
884368,35.0
884496,46.0
884560,42.0
884672,89.0
884672,27.0
884720,41.0
884752,39.0
884800,44.0
884832,42.0
884944,74.0
884960,45.0
885120,58.0
885152,27.0
885168,38.0
885184,32.0
885200,44.0
885248,55.0
885264,60.0
885296,98.0
885344,32.0
885424,104.0
885488,51.0
885552,50.0
885600,40.0
885600,26.0
885696,27.0
885696,47.0
885728,33.0
885776,38.0
885856,23.0
885872,36.0
885872,33.0
885984,54.0
885984,46.0
886000,36.0
886080,58.0
886160,38.0
886208,88.0
886288,37.0
886288,140.0
886304,27.0
886336,46.0
886368,32.0
886368,42.0
886400,39.0
886480,55.0
886496,48.0
886544,42.0
886560,35.0
886624,21.0
886640,41.0
886704,31.0
886736,47.0
886752,28.0
886928,28.0
886960,21.0
886976,40.0
887008,38.0
887056,43.0
887072,36.0
887104,59.0
887200,52.0
887296,37.0
887296,23.0
887328,36.0
887360,39.0
887392,52.0
887392,26.0
887408,48.0
887456,24.0
887584,94.0
887600,25.0
887680,45.0
887696,88.0
887712,73.0
887744,28.0
887760,47.0
887808,32.0
887808,47.0
887824,45.0
887952,23.0
887968,38.0
888016,39.0
888016,35.0
888032,27.0
888176,27.0
888192,32.0
888208,25.0
888256,35.0
888256,54.0
888304,56.0
888352,37.0
888448,70.0
888480,32.0
888560,46.0
888592,55.0
888736,34.0
888752,59.0
888816,50.0
888832,51.0
888864,52.0
888864,32.0
889088,57.0
889088,38.0
889120,54.0
889152,53.0
889184,77.0
889200,29.0
889264,51.0
889296,27.0
889376,39.0
889392,35.0
889456,56.0
889488,56.0
889504,40.0
889728,57.0
889808,100.0
889904,45.0
889904,47.0
889920,52.0
889984,37.0
890000,31.0
890016,110.0
890080,37.0
890096,50.0
890096,52.0
890128,58.0
890144,66.0
890192,24.0
890272,51.0
890272,72.0
890288,57.0
890352,27.0
890448,22.0
890480,36.0
890576,28.0
890672,48.0
890704,44.0
890800,67.0
890832,47.0
890832,40.0
890832,24.0
890896,39.0
890896,26.0
890912,56.0
891008,41.0
891072,61.0
891152,36.0
891184,57.0
891184,65.0
891216,58.0
891280,81.0
891376,34.0
891392,31.0
891408,21.0
891520,43.0
891536,33.0
891536,39.0
891600,56.0
891776,39.0
891824,62.0
891840,59.0
891856,74.0
891856,42.0
891936,41.0
892000,75.0
892032,41.0
892032,40.0
892048,40.0
892064,53.0
892144,39.0
892144,38.0
892192,37.0
892208,27.0
892224,65.0
892272,26.0
892288,47.0
892288,14.0
892640,37.0
892736,44.0
892784,53.0
892816,60.0
892832,39.0
892880,53.0
892912,48.0
893008,54.0
893040,19.0
893056,66.0
893056,48.0
893072,78.0
893136,57.0
893136,20.0
893152,32.0
893184,56.0
893200,58.0
893232,87.0
893456,34.0
893504,39.0
893536,30.0
893552,34.0
893600,29.0
893648,54.0
893696,34.0
893696,39.0
893728,33.0
893760,45.0
893824,62.0
893824,43.0
893872,51.0
893904,107.0
893936,25.0
893984,33.0
894080,30.0
894176,59.0
894304,27.0
894320,48.0
894336,40.0
894336,40.0
894400,76.0
894464,40.0
894464,35.0
894544,45.0
894544,65.0
894624,43.0
894720,46.0
894736,41.0
894768,29.0
894816,30.0
894832,23.0
894864,76.0
894896,45.0
895008,42.0
895120,25.0
895152,52.0
895200,23.0
895200,46.0
895216,37.0
895296,33.0
895312,57.0
895392,41.0
895488,59.0
895520,112.0
895664,32.0
895680,51.0
895696,55.0
895776,36.0
895792,42.0
895808,128.0
895824,33.0
895824,21.0
895888,23.0
896000,50.0
896016,70.0
896032,64.0
896176,54.0
896208,104.0
896240,27.0
896416,64.0
896432,25.0
896464,50.0
896496,42.0
896528,33.0
896544,54.0
896576,43.0
896688,30.0
896736,60.0
896752,36.0
896752,96.0
896848,64.0
896880,68.0
896976,46.0
896976,28.0
897040,34.0
897168,27.0
897184,47.0
897200,74.0
897216,40.0
897216,95.0
897264,36.0
897280,51.0
897392,40.0
897424,34.0
897456,26.0
897456,38.0
897520,69.0
897552,63.0
897840,39.0
897872,41.0
897936,74.0
897952,61.0
897968,34.0
897984,37.0
897984,44.0
898016,47.0
898192,76.0
898224,64.0
898400,77.0
898480,38.0
898496,30.0
898512,66.0
898528,37.0
898544,64.0
898592,39.0
898640,41.0
898672,52.0
898720,96.0
898800,19.0
898832,22.0
898864,55.0
898928,61.0
898976,89.0
898992,37.0
899072,101.0
899152,39.0
899216,62.0
899232,65.0
899248,26.0
899296,23.0
899328,33.0
899408,34.0
899456,59.0
899456,57.0
899536,51.0
899536,56.0
899680,28.0
899744,67.0
899744,37.0
899824,38.0
899888,35.0
899904,23.0
899920,53.0
900000,64.0
900016,38.0
900032,49.0
900288,38.0
900288,23.0
900336,50.0
900400,59.0
900416,24.0
900464,45.0
900480,36.0
900496,30.0
900544,68.0
900576,99.0
900592,48.0
900640,56.0
900688,50.0
900848,24.0
900912,101.0
900992,41.0
901072,67.0
901072,155.0
901088,43.0
901120,39.0
901136,53.0
901152,35.0
901216,46.0
901280,23.0
901280,54.0
901408,70.0
901424,36.0
901488,53.0
901520,59.0
901632,32.0
901664,70.0
901680,38.0
901904,48.0
901904,76.0
901920,31.0
901968,43.0
902000,45.0
902064,34.0
902208,50.0
902224,67.0
902288,50.0
902352,80.0
902432,50.0
902496,51.0
902512,32.0
902528,96.0
902528,39.0
902544,30.0
902656,47.0
902800,55.0
902848,40.0
902880,112.0
902880,76.0
902912,106.0
903104,42.0
903104,35.0
903152,39.0
903152,50.0
903312,50.0
903376,88.0
903424,34.0
903424,48.0
903456,36.0
903504,61.0
903728,39.0
903792,81.0
903792,55.0
903792,59.0
903792,40.0
903888,68.0
903952,40.0
904016,112.0
904016,54.0
904112,43.0
904160,44.0
904208,52.0
904208,44.0
904224,121.0
904288,31.0
904288,54.0
904432,40.0
904496,44.0
904544,41.0
904560,52.0
904592,23.0
904624,38.0
904736,59.0
904752,37.0
904784,52.0
904816,38.0
904848,26.0
904912,26.0
904928,45.0
904944,58.0
905088,61.0
905104,51.0
905104,51.0
905152,21.0
905216,132.0
905312,25.0
905360,39.0
905424,42.0
905536,24.0
905584,64.0
905584,41.0
905584,50.0
905648,44.0
905648,66.0
905664,36.0
905696,67.0
905872,48.0
905888,65.0
906000,22.0
906064,60.0
906064,47.0
906112,43.0
906256,107.0
906272,43.0
906384,73.0
906432,67.0
906448,50.0
906448,47.0
906464,55.0
906608,31.0
906624,35.0
906624,23.0
906640,48.0
906688,72.0
906784,56.0
906784,49.0
906816,72.0
906832,35.0
906976,23.0
907008,59.0
907040,36.0
907088,28.0
907136,97.0
907200,48.0
907328,55.0
907376,58.0
907392,48.0
907408,39.0
907520,52.0
907536,72.0
907600,39.0
907696,67.0
907760,23.0
907824,63.0
907888,47.0
907920,55.0
907936,46.0
907936,69.0
907968,40.0
908000,76.0
908080,44.0
908096,68.0
908192,41.0
908240,52.0
908240,40.0
908304,26.0
908352,33.0
908384,54.0
908400,44.0
908432,84.0
908464,29.0
908464,44.0
908464,33.0
908528,38.0
908624,24.0
908640,25.0
908848,28.0
908896,60.0
908912,52.0
908912,28.0
908928,25.0
909024,66.0
909040,36.0
909152,48.0
909200,63.0
909200,48.0
909216,54.0
909296,52.0
909376,30.0
909376,29.0
909440,37.0
909456,34.0
909472,86.0
909472,27.0
909488,29.0
909600,42.0
909664,23.0
909680,29.0
909680,30.0
909680,66.0
909696,66.0
909776,25.0
909792,93.0
909872,25.0
909872,45.0
910048,38.0
910048,42.0
910080,24.0
910272,37.0
910288,68.0
910288,51.0
910384,32.0
910384,44.0
910416,46.0
910416,23.0
910432,41.0
910640,48.0
910704,76.0
910720,79.0
910720,40.0
910720,58.0
910736,67.0
910784,74.0
910816,27.0
910816,33.0
910944,56.0
911056,49.0
911104,51.0
911120,24.0
911168,33.0
911248,54.0
911280,35.0
911296,55.0
911296,30.0
911376,41.0
911424,40.0
911600,49.0
911632,58.0
911712,37.0
911712,34.0
911744,64.0
911760,30.0
911760,83.0
911792,86.0
911808,27.0
911856,50.0
911872,58.0
911952,44.0
911952,41.0
912016,57.0
912096,42.0
912272,40.0
912368,22.0
912384,42.0
912464,38.0
912480,43.0
912480,45.0
912480,55.0
912496,47.0
912560,38.0
912720,60.0
912720,28.0
912768,42.0
912880,26.0
912880,99.0
913008,75.0
913024,41.0
913024,72.0
913088,38.0
913104,34.0
913232,22.0
913264,34.0
913296,84.0
913328,53.0
913360,103.0
913376,55.0
913376,17.0
913488,25.0
913520,32.0
913536,51.0
913584,75.0
913616,37.0
913664,40.0
913760,62.0
913792,29.0
913920,27.0
913936,42.0
913936,66.0
914064,52.0
914080,31.0
914112,36.0
914144,33.0
914176,106.0
914272,13.0
914320,50.0
914336,60.0
914368,44.0
914368,36.0
914400,64.0
914416,70.0
914480,25.0
914512,21.0
914512,72.0
914544,49.0
914688,36.0
914752,51.0
914784,54.0
914800,25.0
914832,29.0
914848,57.0
914880,46.0
914976,29.0
914992,36.0
915008,33.0
915248,55.0
915264,45.0
915344,41.0
915376,66.0
915408,38.0
915408,67.0
915408,71.0
915504,39.0
915536,64.0
915616,49.0
915632,55.0
915696,57.0
915856,55.0
915872,39.0
915936,68.0
915984,62.0
916016,32.0
916016,42.0
916096,43.0
916112,44.0
916256,55.0
916256,40.0
916320,49.0
916432,50.0
916448,65.0
916528,95.0
916528,52.0
916544,38.0
916608,37.0
916720,39.0
916736,55.0
916880,54.0
916896,64.0
917008,43.0
917040,66.0
917072,40.0
917088,52.0
917168,27.0
917216,43.0
917280,47.0
917280,42.0
917296,53.0
917312,66.0
917360,22.0
917392,53.0
917456,84.0
917472,138.0
917552,30.0
917728,52.0
917792,39.0
917872,62.0
917872,35.0
917872,36.0
917888,26.0
917936,30.0
917952,46.0
917984,44.0
918032,62.0
918160,48.0
918160,90.0
918160,67.0
918240,55.0
918256,61.0
918336,29.0
918368,51.0
918608,45.0
918640,43.0
918656,49.0
918656,45.0
918672,59.0
918784,39.0
918784,57.0
918800,48.0
918880,45.0
918912,42.0
918992,39.0
918992,46.0
919008,13.0
919072,68.0
919120,60.0
919168,24.0
919232,37.0
919264,41.0
919344,63.0
919392,45.0
919440,49.0
919488,38.0
919504,27.0
919568,25.0
919600,43.0
919600,23.0
919664,42.0
919696,22.0
919712,58.0
919792,71.0
919856,46.0
919888,55.0
919920,58.0
919936,34.0
919968,30.0
919984,45.0
919984,24.0
920112,26.0
920128,43.0
920240,28.0
920384,28.0
920448,59.0
920464,54.0
920576,38.0
920608,47.0
920640,41.0
920656,33.0
920688,61.0
920704,65.0
920768,41.0
920896,83.0
920896,41.0
921024,35.0
921216,48.0
921232,215.0
921232,39.0
921232,36.0
921232,84.0
921264,39.0
921264,80.0
921296,57.0
921344,36.0
921360,90.0
921584,43.0
921600,44.0
921600,56.0
921616,22.0
921632,38.0
921696,63.0
921744,32.0
921792,35.0
921920,43.0
921968,87.0
922000,48.0
922000,46.0
922048,47.0
922192,12.0
922192,35.0
922192,36.0
922208,38.0
922208,53.0
922240,31.0
922240,40.0
922288,59.0
922384,43.0
922416,31.0
922432,40.0
922544,83.0
922592,39.0
922704,29.0
922704,31.0
922768,33.0
922784,37.0
922800,38.0
922832,78.0
922864,28.0
923024,61.0
923040,47.0
923040,65.0
923040,21.0
923072,30.0
923120,57.0
923136,22.0
923136,44.0
923232,65.0
923360,41.0
923424,55.0
923440,36.0
923472,27.0
923520,71.0
923648,39.0
923696,39.0
923696,56.0
923712,36.0
923712,59.0
923808,61.0
923808,43.0
923824,49.0
923920,25.0
923952,45.0
924000,60.0
924080,41.0
924080,45.0
924160,28.0
924176,33.0
924304,54.0
924304,19.0
924336,40.0
924336,24.0
924352,55.0
924448,40.0
924528,45.0
924608,33.0
924672,53.0
924688,38.0
924704,98.0
924880,60.0
924896,46.0
924912,24.0
924912,36.0
924960,41.0
925008,25.0
925072,85.0
925216,33.0
925216,34.0
925248,56.0
925280,59.0
925296,70.0
925376,58.0
925376,67.0
925392,106.0
925504,38.0
925616,44.0
925680,42.0
925776,44.0
925792,68.0
925856,56.0
925856,35.0
926064,28.0
926064,74.0
926112,56.0
926240,83.0
926240,46.0
926336,34.0
926384,71.0
926464,43.0
926496,51.0
926576,45.0
926592,76.0
926608,83.0
926640,36.0
926656,26.0
926704,40.0
926720,30.0
926736,55.0
926752,85.0
926768,27.0
926880,94.0
926928,51.0
927008,27.0
927184,30.0
927184,43.0
927200,46.0
927232,53.0
927280,39.0
927296,43.0
927312,36.0
927328,132.0
927328,25.0
927376,41.0
927456,44.0
927472,55.0
927488,45.0
927648,40.0
927696,29.0
927776,36.0
927776,37.0
927872,43.0
927904,38.0
927984,44.0
928016,35.0
928048,45.0
928064,89.0
928112,39.0
928112,40.0
928160,53.0
928448,70.0
928528,47.0
928544,30.0
928544,40.0
928576,29.0
928608,39.0
928624,36.0
928640,39.0
928672,61.0
928688,113.0
928736,36.0
928768,62.0
928800,89.0
928880,63.0
928896,23.0
929072,24.0
929072,39.0
929120,36.0
929120,20.0
929248,71.0
929280,34.0
929328,43.0
929376,31.0
929424,50.0
929456,35.0
929536,118.0
929616,34.0
929664,56.0
929680,63.0
929840,48.0
929888,84.0
929936,41.0
930080,52.0
930128,50.0
930144,45.0
930192,67.0
930208,100.0
930256,55.0
930304,48.0
930304,43.0
930336,42.0
930336,41.0
930448,83.0
930544,123.0
930560,39.0
930592,28.0
930592,29.0
930624,27.0
930704,23.0
930704,78.0
930848,34.0
930880,39.0
930928,37.0
930944,20.0
930992,25.0
930992,34.0
931008,50.0
931248,88.0
931296,23.0
931328,39.0
931328,78.0
931360,48.0
931376,27.0
931424,54.0
931600,37.0
931600,47.0
931616,46.0
931648,41.0
931680,86.0
931760,24.0
931840,53.0
931936,36.0
931952,39.0
931984,80.0
932016,45.0
932176,102.0
932192,36.0
932288,38.0
932304,66.0
932352,32.0
932368,26.0
932384,156.0
932400,14.0
932432,52.0
932464,54.0
932512,74.0
932544,22.0
932608,60.0
932624,38.0
932752,62.0
932784,50.0
932816,55.0
932816,87.0
932864,22.0
932992,40.0
933040,40.0
933088,50.0
933120,46.0
933184,25.0
933264,60.0
933280,41.0
933312,53.0
933392,53.0
933408,37.0
933408,61.0
933424,38.0
933456,68.0
933504,40.0
933536,31.0
933568,28.0
933584,12.0
933600,32.0
933680,31.0
933712,25.0
933744,71.0
933808,25.0
933856,69.0
933968,35.0
933968,43.0
934016,64.0
934176,47.0
934208,25.0
934208,31.0
934224,40.0
934336,55.0
934336,52.0
934352,49.0
934352,42.0
934368,52.0
934448,44.0
934624,41.0
934640,86.0
934704,23.0
934768,47.0
934784,28.0
934816,12.0
934832,39.0
934848,55.0
934896,81.0
935056,44.0
935072,56.0
935120,47.0
935136,20.0
935232,55.0
935248,34.0
935280,89.0
935296,28.0
935328,34.0
935424,76.0
935424,33.0
935488,23.0
935584,85.0
935600,72.0
935680,57.0
935792,46.0
935856,49.0
935872,28.0
935904,39.0
936000,85.0
936112,33.0
936160,58.0
936192,59.0
936224,34.0
936272,61.0
936288,60.0
936320,29.0
936352,30.0
936352,47.0
936432,81.0
936448,64.0
936480,62.0
936608,51.0
936640,28.0
936752,53.0
936768,41.0
936800,123.0
936912,35.0
936928,31.0
936944,45.0
936976,39.0
936976,43.0
937008,33.0
937024,54.0
937040,27.0
937104,41.0
937152,52.0
937168,25.0
937200,58.0
937376,46.0
937456,27.0
937488,46.0
937536,35.0
937600,42.0
937648,46.0
937648,44.0
937680,44.0
937680,105.0
937728,35.0
937776,42.0
937792,47.0
937856,66.0
937872,45.0
937920,24.0
938160,60.0
938256,50.0
938272,37.0
938288,27.0
938384,56.0
938432,49.0
938464,34.0
938480,47.0
938496,56.0
938512,40.0
938528,72.0
938528,47.0
938560,25.0
938720,29.0
938896,78.0
938896,118.0
938912,70.0
938944,79.0
938992,27.0
939008,36.0
939056,34.0
939088,50.0
939104,52.0
939200,46.0
939216,31.0
939456,35.0
939472,30.0
939488,69.0
939504,35.0
939568,42.0
939584,36.0
939664,71.0
939680,37.0
939696,37.0
939728,78.0
939760,44.0
939936,90.0
939968,66.0
940048,36.0
940064,54.0
940128,57.0
940160,27.0
940160,102.0
940176,37.0
940368,50.0
940368,54.0
940416,46.0
940464,61.0
940528,67.0
940544,24.0
940576,55.0
940624,54.0
940880,44.0
940896,52.0
940944,61.0
940960,34.0
940976,38.0
940992,59.0
941136,38.0
941184,40.0
941216,40.0
941296,85.0
941296,102.0
941312,53.0
941328,23.0
941360,29.0
941392,25.0
941424,28.0
941424,81.0
941456,81.0
941456,32.0
941600,61.0
941616,30.0
941840,39.0
941840,24.0
941872,30.0
941936,32.0
941968,49.0
942048,73.0
942064,28.0
942096,50.0
942128,44.0
942192,114.0
942192,52.0
942320,63.0
942352,56.0
942384,49.0
942544,44.0
942560,39.0
942608,46.0
942640,36.0
942752,44.0
942752,41.0
942768,92.0
942832,54.0
942848,41.0
942848,41.0
942896,48.0
942944,35.0
943008,73.0
943072,47.0
943152,37.0
943248,56.0
943248,26.0
943248,44.0
943280,42.0
943360,38.0
943488,46.0
943536,56.0
943552,139.0
943584,46.0
943632,46.0
943664,26.0
943696,43.0
943792,59.0
943856,49.0
943856,36.0
943904,41.0
943984,39.0
944000,53.0
944032,30.0
944048,69.0
944048,16.0
944080,34.0
944096,83.0
944160,42.0
944160,36.0
944272,38.0
944304,38.0
944304,25.0
944368,32.0
944464,52.0
944592,46.0
944688,43.0
944720,35.0
944752,94.0
944784,39.0
944880,56.0
944896,53.0
944912,40.0
944928,52.0
944944,36.0
944960,57.0
944976,42.0
944992,57.0
945056,29.0
945120,68.0
945280,22.0
945280,51.0
945408,39.0
945424,70.0
945440,45.0
945504,37.0
945648,56.0
945696,44.0
945696,26.0
945712,51.0
945840,45.0
945840,55.0
945856,73.0
945920,32.0
945920,54.0
945984,44.0
946000,64.0
946000,36.0
946064,39.0
946176,81.0
946208,32.0
946288,23.0
946320,51.0
946336,40.0
946384,34.0
946432,93.0
946512,32.0
946560,45.0
946576,36.0
946624,21.0
946688,61.0
946720,54.0
946768,24.0
946864,55.0
946896,52.0
947088,55.0
947104,33.0
947184,79.0
947232,42.0
947312,34.0
947328,29.0
947328,72.0
947392,67.0
947424,111.0
947504,55.0
947552,76.0
947584,67.0
947648,34.0
947664,59.0
947712,24.0
947744,82.0
947856,60.0
947856,39.0
947888,44.0
947920,38.0
947936,53.0
947984,35.0
947984,41.0
948000,38.0
948112,33.0
948144,27.0
948240,36.0
948304,41.0
948384,28.0
948432,36.0
948496,47.0
948544,35.0
948544,34.0
948592,42.0
948608,45.0
948752,48.0
948768,76.0
948784,34.0
948800,59.0
948832,83.0
948848,46.0
948992,144.0
949024,40.0
949072,33.0
949120,43.0
949152,53.0
949264,48.0
949264,30.0
949264,31.0
949328,49.0
949392,78.0
949424,42.0
949488,41.0
949520,45.0
949552,60.0
949616,39.0
949824,35.0
949856,44.0
949920,53.0
949984,45.0
949984,54.0
950016,88.0
950080,41.0
950080,37.0
950144,51.0
950192,40.0
950320,44.0
950480,76.0
950480,91.0
950512,23.0
950544,45.0
950544,35.0
950576,74.0
950608,33.0
950720,54.0
950736,34.0
950752,46.0
950864,24.0
950864,59.0
950880,85.0
950896,51.0
950896,24.0
950896,36.0
950976,62.0
951008,25.0
951056,20.0
951104,35.0
951136,35.0
951248,44.0
951328,20.0
951472,37.0
951504,28.0
951536,42.0
951552,169.0
951568,37.0
951600,22.0
951600,29.0
951648,56.0
951696,37.0
951712,77.0
951776,57.0
951856,60.0
951920,37.0
952112,32.0
952112,87.0
952176,40.0
952176,80.0
952192,30.0
952256,47.0
952272,44.0
952288,46.0
952448,33.0
952480,99.0
952496,50.0
952544,27.0
952624,23.0
952704,66.0
952784,74.0
952816,84.0
952816,40.0
952832,41.0
952944,52.0
953104,35.0
953136,59.0
953168,82.0
953200,26.0
953312,51.0
953408,71.0
953424,71.0
953472,41.0
953472,64.0
953520,26.0
953568,27.0
953680,23.0
953696,120.0
953712,77.0
953712,18.0
953792,53.0
953920,68.0
953936,82.0
953936,29.0
954064,23.0
954096,58.0
954128,58.0
954224,51.0
954240,45.0
954256,36.0
954304,93.0
954432,60.0
954448,20.0
954464,56.0
954560,116.0
954592,23.0
954592,41.0
954608,56.0
954672,36.0
954704,62.0
954800,31.0
954848,38.0
954912,28.0
954976,23.0
955008,59.0
955088,24.0
955120,54.0
955168,77.0
955184,39.0
955248,41.0
955296,54.0
955312,25.0
955344,47.0
955360,57.0
955376,33.0
955440,95.0
955472,50.0
955488,43.0
955584,36.0
955712,33.0
955728,22.0
955792,39.0
955808,126.0
955856,46.0
955904,35.0
956000,64.0
956032,49.0
956032,34.0
956048,47.0
956080,45.0
956128,51.0
956208,39.0
956224,47.0
956240,50.0
956320,38.0
956368,21.0
956416,83.0
956496,37.0
956528,42.0
956528,46.0
956560,32.0
956592,24.0
956656,41.0
956672,40.0
956736,32.0
956864,66.0
956880,22.0
956944,76.0
956944,44.0
956992,42.0
957040,60.0
957072,26.0
957232,44.0
957280,57.0
957328,52.0
957328,29.0
957440,31.0
957536,61.0
957568,52.0
957600,74.0
957600,38.0
957648,26.0
957728,100.0
957744,19.0
957824,55.0
957920,40.0
957936,38.0
957968,25.0
958016,26.0
958016,43.0
958048,28.0
958080,63.0
958192,29.0
958208,42.0
958256,38.0
958304,102.0
958336,81.0
958336,109.0
958400,24.0
958448,23.0
958448,39.0
958448,44.0
958496,33.0
958592,42.0
958608,35.0
958784,53.0
958848,28.0
958864,124.0
958912,38.0
958992,49.0
959008,47.0
959024,63.0
959056,38.0
959104,41.0
959136,59.0
959152,51.0
959216,55.0
959232,49.0
959232,40.0
959280,49.0
959312,20.0
959360,47.0
959456,42.0
959600,24.0
959680,41.0
959744,32.0
959776,42.0
959808,33.0
959872,40.0
959904,37.0
959920,66.0
959936,55.0
959952,69.0
960016,63.0
960032,36.0
960160,63.0
960240,55.0
960256,20.0
960288,30.0
960288,32.0
960304,39.0
960320,88.0
960544,42.0
960560,34.0
960640,56.0
960640,43.0
960656,25.0
960816,32.0
960848,78.0
960848,59.0
960864,108.0
960912,47.0
960928,43.0
961024,62.0
961152,32.0
961168,39.0
961312,42.0
961360,90.0
961376,66.0
961376,28.0
961392,69.0
961424,71.0
961440,55.0
961456,37.0
961472,41.0
961504,41.0
961664,51.0
961680,41.0
961712,25.0
961760,24.0
961808,28.0
961856,59.0
961936,48.0
962000,38.0
962096,41.0
962144,40.0
962160,63.0
962208,47.0
962208,97.0
962288,57.0
962368,56.0
962384,33.0
962448,64.0
962448,48.0
962464,50.0
962480,48.0
962528,45.0
962560,29.0
962592,24.0
962640,44.0
962640,30.0
962736,33.0
962752,62.0
962848,44.0
962880,55.0
962960,27.0
962992,32.0
963008,23.0
963008,35.0
963024,46.0
963024,29.0
963088,45.0
963216,23.0
963408,41.0
963440,50.0
963472,28.0
963536,67.0
963568,38.0
963568,70.0
963600,32.0
963664,42.0
963792,49.0
963808,50.0
963888,94.0
963888,81.0
963904,31.0
963904,55.0
963920,44.0
964096,31.0
964096,76.0
964208,42.0
964224,49.0
964288,39.0
964480,57.0
964512,37.0
964640,47.0
964640,119.0
964672,48.0
964672,24.0
964720,72.0
964720,78.0
964752,33.0
964784,56.0
964800,56.0
964816,45.0
964880,68.0
964992,74.0
965008,50.0
965040,59.0
965056,21.0
965072,27.0
965088,36.0
965184,34.0
965264,49.0
965376,39.0
965440,23.0
965456,49.0
965472,24.0
965520,46.0
965616,56.0
965680,43.0
965712,57.0
965760,68.0
965888,28.0
965952,56.0
966032,64.0
966080,39.0
966080,44.0
966112,40.0
966144,79.0
966176,62.0
966256,40.0
966256,36.0
966352,68.0
966496,46.0
966512,92.0
966528,40.0
966544,23.0
966576,39.0
966592,21.0
966624,37.0
966656,36.0
966736,64.0
966736,120.0
966832,45.0
966944,89.0
966944,37.0
967152,67.0
967168,57.0
967184,37.0
967216,35.0
967232,25.0
967232,45.0
967280,34.0
967296,72.0
967312,51.0
967328,37.0
967328,47.0
967376,52.0
967408,55.0
967536,37.0
967584,60.0
967696,29.0
967696,47.0
967728,28.0
967744,36.0
967776,37.0
967840,32.0
967872,41.0
967984,41.0
968000,48.0
968096,25.0
968112,36.0
968128,47.0
968144,53.0
968176,37.0
968256,59.0
968288,55.0
968304,36.0
968496,39.0
968496,50.0
968624,92.0
968624,55.0
968704,54.0
968704,25.0
968768,62.0
968784,41.0
968848,53.0
968848,46.0
968896,40.0
968912,39.0
968912,26.0
968928,49.0
969008,64.0
969120,39.0
969168,34.0
969200,69.0
969200,64.0
969296,32.0
969392,34.0
969568,35.0
969600,25.0
969616,57.0
969632,58.0
969648,30.0
969680,35.0
969728,51.0
969744,52.0
969744,56.0
969808,26.0
969824,66.0
969920,39.0
969968,65.0
969968,84.0
970080,32.0
970080,55.0
970112,30.0
970336,32.0
970336,37.0
970352,47.0
970576,56.0
970688,48.0
970720,47.0
970800,119.0
970800,74.0
970832,74.0
970832,45.0
970864,56.0
970928,75.0
970944,71.0
970960,55.0
971024,43.0
971136,87.0
971152,67.0
971200,54.0
971232,55.0
971360,49.0
971408,34.0
971456,46.0
971472,40.0
971520,45.0
971552,45.0
971648,43.0
971664,45.0
971712,30.0
971728,36.0
971744,38.0
971760,60.0
971840,57.0
971872,26.0
972048,40.0
972064,22.0
972128,38.0
972128,25.0
972288,58.0
972336,71.0
972384,45.0
972480,45.0
972512,65.0
972544,56.0
972592,119.0
972592,65.0
972704,41.0
972736,38.0
972768,64.0
972784,25.0
972816,33.0
972848,49.0
972864,46.0
972896,19.0
973008,26.0
973056,36.0
973104,35.0
973168,41.0
973200,85.0
973248,34.0
973280,141.0
973296,27.0
973296,60.0
973408,39.0
973408,42.0
973504,46.0
973504,28.0
973504,102.0
973536,45.0
973584,46.0
973600,37.0
973712,34.0
973856,47.0
973888,24.0
973920,24.0
973936,40.0
973936,65.0
973952,22.0
973968,24.0
974000,47.0
974112,38.0
974128,39.0
974176,56.0
974208,50.0
974272,21.0
974288,25.0
974304,63.0
974432,45.0
974448,31.0
974464,66.0
974512,82.0
974560,28.0
974592,39.0
974640,49.0
974640,32.0
974784,53.0
974848,42.0
974848,36.0
974912,30.0
975056,47.0
975056,38.0
975088,36.0
975088,31.0
975152,77.0
975168,55.0
975232,77.0
975296,68.0
975328,30.0
975424,49.0
975472,24.0
975488,58.0
975504,45.0
975600,34.0
975696,33.0
975712,54.0
975808,84.0
975824,37.0
975824,33.0
975904,53.0
975920,52.0
975984,84.0
976064,37.0
976112,39.0
976144,40.0
976160,46.0
976192,65.0
976192,80.0
976304,24.0
976528,24.0
976592,79.0
976592,43.0
976624,40.0
976656,52.0
976704,62.0
976736,58.0
976736,71.0
976832,48.0
976832,33.0
976992,25.0
977008,17.0
977120,81.0
977120,33.0
977152,62.0
977152,65.0
977184,62.0
977280,99.0
977392,75.0
977424,56.0
977584,55.0
977648,57.0
977696,65.0
977744,22.0
977744,57.0
977760,38.0
977808,50.0
977936,51.0
977984,54.0
977984,72.0
978080,91.0
978080,24.0
978160,73.0
978256,61.0
978320,56.0
978352,23.0
978352,48.0
978368,38.0
978448,50.0
978448,29.0
978480,46.0
978592,88.0
978608,28.0
978736,41.0
978832,64.0
978864,70.0
978896,36.0
978912,52.0
978912,110.0
978928,28.0
978944,22.0
979056,38.0
979056,43.0
979136,49.0
979392,71.0
979408,60.0
979408,50.0
979440,94.0
979456,34.0
979520,29.0
979520,41.0
979536,74.0
979680,39.0
979680,59.0
979696,54.0
979728,50.0
979776,54.0
979840,27.0
979888,47.0
979904,63.0
980048,69.0
980064,41.0
980096,44.0
980096,36.0
980112,36.0
980112,41.0
980112,24.0
980128,43.0
980288,24.0
980432,37.0
980448,48.0
980480,23.0
980560,55.0
980704,74.0
980704,40.0
980720,38.0
980800,69.0
980848,60.0
980864,47.0
980880,49.0
980912,54.0
980944,41.0
980944,31.0
980944,73.0
981088,41.0
981104,63.0
981184,24.0
981248,70.0
981328,38.0
981344,25.0
981456,38.0
981456,47.0
981472,57.0
981616,44.0
981648,49.0
981664,60.0
981680,37.0
981792,57.0
981824,84.0
981840,24.0
981840,46.0
981920,61.0
981936,30.0
982048,54.0
982112,28.0
982176,44.0
982192,36.0
982224,80.0
982256,38.0
982256,36.0
982256,29.0
982272,58.0
982400,35.0
982416,30.0
982416,73.0
982432,37.0
982544,27.0
982560,32.0
982576,41.0
982608,49.0
982640,26.0
982768,23.0
982784,91.0
982912,46.0
983184,26.0
983184,62.0
983248,40.0
983248,52.0
983264,53.0
983280,53.0
983312,66.0
983360,50.0
983360,49.0
983440,41.0
983536,56.0
983632,68.0
983696,49.0
983712,28.0
983728,91.0
983728,34.0
983776,95.0
983792,30.0
983792,27.0
983872,101.0
983984,50.0
984080,52.0
984128,25.0
984256,51.0
984256,63.0
984304,48.0
984320,38.0
984336,29.0
984336,61.0
984432,44.0
984528,46.0
984592,50.0
984624,84.0
984720,24.0
984768,62.0
984832,25.0
984848,37.0
984864,77.0
984912,41.0
984960,55.0
985056,29.0
985104,50.0
985152,51.0
985216,43.0
985264,80.0
985280,60.0
985296,27.0
985296,21.0
985392,79.0
985488,112.0
985616,53.0
985696,30.0
985728,21.0
985760,41.0
985776,39.0
985776,54.0
985808,68.0
985840,34.0
985840,76.0
985920,67.0
985936,69.0
986064,36.0
986080,51.0
986112,52.0
986160,54.0
986160,69.0
986160,24.0
986352,34.0
986448,47.0
986464,46.0
986480,45.0
986496,41.0
986528,38.0
986544,30.0
986608,52.0
986640,33.0
986640,44.0
986688,33.0
986720,35.0
986816,46.0
986896,25.0
986912,47.0
986928,82.0
987088,39.0
987136,37.0
987152,42.0
987152,50.0
987216,31.0
987232,34.0
987344,44.0
987424,32.0
987456,33.0
987488,21.0
987488,60.0
987584,109.0
987632,34.0
987664,28.0
987680,54.0
987712,51.0
987728,37.0
987744,71.0
987984,40.0
988000,36.0
988000,34.0
988000,85.0
988192,65.0
988256,36.0
988304,42.0
988352,38.0
988368,71.0
988368,24.0
988400,122.0
988480,30.0
988528,50.0
988560,56.0
988656,29.0
988720,23.0
988832,78.0
988848,37.0
988880,55.0
988912,89.0
988928,76.0
988928,23.0
989024,64.0
989120,47.0
989168,40.0
989248,55.0
989248,33.0
989248,37.0
989328,64.0
989360,55.0
989504,21.0
989504,37.0
989520,37.0
989536,71.0
989536,43.0
989664,21.0
989680,35.0
989792,54.0
989840,37.0
989856,148.0
989872,53.0
989904,67.0
989984,39.0
990016,48.0
990048,73.0
990144,39.0
990224,45.0
990240,36.0
990336,50.0
990352,69.0
990352,51.0
990576,45.0
990592,57.0
990608,35.0
990640,41.0
990720,76.0
990768,61.0
990768,54.0
990816,50.0
990848,38.0
990864,62.0
990896,34.0
990912,12.0
990992,25.0
991072,27.0
991168,64.0
991264,57.0
991312,46.0
991424,36.0
991440,100.0
991504,40.0
991552,83.0
991584,78.0
991616,39.0
991616,53.0
991648,52.0
991808,40.0
991840,58.0
992000,87.0
992112,31.0
992160,20.0
992208,41.0
992224,57.0
992224,72.0
992288,64.0
992336,90.0
992368,45.0
992448,54.0
992528,64.0
992544,111.0
992576,72.0
992672,21.0
992736,28.0
992784,35.0
992784,36.0
992800,40.0
992864,47.0
992912,57.0
992944,25.0
992976,33.0
993136,22.0
993168,108.0
993168,37.0
993184,98.0
993184,25.0
993184,51.0
993216,88.0
993280,66.0
993376,36.0
993488,47.0
993536,37.0
993552,36.0
993616,59.0
993664,30.0
993680,31.0
993696,73.0
993744,55.0
993824,40.0
993904,46.0
993936,25.0
994000,45.0
994064,58.0
994080,54.0
994112,27.0
994128,40.0
994256,37.0
994304,71.0
994416,42.0
994432,55.0
994496,42.0
994512,56.0
994592,29.0
994640,24.0
994656,80.0
994688,49.0
994768,44.0
994768,41.0
994768,116.0
994848,27.0
994848,72.0
995040,60.0
995088,49.0
995168,33.0
995168,46.0
995184,43.0
995280,37.0
995360,37.0
995472,55.0
995488,93.0
995600,47.0
995600,52.0
995680,32.0
995696,32.0
995696,110.0
995792,80.0
995808,72.0
995888,53.0
995968,38.0
995984,56.0
996000,77.0
996016,73.0
996016,46.0
996112,40.0
996192,37.0
996208,26.0
996208,32.0
996256,36.0
996304,71.0
996336,33.0
996352,41.0
996480,31.0
996496,63.0
996720,52.0
996752,46.0
996784,48.0
996816,38.0
996864,79.0
996976,61.0
996992,49.0
997216,78.0
997216,60.0
997232,46.0
997280,29.0
997296,59.0
997296,32.0
997296,36.0
997328,53.0
997344,65.0
997472,85.0
997488,81.0
997632,40.0
997680,28.0
997792,36.0
997808,37.0
997824,93.0
997856,35.0
997888,25.0
997952,68.0
997984,43.0
998064,45.0
998128,53.0
998144,51.0
998192,90.0
998240,35.0
998256,19.0
998288,51.0
998304,63.0
998336,13.0
998352,34.0
998416,37.0
998432,91.0
998464,38.0
998608,51.0
998640,41.0
998656,26.0
998672,49.0
998672,38.0
998704,23.0
998832,75.0
998848,24.0
998848,41.0
999040,25.0
999056,57.0
999056,44.0
999088,30.0
999120,52.0
999248,36.0
999296,65.0
999328,30.0
999328,56.0
999328,42.0
999408,46.0
999440,24.0
999520,29.0
999552,32.0
999680,53.0
999680,61.0
999696,80.0
999712,24.0
999760,91.0
999776,41.0
999872,49.0
1000176,41.0
1000176,25.0
1000176,83.0
1000192,40.0
1000208,32.0
1000208,50.0
1000288,62.0
1000352,40.0
1000448,63.0
1000464,71.0
1000560,55.0
1000624,81.0
1000816,40.0
1000832,99.0
1000848,40.0
1000896,38.0
1000960,31.0
1001024,52.0
1001024,53.0
1001040,54.0
1001136,58.0
1001168,81.0
1001200,90.0
1001248,39.0
1001296,101.0
1001312,30.0
1001376,58.0
1001376,51.0
1001440,25.0
1001520,44.0
1001520,42.0
1001632,27.0
1001744,53.0
1001760,46.0
1001776,25.0
1001792,41.0
1001872,57.0
1001904,33.0
1001920,25.0
1001936,99.0
1001936,40.0
1002080,28.0
1002112,59.0
1002176,26.0
1002192,59.0
1002192,73.0
1002208,43.0
1002240,29.0
1002336,56.0
1002448,32.0
1002560,40.0
1002608,54.0
1002640,53.0
1002752,53.0
1002768,35.0
1002800,38.0
1002800,58.0
1002848,42.0
1002848,46.0
1002880,34.0
1002880,43.0
1002944,102.0
1002944,54.0
1002992,66.0
1003072,39.0
1003088,53.0
1003152,37.0
1003184,24.0
1003184,34.0
1003296,28.0
1003424,34.0
1003440,40.0
1003440,37.0
1003520,36.0
1003536,24.0
1003744,41.0
1003760,51.0
1003792,74.0
1003840,67.0
1003872,36.0
1003888,63.0
1003888,56.0
1003904,45.0
1003904,24.0
1003984,57.0
1004080,41.0
1004144,44.0
1004160,88.0
1004192,27.0
1004336,72.0
1004384,31.0
1004400,33.0
1004432,56.0
1004448,34.0
1004464,45.0
1004464,42.0
1004480,65.0
1004512,38.0
1004576,46.0
1004736,36.0
1004832,47.0
1004848,44.0
1004912,28.0
1004928,37.0
1004976,49.0
1004992,35.0
1005040,66.0
1005056,34.0
1005056,30.0
1005184,45.0
1005200,50.0
1005200,82.0
1005216,48.0
1005440,32.0
1005456,29.0
1005488,63.0
1005488,36.0
1005520,49.0
1005552,44.0
1005552,45.0
1005552,21.0
1005728,47.0
1005824,90.0
1005824,39.0
1005872,27.0
1005952,57.0
1005952,29.0
1006032,36.0
1006080,64.0
1006144,20.0
1006160,69.0
1006160,60.0
1006176,39.0
1006240,47.0
1006384,35.0
1006448,45.0
1006448,79.0
1006560,43.0
1006592,22.0
1006592,27.0
1006640,70.0
1006736,36.0
1006736,37.0
1006752,50.0
1006832,47.0
1006848,81.0
1006928,30.0
1007008,39.0
1007040,63.0
1007136,24.0
1007136,74.0
1007152,35.0
1007184,37.0
1007232,31.0
1007328,55.0
1007408,36.0
1007472,57.0
1007536,50.0
1007616,61.0
1007664,27.0
1007664,39.0
1007696,35.0
1007696,53.0
1007696,34.0
1007776,37.0
1007792,49.0
1007984,36.0
1008032,69.0
1008064,157.0
1008112,40.0
1008144,33.0
1008160,64.0
1008176,25.0
1008208,34.0
1008224,33.0
1008304,61.0
1008304,40.0
1008336,34.0
1008464,48.0
1008528,62.0
1008768,27.0
1008784,47.0
1008784,45.0
1008800,69.0
1008816,38.0
1008832,53.0
1008880,36.0
1008928,47.0
1008960,50.0
1008992,33.0
1009120,63.0
1009184,25.0
1009184,188.0
1009216,43.0
1009312,12.0
1009344,75.0
1009344,36.0
1009488,35.0
1009520,76.0
1009568,38.0
1009584,37.0
1009584,50.0
1009696,56.0
1009728,34.0
1009728,56.0
1009760,96.0
1009856,23.0
1009888,42.0
1009904,64.0
1009968,49.0
1009984,40.0
1010000,41.0
1010128,51.0
1010208,87.0
1010272,36.0
1010320,46.0
1010416,52.0
1010416,53.0
1010448,35.0
1010448,43.0
1010688,73.0
1010736,46.0
1010768,50.0
1010832,53.0
1010880,64.0
1010912,63.0
1010928,32.0
1010944,42.0
1010944,46.0
1011104,86.0
1011104,49.0
1011152,64.0
1011152,89.0
1011168,47.0
1011232,29.0
1011312,13.0
1011344,56.0
1011376,58.0
1011536,37.0
1011584,42.0
1011616,46.0
1011616,49.0
1011616,28.0
1011648,60.0
1011728,36.0
1011760,52.0
1011856,57.0
1011872,48.0
1011952,50.0
1011968,46.0
1011984,40.0
1012048,46.0
1012064,43.0
1012080,29.0
1012128,37.0
1012160,36.0
1012224,36.0
1012256,40.0
1012288,33.0
1012384,33.0
1012448,52.0
1012592,29.0
1012592,54.0
1012672,45.0
1012672,121.0
1012704,28.0
1012768,50.0
1012832,53.0
1012880,51.0
1012880,63.0
1012928,16.0
1013040,47.0
1013088,54.0
1013104,41.0
1013136,23.0
1013184,69.0
1013264,42.0
1013280,43.0
1013328,73.0
1013456,36.0
1013472,37.0
1013488,13.0
1013504,52.0
1013552,94.0
1013584,28.0
1013600,56.0
1013696,32.0
1013728,39.0
1013744,41.0
1013792,33.0
1013920,37.0
1013936,97.0
1013936,63.0
1014000,73.0
1014096,66.0
1014128,39.0
1014128,33.0
1014272,49.0
1014272,36.0
1014320,53.0
1014352,27.0
1014384,52.0
1014384,37.0
1014384,28.0
1014416,60.0
1014464,21.0
1014464,23.0
1014480,34.0
1014496,57.0
1014576,53.0
1014624,39.0
1014784,25.0
1014848,69.0
1014848,24.0
1014880,26.0
1014896,39.0
1014912,35.0
1014960,34.0
1014976,37.0
1015040,57.0
1015056,42.0
1015072,50.0
1015072,31.0
1015360,24.0
1015376,26.0
1015392,34.0
1015488,40.0
1015584,60.0
1015600,69.0
1015616,35.0
1015632,47.0
1015696,50.0
1015776,44.0
1015792,47.0
1015808,93.0
1015904,89.0
1015920,35.0
1016032,60.0
1016096,82.0
1016128,32.0
1016192,25.0
1016224,82.0
1016320,26.0
1016368,61.0
1016416,52.0
1016432,41.0
1016496,29.0
1016544,26.0
1016560,21.0
1016560,58.0
1016560,60.0
1016720,77.0
1016848,27.0
1016880,24.0
1016912,37.0
1016912,51.0
1016928,70.0
1016928,97.0
1016976,66.0
1017024,52.0
1017072,86.0
1017168,46.0
1017232,42.0
1017296,24.0
1017376,41.0
1017376,51.0
1017392,64.0
1017424,54.0
1017456,30.0
1017456,36.0
1017472,35.0
1017504,36.0
1017600,66.0
1017632,38.0
1017664,51.0
1017744,23.0
1017760,43.0
1017808,27.0
1017840,26.0
1017872,59.0
1017920,47.0
1018112,51.0
1018112,40.0
1018112,38.0
1018192,35.0
1018224,48.0
1018288,39.0
1018352,38.0
1018400,50.0
1018400,63.0
1018464,63.0
1018480,40.0
1018512,37.0
1018560,47.0
1018688,51.0
1018752,35.0
1018832,45.0
1018848,101.0
1018864,47.0
1018880,37.0
1018896,71.0
1018912,43.0
1018992,27.0
1019104,44.0
1019152,50.0
1019152,47.0
1019216,47.0
1019280,33.0
1019424,35.0
1019440,37.0
1019456,59.0
1019504,38.0
1019504,42.0
1019520,88.0
1019520,26.0
1019536,24.0
1019552,67.0
1019600,57.0
1019680,43.0
1019728,28.0
1019792,57.0
1019808,56.0
1019872,45.0
1019936,27.0
1019984,33.0
1020016,26.0
1020144,26.0
1020240,64.0
1020256,52.0
1020272,46.0
1020272,37.0
1020352,52.0
1020416,54.0
1020432,40.0
1020432,39.0
1020480,38.0
1020576,66.0
1020608,73.0
1020608,39.0
1020800,54.0
1020816,82.0
1020912,42.0
1020976,60.0
1021008,33.0
1021040,49.0
1021040,48.0
1021056,39.0
1021152,50.0
1021200,48.0
1021216,38.0
1021248,40.0
1021280,30.0
1021280,71.0
1021360,49.0
1021456,40.0
1021520,69.0
1021696,43.0
1021792,34.0
1021856,50.0
1021872,100.0
1021872,60.0
1021888,57.0
1021968,43.0
1022016,50.0
1022048,43.0
1022128,27.0
1022128,58.0
1022176,71.0
1022272,51.0
1022320,33.0
1022368,76.0
1022384,26.0
1022400,34.0
1022400,85.0
1022560,80.0
1022640,39.0
1022704,52.0
1022736,76.0
1022752,55.0
1022752,54.0
1022768,24.0
1022768,37.0
1022768,23.0
1022800,33.0
1022944,56.0
1023072,19.0
1023104,61.0
1023168,38.0
1023168,53.0
1023232,37.0
1023328,35.0
1023344,34.0
1023360,60.0
1023392,79.0
1023440,67.0
1023648,57.0
1023664,57.0
1023680,36.0
1023760,37.0
1023856,32.0
1023856,57.0
1023872,34.0
1023920,53.0
1024048,51.0
1024128,48.0
1024144,31.0
1024160,87.0
1024160,91.0
1024224,52.0
1024272,95.0
1024304,27.0
1024400,45.0
1024448,43.0
1024480,65.0
1024512,41.0
1024512,29.0
1024560,26.0
1024688,95.0
1024768,53.0
1024864,40.0
1024880,64.0
1024912,40.0
1024928,48.0
1024944,31.0
1024960,28.0
1024992,52.0
1025040,35.0
1025056,58.0
1025184,95.0
1025200,50.0
1025296,46.0
1025376,43.0
1025424,57.0
1025488,36.0
1025520,40.0
1025568,33.0
1025616,53.0
1025648,49.0
1025696,31.0
1025712,49.0
1025728,27.0
1025744,43.0
1025760,51.0
1025792,52.0
1025920,58.0
1025936,47.0
1025952,36.0
1026032,32.0
1026064,110.0
1026208,40.0
1026304,37.0
1026320,33.0
1026336,53.0
1026400,41.0
1026480,35.0
1026480,54.0
1026528,31.0
1026560,57.0
1026560,39.0
1026608,41.0
1026688,79.0
1026720,62.0
1026800,46.0
1026832,31.0
1026848,68.0
1026976,36.0
1027024,83.0
1027040,35.0
1027072,47.0
1027072,24.0
1027072,48.0
1027120,40.0
1027168,23.0
1027168,60.0
1027200,22.0
1027264,46.0
1027328,48.0
1027456,53.0
1027568,53.0
1027616,28.0
1027632,32.0
1027632,67.0
1027728,25.0
1027744,44.0
1027744,48.0
1027776,44.0
1027792,60.0
1027936,54.0
1028096,64.0
1028112,57.0
1028192,73.0
1028208,47.0
1028208,36.0
1028256,39.0
1028288,64.0
1028288,70.0
1028368,39.0
1028480,12.0
1028512,56.0
1028544,47.0
1028576,50.0
1028640,57.0
1028672,26.0
1028688,30.0
1028704,71.0
1028800,27.0
1028816,67.0
1028816,44.0
1028816,39.0
1028896,50.0
1028928,62.0
1029056,30.0
1029088,34.0
1029184,44.0
1029200,57.0
1029264,28.0
1029344,33.0
1029392,44.0
1029424,39.0
1029440,24.0
1029440,48.0
1029456,47.0
1029504,81.0
1029520,21.0
1029648,35.0
1029776,71.0
1029840,36.0
1029840,64.0
1029904,24.0
1029968,65.0
1030016,70.0
1030064,97.0
1030208,54.0
1030224,45.0
1030256,54.0
1030336,43.0
1030368,73.0
1030384,38.0
1030416,28.0
1030432,37.0
1030464,35.0
1030512,31.0
1030544,68.0
1030592,24.0
1030608,48.0
1030608,24.0
1030624,74.0
1030624,35.0
1030720,81.0
1030832,87.0
1030864,33.0
1031120,41.0
1031120,54.0
1031168,28.0
1031200,51.0
1031216,37.0
1031280,57.0
1031296,54.0
1031296,55.0
1031312,44.0
1031344,50.0
1031408,51.0
1031552,21.0
1031568,28.0
1031600,68.0
1031680,53.0
1031744,71.0
1031744,27.0
1031760,37.0
1031776,57.0
1031824,39.0
1031920,39.0
1031936,37.0
1032144,64.0
1032160,55.0
1032176,38.0
1032224,30.0
1032224,100.0
1032224,58.0
1032320,57.0
1032384,39.0
1032448,44.0
1032464,18.0
1032512,60.0
1032528,53.0
1032544,38.0
1032608,43.0
1032624,50.0
1032624,25.0
1032640,26.0
1032656,55.0
1032768,38.0
1032768,73.0
1032816,37.0
1032816,27.0
1033008,34.0
1033040,26.0
1033072,39.0
1033088,34.0
1033104,21.0
1033104,29.0
1033168,22.0
1033168,64.0
1033264,40.0
1033296,49.0
1033296,48.0
1033296,61.0
1033360,34.0
1033408,47.0
1033424,20.0
1033520,28.0
1033648,24.0
1033664,31.0
1033680,57.0
1033680,67.0
1033808,32.0
1033824,46.0
1033840,34.0
1033856,31.0
1033872,54.0
1033888,53.0
1033936,40.0
1034016,38.0
1034080,57.0
1034128,44.0
1034128,38.0
1034176,33.0
1034192,32.0
1034224,35.0
1034320,27.0
1034432,39.0
1034464,38.0
1034512,40.0
1034528,25.0
1034560,30.0
1034608,42.0
1034672,28.0
1034688,53.0
1034688,54.0
1034688,31.0
1034720,65.0
1034720,37.0
1034736,35.0
1034752,103.0
1034880,26.0
1034976,26.0
1035040,27.0
1035120,37.0
1035152,27.0
1035216,30.0
1035216,56.0
1035248,46.0
1035264,34.0
1035456,36.0
1035472,31.0
1035504,22.0
1035504,67.0
1035536,53.0
1035536,53.0
1035632,37.0
1035632,59.0
1035808,66.0
1035904,41.0
1035920,26.0
1035936,27.0
1035952,46.0
1036032,85.0
1036048,32.0
1036080,129.0
1036096,55.0
1036112,62.0
1036160,22.0
1036288,23.0
1036304,42.0
1036336,54.0
1036336,55.0
1036432,73.0
1036464,33.0
1036512,55.0
1036528,39.0
1036528,62.0
1036560,38.0
1036672,21.0
1036704,39.0
1036736,43.0
1036736,44.0
1036848,21.0
1036864,44.0
1036960,42.0
1036960,27.0
1037056,59.0
1037120,24.0
1037152,37.0
1037232,50.0
1037264,37.0
1037264,58.0
1037280,36.0
1037344,24.0
1037360,79.0
1037424,60.0
1037472,46.0
1037536,30.0
1037584,80.0
1037632,49.0
1037696,34.0
1037696,73.0
1037712,27.0
1037744,49.0
1037872,33.0
1038000,48.0
1038016,37.0
1038016,27.0
1038064,50.0
1038128,31.0
1038160,56.0
1038208,84.0
1038288,34.0
1038288,36.0
1038288,51.0
1038336,76.0
1038512,51.0
1038512,61.0
1038704,63.0
1038752,46.0
1038800,40.0
1038848,35.0
1038880,23.0
1038896,43.0
1038912,53.0
1038944,59.0
1038944,12.0
1038960,100.0
1039088,60.0
1039088,50.0
1039088,76.0
1039216,19.0
1039312,23.0
1039344,52.0
1039424,71.0
1039456,70.0
1039472,48.0
1039648,53.0
1039664,44.0
1039744,33.0
1039808,29.0
1039824,55.0
1039856,115.0
1039856,48.0
1039904,63.0
1039920,52.0
1039936,17.0
1039968,70.0
1040032,72.0
1040176,27.0
1040176,47.0
1040448,32.0
1040480,36.0
1040480,42.0
1040544,68.0
1040560,78.0
1040608,60.0
1040816,56.0
1040880,64.0
1040880,64.0
1040912,23.0
1040928,47.0
1040960,71.0
1040976,59.0
1041104,71.0
1041120,40.0
1041168,106.0
1041344,54.0
1041376,143.0
1041392,49.0
1041504,83.0
1041552,37.0
1041552,69.0
1041552,46.0
1041648,33.0
1041696,48.0
1041696,51.0
1041776,50.0
1041776,27.0
1041872,44.0
1041872,82.0
1041904,25.0
1041968,66.0
1042032,58.0
1042064,32.0
1042096,25.0
1042144,23.0
1042192,82.0
1042192,40.0
1042304,33.0
1042304,38.0
1042320,28.0
1042400,64.0
1042432,55.0
1042480,26.0
1042512,20.0
1042576,74.0
1042672,48.0
1042768,46.0
1042832,74.0
1042848,41.0
1042912,38.0
1042928,52.0
1043024,55.0
1043056,36.0
1043056,47.0
1043104,42.0
1043120,45.0
1043152,36.0
1043312,90.0
1043376,44.0
1043376,54.0
1043424,69.0
1043440,20.0
1043440,92.0
1043520,38.0
1043632,49.0
1043712,41.0
1043744,45.0
1043760,44.0
1043760,28.0
1043776,39.0
1043792,23.0
1043936,69.0
1044048,59.0
1044080,20.0
1044096,45.0
1044128,43.0
1044160,87.0
1044176,34.0
1044288,34.0
1044336,25.0
1044384,39.0
1044464,96.0
1044512,67.0
1044560,30.0
1044576,66.0
1044608,56.0
1044624,78.0
1044704,38.0
1044704,57.0
1044720,42.0
1044848,21.0
1044928,50.0
1044944,35.0
1044960,49.0
1045056,21.0
1045056,45.0
1045056,30.0
1045152,43.0
1045168,34.0
1045184,36.0
1045248,34.0
1045376,68.0
1045488,107.0
1045520,42.0
1045648,37.0
1045648,93.0
1045680,45.0
1045680,70.0
1045808,41.0
1045824,41.0
1045824,70.0
1045888,32.0
1045904,41.0
1045936,62.0
1046000,59.0
1046160,77.0
1046256,38.0
1046288,38.0
1046304,25.0
1046320,50.0
1046416,38.0
1046432,38.0
1046432,34.0
1046496,90.0
1046528,53.0
1046544,45.0
1046608,22.0
1046640,40.0
1046720,77.0
1046752,98.0
1046768,70.0
1046784,53.0
1046816,25.0
1046864,36.0
1047008,36.0
1047088,49.0
1047184,27.0
1047200,42.0
1047248,58.0
1047280,46.0
1047296,71.0
1047296,32.0
1047456,60.0
1047472,41.0
1047552,29.0
1047648,40.0
1047744,35.0
1047808,68.0
1047856,38.0
1047856,35.0
1047872,63.0
1047888,38.0
1047920,28.0
1047936,94.0
1047984,49.0
1047984,86.0
1048016,86.0
1048192,46.0
1048224,91.0
1048224,58.0
1048240,24.0
1048240,37.0
1048304,47.0
1048320,36.0
1048448,37.0
1048496,38.0
1048528,32.0
1048640,41.0
1048640,44.0
1048656,29.0
1048752,33.0
1048880,67.0
1048880,40.0
1048896,61.0
1048944,60.0
1049008,43.0
1049024,45.0
1049072,75.0
1049200,35.0
1049200,61.0
1049248,31.0
1049296,53.0
1049344,44.0
1049392,56.0
1049392,32.0
1049392,46.0
1049488,38.0
1049504,79.0
1049552,34.0
1049632,46.0
1049648,70.0
1049696,31.0
1049760,46.0
1049792,34.0
1049792,25.0
1049824,11.0
1049856,29.0
1049872,36.0
1050032,52.0
1050096,37.0
1050112,65.0
1050128,36.0
1050240,34.0
1050256,82.0
1050256,48.0
1050272,30.0
1050272,30.0
1050288,41.0
1050400,36.0
1050400,66.0
1050416,35.0
1050480,45.0
1050704,42.0
1050768,41.0
1050848,61.0
1050880,37.0
1050880,30.0
1050896,39.0
1050928,43.0
1050960,52.0
1050976,35.0
1050992,56.0
1051056,22.0
1051056,104.0
1051104,52.0
1051248,62.0
1051264,49.0
1051392,27.0
1051408,40.0
1051424,27.0
1051536,40.0
1051536,38.0
1051536,71.0
1051616,46.0
1051616,35.0
1051632,86.0
1051728,42.0
1051760,55.0
1051808,35.0
1051872,16.0
1051904,40.0
1051952,61.0
1052016,57.0
1052144,38.0
1052144,45.0
1052176,40.0
1052192,29.0
1052224,51.0
1052288,30.0
1052384,30.0
1052448,51.0
1052464,53.0
1052512,35.0
1052544,42.0
1052560,73.0
1052608,24.0
1052608,53.0
1052624,38.0
1052656,32.0
1052736,37.0
1052736,18.0
1052736,34.0
1052752,76.0
1052880,37.0
1052880,26.0
1052928,34.0
1053008,31.0
1053024,30.0
1053040,24.0
1053056,55.0
1053136,32.0
1053280,42.0
1053312,27.0
1053344,46.0
1053408,42.0
1053424,43.0
1053456,56.0
1053472,34.0
1053504,30.0
1053520,24.0
1053536,50.0
1053584,171.0
1053632,47.0
1053728,43.0
1053904,37.0
1053952,26.0
1053984,40.0
1054000,59.0
1054064,41.0
1054096,84.0
1054112,69.0
1054144,35.0
1054144,40.0
1054224,59.0
1054304,49.0
1054368,40.0
1054368,57.0
1054416,62.0
1054512,35.0
1054528,39.0
1054624,72.0
1054672,35.0
1054672,43.0
1054688,24.0
1054880,46.0
1054912,51.0
1054912,53.0
1054992,85.0
1055040,65.0
1055056,34.0
1055200,52.0
1055264,40.0
1055264,65.0
1055296,58.0
1055312,73.0
1055376,44.0
1055376,44.0
1055584,66.0
1055664,61.0
1055696,41.0
1055728,22.0
1055840,49.0
1055856,37.0
1055904,62.0
1055984,69.0
1056096,69.0
1056112,51.0
1056128,54.0
1056144,52.0
1056240,24.0
1056256,55.0
1056272,116.0
1056336,89.0
1056352,43.0
1056400,31.0
1056448,38.0
1056544,28.0
1056576,86.0
1056656,25.0
1056672,27.0
1056688,69.0
1056688,62.0
1056688,36.0
1056704,36.0
1056896,34.0
1056928,49.0
1057024,81.0
1057024,39.0
1057040,48.0
1057040,22.0
1057056,38.0
1057136,50.0
1057152,38.0
1057200,34.0
1057216,34.0
1057232,34.0
1057264,43.0
1057376,43.0
1057472,36.0
1057632,103.0
1057696,34.0
1057760,46.0
1057760,34.0
1057776,36.0
1057792,54.0
1057808,36.0
1057872,38.0
1057888,52.0
1057936,29.0
1058000,60.0
1058096,66.0
1058096,67.0
1058112,46.0
1058144,22.0
1058160,33.0
1058272,31.0
1058336,25.0
1058336,21.0
1058352,29.0
1058368,35.0
1058368,38.0
1058400,44.0
1058400,40.0
1058432,35.0
1058448,82.0
1058592,118.0
1058608,13.0
1058656,35.0
1058752,37.0
1058784,26.0
1058784,28.0
1058832,35.0
1058960,32.0
1059072,44.0
1059072,60.0
1059136,44.0
1059168,35.0
1059232,28.0
1059264,30.0
1059280,43.0
1059344,37.0
1059392,66.0
1059456,85.0
1059456,66.0
1059488,52.0
1059568,46.0
1059632,93.0
1059648,26.0
1059728,41.0
1059792,21.0
1059792,90.0
1059792,41.0
1059808,40.0
1059888,39.0
1060016,46.0
1060032,34.0
1060064,38.0
1060080,46.0
1060096,29.0
1060112,34.0
1060224,52.0
1060224,36.0
1060272,29.0
1060272,34.0
1060464,12.0
1060512,45.0
1060624,38.0
1060640,105.0
1060672,36.0
1060704,57.0
1060720,40.0
1060720,31.0
1060736,42.0
1060736,39.0
1060800,57.0
1060848,36.0
1060960,46.0
1061056,27.0
1061056,64.0
1061136,21.0
1061168,41.0
1061296,35.0
1061296,52.0
1061328,38.0
1061360,40.0
1061392,145.0
1061456,104.0
1061488,33.0
1061520,24.0
1061552,44.0
1061552,51.0
1061632,62.0
1061664,31.0
1061680,39.0
1061888,33.0
1061904,28.0
1061920,39.0
1061936,24.0
1061968,57.0
1062000,38.0
1062032,46.0
1062160,93.0
1062160,42.0
1062256,58.0
1062352,52.0
1062384,105.0
1062416,46.0
1062416,49.0
1062496,59.0
1062496,52.0
1062576,42.0
1062592,35.0
1062624,41.0
1062688,48.0
1062816,12.0
1062816,58.0
1062832,36.0
1062832,42.0
1062864,32.0
1062896,56.0
1062976,18.0
1063024,40.0
1063024,38.0
1063120,39.0
1063184,37.0
1063200,49.0
1063216,25.0
1063440,94.0
1063504,42.0
1063568,37.0
1063648,28.0
1063696,52.0
1063712,37.0
1063728,52.0
1063744,57.0
1063776,60.0
1063792,38.0
1063792,48.0
1063824,83.0
1063856,80.0
1063968,59.0
1064064,53.0
1064112,42.0
1064112,25.0
1064224,31.0
1064224,129.0
1064256,43.0
1064288,49.0
1064384,38.0
1064432,40.0
1064496,44.0
1064544,36.0
1064640,36.0
1064656,60.0
1064672,64.0
1064704,30.0
1064752,56.0
1064784,42.0
1064816,62.0
1064976,77.0
1064992,21.0
1065088,34.0
1065104,62.0
1065104,22.0
1065104,38.0
1065120,56.0
1065184,32.0
1065184,47.0
1065248,27.0
1065264,55.0
1065264,39.0
1065296,63.0
1065456,42.0
1065472,76.0
1065648,35.0
1065664,42.0
1065696,32.0
1065696,37.0
1065712,38.0
1065808,69.0
1065984,33.0
1065984,50.0
1066080,49.0
1066112,28.0
1066176,66.0
1066192,31.0
1066272,81.0
1066304,41.0
1066336,54.0
1066496,43.0
1066496,78.0
1066560,36.0
1066608,84.0
1066624,58.0
1066640,96.0
1066704,39.0
1066848,99.0
1066864,47.0
1066912,38.0
1066928,37.0
1066944,77.0
1066976,26.0
1067040,54.0
1067216,77.0
1067248,39.0
1067280,40.0
1067296,50.0
1067312,25.0
1067360,32.0
1067376,28.0
1067440,52.0
1067568,17.0
1067600,41.0
1067616,84.0
1067664,60.0
1067760,98.0
1067808,28.0
1067808,35.0
1067824,83.0
1067920,34.0
1067936,67.0
1067952,22.0
1067968,62.0
1067984,59.0
1068064,47.0
1068176,56.0
1068192,36.0
1068304,34.0
1068416,53.0
1068432,38.0
1068464,64.0
1068528,36.0
1068576,24.0
1068592,41.0
1068752,52.0
1068768,97.0
1068848,49.0
1068896,57.0
1068944,71.0
1068960,72.0
1068992,64.0
1069040,39.0
1069072,88.0
1069104,33.0
1069120,59.0
1069136,52.0
1069168,36.0
1069248,25.0
1069248,49.0
1069344,51.0
1069376,38.0
1069584,40.0
1069600,53.0
1069648,41.0
1069648,76.0
1069744,38.0
1069856,49.0
1069856,56.0
1069952,38.0
1069952,44.0
1069968,37.0
1069984,59.0
1070080,57.0
1070080,74.0
1070096,61.0
1070144,65.0
1070352,48.0
1070368,32.0
1070480,52.0
1070528,80.0
1070528,55.0
1070592,46.0
1070656,66.0
1070688,44.0
1070720,39.0
1070816,67.0
1070816,46.0
1070832,30.0
1070832,54.0
1070880,25.0
1070896,47.0
1070944,36.0
1070960,27.0
1070976,64.0
1071152,67.0
1071216,31.0
1071296,84.0
1071296,38.0
1071312,45.0
1071360,33.0
1071360,44.0
1071376,27.0
1071456,39.0
1071552,64.0
1071568,42.0
1071600,39.0
1071632,42.0
1071744,58.0
1071824,63.0
1071856,44.0
1071920,38.0
1071984,39.0
1072032,72.0
1072032,51.0
1072144,53.0
1072160,50.0
1072192,35.0
1072192,51.0
1072208,40.0
1072224,23.0
1072272,61.0
1072304,53.0
1072320,36.0
1072496,32.0
1072576,23.0
1072720,73.0
1072720,50.0
1072768,39.0
1072848,51.0
1072848,41.0
1072864,44.0
1072880,24.0
1072912,43.0
1072944,23.0
1072992,60.0
1073024,75.0
1073088,51.0
1073168,98.0
1073232,58.0
1073280,35.0
1073408,26.0
1073456,43.0
1073520,40.0
1073632,57.0
1073648,50.0
1073696,53.0
1073712,87.0
1073776,99.0
1073824,34.0
1073920,43.0
1073920,29.0
1073936,62.0
1074000,61.0
1074048,71.0
1074064,61.0
1074064,34.0
1074192,83.0
1074288,23.0
1074384,28.0
1074416,40.0
1074432,46.0
1074576,24.0
1074592,89.0
1074608,49.0
1074624,62.0
1074640,58.0
1074704,44.0
1074832,34.0
1074928,80.0
1075040,25.0
1075072,43.0
1075072,63.0
1075104,42.0
1075120,67.0
1075200,36.0
1075200,23.0
1075232,82.0
1075328,120.0
1075360,41.0
1075408,51.0
1075456,24.0
1075472,88.0
1075568,28.0
1075584,30.0
1075600,23.0
1075632,44.0
1075648,38.0
1075696,80.0
1075728,23.0
1075808,25.0
1075856,78.0
1075936,54.0
1075936,38.0
1075952,31.0
1075984,49.0
1076032,25.0
1076112,96.0
1076192,62.0
1076208,35.0
1076240,27.0
1076320,29.0
1076336,38.0
1076352,55.0
1076368,49.0
1076416,51.0
1076512,36.0
1076560,62.0
1076560,33.0
1076640,28.0
1076640,44.0
1076656,28.0
1076672,45.0
1076768,67.0
1076800,43.0
1076912,25.0
1076960,37.0
1076992,47.0
1077056,46.0
1077136,23.0
1077152,50.0
1077152,31.0
1077152,30.0
1077184,48.0
1077248,21.0
1077280,81.0
1077392,15.0
1077392,47.0
1077440,55.0
1077456,56.0
1077568,27.0
1077568,26.0
1077680,39.0
1077696,32.0
1077712,67.0
1077712,45.0
1077728,87.0
1077808,53.0
1077952,72.0
1078016,39.0
1078032,37.0
1078080,58.0
1078224,61.0
1078224,52.0
1078240,33.0
1078240,14.0
1078288,45.0
1078304,17.0
1078320,23.0
1078320,38.0
1078544,61.0
1078576,21.0
1078640,59.0
1078768,65.0
1078784,29.0
1078800,62.0
1078912,39.0
1078960,26.0
1078992,47.0
1079024,50.0
1079088,54.0
1079136,116.0
1079184,25.0
1079200,56.0
1079264,39.0
1079296,76.0
1079312,34.0
1079328,47.0
1079344,27.0
1079504,74.0
1079520,33.0
1079568,38.0
1079584,49.0
1079696,38.0
1079760,36.0
1079792,132.0
1079808,32.0
1079824,148.0
1079824,39.0
1079824,43.0
1079920,41.0
1079952,40.0
1079968,39.0
1080000,30.0
1080080,66.0
1080096,48.0
1080272,48.0
1080320,33.0
1080320,31.0
1080368,28.0
1080368,34.0
1080432,46.0
1080432,42.0
1080480,56.0
1080480,32.0
1080544,46.0
1080544,37.0
1080608,33.0
1080704,44.0
1080736,57.0
1080864,81.0
1080864,27.0
1080912,23.0
1080928,35.0
1080976,27.0
1081024,47.0
1081024,26.0
1081056,36.0
1081072,23.0
1081072,61.0
1081104,39.0
1081120,43.0
1081152,52.0
1081168,50.0
1081328,63.0
1081440,36.0
1081472,38.0
1081472,46.0
1081536,27.0
1081552,33.0
1081584,26.0
1081600,30.0
1081616,37.0
1081744,43.0
1081824,56.0
1081872,60.0
1081952,39.0
1081952,61.0
1082016,59.0
1082032,60.0
1082048,32.0
1082080,40.0
1082144,62.0
1082240,26.0
1082288,46.0
1082320,44.0
1082384,57.0
1082400,58.0
1082432,43.0
1082512,35.0
1082512,30.0
1082736,26.0
1082784,57.0
1082896,53.0
1082896,51.0
1082896,38.0
1082944,50.0
1082976,64.0
1083056,65.0
1083072,40.0
1083184,100.0
1083280,65.0
1083280,56.0
1083504,69.0
1083584,67.0
1083584,53.0
1083600,39.0
1083616,45.0
1083616,45.0
1083648,128.0
1083712,40.0
1083776,52.0
1083808,39.0
1083856,67.0
1083856,60.0
1083856,36.0
1084128,32.0
1084128,53.0
1084400,37.0
1084464,55.0
1084464,60.0
1084464,53.0
1084544,127.0
1084544,48.0
1084560,53.0
1084656,33.0
1084672,64.0
1084688,52.0
1084704,69.0
1084752,39.0
1084752,56.0
1084864,80.0
1084880,13.0
1084960,69.0
1085056,125.0
1085072,42.0
1085088,34.0
1085232,30.0
1085280,36.0
1085328,49.0
1085424,42.0
1085424,23.0
1085424,54.0
1085440,49.0
1085472,63.0
1085536,67.0
1085600,57.0
1085648,48.0
1085648,49.0
1085680,76.0
1085712,39.0
1085824,54.0
1085872,34.0
1085888,26.0
1085936,32.0
1085936,54.0
1086080,53.0
1086128,53.0
1086160,32.0
1086176,31.0
1086192,37.0
1086256,34.0
1086304,54.0
1086352,33.0
1086368,59.0
1086432,63.0
1086432,56.0
1086496,53.0
1086544,22.0
1086576,43.0
1086656,49.0
1086752,37.0
1086800,27.0
1086848,48.0
1086896,25.0
1086976,34.0
1086992,46.0
1087008,52.0
1087024,23.0
1087024,68.0
1087168,39.0
1087168,65.0
1087200,48.0
1087312,60.0
1087328,64.0
1087408,92.0
1087408,52.0
1087552,50.0
1087552,41.0
1087584,49.0
1087584,38.0
1087664,42.0
1087664,51.0
1087696,24.0
1087744,45.0
1087920,56.0
1087968,50.0
1087968,26.0
1087984,36.0
1088032,23.0
1088096,68.0
1088112,33.0
1088144,46.0
1088224,33.0
1088256,68.0
1088288,60.0
1088320,48.0
1088368,21.0
1088448,49.0
1088528,24.0
1088576,37.0
1088624,55.0
1088784,54.0
1088928,108.0
1088976,41.0
1088992,55.0
1089040,67.0
1089120,72.0
1089168,37.0
1089248,55.0
1089328,55.0
1089376,72.0
1089408,49.0
1089408,23.0
1089424,56.0
1089424,71.0
1089488,87.0
1089520,34.0
1089600,51.0
1089648,87.0
1089728,46.0
1089760,27.0
1089792,34.0
1089808,25.0
1089856,58.0
1089904,31.0
1089904,46.0
1089920,34.0
1089936,147.0
1089968,34.0
1090048,35.0
1090192,67.0
1090224,27.0
1090224,50.0
1090256,22.0
1090304,34.0
1090336,27.0
1090352,24.0
1090448,58.0
1090576,61.0
1090576,48.0
1090608,47.0
1090624,27.0
1090640,45.0
1090640,62.0
1090656,58.0
1090688,47.0
1090896,20.0
1090912,38.0
1090928,30.0
1090944,45.0
1091056,23.0
1091056,52.0
1091056,63.0
1091328,43.0
1091328,47.0
1091344,46.0
1091424,31.0
1091424,23.0
1091440,69.0
1091504,78.0
1091520,73.0
1091664,38.0
1091696,67.0
1091728,49.0
1091776,71.0
1091792,46.0
1091808,72.0
1091824,30.0
1091872,60.0
1091888,35.0
1091984,68.0
1092032,38.0
1092112,49.0
1092112,37.0
1092128,43.0
1092176,28.0
1092192,48.0
1092208,24.0
1092304,50.0
1092352,35.0
1092352,41.0
1092416,33.0
1092448,49.0
1092528,47.0
1092528,25.0
1092592,49.0
1092624,32.0
1092656,39.0
1092688,24.0
1092800,22.0
1092832,39.0
1092896,34.0
1092944,47.0
1092960,53.0
1092992,40.0
1093040,26.0
1093072,68.0
1093088,35.0
1093136,79.0
1093184,37.0
1093200,25.0
1093328,50.0
1093376,43.0
1093408,36.0
1093424,78.0
1093504,34.0
1093504,27.0
1093552,41.0
1093568,39.0
1093648,38.0
1093664,78.0
1093744,23.0
1093792,24.0
1093824,43.0
1093904,36.0
1093936,17.0
1094032,52.0
1094144,36.0
1094160,61.0
1094160,46.0
1094192,75.0
1094208,41.0
1094208,44.0
1094240,31.0
1094336,78.0
1094368,45.0
1094384,55.0
1094576,42.0
1094576,40.0
1094624,24.0
1094656,54.0
1094688,34.0
1094752,34.0
1094912,34.0
1094928,45.0
1094960,39.0
1095072,55.0
1095152,62.0
1095200,39.0
1095216,35.0
1095216,52.0
1095248,68.0
1095264,77.0
1095312,35.0
1095312,93.0
1095568,182.0
1095616,25.0
1095632,42.0
1095648,60.0
1095696,48.0
1095696,39.0
1095856,59.0
1095888,39.0
1095904,83.0
1095904,47.0
1095936,45.0
1096016,24.0
1096080,55.0
1096096,49.0
1096096,92.0
1096096,53.0
1096160,29.0
1096272,41.0
1096336,27.0
1096416,25.0
1096416,30.0
1096416,45.0
1096464,35.0
1096496,40.0
1096512,54.0
1096640,35.0
1096736,53.0
1096784,43.0
1096832,31.0
1096928,27.0
1097024,47.0
1097040,25.0
1097040,59.0
1097056,40.0
1097072,41.0
1097152,46.0
1097200,118.0
1097200,23.0
1097232,28.0
1097392,23.0
1097408,56.0
1097424,60.0
1097456,118.0
1097456,26.0
1097520,29.0
1097536,86.0
1097568,52.0
1097696,41.0
1097712,101.0
1097760,35.0
1097776,34.0
1097792,24.0
1097792,37.0
1097920,22.0
1097984,57.0
1098016,54.0
1098096,73.0
1098112,37.0
1098128,26.0
1098176,47.0
1098320,54.0
1098384,37.0
1098400,44.0
1098400,26.0
1098464,67.0
1098496,30.0
1098656,55.0
1098656,56.0
1098720,50.0
1098720,38.0
1098784,83.0
1098800,63.0
1098848,22.0
1098944,53.0
1098992,91.0
1099056,37.0
1099120,29.0
1099168,62.0
1099264,34.0
1099392,62.0
1099408,68.0
1099424,36.0
1099456,66.0
1099472,51.0
1099504,70.0
1099600,41.0
1099600,50.0
1099632,53.0
1099632,32.0
1099696,12.0
1099792,50.0
1099856,108.0
1099904,30.0
1099968,23.0
1100000,37.0
1100128,60.0
1100144,43.0
1100192,50.0
1100208,46.0
1100224,27.0
1100320,39.0
1100336,23.0
1100400,84.0
1100480,53.0
1100608,61.0
1100688,89.0
1100704,124.0
1100704,31.0
1100720,70.0
1100752,47.0
1100848,59.0
1100848,45.0
1100928,46.0
1101040,74.0
1101152,28.0
1101184,53.0
1101184,44.0
1101232,32.0
1101232,39.0
1101296,28.0
1101328,58.0
1101344,40.0
1101392,44.0
1101648,45.0
1101664,51.0
1101728,88.0
1101792,98.0
1101824,31.0
1101840,50.0
1101872,40.0
1101888,109.0
1101904,42.0
1101920,36.0
1101984,37.0
1102048,24.0
1102064,55.0
1102064,48.0
1102128,61.0
1102240,22.0
1102240,66.0
1102304,97.0
1102320,42.0
1102320,28.0
1102400,42.0
1102416,39.0
1102528,43.0
1102624,24.0
1102624,35.0
1102656,33.0
1102784,24.0
1102784,50.0
1102848,38.0
1102896,53.0
1102896,36.0
1103040,61.0
1103056,77.0
1103056,47.0
1103104,75.0
1103200,55.0
1103216,27.0
1103296,28.0
1103328,50.0
1103344,28.0
1103360,46.0
1103424,48.0
1103440,24.0
1103504,68.0
1103552,102.0
1103616,52.0
1103632,37.0
1103728,42.0
1103760,71.0
1103776,35.0
1103824,39.0
1103920,36.0
1103936,65.0
1104016,45.0
1104032,58.0
1104208,36.0
1104240,39.0
1104288,35.0
1104352,58.0
1104384,39.0
1104432,55.0
1104448,59.0
1104480,44.0
1104480,35.0
1104496,42.0
1104528,73.0
1104560,70.0
1104576,78.0
1104640,39.0
1104736,24.0
1104784,47.0
1104816,24.0
1104960,64.0
1105024,51.0
1105072,34.0
1105120,55.0
1105168,37.0
1105200,35.0
1105216,46.0
1105264,51.0
1105296,30.0
1105312,33.0
1105312,58.0
1105328,52.0
1105360,25.0
1105376,56.0
1105392,52.0
1105488,47.0
1105536,78.0
1105760,40.0
1105760,34.0
1105856,37.0
1105888,35.0
1105904,52.0
1105920,38.0
1105936,57.0
1105936,40.0
1106016,41.0
1106016,53.0
1106080,34.0
1106112,50.0
1106256,31.0
1106272,67.0
1106288,27.0
1106304,23.0
1106368,55.0
1106432,42.0
1106432,33.0
1106432,34.0
1106512,70.0
1106544,39.0
1106608,37.0
1106720,49.0
1106784,42.0
1106800,45.0
1106832,25.0
1106896,38.0
1106912,56.0
1106944,40.0
1107008,102.0
1107008,47.0
1107040,48.0
1107120,43.0
1107136,26.0
1107200,37.0
1107264,52.0
1107328,51.0
1107328,60.0
1107344,34.0
1107424,37.0
1107440,25.0
1107504,24.0
1107712,50.0
1107776,55.0
1107840,52.0
1107840,31.0
1107936,58.0
1107952,51.0
1107968,48.0
1108000,76.0
1108032,38.0
1108096,41.0
1108128,50.0
1108144,100.0
1108192,78.0
1108224,60.0
1108288,28.0
1108320,51.0
1108368,37.0
1108384,28.0
1108512,35.0
1108576,30.0
1108576,24.0
1108608,38.0
1108640,31.0
1108752,39.0
1108816,61.0
1108864,34.0
1108928,34.0
1108944,61.0
1108992,39.0
1109232,41.0
1109312,31.0
1109328,51.0
1109360,45.0
1109376,84.0
1109488,57.0
1109536,78.0
1109536,58.0
1109600,38.0
1109616,143.0
1109664,45.0
1109728,26.0
1109744,62.0
1109776,97.0
1109984,70.0
1110032,69.0
1110064,147.0
1110080,30.0
1110096,54.0
1110176,28.0
1110208,52.0
1110272,46.0
1110304,48.0
1110304,61.0
1110336,53.0
1110352,43.0
1110416,66.0
1110480,24.0
1110512,33.0
1110624,35.0
1110656,22.0
1110656,39.0
1110672,37.0
1110704,18.0
1110704,58.0
1110768,26.0
1110880,36.0
1110912,25.0
1110928,74.0
1111056,55.0
1111216,46.0
1111216,100.0
1111232,60.0
1111280,38.0
1111296,42.0
1111312,41.0
1111456,47.0
1111504,81.0
1111504,36.0
1111632,81.0
1111728,14.0
1111728,51.0
1111760,69.0
1111776,63.0
1111776,67.0
1111824,48.0
1111840,39.0
1111904,28.0
1111952,46.0
1112000,43.0
1112032,33.0
1112224,58.0
1112272,65.0
1112272,40.0
1112288,32.0
1112304,64.0
1112368,34.0
1112384,39.0
1112400,31.0
1112416,36.0
1112448,45.0
1112464,46.0
1112464,32.0
1112592,107.0
1112624,53.0
1112688,24.0
1112768,23.0
1112848,27.0
1112896,39.0
1112928,41.0
1113008,34.0
1113040,28.0
1113056,64.0
1113088,39.0
1113136,32.0
1113184,74.0
1113264,51.0
1113376,63.0
1113440,42.0
1113472,68.0
1113504,80.0
1113520,42.0
1113568,42.0
1113568,55.0
1113584,36.0
1113632,36.0
1113680,26.0
1113712,49.0
1113712,89.0
1113728,37.0
1113856,48.0
1113888,53.0
1113904,33.0
1113984,29.0
1114160,28.0
1114192,47.0
1114208,44.0
1114240,48.0
1114272,68.0
1114288,45.0
1114368,41.0
1114384,47.0
1114384,31.0
1114384,50.0
1114416,11.0
1114464,30.0
1114480,50.0
1114480,20.0
1114496,58.0
1114608,55.0
1114672,48.0
1114736,23.0
1114800,24.0
1114912,66.0
1114960,36.0
1114976,32.0
1115056,36.0
1115216,63.0
1115296,57.0
1115360,55.0
1115376,62.0
1115392,56.0
1115408,50.0
1115424,43.0
1115472,80.0
1115536,35.0
1115536,54.0
1115568,38.0
1115616,84.0
1115744,43.0
1115776,26.0
1115792,62.0
1115808,95.0
1115840,28.0
1115920,39.0
1115936,64.0
1116000,37.0
1116128,24.0
1116288,45.0
1116336,57.0
1116336,35.0
1116352,46.0
1116352,27.0
1116368,72.0
1116368,36.0
1116448,38.0
1116496,60.0
1116512,71.0
1116512,61.0
1116544,38.0
1116672,42.0
1116688,22.0
1116768,27.0
1116784,61.0
1116832,85.0
1116896,28.0
1116960,52.0
1117072,49.0
1117200,41.0
1117296,59.0
1117296,59.0
1117328,35.0
1117392,64.0
1117456,68.0
1117536,53.0
1117600,48.0
1117680,45.0
1117712,51.0
1117760,35.0
1117776,69.0
1117856,84.0
1117856,35.0
1117968,92.0
1117968,91.0
1118000,25.0
1118048,37.0
1118064,80.0
1118112,22.0
1118128,28.0
1118144,53.0
1118320,62.0
1118336,50.0
1118400,27.0
1118432,85.0
1118448,37.0
1118448,20.0
1118496,33.0
1118528,51.0
1118656,38.0
1118688,52.0
1118704,37.0
1118800,25.0
1118800,29.0
1118864,54.0
1118960,56.0
1119024,44.0
1119024,36.0
1119088,82.0
1119200,47.0
1119232,115.0
1119248,69.0
1119264,48.0
1119296,48.0
1119296,40.0
1119616,57.0
1119632,52.0
1119632,48.0
1119648,25.0
1119648,43.0
1119664,40.0
1119808,38.0
1119808,70.0
1119872,49.0
1119936,57.0
1119952,45.0
1119952,41.0
1120000,46.0
1120048,101.0
1120048,47.0
1120144,12.0
1120192,24.0
1120256,38.0
1120288,41.0
1120352,46.0
1120368,44.0
1120464,41.0
1120480,34.0
1120496,54.0
1120496,53.0
1120528,36.0
1120656,38.0
1120672,20.0
1120752,55.0
1120784,46.0
1120816,51.0
1120848,128.0
1120864,36.0
1120912,26.0
1120992,50.0
1121008,40.0
1121104,60.0
1121152,41.0
1121152,56.0
1121168,32.0
1121248,48.0
1121280,47.0
1121296,39.0
1121344,33.0
1121424,36.0
1121424,35.0
1121456,28.0
1121504,37.0
1121536,67.0
1121632,53.0
1121632,40.0
1121712,60.0
1121760,38.0
1121760,30.0
1121792,18.0
1121840,37.0
1121936,49.0
1121984,55.0
1122048,47.0
1122080,57.0
1122144,50.0
1122176,40.0
1122224,29.0
1122240,51.0
1122288,31.0
1122304,29.0
1122336,44.0
1122336,57.0
1122416,49.0
1122432,31.0
1122464,44.0
1122576,54.0
1122576,27.0
1122608,33.0
1122688,24.0
1122704,45.0
1122800,39.0
1122816,22.0
1122880,89.0
1122912,31.0
1122944,41.0
1122944,38.0
1122960,39.0
1122992,48.0
1123040,29.0
1123088,24.0
1123328,40.0
1123360,26.0
1123408,50.0
1123440,54.0
1123456,64.0
1123552,40.0
1123552,42.0
1123568,83.0
1123664,54.0
1123680,43.0
1123680,46.0
1123872,34.0
1123888,58.0
1123952,57.0
1123968,38.0
1123968,120.0
1124096,43.0
1124144,44.0
1124144,66.0
1124176,85.0
1124192,39.0
1124256,50.0
1124256,44.0
1124336,49.0
1124368,25.0
1124384,32.0
1124592,28.0
1124704,65.0
1124704,32.0
1124704,64.0
1124784,69.0
1124784,28.0
1124784,33.0
1124800,41.0
1124832,54.0
1124832,46.0
1124880,58.0
1124880,62.0
1124896,33.0
1124976,45.0
1125040,41.0
1125136,60.0
1125216,24.0
1125312,45.0
1125424,45.0
1125424,40.0
1125472,42.0
1125488,49.0
1125504,33.0
1125520,51.0
1125536,41.0
1125552,42.0
1125696,50.0
1125792,36.0
1125792,41.0
1125824,62.0
1125904,24.0
1125936,56.0
1125952,73.0
1125984,27.0
1126080,24.0
1126096,35.0
1126160,53.0
1126192,43.0
1126256,29.0
1126336,53.0
1126352,98.0
1126352,58.0
1126448,32.0
1126480,66.0
1126480,31.0
1126544,47.0
1126784,55.0
1126880,66.0
1126912,35.0
1126976,64.0
1126992,56.0
1126992,34.0
1127040,49.0
1127152,42.0
1127168,39.0
1127200,63.0
1127200,53.0
1127232,56.0
1127360,118.0
1127440,28.0
1127472,43.0
1127488,83.0
1127488,88.0
1127504,64.0
1127584,22.0
1127616,44.0
1127776,39.0
1127808,38.0
1127824,53.0
1127840,30.0
1128000,32.0
1128032,72.0
1128080,68.0
1128176,46.0
1128176,44.0
1128192,36.0
1128240,47.0
1128256,26.0
1128320,80.0
1128352,74.0
1128416,57.0
1128448,40.0
1128480,25.0
1128512,82.0
1128624,65.0
1128768,46.0
1128800,30.0
1128816,40.0
1128832,63.0
1128896,56.0
1128912,71.0
1128928,47.0
1128960,38.0
1129008,37.0
1129184,35.0
1129200,45.0
1129216,60.0
1129264,67.0
1129456,28.0
1129456,63.0
1129504,46.0
1129552,45.0
1129568,66.0
1129616,41.0
1129664,54.0
1129792,36.0
1129872,43.0
1129888,60.0
1129888,62.0
1130032,48.0
1130128,118.0
1130176,32.0
1130192,40.0
1130224,48.0
1130272,91.0
1130272,41.0
1130272,44.0
1130320,51.0
1130336,34.0
1130464,36.0
1130464,97.0
1130496,65.0
1130544,42.0
1130656,27.0
1130720,95.0
1130736,26.0
1130752,54.0
1130816,34.0
1130832,41.0
1130832,50.0
1130848,32.0
1130896,39.0
1131040,57.0
1131056,32.0
1131136,20.0
1131168,44.0
1131248,25.0
1131280,28.0
1131328,66.0
1131344,55.0
1131392,42.0
1131440,59.0
1131472,27.0
1131488,27.0
1131552,50.0
1131600,44.0
1131680,53.0
1131776,70.0
1131792,22.0
1131792,32.0
1131856,32.0
1131920,74.0
1131952,29.0
1131968,45.0
1132032,54.0
1132032,56.0
1132128,21.0
1132176,39.0
1132176,49.0
1132320,133.0
1132352,42.0
1132368,56.0
1132384,33.0
1132416,51.0
1132544,32.0
1132576,78.0
1132672,45.0
1132672,22.0
1132768,40.0
1132800,63.0
1132832,57.0
1132880,57.0
1132960,37.0
1133008,21.0
1133024,62.0
1133072,81.0
1133136,49.0
1133152,48.0
1133280,69.0
1133296,70.0
1133344,58.0
1133360,13.0
1133408,52.0
1133552,34.0
1133584,35.0
1133744,67.0
1133760,39.0
1133776,27.0
1133888,58.0
1133904,64.0
1133936,40.0
1133952,23.0
1134000,91.0
1134000,40.0
1134032,75.0
1134096,83.0
1134144,84.0
1134304,64.0
1134336,58.0
1134368,27.0
1134384,31.0
1134528,39.0
1134608,66.0
1134656,55.0
1134688,101.0
1134736,49.0
1134752,62.0
1134752,38.0
1134784,28.0
1134800,44.0
1134896,56.0
1134944,57.0
1134960,41.0
1134976,61.0
1134992,39.0
1135008,79.0
1135216,43.0
1135280,18.0
1135344,37.0
1135360,39.0
1135440,66.0
1135456,42.0
1135568,42.0
1135584,52.0
1135584,58.0
1135584,49.0
1135600,41.0
1135600,62.0
1135616,41.0
1135680,21.0
1135696,45.0
1135712,22.0
1135792,49.0
1135824,24.0
1135856,40.0
1135936,22.0
1136000,34.0
1136144,34.0
1136160,36.0
1136192,38.0
1136192,37.0
1136208,37.0
1136240,42.0
1136256,98.0
1136256,34.0
1136384,69.0
1136448,47.0
1136464,20.0
1136608,58.0
1136688,47.0
1136752,56.0
1136832,40.0
1136976,46.0
1136976,72.0
1136976,51.0
1137008,47.0
1137040,52.0
1137056,50.0
1137200,51.0
1137200,75.0
1137232,90.0
1137264,67.0
1137280,37.0
1137296,34.0
1137312,21.0
1137360,24.0
1137392,58.0
1137456,30.0
1137552,45.0
1137568,70.0
1137584,61.0
1137632,39.0
1137792,33.0
1137792,46.0
1137808,38.0
1137808,31.0
1137840,38.0
1137968,58.0
1137984,44.0
1138032,40.0
1138080,39.0
1138096,50.0
1138128,48.0
1138320,33.0
1138384,52.0
1138512,45.0
1138544,61.0
1138576,34.0
1138576,38.0
1138608,48.0
1138640,41.0
1138672,54.0
1138672,37.0
1138672,36.0
1139008,75.0
1139008,43.0
1139056,42.0
1139056,58.0
1139088,91.0
1139104,27.0
1139120,96.0
1139120,28.0
1139136,35.0
1139136,121.0
1139168,35.0
1139280,46.0
1139360,49.0
1139392,55.0
1139600,30.0
1139632,31.0
1139664,62.0
1139792,39.0
1139792,44.0
1139824,74.0
1139824,51.0
1139888,47.0
1139984,55.0
1140016,46.0
1140016,56.0
1140032,61.0
1140064,63.0
1140112,28.0
1140176,49.0
1140224,25.0
1140368,85.0
1140368,63.0
1140432,38.0
1140464,42.0
1140512,45.0
1140560,34.0
1140656,39.0
1140672,41.0
1140704,45.0
1140832,45.0
1140848,26.0
1140864,77.0
1140912,82.0
1140928,65.0
1140976,38.0
1141008,21.0
1141072,38.0
1141088,57.0
1141184,60.0
1141200,52.0
1141296,20.0
1141312,30.0
1141392,33.0
1141424,26.0
1141456,87.0
1141456,24.0
1141488,52.0
1141504,37.0
1141536,43.0
1141536,52.0
1141568,24.0
1141664,72.0
1141808,45.0
1141840,24.0
1141968,48.0
1142016,44.0
1142080,95.0
1142128,39.0
1142144,43.0
1142160,48.0
1142192,56.0
1142240,42.0
1142240,44.0
1142320,49.0
1142336,88.0
1142336,57.0
1142352,43.0
1142384,36.0
1142496,41.0
1142576,26.0
1142576,38.0
1142624,30.0
1142640,35.0
1142672,22.0
1142704,23.0
1142736,24.0
1142864,53.0
1142912,45.0
1143072,59.0
1143152,57.0
1143152,26.0
1143184,34.0
1143232,62.0
1143264,37.0
1143280,59.0
1143344,40.0
1143376,62.0
1143408,120.0
1143456,52.0
1143520,64.0
1143568,62.0
1143568,62.0
1143744,32.0
1143744,30.0
1143776,37.0
1143856,62.0
1143920,48.0
1143952,42.0
1143968,56.0
1143968,39.0
1144128,24.0
1144128,42.0
1144176,79.0
1144240,42.0
1144256,43.0
1144256,32.0
1144304,56.0
1144336,60.0
1144400,27.0
1144448,42.0
1144480,60.0
1144480,39.0
1144640,42.0
1144720,37.0
1144752,31.0
1144768,53.0
1144768,37.0
1144896,26.0
1144928,61.0
1145040,118.0
1145056,38.0
1145088,23.0
1145104,54.0
1145136,63.0
1145232,29.0
1145264,54.0
1145264,31.0
1145408,67.0
1145424,31.0
1145536,80.0
1145552,41.0
1145568,51.0
1145584,59.0
1145616,22.0
1145664,74.0
1145664,85.0
1145680,28.0
1145712,41.0
1145872,48.0
1145968,24.0
1146016,38.0
1146016,61.0
1146064,58.0
1146080,51.0
1146096,34.0
1146112,43.0
1146416,44.0
1146432,48.0
1146496,52.0
1146528,60.0
1146560,64.0
1146592,61.0
1146624,38.0
1146656,37.0
1146672,44.0
1146688,63.0
1146784,42.0
1146864,62.0
1146928,31.0
1147008,37.0
1147104,32.0
1147120,37.0
1147136,70.0
1147232,38.0
1147264,48.0
1147296,138.0
1147312,39.0
1147392,82.0
1147440,41.0
1147472,57.0
1147520,54.0
1147552,34.0
1147584,57.0
1147600,30.0
1147600,29.0
1147664,35.0
1147760,56.0
1147760,28.0
1147760,52.0
1147904,38.0
1147968,117.0
1148048,33.0
1148080,38.0
1148112,22.0
1148128,46.0
1148176,57.0
1148208,38.0
1148240,36.0
1148272,32.0
1148288,53.0
1148304,47.0
1148352,37.0
1148480,22.0
1148560,83.0
1148640,25.0
1148656,67.0
1148832,35.0
1148880,37.0
1148928,53.0
1148960,30.0
1148976,86.0
1148992,43.0
1149024,57.0
1149152,78.0
1149296,59.0
1149328,70.0
1149344,44.0
1149344,81.0
1149424,54.0
1149488,33.0
1149584,88.0
1149616,43.0
1149648,41.0
1149680,50.0
1149744,57.0
1149744,111.0
1149792,71.0
1149808,52.0
1149872,24.0
1149904,55.0
1149936,40.0
1150016,43.0
1150032,55.0
1150160,34.0
1150160,51.0
1150320,61.0
1150336,33.0
1150416,52.0
1150432,63.0
1150464,28.0
1150496,53.0
1150512,52.0
1150560,48.0
1150560,25.0
1150592,53.0
1150640,46.0
1150848,57.0
1150912,30.0
1151024,43.0
1151072,38.0
1151088,42.0
1151104,77.0
1151152,88.0
1151168,41.0
1151168,71.0
1151200,40.0
1151216,41.0
1151248,68.0
1151280,40.0
1151296,61.0
1151360,48.0
1151504,30.0
1151504,41.0
1151648,30.0
1151648,27.0
1151696,39.0
1151856,59.0
1151872,86.0
1151904,47.0
1151904,41.0
1151968,50.0
1152032,47.0
1152096,62.0
1152096,50.0
1152096,56.0
1152128,48.0
1152208,35.0
1152288,27.0
1152304,50.0
1152352,79.0
1152480,61.0
1152512,40.0
1152512,54.0
1152544,21.0
1152608,32.0
1152624,33.0
1152672,61.0
1152672,36.0
1152704,26.0
1152768,40.0
1152784,47.0
1152848,55.0
1152944,65.0
1152944,40.0
1152960,28.0
1152976,39.0
1153008,69.0
1153168,31.0
1153248,44.0
1153344,54.0
1153424,57.0
1153440,31.0
1153440,48.0
1153456,38.0
1153504,45.0
1153536,48.0
1153568,37.0
1153584,61.0
1153776,67.0
1153792,52.0
1153824,75.0
1153840,56.0
1153872,39.0
1153968,34.0
1153968,39.0
1154032,37.0
1154096,40.0
1154128,37.0
1154144,71.0
1154176,42.0
1154352,49.0
1154400,60.0
1154432,53.0
1154560,48.0
1154560,49.0
1154608,40.0
1154752,99.0
1154768,42.0
1154768,23.0
1154816,62.0
1154848,44.0
1154880,47.0
1154912,55.0
1154944,24.0
1155024,74.0
1155152,45.0
1155184,26.0
1155216,54.0
1155280,69.0
1155296,34.0
1155296,33.0
1155392,89.0
1155392,49.0
1155456,99.0
1155472,57.0
1155488,40.0
1155520,40.0
1155648,52.0
1155824,33.0
1155904,60.0
1155936,49.0
1155968,66.0
1155984,37.0
1156000,45.0
1156080,66.0
1156096,40.0
1156176,62.0
1156208,45.0
1156288,56.0
1156288,40.0
1156464,62.0
1156480,41.0
1156544,83.0
1156560,37.0
1156592,43.0
1156672,36.0
1156704,44.0
1156800,32.0
1156832,53.0
1156864,41.0
1156864,25.0
1156912,87.0
1156928,40.0
1156960,64.0
1156992,32.0
1157008,58.0
1157072,23.0
1157120,114.0
1157168,62.0
1157344,22.0
1157392,35.0
1157392,53.0
1157424,35.0
1157472,32.0
1157488,36.0
1157520,53.0
1157616,47.0
1157696,56.0
1157696,43.0
1157760,43.0
1157872,44.0
1157872,28.0
1157984,66.0
1158032,34.0
1158032,40.0
1158160,65.0
1158176,52.0
1158176,49.0
1158224,38.0
1158272,50.0
1158304,38.0
1158384,114.0
1158528,52.0
1158560,24.0
1158560,50.0
1158624,69.0
1158640,48.0
1158656,39.0
1158672,40.0
1158704,27.0
1158768,24.0
1158816,41.0
1158896,42.0
1158944,40.0
1159056,55.0
1159056,154.0
1159072,27.0
1159088,69.0
1159104,77.0
1159200,36.0
1159264,44.0
1159280,13.0
1159360,34.0
1159360,50.0
1159392,21.0
1159440,31.0
1159456,43.0
1159552,53.0
1159568,57.0
1159600,67.0
1159632,60.0
1159808,57.0
1159904,44.0
1159984,39.0
1160032,40.0
1160080,51.0
1160096,31.0
1160128,43.0
1160160,66.0
1160160,33.0
1160176,38.0
1160192,57.0
1160192,46.0
1160208,72.0
1160240,55.0
1160272,45.0
1160448,22.0
1160512,89.0
1160560,41.0
1160560,25.0
1160592,27.0
1160672,54.0
1160672,34.0
1160704,42.0
1160736,41.0
1160736,29.0
1160880,23.0
1160928,47.0
1160976,49.0
1161040,50.0
1161088,40.0
1161104,34.0
1161120,24.0
1161168,74.0
1161264,66.0
1161264,42.0
1161280,38.0
1161392,45.0
1161392,41.0
1161440,46.0
1161488,23.0
1161616,40.0
1161616,43.0
1161648,30.0
1161648,48.0
1161648,38.0
1161680,26.0
1161680,36.0
1161696,38.0
1161744,97.0
1161984,34.0
1162016,39.0
1162016,46.0
1162032,92.0
1162064,26.0
1162112,26.0
1162128,24.0
1162160,42.0
1162208,51.0
1162208,37.0
1162272,37.0
1162288,40.0
1162304,39.0
1162336,67.0
1162368,24.0
1162384,22.0
1162464,51.0
1162464,28.0
1162608,31.0
1162672,38.0
1162704,34.0
1162736,70.0
1162800,37.0
1162896,37.0
1162944,42.0
1163136,42.0
1163168,60.0
1163184,66.0
1163200,74.0
1163216,38.0
1163216,52.0
1163264,61.0
1163264,50.0
1163264,56.0
1163424,43.0
1163520,51.0
1163552,41.0
1163568,56.0
1163632,26.0
1163632,23.0
1163760,60.0
1163760,89.0
1163776,40.0
1163824,39.0
1163824,40.0
1163840,56.0
1164016,47.0
1164176,38.0
1164224,42.0
1164224,29.0
1164256,62.0
1164288,48.0
1164304,71.0
1164400,74.0
1164416,62.0
1164416,41.0
1164432,41.0
1164608,27.0
1164656,64.0
1164704,67.0
1164736,57.0
1164784,33.0
1164800,36.0
1164992,36.0
1165008,62.0
1165024,38.0
1165104,51.0
1165136,57.0
1165168,54.0
1165168,46.0
1165232,33.0
1165232,52.0
1165248,40.0
1165328,42.0
1165360,39.0
1165504,44.0
1165552,48.0
1165616,30.0
1165632,38.0
1165696,28.0
1165712,38.0
1165728,31.0
1165824,124.0
1165840,38.0
1165904,36.0
1165984,135.0
1166080,57.0
1166112,38.0
1166112,26.0
1166144,61.0
1166176,51.0
1166240,21.0
1166288,36.0
1166304,81.0
1166304,36.0
1166352,50.0
1166432,51.0
1166544,27.0
1166560,26.0
1166592,30.0
1166672,65.0
1166688,24.0
1166720,23.0
1166768,111.0
1166768,58.0
1166768,37.0
1166784,34.0
1166992,25.0
1167040,66.0
1167088,26.0
1167152,83.0
1167184,47.0
1167184,26.0
1167200,40.0
1167216,57.0
1167264,36.0
1167328,78.0
1167440,42.0
1167440,45.0
1167536,47.0
1167552,21.0
1167616,67.0
1167616,53.0
1167728,34.0
1167760,36.0
1167888,46.0
1167936,59.0
1167968,40.0
1167984,23.0
1168016,61.0
1168032,48.0
1168080,55.0
1168096,113.0
1168128,37.0
1168240,39.0
1168320,48.0
1168320,55.0
1168400,29.0
1168400,26.0
1168416,41.0
1168464,86.0
1168592,54.0
1168608,32.0
1168656,43.0
1168720,80.0
1168768,47.0
1168768,40.0
1168800,45.0
1168864,34.0
1168880,53.0
1169088,42.0
1169152,47.0
1169152,52.0
1169184,26.0
1169200,34.0
1169200,60.0
1169264,24.0
1169280,43.0
1169344,55.0
1169344,59.0
1169408,38.0
1169456,37.0
1169488,100.0
1169504,56.0
1169648,23.0
1169648,58.0
1169712,39.0
1169824,39.0
1169904,28.0
1169920,36.0
1169984,40.0
1170000,50.0
1170064,55.0
1170144,46.0
1170160,41.0
1170176,64.0
1170272,49.0
1170304,72.0
1170320,66.0
1170432,27.0
1170432,104.0
1170464,19.0
1170480,52.0
1170512,54.0
1170576,37.0
1170576,54.0
1170656,32.0
1170672,38.0
1170688,49.0
1170736,51.0
1170800,39.0
1170848,24.0
1170896,26.0
1170944,42.0
1170960,41.0
1171024,23.0
1171088,79.0
1171200,48.0
1171264,43.0
1171296,35.0
1171296,49.0
1171376,30.0
1171456,55.0
1171568,30.0
1171568,71.0
1171600,41.0
1171616,58.0
1171632,38.0
1171648,61.0
1171680,55.0
1171808,60.0
1171920,60.0
1171952,47.0
1171952,17.0
1171968,103.0
1172000,25.0
1172080,39.0
1172144,36.0
1172144,55.0
1172160,49.0
1172208,25.0
1172320,47.0
1172416,70.0
1172480,52.0
1172480,21.0
1172512,23.0
1172544,37.0
1172608,82.0
1172624,34.0
1172656,41.0
1172736,49.0
1172736,70.0
1172736,69.0
1172992,32.0
1172992,64.0
1173072,72.0
1173104,23.0
1173120,29.0
1173136,61.0
1173136,58.0
1173168,53.0
1173280,46.0
1173344,38.0
1173376,47.0
1173424,57.0
1173424,43.0
1173568,72.0
1173584,37.0
1173600,31.0
1173632,35.0
1173680,43.0
1173712,36.0
1173760,72.0
1173808,40.0
1173856,46.0
1173888,47.0
1173904,89.0
1173920,31.0
1173984,38.0
1174000,41.0
1174176,56.0
1174192,38.0
1174192,37.0
1174224,50.0
1174224,41.0
1174336,26.0
1174400,45.0
1174480,53.0
1174512,50.0
1174528,48.0
1174560,42.0
1174592,25.0
1174752,59.0
1174864,60.0
1174880,34.0
1174928,58.0
1175056,54.0
1175072,76.0
1175088,69.0
1175104,55.0
1175104,37.0
1175136,57.0
1175168,62.0
1175200,45.0
1175200,38.0
1175312,47.0
1175376,53.0
1175440,43.0
1175520,27.0
1175648,45.0
1175648,32.0
1175728,33.0
1175728,54.0
1175760,37.0
1175808,27.0
1175808,38.0
1175824,45.0
1175872,92.0
1175936,39.0
1175952,67.0
1175968,54.0
1176096,23.0
1176160,68.0
1176240,37.0
1176288,40.0
1176352,39.0
1176368,34.0
1176384,59.0
1176416,56.0
1176432,21.0
1176464,33.0
1176464,44.0
1176560,38.0
1176560,37.0
1176656,49.0
1176784,61.0
1176832,111.0
1177008,28.0
1177072,57.0
1177072,40.0
1177072,79.0
1177088,53.0
1177120,46.0
1177168,50.0
1177184,56.0
1177200,46.0
1177296,52.0
1177360,59.0
1177360,36.0
1177392,52.0
1177408,47.0
1177456,23.0
1177568,76.0
1177584,36.0
1177664,37.0
1177680,24.0
1177760,58.0
1177792,37.0
1177808,40.0
1177824,47.0
1177856,28.0
1177952,35.0
1178064,44.0
1178064,62.0
1178112,58.0
1178128,28.0
1178128,63.0
1178176,38.0
1178208,28.0
1178432,39.0
1178448,62.0
1178464,38.0
1178480,56.0
1178480,23.0
1178544,47.0
1178544,74.0
1178576,32.0
1178656,62.0
1178704,40.0
1178784,41.0
1178784,52.0
1178928,69.0
1179040,52.0
1179104,61.0
1179136,41.0
1179152,61.0
1179184,40.0
1179184,40.0
1179216,47.0
1179280,39.0
1179280,44.0
1179376,58.0
1179424,40.0
1179424,62.0
1179456,42.0
1179504,36.0
1179568,29.0
1179728,37.0
1179808,69.0
1179824,84.0
1179904,54.0
1179904,30.0
1179920,48.0
1180016,46.0
1180064,55.0
1180112,52.0
1180160,61.0
1180176,42.0
1180208,25.0
1180224,48.0
1180240,64.0
1180240,54.0
1180272,44.0
1180384,35.0
1180496,37.0
1180592,54.0
1180592,43.0
1180704,37.0
1180720,28.0
1180752,83.0
1180768,44.0
1180864,41.0
1180880,54.0
1180880,40.0
1180912,43.0
1181040,55.0
1181040,41.0
1181072,56.0
1181152,27.0
1181152,25.0
1181168,36.0
1181184,43.0
1181200,27.0
1181200,38.0
1181232,33.0
1181248,23.0
1181344,89.0
1181520,40.0
1181520,30.0
1181584,42.0
1181600,23.0
1181712,92.0
1181808,41.0
1181808,59.0
1181808,41.0
1181824,40.0
1181840,42.0
1181856,41.0
1181968,48.0
1182064,51.0
1182080,30.0
1182144,50.0
1182192,72.0
1182208,43.0
1182304,77.0
1182320,38.0
1182448,40.0
1182464,41.0
1182464,39.0
1182496,57.0
1182640,49.0
1182640,70.0
1182640,36.0
1182672,53.0
1182720,40.0
1182768,50.0
1182784,37.0
1182912,37.0
1183088,49.0
1183184,34.0
1183232,37.0
1183264,50.0
1183344,44.0
1183392,42.0
1183392,58.0
1183424,101.0
1183488,80.0
1183488,65.0
1183520,38.0
1183536,54.0
1183616,53.0
1183632,93.0
1183632,25.0
1183760,79.0
1183888,39.0
1183968,21.0
1184032,34.0
1184048,41.0
1184048,60.0
1184080,81.0
1184112,48.0
1184112,58.0
1184208,45.0
1184272,46.0
1184352,52.0
1184432,34.0
1184464,65.0
1184464,53.0
1184464,26.0
1184496,46.0
1184576,34.0
1184624,41.0
1184656,64.0
1184720,38.0
1184800,43.0
1184848,36.0
1184848,91.0
1184896,29.0
1185040,60.0
1185072,45.0
1185088,29.0
1185104,66.0
1185120,57.0
1185216,40.0
1185328,54.0
1185360,40.0
1185376,33.0
1185408,59.0
1185456,60.0
1185520,66.0
1185664,54.0
1185728,41.0
1185760,45.0
1185792,42.0
1185792,44.0
1185840,39.0
1185936,80.0
1185936,38.0
1185952,31.0
1185952,69.0
1185968,38.0
1186032,58.0
1186032,41.0
1186240,45.0
1186304,34.0
1186320,37.0
1186320,24.0
1186336,58.0
1186336,42.0
1186368,92.0
1186416,29.0
1186448,32.0
1186448,30.0
1186528,36.0
1186576,49.0
1186624,52.0
1186640,20.0
1186656,39.0
1186736,25.0
1186864,39.0
1186880,22.0
1186912,29.0
1186992,36.0
1187120,24.0
1187120,80.0
1187136,32.0
1187200,35.0
1187248,57.0
1187248,59.0
1187312,80.0
1187424,69.0
1187440,54.0
1187520,40.0
1187552,69.0
1187552,27.0
1187632,61.0
1187744,31.0
1187840,61.0
1187856,45.0
1187856,93.0
1187872,60.0
1188000,36.0
1188000,35.0
1188032,57.0
1188096,69.0
1188160,40.0
1188224,57.0
1188288,65.0
1188320,48.0
1188368,51.0
1188368,73.0
1188448,38.0
1188448,37.0
1188576,34.0
1188592,37.0
1188656,31.0
1188688,29.0
1188720,68.0
1188784,49.0
1188800,58.0
1188928,52.0
1188928,22.0
1188976,24.0
1188992,34.0
1189136,53.0
1189136,43.0
1189168,50.0
1189184,51.0
1189280,96.0
1189328,33.0
1189360,94.0
1189392,67.0
1189424,40.0
1189472,34.0
1189488,48.0
1189504,53.0
1189536,53.0
1189680,44.0
1189744,35.0
1189776,38.0
1189872,25.0
1189984,35.0
1189984,62.0
1189984,53.0
1190000,40.0
1190128,62.0
1190160,52.0
1190160,55.0
1190176,78.0
1190304,51.0
1190336,35.0
1190400,25.0
1190400,63.0
1190416,57.0
1190464,30.0
1190528,53.0
1190544,35.0
1190576,26.0
1190624,68.0
1190784,57.0
1190800,42.0
1190832,68.0
1190912,36.0
1190912,58.0
1190976,42.0
1190976,50.0
1191008,24.0
1191056,41.0
1191088,35.0
1191104,59.0
1191120,34.0
1191200,23.0
1191536,70.0
1191568,30.0
1191632,77.0
1191680,48.0
1191728,39.0
1191728,45.0
1191744,60.0
1191744,80.0
1191760,49.0
1191792,62.0
1191824,57.0
1191856,46.0
1191856,82.0
1192144,24.0
1192176,27.0
1192208,42.0
1192208,77.0
1192336,71.0
1192352,49.0
1192352,42.0
1192368,82.0
1192368,32.0
1192416,43.0
1192480,39.0
1192544,57.0
1192544,21.0
1192592,50.0
1192640,57.0
1192720,22.0
1192736,62.0
1192800,27.0
1192848,40.0
1192896,67.0
1192928,47.0
1193024,43.0
1193024,55.0
1193040,43.0
1193104,24.0
1193120,33.0
1193184,40.0
1193232,43.0
1193280,40.0
1193296,55.0
1193392,37.0
1193456,38.0
1193552,75.0
1193696,76.0
1193760,41.0
1193776,46.0
1193792,38.0
1193792,35.0
1193808,67.0
1193808,49.0
1193872,37.0
1193920,50.0
1193968,67.0
1194064,42.0
1194112,68.0
1194128,20.0
1194256,29.0
1194256,28.0
1194256,44.0
1194272,61.0
1194384,37.0
1194448,36.0
1194480,32.0
1194480,49.0
1194608,53.0
1194656,75.0
1194720,37.0
1194752,114.0
1194816,35.0
1194880,48.0
1194880,38.0
1195008,77.0
1195120,46.0
1195136,67.0
1195184,36.0
1195296,51.0
1195312,66.0
1195328,53.0
1195408,25.0
1195472,47.0
1195472,51.0
1195504,43.0
1195520,40.0
1195536,68.0
1195584,83.0
1195600,45.0
1195648,108.0
1195760,40.0
1195856,45.0
1195872,22.0
1195920,39.0
1196000,51.0
1196000,37.0
1196096,48.0
1196112,38.0
1196144,35.0
1196192,37.0
1196208,91.0
1196304,48.0
1196352,55.0
1196384,57.0
1196464,37.0
1196496,36.0
1196544,49.0
1196576,30.0
1196592,30.0
1196640,40.0
1196752,47.0
1196768,39.0
1196816,32.0
1196848,41.0
1196960,82.0
1196960,36.0
1196976,39.0
1197136,23.0
1197184,45.0
1197216,36.0
1197232,64.0
1197232,40.0
1197280,44.0
1197328,126.0
1197344,23.0
1197392,53.0
1197456,38.0
1197504,103.0
1197504,43.0
1197728,21.0
1197744,49.0
1197808,37.0
1197824,83.0
1197840,41.0
1197856,39.0
1197904,48.0
1198048,37.0
1198096,23.0
1198096,54.0
1198112,85.0
1198128,53.0
1198224,45.0
1198272,33.0
1198416,68.0
1198416,67.0
1198464,40.0
1198480,39.0
1198544,28.0
1198560,100.0
1198704,56.0
1198736,77.0
1198784,23.0
1198848,50.0
1198944,51.0
1198976,26.0
1198976,67.0
1199040,58.0
1199088,51.0
1199088,24.0
1199104,40.0
1199120,56.0
1199120,64.0
1199152,42.0
1199248,44.0
1199264,26.0
1199456,42.0
1199584,34.0
1199600,21.0
1199632,41.0
1199696,37.0
1199760,49.0
1199856,48.0
1199888,50.0
1199936,21.0
1199936,131.0
1199968,51.0
1200048,82.0
1200048,37.0
1200160,65.0
1200192,111.0
1200272,40.0
1200320,67.0
1200384,90.0
1200400,32.0
1200416,81.0
1200432,31.0
1200448,43.0
1200464,55.0
1200640,42.0
1200688,62.0
1200752,56.0
1200848,36.0
1200896,53.0
1200992,59.0
1201024,52.0
1201056,41.0
1201056,46.0
1201104,43.0
1201136,47.0
1201184,46.0
1201264,39.0
1201280,84.0
1201312,55.0
1201312,20.0
1201376,76.0
1201392,58.0
1201424,36.0
1201520,52.0
1201696,37.0
1201760,54.0
1201792,65.0
1201792,48.0
1201824,40.0
1201856,34.0
1201872,51.0
1202032,47.0
1202048,49.0
1202064,40.0
1202096,25.0
1202176,50.0
1202176,41.0
1202176,49.0
1202224,57.0
1202272,71.0
1202400,38.0
1202432,38.0
1202448,37.0
1202608,53.0
1202688,56.0
1202800,58.0
1202800,48.0
1202848,36.0
1202944,55.0
1202944,118.0
1203024,58.0
1203024,50.0
1203024,53.0
1203120,59.0
1203152,44.0
1203200,72.0
1203264,41.0
1203296,70.0
1203328,56.0
1203392,23.0
1203392,34.0
1203408,45.0
1203440,40.0
1203504,22.0
1203584,40.0
1203632,43.0
1203728,25.0
1203728,58.0
1203840,27.0
1203856,35.0
1203872,92.0
1203888,43.0
1203920,50.0
1204000,35.0
1204000,61.0
1204048,41.0
1204240,76.0
1204272,14.0
1204320,58.0
1204320,46.0
1204320,37.0
1204400,33.0
1204432,27.0
1204448,35.0
1204512,49.0
1204528,38.0
1204560,81.0
1204608,48.0
1204640,63.0
1204656,50.0
1204672,27.0
1204768,31.0
1204976,41.0
1205040,33.0
1205056,46.0
1205088,40.0
1205104,42.0
1205120,50.0
1205120,32.0
1205168,73.0
1205216,107.0
1205296,46.0
1205328,41.0
1205376,61.0
1205376,53.0
1205472,51.0
1205488,27.0
1205504,46.0
1205520,55.0
1205664,39.0
1205760,24.0
1205808,52.0
1205808,45.0
1205984,41.0
1206048,58.0
1206064,53.0
1206064,48.0
1206096,62.0
1206112,37.0
1206192,67.0
1206224,45.0
1206256,68.0
1206288,50.0
1206336,36.0
1206336,60.0
1206496,25.0
1206560,23.0
1206576,69.0
1206592,33.0
1206592,49.0
1206752,40.0
1206752,68.0
1206768,49.0
1206800,34.0
1206800,62.0
1206832,38.0
1206864,36.0
1206960,23.0
1207056,29.0
1207136,40.0
1207168,70.0
1207168,69.0
1207184,53.0
1207312,61.0
1207312,35.0
1207312,22.0
1207328,33.0
1207440,36.0
1207456,56.0
1207520,45.0
1207600,18.0
1207776,59.0
1207776,28.0
1207776,38.0
1207808,65.0
1207824,40.0
1207824,48.0
1207824,41.0
1207856,80.0
1207968,32.0
1207984,77.0
1207984,42.0
1207984,42.0
1208208,67.0
1208224,39.0
1208288,30.0
1208304,54.0
1208352,24.0
1208352,52.0
1208416,40.0
1208432,36.0
1208448,39.0
1208512,43.0
1208528,47.0
1208576,50.0
1208608,39.0
1208752,25.0
1208768,49.0
1208896,23.0
1208912,58.0
1208912,38.0
1209040,52.0
1209056,39.0
1209120,23.0
1209152,46.0
1209184,38.0
1209312,68.0
1209344,56.0
1209360,53.0
1209360,28.0
1209392,49.0
1209488,71.0
1209504,46.0
1209536,78.0
1209648,37.0
1209712,51.0
1209712,42.0
1209744,35.0
1209776,41.0
1209856,59.0
1209888,129.0
1209920,24.0
1209936,37.0
1210032,45.0
1210144,31.0
1210224,54.0
1210384,38.0
1210432,59.0
1210480,46.0
1210576,40.0
1210592,90.0
1210592,55.0
1210624,46.0
1210672,80.0
1210672,51.0
1210672,73.0
1210736,37.0
1210784,67.0
1210816,37.0
1210944,35.0
1211008,61.0
1211104,39.0
1211136,29.0
1211152,36.0
1211168,78.0
1211280,34.0
1211296,39.0
1211312,45.0
1211440,130.0
1211488,54.0
1211520,24.0
1211520,26.0
1211600,49.0
1211648,61.0
1211712,48.0
1211744,82.0
1211744,36.0
1211760,61.0
1211776,48.0
1211904,38.0
1211920,25.0
1211936,39.0
1211968,51.0
1212032,47.0
1212080,93.0
1212096,28.0
1212176,36.0
1212320,55.0
1212336,39.0
1212432,59.0
1212448,44.0
1212512,46.0
1212528,39.0
1212560,37.0
1212624,28.0
1212624,33.0
1212640,38.0
1212768,52.0
1212784,64.0
1212864,84.0
1212880,22.0
1212976,34.0
1213024,69.0
1213072,62.0
1213072,47.0
1213072,35.0
1213120,42.0
1213216,22.0
1213216,92.0
1213280,59.0
1213280,41.0
1213360,37.0
1213440,29.0
1213440,26.0
1213440,55.0
1213504,54.0
1213536,57.0
1213536,41.0
1213664,37.0
1213696,39.0
1213776,62.0
1213856,31.0
1213888,48.0
1213936,54.0
1214000,31.0
1214048,38.0
1214064,49.0
1214128,57.0
1214160,29.0
1214208,58.0
1214224,49.0
1214288,53.0
1214320,29.0
1214416,55.0
1214464,78.0
1214528,47.0
1214624,43.0
1214672,34.0
1214720,41.0
1214736,46.0
1214752,68.0
1214816,33.0
1214864,25.0
1214928,48.0
1214944,88.0
1215024,50.0
1215072,47.0
1215136,38.0
1215216,63.0
1215232,19.0
1215248,52.0
1215312,36.0
1215424,96.0
1215456,46.0
1215504,91.0
1215568,51.0
1215584,40.0
1215712,25.0
1215744,45.0
1215792,36.0
1215888,40.0
1215968,56.0
1215984,82.0
1216048,34.0
1216064,90.0
1216064,40.0
1216096,54.0
1216160,64.0
1216224,41.0
1216224,40.0
1216256,90.0
1216352,35.0
1216384,58.0
1216432,45.0
1216464,23.0
1216592,23.0
1216624,35.0
1216656,38.0
1216672,43.0
1216688,45.0
1216736,30.0
1216736,117.0
1216736,53.0
1216768,38.0
1216784,22.0
1216832,48.0
1216848,24.0
1216864,40.0
1217200,51.0
1217216,30.0
1217312,98.0
1217312,40.0
1217360,48.0
1217376,64.0
1217392,44.0
1217408,49.0
1217408,47.0
1217424,35.0
1217440,37.0
1217456,45.0
1217488,47.0
1217504,45.0
1217536,48.0
1217696,20.0
1217728,26.0
1217808,22.0
1217824,62.0
1217840,33.0
1217968,33.0
1217968,48.0
1218048,39.0
1218096,38.0
1218176,48.0
1218192,43.0
1218208,62.0
1218240,55.0
1218240,44.0
1218272,28.0
1218384,62.0
1218464,66.0
1218480,49.0
1218512,17.0
1218544,44.0
1218560,37.0
1218592,49.0
1218720,42.0
1218800,37.0
1218880,57.0
1218928,46.0
1219008,46.0
1219008,48.0
1219024,58.0
1219040,36.0
1219072,84.0
1219088,36.0
1219104,45.0
1219104,58.0
1219136,36.0
1219136,26.0
1219216,46.0
1219328,49.0
1219360,35.0
1219472,37.0
1219472,55.0
1219520,28.0
1219520,24.0
1219584,30.0
1219616,38.0
1219776,53.0
1219856,24.0
1219904,56.0
1219952,51.0
1220032,28.0
1220048,64.0
1220064,61.0
1220112,56.0
1220112,49.0
1220144,39.0
1220144,33.0
1220160,24.0
1220288,58.0
1220320,53.0
1220400,34.0
1220496,37.0
1220544,30.0
1220544,90.0
1220560,95.0
1220704,37.0
1220720,75.0
1220800,43.0
1220800,53.0
1220800,41.0
1220880,35.0
1220896,54.0
1221008,53.0
1221088,50.0
1221136,46.0
1221136,62.0
1221152,38.0
1221168,39.0
1221216,73.0
1221424,44.0
1221440,22.0
1221472,21.0
1221504,44.0
1221536,46.0
1221584,49.0
1221696,43.0
1221696,62.0
1221824,83.0
1221824,79.0
1221840,60.0
1221952,49.0
1221968,47.0
1221968,24.0
1222112,38.0
1222176,65.0
1222192,45.0
1222256,35.0
1222320,56.0
1222336,32.0
1222384,93.0
1222384,53.0
1222528,43.0
1222528,26.0
1222560,37.0
1222576,71.0
1222592,48.0
1222720,48.0
1222864,107.0
1222896,35.0
1222896,32.0
1223024,53.0
1223024,40.0
1223024,31.0
1223024,66.0
1223120,33.0
1223152,91.0
1223184,58.0
1223232,65.0
1223280,44.0
1223328,27.0
1223344,39.0
1223424,35.0
1223456,56.0
1223488,60.0
1223504,38.0
1223520,75.0
1223568,34.0
1223616,37.0
1223712,23.0
1223728,31.0
1223776,47.0
1223776,28.0
1223808,39.0
1223808,49.0
1223872,45.0
1224032,57.0
1224048,35.0
1224064,31.0
1224112,52.0
1224176,25.0
1224224,31.0
1224256,12.0
1224288,52.0
1224336,57.0
1224416,23.0
1224528,57.0
1224592,45.0
1224656,59.0
1224672,73.0
1224688,36.0
1224752,59.0
1224768,78.0
1224768,62.0
1224832,36.0
1224864,36.0
1224880,53.0
1224880,67.0
1224896,35.0
1225168,40.0
1225280,32.0
1225280,28.0
1225280,69.0
1225376,44.0
1225408,74.0
1225408,51.0
1225456,65.0
1225536,40.0
1225552,43.0
1225584,51.0
1225616,54.0
1225680,64.0
1225680,62.0
1225728,12.0
1225728,53.0
1225840,35.0
1225856,43.0
1225936,66.0
1226048,37.0
1226096,45.0
1226112,31.0
1226112,44.0
1226176,39.0
1226192,57.0
1226320,40.0
1226320,46.0
1226416,30.0
1226448,45.0
1226448,45.0
1226496,51.0
1226560,72.0
1226560,44.0
1226656,51.0
1226720,42.0
1226736,39.0
1226880,35.0
1226928,30.0
1226944,39.0
1226976,30.0
1227072,61.0
1227120,58.0
1227184,39.0
1227184,39.0
1227216,69.0
1227216,50.0
1227216,65.0
1227360,40.0
1227360,26.0
1227456,45.0
1227472,37.0
1227504,53.0
1227568,40.0
1227744,35.0
1227744,33.0
1227792,45.0
1227824,23.0
1227840,160.0
1227856,40.0
1227856,31.0
1227904,91.0
1227904,58.0
1227984,48.0
1228000,33.0
1228016,52.0
1228032,57.0
1228160,41.0
1228224,27.0
1228400,34.0
1228416,66.0
1228432,33.0
1228464,29.0
1228480,36.0
1228496,47.0
1228528,44.0
1228560,62.0
1228608,47.0
1228640,39.0
1228688,41.0
1228768,13.0
1228800,51.0
1228896,66.0
1228960,50.0
1229056,40.0
1229072,34.0
1229088,43.0
1229088,38.0
1229120,27.0
1229152,43.0
1229184,36.0
1229184,47.0
1229200,91.0
1229248,64.0
1229328,52.0
1229440,22.0
1229504,24.0
1229648,37.0
1229648,25.0
1229760,50.0
1229792,37.0
1229856,33.0
1229856,42.0
1229984,84.0
1230016,76.0
1230016,78.0
1230032,24.0
1230032,59.0
1230048,56.0
1230064,73.0
1230144,40.0
1230256,25.0
1230288,27.0
1230304,41.0
1230320,35.0
1230336,72.0
1230464,25.0
1230528,46.0
1230592,38.0
1230640,75.0
1230704,43.0
1230704,26.0
1230720,42.0
1230752,105.0
1230752,46.0
1230912,55.0
1230928,56.0
1230976,52.0
1231040,45.0
1231040,49.0
1231072,23.0
1231104,50.0
1231200,46.0
1231248,45.0
1231344,44.0
1231376,39.0
1231408,67.0
1231488,28.0
1231520,50.0
1231536,49.0
1231552,40.0
1231568,61.0
1231632,35.0
1231680,47.0
1231680,40.0
1231696,37.0
1231792,37.0
1231824,28.0
1231920,76.0
1231920,24.0
1232064,31.0
1232096,38.0
1232112,12.0
1232112,54.0
1232160,40.0
1232160,38.0
1232192,32.0
1232288,59.0
1232304,38.0
1232352,35.0
1232448,51.0
1232480,23.0
1232512,43.0
1232752,35.0
1232752,67.0
1232816,32.0
1232832,34.0
1232848,43.0
1232976,66.0
1232992,56.0
1233024,54.0
1233056,34.0
1233136,108.0
1233152,50.0
1233184,67.0
1233216,25.0
1233280,33.0
1233296,145.0
1233312,54.0
1233408,26.0
1233456,61.0
1233472,40.0
1233536,43.0
1233584,95.0
1233712,25.0
1233712,46.0
1233840,44.0
1233840,51.0
1233888,71.0
1233952,56.0
1234000,51.0
1234000,37.0
1234032,35.0
1234080,39.0
1234224,32.0
1234272,46.0
1234272,70.0
1234336,66.0
1234416,33.0
1234480,74.0
1234480,56.0
1234496,49.0
1234576,36.0
1234624,37.0
1234640,50.0
1234752,96.0
1234752,57.0
1234800,53.0
1234816,51.0
1234992,23.0
1235008,58.0
1235008,37.0
1235104,33.0
1235152,41.0
1235232,47.0
1235248,64.0
1235280,40.0
1235312,65.0
1235376,23.0
1235488,31.0
1235568,48.0
1235664,87.0
1235664,74.0
1235696,43.0
1235760,33.0
1235776,33.0
1235808,66.0
1235824,42.0
1235856,69.0
1235968,30.0
1236016,75.0
1236064,49.0
1236128,35.0
1236192,27.0
1236240,36.0
1236368,32.0
1236368,66.0
1236384,43.0
1236448,49.0
1236448,132.0
1236464,40.0
1236544,33.0
1236576,48.0
1236624,35.0
1236672,34.0
1236688,57.0
1236704,83.0
1236816,39.0
1236848,30.0
1236880,19.0
1236896,41.0
1236928,34.0
1236992,34.0
1237040,42.0
1237072,38.0
1237104,125.0
1237136,27.0
1237152,38.0
1237184,31.0
1237232,79.0
1237232,35.0
1237280,52.0
1237424,38.0
1237536,43.0
1237552,26.0
1237552,39.0
1237584,60.0
1237696,37.0
1237728,53.0
1237760,45.0
1237776,44.0
1237792,56.0
1237824,34.0
1237824,42.0
1237968,61.0
1238016,49.0
1238128,59.0
1238144,38.0
1238176,47.0
1238176,39.0
1238240,29.0
1238288,33.0
1238304,45.0
1238400,36.0
1238528,44.0
1238544,62.0
1238560,48.0
1238592,54.0
1238624,87.0
1238672,31.0
1238720,36.0
1238880,44.0
1238896,38.0
1238912,56.0
1238912,38.0
1239072,69.0
1239088,87.0
1239104,44.0
1239168,58.0
1239184,29.0
1239232,35.0
1239248,41.0
1239280,45.0
1239296,48.0
1239328,49.0
1239344,76.0
1239392,32.0
1239456,52.0
1239520,38.0
1239568,41.0
1239664,48.0
1239712,38.0
1239728,31.0
1239728,40.0
1239760,30.0
1239776,44.0
1239776,24.0
1239968,40.0
1240000,47.0
1240016,28.0
1240096,36.0
1240096,40.0
1240112,58.0
1240256,57.0
1240320,22.0
1240352,66.0
1240400,43.0
1240432,44.0
1240480,44.0
1240560,49.0
1240576,88.0
1240592,52.0
1240656,41.0
1240720,39.0
1240736,40.0
1240736,67.0
1240784,29.0
1240832,51.0
1240848,70.0
1240880,28.0
1240928,42.0
1240992,25.0
1241056,44.0
1241088,33.0
1241104,39.0
1241120,24.0
1241200,26.0
1241232,36.0
1241280,73.0
1241296,23.0
1241312,36.0
1241312,29.0
1241360,60.0
1241488,57.0
1241504,42.0
1241504,32.0
1241680,36.0
1241712,41.0
1241712,62.0
1241824,34.0
1241872,47.0
1241888,33.0
1241888,37.0
1241968,68.0
1242000,50.0
1242000,43.0
1242064,35.0
1242128,39.0
1242144,52.0
1242256,64.0
1242288,75.0
1242288,50.0
1242368,30.0
1242432,45.0
1242608,29.0
1242608,56.0
1242640,47.0
1242672,24.0
1242672,53.0
1242720,18.0
1242752,39.0
1242800,58.0
1242848,55.0
1242912,57.0
1242992,62.0
1243008,83.0
1243088,64.0
1243104,53.0
1243120,25.0
1243136,33.0
1243152,32.0
1243200,57.0
1243232,35.0
1243280,57.0
1243280,38.0
1243312,25.0
1243328,36.0
1243408,50.0
1243456,23.0
1243456,41.0
1243744,32.0
1243744,38.0
1243856,53.0
1243888,46.0
1243888,48.0
1243904,66.0
1243936,59.0
1243984,55.0
1244016,44.0
1244064,46.0
1244096,51.0
1244096,43.0
1244176,56.0
1244224,48.0
1244256,66.0
1244368,39.0
1244400,41.0
1244432,23.0
1244480,36.0
1244496,40.0
1244528,40.0
1244560,42.0
1244592,71.0
1244688,37.0
1244832,51.0
1244928,62.0
1244944,48.0
1245008,36.0
1245024,39.0
1245040,42.0
1245120,37.0
1245136,57.0
1245152,56.0
1245168,42.0
1245200,40.0
1245216,24.0
1245248,79.0
1245280,74.0
1245360,26.0
1245552,34.0
1245600,36.0
1245648,38.0
1245664,67.0
1245792,82.0
1245824,41.0
1245872,46.0
1245920,77.0
1246000,40.0
1246000,67.0
1246016,46.0
1246016,51.0
1246064,53.0
1246176,36.0
1246208,35.0
1246224,67.0
1246224,61.0
1246240,70.0
1246272,45.0
1246368,22.0
1246384,45.0
1246496,42.0
1246592,33.0
1246608,23.0
1246720,22.0
1246736,59.0
1246768,24.0
1246816,56.0
1246848,40.0
1246896,45.0
1246944,67.0
1246944,59.0
1247024,64.0
1247104,55.0
1247200,44.0
1247216,38.0
1247216,59.0
1247344,38.0
1247376,38.0
1247424,38.0
1247440,34.0
1247488,48.0
1247616,25.0
1247680,41.0
1247680,36.0
1247792,53.0
1247808,112.0
1247840,39.0
1247840,29.0
1247840,78.0
1247872,58.0
1247888,104.0
1248016,51.0
1248048,44.0
1248096,78.0
1248208,37.0
1248336,28.0
1248368,43.0
1248384,56.0
1248432,39.0
1248448,38.0
1248448,27.0
1248464,39.0
1248512,45.0
1248592,72.0
1248624,26.0
1248672,52.0
1248688,51.0
1248768,42.0
1248864,90.0
1248912,36.0
1248928,55.0
1248928,34.0
1249040,36.0
1249040,37.0
1249056,86.0
1249168,50.0
1249184,42.0
1249184,46.0
1249296,23.0
1249376,38.0
1249440,36.0
1249488,66.0
1249584,62.0
1249616,59.0
1249664,61.0
1249696,41.0
1249728,50.0
1249744,70.0
1249936,47.0
1250016,52.0
1250032,70.0
1250144,68.0
1250144,44.0
1250256,32.0
1250320,39.0
1250352,48.0
1250368,62.0
1250400,46.0
1250480,62.0
1250480,74.0
1250496,30.0
1250496,48.0
1250608,42.0
1250608,22.0
1250656,32.0
1250672,94.0
1250784,27.0
1250816,111.0
1250880,25.0
1250880,25.0
1250928,38.0
1251024,55.0
1251024,39.0
1251024,88.0
1251088,37.0
1251088,66.0
1251120,28.0
1251120,32.0
1251136,33.0
1251184,51.0
1251296,32.0
1251392,56.0
1251392,32.0
1251472,28.0
1251568,34.0
1251584,25.0
1251680,54.0
1251696,51.0
1251712,36.0
1251712,26.0
1251712,49.0
1251744,45.0
1251760,69.0
1251776,43.0
1251904,51.0
1251952,35.0
1252032,57.0
1252032,21.0
1252096,39.0
1252176,49.0
1252176,66.0
1252352,40.0
1252368,39.0
1252480,28.0
1252512,38.0
1252528,27.0
1252576,56.0
1252592,40.0
1252624,37.0
1252640,67.0
1252672,57.0
1252704,62.0
1252736,72.0
1252880,69.0
1252960,38.0
1253120,33.0
1253152,32.0
1253152,42.0
1253152,61.0
1253232,38.0
1253232,35.0
1253248,96.0
1253248,67.0
1253264,56.0
1253280,44.0
1253296,49.0
1253312,38.0
1253456,36.0
1253472,59.0
1253632,30.0
1253648,33.0
1253664,58.0
1253824,35.0
1253840,34.0
1253872,39.0
1253920,60.0
1253952,31.0
1254016,49.0
1254016,54.0
1254048,51.0
1254064,47.0
1254112,40.0
1254272,64.0
1254304,72.0
1254400,36.0
1254416,71.0
1254512,42.0
1254544,42.0
1254576,59.0
1254576,57.0
1254640,33.0
1254640,39.0
1254720,42.0
1254752,28.0
1254784,71.0
1254784,52.0
1254896,52.0
1254912,40.0
1254928,32.0
1255104,68.0
1255136,26.0
1255152,36.0
1255184,38.0
1255200,28.0
1255232,37.0
1255248,83.0
1255264,30.0
1255280,46.0
1255280,40.0
1255328,58.0
1255408,31.0
1255488,22.0
1255504,38.0
1255520,37.0
1255696,31.0
1255712,35.0
1255744,30.0
1255760,41.0
1255760,61.0
1255856,84.0
1255904,45.0
1255952,39.0
1256032,33.0
1256064,41.0
1256080,35.0
1256112,39.0
1256128,53.0
1256176,59.0
1256224,59.0
1256256,35.0
1256272,33.0
1256464,76.0
1256512,50.0
1256512,41.0
1256544,32.0
1256544,49.0
1256560,41.0
1256560,31.0
1256624,54.0
1256656,27.0
1256672,25.0
1256688,35.0
1256752,50.0
1256816,40.0
1256864,47.0
1256864,25.0
1256960,28.0
1256976,26.0
1257024,30.0
1257056,34.0
1257056,32.0
1257152,33.0
1257168,57.0
1257296,30.0
1257312,40.0
1257344,41.0
1257424,48.0
1257440,30.0
1257536,35.0
1257552,92.0
1257584,64.0
1257760,44.0
1257760,56.0
1257776,64.0
1257808,49.0
1257840,42.0
1257856,35.0
1257952,56.0
1257984,27.0
1258064,57.0
1258128,49.0
1258128,44.0
1258240,86.0
1258368,58.0
1258384,38.0
1258432,56.0
1258464,39.0
1258496,32.0
1258512,41.0
1258512,44.0
1258528,25.0
1258544,60.0
1258576,79.0
1258736,38.0
1258736,61.0
1258768,44.0
1258832,55.0
1258864,39.0
1258912,25.0
1259024,40.0
1259056,43.0
1259168,44.0
1259184,43.0
1259216,28.0
1259280,53.0
1259296,35.0
1259296,45.0
1259312,36.0
1259312,97.0
1259376,54.0
1259440,57.0
1259520,19.0
1259616,67.0
1259632,20.0
1259696,25.0
1259744,55.0
1259824,40.0
1259840,29.0
1259920,63.0
1259968,50.0
1259968,57.0
1259968,43.0
1259984,72.0
1260032,46.0
1260064,39.0
1260112,50.0
1260128,69.0
1260128,38.0
1260336,45.0
1260384,26.0
1260384,40.0
1260448,30.0
1260448,39.0
1260528,25.0
1260560,36.0
1260560,31.0
1260560,54.0
1260608,48.0
1260624,32.0
1260768,40.0
1260768,50.0
1260784,25.0
1260864,52.0
1261040,41.0
1261072,90.0
1261168,78.0
1261168,45.0
1261184,39.0
1261216,48.0
1261248,40.0
1261472,44.0
1261536,42.0
1261552,49.0
1261552,62.0
1261600,67.0
1261616,28.0
1261616,52.0
1261696,71.0
1261712,68.0
1261712,40.0
1261760,37.0
1261824,40.0
1261840,37.0
1261904,98.0
1262000,60.0
1262016,50.0
1262080,29.0
1262096,12.0
1262096,39.0
1262128,36.0
1262176,30.0
1262176,36.0
1262240,25.0
1262256,45.0
1262304,37.0
1262320,35.0
1262352,46.0
1262464,24.0
1262464,40.0
1262768,66.0
1262784,41.0
1262800,49.0
1262816,40.0
1262880,49.0
1262912,42.0
1262912,51.0
1262944,48.0
1262960,40.0
1262976,61.0
1263056,94.0
1263072,48.0
1263088,39.0
1263184,26.0
1263184,23.0
1263280,64.0
1263280,30.0
1263344,35.0
1263424,67.0
1263472,26.0
1263504,39.0
1263504,65.0
1263536,39.0
1263552,40.0
1263712,48.0
1263728,41.0
1263760,49.0
1263760,50.0
1263776,31.0
1263856,24.0
1263920,40.0
1263920,46.0
1263936,53.0
1263968,39.0
1263984,27.0
1264096,35.0
1264128,59.0
1264256,47.0
1264288,35.0
1264400,30.0
1264464,30.0
1264496,33.0
1264544,70.0
1264592,52.0
1264624,53.0
1264640,55.0
1264704,49.0
1264768,30.0
1264784,41.0
1264784,67.0
1264944,43.0
1264960,54.0
1264992,25.0
1265008,94.0
1265024,73.0
1265056,35.0
1265152,38.0
1265152,47.0
1265376,26.0
1265392,24.0
1265456,95.0
1265456,52.0
1265488,53.0
1265488,45.0
1265504,22.0
1265520,36.0
1265552,48.0
1265568,54.0
1265584,50.0
1265600,71.0
1265696,44.0
1265696,20.0
1265808,47.0
1265968,32.0
1266016,33.0
1266032,33.0
1266112,34.0
1266128,69.0
1266208,45.0
1266224,40.0
1266240,45.0
1266304,57.0
1266320,39.0
1266336,55.0
1266352,75.0
1266368,48.0
1266624,67.0
1266688,45.0
1266800,35.0
1266832,33.0
1266896,68.0
1266928,45.0
1266960,37.0
1266960,58.0
1266992,54.0
1267024,42.0
1267040,22.0
1267152,65.0
1267264,58.0
1267280,30.0
1267280,66.0
1267344,28.0
1267360,84.0
1267424,69.0
1267456,39.0
1267504,55.0
1267632,38.0
1267680,47.0
1267728,43.0
1267776,27.0
1267808,53.0
1267856,54.0
1267888,137.0
1267936,41.0
1268096,42.0
1268176,76.0
1268192,46.0
1268272,48.0
1268320,73.0
1268368,69.0
1268368,46.0
1268400,70.0
1268464,49.0
1268496,48.0
1268560,24.0
1268592,49.0
1268624,79.0
1268736,60.0
1268752,41.0
1268800,59.0
1268816,58.0
1268880,35.0
1268880,59.0
1268960,21.0
1268960,35.0
1269056,43.0
1269104,40.0
1269152,35.0
1269168,50.0
1269216,21.0
1269328,66.0
1269392,32.0
1269440,30.0
1269488,81.0
1269568,26.0
1269568,48.0
1269584,52.0
1269584,64.0
1269616,32.0
1269712,56.0
1269744,49.0
1269824,24.0
1269920,37.0
1269968,92.0
1270000,52.0
1270016,33.0
1270144,35.0
1270160,37.0
1270240,94.0
1270256,65.0
1270352,81.0
1270368,47.0
1270384,29.0
1270448,54.0
1270496,21.0
1270592,75.0
1270624,39.0
1270640,31.0
1270704,71.0
1270736,57.0
1270752,46.0
1270752,23.0
1270784,34.0
1270784,67.0
1270800,52.0
1270816,35.0
1270832,30.0
1271136,87.0
1271168,33.0
1271312,59.0
1271344,56.0
1271360,41.0
1271376,49.0
1271536,49.0
1271536,25.0
1271584,48.0
1271600,54.0
1271632,50.0
1271632,71.0
1271760,60.0
1271760,61.0
1271872,70.0
1271904,80.0
1271920,35.0
1271952,73.0
1272048,44.0
1272048,26.0
1272080,44.0
1272080,57.0
1272160,39.0
1272240,58.0
1272288,23.0
1272352,51.0
1272368,38.0
1272384,39.0
1272496,37.0
1272592,45.0
1272608,63.0
1272624,36.0
1272624,29.0
1272656,38.0
1272704,39.0
1272752,73.0
1272800,45.0
1272848,22.0
1272928,36.0
1272944,41.0
1272976,46.0
1272976,64.0
1272976,38.0
1272976,37.0
1273008,24.0
1273088,91.0
1273152,25.0
1273280,12.0
1273328,46.0
1273328,42.0
1273392,29.0
1273392,37.0
1273424,50.0
1273472,39.0
1273504,33.0
1273504,35.0
1273520,34.0
1273536,58.0
1273616,57.0
1273664,41.0
1273680,33.0
1273792,51.0
1273840,28.0
1273856,33.0
1274064,49.0
1274064,40.0
1274064,33.0
1274080,36.0
1274080,26.0
1274112,40.0
1274128,50.0
1274144,73.0
1274240,25.0
1274256,46.0
1274272,48.0
1274304,57.0
1274352,46.0
1274416,18.0
1274576,56.0
1274592,33.0
1274592,46.0
1274624,35.0
1274624,23.0
1274640,35.0
1274688,28.0
1274688,34.0
1274800,31.0
1274976,35.0
1275072,80.0
1275104,52.0
1275184,34.0
1275184,31.0
1275200,36.0
1275216,69.0
1275232,55.0
1275344,80.0
1275376,43.0
1275376,36.0
1275392,82.0
1275488,57.0
1275632,27.0
1275632,28.0
1275632,65.0
1275712,31.0
1275744,48.0
1275808,36.0
1275904,82.0
1275920,36.0
1275984,38.0
1275984,37.0
1276016,33.0
1276080,61.0
1276096,64.0
1276112,30.0
1276240,38.0
1276240,20.0
1276256,102.0
1276384,47.0
1276384,75.0
1276432,28.0
1276464,68.0
1276544,50.0
1276544,40.0
1276560,53.0
1276592,49.0
1276624,38.0
1276656,34.0
1276832,36.0
1276864,48.0
1276896,41.0
1276976,24.0
1276992,28.0
1277040,26.0
1277040,38.0
1277056,37.0
1277072,68.0
1277120,36.0
1277216,52.0
1277296,29.0
1277392,72.0
1277408,47.0
1277520,60.0
1277520,71.0
1277584,34.0
1277760,56.0
1277776,106.0
1277792,46.0
1277856,28.0
1277888,42.0
1277904,52.0
1277904,57.0
1277904,63.0
1277968,53.0
1278032,40.0
1278048,67.0
1278144,24.0
1278240,21.0
1278288,48.0
1278368,49.0
1278528,39.0
1278560,32.0
1278576,42.0
1278608,29.0
1278608,40.0
1278640,53.0
1278640,47.0
1278784,34.0
1278784,109.0
1278800,59.0
1278800,80.0
1278800,32.0
1278832,66.0
1278976,38.0
1278992,26.0
1279152,39.0
1279168,24.0
1279200,25.0
1279248,43.0
1279248,40.0
1279264,39.0
1279312,32.0
1279328,81.0
1279344,128.0
1279376,34.0
1279408,38.0
1279424,40.0
1279616,63.0
1279696,45.0
1279824,41.0
1279824,42.0
1279840,33.0
1279904,41.0
1279920,37.0
1279936,59.0
1279968,44.0
1279968,83.0
1280064,40.0
1280064,45.0
1280096,56.0
1280096,43.0
1280352,61.0
1280368,70.0
1280400,36.0
1280448,24.0
1280480,41.0
1280528,52.0
1280544,58.0
1280560,37.0
1280592,39.0
1280784,45.0
1280800,54.0
1280880,61.0
1280896,34.0
1280928,25.0
1280992,56.0
1281040,59.0
1281056,31.0
1281056,76.0
1281120,20.0
1281136,41.0
1281152,47.0
1281168,39.0
1281232,49.0
1281280,25.0
1281312,87.0
1281376,49.0
1281552,27.0
1281600,29.0
1281664,46.0
1281680,40.0
1281792,56.0
1281888,46.0
1281888,52.0
1281888,36.0
1281936,48.0
1281936,55.0
1281952,60.0
1282096,108.0
1282160,35.0
1282176,56.0
1282288,39.0
1282320,40.0
1282464,36.0
1282512,36.0
1282512,45.0
1282528,37.0
1282592,40.0
1282592,44.0
1282624,67.0
1282704,51.0
1282704,26.0
1282800,126.0
1282832,91.0
1283008,31.0
1283008,31.0
1283024,58.0
1283040,113.0
1283136,34.0
1283168,34.0
1283184,63.0
1283200,65.0
1283296,48.0
1283312,30.0
1283328,39.0
1283392,24.0
1283392,50.0
1283440,46.0
1283456,71.0
1283568,27.0
1283648,53.0
1283696,42.0
1283760,27.0
1283792,47.0
1283840,40.0
1283872,30.0
1283888,45.0
1283904,90.0
1283968,49.0
1284032,64.0
1284032,46.0
1284032,12.0
1284048,25.0
1284176,45.0
1284288,53.0
1284432,33.0
1284448,55.0
1284496,46.0
1284624,58.0
1284640,29.0
1284688,40.0
1284704,82.0
1284720,27.0
1284816,64.0
1284848,51.0
1284896,25.0
1284928,101.0
1285040,67.0
1285040,63.0
1285056,64.0
1285104,30.0
1285120,25.0
1285120,77.0
1285216,33.0
1285248,27.0
1285280,53.0
1285312,54.0
1285344,40.0
1285376,28.0
1285488,101.0
1285504,12.0
1285568,28.0
1285568,33.0
1285568,42.0
1285600,31.0
1285648,38.0
1285792,14.0
1285808,73.0
1285824,48.0
1285824,36.0
1285920,44.0
1285936,51.0
1285968,43.0
1286160,35.0
1286192,34.0
1286240,42.0
1286256,55.0
1286336,48.0
1286368,36.0
1286416,67.0
1286464,60.0
1286464,101.0
1286544,24.0
1286624,50.0
1286640,42.0
1286720,77.0
1286816,55.0
1286832,57.0
1287024,35.0
1287024,43.0
1287088,53.0
1287200,52.0
1287216,64.0
1287248,39.0
1287248,89.0
1287264,50.0
1287264,28.0
1287408,54.0
1287408,100.0
1287472,76.0
1287568,34.0
1287568,72.0
1287632,57.0
1287648,51.0
1287648,25.0
1287728,44.0
1287840,75.0
1287856,40.0
1287872,19.0
1287968,25.0
1288000,50.0
1288000,57.0
1288016,48.0
1288080,42.0
1288192,34.0
1288192,58.0
1288240,37.0
1288240,52.0
1288384,33.0
1288400,25.0
1288448,74.0
1288496,31.0
1288512,65.0
1288576,31.0
1288624,27.0
1288736,31.0
1288784,57.0
1288800,52.0
1288816,39.0
1288816,68.0
1288832,37.0
1288848,29.0
1288864,64.0
1288912,25.0
1289024,87.0
1289056,35.0
1289104,41.0
1289232,24.0
1289264,54.0
1289328,82.0
1289408,39.0
1289424,25.0
1289440,38.0
1289456,34.0
1289504,58.0
1289728,57.0
1289728,57.0
1289824,75.0
1289856,33.0
1289872,38.0
1289888,49.0
1289936,67.0
1289984,34.0
1290080,42.0
1290112,38.0
1290128,12.0
1290144,43.0
1290192,71.0
1290240,94.0
1290320,21.0
1290320,95.0
1290400,42.0
1290416,74.0
1290512,43.0
1290512,68.0
1290576,53.0
1290624,24.0
1290640,48.0
1290672,34.0
1290672,49.0
1290816,44.0
1290896,44.0
1290896,30.0
1290928,67.0
1290976,41.0
1291008,54.0
1291008,58.0
1291168,41.0
1291200,43.0
1291200,39.0
1291296,39.0
1291328,27.0
1291376,66.0
1291392,47.0
1291456,49.0
1291472,41.0
1291632,39.0
1291696,67.0
1291712,51.0
1291728,35.0
1291776,48.0
1291792,37.0
1291808,32.0
1291872,92.0
1292016,51.0
1292048,37.0
1292080,47.0
1292160,77.0
1292176,34.0
1292176,25.0
1292192,50.0
1292288,57.0
1292336,38.0
1292384,37.0
1292384,42.0
1292432,39.0
1292576,24.0
1292592,34.0
1292672,50.0
1292720,40.0
1292720,64.0
1292784,38.0
1292800,23.0
1292864,30.0
1292896,45.0
1292944,92.0
1292976,25.0
1293024,54.0
1293024,63.0
1293232,141.0
1293264,55.0
1293280,24.0
1293328,46.0
1293424,71.0
1293456,42.0
1293488,72.0
1293504,40.0
1293520,34.0
1293552,38.0
1293568,48.0
1293648,58.0
1293696,23.0
1293744,45.0
1293808,36.0
1293808,34.0
1293856,25.0
1293872,53.0
1293984,44.0
1294032,85.0
1294080,41.0
1294096,33.0
1294144,37.0
1294224,46.0
1294240,24.0
1294272,47.0
1294288,98.0
1294336,40.0
1294368,39.0
1294368,45.0
1294464,30.0
1294528,45.0
1294672,40.0
1294672,36.0
1294688,22.0
1294816,63.0
1294832,47.0
1294848,84.0
1294864,40.0
1294928,43.0
1294928,35.0
1294928,29.0
1295104,77.0
1295184,41.0
1295184,56.0
1295200,66.0
1295232,60.0
1295408,36.0
1295408,37.0
1295440,32.0
1295440,48.0
1295488,35.0
1295504,71.0
1295584,56.0
1295584,41.0
1295648,61.0
1295648,49.0
1295712,54.0
1295712,38.0
1295744,35.0
1295840,40.0
1295872,29.0
1295952,45.0
1296000,32.0
1296016,38.0
1296048,25.0
1296064,55.0
1296160,36.0
1296160,41.0
1296320,30.0
1296336,39.0
1296336,56.0
1296336,21.0
1296432,53.0
1296448,44.0
1296560,31.0
1296608,37.0
1296624,36.0
1296640,75.0
1296672,64.0
1296768,66.0
1296848,26.0
1296864,26.0
1296880,34.0
1296912,36.0
1296928,48.0
1297008,25.0
1297008,53.0
1297056,45.0
1297328,41.0
1297328,44.0
1297376,29.0
1297424,69.0
1297456,28.0
1297472,38.0
1297488,38.0
1297488,58.0
1297536,48.0
1297616,38.0
1297616,61.0
1297696,109.0
1297712,54.0
1297808,47.0
1297856,124.0
1297856,58.0
1297968,37.0
1298000,36.0
1298016,25.0
1298032,44.0
1298064,46.0
1298208,25.0
1298288,47.0
1298304,43.0
1298320,39.0
1298320,54.0
1298416,44.0
1298416,35.0
1298496,63.0
1298512,64.0
1298608,37.0
1298640,73.0
1298656,43.0
1298704,44.0
1298864,34.0
1298976,29.0
1298976,35.0
1299008,59.0
1299040,45.0
1299056,26.0
1299056,48.0
1299056,40.0
1299120,51.0
1299136,33.0
1299152,28.0
1299264,77.0
1299328,42.0
1299376,55.0
1299520,104.0
1299568,32.0
1299584,45.0
1299616,35.0
1299632,89.0
1299728,36.0
1299744,38.0
1299824,53.0
1299824,35.0
1299840,52.0
1299936,56.0
1300112,71.0
1300112,49.0
1300128,38.0
1300160,69.0
1300176,38.0
1300192,36.0
1300208,52.0
1300224,24.0
1300256,39.0
1300288,35.0
1300400,80.0
1300464,22.0
1300464,45.0
1300496,42.0
1300544,38.0
1300576,26.0
1300608,64.0
1300656,28.0
1300768,59.0
1300800,42.0
1300816,44.0
1300880,44.0
1300880,41.0
1300960,29.0
1301008,47.0
1301072,49.0
1301120,36.0
1301136,42.0
1301168,37.0
1301232,65.0
1301264,50.0
1301280,42.0
1301360,37.0
1301392,37.0
1301408,28.0
1301472,67.0
1301504,39.0
1301584,36.0
1301648,48.0
1301664,53.0
1301712,66.0
1301744,39.0
1301808,36.0
1301888,33.0
1301888,39.0
1301984,51.0
1302016,55.0
1302016,38.0
1302032,60.0
1302032,33.0
1302048,41.0
1302272,38.0
1302352,67.0
1302384,42.0
1302384,23.0
1302432,49.0
1302432,43.0
1302480,63.0
1302496,43.0
1302512,58.0
1302512,31.0
1302592,38.0
1302656,48.0
1302656,39.0
1302736,24.0
1302752,44.0
1302784,32.0
1302912,64.0
1302944,35.0
1303024,62.0
1303056,36.0
1303088,41.0
1303136,30.0
1303168,42.0
1303248,54.0
1303312,45.0
1303408,41.0
1303408,56.0
1303408,42.0
1303424,48.0
1303456,59.0
1303456,20.0
1303472,35.0
1303488,29.0
1303616,74.0
1303696,33.0
1303728,42.0
1303776,20.0
1303792,53.0
1303840,24.0
1303888,36.0
1303888,40.0
1303920,32.0
1304016,38.0
1304048,36.0
1304128,40.0
1304160,24.0
1304192,29.0
1304192,69.0
1304336,58.0
1304400,32.0
1304416,102.0
1304448,64.0
1304544,33.0
1304608,62.0
1304608,45.0
1304624,58.0
1304672,47.0
1304704,36.0
1304720,42.0
1304816,41.0
1304912,45.0
1304944,31.0
1305072,28.0
1305088,34.0
1305152,51.0
1305168,83.0
1305184,36.0
1305184,87.0
1305232,35.0
1305232,65.0
1305264,53.0
1305264,54.0
1305312,38.0
1305440,31.0
1305536,58.0
1305552,52.0
1305616,24.0
1305632,34.0
1305680,28.0
1305680,23.0
1305776,44.0
1305776,39.0
1305840,36.0
1305840,64.0
1305856,42.0
1305904,23.0
1305936,42.0
1305984,19.0
1305984,51.0
1306016,69.0
1306032,37.0
1306176,34.0
1306176,62.0
1306336,49.0
1306352,32.0
1306368,37.0
1306432,33.0
1306432,25.0
1306480,39.0
1306480,50.0
1306528,37.0
1306576,35.0
1306640,64.0
1306688,53.0
1306688,21.0
1306736,35.0
1306752,36.0
1306896,57.0
1307056,36.0
1307120,43.0
1307152,42.0
1307168,52.0
1307184,38.0
1307200,48.0
1307248,92.0
1307280,81.0
1307312,39.0
1307328,60.0
1307328,50.0
1307440,50.0
1307552,41.0
1307552,54.0
1307584,53.0
1307616,35.0
1307728,38.0
1307840,35.0
1307840,68.0
1307872,35.0
1307888,35.0
1307936,38.0
1308000,35.0
1308000,50.0
1308032,28.0
1308048,11.0
1308064,28.0
1308128,61.0
1308176,58.0
1308192,64.0
1308256,44.0
1308288,46.0
1308320,71.0
1308320,37.0
1308432,37.0
1308624,36.0
1308784,59.0
1308800,38.0
1308832,50.0
1308880,44.0
1308896,36.0
1308912,57.0
1308960,64.0
1308976,61.0
1309008,45.0
1309024,56.0
1309072,40.0
1309088,29.0
1309184,54.0
1309248,74.0
1309376,37.0
1309488,100.0
1309504,78.0
1309536,39.0
1309568,30.0
1309584,43.0
1309616,34.0
1309616,49.0
1309648,48.0
1309696,42.0
1309792,34.0
1309840,54.0
1310000,19.0
1310016,40.0
1310064,55.0
1310064,66.0
1310128,39.0
1310144,36.0
1310144,84.0
1310176,40.0
1310176,35.0
1310256,81.0
1310256,29.0
1310304,29.0
1310416,48.0
1310480,30.0
1310512,56.0
1310528,32.0
1310592,69.0
1310640,36.0
1310768,32.0
1310784,75.0
1310800,39.0
1310848,49.0
1311024,53.0
1311040,49.0
1311072,48.0
1311072,41.0
1311104,60.0
1311200,38.0
1311216,68.0
1311280,48.0
1311312,73.0
1311360,52.0
1311376,38.0
1311440,41.0
1311472,52.0
1311504,64.0
1311616,37.0
1311680,38.0
1311712,54.0
1311728,41.0
1311744,27.0
1311760,41.0
1311808,48.0
1311824,64.0
1311824,39.0
1311872,37.0
1311904,29.0
1312160,49.0
1312176,28.0
1312240,39.0
1312336,33.0
1312336,39.0
1312384,73.0
1312400,56.0
1312416,41.0
1312480,46.0
1312496,42.0
1312496,71.0
1312560,43.0
1312592,70.0
1312624,45.0
1312688,54.0
1312688,22.0
1312704,34.0
1312816,36.0
1312816,30.0
1312864,24.0
1312880,30.0
1312880,75.0
1312992,51.0
1313088,37.0
1313152,29.0
1313168,49.0
1313216,39.0
1313216,21.0
1313264,35.0
1313392,61.0
1313456,60.0
1313488,58.0
1313552,25.0
1313584,23.0
1313584,48.0
1313616,50.0
1313664,11.0
1313712,39.0
1313728,46.0
1313760,67.0
1313776,35.0
1313824,60.0
1313936,82.0
1314096,24.0
1314208,41.0
1314256,68.0
1314368,44.0
1314432,73.0
1314448,45.0
1314448,98.0
1314464,55.0
1314496,55.0
1314544,60.0
1314576,70.0
1314592,41.0
1314608,76.0
1314640,12.0
1314640,51.0
1314752,62.0
1314832,36.0
1314896,70.0
1314992,34.0
1315024,58.0
1315072,36.0
1315088,41.0
1315120,33.0
1315184,34.0
1315232,54.0
1315296,68.0
1315296,43.0
1315392,58.0
1315408,36.0
1315584,35.0
1315600,38.0
1315616,61.0
1315632,55.0
1315648,67.0
1315680,49.0
1315808,46.0
1315824,46.0
1315824,33.0
1315824,26.0
1315904,42.0
1315920,86.0
1315936,51.0
1315968,21.0
1316000,44.0
1316160,35.0
1316272,68.0
1316352,44.0
1316368,35.0
1316384,35.0
1316400,36.0
1316416,50.0
1316512,38.0
1316544,34.0
1316624,65.0
1316640,51.0
1316672,47.0
1316672,32.0
1316736,84.0
1316736,22.0
1316800,52.0
1316800,70.0
1316864,31.0
1316864,28.0
1316992,66.0
1317040,43.0
1317120,30.0
1317152,47.0
1317248,39.0
1317280,38.0
1317312,65.0
1317360,43.0
1317376,36.0
1317408,56.0
1317520,41.0
1317584,65.0
1317616,29.0
1317632,56.0
1317648,38.0
1317728,62.0
1317744,59.0
1317792,58.0
1317824,44.0
1317824,28.0
1317840,53.0
1317872,39.0
1317904,34.0
1317952,42.0
1318064,27.0
1318112,50.0
1318176,28.0
1318224,38.0
1318256,27.0
1318256,42.0
1318320,36.0
1318368,26.0
1318432,38.0
1318464,42.0
1318592,67.0
1318640,62.0
1318672,38.0
1318688,29.0
1318704,54.0
1318768,37.0
1318912,50.0
1318912,37.0
1318928,66.0
1318960,44.0
1318976,98.0
1318992,46.0
1319008,69.0
1319136,34.0
1319328,26.0
1319392,60.0
1319392,43.0
1319408,65.0
1319488,30.0
1319504,54.0
1319584,56.0
1319616,72.0
1319680,57.0
1319696,49.0
1319744,38.0
1319744,67.0
1319760,52.0
1319824,53.0
1319888,56.0
1319888,31.0
1319984,41.0
1320032,40.0
1320080,70.0
1320080,25.0
1320112,44.0
1320128,39.0
1320160,42.0
1320176,26.0
1320240,39.0
1320368,39.0
1320384,35.0
1320384,50.0
1320528,34.0
1320544,53.0
1320560,42.0
1320560,28.0
1320688,59.0
1320704,39.0
1320864,61.0
1320896,32.0
1320928,50.0
1320960,58.0
1320976,56.0
1321008,53.0
1321056,31.0
1321200,42.0
1321248,55.0
1321280,65.0
1321296,47.0
1321296,57.0
1321360,41.0
1321408,53.0
1321424,78.0
1321424,33.0
1321440,36.0
1321504,28.0
1321728,47.0
1321744,66.0
1321760,30.0
1321760,50.0
1321856,41.0
1321920,42.0
1321920,39.0
1321968,65.0
1322032,64.0
1322080,40.0
1322112,47.0
1322160,47.0
1322176,47.0
1322208,29.0
1322288,35.0
1322304,50.0
1322384,39.0
1322448,33.0
1322496,33.0
1322512,25.0
1322528,48.0
1322544,32.0
1322576,45.0
1322608,19.0
1322608,74.0
1322672,37.0
1322736,28.0
1322768,38.0
1322768,53.0
1322768,35.0
1322832,20.0
1322912,33.0
1322944,28.0
1322944,103.0
1322992,28.0
1322992,51.0
1323072,39.0
1323152,34.0
1323168,31.0
1323184,41.0
1323280,32.0
1323328,45.0
1323344,36.0
1323376,38.0
1323408,42.0
1323472,35.0
1323488,31.0
1323520,33.0
1323600,28.0
1323632,29.0
1323664,37.0
1323680,31.0
1323744,50.0
1323792,26.0
1323840,79.0
1323904,39.0
1323904,60.0
1323920,37.0
1323920,32.0
1323984,31.0
1324000,41.0
1324080,38.0
1324144,34.0
1324208,33.0
1324224,87.0
1324400,48.0
1324432,28.0
1324448,28.0
1324496,26.0
1324496,36.0
1324528,63.0
1324608,54.0
1324624,49.0
1324688,49.0
1324704,50.0
1324752,34.0
1324768,61.0
1324864,59.0
1324864,40.0
1324896,77.0
1325088,40.0
1325088,35.0
1325088,59.0
1325136,33.0
1325200,32.0
1325200,44.0
1325248,39.0
1325360,54.0
1325424,42.0
1325440,34.0
1325440,63.0
1325456,43.0
1325488,39.0
1325520,51.0
1325536,25.0
1325568,73.0
1325664,36.0
1325712,53.0
1325792,44.0
1325808,38.0
1325920,30.0
1325952,47.0
1326000,29.0
1326016,58.0
1326032,38.0
1326096,36.0
1326128,55.0
1326160,45.0
1326160,44.0
1326240,55.0
1326240,47.0
1326304,40.0
1326336,48.0
1326384,37.0
1326432,45.0
1326512,35.0
1326528,38.0
1326544,28.0
1326576,48.0
1326576,28.0
1326608,37.0
1326688,28.0
1326688,24.0
1326688,33.0
1326768,48.0
1326864,52.0
1326912,24.0
1326992,47.0
1327072,43.0
1327088,47.0
1327088,41.0
1327088,32.0
1327104,26.0
1327152,62.0
1327200,37.0
1327216,44.0
1327216,33.0
1327328,40.0
1327376,52.0
1327408,34.0
1327568,41.0
1327568,30.0
1327680,37.0
1327680,57.0
1327696,44.0
1327696,34.0
1327712,39.0
1327728,25.0
1327984,57.0
1327984,38.0
1328000,27.0
1328032,29.0
1328064,54.0
1328080,54.0
1328128,57.0
1328192,29.0
1328272,54.0
1328352,41.0
1328352,40.0
1328480,28.0
1328512,121.0
1328528,53.0
1328560,36.0
1328576,28.0
1328592,56.0
1328608,33.0
1328624,40.0
1328656,97.0
1328720,65.0
1328992,40.0
1329040,61.0
1329056,33.0
1329104,52.0
1329184,38.0
1329184,74.0
1329264,47.0
1329264,44.0
1329280,42.0
1329280,58.0
1329296,40.0
1329312,37.0
1329312,70.0
1329344,54.0
1329408,51.0
1329536,57.0
1329552,32.0
1329616,21.0
1329680,43.0
1329680,25.0
1329712,25.0
1329776,37.0
1329808,47.0
1329888,49.0
1329888,39.0
1329936,39.0
1329968,42.0
1329984,40.0
1330016,52.0
1330240,61.0
1330304,47.0
1330336,41.0
1330368,27.0
1330368,47.0
1330448,40.0
1330448,57.0
1330448,65.0
1330464,43.0
1330512,39.0
1330544,36.0
1330560,34.0
1330560,42.0
1330624,59.0
1330752,65.0
1330848,38.0
1330848,25.0
1330912,34.0
1330992,34.0
1331072,44.0
1331072,32.0
1331104,30.0
1331136,50.0
1331136,52.0
1331168,38.0
1331184,21.0
1331184,40.0
1331376,58.0
1331520,38.0
1331552,65.0
1331568,51.0
1331616,48.0
1331664,31.0
1331664,37.0
1331680,34.0
1331680,106.0
1331808,39.0
1331888,49.0
1331952,60.0
1331952,51.0
1332000,51.0
1332048,99.0
1332064,43.0
1332064,25.0
1332208,40.0
1332208,34.0
1332240,35.0
1332256,44.0
1332288,42.0
1332400,55.0
1332480,33.0
1332512,44.0
1332576,36.0
1332608,58.0
1332624,35.0
1332720,42.0
1332720,52.0
1332752,43.0
1332768,33.0
1332800,53.0
1332800,37.0
1332864,36.0
1332896,40.0
1332944,117.0
1332976,48.0
1333056,21.0
1333072,37.0
1333104,44.0
1333136,39.0
1333168,37.0
1333184,36.0
1333264,32.0
1333296,42.0
1333440,45.0
1333488,34.0
1333504,33.0
1333536,42.0
1333600,52.0
1333712,40.0
1333744,40.0
1333744,43.0
1333760,54.0
1333824,64.0
1333952,48.0
1333984,53.0
1334032,54.0
1334048,34.0
1334080,80.0
1334080,49.0
1334096,35.0
1334256,51.0
1334320,38.0
1334320,36.0
1334352,54.0
1334368,39.0
1334368,38.0
1334400,71.0
1334400,23.0
1334416,29.0
1334416,37.0
1334528,58.0
1334688,27.0
1334704,39.0
1334704,39.0
1334816,28.0
1334816,31.0
1334864,51.0
1334896,36.0
1334944,33.0
1334960,34.0
1334992,37.0
1335056,43.0
1335072,42.0
1335120,64.0
1335232,44.0
1335232,55.0
1335264,35.0
1335376,35.0
1335376,26.0
1335408,37.0
1335456,48.0
1335472,33.0
1335536,40.0
1335568,21.0
1335616,102.0
1335616,39.0
1335632,36.0
1335696,27.0
1335760,66.0
1335808,25.0
1335888,51.0
1335952,36.0
1335968,53.0
1336016,72.0
1336064,38.0
1336128,47.0
1336224,38.0
1336240,63.0
1336240,30.0
1336272,40.0
1336304,43.0
1336304,52.0
1336320,32.0
1336416,45.0
1336576,63.0
1336592,33.0
1336608,45.0
1336624,41.0
1336640,26.0
1336816,36.0
1336848,82.0
1336864,35.0
1336880,40.0
1336896,55.0
1336928,39.0
1336928,50.0
1336960,63.0
1336992,25.0
1336992,42.0
1337040,26.0
1337200,37.0
1337280,40.0
1337312,46.0
1337392,61.0
1337424,33.0
1337488,40.0
1337504,39.0
1337536,45.0
1337552,43.0
1337568,81.0
1337600,40.0
1337712,25.0
1337712,45.0
1337712,49.0
1337840,26.0
1337840,50.0
1337840,35.0
1337856,23.0
1337872,55.0
1337904,23.0
1337968,65.0
1338000,50.0
1338240,46.0
1338256,34.0
1338288,36.0
1338288,45.0
1338480,68.0
1338512,38.0
1338544,42.0
1338544,43.0
1338560,37.0
1338640,50.0
1338656,26.0
1338656,59.0
1338672,52.0
1338784,74.0
1338800,50.0
1338816,33.0
1338944,69.0
1338960,88.0
1338976,43.0
1339056,36.0
1339120,36.0
1339216,34.0
1339280,39.0
1339296,65.0
1339456,56.0
1339488,34.0
1339504,54.0
1339552,65.0
1339600,40.0
1339616,67.0
1339632,53.0
1339632,61.0
1339664,53.0
1339712,37.0
1339744,59.0
1339760,29.0
1339840,35.0
1339872,56.0
1339904,28.0
1340000,59.0
1340112,39.0
1340128,57.0
1340128,31.0
1340208,37.0
1340224,39.0
1340256,44.0
1340336,31.0
1340384,55.0
1340384,45.0
1340416,44.0
1340464,37.0
1340528,39.0
1340544,57.0
1340544,50.0
1340608,12.0
1340624,31.0
1340720,38.0
1340736,46.0
1340816,30.0
1340880,21.0
1340912,43.0
1341024,40.0
1341040,80.0
1341056,50.0
1341072,54.0
1341152,34.0
1341184,66.0
1341344,45.0
1341360,61.0
1341392,41.0
1341408,54.0
1341488,28.0
1341488,36.0
1341552,64.0
1341568,31.0
1341584,27.0
1341600,49.0
1341664,59.0
1341696,32.0
1341808,58.0
1341808,29.0
1341920,91.0
1341936,57.0
1342000,25.0
1342000,38.0
1342016,60.0
1342144,21.0
1342144,41.0
1342176,51.0
1342192,39.0
1342320,32.0
1342352,54.0
1342368,51.0
1342368,49.0
1342416,63.0
1342464,28.0
1342480,34.0
1342512,53.0
1342576,36.0
1342576,27.0
1342608,43.0
1342736,37.0
1342736,46.0
1342736,34.0
1342784,68.0
1342928,47.0
1343024,41.0
1343024,35.0
1343072,45.0
1343120,34.0
1343152,40.0
1343168,43.0
1343168,24.0
1343184,54.0
1343200,37.0
1343264,53.0
1343280,57.0
1343392,51.0
1343504,48.0
1343600,54.0
1343616,29.0
1343632,27.0
1343680,41.0
1343696,42.0
1343728,50.0
1343760,40.0
1343792,66.0
1343824,40.0
1343856,36.0
1343872,30.0
1343968,29.0
1344064,56.0
1344064,50.0
1344144,29.0
1344224,39.0
1344256,35.0
1344288,76.0
1344336,36.0
1344368,75.0
1344448,45.0
1344496,44.0
1344608,46.0
1344640,49.0
1344640,64.0
1344784,51.0
1344800,73.0
1344816,37.0
1344992,34.0
1345008,59.0
1345008,25.0
1345040,49.0
1345152,63.0
1345152,23.0
1345200,86.0
1345232,73.0
1345264,61.0
1345280,57.0
1345280,49.0
1345296,41.0
1345344,44.0
1345424,68.0
1345632,51.0
1345664,54.0
1345744,37.0
1345760,29.0
1345792,49.0
1345936,58.0
1345952,60.0
1345968,48.0
1346032,25.0
1346032,62.0
1346032,43.0
1346032,50.0
1346032,47.0
1346096,52.0
1346144,62.0
1346176,56.0
1346288,39.0
1346304,35.0
1346384,39.0
1346416,24.0
1346432,40.0
1346496,67.0
1346512,30.0
1346560,24.0
1346688,47.0
1346720,43.0
1346736,44.0
1346752,49.0
1346768,46.0
1346832,55.0
1346992,19.0
1347024,55.0
1347136,40.0
1347152,26.0
1347152,53.0
1347168,47.0
1347184,42.0
1347200,48.0
1347328,21.0
1347376,80.0
1347392,35.0
1347424,71.0
1347424,41.0
1347520,60.0
1347600,36.0
1347664,80.0
1347696,59.0
1347856,42.0
1347904,47.0
1347952,50.0
1347952,27.0
1347984,24.0
1347984,79.0
1348016,37.0
1348032,38.0
1348032,52.0
1348080,47.0
1348208,65.0
1348256,70.0
1348272,20.0
1348384,45.0
1348416,65.0
1348464,24.0
1348512,33.0
1348544,43.0
1348576,39.0
1348592,35.0
1348640,41.0
1348640,59.0
1348704,43.0
1348736,44.0
1348832,35.0
1348864,60.0
1348912,25.0
1349056,104.0
1349088,42.0
1349184,58.0
1349200,35.0
1349200,41.0
1349216,52.0
1349232,20.0
1349264,39.0
1349264,27.0
1349328,70.0
1349360,49.0
1349424,52.0
1349520,49.0
1349568,30.0
1349584,24.0
1349600,25.0
1349680,76.0
1349696,23.0
1349760,36.0
1349776,45.0
1349840,26.0
1349872,73.0
1349888,39.0
1349920,35.0
1349952,68.0
1349968,46.0
1349984,48.0
1350048,49.0
1350112,33.0
1350160,40.0
1350240,34.0
1350272,25.0
1350400,40.0
1350416,53.0
1350448,53.0
1350592,42.0
1350704,58.0
1350720,55.0
1350800,47.0
1350832,72.0
1350912,59.0
1350912,47.0
1351104,44.0
1351104,52.0
1351168,29.0
1351200,30.0
1351232,25.0
1351248,41.0
1351248,79.0
1351328,68.0
1351360,35.0
1351376,79.0
1351376,58.0
1351600,43.0
1351664,111.0
1351696,37.0
1351728,111.0
1351744,31.0
1351760,35.0
1351792,35.0
1351792,43.0
1351872,39.0
1351872,60.0
1351920,47.0
1351952,39.0
1351984,38.0
1352096,45.0
1352144,28.0
1352192,28.0
1352192,52.0
1352400,26.0
1352432,35.0
1352496,44.0
1352496,52.0
1352528,50.0
1352528,24.0
1352528,41.0
1352576,49.0
1352608,63.0
1352640,45.0
1352688,37.0
1352704,32.0
1352736,145.0
1352736,61.0
1352896,23.0
1352992,37.0
1353088,71.0
1353152,41.0
1353216,64.0
1353232,34.0
1353264,41.0
1353280,47.0
1353280,44.0
1353344,22.0
1353360,54.0
1353456,45.0
1353472,59.0
1353504,48.0
1353520,27.0
1353536,40.0
1353568,58.0
1353584,72.0
1353744,37.0
1353792,28.0
1353872,37.0
1353920,44.0
1353920,76.0
1354032,48.0
1354048,37.0
1354080,45.0
1354096,37.0
1354192,38.0
1354240,42.0
1354272,46.0
1354320,36.0
1354352,67.0
1354352,35.0
1354368,28.0
1354384,57.0
1354448,58.0
1354480,24.0
1354496,79.0
1354512,37.0
1354560,30.0
1354736,44.0
1354816,36.0
1354816,48.0
1354896,44.0
1354896,39.0
1354912,35.0
1354912,35.0
1354944,39.0
1354992,70.0
1355024,40.0
1355088,45.0
1355088,33.0
1355088,40.0
1355136,39.0
1355200,44.0
1355392,57.0
1355440,31.0
1355504,38.0
1355536,39.0
1355616,37.0
1355648,57.0
1355696,38.0
1355712,39.0
1355712,36.0
1355744,52.0
1355744,41.0
1355840,40.0
1355856,65.0
1355984,34.0
1356000,69.0
1356016,75.0
1356080,43.0
1356096,37.0
1356128,71.0
1356208,37.0
1356240,31.0
1356304,38.0
1356304,35.0
1356336,50.0
1356368,45.0
1356400,25.0
1356512,13.0
1356512,50.0
1356544,43.0
1356672,60.0
1356704,45.0
1356704,39.0
1356720,39.0
1356736,56.0
1356752,39.0
1356768,25.0
1356864,53.0
1356896,37.0
1356912,42.0
1356944,25.0
1356960,39.0
1357024,39.0
1357040,52.0
1357120,24.0
1357184,29.0
1357296,37.0
1357360,29.0
1357376,38.0
1357504,47.0
1357552,55.0
1357568,41.0
1357600,68.0
1357632,43.0
1357712,33.0
1357712,37.0
1357712,63.0
1357824,33.0
1357840,61.0
1357856,56.0
1357888,86.0
1357936,24.0
1357984,60.0
1358160,28.0
1358192,37.0
1358240,54.0
1358336,28.0
1358352,82.0
1358432,28.0
1358448,51.0
1358528,60.0
1358528,51.0
1358592,48.0
1358704,62.0
1358800,59.0
1358848,57.0
1358864,42.0
1358896,23.0
1358928,98.0
1358944,69.0
1358992,47.0
1359024,42.0
1359120,101.0
1359120,42.0
1359120,37.0
1359200,48.0
1359200,54.0
1359200,38.0
1359248,34.0
1359424,35.0
1359520,37.0
1359536,26.0
1359584,37.0
1359584,49.0
1359600,36.0
1359632,92.0
1359664,29.0
1359680,49.0
1359712,32.0
1359728,49.0
1359744,56.0
1359792,34.0
1359872,47.0
1360032,52.0
1360176,32.0
1360224,69.0
1360320,43.0
1360336,37.0
1360400,50.0
1360416,46.0
1360416,44.0
1360464,65.0
1360480,56.0
1360496,60.0
1360560,61.0
1360560,43.0
1360592,54.0
1360688,32.0
1360704,57.0
1360880,41.0
1360880,85.0
1360928,38.0
1360976,35.0
1361056,31.0
1361104,48.0
1361152,47.0
1361168,42.0
1361200,49.0
1361328,39.0
1361328,48.0
1361344,55.0
1361360,48.0
1361456,48.0
1361488,63.0
1361616,43.0
1361728,47.0
1361744,40.0
1361824,41.0
1361872,62.0
1361920,54.0
1361936,66.0
1361952,39.0
1362032,52.0
1362032,44.0
1362048,126.0
1362048,37.0
1362096,30.0
1362096,23.0
1362112,39.0
1362160,63.0
1362288,58.0
1362304,35.0
1362448,36.0
1362464,70.0
1362512,36.0
1362544,27.0
1362672,47.0
1362704,41.0
1362768,51.0
1362928,56.0
1362960,57.0
1363040,23.0
1363040,59.0
1363056,47.0
1363056,56.0
1363120,42.0
1363136,82.0
1363168,41.0
1363216,70.0
1363328,49.0
1363328,81.0
1363440,61.0
1363440,42.0
1363520,22.0
1363520,77.0
1363536,36.0
1363568,33.0
1363584,55.0
1363600,35.0
1363632,44.0
1363760,39.0
1363808,30.0
1363856,50.0
1363872,41.0
1363936,38.0
1363984,28.0
1364016,56.0
1364032,61.0
1364032,32.0
1364048,33.0
1364096,41.0
1364256,41.0
1364368,46.0
1364384,25.0
1364496,58.0
1364496,40.0
1364544,46.0
1364544,28.0
1364544,42.0
1364576,34.0
1364672,46.0
1364688,78.0
1364688,40.0
1364736,45.0
1364832,50.0
1364896,82.0
1364928,24.0
1364976,25.0
1365040,41.0
1365152,41.0
1365216,60.0
1365216,53.0
1365312,51.0
1365328,49.0
1365328,37.0
1365344,41.0
1365376,101.0
1365472,36.0
1365488,51.0
1365600,57.0
1365616,49.0
1365632,44.0
1365680,71.0
1365760,49.0
1365792,47.0
1365792,30.0
1365824,42.0
1365904,43.0
1366048,45.0
1366096,38.0
1366240,56.0
1366272,56.0
1366320,35.0
1366320,40.0
1366336,63.0
1366352,71.0
1366416,59.0
1366432,51.0
1366432,38.0
1366464,54.0
1366512,55.0
1366528,30.0
1366544,47.0
1366560,48.0
1366816,34.0
1366912,51.0
1366912,35.0
1366928,38.0
1366944,65.0
1366960,45.0
1367024,38.0
1367056,39.0
1367136,51.0
1367136,50.0
1367184,40.0
1367216,47.0
1367312,55.0
1367344,52.0
1367440,39.0
1367440,26.0
1367456,34.0
1367552,40.0
1367600,40.0
1367664,38.0
1367680,34.0
1367760,52.0
1367776,52.0
1367856,81.0
1367856,83.0
1367872,35.0
1367936,47.0
1367968,47.0
1367968,52.0
1368048,44.0
1368096,41.0
1368128,36.0
1368256,31.0
1368272,52.0
1368272,42.0
1368288,38.0
1368320,28.0
1368400,22.0
1368544,48.0
1368560,39.0
1368576,38.0
1368576,57.0
1368624,48.0
1368640,23.0
1368656,43.0
1368672,24.0
1368832,32.0
1368880,89.0
1369072,51.0
1369104,29.0
1369136,54.0
1369168,37.0
1369216,51.0
1369296,45.0
1369328,31.0
1369360,44.0
1369376,47.0
1369456,57.0
1369504,39.0
1369536,54.0
1369712,21.0
1369760,43.0
1369760,39.0
1369824,79.0
1369840,34.0
1369936,36.0
1369952,53.0
1370000,119.0
1370032,136.0
1370128,50.0
1370240,49.0
1370288,47.0
1370304,136.0
1370304,50.0
1370320,38.0
1370336,36.0
1370416,37.0
1370464,44.0
1370464,78.0
1370640,40.0
1370640,92.0
1370704,25.0
1370768,40.0
1370768,51.0
1370880,65.0
1370896,37.0
1370896,35.0
1370944,63.0
1370976,46.0
1371040,45.0
1371056,64.0
1371104,29.0
1371248,52.0
1371264,61.0
1371392,21.0
1371440,46.0
1371552,57.0
1371552,68.0
1371568,37.0
1371584,51.0
1371616,53.0
1371648,74.0
1371664,45.0
1371792,56.0
1371792,47.0
1371872,61.0
1372016,47.0
1372032,40.0
1372064,26.0
1372064,31.0
1372064,32.0
1372192,82.0
1372224,70.0
1372240,62.0
1372336,34.0
1372368,58.0
1372432,40.0
1372464,57.0
1372480,54.0
1372480,26.0
1372496,52.0
1372640,38.0
1372656,37.0
1372672,50.0
1372752,24.0
1372784,48.0
1372800,38.0
1372832,48.0
1372896,35.0
1372896,42.0
1372992,88.0
1373024,34.0
1373120,55.0
1373168,43.0
1373184,24.0
1373184,47.0
1373216,34.0
1373232,48.0
1373296,29.0
1373360,29.0
1373424,33.0
1373440,50.0
1373456,42.0
1373488,52.0
1373488,62.0
1373712,43.0
1373728,38.0
1373776,64.0
1373984,48.0
1374048,37.0
1374064,39.0
1374064,56.0
1374080,56.0
1374080,56.0
1374096,42.0
1374176,55.0
1374192,44.0
1374208,45.0
1374224,28.0
1374224,54.0
1374352,39.0
1374464,92.0
1374544,52.0
1374624,35.0
1374688,32.0
1374752,42.0
1374752,41.0
1374800,47.0
1374832,38.0
1374880,56.0
1374928,106.0
1374976,57.0
1374992,40.0
1375056,52.0
1375072,33.0
1375136,58.0
1375168,26.0
1375296,76.0
1375360,42.0
1375360,23.0
1375376,57.0
1375440,51.0
1375440,43.0
1375552,47.0
1375632,41.0
1375664,46.0
1375680,53.0
1375696,35.0
1375760,43.0
1375792,27.0
1375952,32.0
1375968,68.0
1376016,53.0
1376048,43.0
1376096,65.0
1376096,50.0
1376128,43.0
1376176,34.0
1376176,24.0
1376192,51.0
1376272,45.0
1376304,34.0
1376336,134.0
1376368,44.0
1376416,45.0
1376416,46.0
1376544,37.0
1376608,37.0
1376704,38.0
1376768,40.0
1376768,36.0
1376832,54.0
1376848,36.0
1376864,28.0
1376864,43.0
1376896,50.0
1376896,33.0
1376944,38.0
1377024,45.0
1377040,39.0
1377120,59.0
1377168,35.0
1377264,25.0
1377312,26.0
1377376,32.0
1377392,43.0
1377392,34.0
1377392,31.0
1377408,24.0
1377440,56.0
1377456,43.0
1377504,91.0
1377504,21.0
1377600,48.0
1377728,60.0
1377776,52.0
1377792,25.0
1377840,50.0
1377888,39.0
1377984,30.0
1378000,43.0
1378112,45.0
1378128,42.0
1378192,67.0
1378208,30.0
1378240,54.0
1378256,41.0
1378288,49.0
1378416,64.0
1378448,65.0
1378640,75.0
1378656,42.0
1378704,44.0
1378704,36.0
1378704,28.0
1378720,52.0
1378752,40.0
1378784,23.0
1378848,40.0
1378896,44.0
1378928,72.0
1378960,45.0
1378992,34.0
1379088,24.0
1379152,54.0
1379216,27.0
1379264,38.0
1379264,35.0
1379328,43.0
1379328,23.0
1379504,38.0
1379600,113.0
1379616,111.0
1379616,56.0
1379616,57.0
1379712,39.0
1379712,49.0
1379808,66.0
1379872,38.0
1379904,66.0
1379984,45.0
1380032,26.0
1380144,51.0
1380208,44.0
1380256,58.0
1380288,71.0
1380320,26.0
1380352,30.0
1380352,46.0
1380384,73.0
1380400,88.0
1380416,44.0
1380416,44.0
1380432,52.0
1380480,54.0
1380544,25.0
1380640,38.0
1380752,25.0
1380752,21.0
1380800,51.0
1380912,33.0
1380960,47.0
1381024,37.0
1381088,28.0
1381136,24.0
1381136,55.0
1381168,51.0
1381168,48.0
1381168,85.0
1381232,51.0
1381344,50.0
1381360,12.0
1381392,67.0
1381440,60.0
1381488,75.0
1381504,34.0
1381520,38.0
1381536,49.0
1381584,28.0
1381632,34.0
1381712,34.0
1381728,37.0
1381824,30.0
1381840,65.0
1381840,28.0
1381888,11.0
1381904,55.0
1381920,43.0
1381968,38.0
1382080,12.0
1382144,32.0
1382144,40.0
1382208,65.0
1382304,25.0
1382432,37.0
1382464,46.0
1382480,41.0
1382512,61.0
1382512,64.0
1382560,61.0
1382576,71.0
1382688,38.0
1382736,51.0
1382768,39.0
1382800,37.0
1382880,46.0
1382896,66.0
1382912,28.0
1382960,17.0
1382976,31.0
1382976,91.0
1383040,67.0
1383120,51.0
1383168,46.0
1383216,30.0
1383408,53.0
1383440,29.0
1383472,60.0
1383520,59.0
1383536,41.0
1383616,36.0
1383632,70.0
1383728,47.0
1383728,52.0
1383728,48.0
1383760,37.0
1383808,65.0
1383808,56.0
1383856,28.0
1383920,50.0
1383968,73.0
1384032,32.0
1384048,52.0
1384096,23.0
1384128,20.0
1384128,25.0
1384160,34.0
1384192,35.0
1384336,54.0
1384368,52.0
1384432,42.0
1384448,45.0
1384464,41.0
1384656,35.0
1384688,41.0
1384752,39.0
1384864,63.0
1384880,47.0
1384896,53.0
1385024,69.0
1385056,56.0
1385072,38.0
1385120,72.0
1385136,48.0
1385232,36.0
1385232,65.0
1385264,51.0
1385312,61.0
1385328,56.0
1385360,31.0
1385472,45.0
1385568,42.0
1385632,38.0
1385760,25.0
1385792,45.0
1385808,36.0
1385872,35.0
1386000,54.0
1386016,43.0
1386048,73.0
1386064,164.0
1386144,55.0
1386176,66.0
1386240,27.0
1386256,24.0
1386288,51.0
1386320,43.0
1386336,69.0
1386528,92.0
1386544,116.0
1386576,36.0
1386592,36.0
1386720,41.0
1386720,34.0
1386768,63.0
1386832,43.0
1386880,35.0
1386896,22.0
1386944,86.0
1387072,64.0
1387072,49.0
1387088,81.0
1387216,43.0
1387216,40.0
1387296,60.0
1387376,38.0
1387408,72.0
1387408,73.0
1387408,51.0
1387440,34.0
1387488,26.0
1387520,28.0
1387632,34.0
1387712,62.0
1387776,56.0
1387776,35.0
1387952,34.0
1387984,65.0
1388016,38.0
1388032,39.0
1388064,22.0
1388080,78.0
1388128,40.0
1388224,58.0
1388240,29.0
1388304,58.0
1388384,38.0
1388432,30.0
1388448,51.0
1388496,111.0
1388512,67.0
1388624,31.0
1388720,41.0
1388720,26.0
1388768,43.0
1388768,21.0
1388864,39.0
1388864,103.0
1388896,86.0
1388928,44.0
1388960,61.0
1389024,62.0
1389104,37.0
1389168,45.0
1389168,49.0
1389184,43.0
1389184,29.0
1389248,24.0
1389264,25.0
1389280,24.0
1389328,44.0
1389392,86.0
1389408,40.0
1389504,36.0
1389520,47.0
1389552,23.0
1389584,54.0
1389648,39.0
1389696,26.0
1389712,34.0
1389776,28.0
1389824,45.0
1389856,43.0
1389904,25.0
1389936,42.0
1389968,35.0
1389984,50.0
1390160,40.0
1390208,51.0
1390240,34.0
1390352,31.0
1390384,50.0
1390416,48.0
1390448,42.0
1390496,49.0
1390544,40.0
1390624,67.0
1390768,52.0
1390816,116.0
1390832,39.0
1390896,46.0
1390896,67.0
1390912,23.0
1390960,62.0
1390976,35.0
1390992,38.0
1391024,36.0
1391168,58.0
1391168,51.0
1391264,80.0
1391472,36.0
1391488,140.0
1391488,33.0
1391488,37.0
1391520,47.0
1391536,57.0
1391536,39.0
1391648,52.0
1391728,56.0
1391776,49.0
1391872,56.0
1391872,86.0
1391920,56.0
1391936,48.0
1391968,30.0
1392032,54.0
1392128,40.0
1392160,42.0
1392224,47.0
1392240,44.0
1392304,65.0
1392320,49.0
1392352,30.0
1392384,29.0
1392384,22.0
1392448,58.0
1392576,58.0
1392592,41.0
1392592,39.0
1392592,54.0
1392704,36.0
1392768,56.0
1392816,23.0
1392864,32.0
1392944,44.0
1392992,52.0
1393056,29.0
1393152,86.0
1393184,50.0
1393200,61.0
1393216,57.0
1393296,57.0
1393328,63.0
1393344,47.0
1393392,43.0
1393424,53.0
1393488,17.0
1393504,40.0
1393536,34.0
1393600,25.0
1393664,32.0
1393680,39.0
1393760,26.0
1393872,80.0
1393952,74.0
1393968,19.0
1394000,44.0
1394016,43.0
1394016,52.0
1394064,70.0
1394160,35.0
1394352,60.0
1394352,96.0
1394352,42.0
1394416,62.0
1394512,64.0
1394544,42.0
1394560,37.0
1394640,39.0
1394656,70.0
1394688,46.0
1394768,26.0
1394784,64.0
1394784,80.0
1394880,54.0
1394896,46.0
1394912,35.0
1394912,53.0
1394960,34.0
1395072,27.0
1395120,36.0
1395152,40.0
1395200,40.0
1395216,76.0
1395232,29.0
1395248,56.0
1395328,27.0
1395360,28.0
1395408,45.0
1395424,48.0
1395440,35.0
1395456,42.0
1395472,43.0
1395568,41.0
1395664,34.0
1395664,44.0
1395776,36.0
1395792,24.0
1395808,41.0
1395824,38.0
1395872,26.0
1395872,34.0
1395904,29.0
1395904,41.0
1395952,45.0
1396048,39.0
1396112,65.0
1396160,23.0
1396256,28.0
1396256,43.0
1396272,38.0
1396352,55.0
1396416,32.0
1396416,47.0
1396480,27.0
1396496,39.0
1396528,47.0
1396576,39.0
1396576,42.0
1396624,47.0
1396672,53.0
1396688,26.0
1396896,49.0
1396912,47.0
1396928,98.0
1397040,43.0
1397056,50.0
1397136,38.0
1397136,41.0
1397152,41.0
1397168,37.0
1397184,48.0
1397216,60.0
1397232,35.0
1397296,38.0
1397424,32.0
1397456,65.0
1397504,55.0
1397536,31.0
1397552,24.0
1397552,23.0
1397616,65.0
1397680,39.0
1397728,52.0
1397824,42.0
1397824,56.0
1397920,23.0
1397952,51.0
1397968,47.0
1398016,30.0
1398064,52.0
1398176,55.0
1398208,41.0
1398224,68.0
1398272,48.0
1398352,24.0
1398416,37.0
1398512,68.0
1398576,56.0
1398576,53.0
1398704,33.0
1398816,50.0
1398832,48.0
1398848,77.0
1398864,40.0
1399008,27.0
1399024,51.0
1399024,12.0
1399104,72.0
1399136,35.0
1399184,57.0
1399184,52.0
1399200,11.0
1399232,82.0
1399344,52.0
1399376,97.0
1399520,51.0
1399536,130.0
1399552,43.0
1399584,25.0
1399632,51.0
1399712,43.0
1399728,82.0
1399808,36.0
1399824,61.0
1399840,40.0
1399920,46.0
1399920,21.0
1399968,39.0
1400000,30.0
1400000,56.0
1400048,65.0
1400048,32.0
1400144,48.0
1400224,42.0
1400272,19.0
1400320,43.0
1400336,39.0
1400528,38.0
1400560,40.0
1400608,50.0
1400640,40.0
1400640,51.0
1400656,27.0
1400720,55.0
1400720,99.0
1400784,66.0
1400848,50.0
1400928,58.0
1400976,58.0
1400992,53.0
1401136,38.0
1401280,45.0
1401296,60.0
1401296,61.0
1401344,44.0
1401424,51.0
1401440,32.0
1401440,50.0
1401568,36.0
1401600,55.0
1401616,56.0
1401632,49.0
1401664,23.0
1401664,43.0
1401664,63.0
1401696,26.0
1401760,93.0
1401776,62.0
1401968,39.0
1402048,47.0
1402080,32.0
1402192,26.0
1402208,48.0
1402208,48.0
1402240,39.0
1402240,36.0
1402336,36.0
1402368,59.0
1402496,50.0
1402528,87.0
1402528,54.0
1402576,57.0
1402608,61.0
1402656,28.0
1402752,44.0
1402768,73.0
1402832,54.0
1402864,39.0
1402912,26.0
1402960,37.0
1402976,48.0
1403024,59.0
1403152,60.0
1403184,36.0
1403200,54.0
1403200,39.0
1403312,35.0
1403360,52.0
1403376,34.0
1403392,30.0
1403392,33.0
1403424,41.0
1403472,59.0
1403488,33.0
1403600,39.0
1403648,88.0
1403824,27.0
1403840,41.0
1403856,41.0
1403872,28.0
1404000,39.0
1404000,33.0
1404032,63.0
1404032,42.0
1404144,52.0
1404192,34.0
1404288,56.0
1404304,51.0
1404352,75.0
1404368,107.0
1404448,53.0
1404496,41.0
1404496,31.0
1404560,85.0
1404640,51.0
1404736,54.0
1404768,29.0
1404848,53.0
1404848,62.0
1404864,52.0
1404960,32.0
1405008,45.0
1405024,42.0
1405024,52.0
1405088,45.0
1405104,34.0
1405136,40.0
1405216,74.0
1405280,49.0
1405312,73.0
1405440,36.0
1405536,36.0
1405584,35.0
1405600,47.0
1405664,40.0
1405680,59.0
1405712,36.0
1405776,35.0
1405792,30.0
1405792,59.0
1405840,67.0
1405888,49.0
1405888,55.0
1405936,41.0
1406096,63.0
1406096,41.0
1406112,27.0
1406144,34.0
1406144,30.0
1406160,28.0
1406176,40.0
1406240,25.0
1406288,31.0
1406352,36.0
1406384,37.0
1406416,52.0
1406464,23.0
1406496,35.0
1406592,28.0
1406608,45.0
1406656,126.0
1406784,43.0
1406800,35.0
1406816,22.0
1406832,34.0
1406880,62.0
1407008,52.0
1407024,57.0
1407056,56.0
1407088,46.0
1407136,62.0
1407136,30.0
1407200,37.0
1407216,52.0
1407312,27.0
1407344,47.0
1407408,25.0
1407424,40.0
1407424,37.0
1407456,65.0
1407488,42.0
1407536,28.0
1407552,47.0
1407632,26.0
1407648,72.0
1407696,31.0
1407760,39.0
1407792,48.0
1407792,24.0
1407856,45.0
1407904,53.0
1407968,34.0
1408032,31.0
1408064,26.0
1408080,37.0
1408144,52.0
1408208,36.0
1408224,33.0
1408272,51.0
1408336,62.0
1408336,57.0
1408352,37.0
1408352,31.0
1408464,27.0
1408496,59.0
1408528,39.0
1408528,46.0
1408576,49.0
1408608,40.0
1408656,27.0
1408784,44.0
1408784,40.0
1408800,28.0
1408832,39.0
1408960,56.0
1409056,49.0
1409088,37.0
1409104,36.0
1409152,43.0
1409232,41.0
1409232,39.0
1409328,34.0
1409360,64.0
1409392,46.0
1409408,39.0
1409424,39.0
1409568,65.0
1409744,41.0
1409760,33.0
1409776,42.0
1409824,37.0
1409872,65.0
1409936,61.0
1409936,34.0
1409952,39.0
1409952,50.0
1409968,57.0
1410032,42.0
1410096,43.0
1410144,112.0
1410144,36.0
1410192,48.0
1410224,29.0
1410320,24.0
1410528,36.0
1410544,138.0
1410576,50.0
1410592,35.0
1410640,42.0
1410656,29.0
1410672,50.0
1410688,54.0
1410688,59.0
1410688,47.0
1410864,45.0
1410928,38.0
1410992,25.0
1411008,30.0
1411056,60.0
1411088,27.0
1411168,33.0
1411184,77.0
1411200,39.0
1411200,32.0
1411216,42.0
1411264,65.0
1411296,38.0
1411376,24.0
1411408,79.0
1411424,23.0
1411488,50.0
1411536,38.0
1411632,34.0
1411664,30.0
1411680,29.0
1411744,28.0
1411744,34.0
1411776,48.0
1411808,59.0
1411808,40.0
1411824,39.0
1411888,25.0
1411920,78.0
1411936,42.0
1411968,35.0
1412032,38.0
1412160,49.0
1412192,24.0
1412240,44.0
1412256,37.0
1412304,26.0
1412368,25.0
1412384,44.0
1412432,41.0
1412432,50.0
1412496,29.0
1412528,38.0
1412576,48.0
1412640,24.0
1412640,56.0
1412656,57.0
1412672,53.0
1412752,24.0
1412768,52.0
1412784,30.0
1412832,42.0
1412896,41.0
1412928,31.0
1412944,47.0
1413072,25.0
1413088,44.0
1413104,42.0
1413104,33.0
1413136,31.0
1413200,44.0
1413232,28.0
1413232,36.0
1413360,38.0
1413392,28.0
1413472,59.0
1413600,44.0
1413616,49.0
1413616,24.0
1413632,35.0
1413648,63.0
1413696,38.0
1413712,49.0
1413792,43.0
1413856,41.0
1413904,71.0
1413920,49.0
1413984,47.0
1414112,47.0
1414176,34.0
1414192,50.0
1414208,46.0
1414256,34.0
1414256,38.0
1414288,74.0
1414352,46.0
1414352,46.0
1414560,54.0
1414592,62.0
1414624,32.0
1414640,24.0
1414672,30.0
1414752,36.0
1414800,28.0
1414832,36.0
1414832,34.0
1414960,47.0
1414976,67.0
1414976,62.0
1414992,75.0
1415104,27.0
1415152,37.0
1415152,81.0
1415312,30.0
1415360,90.0
1415376,49.0
1415376,25.0
1415392,65.0
1415504,47.0
1415536,34.0
1415568,37.0
1415568,46.0
1415568,58.0
1415584,39.0
1415664,54.0
1415744,27.0
1415840,29.0
1415904,25.0
1415936,34.0
1415952,24.0
1416000,40.0
1416032,55.0
1416112,60.0
1416144,25.0
1416192,51.0
1416368,52.0
1416448,32.0
1416448,55.0
1416480,116.0
1416592,58.0
1416624,95.0
1416656,39.0
1416704,54.0
1416720,72.0
1416768,25.0
1416832,78.0
1416848,25.0
1416864,54.0
1416880,58.0
1416960,30.0
1417056,59.0
1417072,58.0
1417184,46.0
1417328,46.0
1417344,72.0
1417376,92.0
1417392,34.0
1417440,46.0
1417456,46.0
1417456,25.0
1417472,51.0
1417568,50.0
1417584,44.0
1417664,52.0
1417664,50.0
1417696,46.0
1417744,42.0
1417808,26.0
1417872,43.0
1417920,81.0
1417952,31.0
1418000,26.0
1418144,30.0
1418176,38.0
1418208,55.0
1418224,35.0
1418240,54.0
1418240,27.0
1418288,52.0
1418336,62.0
1418352,57.0
1418464,62.0
1418592,23.0
1418608,38.0
1418736,65.0
1418752,55.0
1418816,40.0
1418848,40.0
1418880,58.0
1418928,36.0
1418944,64.0
1418944,30.0
1418992,24.0
1419056,48.0
1419056,45.0
1419088,84.0
1419232,24.0
1419264,33.0
1419264,24.0
1419344,69.0
1419408,79.0
1419456,44.0
1419504,28.0
1419520,36.0
1419536,38.0
1419584,37.0
1419792,61.0
1419856,57.0
1419952,54.0
1419952,43.0
1420048,113.0
1420096,65.0
1420144,38.0
1420176,59.0
1420192,53.0
1420208,101.0
1420352,56.0
1420400,62.0
1420416,39.0
1420416,29.0
1420544,80.0
1420544,22.0
1420624,48.0
1420624,42.0
1420624,70.0
1420720,39.0
1420720,75.0
1420880,42.0
1420896,53.0
1420896,30.0
1420928,84.0
1420960,35.0
1421024,55.0
1421056,55.0
1421088,29.0
1421280,46.0
1421328,44.0
1421328,38.0
1421344,39.0
1421360,46.0
1421392,27.0
1421408,62.0
1421488,59.0
1421520,40.0
1421664,38.0
1421680,37.0
1421696,84.0
1421760,26.0
1421808,57.0
1421840,59.0
1421888,60.0
1421920,56.0
1421936,41.0
1421936,34.0
1421952,37.0
1421984,31.0
1422032,39.0
1422080,47.0
1422240,34.0
1422320,50.0
1422368,38.0
1422368,24.0
1422416,31.0
1422416,30.0
1422464,33.0
1422560,45.0
1422592,58.0
1422592,57.0
1422624,37.0
1422688,55.0
1422704,29.0
1422752,50.0
1422752,89.0
1422816,25.0
1422864,61.0
1422880,32.0
1422912,14.0
1423024,59.0
1423024,38.0
1423072,32.0
1423072,47.0
1423136,48.0
1423216,29.0
1423264,42.0
1423328,54.0
1423392,36.0
1423488,38.0
1423520,48.0
1423536,57.0
1423600,63.0
1423600,33.0
1423664,37.0
1423664,40.0
1423664,40.0
1423680,34.0
1423712,63.0
1423840,58.0
1423968,44.0
1423984,41.0
1424032,23.0
1424064,36.0
1424144,34.0
1424176,36.0
1424240,33.0
1424256,36.0
1424272,88.0
1424288,67.0
1424400,35.0
1424448,49.0
1424496,69.0
1424512,53.0
1424576,66.0
1424592,38.0
1424608,40.0
1424672,40.0
1424704,28.0
1424752,29.0
1424752,76.0
1424768,44.0
1424848,28.0
1424880,46.0
1424944,44.0
1425120,34.0
1425152,61.0
1425216,39.0
1425232,30.0
1425248,36.0
1425296,64.0
1425344,53.0
1425424,57.0
1425520,42.0
1425536,26.0
1425584,55.0
1425632,54.0
1425632,24.0
1425680,77.0
1425680,67.0
1425696,59.0
1425760,26.0
1425808,24.0
1425840,60.0
1425968,42.0
1425968,64.0
1426032,55.0
1426048,29.0
1426064,33.0
1426112,27.0
1426176,59.0
1426192,32.0
1426240,38.0
1426272,40.0
1426304,49.0
1426304,34.0
1426368,42.0
1426544,44.0
1426560,84.0
1426624,51.0
1426688,31.0
1426704,37.0
1426736,48.0
1426752,44.0
1426896,58.0
1426960,56.0
1426992,43.0
1427056,43.0
1427072,52.0
1427120,51.0
1427200,58.0
1427216,32.0
1427216,41.0
1427264,45.0
1427296,79.0
1427376,24.0
1427392,76.0
1427424,29.0
1427424,50.0
1427472,36.0
1427520,49.0
1427584,52.0
1427600,34.0
1427616,25.0
1427664,34.0
1427664,37.0
1427712,26.0
1427808,38.0
1427904,19.0
1427920,33.0
1427952,30.0
1428000,82.0
1428032,48.0
1428080,35.0
1428080,44.0
1428096,30.0
1428192,48.0
1428192,61.0
1428192,38.0
1428208,25.0
1428224,35.0
1428320,41.0
1428624,39.0
1428688,31.0
1428736,41.0
1428816,39.0
1428832,39.0
1428880,41.0
1428880,91.0
1428976,49.0
1428992,67.0
1429056,23.0
1429088,63.0
1429104,67.0
1429104,30.0
1429184,77.0
1429296,61.0
1429376,31.0
1429424,83.0
1429504,42.0
1429520,101.0
1429536,45.0
1429552,28.0
1429568,52.0
1429728,40.0
1429776,56.0
1429776,129.0
1429840,46.0
1429872,55.0
1429904,30.0
1429904,45.0
1429936,40.0
1429952,36.0
1429984,58.0
1430080,34.0
1430080,36.0
1430160,38.0
1430176,75.0
1430240,45.0
1430304,23.0
1430320,23.0
1430352,32.0
1430416,53.0
1430464,35.0
1430576,31.0
1430640,54.0
1430672,56.0
1430704,50.0
1430704,52.0
1430736,47.0
1430800,45.0
1430944,39.0
1430960,38.0
1430976,46.0
1430992,43.0
1431008,53.0
1431056,22.0
1431072,31.0
1431200,35.0
1431216,50.0
1431232,48.0
1431376,40.0
1431424,23.0
1431440,46.0
1431504,32.0
1431520,32.0
1431584,23.0
1431584,88.0
1431600,39.0
1431616,59.0
1431632,43.0
1431648,28.0
1431680,38.0
1431696,46.0
1431728,58.0
1431856,39.0
1431904,136.0
1432032,32.0
1432048,42.0
1432128,25.0
1432128,30.0
1432224,50.0
1432240,40.0
1432240,38.0
1432288,42.0
1432320,39.0
1432336,56.0
1432432,47.0
1432448,59.0
1432480,56.0
1432560,41.0
1432624,37.0
1432688,40.0
1432704,29.0
1432720,54.0
1432736,38.0
1432736,28.0
1432864,80.0
1432960,52.0
1433008,43.0
1433024,34.0
1433088,25.0
1433088,53.0
1433120,49.0
1433184,47.0
1433184,46.0
1433344,40.0
1433360,46.0
1433408,43.0
1433488,39.0
1433504,26.0
1433520,27.0
1433568,38.0
1433600,54.0
1433616,55.0
1433664,69.0
1433760,40.0
1433808,49.0
1433808,39.0
1433888,33.0
1433888,104.0
1433888,55.0
1433904,35.0
1434016,32.0
1434032,34.0
1434160,34.0
1434176,36.0
1434208,64.0
1434208,50.0
1434208,20.0
1434480,37.0
1434480,60.0
1434496,43.0
1434576,34.0
1434640,55.0
1434672,29.0
1434672,69.0
1434672,54.0
1434688,42.0
1434704,51.0
1434784,39.0
1434848,40.0
1434880,44.0
1434896,12.0
1434944,65.0
1435056,36.0
1435072,24.0
1435104,56.0
1435120,28.0
1435136,92.0
1435168,43.0
1435184,34.0
1435296,50.0
1435344,42.0
1435488,44.0
1435536,60.0
1435552,38.0
1435552,44.0
1435664,49.0
1435664,48.0
1435776,69.0
1435792,45.0
1435824,41.0
1435872,20.0
1435920,49.0
1435936,40.0
1435984,28.0
1436016,57.0
1436080,56.0
1436128,67.0
1436160,51.0
1436176,66.0
1436192,44.0
1436208,34.0
1436208,26.0
1436272,45.0
1436368,34.0
1436464,50.0
1436544,48.0
1436672,43.0
1436720,50.0
1436752,55.0
1436768,40.0
1436784,48.0
1436800,38.0
1436800,40.0
1436816,38.0
1436832,41.0
1436864,41.0
1436864,49.0
1436976,27.0
1436992,45.0
1437072,71.0
1437248,55.0
1437312,53.0
1437312,35.0
1437344,35.0
1437456,46.0
1437456,37.0
1437504,33.0
1437520,53.0
1437552,47.0
1437600,22.0
1437648,52.0
1437664,42.0
1437680,51.0
1437712,40.0
1437728,60.0
1437744,27.0
1437904,67.0
1438000,75.0
1438032,36.0
1438048,44.0
1438112,37.0
1438160,53.0
1438160,44.0
1438224,36.0
1438320,45.0
1438336,49.0
1438336,38.0
1438352,43.0
1438480,48.0
1438512,52.0
1438592,37.0
1438592,53.0
1438752,78.0
1438784,46.0
1438800,28.0
1438816,30.0
1438816,41.0
1438832,50.0
1438864,44.0
1438864,60.0
1439120,38.0
1439152,51.0
1439184,24.0
1439296,74.0
1439296,27.0
1439408,51.0
1439440,60.0
1439504,47.0
1439536,59.0
1439552,46.0
1439552,77.0
1439680,54.0
1439680,91.0
1439792,63.0
1439952,70.0
1439984,43.0
1439984,36.0
1440064,57.0
1440096,34.0
1440112,38.0
1440128,79.0
1440160,65.0
1440160,23.0
1440224,65.0
1440240,43.0
1440304,63.0
1440336,56.0
1440352,23.0
1440416,46.0
1440432,47.0
1440432,56.0
1440496,34.0
1440560,36.0
1440720,41.0
1440800,43.0
1440816,24.0
1440848,47.0
1440848,31.0
1440896,46.0
1440976,51.0
1441072,40.0
1441200,67.0
1441248,22.0
1441344,69.0
1441376,60.0
1441392,56.0
1441408,37.0
1441440,55.0
1441440,29.0
1441488,74.0
1441536,43.0
1441600,79.0
1441680,27.0
1441728,58.0
1441744,64.0
1441760,17.0
1441776,58.0
1441824,47.0
1441888,30.0
1441920,30.0
1441920,34.0
1441968,39.0
1442144,59.0
1442192,50.0
1442240,35.0
1442240,22.0
1442288,32.0
1442304,54.0
1442336,132.0
1442352,38.0
1442368,48.0
1442464,40.0
1442576,41.0
1442672,57.0
1442720,27.0
1442736,34.0
1442736,63.0
1442768,33.0
1442800,55.0
1442816,80.0
1442896,58.0
1442912,36.0
1443024,45.0
1443024,42.0
1443040,23.0
1443104,23.0
1443152,24.0
1443168,58.0
1443344,27.0
1443392,37.0
1443408,37.0
1443504,65.0
1443536,73.0
1443552,61.0
1443568,52.0
1443616,37.0
1443632,33.0
1443664,48.0
1443744,100.0
1443776,39.0
1443872,52.0
1443888,34.0
1443968,50.0
1444096,35.0
1444128,31.0
1444160,38.0
1444192,49.0
1444192,43.0
1444256,96.0
1444272,78.0
1444272,41.0
1444272,24.0
1444304,46.0
1444336,37.0
1444384,62.0
1444496,39.0
1444592,29.0
1444608,21.0
1444624,53.0
1444624,41.0
1444640,28.0
1444656,25.0
1444704,32.0
1444752,28.0
1444768,31.0
1444784,70.0
1444880,45.0
1444976,44.0
1445024,25.0
1445040,44.0
1445040,26.0
1445104,32.0
1445232,71.0
1445248,37.0
1445280,32.0
1445296,50.0
1445312,44.0
1445360,61.0
1445392,40.0
1445440,46.0
1445456,36.0
1445536,56.0
1445600,36.0
1445648,38.0
1445648,38.0
1445664,27.0
1445680,56.0
1445792,51.0
1445904,38.0
1445952,35.0
1445984,33.0
1446016,36.0
1446048,46.0
1446048,48.0
1446048,43.0
1446080,61.0
1446112,54.0
1446176,36.0
1446272,39.0
1446368,52.0
1446464,26.0
1446496,44.0
1446496,26.0
1446512,53.0
1446512,38.0
1446672,39.0
1446720,42.0
1446832,21.0
1446912,60.0
1446928,59.0
1446928,26.0
1446944,42.0
1446960,37.0
1446960,49.0
1446976,81.0
1446976,30.0
1446992,84.0
1447008,31.0
1447088,26.0
1447104,24.0
1447168,72.0
1447408,36.0
1447552,40.0
1447552,36.0
1447568,38.0
1447600,41.0
1447616,39.0
1447616,40.0
1447648,40.0
1447696,46.0
1447712,49.0
1447712,100.0
1447760,41.0
1447888,60.0
1447904,31.0
1447920,47.0
1447968,25.0
1448032,20.0
1448112,25.0
1448128,32.0
1448128,36.0
1448144,24.0
1448192,69.0
1448448,56.0
1448464,125.0
1448528,40.0
1448624,58.0
1448656,33.0
1448672,64.0
1448720,47.0
1448752,38.0
1448752,39.0
1448800,56.0
1448832,40.0
1448912,62.0
1448992,87.0
1449008,22.0
1449200,68.0
1449200,36.0
1449216,47.0
1449264,22.0
1449328,41.0
1449360,52.0
1449376,110.0
1449392,35.0
1449408,41.0
1449440,40.0
1449504,66.0
1449504,49.0
1449584,52.0
1449664,102.0
1449696,44.0
1449824,29.0
1449872,54.0
1449872,41.0
1449920,45.0
1449920,26.0
1449936,38.0
1449984,36.0
1450016,36.0
1450032,41.0
1450064,50.0
1450080,55.0
1450112,28.0
1450128,46.0
1450208,39.0
1450256,35.0
1450352,30.0
1450368,54.0
1450368,28.0
1450416,24.0
1450432,32.0
1450528,32.0
1450688,44.0
1450720,56.0
1450752,39.0
1450752,31.0
1450768,41.0
1450832,39.0
1450832,60.0
1450848,26.0
1450864,58.0
1450880,51.0
1451120,25.0
1451168,68.0
1451184,48.0
1451184,41.0
1451216,54.0
1451264,56.0
1451328,35.0
1451344,61.0
1451392,40.0
1451408,36.0
1451488,41.0
1451536,42.0
1451552,44.0
1451616,58.0
1451632,23.0
1451680,35.0
1451696,59.0
1451712,52.0
1451744,26.0
1451776,24.0
1451872,33.0
1451920,27.0
1451952,48.0
1451984,51.0
1452000,49.0
1452096,22.0
1452192,32.0
1452208,64.0
1452208,37.0
1452288,41.0
1452336,35.0
1452368,51.0
1452400,62.0
1452416,31.0
1452416,55.0
1452432,46.0
1452544,35.0
1452560,53.0
1452576,39.0
1452576,36.0
1452656,49.0
1452704,32.0
1452816,38.0
1452912,44.0
1452944,53.0
1452960,37.0
1452976,25.0
1453056,32.0
1453072,41.0
1453200,48.0
1453200,49.0
1453264,61.0
1453280,55.0
1453344,43.0
1453376,50.0
1453392,66.0
1453488,58.0
1453584,38.0
1453600,43.0
1453728,57.0
1453728,49.0
1453760,23.0
1453792,52.0
1453808,27.0
1453824,34.0
1453840,71.0
1453872,50.0
1453888,52.0
1454000,41.0
1454016,51.0
1454112,57.0
1454144,55.0
1454176,36.0
1454176,23.0
1454208,28.0
1454224,22.0
1454224,31.0
1454288,11.0
1454288,25.0
1454400,36.0
1454512,64.0
1454528,24.0
1454528,59.0
1454528,50.0
1454640,53.0
1454640,27.0
1454640,26.0
1454800,39.0
1454800,39.0
1454896,38.0
1454944,45.0
1454960,35.0
1455024,63.0
1455056,76.0
1455152,54.0
1455168,33.0
1455200,42.0
1455248,38.0
1455280,47.0
1455392,14.0
1455424,39.0
1455456,35.0
1455488,60.0
1455488,53.0
1455488,34.0
1455536,36.0
1455568,66.0
1455584,99.0
1455584,35.0
1455648,25.0
1455680,33.0
1455728,28.0
1455776,45.0
1455776,24.0
1455840,65.0
1455904,30.0
1456016,51.0
1456112,24.0
1456160,37.0
1456224,40.0
1456240,41.0
1456256,48.0
1456256,50.0
1456320,49.0
1456368,55.0
1456368,37.0
1456464,28.0
1456496,53.0
1456512,52.0
1456512,42.0
1456640,72.0
1456640,46.0
1456704,58.0
1456912,43.0
1456928,26.0
1456944,49.0
1456976,38.0
1456992,46.0
1457008,43.0
1457008,48.0
1457056,37.0
1457120,47.0
1457120,63.0
1457312,66.0
1457328,43.0
1457360,41.0
1457408,56.0
1457408,48.0
1457504,31.0
1457552,39.0
1457552,27.0
1457584,40.0
1457632,71.0
1457648,42.0
1457696,44.0
1457712,44.0
1457728,42.0
1457824,32.0
1457856,28.0
1457920,63.0
1457920,23.0
1457952,25.0
1458016,32.0
1458064,41.0
1458112,62.0
1458272,36.0
1458288,60.0
1458336,38.0
1458368,26.0
1458448,50.0
1458480,70.0
1458544,45.0
1458576,62.0
1458624,44.0
1458640,63.0
1458688,52.0
1458848,23.0
1458848,46.0
1458896,38.0
1458912,62.0
1458944,36.0
1458960,39.0
1458992,80.0
1459152,68.0
1459232,76.0
1459264,26.0
1459280,41.0
1459296,38.0
1459376,27.0
1459376,69.0
1459408,52.0
1459424,33.0
1459440,50.0
1459456,63.0
1459472,58.0
1459536,36.0
1459536,43.0
1459536,24.0
1459552,40.0
1459744,18.0
1459792,35.0
1459872,37.0
1459968,37.0
1459968,37.0
1460016,30.0
1460048,40.0
1460144,53.0
1460160,26.0
1460176,44.0
1460224,77.0
1460224,27.0
1460240,44.0
1460240,51.0
1460240,50.0
1460368,31.0
1460384,23.0
1460464,31.0
1460464,75.0
1460464,58.0
1460656,27.0
1460688,45.0
1460736,32.0
1460816,41.0
1460832,37.0
1460928,86.0
1460928,43.0
1460960,51.0
1460960,57.0
1460976,38.0
1460992,51.0
1461024,40.0
1461152,43.0
1461184,22.0
1461184,45.0
1461360,27.0
1461424,38.0
1461504,36.0
1461520,49.0
1461520,33.0
1461536,81.0
1461552,37.0
1461552,37.0
1461600,28.0
1461648,62.0
1461728,65.0
1461728,44.0
1461776,82.0
1461776,50.0
1461872,43.0
1461872,28.0
1461920,23.0
1461936,26.0
1461984,50.0
1462016,26.0
1462112,36.0
1462112,37.0
1462160,41.0
1462368,51.0
1462416,25.0
1462432,44.0
1462448,45.0
1462464,37.0
1462480,70.0
1462512,46.0
1462576,40.0
1462608,43.0
1462640,54.0
1462672,43.0
1462672,35.0
1462688,51.0
1462768,38.0
1462784,42.0
1462784,21.0
1462800,72.0
1462992,30.0
1463008,33.0
1463024,35.0
1463056,39.0
1463072,24.0
1463136,35.0
1463200,52.0
1463232,39.0
1463280,54.0
1463312,42.0
1463440,48.0
1463456,49.0
1463488,31.0
1463504,44.0
1463600,20.0
1463616,35.0
1463712,58.0
1463728,37.0
1463792,37.0
1463824,47.0
1463840,66.0
1463840,67.0
1463856,25.0
1463984,23.0
1464000,43.0
1464064,65.0
1464064,52.0
1464112,69.0
1464192,29.0
1464256,48.0
1464288,43.0
1464496,31.0
1464496,66.0
1464528,51.0
1464544,35.0
1464560,66.0
1464592,46.0
1464592,33.0
1464624,49.0
1464768,58.0
1464784,60.0
1464848,66.0
1464960,44.0
1464976,43.0
1465008,56.0
1465024,33.0
1465136,34.0
1465168,34.0
1465216,27.0
1465248,74.0
1465312,45.0
1465344,36.0
1465360,50.0
1465456,57.0
1465520,83.0
1465536,63.0
1465552,26.0
1465616,38.0
1465664,43.0
1465680,41.0
1465744,33.0
1465808,40.0
1465920,42.0
1465968,92.0
1466112,37.0
1466144,52.0
1466176,83.0
1466224,79.0
1466256,44.0
1466320,49.0
1466400,66.0
1466416,60.0
1466432,67.0
1466432,51.0
1466496,24.0
1466496,43.0
1466528,38.0
1466528,35.0
1466576,52.0
1466608,58.0
1466640,61.0
1466816,37.0
1466880,46.0
1466896,45.0
1466944,21.0
1466960,34.0
1466976,34.0
1467008,30.0
1467104,53.0
1467120,39.0
1467152,41.0
1467168,53.0
1467184,49.0
1467264,46.0
1467360,49.0
1467472,65.0
1467488,34.0
1467488,33.0
1467520,55.0
1467552,23.0
1467552,41.0
1467616,46.0
1467696,43.0
1467760,40.0
1467792,51.0
1467920,41.0
1467968,50.0
1468112,47.0
1468128,36.0
1468144,39.0
1468240,47.0
1468272,91.0
1468304,43.0
1468464,61.0
1468512,60.0
1468544,67.0
1468560,40.0
1468640,55.0
1468720,47.0
1468752,38.0
1468768,101.0
1468800,69.0
1468848,34.0
1468864,67.0
1469024,47.0
1469024,32.0
1469040,50.0
1469136,64.0
1469168,44.0
1469248,33.0
1469264,44.0
1469296,41.0
1469312,32.0
1469360,38.0
1469376,78.0
1469392,34.0
1469616,37.0
1469632,68.0
1469680,161.0
1469680,40.0
1469776,63.0
1469776,38.0
1469808,34.0
1469808,26.0
1469856,30.0
1469888,40.0
1469920,66.0
1469920,39.0
1469952,51.0
1470048,27.0
1470080,45.0
1470128,69.0
1470208,33.0
1470336,33.0
1470368,30.0
1470368,35.0
1470416,69.0
1470448,51.0
1470496,28.0
1470496,45.0
1470560,38.0
1470608,43.0
1470656,36.0
1470672,47.0
1470704,58.0
1470736,38.0
1470784,69.0
1470832,61.0
1470848,30.0
1470928,35.0
1470960,39.0
1471168,24.0
1471216,41.0
1471216,35.0
1471232,46.0
1471280,54.0
1471328,70.0
1471328,52.0
1471344,56.0
1471408,46.0
1471472,46.0
1471504,50.0
1471520,35.0
1471584,61.0
1471664,24.0
1471680,47.0
1471872,33.0
1471888,41.0
1471936,38.0
1471952,46.0
1472000,49.0
1472032,33.0
1472112,49.0
1472192,64.0
1472208,86.0
1472224,44.0
1472224,51.0
1472352,94.0
1472416,34.0
1472432,27.0
1472448,35.0
1472464,55.0
1472544,67.0
1472576,40.0
1472576,57.0
1472576,29.0
1472768,35.0
1472848,39.0
1472976,59.0
1472976,64.0
1473008,41.0
1473024,35.0
1473024,84.0
1473152,60.0
1473168,59.0
1473168,39.0
1473184,21.0
1473200,27.0
1473232,50.0
1473232,41.0
1473264,53.0
1473424,53.0
1473424,28.0
1473472,64.0
1473520,22.0
1473520,32.0
1473536,32.0
1473552,24.0
1473648,26.0
1473680,41.0
1473728,72.0
1473760,36.0
1473776,50.0
1473776,36.0
1473792,40.0
1473840,36.0
1473856,39.0
1473888,26.0
1473904,24.0
1473968,34.0
1474080,41.0
1474144,38.0
1474192,34.0
1474192,26.0
1474224,34.0
1474256,44.0
1474272,32.0
1474272,47.0
1474528,40.0
1474560,49.0
1474592,54.0
1474592,20.0
1474640,42.0
1474656,50.0
1474656,29.0
1474656,54.0
1474672,48.0
1474672,25.0
1474688,38.0
1474688,53.0
1474704,35.0
1474880,41.0
1475008,26.0
1475024,21.0
1475088,27.0
1475104,53.0
1475104,25.0
1475248,38.0
1475280,37.0
1475392,46.0
1475392,52.0
1475424,47.0
1475440,48.0
1475552,85.0
1475600,67.0
1475616,64.0
1475648,48.0
1475664,41.0
1475904,41.0
1475936,24.0
1475968,82.0
1475984,56.0
1476000,56.0
1476112,31.0
1476144,54.0
1476160,66.0
1476176,72.0
1476192,37.0
1476320,56.0
1476352,60.0
1476384,59.0
1476448,50.0
1476576,74.0
1476672,42.0
1476720,38.0
1476736,50.0
1476752,53.0
1476752,49.0
1476752,48.0
1476768,69.0
1476816,39.0
1477120,34.0
1477184,52.0
1477184,64.0
1477200,55.0
1477200,64.0
1477264,55.0
1477296,34.0
1477296,72.0
1477312,36.0
1477328,41.0
1477488,46.0
1477488,46.0
1477488,42.0
1477552,52.0
1477664,76.0
1477712,32.0
1477728,38.0
1477760,36.0
1477776,63.0
1477856,35.0
1477888,36.0
1477920,39.0
1477968,49.0
1478112,53.0
1478160,42.0
1478224,64.0
1478240,30.0
1478272,35.0
1478272,59.0
1478336,35.0
1478368,55.0
1478400,57.0
1478496,52.0
1478496,38.0
1478544,39.0
1478592,39.0
1478592,54.0
1478624,67.0
1478880,41.0
1478928,27.0
1478928,43.0
1478992,45.0
1478992,71.0
1479040,48.0
1479072,44.0
1479088,61.0
1479088,37.0
1479104,44.0
1479120,33.0
1479264,40.0
1479312,61.0
1479344,47.0
1479488,35.0
1479504,32.0
1479520,61.0
1479536,38.0
1479552,87.0
1479568,28.0
1479616,36.0
1479664,36.0
1479680,50.0
1479712,40.0
1479728,39.0
1479808,51.0
1479968,41.0
1480016,47.0
1480032,59.0
1480064,35.0
1480080,25.0
1480208,45.0
1480272,38.0
1480272,44.0
1480288,42.0
1480352,52.0
1480416,55.0
1480416,24.0
1480480,58.0
1480544,75.0
1480544,51.0
1480544,52.0
1480576,48.0
1480688,39.0
1480784,23.0
1480784,44.0
1480832,51.0
1480960,62.0
1481056,49.0
1481072,45.0
1481072,49.0
1481104,56.0
1481120,44.0
1481168,39.0
1481200,45.0
1481280,63.0
1481312,48.0
1481328,34.0
1481456,24.0
1481456,55.0
1481488,50.0
1481504,25.0
1481552,63.0
1481584,47.0
1481728,48.0
1481760,27.0
1481760,43.0
1481856,36.0
1481872,44.0
1481920,54.0
1481920,50.0
1482032,36.0
1482144,43.0
1482240,46.0
1482288,23.0
1482288,61.0
1482304,95.0
1482304,45.0
1482352,72.0
1482368,32.0
1482448,33.0
1482592,54.0
1482624,54.0
1482736,27.0
1482752,55.0
1482752,62.0
1482848,85.0
1482864,52.0
1482896,33.0
1483024,42.0
1483024,92.0
1483072,39.0
1483184,59.0
1483200,38.0
1483232,30.0
1483232,59.0
1483248,59.0
1483344,66.0
1483408,49.0
1483520,86.0
1483536,49.0
1483584,45.0
1483648,36.0
1483664,51.0
1483696,60.0
1483760,15.0
1483760,33.0
1483776,47.0
1483776,37.0
1483904,55.0
1483968,46.0
1484000,29.0
1484048,25.0
1484064,45.0
1484080,52.0
1484080,74.0
1484112,57.0
1484224,51.0
1484272,31.0
1484304,25.0
1484368,38.0
1484384,45.0
1484400,39.0
1484432,53.0
1484448,43.0
1484496,31.0
1484528,30.0
1484544,36.0
1484624,58.0
1484672,37.0
1484704,37.0
1484800,45.0
1484832,35.0
1484832,28.0
1484896,52.0
1484928,35.0
1485072,36.0
1485168,54.0
1485232,63.0
1485312,55.0
1485360,51.0
1485424,45.0
1485456,58.0
1485488,65.0
1485584,43.0
1485664,54.0
1485680,38.0
1485680,28.0
1485696,54.0
1485712,68.0
1485728,35.0
1485744,51.0
1486112,41.0
1486112,23.0
1486176,30.0
1486176,84.0
1486176,31.0
1486208,56.0
1486256,99.0
1486352,40.0
1486448,60.0
1486464,49.0
1486496,52.0
1486544,134.0
1486576,62.0
1486608,78.0
1486624,75.0
1486688,60.0
1486752,40.0
1486896,28.0
1486928,42.0
1486944,52.0
1486992,51.0
1486992,40.0
1487040,54.0
1487120,39.0
1487168,44.0
1487216,42.0
1487296,68.0
1487456,53.0
1487488,46.0
1487552,35.0
1487568,39.0
1487568,87.0
1487600,38.0
1487632,66.0
1487664,48.0
1487680,66.0
1487680,35.0
1487712,64.0
1487728,43.0
1487728,50.0
1487856,43.0
1488032,22.0
1488032,46.0
1488064,53.0
1488144,36.0
1488176,43.0
1488208,38.0
1488384,58.0
1488416,54.0
1488432,25.0
1488448,45.0
1488464,52.0
1488528,51.0
1488544,51.0
1488560,22.0
1488608,29.0
1488624,35.0
1488672,63.0
1488704,64.0
1488720,72.0
1488736,22.0
1488736,55.0
1488800,48.0
1488976,28.0
1489008,52.0
1489184,32.0
1489232,39.0
1489296,42.0
1489312,37.0
1489312,56.0
1489328,39.0
1489328,37.0
1489344,49.0
1489360,39.0
1489360,35.0
1489472,63.0
1489488,65.0
1489584,72.0
1489584,25.0
1489600,37.0
1489776,77.0
1489920,39.0
1489984,47.0
1490016,34.0
1490032,66.0
1490080,37.0
1490080,48.0
1490080,30.0
1490096,48.0
1490112,50.0
1490112,48.0
1490112,49.0
1490368,63.0
1490416,52.0
1490432,41.0
1490544,27.0
1490544,39.0
1490592,77.0
1490592,32.0
1490608,32.0
1490608,37.0
1490640,41.0
1490656,36.0
1490752,40.0
1490752,45.0
1490768,74.0
1490832,45.0
1490912,52.0
1491008,40.0
1491088,34.0
1491120,43.0
1491136,34.0
1491184,36.0
1491264,38.0
1491312,56.0
1491328,49.0
1491328,36.0
1491456,44.0
1491456,51.0
1491584,47.0
1491648,35.0
1491664,67.0
1491712,36.0
1491728,51.0
1491760,62.0
1491776,73.0
1491808,39.0
1491872,54.0
1491872,47.0
1491904,37.0
1491984,41.0
1492048,45.0
1492112,41.0
1492240,61.0
1492272,51.0
1492352,43.0
1492368,41.0
1492384,38.0
1492432,39.0
1492512,58.0
1492592,59.0
1492624,24.0
1492672,50.0
1492688,58.0
1492704,52.0
1492816,27.0
1492848,50.0
1492896,62.0
1492928,51.0
1492976,39.0
1493008,46.0
1493088,36.0
1493200,52.0
1493232,34.0
1493296,44.0
1493296,82.0
1493328,41.0
1493344,101.0
1493392,60.0
1493472,34.0
1493536,57.0
1493552,36.0
1493584,48.0
1493600,44.0
1493664,36.0
1493824,51.0
1493840,62.0
1493872,73.0
1493904,38.0
1493968,39.0
1494016,49.0
1494048,41.0
1494080,55.0
1494128,52.0
1494192,45.0
1494368,52.0
1494448,53.0
1494448,70.0
1494512,42.0
1494624,38.0
1494624,45.0
1494640,61.0
1494672,53.0
1494672,50.0
1494720,42.0
1494736,48.0
1494784,37.0
1494784,41.0
1494944,85.0
1495008,40.0
1495024,92.0
1495088,63.0
1495168,45.0
1495280,31.0
1495328,38.0
1495392,48.0
1495472,53.0
1495488,51.0
1495616,52.0
1495616,69.0
1495664,62.0
1495696,47.0
1495712,39.0
1495744,81.0
1495792,48.0
1495840,69.0
1495840,42.0
1495856,24.0
1495888,55.0
1495936,34.0
1496000,85.0
1496096,25.0
1496112,31.0
1496192,28.0
1496320,33.0
1496320,65.0
1496368,65.0
1496432,37.0
1496512,41.0
1496528,37.0
1496592,47.0
1496608,59.0
1496768,55.0
1496784,81.0
1496864,47.0
1496864,72.0
1496880,55.0
1496880,79.0
1496976,41.0
1496976,55.0
1496992,39.0
1497040,32.0
1497088,41.0
1497104,49.0
1497120,58.0
1497136,39.0
1497248,24.0
1497280,43.0
1497408,33.0
1497440,36.0
1497488,32.0
1497488,25.0
1497504,56.0
1497520,34.0
1497536,47.0
1497696,35.0
1497696,58.0
1497744,44.0
1497824,59.0
1497888,25.0
1497936,51.0
1497952,53.0
1497952,42.0
1498032,39.0
1498032,65.0
1498112,36.0
1498112,54.0
1498192,42.0
1498240,46.0
1498272,24.0
1498320,55.0
1498352,54.0
1498352,41.0
1498464,48.0
1498464,40.0
1498528,37.0
1498560,28.0
1498560,51.0
1498576,24.0
1498608,36.0
1498736,26.0
1498736,49.0
1498752,40.0
1498784,52.0
1498960,38.0
1499008,48.0
1499024,35.0
1499040,63.0
1499072,38.0
1499088,33.0
1499152,26.0
1499184,39.0
1499184,57.0
1499216,40.0
1499216,38.0
1499312,60.0
1499312,49.0
1499344,38.0
1499376,39.0
1499408,25.0
1499456,42.0
1499696,38.0
1499744,37.0
1499792,48.0
1499808,46.0
1499872,41.0
1499904,31.0
1499936,61.0
1499968,58.0
1500016,42.0
1500080,39.0
1500144,60.0
1500160,53.0
1500240,66.0
1500272,29.0
1500304,68.0
1500304,25.0
1500320,39.0
1500432,40.0
1500640,83.0
1500656,45.0
1500656,57.0
1500688,51.0
1500688,45.0
1500720,25.0
1500736,41.0
1500736,85.0
1500752,46.0
1500896,41.0
1500928,31.0
1500960,41.0
1500992,43.0
1501136,54.0
1501168,63.0
1501168,64.0
1501200,29.0
1501200,32.0
1501264,34.0
1501312,42.0
1501392,46.0
1501472,49.0
1501520,48.0
1501584,53.0
1501600,42.0
1501696,35.0
1501728,29.0
1501744,36.0
1501760,37.0
1501808,26.0
1501936,80.0
1502016,34.0
1502048,53.0
1502096,49.0
1502144,78.0
1502160,29.0
1502240,27.0
1502256,41.0
1502320,70.0
1502336,51.0
1502352,85.0
1502352,87.0
1502448,54.0
1502448,45.0
1502576,51.0
1502608,28.0
1502688,34.0
1502752,26.0
1502784,43.0
1502800,54.0
1502864,70.0
1502880,35.0
1502928,55.0
1503008,27.0
1503008,48.0
1503184,58.0
1503184,52.0
1503264,51.0
1503312,54.0
1503344,46.0
1503344,83.0
1503376,64.0
1503424,46.0
1503456,41.0
1503504,39.0
1503568,51.0
1503616,43.0
1503680,42.0
1503744,25.0
1503776,48.0
1503824,40.0
1503840,66.0
1503920,66.0
1503936,35.0
1503952,48.0
1503952,24.0
1504064,50.0
1504080,46.0
1504096,49.0
1504144,40.0
1504224,34.0
1504272,51.0
1504320,31.0
1504336,57.0
1504352,25.0
1504400,49.0
1504416,40.0
1504480,25.0
1504480,26.0
1504496,34.0
1504528,24.0
1504560,51.0
1504752,57.0
1504768,42.0
1504768,34.0
1504880,35.0
1504896,61.0
1504896,26.0
1504976,36.0
1505056,35.0
1505056,45.0
1505104,52.0
1505152,46.0
1505200,79.0
1505232,47.0
1505360,37.0
1505360,63.0
1505440,42.0
1505440,43.0
1505488,37.0
1505600,67.0
1505664,49.0
1505728,39.0
1505808,52.0
1505888,25.0
1505920,35.0
1505952,56.0
1505952,37.0
1505952,66.0
1505952,45.0
1505984,58.0
1506032,92.0
1506080,40.0
1506144,62.0
1506144,44.0
1506256,66.0
1506272,42.0
1506336,42.0
1506384,27.0
1506384,41.0
1506432,39.0
1506432,30.0
1506480,35.0
1506560,42.0
1506576,39.0
1506624,22.0
1506624,37.0
1506704,28.0
1506736,49.0
1506816,46.0
1506832,31.0
1506928,49.0
1506944,50.0
1507056,42.0
1507152,45.0
1507280,36.0
1507296,29.0
1507328,24.0
1507360,46.0
1507456,64.0
1507456,56.0
1507472,46.0
1507552,58.0
1507552,39.0
1507568,62.0
1507616,50.0
1507680,39.0
1507728,36.0
1507760,86.0
1507840,34.0
1507952,37.0
1508032,30.0
1508096,48.0
1508128,36.0
1508176,31.0
1508192,45.0
1508224,41.0
1508272,51.0
1508288,35.0
1508288,52.0
1508336,147.0
1508384,34.0
1508384,48.0
1508480,28.0
1508496,20.0
1508624,54.0
1508656,23.0
1508656,44.0
1508672,24.0
1508752,92.0
1508832,38.0
1508848,41.0
1508848,32.0
1508896,48.0
1508912,40.0
1508928,52.0
1509024,34.0
1509056,161.0
1509120,46.0
1509248,54.0
1509280,39.0
1509392,40.0
1509472,61.0
1509488,35.0
1509504,53.0
1509552,40.0
1509568,45.0
1509584,43.0
1509648,51.0
1509712,65.0
1509728,69.0
1509760,46.0
1509824,48.0
1509872,24.0
1510016,27.0
1510032,47.0
1510096,53.0
1510128,36.0
1510160,25.0
1510192,29.0
1510208,40.0
1510208,85.0
1510208,35.0
1510224,45.0
1510304,57.0
1510512,50.0
1510608,37.0
1510624,94.0
1510704,55.0
1510720,37.0
1510752,80.0
1510752,41.0
1510800,38.0
1510816,59.0
1510816,49.0
1510896,42.0
1510976,48.0
1511040,55.0
1511056,53.0
1511056,53.0
1511152,22.0
1511232,38.0
1511264,35.0
1511312,44.0
1511344,33.0
1511408,37.0
1511408,69.0
1511440,58.0
1511456,44.0
1511504,47.0
1511568,32.0
1511616,45.0
1511648,37.0
1511744,64.0
1511792,47.0
1511840,25.0
1511904,37.0
1511920,59.0
1511984,36.0
1511984,52.0
1512032,48.0
1512032,50.0
1512144,31.0
1512176,35.0
1512176,48.0
1512192,25.0
1512208,40.0
1512224,55.0
1512384,58.0
1512400,41.0
1512448,26.0
1512464,35.0
1512464,39.0
1512800,39.0
1512800,39.0
1512832,23.0
1512928,34.0
1512944,90.0
1512960,61.0
1512960,58.0
1512992,53.0
1513056,67.0
1513088,73.0
1513104,56.0
1513248,28.0
1513280,52.0
1513344,55.0
1513344,72.0
1513360,71.0
1513376,36.0
1513392,28.0
1513488,68.0
1513536,38.0
1513536,36.0
1513728,24.0
1513728,42.0
1513840,53.0
1513840,35.0
1513920,52.0
1513952,35.0
1513968,71.0
1514032,49.0
1514048,20.0
1514080,45.0
1514080,46.0
1514096,71.0
1514160,49.0
1514160,42.0
1514304,75.0
1514336,50.0
1514368,40.0
1514432,37.0
1514592,40.0
1514608,33.0
1514624,44.0
1514656,70.0
1514704,34.0
1514720,35.0
1514784,51.0
1514800,44.0
1514800,27.0
1514928,68.0
1514992,25.0
1515072,23.0
1515088,41.0
1515104,64.0
1515120,49.0
1515200,34.0
1515216,37.0
1515216,57.0
1515248,76.0
1515264,34.0
1515360,82.0
1515376,36.0
1515472,34.0
1515552,35.0
1515568,30.0
1515632,52.0
1515696,30.0
1515712,69.0
1515728,33.0
1515744,40.0
1515792,63.0
1515856,46.0
1516064,43.0
1516096,52.0
1516176,20.0
1516176,69.0
1516208,46.0
1516208,60.0
1516240,55.0
1516240,33.0
1516288,37.0
1516288,46.0
1516304,46.0
1516304,68.0
1516400,38.0
1516480,53.0
1516480,46.0
1516528,27.0
1516592,54.0
1516688,32.0
1516720,30.0
1516736,42.0
1516800,39.0
1516896,43.0
1516944,41.0
1517088,53.0
1517104,44.0
1517136,41.0
1517184,55.0
1517200,56.0
1517248,35.0
1517248,60.0
1517296,48.0
1517312,69.0
1517344,47.0
1517440,45.0
1517472,42.0
1517520,24.0
1517520,39.0
1517520,36.0
1517536,66.0
1517568,30.0
1517696,28.0
1517888,72.0
1517888,49.0
1517904,45.0
1517968,39.0
1517968,41.0
1517984,46.0
1518176,41.0
1518176,61.0
1518192,42.0
1518192,42.0
1518224,43.0
1518288,37.0
1518304,63.0
1518400,60.0
1518416,53.0
1518448,30.0
1518528,66.0
1518592,23.0
1518640,41.0
1518656,47.0
1518720,52.0
1518768,37.0
1518768,55.0
1518816,53.0
1518832,26.0
1518912,39.0
1518928,39.0
1518944,47.0
1518992,50.0
1519088,27.0
1519104,29.0
1519216,31.0
1519248,27.0
1519264,46.0
1519280,52.0
1519344,36.0
1519392,39.0
1519424,30.0
1519552,86.0
1519584,31.0
1519616,39.0
1519664,35.0
1519696,54.0
1519712,50.0
1519776,86.0
1519824,56.0
1519840,35.0
1519840,39.0
1519856,29.0
1519936,32.0
1520000,88.0
1520048,49.0
1520064,51.0
1520096,32.0
1520240,25.0
1520240,34.0
1520400,39.0
1520400,22.0
1520448,46.0
1520496,72.0
1520512,43.0
1520512,56.0
1520544,43.0
1520576,40.0
1520592,58.0
1520608,34.0
1520784,59.0
1520832,80.0
1520832,52.0
1520864,39.0
1520912,25.0
1520928,30.0
1521088,36.0
1521136,56.0
1521200,69.0
1521312,51.0
1521344,48.0
1521424,55.0
1521472,67.0
1521504,69.0
1521504,40.0
1521520,58.0
1521584,61.0
1521664,52.0
1521728,59.0
1521760,53.0
1521808,42.0
1521888,60.0
1521904,51.0
1521968,48.0
1521968,71.0
1521968,31.0
1522064,40.0
1522080,35.0
1522112,28.0
1522112,50.0
1522144,35.0
1522256,47.0
1522304,34.0
1522320,61.0
1522464,41.0
1522496,24.0
1522512,23.0
1522528,29.0
1522528,64.0
1522560,41.0
1522560,42.0
1522624,41.0
1522688,38.0
1522736,26.0
1522752,40.0
1522912,74.0
1522944,40.0
1522992,64.0
1522992,33.0
1523024,66.0
1523040,32.0
1523216,43.0
1523264,33.0
1523296,34.0
1523296,50.0
1523376,70.0
1523488,54.0
1523536,32.0
1523536,64.0
1523616,66.0
1523696,44.0
1523696,41.0
1523712,64.0
1523728,51.0
1523888,37.0
1523920,61.0
1523936,42.0
1524016,40.0
1524032,31.0
1524064,48.0
1524064,33.0
1524192,36.0
1524208,62.0
1524256,34.0
1524272,49.0
1524320,25.0
1524400,29.0
1524496,27.0
1524544,30.0
1524544,32.0
1524560,125.0
1524656,58.0
1524656,40.0
1524672,49.0
1524720,108.0
1524864,42.0
1524896,75.0
1524944,34.0
1524960,25.0
1524992,81.0
1525088,55.0
1525136,55.0
1525168,39.0
1525168,56.0
1525200,44.0
1525232,43.0
1525392,42.0
1525392,67.0
1525456,37.0
1525520,54.0
1525616,41.0
1525728,66.0
1525728,35.0
1525760,48.0
1525792,39.0
1525792,41.0
1525824,39.0
1525824,58.0
1525888,50.0
1525904,24.0
1525904,78.0
1525920,43.0
1525968,36.0
1526032,68.0
1526176,49.0
1526192,36.0
1526224,27.0
1526384,58.0
1526448,43.0
1526496,37.0
1526512,38.0
1526560,52.0
1526576,41.0
1526592,48.0
1526608,40.0
1526608,51.0
1526656,27.0
1526720,62.0
1526784,56.0
1526864,26.0
1526896,67.0
1526960,36.0
1526960,25.0
1527040,63.0
1527136,60.0
1527136,30.0
1527168,35.0
1527200,26.0
1527248,66.0
1527264,19.0
1527264,42.0
1527280,49.0
1527312,28.0
1527312,46.0
1527312,37.0
1527344,52.0
1527424,18.0
1527440,52.0
1527632,24.0
1527632,31.0
1527664,39.0
1527776,38.0
1527792,56.0
1527840,40.0
1527888,58.0
1527888,39.0
1527904,40.0
1527968,41.0
1527984,42.0
1528032,43.0
1528048,26.0
1528080,50.0
1528128,43.0
1528192,48.0
1528336,64.0
1528384,38.0
1528400,38.0
1528416,27.0
1528432,34.0
1528432,25.0
1528432,50.0
1528464,39.0
1528512,53.0
1528608,35.0
1528608,45.0
1528656,47.0
1528848,24.0
1528864,42.0
1528944,51.0
1529008,65.0
1529040,39.0
1529056,45.0
1529088,41.0
1529120,46.0
1529184,36.0
1529200,34.0
1529200,70.0
1529280,53.0
1529296,49.0
1529328,58.0
1529408,35.0
1529456,64.0
1529520,27.0
1529632,48.0
1529648,44.0
1529712,41.0
1529776,20.0
1529824,49.0
1529840,40.0
1529872,79.0
1529904,36.0
1529904,56.0
1529952,42.0
1530080,60.0
1530224,58.0
1530256,53.0
1530272,67.0
1530304,27.0
1530368,53.0
1530432,33.0
1530480,81.0
1530528,39.0
1530560,46.0
1530608,41.0
1530624,53.0
1530720,68.0
1530752,69.0
1530784,44.0
1530800,34.0
1530848,34.0
1531040,48.0
1531056,39.0
1531088,78.0
1531104,39.0
1531136,33.0
1531136,48.0
1531136,57.0
1531200,40.0
1531200,42.0
1531264,40.0
1531296,99.0
1531392,42.0
1531440,37.0
1531552,50.0
1531696,35.0
1531776,36.0
1531792,47.0
1531824,43.0
1531840,65.0
1531856,50.0
1531872,38.0
1531904,29.0
1531952,54.0
1531952,53.0
1532000,38.0
1532048,53.0
1532080,33.0
1532288,72.0
1532384,38.0
1532384,35.0
1532448,41.0
1532448,31.0
1532464,105.0
1532464,38.0
1532464,26.0
1532464,37.0
1532480,40.0
1532560,79.0
1532608,41.0
1532608,57.0
1532608,33.0
1532656,41.0
1532736,52.0
1532944,35.0
1532992,34.0
1533056,37.0
1533104,40.0
1533136,41.0
1533200,51.0
1533264,51.0
1533264,41.0
1533264,50.0
1533280,42.0
1533280,62.0
1533312,36.0
1533328,42.0
1533344,49.0
1533360,26.0
1533504,65.0
1533600,34.0
1533648,65.0
1533664,25.0
1533696,44.0
1533712,27.0
1533856,41.0
1533920,51.0
1533936,38.0
1534000,41.0
1534032,48.0
1534064,50.0
1534096,51.0
1534192,21.0
1534208,53.0
1534256,38.0
1534256,37.0
1534272,60.0
1534416,45.0
1534432,58.0
1534496,35.0
1534560,53.0
1534576,61.0
1534656,95.0
1534688,48.0
1534704,44.0
1534736,29.0
1534752,45.0
1534864,38.0
1534880,28.0
1534896,43.0
1534912,45.0
1534960,56.0
1534992,36.0
1535072,32.0
1535136,65.0
1535136,40.0
1535312,38.0
1535376,24.0
1535392,30.0
1535504,48.0
1535536,49.0
1535552,30.0
1535600,64.0
1535616,85.0
1535664,49.0
1535712,51.0
1535712,66.0
1535776,57.0
1535920,33.0
1536000,29.0
1536128,22.0
1536128,73.0
1536144,27.0
1536240,69.0
1536256,55.0
1536320,44.0
1536336,75.0
1536352,50.0
1536480,73.0
1536480,21.0
1536496,49.0
1536496,113.0
1536544,34.0
1536704,75.0
1536720,66.0
1536752,39.0
1536816,56.0
1536864,24.0
1536896,40.0
1536912,35.0
1536912,27.0
1537024,44.0
1537024,43.0
1537184,43.0
1537216,68.0
1537264,48.0
1537328,27.0
1537328,38.0
1537328,39.0
1537344,37.0
1537392,112.0
1537408,34.0
1537536,45.0
1537600,36.0
1537616,67.0
1537744,52.0
1537744,35.0
1537792,36.0
1537872,34.0
1537984,109.0
1538000,38.0
1538016,62.0
1538048,45.0
1538128,54.0
1538208,50.0
1538240,57.0
1538304,43.0
1538416,39.0
1538464,37.0
1538496,47.0
1538512,33.0
1538528,62.0
1538608,106.0
1538624,64.0
1538624,80.0
1538688,59.0
1538720,44.0
1538880,47.0
1538896,25.0
1538912,24.0
1538912,44.0
1538928,32.0
1538928,55.0
1539024,32.0
1539040,36.0
1539040,46.0
1539072,29.0
1539120,55.0
1539264,34.0
1539344,84.0
1539344,41.0
1539360,28.0
1539376,47.0
1539376,28.0
1539456,34.0
1539536,31.0
1539616,62.0
1539728,50.0
1539744,42.0
1539776,56.0
1539776,41.0
1539888,27.0
1539904,35.0
1539936,35.0
1539952,58.0
1539968,67.0
1540032,42.0
1540032,48.0
1540048,63.0
1540080,44.0
1540192,36.0
1540208,54.0
1540240,32.0
1540480,32.0
1540496,35.0
1540576,42.0
1540592,35.0
1540608,33.0
1540688,50.0
1540704,58.0
1540720,61.0
1540832,81.0
1540880,43.0
1540944,56.0
1540992,25.0
1541056,69.0
1541072,54.0
1541200,37.0
1541216,40.0
1541248,63.0
1541312,30.0
1541312,80.0
1541440,60.0
1541440,104.0
1541456,24.0
1541456,47.0
1541456,46.0
1541616,70.0
1541712,48.0
1541792,36.0
1541840,53.0
1541872,35.0
1541872,74.0
1541968,48.0
1542000,24.0
1542064,38.0
1542112,54.0
1542112,42.0
1542112,66.0
1542224,84.0
1542224,22.0
1542256,51.0
1542272,51.0
1542320,38.0
1542384,37.0
1542432,35.0
1542432,37.0
1542464,25.0
1542576,38.0
1542656,41.0
1542736,80.0
1542784,42.0
1542784,25.0
1542800,36.0
1542832,45.0
1542848,96.0
1542976,45.0
1543024,47.0
1543040,58.0
1543056,46.0
1543232,41.0
1543248,37.0
1543296,54.0
1543344,38.0
1543424,75.0
1543424,39.0
1543456,39.0
1543488,40.0
1543536,67.0
1543568,49.0
1543584,50.0
1543680,41.0
1543712,41.0
1543776,33.0
1543856,89.0
1543888,53.0
1543952,29.0
1543968,25.0
1543984,43.0
1544144,45.0
1544144,50.0
1544192,41.0
1544192,38.0
1544224,32.0
1544304,83.0
1544400,59.0
1544448,35.0
1544496,45.0
1544544,54.0
1544576,84.0
1544608,41.0
1544624,25.0
1544624,41.0
1544640,76.0
1544768,36.0
1544768,23.0
1544800,41.0
1544832,24.0
1544832,43.0
1544896,37.0
1544896,65.0
1544944,47.0
1544976,62.0
1545152,34.0
1545184,35.0
1545200,35.0
1545216,28.0
1545232,25.0
1545360,35.0
1545376,50.0
1545376,47.0
1545424,30.0
1545424,58.0
1545456,35.0
1545648,28.0
1545680,57.0
1545696,50.0
1545696,72.0
1545696,45.0
1545792,38.0
1545856,64.0
1545872,28.0
1545984,38.0
1546000,49.0
1546080,53.0
1546112,47.0
1546112,26.0
1546144,28.0
1546224,53.0
1546240,35.0
1546256,38.0
1546304,72.0
1546336,34.0
1546400,59.0
1546400,26.0
1546432,35.0
1546640,59.0
1546656,26.0
1546688,24.0
1546720,54.0
1546720,36.0
1546800,43.0
1546800,25.0
1546848,89.0
1546880,41.0
1546896,35.0
1546896,40.0
1546896,56.0
1546928,31.0
1547024,59.0
1547040,40.0
1547296,41.0
1547360,42.0
1547360,78.0
1547424,44.0
1547440,40.0
1547456,50.0
1547472,36.0
1547504,38.0
1547520,50.0
1547584,49.0
1547616,43.0
1547680,52.0
1547680,41.0
1547680,24.0
1547760,55.0
1547904,27.0
1547952,57.0
1548080,25.0
1548096,42.0
1548128,28.0
1548144,78.0
1548192,43.0
1548224,40.0
1548224,38.0
1548240,35.0
1548240,55.0
1548336,61.0
1548464,64.0
1548528,28.0
1548576,66.0
1548624,54.0
1548624,33.0
1548624,25.0
1548768,54.0
1548864,21.0
1548864,39.0
1548880,58.0
1548896,42.0
1548976,53.0
1548976,52.0
1549008,27.0
1549040,26.0
1549040,50.0
1549168,52.0
1549200,63.0
1549200,36.0
1549248,112.0
1549440,42.0
1549456,52.0
1549456,28.0
1549456,35.0
1549520,34.0
1549520,41.0
1549600,71.0
1549712,42.0
1549744,54.0
1549760,56.0
1549792,37.0
1549920,25.0
1549968,48.0
1550000,30.0
1550048,55.0
1550064,39.0
1550096,40.0
1550112,67.0
1550128,55.0
1550160,74.0
1550208,47.0
1550304,34.0
1550352,38.0
1550400,50.0
1550496,44.0
1550544,28.0
1550592,55.0
1550704,37.0
1550768,50.0
1550784,24.0
1550848,49.0
1550992,59.0
1551008,53.0
1551040,31.0
1551040,70.0
1551120,51.0
1551200,44.0
1551200,67.0
1551328,83.0
1551328,61.0
1551344,118.0
1551376,24.0
1551488,40.0
1551504,45.0
1551520,30.0
1551552,84.0
1551600,35.0
1551664,56.0
1551696,36.0
1551792,68.0
1551808,76.0
1551824,39.0
1551856,41.0
1551936,24.0
1552064,45.0
1552064,46.0
1552096,48.0
1552112,46.0
1552160,35.0
1552208,75.0
1552288,50.0
1552368,54.0
1552416,45.0
1552416,56.0
1552480,43.0
1552496,25.0
1552528,37.0
1552656,62.0
1552704,40.0
1552704,55.0
1552784,42.0
1552896,68.0
1552912,34.0
1552928,54.0
1552928,45.0
1552960,27.0
1552992,52.0
1553040,34.0
1553248,48.0
1553360,44.0
1553376,21.0
1553424,45.0
1553424,27.0
1553520,39.0
1553536,70.0
1553552,71.0
1553568,41.0
1553600,56.0
1553632,44.0
1553680,56.0
1553680,114.0
1553696,46.0
1553872,99.0
1553952,64.0
1553984,38.0
1554096,34.0
1554128,44.0
1554128,38.0
1554192,59.0
1554208,38.0
1554208,36.0
1554240,51.0
1554240,35.0
1554256,35.0
1554368,24.0
1554400,52.0
1554416,29.0
1554432,67.0
1554496,60.0
1554512,24.0
1554608,25.0
1554896,44.0
1554912,65.0
1554944,46.0
1554944,79.0
1554992,47.0
1555040,33.0
1555040,49.0
1555056,58.0
1555056,40.0
1555088,62.0
1555104,46.0
1555152,41.0
1555152,47.0
1555344,46.0
1555376,59.0
1555424,32.0
1555456,32.0
1555552,38.0
1555552,25.0
1555680,49.0
1555680,33.0
1555744,44.0
1555744,44.0
1555808,27.0
1555872,28.0
1555904,51.0
1555904,53.0
1555920,51.0
1555920,54.0
1555936,106.0
1555936,59.0
1556064,38.0
1556160,38.0
1556336,29.0
1556384,40.0
1556448,69.0
1556464,34.0
1556528,53.0
1556608,50.0
1556608,66.0
1556608,42.0
1556688,63.0
1556720,41.0
1556832,58.0
1556848,58.0
1556928,34.0
1557024,68.0
1557056,72.0
1557136,42.0
1557248,57.0
1557264,51.0
1557328,40.0
1557376,41.0
1557408,104.0
1557408,24.0
1557440,52.0
1557440,80.0
1557472,34.0
1557536,63.0
1557616,22.0
1557632,49.0
1557680,39.0
1557696,35.0
1557840,37.0
1557904,36.0
1557920,24.0
1557936,69.0
1557952,34.0
1557968,37.0
1558016,88.0
1558064,91.0
1558064,27.0
1558096,39.0
1558256,51.0
1558464,64.0
1558480,49.0
1558480,54.0
1558512,35.0
1558576,38.0
1558576,32.0
1558592,47.0
1558592,36.0
1558608,75.0
1558640,60.0
1558752,41.0
1558816,55.0
1558832,58.0
1558864,50.0
1558912,41.0
1559008,68.0
1559040,28.0
1559120,38.0
1559184,45.0
1559248,41.0
1559296,34.0
1559296,41.0
1559344,46.0
1559456,55.0
1559472,41.0
1559552,67.0
1559568,62.0
1559632,24.0
1559632,45.0
1559664,52.0
1559680,35.0
1559760,56.0
1559776,81.0
1559792,31.0
1559808,29.0
1560048,65.0
1560112,34.0
1560176,34.0
1560176,71.0
1560224,35.0
1560224,58.0
1560256,50.0
1560272,50.0
1560288,69.0
1560304,42.0
1560320,35.0
1560384,44.0
1560448,42.0
1560480,58.0
1560544,47.0
1560560,19.0
1560656,34.0
1560736,35.0
1560784,25.0
1560864,35.0
1560928,30.0
1560928,55.0
1560960,49.0
1560976,47.0
1561184,25.0
1561200,61.0
1561200,40.0
1561248,37.0
1561280,63.0
1561296,61.0
1561504,106.0
1561536,35.0
1561552,39.0
1561568,52.0
1561584,69.0
1561584,24.0
1561600,42.0
1561616,67.0
1561664,44.0
1561664,50.0
1561792,38.0
1561808,95.0
1561824,36.0
1561968,25.0
1561984,44.0
1562032,52.0
1562064,32.0
1562080,29.0
1562224,35.0
1562288,29.0
1562320,41.0
1562400,69.0
1562432,56.0
1562448,53.0
1562464,55.0
1562464,42.0
1562576,37.0
1562592,63.0
1562720,76.0
1562720,47.0
1562816,63.0
1562832,50.0
1562848,24.0
1562848,49.0
1562880,26.0
1562880,41.0
1562896,38.0
1562896,31.0
1562912,37.0
1563264,23.0
1563264,42.0
1563328,26.0
1563360,58.0
1563408,36.0
1563440,85.0
1563456,36.0
1563456,63.0
1563488,42.0
1563520,50.0
1563536,41.0
1563568,45.0
1563648,67.0
1563744,64.0
1563824,31.0
1563824,61.0
1564016,38.0
1564032,71.0
1564096,28.0
1564144,55.0
1564144,41.0
1564192,52.0
1564240,50.0
1564400,71.0
1564416,60.0
1564448,62.0
1564544,45.0
1564672,72.0
1564720,39.0
1564736,57.0
1564832,27.0
1564864,39.0
1564880,46.0
1564896,55.0
1564896,83.0
1564928,74.0
1564976,35.0
1565024,55.0
1565024,52.0
1565104,35.0
1565216,74.0
1565280,38.0
1565360,40.0
1565408,60.0
1565408,32.0
1565456,36.0
1565488,37.0
1565536,38.0
1565568,34.0
1565600,129.0
1565664,40.0
1565680,29.0
1565680,44.0
1565760,64.0
1565840,46.0
1565872,24.0
1565952,24.0
1565984,36.0
1566080,45.0
1566096,27.0
1566096,51.0
1566240,88.0
1566240,35.0
1566272,46.0
1566272,32.0
1566272,51.0
1566368,60.0
1566448,29.0
1566528,58.0
1566544,105.0
1566576,56.0
1566592,40.0
1566656,49.0
1566672,36.0
1566720,40.0
1566816,36.0
1566864,48.0
1566864,37.0
1566912,67.0
1566944,42.0
1566992,39.0
1567056,29.0
1567120,37.0
1567136,56.0
1567184,40.0
1567200,39.0
1567328,55.0
1567392,70.0
1567408,43.0
1567424,47.0
1567440,49.0
1567472,38.0
1567488,34.0
1567488,39.0
1567584,48.0
1567632,32.0
1567696,35.0
1567712,45.0
1567744,52.0
1567776,37.0
1567808,26.0
1567840,40.0
1567840,49.0
1567968,40.0
1568048,40.0
1568096,41.0
1568160,36.0
1568208,27.0
1568336,57.0
1568336,39.0
1568368,55.0
1568368,46.0
1568464,48.0
1568464,45.0
1568496,33.0
1568512,42.0
1568544,67.0
1568544,66.0
1568688,40.0
1568704,54.0
1568816,63.0
1568912,51.0
1569008,34.0
1569008,40.0
1569024,43.0
1569088,58.0
1569104,56.0
1569104,46.0
1569104,35.0
1569184,31.0
1569216,47.0
1569232,46.0
1569280,46.0
1569408,25.0
1569472,60.0
1569488,30.0
1569536,75.0
1569536,28.0
1569600,56.0
1569616,24.0
1569680,41.0
1569712,50.0
1569776,42.0
1569808,25.0
1569808,39.0
1569888,38.0
1569920,69.0
1569952,46.0
1570000,56.0
1570080,30.0
1570112,36.0
1570128,41.0
1570144,33.0
1570160,39.0
1570208,27.0
1570304,75.0
1570320,38.0
1570368,43.0
1570432,22.0
1570432,39.0
1570464,32.0
1570528,38.0
1570528,40.0
1570656,73.0
1570672,54.0
1570768,35.0
1570784,30.0
1570816,42.0
1570816,28.0
1570864,27.0
1570880,26.0
1570960,50.0
1570976,53.0
1571040,38.0
1571152,52.0
1571200,68.0
1571216,28.0
1571280,47.0
1571296,39.0
1571376,31.0
1571392,38.0
1571440,57.0
1571456,91.0
1571488,39.0
1571488,28.0
1571632,61.0
1571712,32.0
1571776,51.0
1571776,50.0
1571872,66.0
1571904,32.0
1571936,45.0
1572016,40.0
1572064,78.0
1572096,50.0
1572096,51.0
1572128,43.0
1572160,44.0
1572208,45.0
1572416,40.0
1572448,60.0
1572464,52.0
1572480,36.0
1572480,24.0
1572592,36.0
1572704,62.0
1572720,39.0
1572736,42.0
1572752,61.0
1572752,37.0
1572768,52.0
1572896,64.0
1572928,111.0
1572928,30.0
1572992,49.0
1573072,59.0
1573104,40.0
1573168,43.0
1573200,45.0
1573296,34.0
1573296,23.0
1573344,39.0
1573392,39.0
1573392,40.0
1573408,51.0
1573568,23.0
1573616,75.0
1573712,38.0
1573712,51.0
1573760,37.0
1573856,28.0
1573856,49.0
1573904,38.0
1573920,76.0
1574000,44.0
1574000,41.0
1574016,39.0
1574048,66.0
1574064,22.0
1574160,25.0
1574240,42.0
1574240,24.0
1574256,54.0
1574288,85.0
1574400,25.0
1574432,33.0
1574480,30.0
1574480,109.0
1574496,28.0
1574640,58.0
1574672,38.0
1574752,22.0
1574784,39.0
1574800,59.0
1574800,49.0
1574832,37.0
1574896,38.0
1574960,44.0
1575072,72.0
1575088,53.0
1575104,29.0
1575152,25.0
1575232,101.0
1575264,37.0
1575264,52.0
1575328,33.0
1575344,53.0
1575424,59.0
1575552,47.0
1575552,67.0
1575568,31.0
1575584,47.0
1575680,45.0
1575744,41.0
1575808,36.0
1575920,71.0
1575936,37.0
1576000,26.0
1576032,48.0
1576080,58.0
1576080,33.0
1576128,12.0
1576176,38.0
1576208,49.0
1576208,25.0
1576288,74.0
1576304,35.0
1576528,75.0
1576560,35.0
1576560,40.0
1576608,107.0
1576688,71.0
1576704,42.0
1576768,37.0
1576768,43.0
1576800,37.0
1576848,40.0
1576864,100.0
1576976,53.0
1577008,45.0
1577024,29.0
1577040,60.0
1577104,26.0
1577136,23.0
1577152,24.0
1577152,53.0
1577184,94.0
1577344,51.0
1577392,26.0
1577408,50.0
1577520,31.0
1577552,34.0
1577616,57.0
1577712,35.0
1577728,43.0
1577744,38.0
1577744,40.0
1577744,35.0
1577808,25.0
1577840,65.0
1577936,26.0
1577968,26.0
1578000,72.0
1578016,42.0
1578048,27.0
1578048,56.0
1578064,75.0
1578112,45.0
1578128,26.0
1578144,99.0
1578256,32.0
1578432,43.0
1578480,29.0
1578496,28.0
1578512,42.0
1578528,50.0
1578576,52.0
1578624,39.0
1578656,33.0
1578720,57.0
1578736,42.0
1578768,52.0
1578784,42.0
1578800,47.0
1578864,27.0
1579008,47.0
1579024,25.0
1579088,70.0
1579184,42.0
1579216,43.0
1579216,45.0
1579264,33.0
1579296,40.0
1579344,54.0
1579408,43.0
1579424,39.0
1579440,81.0
1579504,40.0
1579520,47.0
1579584,63.0
1579664,55.0
1579696,43.0
1579760,36.0
1579792,48.0
1579904,40.0
1579936,53.0
1580032,51.0
1580032,23.0
1580048,38.0
1580080,41.0
1580112,51.0
1580176,48.0
1580272,43.0
1580384,65.0
1580416,45.0
1580480,27.0
1580512,36.0
1580592,30.0
1580688,41.0
1580752,42.0
1580768,22.0
1580816,66.0
1580832,101.0
1580912,55.0
1580928,41.0
1580944,48.0
1580960,90.0
1580992,68.0
1581120,46.0
1581200,28.0
1581216,46.0
1581328,31.0
1581360,26.0
1581424,41.0
1581488,42.0
1581584,112.0
1581584,56.0
1581600,63.0
1581600,43.0
1581600,131.0
1581664,46.0
1581696,46.0
1581808,38.0
1581872,41.0
1581888,56.0
1581904,49.0
1581920,20.0
1581920,27.0
1581968,38.0
1582096,99.0
1582144,51.0
1582144,35.0
1582208,49.0
1582208,39.0
1582320,45.0
1582336,46.0
1582336,23.0
1582352,27.0
1582400,37.0
1582416,34.0
1582432,33.0
1582464,48.0
1582480,35.0
1582480,51.0
1582576,27.0
1582624,46.0
1582704,38.0
1582752,27.0
1582752,34.0
1582768,26.0
1582784,24.0
1582832,31.0
1582992,35.0
1583056,37.0
1583104,56.0
1583120,49.0
1583152,25.0
1583200,66.0
1583264,49.0
1583280,44.0
1583280,36.0
1583392,35.0
1583440,51.0
1583568,26.0
1583616,39.0
1583632,76.0
1583664,57.0
1583712,77.0
1583808,44.0
1583888,48.0
1583920,72.0
1583936,42.0
1583968,57.0
1583984,44.0
1584080,81.0
1584144,54.0
1584176,35.0
1584192,62.0
1584192,33.0
1584224,21.0
1584288,45.0
1584336,22.0
1584416,61.0
1584464,52.0
1584480,35.0
1584512,70.0
1584640,52.0
1584656,36.0
1584656,59.0
1584768,37.0
1584784,40.0
1584816,39.0
1584864,58.0
1584944,38.0
1584944,27.0
1584960,62.0
1585008,51.0
1585024,24.0
1585056,52.0
1585056,40.0
1585104,40.0
1585136,53.0
1585232,36.0
1585392,38.0
1585440,49.0
1585536,48.0
1585568,68.0
1585616,42.0
1585616,50.0
1585632,48.0
1585712,38.0
1585728,44.0
1585744,46.0
1585744,38.0
1585888,41.0
1586080,64.0
1586160,37.0
1586176,29.0
1586192,71.0
1586208,29.0
1586224,80.0
1586256,81.0
1586272,46.0
1586352,39.0
1586432,51.0
1586544,57.0
1586544,41.0
1586592,53.0
1586592,72.0
1586608,76.0
1586624,63.0
1586672,29.0
1586736,34.0
1586768,37.0
1586800,40.0
1586832,30.0
1586896,51.0
1586928,24.0
1587120,54.0
1587152,55.0
1587152,33.0
1587200,61.0
1587280,46.0
1587344,57.0
1587408,32.0
1587424,39.0
1587536,54.0
1587584,61.0
1587616,53.0
1587712,70.0
1587728,71.0
1587776,65.0
1587840,43.0
1587888,46.0
1587920,68.0
1588000,45.0
1588000,50.0
1588096,73.0
1588112,48.0
1588144,35.0
1588192,41.0
1588240,51.0
1588288,28.0
1588336,35.0
1588352,39.0
1588368,60.0
1588368,41.0
1588384,79.0
1588480,54.0
1588512,37.0
1588688,43.0
1588816,51.0
1588864,36.0
1588864,47.0
1588880,23.0
1588928,35.0
1588960,45.0
1588992,50.0
1589008,57.0
1589104,26.0
1589104,47.0
1589120,46.0
1589168,64.0
1589184,53.0
1589248,24.0
1589312,59.0
1589312,24.0
1589376,31.0
1589408,37.0
1589440,60.0
1589440,97.0
1589520,35.0
1589568,28.0
1589568,44.0
1589568,29.0
1589584,26.0
1589600,38.0
1589632,39.0
1589808,31.0
1589872,35.0
1589936,47.0
1589936,52.0
1590032,39.0
1590080,40.0
1590080,32.0
1590080,32.0
1590128,33.0
1590128,47.0
1590240,27.0
1590336,68.0
1590352,26.0
1590432,22.0
1590448,36.0
1590464,59.0
1590464,52.0
1590464,21.0
1590544,61.0
1590592,63.0
1590624,74.0
1590672,40.0
1590768,52.0
1590800,21.0
1590832,47.0
1590880,34.0
1590896,51.0
1590912,28.0
1591056,51.0
1591072,39.0
1591088,39.0
1591120,43.0
1591152,64.0
1591168,31.0
1591344,47.0
1591360,63.0
1591488,27.0
1591504,26.0
1591520,47.0
1591552,42.0
1591584,43.0
1591616,49.0
1591648,36.0
1591680,48.0
1591728,38.0
1591776,39.0
1591776,77.0
1591936,36.0
1591952,28.0
1592000,41.0
1592032,54.0
1592160,42.0
1592176,25.0
1592176,31.0
1592288,48.0
1592336,35.0
1592384,48.0
1592400,51.0
1592496,29.0
1592496,35.0
1592496,34.0
1592528,23.0
1592560,57.0
1592560,52.0
1592640,115.0
1592640,126.0
1592704,44.0
1592704,26.0
1592880,31.0
1592912,24.0
1592912,46.0
1593008,23.0
1593040,44.0
1593040,54.0
1593088,37.0
1593104,38.0
1593104,25.0
1593184,30.0
1593184,43.0
1593200,50.0
1593264,44.0
1593264,107.0
1593360,45.0
1593472,35.0
1593552,42.0
1593616,66.0
1593632,37.0
1593760,53.0
1593792,49.0
1593808,39.0
1593872,38.0
1593904,50.0
1593904,50.0
1593904,34.0
1593936,20.0
1593968,44.0
1593984,50.0
1594096,63.0
1594112,57.0
1594144,42.0
1594176,15.0
1594336,27.0
1594368,38.0
1594432,87.0
1594448,41.0
1594464,22.0
1594576,64.0
1594592,49.0
1594624,45.0
1594624,40.0
1594656,49.0
1594656,47.0
1594784,40.0
1594832,41.0
1594864,56.0
1595024,27.0
1595024,36.0
1595024,43.0
1595072,38.0
1595104,46.0
1595184,35.0
1595184,33.0
1595232,38.0
1595264,30.0
1595296,40.0
1595328,29.0
1595344,57.0
1595344,48.0
1595360,79.0
1595408,24.0
1595456,39.0
1595456,114.0
1595680,31.0
1595728,27.0
1595744,26.0
1595776,42.0
1595888,51.0
1595920,36.0
1595984,47.0
1595984,45.0
1596032,63.0
1596080,56.0
1596112,68.0
1596144,49.0
1596176,31.0
1596176,28.0
1596304,33.0
1596336,62.0
1596352,27.0
1596400,59.0
1596480,67.0
1596480,31.0
1596528,67.0
1596560,24.0
1596576,52.0
1596640,47.0
1596640,41.0
1596768,41.0
1596880,30.0
1596880,25.0
1596896,51.0
1596976,39.0
1597040,54.0
1597056,45.0
1597104,14.0
1597136,23.0
1597136,35.0
1597216,57.0
1597248,38.0
1597264,46.0
1597408,32.0
1597408,48.0
1597424,80.0
1597456,61.0
1597472,57.0
1597536,41.0
1597552,95.0
1597744,40.0
1597776,50.0
1597840,39.0
1597856,51.0
1597872,46.0
1597888,27.0
1597888,47.0
1597936,43.0
1598000,28.0
1598064,40.0
1598080,42.0
1598128,45.0
1598192,71.0
1598208,46.0
1598256,45.0
1598256,62.0
1598288,26.0
1598400,41.0
1598400,25.0
1598448,32.0
1598528,40.0
1598544,29.0
1598544,43.0
1598640,36.0
1598672,56.0
1598768,36.0
1598800,37.0
1598816,35.0
1598912,24.0
1598944,66.0
1598960,52.0
1599024,46.0
1599056,41.0
1599072,51.0
1599072,39.0
1599168,25.0
1599216,34.0
1599216,86.0
1599264,54.0
1599280,29.0
1599344,50.0
1599392,37.0
1599392,27.0
1599488,53.0
1599504,28.0
1599504,60.0
1599648,44.0
1599728,24.0
1599776,54.0
1599776,24.0
1599808,40.0
1599888,51.0
1599904,26.0
1599920,56.0
1600048,49.0
1600096,55.0
1600112,38.0
1600128,20.0
1600144,40.0
1600272,55.0
1600320,69.0
1600336,79.0
1600368,45.0
1600384,38.0
1600416,31.0
1600496,76.0
1600512,24.0
1600576,53.0
1600656,48.0
1600688,23.0
1600736,52.0
1600832,43.0
1600832,29.0
1600848,29.0
1600848,50.0
1601072,50.0
1601104,83.0
1601136,64.0
1601200,54.0
1601232,51.0
1601248,72.0
1601264,43.0
1601328,42.0
1601344,53.0
1601344,41.0
1601376,54.0
1601392,35.0
1601392,41.0
1601520,42.0
1601568,45.0
1601664,52.0
1601680,34.0
1601776,44.0
1601808,34.0
1601856,33.0
1601904,41.0
1602000,41.0
1602048,41.0
1602112,37.0
1602112,55.0
1602224,70.0
1602256,55.0
1602352,36.0
1602384,44.0
1602560,85.0
1602576,45.0
1602640,61.0
1602736,52.0
1602768,34.0
1602800,88.0
1602864,51.0
1602896,40.0
1602896,68.0
1602912,57.0
1602912,98.0
1602912,50.0
1603056,44.0
1603104,62.0
1603168,38.0
1603280,56.0
1603280,23.0
1603296,41.0
1603344,15.0
1603376,36.0
1603376,50.0
1603424,33.0
1603488,120.0
1603520,47.0
1603584,45.0
1603696,49.0
1603712,26.0
1603728,35.0
1603824,25.0
1603840,59.0
1603968,66.0
1603968,43.0
1604016,80.0
1604032,41.0
1604080,50.0
1604080,37.0
1604096,65.0
1604160,27.0
1604160,36.0
1604240,54.0
1604272,47.0
1604368,33.0
1604400,24.0
1604544,52.0
1604608,28.0
1604672,44.0
1604688,28.0
1604800,52.0
1604832,47.0
1604896,97.0
1604928,35.0
1604960,55.0
1605008,46.0
1605040,40.0
1605040,63.0
1605040,22.0
1605056,24.0
1605136,90.0
1605152,66.0
1605392,53.0
1605392,22.0
1605424,79.0
1605472,42.0
1605504,36.0
1605520,30.0
1605536,107.0
1605568,33.0
1605600,37.0
1605680,49.0
1605696,40.0
1605728,70.0
1605728,37.0
1605744,37.0
1605888,26.0
1605984,29.0
1606096,44.0
1606128,37.0
1606128,25.0
1606208,78.0
1606352,58.0
1606368,54.0
1606384,62.0
1606400,52.0
1606432,43.0
1606464,49.0
1606528,40.0
1606560,36.0
1606576,61.0
1606624,56.0
1606624,112.0
1606704,63.0
1606768,19.0
1606800,42.0
1606896,50.0
1606912,33.0
1606944,24.0
1606992,35.0
1607040,52.0
1607168,48.0
1607168,51.0
1607184,66.0
1607200,52.0
1607344,45.0
1607376,47.0
1607408,52.0
1607472,44.0
1607504,37.0
1607504,44.0
1607584,37.0
1607600,35.0
1607616,45.0
1607632,69.0
1607664,45.0
1607824,70.0
1607888,34.0
1607984,49.0
1607984,51.0
1608000,39.0
1608016,32.0
1608016,34.0
1608144,60.0
1608176,37.0
1608192,36.0
1608192,64.0
1608256,27.0
1608368,22.0
1608368,60.0
1608432,52.0
1608464,36.0
1608480,53.0
1608560,66.0
1608688,27.0
1608688,44.0
1608704,35.0
1608800,23.0
1608960,60.0
1608992,39.0
1608992,50.0
1609008,64.0
1609024,34.0
1609056,54.0
1609056,37.0
1609072,56.0
1609104,46.0
1609152,71.0
1609248,99.0
1609248,28.0
1609328,21.0
1609344,41.0
1609408,25.0
1609424,54.0
1609504,51.0
1609568,29.0
1609600,56.0
1609680,41.0
1609696,40.0
1609744,47.0
1609776,39.0
1609776,45.0
1609904,41.0
1609920,53.0
1609920,37.0
1609952,38.0
1610032,67.0
1610064,31.0
1610144,25.0
1610208,49.0
1610400,45.0
1610432,52.0
1610432,41.0
1610448,59.0
1610496,68.0
1610496,78.0
1610528,52.0
1610544,39.0
1610640,38.0
1610656,47.0
1610672,38.0
1610736,33.0
1610736,37.0
1610752,52.0
1610784,52.0
1610832,66.0
1610832,25.0
1611040,40.0
1611072,34.0
1611088,41.0
1611184,43.0
1611264,37.0
1611296,40.0
1611296,50.0
1611392,47.0
1611488,41.0
1611488,46.0
1611504,42.0
1611664,58.0
1611680,40.0
1611680,56.0
1611696,60.0
1611808,39.0
1611808,46.0
1611872,49.0
1611952,35.0
1611984,43.0
1612000,46.0
1612048,35.0
1612064,23.0
1612096,38.0
1612112,104.0
1612240,46.0
1612256,28.0
1612288,62.0
1612336,41.0
1612416,117.0
1612416,46.0
1612464,41.0
1612496,28.0
1612496,39.0
1612560,36.0
1612656,26.0
1612672,63.0
1612720,39.0
1612720,38.0
1612768,32.0
1612848,32.0
1612976,43.0
1613008,37.0
1613072,63.0
1613104,24.0
1613120,28.0
1613136,40.0
1613200,75.0
1613200,78.0
1613296,55.0
1613328,48.0
1613328,54.0
1613408,25.0
1613440,59.0
1613472,31.0
1613504,46.0
1613520,42.0
1613600,59.0
1613600,55.0
1613728,37.0
1613728,41.0
1613808,30.0
1613856,35.0
1613856,47.0
1613904,44.0
1614064,34.0
1614128,63.0
1614192,45.0
1614224,39.0
1614288,35.0
1614320,55.0
1614320,29.0
1614352,28.0
1614384,61.0
1614432,77.0
1614480,72.0
1614576,53.0
1614608,34.0
1614608,69.0
1614640,52.0
1614688,35.0
1614752,56.0
1614768,73.0
1614768,36.0
1614848,39.0
1615024,28.0
1615104,31.0
1615104,47.0
1615120,52.0
1615136,51.0
1615200,48.0
1615216,52.0
1615312,39.0
1615328,45.0
1615328,35.0
1615472,62.0
1615664,56.0
1615680,23.0
1615760,39.0
1615760,41.0
1615792,72.0
1615824,67.0
1615824,50.0
1615856,47.0
1615904,49.0
1615936,46.0
1615984,41.0
1615984,104.0
1615984,48.0
1616016,43.0
1616032,23.0
1616144,29.0
1616272,89.0
1616272,50.0
1616288,33.0
1616400,26.0
1616448,41.0
1616464,40.0
1616528,34.0
1616592,52.0
1616592,41.0
1616624,30.0
1616640,39.0
1616688,54.0
1616704,53.0
1616736,52.0
1616784,50.0
1616864,36.0
1616896,31.0
1616928,41.0
1616928,41.0
1616928,25.0
1616960,58.0
1617008,35.0
1617152,43.0
1617232,40.0
1617248,38.0
1617312,24.0
1617328,46.0
1617328,37.0
1617456,52.0
1617472,49.0
1617488,39.0
1617552,48.0
1617568,42.0
1617616,41.0
1617632,25.0
1617680,47.0
1617744,46.0
1617792,34.0
1617792,68.0
1617872,59.0
1617936,12.0
1617936,24.0
1617936,28.0
1617952,30.0
1618000,43.0
1618048,56.0
1618128,32.0
1618144,51.0
1618320,43.0
1618368,31.0
1618368,57.0
1618384,44.0
1618400,52.0
1618400,38.0
1618432,69.0
1618480,33.0
1618704,48.0
1618704,57.0
1618720,37.0
1618752,47.0
1618752,24.0
1618832,27.0
1618848,28.0
1618912,48.0
1618960,64.0
1618976,58.0
1619056,70.0
1619072,37.0
1619136,48.0
1619136,47.0
1619232,57.0
1619232,33.0
1619344,24.0
1619376,39.0
1619456,46.0
1619472,40.0
1619488,40.0
1619536,39.0
1619568,27.0
1619584,38.0
1619616,74.0
1619616,54.0
1619760,66.0
1619808,46.0
1619856,39.0
1619888,26.0
1619920,54.0
1619936,37.0
1619936,50.0
1620080,39.0
1620112,39.0
1620144,36.0
1620144,57.0
1620192,36.0
1620240,41.0
1620240,44.0
1620256,55.0
1620416,41.0
1620464,33.0
1620464,41.0
1620528,38.0
1620576,45.0
1620672,49.0
1620672,35.0
1620784,34.0
1620816,55.0
1620832,76.0
1620896,40.0
1620896,44.0
1620912,52.0
1620960,34.0
1620992,26.0
1621008,54.0
1621024,49.0
1621136,29.0
1621216,47.0
1621280,38.0
1621296,48.0
1621344,55.0
1621440,81.0
1621472,36.0
1621568,34.0
1621568,49.0
1621584,23.0
1621632,51.0
1621728,56.0
1621776,55.0
1621888,56.0
1621888,34.0
1621920,49.0
1621952,59.0
1622000,68.0
1622080,50.0
1622096,39.0
1622128,52.0
1622144,74.0
1622224,40.0
1622240,50.0
1622304,42.0
1622336,24.0
1622400,42.0
1622448,33.0
1622512,39.0
1622576,63.0
1622592,51.0
1622688,38.0
1622736,46.0
1622832,37.0
1622832,46.0
1622880,46.0
1622896,83.0
1622992,34.0
1622992,54.0
1623024,21.0
1623040,28.0
1623040,46.0
1623040,72.0
1623072,35.0
1623152,26.0
1623152,58.0
1623168,37.0
1623232,56.0
1623264,54.0
1623520,40.0
1623536,31.0
1623536,40.0
1623552,45.0
1623584,47.0
1623600,35.0
1623616,29.0
1623664,42.0
1623856,54.0
1623888,46.0
1623936,42.0
1624048,61.0
1624048,64.0
1624144,39.0
1624224,66.0
1624240,43.0
1624256,64.0
1624272,46.0
1624288,39.0
1624336,46.0
1624368,52.0
1624432,51.0
1624480,27.0
1624656,50.0
1624688,47.0
1624704,51.0
1624736,72.0
1624784,46.0
1624832,112.0
1624832,38.0
1624864,45.0
1624880,40.0
1625104,46.0
1625200,45.0
1625248,57.0
1625344,38.0
1625376,69.0
1625392,35.0
1625536,44.0
1625536,55.0
1625536,42.0
1625584,83.0
1625664,86.0
1625696,62.0
1625856,89.0
1625888,40.0
1625888,69.0
1625936,25.0
1625968,37.0
1626000,50.0
1626048,32.0
1626064,86.0
1626096,76.0
1626128,49.0
1626160,36.0
1626160,48.0
1626208,42.0
1626368,79.0
1626464,33.0
1626592,37.0
1626592,44.0
1626608,35.0
1626624,58.0
1626752,37.0
1626768,69.0
1626800,57.0
1626832,48.0
1626864,46.0
1626880,49.0
1626880,45.0
1627152,74.0
1627168,44.0
1627184,61.0
1627216,85.0
1627264,24.0
1627296,33.0
1627312,43.0
1627376,36.0
1627408,50.0
1627424,66.0
1627456,39.0
1627456,54.0
1627504,39.0
1627536,49.0
1627536,42.0
1627728,71.0
1627888,45.0
1627888,32.0
1627936,25.0
1627984,45.0
1628048,46.0
1628080,42.0
1628096,50.0
1628128,59.0
1628160,59.0
1628272,24.0
1628352,56.0
1628384,55.0
1628448,81.0
1628480,47.0
1628480,64.0
1628528,69.0
1628608,39.0
1628624,68.0
1628656,48.0
1628848,50.0
1628864,46.0
1628928,30.0
1628960,30.0
1628976,51.0
1629024,40.0
1629072,62.0
1629088,38.0
1629088,72.0
1629104,63.0
1629104,36.0
1629248,40.0
1629264,57.0
1629312,43.0
1629312,24.0
1629328,42.0
1629328,66.0
1629392,18.0
1629520,27.0
1629536,32.0
1629648,35.0
1629648,36.0
1629664,44.0
1629696,24.0
1629808,44.0
1629824,60.0
1629840,62.0
1629888,39.0
1630064,15.0
1630096,70.0
1630112,50.0
1630112,54.0
1630128,27.0
1630208,55.0
1630224,35.0
1630288,47.0
1630336,43.0
1630416,64.0
1630448,58.0
1630480,52.0
1630576,43.0
1630592,49.0
1630624,32.0
1630672,35.0
1630672,34.0
1630688,85.0
1630688,37.0
1630752,34.0
1630784,45.0
1630816,33.0
1630816,61.0
1630960,39.0
1630992,48.0
1631120,33.0
1631216,48.0
1631216,34.0
1631248,39.0
1631264,36.0
1631296,38.0
1631376,50.0
1631440,39.0
1631456,40.0
1631472,45.0
1631488,67.0
1631504,52.0
1631632,53.0
1631632,40.0
1631696,46.0
1631760,40.0
1631808,37.0
1631840,24.0
1631840,85.0
1631888,39.0
1631920,44.0
1631936,43.0
1631968,42.0
1632032,41.0
1632032,33.0
1632160,45.0
1632240,48.0
1632272,32.0
1632320,52.0
1632352,41.0
1632416,31.0
1632416,49.0
1632528,35.0
1632528,45.0
1632560,45.0
1632592,44.0
1632688,41.0
1632704,67.0
1632848,38.0
1632944,57.0
1632960,64.0
1632976,35.0
1632992,36.0
1633024,31.0
1633072,57.0
1633120,53.0
1633152,39.0
1633184,37.0
1633232,57.0
1633248,56.0
1633312,92.0
1633376,51.0
1633552,54.0
1633568,38.0
1633632,38.0
1633632,28.0
1633648,59.0
1633664,34.0
1633696,39.0
1633712,48.0
1633792,40.0
1633824,37.0
1633824,28.0
1633840,54.0
1633904,41.0
1633904,66.0
1633920,58.0
1634000,28.0
1634032,29.0
1634064,27.0
1634272,60.0
1634288,40.0
1634288,41.0
1634320,38.0
1634528,54.0
1634560,17.0
1634576,34.0
1634624,45.0
1634624,52.0
1634672,53.0
1634688,54.0
1634720,51.0
1634752,52.0
1634768,48.0
1634784,68.0
1634848,63.0
1634944,42.0
1635072,63.0
1635088,32.0
1635088,48.0
1635168,34.0
1635168,40.0
1635168,38.0
1635264,34.0
1635408,39.0
1635424,46.0
1635424,50.0
1635440,48.0
1635488,45.0
1635504,41.0
1635520,27.0
1635600,82.0
1635648,30.0
1635648,35.0
1635664,45.0
1635680,58.0
1635824,35.0
1635840,48.0
1635904,24.0
1635968,29.0
1635984,34.0
1635984,21.0
1636080,41.0
1636144,41.0
1636160,62.0
1636192,33.0
1636224,39.0
1636240,35.0
1636304,25.0
1636336,58.0
1636400,27.0
1636448,39.0
1636496,83.0
1636544,24.0
1636640,41.0
1636640,62.0
1636688,12.0
1636704,54.0
1636720,26.0
1636800,51.0
1636832,47.0
1636864,42.0
1636912,32.0
1636912,36.0
1637040,50.0
1637056,57.0
1637088,34.0
1637120,56.0
1637168,30.0
1637216,26.0
1637280,35.0
1637328,119.0
1637328,39.0
1637360,45.0
1637376,29.0
1637392,59.0
1637456,51.0
1637488,20.0
1637616,33.0
1637632,36.0
1637680,40.0
1637856,62.0
1637872,60.0
1637904,67.0
1637952,31.0
1637952,42.0
1637984,54.0
1637984,48.0
1638000,42.0
1638064,24.0
1638064,36.0
1638096,44.0
1638160,52.0
1638352,28.0
1638368,46.0
1638368,23.0
1638432,67.0
1638448,67.0
1638496,39.0
1638544,35.0
1638560,38.0
1638640,49.0
1638672,38.0
1638784,50.0
1638880,32.0
1638944,31.0
1638992,35.0
1639008,57.0
1639024,41.0
1639040,68.0
1639120,66.0
1639152,50.0
1639168,63.0
1639168,97.0
1639184,40.0
1639312,51.0
1639456,42.0
1639536,54.0
1639536,56.0
1639552,62.0
1639600,36.0
1639600,28.0
1639664,42.0
1639696,33.0
1639760,55.0
1639776,52.0
1639840,45.0
1639856,51.0
1639856,53.0
1639904,46.0
1639936,39.0
1640016,52.0
1640016,35.0
1640080,24.0
1640176,40.0
1640192,27.0
1640208,34.0
1640224,39.0
1640240,40.0
1640256,45.0
1640336,49.0
1640512,41.0
1640560,49.0
1640656,40.0
1640672,52.0
1640688,52.0
1640720,44.0
1640752,35.0
1640784,55.0
1640800,54.0
1640816,40.0
1640912,52.0
1640912,43.0
1641152,57.0
1641168,52.0
1641168,41.0
1641232,61.0
1641280,35.0
1641296,38.0
1641328,48.0
1641344,43.0
1641472,35.0
1641488,51.0
1641536,83.0
1641584,52.0
1641584,48.0
1641664,54.0
1641680,24.0
1641792,32.0
1641824,57.0
1641824,37.0
1641888,45.0
1641904,36.0
1641904,70.0
1641920,48.0
1642064,24.0
1642096,38.0
1642128,60.0
1642144,42.0
1642192,53.0
1642256,37.0
1642288,47.0
1642496,37.0
1642544,45.0
1642592,63.0
1642608,49.0
1642624,44.0
1642640,47.0
1642704,57.0
1642784,55.0
1642784,33.0
1642848,47.0
1642880,81.0
1642880,43.0
1642944,41.0
1642976,52.0
1643120,39.0
1643120,36.0
1643136,63.0
1643184,70.0
1643184,37.0
1643200,26.0
1643248,29.0
1643328,39.0
1643392,48.0
1643472,54.0
1643488,38.0
1643616,46.0
1643696,28.0
1643776,71.0
1643792,38.0
1643824,44.0
1643824,43.0
1643840,40.0
1643904,36.0
1643904,60.0
1643984,71.0
1643984,37.0
1644000,32.0
1644064,68.0
1644096,30.0
1644144,64.0
1644336,35.0
1644368,56.0
1644416,77.0
1644448,41.0
1644592,37.0
1644704,45.0
1644704,35.0
1644736,47.0
1644784,55.0
1644800,61.0
1644832,31.0
1644880,32.0
1644896,75.0
1644976,35.0
1644976,24.0
1644992,56.0
1645008,69.0
1645008,74.0
1645072,23.0
1645088,78.0
1645136,67.0
1645264,51.0
1645280,34.0
1645280,36.0
1645360,33.0
1645376,30.0
1645552,29.0
1645600,45.0
1645600,38.0
1645616,52.0
1645616,30.0
1645632,39.0
1645632,41.0
1645904,40.0
1645920,40.0
1646000,40.0
1646032,27.0
1646048,48.0
1646048,78.0
1646112,46.0
1646160,34.0
1646208,37.0
1646224,76.0
1646240,40.0
1646256,74.0
1646272,45.0
1646304,83.0
1646336,44.0
1646496,54.0
1646560,32.0
1646560,21.0
1646592,27.0
1646656,47.0
1646688,40.0
1646704,42.0
1646736,51.0
1646944,52.0
1646944,44.0
1646976,48.0
1646992,41.0
1647040,46.0
1647056,66.0
1647088,51.0
1647120,27.0
1647248,41.0
1647264,63.0
1647280,39.0
1647296,50.0
1647440,31.0
1647520,60.0
1647536,52.0
1647568,32.0
1647584,20.0
1647616,33.0
1647632,40.0
1647632,67.0
1647680,44.0
1647680,40.0
1647696,47.0
1647760,40.0
1647792,32.0
1647840,37.0
1648064,24.0
1648080,24.0
1648096,30.0
1648240,42.0
1648272,32.0
1648272,37.0
1648320,46.0
1648352,45.0
1648368,53.0
1648400,20.0
1648400,60.0
1648512,76.0
1648512,55.0
1648576,32.0
1648656,54.0
1648672,36.0
1648704,54.0
1648768,77.0
1648768,25.0
1648848,38.0
1648848,36.0
1648944,37.0
1648960,35.0
1648992,37.0
1649024,23.0
1649040,33.0
1649056,24.0
1649056,145.0
1649200,39.0
1649264,59.0
1649360,37.0
1649392,43.0
1649424,36.0
1649472,30.0
1649536,79.0
1649568,50.0
1649616,41.0
1649696,74.0
1649696,42.0
1649696,41.0
1649696,40.0
1649760,57.0
1649792,33.0
1649824,39.0
1649904,53.0
1649984,65.0
1650064,23.0
1650096,42.0
1650160,23.0
1650160,29.0
1650176,40.0
1650272,41.0
1650272,50.0
1650288,56.0
1650304,59.0
1650352,49.0
1650560,54.0
1650560,50.0
1650592,56.0
1650640,46.0
1650656,24.0
1650704,33.0
1650720,46.0
1650720,35.0
1650816,47.0
1650832,42.0
1650880,49.0
1650896,67.0
1651088,33.0
1651200,38.0
1651232,42.0
1651248,59.0
1651264,62.0
1651280,62.0
1651296,59.0
1651408,36.0
1651456,51.0
1651456,36.0
1651472,47.0
1651472,47.0
1651584,48.0
1651616,26.0
1651632,58.0
1651648,22.0
1651648,47.0
1651696,38.0
1651856,24.0
1651872,37.0
1651904,40.0
1651968,82.0
1652000,47.0
1652000,37.0
1652032,24.0
1652048,37.0
1652064,52.0
1652096,40.0
1652160,43.0
1652192,34.0
1652240,38.0
1652336,47.0
1652512,41.0
1652544,58.0
1652576,24.0
1652592,45.0
1652592,56.0
1652608,38.0
1652848,55.0
1652864,54.0
1652880,61.0
1652880,51.0
1652896,35.0
1652992,56.0
1653008,53.0
1653024,30.0
1653072,65.0
1653152,57.0
1653168,41.0
1653184,18.0
1653216,39.0
1653264,76.0
1653264,25.0
1653456,55.0
1653456,36.0
1653664,41.0
1653664,40.0
1653712,28.0
1653728,70.0
1653728,41.0
1653744,35.0
1653776,38.0
1653856,37.0
1653920,48.0
1653984,69.0
1654048,52.0
1654096,27.0
1654128,71.0
1654176,45.0
1654272,38.0
1654272,35.0
1654320,108.0
1654320,37.0
1654384,40.0
1654400,34.0
1654496,65.0
1654544,51.0
1654656,42.0
1654672,34.0
1654720,42.0
1654736,60.0
1654736,118.0
1654768,24.0
1654880,38.0
1654896,45.0
1654912,62.0
1654976,41.0
1655008,46.0
1655024,58.0
1655056,24.0
1655088,37.0
1655200,50.0
1655376,31.0
1655424,33.0
1655472,72.0
1655472,58.0
1655568,50.0
1655616,37.0
1655680,64.0
1655728,47.0
1655744,41.0
1655744,43.0
1655792,67.0
1655824,51.0
1655856,59.0
1655952,47.0
1656000,36.0
1656048,36.0
1656128,47.0
1656160,89.0
1656192,39.0
1656272,37.0
1656272,50.0
1656368,20.0
1656400,104.0
1656512,35.0
1656512,56.0
1656528,49.0
1656608,55.0
1656624,52.0
1656640,49.0
1656640,56.0
1656656,41.0
1656784,39.0
1656816,39.0
1656848,36.0
1657008,30.0
1657024,24.0
1657024,75.0
1657040,27.0
1657056,58.0
1657184,35.0
1657232,52.0
1657232,60.0
1657328,60.0
1657360,53.0
1657440,49.0
1657456,40.0
1657472,39.0
1657504,45.0
1657680,40.0
1657728,76.0
1657760,33.0
1657792,48.0
1657824,51.0
1657824,50.0
1657824,48.0
1657856,24.0
1657888,44.0
1657968,38.0
1658096,40.0
1658112,20.0
1658208,48.0
1658272,28.0
1658336,52.0
1658384,35.0
1658432,38.0
1658448,43.0
1658480,115.0
1658560,44.0
1658592,79.0
1658592,57.0
1658592,30.0
1658704,27.0
1658768,35.0
1658784,56.0
1658848,101.0
1658896,32.0
1658912,36.0
1658976,55.0
1659008,65.0
1659056,83.0
1659104,39.0
1659168,36.0
1659184,37.0
1659232,49.0
1659264,44.0
1659344,36.0
1659344,57.0
1659440,37.0
1659472,36.0
1659504,37.0
1659536,33.0
1659552,53.0
1659616,24.0
1659680,44.0
1659728,42.0
1659792,63.0
1659792,75.0
1659888,34.0
1659920,46.0
1659952,53.0
1659968,50.0
1659984,23.0
1660016,36.0
1660064,45.0
1660288,47.0
1660320,48.0
1660368,24.0
1660368,56.0
1660384,41.0
1660384,70.0
1660448,41.0
1660448,41.0
1660512,63.0
1660592,40.0
1660608,34.0
1660704,49.0
1660736,48.0
1660816,27.0
1660832,20.0
1660832,72.0
1660848,52.0
1660864,61.0
1660960,40.0
1661072,39.0
1661088,45.0
1661120,52.0
1661136,48.0
1661184,36.0
1661200,51.0
1661216,24.0
1661328,39.0
1661488,56.0
1661520,44.0
1661536,68.0
1661568,44.0
1661568,30.0
1661568,38.0
1661600,54.0
1661680,53.0
1661712,36.0
1661728,32.0
1661824,44.0
1661872,50.0
1661936,23.0
1661968,40.0
1662016,51.0
1662016,73.0
1662128,40.0
1662144,60.0
1662240,42.0
1662320,40.0
1662400,50.0
1662400,54.0
1662432,35.0
1662464,56.0
1662480,60.0
1662512,31.0
1662560,52.0
1662576,38.0
1662704,43.0
1662736,50.0
1662784,24.0
1662832,70.0
1662848,64.0
1662960,51.0
1662992,35.0
1663040,40.0
1663072,52.0
1663088,60.0
1663120,41.0
1663168,41.0
1663184,44.0
1663200,26.0
1663280,45.0
1663344,38.0
1663344,48.0
1663408,23.0
1663472,72.0
1663488,33.0
1663536,44.0
1663568,36.0
1663584,32.0
1663600,56.0
1663664,51.0
1663696,32.0
1663744,41.0
1663824,41.0
1663856,36.0
1663968,31.0
1664016,56.0
1664096,56.0
1664176,37.0
1664240,47.0
1664240,44.0
1664304,35.0
1664320,61.0
1664336,23.0
1664352,41.0
1664352,63.0
1664496,52.0
1664560,60.0
1664576,45.0
1664640,39.0
1664672,69.0
1664672,53.0
1664784,34.0
1664800,35.0
1664848,33.0
1664896,93.0
1664896,45.0
1664944,37.0
1664944,53.0
1664960,41.0
1665120,35.0
1665152,51.0
1665168,31.0
1665232,41.0
1665344,53.0
1665424,47.0
1665504,41.0
1665536,36.0
1665552,75.0
1665584,40.0
1665584,49.0
1665616,61.0
1665664,48.0
1665792,40.0
1665824,65.0
1665872,61.0
1665888,48.0
1665936,62.0
1666048,39.0
1666144,57.0
1666176,35.0
1666176,42.0
1666208,42.0
1666240,67.0
1666256,42.0
1666272,45.0
1666304,45.0
1666320,61.0
1666480,41.0
1666544,38.0
1666592,50.0
1666608,45.0
1666672,27.0
1666704,33.0
1666832,43.0
1666832,36.0
1666848,74.0
1666848,34.0
1666896,36.0
1666912,44.0
1666944,67.0
1667008,52.0
1667088,34.0
1667088,65.0
1667136,54.0
1667248,36.0
1667248,48.0
1667360,48.0
1667360,32.0
1667456,35.0
1667472,24.0
1667488,36.0
1667568,46.0
1667616,38.0
1667632,64.0
1667632,34.0
1667648,50.0
1667696,47.0
1667792,34.0
1667888,47.0
1667904,34.0
1667968,71.0
1667984,46.0
1668016,41.0
1668032,83.0
1668176,38.0
1668224,37.0
1668240,49.0
1668256,49.0
1668272,39.0
1668272,49.0
1668464,42.0
1668464,53.0
1668528,52.0
1668544,40.0
1668624,38.0
1668656,27.0
1668720,68.0
1668800,39.0
1668816,53.0
1668816,52.0
1668816,58.0
1668832,35.0
1668864,39.0
1668880,38.0
1668880,53.0
1669200,21.0
1669200,25.0
1669216,42.0
1669216,25.0
1669248,62.0
1669264,38.0
1669376,35.0
1669392,58.0
1669392,35.0
1669408,49.0
1669424,56.0
1669504,43.0
1669520,66.0
1669600,55.0
1669680,27.0
1669680,50.0
1669728,33.0
1669808,37.0
1669808,34.0
1669824,38.0
1669824,25.0
1669856,41.0
1669952,67.0
1670080,25.0
1670112,45.0
1670128,45.0
1670176,50.0
1670224,26.0
1670224,52.0
1670352,47.0
1670384,54.0
1670400,36.0
1670528,45.0
1670560,44.0
1670624,70.0
1670704,47.0
1670720,62.0
1670800,36.0
1670832,63.0
1670912,52.0
1670928,36.0
1670928,47.0
1671024,40.0
1671120,90.0
1671136,57.0
1671168,34.0
1671200,40.0
1671248,33.0
1671264,71.0
1671312,75.0
1671360,60.0
1671504,42.0
1671504,44.0
1671520,62.0
1671520,51.0
1671600,27.0
1671648,45.0
1671776,26.0
1671808,43.0
1671856,41.0
1671872,23.0
1671888,39.0
1671904,55.0
1672000,54.0
1672000,25.0
1672112,50.0
1672256,38.0
1672256,47.0
1672272,47.0
1672320,67.0
1672320,32.0
1672336,88.0
1672336,51.0
1672496,37.0
1672528,42.0
1672528,40.0
1672560,35.0
1672656,21.0
1672704,58.0
1672704,52.0
1672768,116.0
1672848,46.0
1672848,37.0
1672960,39.0
1673008,47.0
1673024,44.0
1673040,32.0
1673104,69.0
1673120,53.0
1673168,52.0
1673216,43.0
1673232,42.0
1673280,32.0
1673376,42.0
1673392,43.0
1673392,46.0
1673472,27.0
1673552,44.0
1673584,68.0
1673616,48.0
1673632,42.0
1673664,41.0
1673728,44.0
1673760,30.0
1673808,27.0
1673840,23.0
1674000,52.0
1674016,39.0
1674016,57.0
1674080,29.0
1674128,34.0
1674160,48.0
1674160,59.0
1674192,40.0
1674336,76.0
1674352,22.0
1674400,73.0
1674560,58.0
1674656,58.0
1674672,54.0
1674704,59.0
1674704,65.0
1674736,34.0
1674800,28.0
1674896,66.0
1674928,57.0
1674960,59.0
1674976,51.0
1674992,52.0
1675024,56.0
1675040,60.0
1675168,52.0
1675248,43.0
1675248,37.0
1675264,54.0
1675296,31.0
1675360,41.0
1675376,26.0
1675440,25.0
1675488,51.0
1675520,49.0
1675536,52.0
1675584,41.0
1675616,39.0
1675648,39.0
1675776,55.0
1675776,33.0
1675776,50.0
1675920,34.0
1675968,50.0
1675984,45.0
1676032,34.0
1676144,39.0
1676192,34.0
1676192,56.0
1676304,20.0
1676352,36.0
1676416,73.0
1676480,65.0
1676496,36.0
1676528,31.0
1676544,60.0
1676576,24.0
1676592,51.0
1676688,57.0
1676736,86.0
1676784,51.0
1676848,82.0
1676864,42.0
1676864,23.0
1676912,27.0
1676928,36.0
1676944,50.0
1676960,27.0
1677024,27.0
1677200,99.0
1677216,57.0
1677248,25.0
1677264,43.0
1677296,55.0
1677344,38.0
1677552,48.0
1677552,37.0
1677552,63.0
1677616,47.0
1677632,45.0
1677648,24.0
1677664,46.0
1677712,43.0
1677808,59.0
1677856,41.0
1677952,63.0
1678032,49.0
1678032,30.0
1678080,29.0
1678128,90.0
1678208,36.0
1678256,65.0
1678272,35.0
1678304,41.0
1678368,64.0
1678480,33.0
1678528,77.0
1678544,43.0
1678544,55.0
1678560,47.0
1678592,65.0
1678624,34.0
1678672,40.0
1678816,34.0
1678912,55.0
1679024,48.0
1679056,53.0
1679072,44.0
1679088,49.0
1679136,99.0
1679152,42.0
1679168,65.0
1679264,42.0
1679296,47.0
1679344,42.0
1679376,53.0
1679456,52.0
1679536,62.0
1679552,24.0
1679552,46.0
1679552,29.0
1679616,35.0
1679616,66.0
1679808,41.0
1679808,49.0
1679872,36.0
1679872,60.0
1679888,51.0
1679952,51.0
1679952,43.0
1680000,41.0
1680128,36.0
1680144,38.0
1680240,54.0
1680288,52.0
1680288,46.0
1680352,25.0
1680384,48.0
1680464,41.0
1680464,32.0
1680544,62.0
1680560,43.0
1680592,49.0
1680640,40.0
1680672,50.0
1680688,50.0
1680752,71.0
1680848,45.0
1680960,45.0
1680992,40.0
1680992,44.0
1681024,24.0
1681040,28.0
1681056,24.0
1681072,49.0
1681168,49.0
1681264,70.0
1681312,53.0
1681344,55.0
1681392,34.0
1681392,40.0
1681408,53.0
1681488,59.0
1681568,31.0
1681584,39.0
1681680,62.0
1681744,44.0
1681808,40.0
1681824,52.0
1681872,30.0
1681936,42.0
1681952,35.0
1682016,62.0
1682080,37.0
1682080,42.0
1682080,64.0
1682128,49.0
1682176,74.0
1682256,36.0
1682320,46.0
1682384,51.0
1682480,42.0
1682480,33.0
1682672,50.0
1682704,87.0
1682800,45.0
1682816,46.0
1682880,44.0
1682880,25.0
1682912,41.0
1682928,34.0
1682944,51.0
1682944,39.0
1682960,55.0
1683040,35.0
1683168,77.0
1683248,77.0
1683312,38.0
1683312,24.0
1683328,18.0
1683376,35.0
1683392,103.0
1683408,46.0
1683472,35.0
1683472,103.0
1683472,42.0
1683488,33.0
1683536,41.0
1683664,45.0
1683728,49.0
1683840,33.0
1683904,31.0
1683920,33.0
1683952,29.0
1684016,53.0
1684048,36.0
1684048,45.0
1684128,51.0
1684144,48.0
1684176,44.0
1684192,59.0
1684192,41.0
1684288,51.0
1684448,45.0
1684496,52.0
1684528,30.0
1684576,41.0
1684608,108.0
1684688,40.0
1684720,33.0
1684736,49.0
1684752,57.0
1684816,42.0
1684832,44.0
1684848,59.0
1684880,27.0
1684944,58.0
1684992,24.0
1685008,32.0
1685088,35.0
1685120,52.0
1685184,31.0
1685184,38.0
1685200,24.0
1685216,64.0
1685280,69.0
1685344,37.0
1685440,31.0
1685504,39.0
1685504,42.0
1685568,36.0
1685616,38.0
1685632,57.0
1685760,57.0
1685808,38.0
1685856,40.0
1685888,38.0
1685904,49.0
1685904,73.0
1685952,32.0
1686048,26.0
1686128,65.0
1686272,48.0
1686352,37.0
1686384,51.0
1686384,65.0
1686400,76.0
1686480,54.0
1686480,81.0
1686528,64.0
1686528,42.0
1686576,48.0
1686736,53.0
1686768,54.0
1686800,56.0
1686816,27.0
1686880,58.0
1686880,33.0
1686960,52.0
1686976,28.0
1687024,31.0
1687072,50.0
1687104,33.0
1687136,41.0
1687136,41.0
1687152,69.0
1687216,51.0
1687280,56.0
1687344,38.0
1687360,34.0
1687408,38.0
1687456,27.0
1687456,24.0
1687504,23.0
1687520,40.0
1687568,50.0
1687584,39.0
1687616,40.0
1687664,28.0
1687728,39.0
1687792,24.0
1687792,41.0
1687920,40.0
1687936,36.0
1687936,23.0
1687952,28.0
1687968,51.0
1688000,70.0
1688048,27.0
1688240,56.0
1688288,52.0
1688288,39.0
1688320,50.0
1688352,48.0
1688352,35.0
1688384,58.0
1688400,42.0
1688432,40.0
1688560,40.0
1688560,38.0
1688672,46.0
1688688,47.0
1688704,44.0
1688720,47.0
1688832,28.0
1688864,34.0
1688880,37.0
1688928,40.0
1689056,63.0
1689056,39.0
1689072,45.0
1689088,43.0
1689136,56.0
1689216,34.0
1689232,55.0
1689264,36.0
1689280,36.0
1689328,48.0
1689328,28.0
1689408,43.0
1689440,36.0
1689440,55.0
1689488,25.0
1689488,35.0
1689520,24.0
1689616,35.0
1689744,57.0
1689744,42.0
1689760,44.0
1689968,46.0
1689968,40.0
1690000,37.0
1690032,37.0
1690032,47.0
1690096,55.0
1690272,49.0
1690288,60.0
1690304,51.0
1690304,49.0
1690304,34.0
1690416,72.0
1690432,51.0
1690656,43.0
1690704,79.0
1690720,43.0
1690832,68.0
1690832,52.0
1690848,34.0
1690880,37.0
1690896,39.0
1690912,38.0
1690944,32.0
1690944,57.0
1690944,40.0
1691008,57.0
1691024,80.0
1691040,39.0
1691040,67.0
1691392,43.0
1691408,36.0
1691440,33.0
1691472,33.0
1691488,41.0
1691520,42.0
1691552,38.0
1691616,56.0
1691616,45.0
1691664,40.0
1691712,48.0
1691744,46.0
1691760,45.0
1691776,56.0
1691840,74.0
1691856,23.0
1691936,56.0
1691936,31.0
1692000,38.0
1692048,27.0
1692048,36.0
1692160,34.0
1692160,40.0
1692304,37.0
1692352,59.0
1692368,39.0
1692384,39.0
1692416,35.0
1692448,42.0
1692464,50.0
1692496,41.0
1692528,33.0
1692592,41.0
1692640,37.0
1692656,31.0
1692752,44.0
1692832,24.0
1692864,44.0
1692928,36.0
1692944,35.0
1692944,87.0
1693056,35.0
1693088,49.0
1693104,40.0
1693296,58.0
1693312,56.0
1693360,44.0
1693360,52.0
1693360,45.0
1693408,41.0
1693520,43.0
1693552,60.0
1693552,38.0
1693568,39.0
1693824,32.0
1693872,36.0
1693904,34.0
1693936,67.0
1693968,35.0
1694064,60.0
1694080,62.0
1694096,46.0
1694112,66.0
1694112,35.0
1694112,47.0
1694112,35.0
1694144,76.0
1694224,143.0
1694256,46.0
1694400,31.0
1694416,34.0
1694432,54.0
1694528,37.0
1694544,30.0
1694672,35.0
1694720,38.0
1694768,41.0
1694832,63.0
1694912,51.0
1694944,50.0
1694944,52.0
1694960,35.0
1694960,46.0
1694992,46.0
1695024,38.0
1695136,37.0
1695232,50.0
1695344,86.0
1695424,30.0
1695424,37.0
1695424,29.0
1695472,30.0
1695488,60.0
1695568,93.0
1695568,50.0
1695616,41.0
1695664,47.0
1695728,66.0
1695776,52.0
1695808,24.0
1695824,25.0
1695872,46.0
1695920,56.0
1696016,81.0
1696096,54.0
1696160,37.0
1696192,36.0
1696224,46.0
1696272,38.0
1696272,58.0
1696368,37.0
1696368,50.0
1696432,38.0
1696464,65.0
1696480,24.0
1696560,47.0
1696640,48.0
1696640,57.0
1696656,46.0
1696672,41.0
1696688,33.0
1696752,35.0
1696832,35.0
1696896,89.0
1697120,43.0
1697152,49.0
1697200,34.0
1697248,36.0
1697264,49.0
1697280,37.0
1697312,35.0
1697328,43.0
1697344,32.0
1697376,63.0
1697440,55.0
1697520,25.0
1697536,82.0
1697696,89.0
1697840,35.0
1697856,87.0
1697904,63.0
1697904,24.0
1698032,37.0
1698112,50.0
1698144,59.0
1698256,62.0
1698256,57.0
1698288,103.0
1698336,27.0
1698336,60.0
1698400,72.0
1698416,24.0
1698416,35.0
1698432,80.0
1698496,41.0
1698512,61.0
1698688,85.0
1698800,41.0
1698800,29.0
1698896,62.0
1698928,37.0
1698960,28.0
1699008,45.0
1699040,49.0
1699136,45.0
1699200,49.0
1699232,50.0
1699248,28.0
1699328,67.0
1699344,41.0
1699360,54.0
1699376,61.0
1699392,24.0
1699440,83.0
1699568,42.0
1699584,24.0
1699600,35.0
1699664,27.0
1699680,47.0
1699696,46.0
1699744,128.0
1699760,39.0
1699968,73.0
1699968,38.0
1700000,41.0
1700016,48.0
1700048,41.0
1700080,40.0
1700112,27.0
1700160,26.0
1700192,33.0
1700208,38.0
1700224,33.0
1700304,58.0
1700320,35.0
1700352,64.0
1700608,31.0
1700640,37.0
1700688,45.0
1700752,73.0
1700768,35.0
1700800,52.0
1700848,53.0
1700880,50.0
1700896,36.0
1700912,47.0
1700944,40.0
1700944,47.0
1701088,54.0
1701120,69.0
1701200,37.0
1701264,57.0
1701264,106.0
1701280,37.0
1701312,35.0
1701312,26.0
1701328,30.0
1701376,38.0
1701408,31.0
1701408,38.0
1701680,46.0
1701744,69.0
1701744,50.0
1701776,41.0
1701856,61.0
1701856,33.0
1701952,34.0
1701984,45.0
1702064,47.0
1702096,63.0
1702096,45.0
1702208,59.0
1702208,33.0
1702224,57.0
1702272,31.0
1702320,29.0
1702400,62.0
1702432,28.0
1702528,83.0
1702560,51.0
1702592,24.0
1702624,55.0
1702640,36.0
1702672,36.0
1702720,90.0
1702768,51.0
1702848,36.0
1702864,40.0
1702928,25.0
1702960,40.0
1702960,54.0
1702976,24.0
1703024,51.0
1703040,38.0
1703152,47.0
1703168,82.0
1703328,48.0
1703360,46.0
1703376,41.0
1703408,28.0
1703424,41.0
1703488,40.0
1703536,35.0
1703616,36.0
1703632,48.0
1703680,45.0
1703696,66.0
1703824,56.0
1703840,73.0
1703840,22.0
1703936,32.0
1704016,53.0
1704032,39.0
1704048,64.0
1704080,47.0
1704096,46.0
1704144,38.0
1704160,63.0
1704256,36.0
1704400,48.0
1704464,33.0
1704528,52.0
1704592,48.0
1704592,32.0
1704608,48.0
1704656,51.0
1704688,42.0
1704736,70.0
1704768,38.0
1704768,45.0
1704784,88.0
1704928,49.0
1704992,46.0
1705008,57.0
1705008,30.0
1705024,39.0
1705152,70.0
1705184,45.0
1705216,35.0
1705264,41.0
1705280,43.0
1705360,37.0
1705408,39.0
1705424,43.0
1705424,26.0
1705504,30.0
1705568,61.0
1705648,41.0
1705680,57.0
1705696,63.0
1705728,29.0
1705856,40.0
1705872,54.0
1705952,50.0
1706032,47.0
1706048,54.0
1706080,36.0
1706080,41.0
1706240,51.0
1706368,32.0
1706384,41.0
1706384,64.0
1706400,52.0
1706400,45.0
1706448,36.0
1706496,68.0
1706512,35.0
1706592,59.0
1706592,35.0
1706672,39.0
1706784,24.0
1706816,46.0
1706976,38.0
1706992,57.0
1707024,39.0
1707088,135.0
1707088,44.0
1707088,40.0
1707136,47.0
1707184,37.0
1707184,43.0
1707200,38.0
1707232,96.0
1707296,66.0
1707328,41.0
1707392,25.0
1707504,62.0
1707536,25.0
1707584,50.0
1707664,27.0
1707664,36.0
1707728,57.0
1707728,40.0
1707808,52.0
1707808,45.0
1707984,50.0
1708000,21.0
1708000,21.0
1708032,46.0
1708064,55.0
1708080,66.0
1708080,43.0
1708128,39.0
1708240,32.0
1708240,27.0
1708368,52.0
1708384,41.0
1708432,69.0
1708480,30.0
1708496,31.0
1708544,84.0
1708544,60.0
1708704,56.0
1708784,44.0
1708848,51.0
1708848,49.0
1708896,41.0
1708912,49.0
1708944,25.0
1708976,46.0
1709024,40.0
1709024,34.0
1709136,37.0
1709184,47.0
1709184,30.0
1709312,33.0
1709312,77.0
1709360,32.0
1709392,23.0
1709440,91.0
1709472,69.0
1709488,62.0
1709520,42.0
1709568,42.0
1709584,25.0
1709584,38.0
1709696,24.0
1709728,49.0
1709872,43.0
1709936,50.0
1709936,22.0
1710048,41.0
1710144,44.0
1710176,51.0
1710192,80.0
1710208,39.0
1710208,32.0
1710336,64.0
1710368,55.0
1710416,53.0
1710432,24.0
1710496,39.0
1710560,52.0
1710656,30.0
1710704,74.0
1710768,35.0
1710832,29.0
1710848,57.0
1710864,115.0
1710928,49.0
1710976,49.0
1711024,23.0
1711104,73.0
1711168,47.0
1711200,44.0
1711200,62.0
1711248,26.0
1711264,52.0
1711280,59.0
1711280,36.0
1711344,30.0
1711360,37.0
1711472,125.0
1711680,70.0
1711696,37.0
1711712,54.0
1711712,27.0
1711744,51.0
1711760,49.0
1711760,25.0
1711792,39.0
1711808,29.0
1711840,35.0
1711920,42.0
1712032,52.0
1712080,66.0
1712208,46.0
1712224,34.0
1712368,69.0
1712448,26.0
1712448,33.0
1712464,47.0
1712480,40.0
1712512,45.0
1712560,30.0
1712576,52.0
1712592,23.0
1712608,53.0
1712608,88.0
1712624,51.0
1712640,58.0
1712672,61.0
1712736,61.0
1712896,28.0
1713040,42.0
1713088,55.0
1713088,40.0
1713152,34.0
1713168,31.0
1713184,39.0
1713200,36.0
1713200,39.0
1713216,47.0
1713232,39.0
1713248,48.0
1713264,47.0
1713312,42.0
1713392,41.0
1713456,26.0
1713504,57.0
1713664,27.0
1713808,45.0
1713840,40.0
1713856,34.0
1713872,41.0
1713904,44.0
1713936,34.0
1713952,43.0
1714000,53.0
1714000,69.0
1714000,51.0
1714016,22.0
1714064,35.0
1714096,58.0
1714208,60.0
1714224,22.0
1714224,71.0
1714304,25.0
1714384,36.0
1714576,35.0
1714592,71.0
1714688,47.0
1714688,52.0
1714736,42.0
1714800,50.0
1714800,36.0
1714832,52.0
1714864,64.0
1714864,48.0
1714928,34.0
1714992,43.0
1715024,50.0
1715024,27.0
1715056,69.0
1715152,36.0
1715184,74.0
1715200,62.0
1715424,35.0
1715488,47.0
1715504,40.0
1715520,52.0
1715584,47.0
1715696,56.0
1715712,43.0
1715760,60.0
1715792,40.0
1715824,71.0
1715856,54.0
1715856,52.0
1715920,62.0
1715920,46.0
1716080,64.0
1716160,41.0
1716160,60.0
1716224,46.0
1716320,46.0
1716400,43.0
1716400,55.0
1716416,37.0
1716416,45.0
1716432,63.0
1716448,41.0
1716464,34.0
1716528,38.0
1716576,45.0
1716624,48.0
1716640,55.0
1716704,34.0
1716752,33.0
1716752,22.0
1716832,42.0
1716928,53.0
1716960,24.0
1717056,19.0
1717136,45.0
1717184,45.0
1717184,46.0
1717248,39.0
1717264,39.0
1717264,52.0
1717296,37.0
1717296,34.0
1717312,30.0
1717328,58.0
1717360,52.0
1717456,71.0
1717600,26.0
1717616,41.0
1717664,78.0
1717680,47.0
1717680,24.0
1717696,28.0
1717728,42.0
1717776,32.0
1717792,29.0
1717792,38.0
1717936,36.0
1718000,54.0
1718000,44.0
1718032,22.0
1718144,52.0
1718160,56.0
1718240,34.0
1718336,46.0
1718416,50.0
1718416,46.0
1718432,31.0
1718512,46.0
1718512,66.0
1718560,56.0
1718560,35.0
1718592,50.0
1718640,40.0
1718672,33.0
1718784,47.0
1718960,45.0
1719024,38.0
1719072,41.0
1719072,40.0
1719088,81.0
1719120,49.0
1719168,41.0
1719200,43.0
1719216,39.0
1719232,67.0
1719248,43.0
1719264,96.0
1719312,47.0
1719312,42.0
1719504,52.0
1719536,21.0
1719584,50.0
1719600,33.0
1719664,34.0
1719680,37.0
1719696,46.0
1719856,49.0
1719888,40.0
1719936,48.0
1720000,49.0
1720176,42.0
1720256,62.0
1720320,46.0
1720336,69.0
1720352,22.0
1720384,44.0
1720416,47.0
1720416,69.0
1720432,52.0
1720448,89.0
1720528,62.0
1720672,46.0
1720736,24.0
1720768,37.0
1720784,92.0
1720928,37.0
1720928,67.0
1721024,40.0
1721024,48.0
1721024,71.0
1721072,86.0
1721072,41.0
1721088,41.0
1721200,29.0
1721232,49.0
1721232,51.0
1721328,50.0
1721344,36.0
1721440,70.0
1721456,24.0
1721632,34.0
1721680,47.0
1721696,39.0
1721744,32.0
1721760,26.0
1721776,47.0
1721792,37.0
1721840,73.0
1721920,71.0
1721952,58.0
1722000,61.0
1722016,43.0
1722032,37.0
1722080,72.0
1722160,58.0
1722256,39.0
1722320,40.0
1722352,41.0
1722384,58.0
1722432,22.0
1722464,45.0
1722512,45.0
1722528,47.0
1722560,35.0
1722656,40.0
1722704,49.0
1722784,52.0
1722832,67.0
1722880,65.0
1722976,59.0
1722992,46.0
1723072,45.0
1723072,40.0
1723104,59.0
1723104,49.0
1723168,44.0
1723200,51.0
1723344,32.0
1723344,43.0
1723424,40.0
1723568,66.0
1723584,64.0
1723616,34.0
1723648,48.0
1723664,35.0
1723712,45.0
1723760,37.0
1723904,35.0
1723904,35.0
1723968,79.0
1723984,57.0
1723984,49.0
1724032,66.0
1724032,38.0
1724080,31.0
1724112,99.0
1724176,67.0
1724224,36.0
1724384,30.0
1724400,26.0
1724496,46.0
1724544,52.0
1724560,59.0
1724576,63.0
1724640,46.0
1724672,31.0
1724800,43.0
1724832,50.0
1724832,27.0
1724864,55.0
1724912,78.0
1724928,53.0
1724976,37.0
1725088,70.0
1725088,28.0
1725184,43.0
1725200,41.0
1725376,50.0
1725456,56.0
1725472,78.0
1725488,36.0
1725536,44.0
1725536,35.0
1725552,29.0
1725600,48.0
1725632,48.0
1725664,62.0
1725664,102.0
1725760,42.0
1725792,38.0
1725872,20.0
1725888,27.0
1725952,64.0
1726016,51.0
1726048,24.0
1726096,39.0
1726112,36.0
1726160,39.0
1726160,49.0
1726176,32.0
1726224,89.0
1726288,50.0
1726336,28.0
1726368,13.0
1726368,38.0
1726384,47.0
1726432,30.0
1726448,53.0
1726448,21.0
1726448,41.0
1726480,38.0
1726736,36.0
1726832,24.0
1726880,34.0
1726912,34.0
1726960,57.0
1726960,49.0
1726976,34.0
1727024,46.0
1727024,58.0
1727088,67.0
1727152,58.0
1727216,52.0
1727424,28.0
1727488,41.0
1727504,64.0
1727536,73.0
1727552,51.0
1727568,43.0
1727616,41.0
1727664,76.0
1727680,29.0
1727696,38.0
1727728,44.0
1727888,58.0
1727888,61.0
1727936,27.0
1728096,103.0
1728160,37.0
1728208,49.0
1728208,42.0
1728288,71.0
1728288,35.0
1728304,39.0
1728368,47.0
1728400,29.0
1728416,33.0
1728432,34.0
1728432,88.0
1728480,58.0
1728544,28.0
1728576,57.0
1728624,26.0
1728640,27.0
1728656,18.0
1728720,35.0
1728832,34.0
1728880,74.0
1728880,37.0
1728928,33.0
1729040,38.0
1729136,45.0
1729184,55.0
1729296,113.0
1729328,49.0
1729344,44.0
1729424,50.0
1729424,53.0
1729472,65.0
1729568,24.0
1729616,46.0
1729664,59.0
1729680,50.0
1729696,35.0
1729792,54.0
1729824,49.0
1729856,35.0
1729856,86.0
1729952,33.0
1729952,70.0
1730176,47.0
1730176,30.0
1730192,54.0
1730192,96.0
1730240,39.0
1730240,42.0
1730272,58.0
1730320,29.0
1730336,24.0
1730400,38.0
1730432,36.0
1730448,48.0
1730448,61.0
1730464,32.0
1730672,63.0
1730736,57.0
1730768,37.0
1730784,34.0
1730800,39.0
1730800,35.0
1730880,43.0
1730944,42.0
1731024,35.0
1731024,36.0
1731040,37.0
1731104,57.0
1731104,42.0
1731200,54.0
1731280,55.0
1731328,41.0
1731360,30.0
1731392,67.0
1731408,42.0
1731424,39.0
1731504,30.0
1731536,27.0
1731584,51.0
1731616,37.0
1731728,59.0
1731776,26.0
1731808,44.0
1731808,30.0
1731808,38.0
1731872,52.0
1731968,73.0
1732016,38.0
1732032,68.0
1732032,40.0
1732080,41.0
1732128,53.0
1732160,39.0
1732160,36.0
1732240,46.0
1732304,33.0
1732320,32.0
1732336,38.0
1732368,21.0
1732512,34.0
1732560,43.0
1732624,34.0
1732656,31.0
1732704,68.0
1732720,57.0
1732736,45.0
1732800,42.0
1732816,63.0
1732832,29.0
1732880,36.0
1732912,36.0
1732944,57.0
1732944,44.0
1732944,49.0
1733088,33.0
1733104,37.0
1733200,36.0
1733312,36.0
1733328,63.0
1733328,31.0
1733344,27.0
1733472,41.0
1733520,36.0
1733600,56.0
1733680,36.0
1733696,61.0
1733712,48.0
1733728,58.0
1733744,26.0
1733776,43.0
1733808,38.0
1733888,59.0
1733968,82.0
1733968,40.0
1734000,30.0
1734096,76.0
1734176,54.0
1734192,32.0
1734208,54.0
1734256,33.0
1734336,46.0
1734384,40.0
1734432,45.0
1734544,41.0
1734592,51.0
1734608,38.0
1734608,50.0
1734608,40.0
1734752,66.0
1734784,51.0
1734848,42.0
1734848,29.0
1734848,41.0
1734992,24.0
1735008,26.0
1735024,26.0
1735040,49.0
1735072,61.0
1735088,41.0
1735088,101.0
1735168,60.0
1735184,36.0
1735312,33.0
1735344,37.0
1735472,39.0
1735472,24.0
1735488,72.0
1735520,28.0
1735616,67.0
1735648,39.0
1735680,42.0
1735696,53.0
1735712,42.0
1735728,34.0
1735760,48.0
1735856,48.0
1735936,37.0
1735968,41.0
1736048,33.0
1736064,26.0
1736112,40.0
1736160,34.0
1736256,36.0
1736256,68.0
1736272,89.0
1736272,50.0
1736384,39.0
1736416,45.0
1736432,59.0
1736560,53.0
1736688,40.0
1736736,50.0
1736768,41.0
1736784,39.0
1736832,25.0
1736832,35.0
1736848,18.0
1736864,38.0
1736912,40.0
1737024,40.0
1737088,70.0
1737152,46.0
1737152,89.0
1737200,71.0
1737200,84.0
1737248,29.0
1737264,25.0
1737280,64.0
1737344,36.0
1737424,25.0
1737472,35.0
1737536,53.0
1737616,49.0
1737664,58.0
1737680,30.0
1737696,54.0
1737760,42.0
1737840,43.0
1737856,20.0
1737936,41.0
1737936,68.0
1737968,48.0
1738000,41.0
1738000,53.0
1738080,29.0
1738112,40.0
1738176,21.0
1738192,48.0
1738224,61.0
1738336,41.0
1738368,27.0
1738384,70.0
1738416,26.0
1738480,45.0
1738496,50.0
1738592,25.0
1738672,42.0
1738784,70.0
1738864,30.0
1738912,36.0
1738928,44.0
1738928,53.0
1738944,28.0
1738992,25.0
1739056,40.0
1739072,76.0
1739072,60.0
1739104,39.0
1739168,62.0
1739248,24.0
1739328,87.0
1739360,36.0
1739456,93.0
1739488,36.0
1739520,28.0
1739536,38.0
1739568,75.0
1739648,41.0
1739696,64.0
1739744,40.0
1739840,57.0
1739856,43.0
1739888,23.0
1739904,52.0
1739904,41.0
1739952,31.0
1740000,59.0
1740048,32.0
1740080,45.0
1740080,47.0
1740160,76.0
1740304,51.0
1740304,38.0
1740416,35.0
1740464,36.0
1740464,39.0
1740480,52.0
1740496,26.0
1740624,55.0
1740688,70.0
1740688,49.0
1740688,46.0
1740816,32.0
1740848,59.0
1740864,24.0
1740896,30.0
1740896,25.0
1740976,58.0
1741072,57.0
1741088,49.0
1741088,25.0
1741136,66.0
1741184,35.0
1741200,75.0
1741328,22.0
1741328,27.0
1741392,58.0
1741520,66.0
1741616,34.0
1741664,50.0
1741680,22.0
1741696,38.0
1741696,35.0
1741728,65.0
1741728,52.0
1741872,66.0
1741888,75.0
1741904,32.0
1741920,46.0
1741968,70.0
1742016,43.0
1742080,55.0
1742096,63.0
1742288,42.0
1742304,39.0
1742304,36.0
1742320,27.0
1742336,38.0
1742384,43.0
1742464,35.0
1742480,25.0
1742512,40.0
1742608,37.0
1742672,63.0
1742688,25.0
1742848,58.0
1742880,85.0
1742928,39.0
1743008,43.0
1743008,44.0
1743024,35.0
1743024,66.0
1743104,37.0
1743120,46.0
1743120,64.0
1743216,46.0
1743264,98.0
1743264,36.0
1743312,61.0
1743312,40.0
1743440,52.0
1743456,36.0
1743552,34.0
1743568,40.0
1743680,41.0
1743712,25.0
1743728,32.0
1743744,40.0
1743760,40.0
1743760,31.0
1743920,29.0
1743952,40.0
1744000,72.0
1744032,63.0
1744048,38.0
1744144,24.0
1744256,43.0
1744288,36.0
1744336,76.0
1744384,52.0
1744400,45.0
1744448,26.0
1744464,75.0
1744496,47.0
1744496,46.0
1744560,38.0
1744608,43.0
1744736,108.0
1744816,42.0
1744832,34.0
1744896,73.0
1744928,42.0
1744928,55.0
1744960,29.0
1745024,39.0
1745040,41.0
1745056,37.0
1745088,47.0
1745152,34.0
1745216,76.0
1745280,49.0
1745376,51.0
1745376,58.0
1745504,38.0
1745504,42.0
1745568,34.0
1745568,40.0
1745600,54.0
1745728,36.0
1745760,44.0
1745808,62.0
1745824,34.0
1745824,46.0
1746064,35.0
1746080,44.0
1746128,57.0
1746144,24.0
1746208,78.0
1746240,82.0
1746240,42.0
1746256,76.0
1746368,34.0
1746368,40.0
1746368,54.0
1746448,24.0
1746464,68.0
1746480,57.0
1746480,55.0
1746496,43.0
1746512,43.0
1746640,24.0
1746768,25.0
1746784,34.0
1746848,23.0
1746912,34.0
1746992,34.0
1747040,33.0
1747040,36.0
1747040,56.0
1747056,35.0
1747072,37.0
1747088,63.0
1747104,56.0
1747184,59.0
1747296,41.0
1747312,74.0
1747312,33.0
1747472,35.0
1747488,70.0
1747520,29.0
1747648,21.0
1747664,39.0
1747712,38.0
1747792,64.0
1747808,45.0
1747856,63.0
1747856,49.0
1747872,55.0
1747904,54.0
1747904,54.0
1747968,49.0
1748048,36.0
1748176,32.0
1748192,55.0
1748240,33.0
1748288,50.0
1748320,64.0
1748336,29.0
1748400,38.0
1748432,39.0
1748448,37.0
1748640,70.0
1748656,63.0
1748672,48.0
1748704,33.0
1748736,28.0
1748736,26.0
1748880,34.0
1748896,41.0
1748896,58.0
1748960,69.0
1748960,33.0
1749008,69.0
1749040,62.0
1749120,28.0
1749168,61.0
1749264,33.0
1749424,29.0
1749456,35.0
1749472,67.0
1749472,48.0
1749520,49.0
1749552,42.0
1749632,61.0
1749712,51.0
1749760,50.0
1749776,41.0
1749888,53.0
1749904,46.0
1749936,30.0
1749936,81.0
1750016,98.0
1750048,65.0
1750064,50.0
1750160,28.0
1750304,55.0
1750336,35.0
1750416,41.0
1750480,37.0
1750512,65.0
1750592,60.0
1750624,45.0
1750704,25.0
1750752,43.0
1750768,52.0
1750784,46.0
1750832,51.0
1750848,81.0
1750864,17.0
1751072,57.0
1751072,46.0
1751120,74.0
1751184,104.0
1751216,44.0
1751280,50.0
1751280,54.0
1751296,114.0
1751344,40.0
1751424,41.0
1751456,42.0
1751456,52.0
1751520,42.0
1751584,52.0
1751632,35.0
1751776,57.0
1751808,22.0
1751840,39.0
1751840,48.0
1751856,35.0
1751888,66.0
1751968,53.0
1751984,44.0
1752016,37.0
1752016,35.0
1752032,47.0
1752272,43.0
1752320,50.0
1752352,73.0
1752432,37.0
1752464,36.0
1752608,48.0
1752624,41.0
1752624,53.0
1752656,64.0
1752784,48.0
1752800,51.0
1752816,92.0
1752864,32.0
1752864,34.0
1752864,53.0
1752928,41.0
1753120,41.0
1753152,81.0
1753168,35.0
1753184,35.0
1753296,31.0
1753312,24.0
1753408,37.0
1753440,49.0
1753456,64.0
1753456,42.0
1753504,40.0
1753520,21.0
1753552,58.0
1753568,44.0
1753632,48.0
1753712,37.0
1753776,109.0
1753792,40.0
1753856,35.0
1753952,34.0
1754048,55.0
1754096,40.0
1754112,50.0
1754128,38.0
1754144,27.0
1754176,38.0
1754208,27.0
1754224,42.0
1754320,43.0
1754384,55.0
1754432,61.0
1754464,32.0
1754512,169.0
1754512,26.0
1754528,42.0
1754576,49.0
1754688,40.0
1754736,35.0
1754752,38.0
1754784,36.0
1754896,42.0
1754944,51.0
1755008,39.0
1755024,57.0
1755024,32.0
1755104,37.0
1755120,37.0
1755136,51.0
1755264,30.0
1755296,116.0
1755312,39.0
1755328,36.0
1755536,60.0
1755536,37.0
1755616,37.0
1755632,73.0
1755696,50.0
1755776,47.0
1755840,52.0
1755904,73.0
1755904,50.0
1755936,51.0
1755952,39.0
1755984,42.0
1756032,46.0
1756048,32.0
1756096,60.0
1756112,105.0
1756144,33.0
1756224,37.0
1756304,33.0
1756368,26.0
1756448,57.0
1756464,75.0
1756528,37.0
1756640,59.0
1756672,36.0
1756704,41.0
1756752,38.0
1756768,29.0
1756768,46.0
1756800,56.0
1756832,23.0
1756880,41.0
1756928,64.0
1756944,52.0
1757040,42.0
1757056,67.0
1757072,39.0
1757104,79.0
1757152,39.0
1757312,32.0
1757360,37.0
1757392,43.0
1757408,40.0
1757456,44.0
1757504,28.0
1757600,42.0
1757616,36.0
1757616,59.0
1757664,64.0
1757664,45.0
1757680,38.0
1757808,58.0
1757856,47.0
1758016,54.0
1758016,32.0
1758032,40.0
1758128,45.0
1758176,51.0
1758192,36.0
1758192,24.0
1758192,32.0
1758208,86.0
1758224,57.0
1758240,36.0
1758288,39.0
1758336,55.0
1758432,52.0
1758480,54.0
1758576,34.0
1758672,41.0
1758752,29.0
1758800,38.0
1758816,38.0
1758896,42.0
1758912,56.0
1758912,49.0
1758976,25.0
1759008,33.0
1759056,75.0
1759072,56.0
1759184,62.0
1759312,67.0
1759344,37.0
1759376,36.0
1759408,61.0
1759488,72.0
1759504,37.0
1759504,27.0
1759536,54.0
1759600,49.0
1759712,50.0
1759728,34.0
1759744,97.0
1759776,50.0
1759968,39.0
1760064,43.0
1760096,49.0
1760096,68.0
1760192,37.0
1760192,41.0
1760224,45.0
1760224,46.0
1760240,46.0
1760288,77.0
1760288,36.0
1760368,39.0
1760368,60.0
1760400,39.0
1760448,45.0
1760592,33.0
1760704,38.0
1760768,34.0
1760784,35.0
1760816,39.0
1760848,28.0
1760896,41.0
1760896,44.0
1760992,131.0
1760992,64.0
1761040,47.0
1761168,55.0
1761184,68.0
1761200,47.0
1761232,54.0
1761328,35.0
1761344,33.0
1761376,63.0
1761424,24.0
1761504,21.0
1761552,48.0
1761584,43.0
1761600,56.0
1761792,50.0
1761840,29.0
1761920,67.0
1761936,59.0
1761952,48.0
1761968,39.0
1761984,47.0
1762000,88.0
1762000,42.0
1762048,72.0
1762080,31.0
1762208,38.0
1762256,66.0
1762288,46.0
1762384,60.0
1762464,39.0
1762544,34.0
1762576,67.0
1762576,31.0
1762624,40.0
1762640,53.0
1762656,43.0
1762800,50.0
1762816,35.0
1762880,42.0
1762896,60.0
1762896,38.0
1762976,20.0
1763040,41.0
1763040,25.0
1763104,72.0
1763104,40.0
1763120,34.0
1763216,81.0
1763216,73.0
1763264,23.0
1763360,34.0
1763376,50.0
1763408,49.0
1763584,65.0
1763584,44.0
1763616,36.0
1763664,54.0
1763760,24.0
1763760,54.0
1763776,46.0
1763824,45.0
1763904,43.0
1763936,52.0
1764064,44.0
1764112,28.0
1764128,45.0
1764128,54.0
1764272,32.0
1764288,73.0
1764336,85.0
1764384,73.0
1764400,39.0
1764416,52.0
1764464,53.0
1764560,39.0
1764624,32.0
1764640,66.0
1764688,54.0
1764704,36.0
1764720,51.0
1764752,29.0
1764800,33.0
1764800,29.0
1764880,29.0
1764944,30.0
1764960,75.0
1764976,37.0
1765008,55.0
1765072,28.0
1765088,28.0
1765088,24.0
1765200,40.0
1765312,39.0
1765360,35.0
1765376,26.0
1765456,41.0
1765456,46.0
1765472,33.0
1765552,42.0
1765568,37.0
1765584,52.0
1765584,95.0
1765600,25.0
1765632,35.0
1765712,82.0
1765840,52.0
1765952,37.0
1766000,26.0
1766032,41.0
1766048,60.0
1766080,39.0
1766144,35.0
1766144,52.0
1766240,49.0
1766240,72.0
1766288,45.0
1766480,30.0
1766544,52.0
1766576,69.0
1766624,64.0
1766720,42.0
1766736,49.0
1766736,74.0
1766752,38.0
1766784,59.0
1766832,43.0
1766848,76.0
1766976,46.0
1766976,56.0
1767056,64.0
1767056,48.0
1767312,36.0
1767312,67.0
1767360,36.0
1767424,50.0
1767440,38.0
1767456,55.0
1767472,62.0
1767504,47.0
1767600,55.0
1767632,41.0
1767744,48.0
1767808,28.0
1767840,49.0
1767904,73.0
1767904,27.0
1767920,38.0
1767936,32.0
1768000,59.0
1768096,41.0
1768128,31.0
1768144,52.0
1768176,102.0
1768208,38.0
1768272,51.0
1768272,33.0
1768336,93.0
1768352,22.0
1768400,37.0
1768480,24.0
1768480,61.0
1768528,43.0
1768576,41.0
1768656,45.0
1768672,34.0
1768704,23.0
1768720,51.0
1768752,38.0
1768896,62.0
1768912,35.0
1768912,46.0
1768912,44.0
1769072,37.0
1769184,33.0
1769216,46.0
1769264,37.0
1769280,44.0
1769328,38.0
1769328,66.0
1769344,40.0
1769392,30.0
1769424,64.0
1769440,43.0
1769456,35.0
1769472,59.0
1769488,36.0
1769680,29.0
1769760,30.0
1769808,46.0
1769872,33.0
1769888,39.0
1769936,38.0
1769952,39.0
1769968,49.0
1770000,35.0
1770032,70.0
1770064,40.0
1770112,115.0
1770240,30.0
1770304,52.0
1770304,39.0
1770320,58.0
1770336,33.0
1770352,56.0
1770432,59.0
1770528,33.0
1770608,36.0
1770624,20.0
1770848,49.0
1770848,34.0
1770864,62.0
1770864,32.0
1770896,58.0
1770944,62.0
1770944,63.0
1770960,45.0
1770976,68.0
1771024,44.0
1771216,38.0
1771248,71.0
1771296,54.0
1771312,28.0
1771360,52.0
1771456,70.0
1771520,42.0
1771536,43.0
1771552,38.0
1771600,61.0
1771648,43.0
1771696,30.0
1771728,54.0
1771744,48.0
1771904,55.0
1771920,38.0
1771920,29.0
1771968,45.0
1772000,29.0
1772016,67.0
1772192,42.0
1772208,53.0
1772320,64.0
1772368,40.0
1772400,44.0
1772480,58.0
1772496,36.0
1772512,31.0
1772560,35.0
1772576,52.0
1772624,61.0
1772640,46.0
1772752,49.0
1772912,126.0
1772928,45.0
1772944,39.0
1773040,33.0
1773056,91.0
1773056,35.0
1773088,56.0
1773136,41.0
1773216,51.0
1773248,31.0
1773280,40.0
1773328,26.0
1773344,49.0
1773488,98.0
1773488,27.0
1773536,73.0
1773536,37.0
1773600,64.0
1773600,61.0
1773712,29.0
1773712,39.0
1773760,26.0
1773824,56.0
1773904,54.0
1773920,54.0
1773984,44.0
1774000,42.0
1774048,35.0
1774064,36.0
1774096,55.0
1774176,36.0
1774208,67.0
1774368,38.0
1774368,41.0
1774384,25.0
1774384,35.0
1774400,54.0
1774464,34.0
1774528,39.0
1774608,63.0
1774688,43.0
1774752,43.0
1774800,37.0
1774816,40.0
1774864,72.0
1774864,25.0
1774896,50.0
1774912,32.0
1774992,39.0
1775008,40.0
1775088,35.0
1775120,46.0
1775136,100.0
1775168,49.0
1775184,20.0
1775280,26.0
1775280,24.0
1775312,44.0
1775344,37.0
1775408,38.0
1775408,26.0
1775520,52.0
1775536,93.0
1775552,26.0
1775648,23.0
1775712,37.0
1775744,41.0
1775744,46.0
1775744,52.0
1775808,62.0
1775808,40.0
1775872,43.0
1775920,40.0
1776032,43.0
1776032,39.0
1776080,34.0
1776112,50.0
1776112,35.0
1776128,26.0
1776160,40.0
1776176,48.0
1776272,29.0
1776272,39.0
1776352,38.0
1776432,25.0
1776480,46.0
1776528,38.0
1776544,42.0
1776640,56.0
1776672,37.0
1776688,36.0
1776736,58.0
1776896,39.0
1776976,54.0
1777040,35.0
1777072,65.0
1777136,63.0
1777168,33.0
1777200,33.0
1777200,65.0
1777328,56.0
1777344,41.0
1777424,56.0
1777472,70.0
1777520,39.0
1777616,67.0
1777616,40.0
1777648,30.0
1777712,24.0
1777712,61.0
1777728,97.0
1777776,44.0
1777856,45.0
1777872,52.0
1778080,46.0
1778128,41.0
1778144,33.0
1778272,31.0
1778272,67.0
1778336,45.0
1778352,30.0
1778448,46.0
1778464,51.0
1778464,46.0
1778512,27.0
1778592,145.0
1778640,58.0
1778640,70.0
1778640,76.0
1778720,37.0
1778800,100.0
1778832,43.0
1778912,28.0
1778960,43.0
1779008,46.0
1779072,45.0
1779072,76.0
1779136,31.0
1779200,35.0
1779216,44.0
1779216,47.0
1779248,26.0
1779264,51.0
1779280,40.0
1779296,44.0
1779312,25.0
1779408,12.0
1779408,67.0
1779440,30.0
1779472,47.0
1779616,34.0
1779632,39.0
1779696,56.0
1779696,39.0
1779728,30.0
1779776,32.0
1779776,23.0
1779792,37.0
1779920,38.0
1779936,20.0
1779968,52.0
1779984,43.0
1780112,56.0
1780144,44.0
1780176,56.0
1780208,50.0
1780208,32.0
1780224,33.0
1780288,31.0
1780368,40.0
1780400,58.0
1780416,27.0
1780528,47.0
1780528,20.0
1780576,41.0
1780592,41.0
1780624,25.0
1780720,38.0
1780816,38.0
1780832,66.0
1780832,75.0
1780864,45.0
1780944,61.0
1781040,40.0
1781056,27.0
1781072,56.0
1781200,52.0
1781216,22.0
1781264,53.0
1781360,67.0
1781392,42.0
1781424,37.0
1781440,57.0
1781472,40.0
1781504,43.0
1781504,57.0
1781568,65.0
1781632,27.0
1781696,41.0
1781712,41.0
1781744,73.0
1781776,17.0
1781824,47.0
1781840,36.0
1781856,57.0
1781968,31.0
1782064,53.0
1782160,45.0
1782224,52.0
1782256,52.0
1782304,33.0
1782352,40.0
1782448,68.0
1782448,51.0
1782464,39.0
1782512,63.0
1782544,61.0
1782576,47.0
1782672,38.0
1782720,64.0
1782752,56.0
1782768,50.0
1782768,38.0
1783024,36.0
1783072,48.0
1783088,40.0
1783152,58.0
1783168,57.0
1783184,38.0
1783184,40.0
1783232,93.0
1783312,50.0
1783408,43.0
1783440,48.0
1783456,62.0
1783456,24.0
1783488,71.0
1783488,46.0
1783552,49.0
1783600,36.0
1783600,26.0
1783648,35.0
1783744,36.0
1783776,37.0
1783840,67.0
1783904,47.0
1783904,26.0
1783952,40.0
1783952,34.0
1783968,30.0
1784208,47.0
1784256,51.0
1784288,43.0
1784288,52.0
1784320,26.0
1784336,69.0
1784384,34.0
1784400,39.0
1784432,30.0
1784496,59.0
1784560,38.0
1784704,46.0
1784816,33.0
1784816,76.0
1784848,40.0
1784896,62.0
1784992,37.0
1785024,80.0
1785040,47.0
1785040,49.0
1785040,38.0
1785216,52.0
1785232,33.0
1785232,46.0
1785264,101.0
1785328,63.0
1785472,36.0
1785536,45.0
1785552,44.0
1785568,47.0
1785616,37.0
1785632,67.0
1785680,40.0
1785728,43.0
1785744,33.0
1785840,50.0
1785888,97.0
1785952,45.0
1786096,39.0
1786128,32.0
1786208,55.0
1786224,34.0
1786256,43.0
1786288,35.0
1786288,81.0
1786368,52.0
1786432,73.0
1786480,58.0
1786496,34.0
1786560,83.0
1786592,47.0
1786608,20.0
1786672,49.0
1786688,59.0
1786736,69.0
1786768,40.0
1786816,38.0
1786896,33.0
1786944,45.0
1786960,23.0
1786976,45.0
1787024,46.0
1787136,41.0
1787232,35.0
1787264,41.0
1787344,36.0
1787360,50.0
1787360,54.0
1787376,27.0
1787488,47.0
1787584,38.0
1787600,40.0
1787616,24.0
1787664,48.0
1787696,79.0
1787696,55.0
1787712,64.0
1787792,41.0
1787856,52.0
1787872,38.0
1787872,31.0
1788016,41.0
1788064,44.0
1788080,24.0
1788080,46.0
1788112,126.0
1788208,39.0
1788208,45.0
1788288,39.0
1788320,45.0
1788432,35.0
1788448,23.0
1788448,27.0
1788560,44.0
1788560,54.0
1788624,52.0
1788640,64.0
1788720,53.0
1788720,38.0
1788768,66.0
1788880,37.0
1788880,28.0
1788960,55.0
1788992,27.0
1789024,36.0
1789056,62.0
1789088,40.0
1789104,56.0
1789136,31.0
1789232,38.0
1789280,60.0
1789328,38.0
1789376,51.0
1789456,43.0
1789472,47.0
1789504,34.0
1789536,34.0
1789632,38.0
1789728,31.0
1789840,60.0
1789952,56.0
1789968,52.0
1789984,38.0
1790016,46.0
1790032,59.0
1790048,45.0
1790064,33.0
1790080,36.0
1790080,117.0
1790096,40.0
1790240,48.0
1790240,38.0
1790336,77.0
1790432,29.0
1790512,102.0
1790512,42.0
1790544,31.0
1790560,52.0
1790624,40.0
1790688,41.0
1790704,38.0
1790768,47.0
1790816,47.0
1790848,48.0
1790960,55.0
1791008,66.0
1791024,43.0
1791040,33.0
1791072,28.0
1791072,52.0
1791088,36.0
1791088,25.0
1791232,29.0
1791264,44.0
1791344,57.0
1791440,39.0
1791488,40.0
1791616,37.0
1791632,58.0
1791648,36.0
1791680,45.0
1791712,44.0
1791728,43.0
1791808,45.0
1791824,47.0
1791856,37.0
1791888,50.0
1791904,85.0
1791920,36.0
1791952,107.0
1792048,51.0
1792112,39.0
1792192,34.0
1792256,39.0
1792256,40.0
1792432,39.0
1792448,48.0
1792528,51.0
1792544,51.0
1792624,36.0
1792704,37.0
1792704,55.0
1792768,57.0
1792784,33.0
1792816,58.0
1792816,39.0
1792896,91.0
1792960,66.0
1793136,27.0
1793168,39.0
1793216,79.0
1793248,83.0
1793312,66.0
1793328,55.0
1793328,44.0
1793392,36.0
1793408,61.0
1793424,33.0
1793424,29.0
1793456,43.0
1793536,52.0
1793552,64.0
1793648,21.0
1793712,56.0
1793808,64.0
1793840,44.0
1793888,35.0
1793904,28.0
1793936,48.0
1793952,39.0
1793984,36.0
1794064,42.0
1794160,46.0
1794224,50.0
1794240,64.0
1794256,38.0
1794352,50.0
1794368,70.0
1794416,44.0
1794416,55.0
1794592,27.0
1794608,41.0
1794640,52.0
1794640,47.0
1794656,47.0
1794656,51.0
1794752,43.0
1794768,25.0
1794768,26.0
1794880,41.0
1794928,32.0
1794992,24.0
1795008,64.0
1795008,47.0
1795024,68.0
1795280,65.0
1795408,41.0
1795440,50.0
1795440,50.0
1795456,54.0
1795456,50.0
1795456,65.0
1795504,31.0
1795584,41.0
1795712,45.0
1795744,68.0
1795744,54.0
1795760,46.0
1795776,23.0
1795824,51.0
1795872,69.0
1796048,38.0
1796240,60.0
1796256,32.0
1796320,46.0
1796352,38.0
1796432,61.0
1796544,111.0
1796608,46.0
1796608,73.0
1796656,52.0
1796704,24.0
1796704,62.0
1796768,82.0
1796768,82.0
1796784,64.0
1796816,82.0
1796896,53.0
1796912,35.0
1797200,31.0
1797216,49.0
1797216,28.0
1797232,33.0
1797232,43.0
1797264,63.0
1797296,33.0
1797344,69.0
1797408,39.0
1797488,36.0
1797536,55.0
1797616,63.0
1797616,115.0
1797728,70.0
1797728,52.0
1797840,39.0
1797888,67.0
1797904,38.0
1797952,26.0
1797984,48.0
1798032,50.0
1798064,54.0
1798160,47.0
1798192,22.0
1798288,64.0
1798304,60.0
1798320,44.0
1798400,31.0
1798416,58.0
1798496,55.0
1798560,83.0
1798592,35.0
1798624,42.0
1798688,60.0
1798736,53.0
1798752,35.0
1798816,32.0
1798848,70.0
1798896,30.0
1798928,59.0
1799104,34.0
1799120,33.0
1799184,56.0
1799216,29.0
1799232,73.0
1799248,47.0
1799264,40.0
1799344,31.0
1799344,74.0
1799376,40.0
1799472,49.0
1799520,26.0
1799568,78.0
1799616,50.0
1799712,31.0
1799744,35.0
1799760,40.0
1799776,25.0
1799840,36.0
1799904,35.0
1799968,67.0
1800016,68.0
1800032,29.0
1800048,51.0
1800048,103.0
1800160,51.0
1800256,34.0
1800272,64.0
1800368,37.0
1800368,38.0
1800544,40.0
1800592,47.0
1800640,30.0
1800688,45.0
1800720,69.0
1800752,45.0
1800784,48.0
1800816,48.0
1800816,67.0
1800848,50.0
1800896,22.0
1800912,40.0
1801008,26.0
1801008,47.0
1801024,94.0
1801056,43.0
1801280,57.0
1801296,41.0
1801296,114.0
1801456,48.0
1801504,43.0
1801520,44.0
1801536,47.0
1801536,39.0
1801536,49.0
1801536,33.0
1801568,53.0
1801632,38.0
1801856,53.0
1801872,37.0
1801888,37.0
1801984,71.0
1801984,28.0
1802048,32.0
1802112,76.0
1802128,38.0
1802208,44.0
1802240,42.0
1802288,41.0
1802304,78.0
1802320,49.0
1802320,64.0
1802352,51.0
1802528,40.0
1802544,43.0
1802576,33.0
1802608,39.0
1802624,73.0
1802656,34.0
1802752,34.0
1802752,39.0
1802784,34.0
1802800,32.0
1802816,52.0
1802832,30.0
1802896,37.0
1802944,39.0
1802944,20.0
1802960,27.0
1802992,70.0
1803056,32.0
1803104,49.0
1803136,24.0
1803248,26.0
1803264,32.0
1803296,32.0
1803376,48.0
1803408,32.0
1803568,32.0
1803600,40.0
1803648,44.0
1803680,36.0
1803728,49.0
1803760,60.0
1803792,76.0
1803856,65.0
1803856,38.0
1803856,37.0
1803968,25.0
1803968,35.0
1803984,62.0
1803984,53.0
1804048,42.0
1804176,95.0
1804192,37.0
1804352,44.0
1804496,40.0
1804528,42.0
1804608,51.0
1804608,47.0
1804608,27.0
1804608,40.0
1804624,40.0
1804688,60.0
1804768,68.0
1804768,49.0
1804880,43.0
1804912,101.0
1804928,55.0
1804976,39.0
1805040,67.0
1805104,84.0
1805152,33.0
1805216,38.0
1805248,45.0
1805264,31.0
1805344,46.0
1805392,49.0
1805488,38.0
1805568,60.0
1805696,34.0
1805696,63.0
1805760,49.0
1805792,81.0
1805808,48.0
1805824,36.0
1805856,47.0
1805888,61.0
1805904,40.0
1805920,62.0
1805968,39.0
1805984,37.0
1806016,78.0
1806224,41.0
1806288,33.0
1806288,31.0
1806320,69.0
1806352,24.0
1806384,30.0
1806432,46.0
1806480,37.0
1806608,39.0
1806656,53.0
1806656,73.0
1806704,53.0
1806784,27.0
1806928,69.0
1806944,35.0
1806944,45.0
1806976,20.0
1807008,62.0
1807024,83.0
1807040,38.0
1807072,49.0
1807120,50.0
1807200,45.0
1807200,31.0
1807200,57.0
1807312,23.0
1807312,44.0
1807344,43.0
1807376,37.0
1807424,24.0
1807424,94.0
1807568,23.0
1807584,36.0
1807632,43.0
1807664,46.0
1807792,26.0
1807792,37.0
1807824,44.0
1807856,34.0
1808080,55.0
1808112,30.0
1808160,53.0
1808256,52.0
1808288,31.0
1808400,51.0
1808416,47.0
1808448,92.0
1808448,55.0
1808560,28.0
1808592,98.0
1808624,50.0
1808640,53.0
1808736,82.0
1808816,46.0
1808848,43.0
1808896,114.0
1808912,39.0
1808976,70.0
1809008,38.0
1809024,105.0
1809120,54.0
1809184,37.0
1809280,29.0
1809312,36.0
1809328,55.0
1809344,45.0
1809344,27.0
1809360,59.0
1809472,39.0
1809488,23.0
1809488,65.0
1809504,30.0
1809584,36.0
1809632,67.0
1809632,62.0
1809696,21.0
1809728,47.0
1809744,35.0
1809760,27.0
1809888,34.0
1809904,39.0
1809936,22.0
1810064,36.0
1810112,26.0
1810128,77.0
1810144,42.0
1810224,37.0
1810240,58.0
1810288,50.0
1810352,38.0
1810368,27.0
1810400,18.0
1810432,58.0
1810544,75.0
1810624,30.0
1810704,61.0
1810736,38.0
1810800,56.0
1810816,66.0
1810848,60.0
1810896,52.0
1810896,38.0
1811024,39.0
1811056,51.0
1811120,24.0
1811184,47.0
1811184,52.0
1811248,55.0
1811248,64.0
1811328,32.0
1811344,28.0
1811360,108.0
1811392,53.0
1811424,45.0
1811504,28.0
1811552,33.0
1811552,58.0
1811744,31.0
1811744,39.0
1811776,24.0
1811840,32.0
1811856,60.0
1811856,66.0
1811888,40.0
1811920,23.0
1812048,44.0
1812176,47.0
1812192,63.0
1812224,86.0
1812256,56.0
1812304,50.0
1812368,32.0
1812416,23.0
1812432,43.0
1812448,42.0
1812576,87.0
1812624,44.0
1812640,68.0
1812656,50.0
1812752,35.0
1812768,55.0
1812768,64.0
1812880,39.0
1812896,28.0
1812928,35.0
1813008,73.0
1813072,53.0
1813072,56.0
1813088,27.0
1813104,42.0
1813232,37.0
1813264,40.0
1813424,70.0
1813456,65.0
1813488,30.0
1813520,59.0
1813536,38.0
1813552,50.0
1813568,43.0
1813728,52.0
1813744,40.0
1813744,61.0
1813760,42.0
1813760,43.0
1813808,46.0
1813840,67.0
1813936,32.0
1813968,46.0
1814064,50.0
1814112,41.0
1814144,36.0
1814176,40.0
1814208,28.0
1814224,30.0
1814240,43.0
1814384,36.0
1814384,40.0
1814512,42.0
1814512,47.0
1814560,52.0
1814560,67.0
1814576,22.0
1814576,40.0
1814624,32.0
1814640,42.0
1814672,27.0
1814768,39.0
1814800,39.0
1814896,24.0
1814896,52.0
1814960,36.0
1814960,90.0
1815072,31.0
1815104,45.0
1815152,40.0
1815248,43.0
1815344,71.0
1815392,45.0
1815424,50.0
1815456,51.0
1815456,35.0
1815520,60.0
1815568,50.0
1815648,47.0
1815648,36.0
1815664,44.0
1815696,34.0
1815808,44.0
1815824,78.0
1815888,58.0
1816032,24.0
1816096,40.0
1816096,44.0
1816192,53.0
1816208,88.0
1816224,61.0
1816224,50.0
1816256,35.0
1816352,49.0
1816384,36.0
1816416,24.0
1816480,52.0
1816576,66.0
1816608,25.0
1816608,72.0
1816848,60.0
1816912,43.0
1816912,21.0
1816992,46.0
1816992,56.0
1817008,37.0
1817008,49.0
1817008,51.0
1817088,62.0
1817168,35.0
1817232,53.0
1817296,43.0
1817328,104.0
1817392,98.0
1817408,31.0
1817456,69.0
1817472,39.0
1817504,31.0
1817568,68.0
1817568,25.0
1817568,35.0
1817584,36.0
1817696,38.0
1817696,29.0
1817792,18.0
1817840,58.0
1817856,33.0
1817872,55.0
1817920,58.0
1818096,50.0
1818096,44.0
1818112,40.0
1818208,47.0
1818224,51.0
1818320,47.0
1818336,48.0
1818400,52.0
1818464,39.0
1818528,46.0
1818592,45.0
1818672,35.0
1818704,70.0
1818720,64.0
1818736,40.0
1818736,65.0
1818816,60.0
1818832,31.0
1818896,36.0
1819040,52.0
1819040,51.0
1819136,46.0
1819200,46.0
1819296,36.0
1819392,36.0
1819392,54.0
1819504,48.0
1819552,102.0
1819568,92.0
1819584,55.0
1819616,36.0
1819648,47.0
1819680,40.0
1819792,60.0
1819808,67.0
1819808,76.0
1819936,50.0
1820064,26.0
1820080,29.0
1820112,57.0
1820176,55.0
1820176,49.0
1820176,42.0
1820224,42.0
1820224,41.0
1820352,48.0
1820368,36.0
1820384,44.0
1820448,40.0
1820512,21.0
1820544,38.0
1820544,46.0
1820688,126.0
1820704,37.0
1820848,39.0
1820896,45.0
1820896,33.0
1820912,53.0
1820928,26.0
1820976,37.0
1820992,57.0
1821056,22.0
1821072,33.0
1821072,24.0
1821120,108.0
1821216,54.0
1821280,69.0
1821296,47.0
1821392,25.0
1821424,23.0
1821424,28.0
1821456,35.0
1821472,34.0
1821504,27.0
1821504,41.0
1821520,67.0
1821680,49.0
1821744,42.0
1821776,54.0
1821856,36.0
1821888,37.0
1822016,32.0
1822048,58.0
1822048,39.0
1822064,53.0
1822128,38.0
1822144,47.0
1822192,26.0
1822208,33.0
1822256,127.0
1822288,51.0
1822304,55.0
1822384,40.0
1822416,23.0
1822480,64.0
1822576,43.0
1822656,33.0
1822656,29.0
1822688,52.0
1822720,32.0
1822736,77.0
1822752,38.0
1822784,48.0
1822784,46.0
1822848,37.0
1822944,33.0
1822976,31.0
1823056,25.0
1823056,62.0
1823120,52.0
1823168,49.0
1823200,30.0
1823248,42.0
1823392,38.0
1823488,34.0
1823520,52.0
1823680,39.0
1823680,56.0
1823680,52.0
1823712,20.0
1823744,31.0
1823824,44.0
1823856,41.0
1823888,57.0
1823920,101.0
1824032,34.0
1824144,68.0
1824144,61.0
1824160,40.0
1824256,32.0
1824256,36.0
1824288,96.0
1824304,39.0
1824368,107.0
1824416,37.0
1824464,108.0
1824480,37.0
1824528,31.0
1824544,25.0
1824544,39.0
1824560,53.0
1824768,68.0
1824816,35.0
1824848,44.0
1825040,47.0
1825056,75.0
1825088,38.0
1825104,34.0
1825136,45.0
1825152,38.0
1825184,45.0
1825200,56.0
1825232,54.0
1825264,31.0
1825312,48.0
1825328,73.0
1825344,51.0
1825392,34.0
1825472,27.0
1825504,78.0
1825600,49.0
1825712,28.0
1825792,30.0
1825808,36.0
1825808,39.0
1825856,50.0
1825936,37.0
1825936,34.0
1825968,51.0
1826064,29.0
1826064,58.0
1826080,55.0
1826160,41.0
1826176,44.0
1826288,75.0
1826336,77.0
1826384,36.0
1826384,66.0
1826416,44.0
1826448,41.0
1826448,32.0
1826576,48.0
1826576,38.0
1826688,47.0
1826720,41.0
1826832,41.0
1826832,61.0
1826912,53.0
1826960,55.0
1827056,45.0
1827072,41.0
1827072,39.0
1827088,25.0
1827088,50.0
1827104,45.0
1827104,45.0
1827184,38.0
1827312,72.0
1827328,47.0
1827392,35.0
1827424,61.0
1827504,26.0
1827504,49.0
1827536,39.0
1827696,37.0
1827728,48.0
1827760,41.0
1827792,45.0
1827840,63.0
1827952,48.0
1827952,55.0
1827968,40.0
1828016,58.0
1828112,26.0
1828160,27.0
1828304,50.0
1828336,52.0
1828352,51.0
1828416,64.0
1828416,39.0
1828608,41.0
1828624,49.0
1828624,98.0
1828624,82.0
1828672,35.0
1828688,58.0
1828704,43.0
1828704,18.0
1828784,27.0
1828848,55.0
1828880,91.0
1828912,36.0
1828944,33.0
1828960,63.0
1829024,45.0
1829088,25.0
1829104,59.0
1829184,35.0
1829200,36.0
1829280,23.0
1829376,42.0
1829392,38.0
1829424,34.0
1829424,45.0
1829440,48.0
1829616,62.0
1829648,44.0
1829664,24.0
1829728,55.0
1829744,71.0
1829776,37.0
1829840,40.0
1829888,58.0
1829952,58.0
1829968,54.0
1830112,46.0
1830128,46.0
1830192,33.0
1830192,36.0
1830240,29.0
1830240,51.0
1830240,51.0
1830336,37.0
1830400,60.0
1830464,86.0
1830496,38.0
1830592,54.0
1830688,53.0
1830704,29.0
1830768,36.0
1830912,45.0
1830944,30.0
1830960,52.0
1830976,63.0
1830992,47.0
1831008,48.0
1831024,43.0
1831072,70.0
1831200,27.0
1831216,69.0
1831264,101.0
1831264,36.0
1831376,42.0
1831408,51.0
1831440,27.0
1831520,70.0
1831680,48.0
1831696,31.0
1831744,45.0
1831776,51.0
1831792,45.0
1831824,35.0
1831904,58.0
1831952,32.0
1831968,28.0
1832016,67.0
1832128,57.0
1832144,22.0
1832160,56.0
1832192,51.0
1832224,51.0
1832272,111.0
1832288,37.0
1832304,82.0
1832368,37.0
1832512,38.0
1832528,35.0
1832608,37.0
1832608,41.0
1832672,58.0
1832720,65.0
1832832,34.0
1832832,29.0
1832832,43.0
1832832,35.0
1832960,50.0
1832976,28.0
1833040,46.0
1833072,55.0
1833072,53.0
1833136,33.0
1833184,85.0
1833296,29.0
1833296,36.0
1833312,44.0
1833424,37.0
1833456,83.0
1833472,40.0
1833584,39.0
1833584,47.0
1833600,29.0
1833728,47.0
1833744,42.0
1833744,67.0
1833872,52.0
1833888,44.0
1833936,89.0
1834080,49.0
1834128,42.0
1834176,44.0
1834176,37.0
1834256,60.0
1834272,24.0
1834304,44.0
1834304,23.0
1834320,56.0
1834352,38.0
1834368,81.0
1834400,51.0
1834576,79.0
1834608,55.0
1834688,51.0
1834736,24.0
1834784,44.0
1834800,39.0
1834800,27.0
1834960,41.0
1834992,45.0
1834992,78.0
1835008,47.0
1835024,44.0
1835040,57.0
1835136,46.0
1835152,34.0
1835152,53.0
1835168,37.0
1835216,65.0
1835232,31.0
1835424,39.0
1835472,29.0
1835504,32.0
1835536,25.0
1835584,49.0
1835616,41.0
1835680,56.0
1835712,42.0
1835712,34.0
1835824,22.0
1835824,42.0
1835856,39.0
1835920,77.0
1835936,57.0
1835984,48.0
1836032,38.0
1836112,36.0
1836176,74.0
1836176,37.0
1836240,33.0
1836256,20.0
1836288,29.0
1836304,43.0
1836432,58.0
1836464,38.0
1836512,33.0
1836560,53.0
1836576,41.0
1836576,25.0
1836656,61.0
1836688,96.0
1836752,36.0
1836784,47.0
1836864,36.0
1836896,40.0
1836928,43.0
1836960,53.0
1837056,77.0
1837072,48.0
1837168,38.0
1837200,46.0
1837264,43.0
1837280,48.0
1837328,47.0
1837360,38.0
1837376,37.0
1837392,27.0
1837520,41.0
1837648,76.0
1837664,61.0
1837696,48.0
1837776,44.0
1837888,62.0
1837952,36.0
1838032,47.0
1838048,43.0
1838064,63.0
1838080,19.0
1838096,48.0
1838128,92.0
1838144,39.0
1838160,62.0
1838208,32.0
1838256,66.0
1838352,44.0
1838384,70.0
1838512,39.0
1838592,40.0
1838608,36.0
1838624,35.0
1838672,39.0
1838688,37.0
1838736,38.0
1838800,41.0
1838848,37.0
1838880,42.0
1838944,22.0
1838944,54.0
1838960,50.0
1838976,99.0
1839008,31.0
1839024,42.0
1839024,40.0
1839232,98.0
1839232,34.0
1839264,33.0
1839328,45.0
1839440,35.0
1839488,34.0
1839488,40.0
1839648,26.0
1839648,44.0
1839744,32.0
1839744,70.0
1839776,47.0
1839824,54.0
1839824,53.0
1839840,22.0
1839888,68.0
1839968,44.0
1840016,63.0
1840128,69.0
1840144,44.0
1840192,54.0
1840320,42.0
1840336,37.0
1840400,47.0
1840576,35.0
1840576,50.0
1840640,50.0
1840656,57.0
1840656,52.0
1840752,26.0
1840848,85.0
1840912,68.0
1841024,55.0
1841056,46.0
1841120,153.0
1841120,30.0
1841152,25.0
1841184,62.0
1841184,49.0
1841312,41.0
1841312,74.0
1841520,59.0
1841536,60.0
1841552,25.0
1841568,24.0
1841600,107.0
1841648,33.0
1841680,64.0
1841824,44.0
1841840,41.0
1841872,35.0
1841872,60.0
1841872,12.0
1841872,53.0
1841936,123.0
1841936,55.0
1841952,69.0
1841984,28.0
1842080,32.0
1842256,38.0
1842272,42.0
1842400,33.0
1842432,30.0
1842480,41.0
1842560,30.0
1842576,44.0
1842608,68.0
1842672,43.0
1842704,72.0
1842720,88.0
1842720,49.0
1842832,56.0
1842960,68.0
1842976,31.0
1843040,49.0
1843072,42.0
1843136,33.0
1843216,86.0
1843232,42.0
1843248,36.0
1843264,52.0
1843312,65.0
1843344,40.0
1843440,38.0
1843520,103.0
1843536,51.0
1843632,57.0
1843632,37.0
1843648,67.0
1843728,47.0
1843728,41.0
1843760,50.0
1843776,40.0
1843872,40.0
1843904,37.0
1843984,40.0
1844064,33.0
1844080,28.0
1844112,37.0
1844176,58.0
1844176,28.0
1844224,60.0
1844240,64.0
1844256,38.0
1844352,39.0
1844416,40.0
1844464,52.0
1844480,36.0
1844512,47.0
1844688,51.0
1844752,43.0
1844784,50.0
1844816,37.0
1844912,50.0
1844944,37.0
1844960,95.0
1844992,36.0
1844992,47.0
1845136,42.0
1845168,57.0
1845200,32.0
1845216,25.0
1845328,36.0
1845344,54.0
1845360,80.0
1845488,34.0
1845520,24.0
1845536,85.0
1845568,36.0
1845584,50.0
1845600,38.0
1845632,42.0
1845760,53.0
1845792,80.0
1845792,37.0
1845808,102.0
1845872,34.0
1845952,38.0
1846128,57.0
1846176,41.0
1846176,63.0
1846240,40.0
1846256,48.0
1846400,37.0
1846400,51.0
1846432,56.0
1846448,55.0
1846448,41.0
1846464,32.0
1846592,45.0
1846592,50.0
1846608,27.0
1846688,66.0
1846688,35.0
1846736,61.0
1846800,90.0
1846816,36.0
1846832,25.0
1846928,29.0
1846960,32.0
1846992,51.0
1846992,34.0
1846992,25.0
1847152,56.0
1847216,33.0
1847216,24.0
1847264,41.0
1847280,29.0
1847328,40.0
1847392,25.0
1847408,51.0
1847424,64.0
1847456,66.0
1847536,46.0
1847552,51.0
1847600,38.0
1847648,27.0
1847728,28.0
1847776,39.0
1847840,55.0
1847856,58.0
1847904,31.0
1848032,40.0
1848112,24.0
1848144,37.0
1848176,40.0
1848192,48.0
1848208,62.0
1848256,22.0
1848256,38.0
1848272,63.0
1848384,33.0
1848432,69.0
1848432,37.0
1848480,64.0
1848528,47.0
1848656,34.0
1848688,41.0
1848704,17.0
1848784,36.0
1848848,116.0
1848864,38.0
1849024,52.0
1849056,55.0
1849088,35.0
1849120,54.0
1849152,48.0
1849200,48.0
1849200,58.0
1849232,102.0
1849248,48.0
1849264,38.0
1849360,41.0
1849440,41.0
1849456,27.0
1849584,45.0
1849632,49.0
1849680,62.0
1849712,41.0
1849888,41.0
1849936,53.0
1849936,51.0
1850000,50.0
1850016,41.0
1850096,56.0
1850144,62.0
1850144,44.0
1850176,127.0
1850240,49.0
1850288,64.0
1850320,24.0
1850336,20.0
1850336,44.0
1850384,42.0
1850464,76.0
1850544,38.0
1850560,29.0
1850576,56.0
1850656,67.0
1850704,26.0
1850736,35.0
1850784,40.0
1850800,30.0
1850816,42.0
1850928,37.0
1850960,45.0
1850976,40.0
1850992,38.0
1851008,29.0
1851200,40.0
1851216,35.0
1851248,85.0
1851296,52.0
1851376,35.0
1851504,50.0
1851520,95.0
1851648,40.0
1851664,26.0
1851712,57.0
1851744,15.0
1851824,54.0
1851872,42.0
1851888,56.0
1851968,87.0
1851968,65.0
1852016,80.0
1852096,82.0
1852224,53.0
1852240,23.0
1852288,48.0
1852320,41.0
1852352,29.0
1852384,46.0
1852384,42.0
1852400,41.0
1852400,89.0
1852448,39.0
1852800,52.0
1852816,36.0
1852832,27.0
1852832,28.0
1852848,97.0
1852960,35.0
1852960,46.0
1852992,56.0
1852992,111.0
1853008,65.0
1853024,36.0
1853024,42.0
1853088,67.0
1853152,52.0
1853216,58.0
1853296,57.0
1853312,30.0
1853376,22.0
1853408,36.0
1853456,40.0
1853616,39.0
1853616,37.0
1853632,39.0
1853664,44.0
1853696,56.0
1853712,39.0
1853728,32.0
1853808,51.0
1853856,63.0
1853856,44.0
1853984,38.0
1854016,45.0
1854064,21.0
1854112,28.0
1854112,72.0
1854128,27.0
1854160,33.0
1854160,28.0
1854160,34.0
1854224,38.0
1854240,58.0
1854368,32.0
1854592,71.0
1854640,52.0
1854656,34.0
1854672,32.0
1854736,55.0
1854848,46.0
1854864,50.0
1854864,44.0
1854896,57.0
1854928,50.0
1854976,47.0
1855056,56.0
1855104,106.0
1855152,35.0
1855200,52.0
1855296,40.0
1855312,28.0
1855328,41.0
1855376,33.0
1855408,34.0
1855424,49.0
1855440,32.0
1855680,39.0
1855696,31.0
1855696,45.0
1855696,60.0
1855696,50.0
1855696,91.0
1855920,48.0
1855952,41.0
1855952,39.0
1855968,37.0
1856016,125.0
1856048,38.0
1856112,44.0
1856128,13.0
1856272,36.0
1856336,41.0
1856384,80.0
1856384,67.0
1856496,30.0
1856512,51.0
1856544,37.0
1856576,55.0
1856656,60.0
1856656,34.0
1856656,77.0
1856864,56.0
1856896,75.0
1856944,35.0
1856944,56.0
1857024,33.0
1857088,47.0
1857120,38.0
1857136,37.0
1857312,41.0
1857344,67.0
1857456,55.0
1857472,36.0
1857472,33.0
1857488,23.0
1857536,32.0
1857552,73.0
1857584,91.0
1857600,103.0
1857600,41.0
1857664,63.0
1857680,51.0
1857744,41.0
1857872,76.0
1857920,27.0
1857920,49.0
1858160,44.0
1858160,43.0
1858176,40.0
1858208,54.0
1858224,35.0
1858224,34.0
1858240,41.0
1858256,44.0
1858448,53.0
1858464,34.0
1858496,21.0
1858528,76.0
1858544,50.0
1858544,59.0
1858560,40.0
1858592,45.0
1858720,35.0
1858816,37.0
1858848,38.0
1858864,41.0
1858912,22.0
1858944,30.0
1859024,50.0
1859040,34.0
1859072,100.0
1859088,34.0
1859248,41.0
1859248,45.0
1859248,50.0
1859456,80.0
1859504,43.0
1859536,42.0
1859536,39.0
1859536,51.0
1859616,85.0
1859632,35.0
1859632,43.0
1859712,73.0
1859728,55.0
1859776,43.0
1859824,36.0
1859888,54.0
1859952,11.0
1860048,50.0
1860064,28.0
1860096,23.0
1860112,25.0
1860128,55.0
1860144,38.0
1860144,69.0
1860160,33.0
1860192,43.0
1860208,42.0
1860224,37.0
1860256,23.0
1860368,57.0
1860512,61.0
1860560,23.0
1860624,50.0
1860640,31.0
1860640,34.0
1860656,33.0
1860672,35.0
1860720,41.0
1860720,36.0
1860768,51.0
1860832,42.0
1860960,25.0
1860992,49.0
1861008,49.0
1861040,25.0
1861088,45.0
1861120,67.0
1861232,61.0
1861248,36.0
1861360,40.0
1861360,45.0
1861376,24.0
1861440,51.0
1861440,58.0
1861472,51.0
1861472,24.0
1861488,30.0
1861568,33.0
1861600,40.0
1861840,38.0
1861856,31.0
1861904,29.0
1862000,73.0
1862048,43.0
1862128,41.0
1862176,50.0
1862224,47.0
1862320,29.0
1862336,48.0
1862352,54.0
1862368,103.0
1862448,34.0
1862560,21.0
1862592,47.0
1862656,21.0
1862656,118.0
1862752,39.0
1862832,77.0
1862848,25.0
1862848,31.0
1862864,51.0
1862880,55.0
1862912,104.0
1862928,37.0
1862928,113.0
1862928,47.0
1863104,46.0
1863152,20.0
1863248,113.0
1863248,24.0
1863280,45.0
1863328,46.0
1863440,49.0
1863536,41.0
1863616,48.0
1863648,56.0
1863680,47.0
1863712,54.0
1863728,50.0
1863808,33.0
1863840,57.0
1863872,48.0
1863904,62.0
1863952,50.0
1864000,35.0
1864032,26.0
1864080,23.0
1864080,34.0
1864096,90.0
1864112,54.0
1864176,31.0
1864240,62.0
1864304,36.0
1864336,63.0
1864368,35.0
1864480,40.0
1864560,35.0
1864592,31.0
1864656,47.0
1864656,30.0
1864688,65.0
1864736,49.0
1864768,41.0
1864832,47.0
1864864,62.0
1864992,41.0
1864992,47.0
1865008,44.0
1865008,40.0
1865040,13.0
1865072,65.0
1865136,30.0
1865216,71.0
1865248,37.0
1865344,41.0
1865424,54.0
1865472,30.0
1865472,62.0
1865520,28.0
1865536,59.0
1865568,44.0
1865792,49.0
1865856,45.0
1865856,68.0
1865888,42.0
1865984,26.0
1866000,47.0
1866000,41.0
1866016,37.0
1866096,85.0
1866096,36.0
1866192,75.0
1866208,46.0
1866288,27.0
1866304,79.0
1866320,27.0
1866368,23.0
1866416,39.0
1866592,38.0
1866624,48.0
1866640,39.0
1866656,35.0
1866672,42.0
1866720,25.0
1866784,31.0
1867024,93.0
1867040,98.0
1867056,53.0
1867088,23.0
1867104,57.0
1867120,64.0
1867152,31.0
1867168,34.0
1867232,37.0
1867264,30.0
1867264,37.0
1867344,65.0
1867376,60.0
1867504,57.0
1867504,30.0
1867648,37.0
1867712,42.0
1867728,85.0
1867760,38.0
1867792,39.0
1867840,177.0
1867840,36.0
1867888,41.0
1867920,50.0
1867920,26.0
1867936,37.0
1867952,36.0
1867968,44.0
1868016,57.0
1868192,34.0
1868272,48.0
1868336,36.0
1868368,41.0
1868512,36.0
1868560,45.0
1868560,38.0
1868576,49.0
1868624,56.0
1868640,97.0
1868640,45.0
1868656,43.0
1868656,51.0
1868688,22.0
1868736,34.0
1868736,53.0
1868736,51.0
1868960,59.0
1868976,20.0
1869104,34.0
1869184,28.0
1869184,57.0
1869184,39.0
1869264,38.0
1869360,62.0
1869392,51.0
1869392,47.0
1869424,49.0
1869472,53.0
1869520,34.0
1869536,64.0
1869632,28.0
1869728,48.0
1869856,37.0
1869872,48.0
1869952,37.0
1869968,34.0
1870032,40.0
1870048,54.0
1870096,85.0
1870096,57.0
1870112,40.0
1870224,43.0
1870224,96.0
1870224,93.0
1870256,39.0
1870272,47.0
1870400,42.0
1870480,28.0
1870560,29.0
1870656,43.0
1870688,37.0
1870704,37.0
1870704,47.0
1870752,44.0
1870816,34.0
1870832,38.0
1870832,38.0
1870848,62.0
1870960,44.0
1870992,70.0
1871168,32.0
1871200,40.0
1871232,33.0
1871232,47.0
1871248,64.0
1871248,53.0
1871280,28.0
1871296,37.0
1871408,37.0
1871424,36.0
1871440,38.0
1871472,130.0
1871536,36.0
1871552,54.0
1871600,38.0
1871760,63.0
1871856,38.0
1871872,44.0
1871920,43.0
1871984,47.0
1871984,35.0
1872032,47.0
1872064,54.0
1872128,36.0
1872128,52.0
1872144,42.0
1872144,44.0
1872144,38.0
1872192,49.0
1872384,71.0
1872400,30.0
1872464,20.0
1872528,25.0
1872624,40.0
1872640,38.0
1872704,59.0
1872720,37.0
1872752,56.0
1872784,37.0
1872800,75.0
1872832,43.0
1872848,61.0
1872928,54.0
1873072,38.0
1873104,36.0
1873168,49.0
1873168,33.0
1873200,50.0
1873248,39.0
1873328,84.0
1873376,77.0
1873392,38.0
1873392,42.0
1873408,38.0
1873472,39.0
1873488,49.0
1873520,26.0
1873600,48.0
1873760,35.0
1873824,36.0
1873872,34.0
1873888,60.0
1873952,75.0
1873984,57.0
1874016,53.0
1874016,40.0
1874064,29.0
1874096,58.0
1874288,56.0
1874384,35.0
1874432,60.0
1874448,58.0
1874560,73.0
1874592,38.0
1874608,37.0
1874672,38.0
1874688,46.0
1874704,76.0
1874704,81.0
1874720,52.0
1874720,53.0
1874800,49.0
1874848,35.0
1874960,23.0
1874976,37.0
1875040,38.0
1875040,27.0
1875056,22.0
1875072,17.0
1875136,43.0
1875200,90.0
1875232,33.0
1875232,42.0
1875248,72.0
1875312,37.0
1875360,43.0
1875376,41.0
1875584,39.0
1875632,41.0
1875648,60.0
1875664,39.0
1875712,29.0
1875728,42.0
1875824,37.0
1875824,39.0
1875888,51.0
1875936,39.0
1876032,56.0
1876032,50.0
1876048,75.0
1876112,30.0
1876224,53.0
1876272,39.0
1876336,39.0
1876368,63.0
1876432,25.0
1876512,58.0
1876512,49.0
1876544,94.0
1876624,60.0
1876672,40.0
1876688,54.0
1876752,40.0
1877008,67.0
1877024,71.0
1877056,34.0
1877056,52.0
1877072,44.0
1877120,36.0
1877136,54.0
1877152,51.0
1877232,38.0
1877248,46.0
1877472,50.0
1877504,47.0
1877536,25.0
1877600,111.0
1877616,34.0
1877616,37.0
1877648,100.0
1877664,77.0
1877824,71.0
1877840,45.0
1877872,54.0
1877984,52.0
1877984,58.0
1878000,22.0
1878144,34.0
1878192,71.0
1878224,62.0
1878368,47.0
1878400,49.0
1878464,62.0
1878480,77.0
1878496,39.0
1878528,44.0
1878560,64.0
1878592,38.0
1878624,60.0
1878624,39.0
1878720,36.0
1878720,22.0
1878752,48.0
1878832,38.0
1878848,41.0
1878880,86.0
1878960,30.0
1878960,31.0
1879024,74.0
1879136,32.0
1879152,33.0
1879232,44.0
1879248,33.0
1879264,34.0
1879296,44.0
1879360,60.0
1879424,58.0
1879552,37.0
1879552,44.0
1879584,20.0
1879632,55.0
1879680,45.0
1879728,36.0
1879776,33.0
1879840,60.0
1879840,30.0
1879872,46.0
1879984,89.0
1880016,45.0
1880080,53.0
1880096,42.0
1880144,82.0
1880176,39.0
1880352,39.0
1880384,47.0
1880432,41.0
1880432,28.0
1880480,40.0
1880512,42.0
1880528,61.0
1880544,54.0
1880576,35.0
1880624,65.0
1880624,28.0
1880656,35.0
1880688,34.0
1880864,49.0
1880944,120.0
1880960,68.0
1881040,32.0
1881088,41.0
1881104,39.0
1881168,30.0
1881216,49.0
1881216,37.0
1881232,38.0
1881264,55.0
1881280,48.0
1881312,41.0
1881408,52.0
1881520,35.0
1881584,40.0
1881616,79.0
1881648,34.0
1881808,34.0
1881824,41.0
1881824,60.0
1881840,81.0
1881840,39.0
1881936,33.0
1882000,60.0
1882032,47.0
1882096,63.0
1882112,33.0
1882128,32.0
1882144,52.0
1882144,31.0
1882160,40.0
1882256,65.0
1882336,31.0
1882384,36.0
1882400,36.0
1882576,40.0
1882640,40.0
1882656,35.0
1882672,33.0
1882720,43.0
1882800,98.0
1882800,42.0
1882928,42.0
1883024,74.0
1883056,42.0
1883072,57.0
1883152,63.0
1883232,52.0
1883232,32.0
1883232,27.0
1883232,56.0
1883344,44.0
1883456,102.0
1883456,55.0
1883504,53.0
1883568,32.0
1883712,100.0
1883728,58.0
1883792,48.0
1883808,36.0
1883808,41.0
1883856,39.0
1883920,43.0
1883952,55.0
1884064,52.0
1884112,41.0
1884176,42.0
1884176,52.0
1884208,40.0
1884208,47.0
1884224,97.0
1884304,31.0
1884336,88.0
1884448,41.0
1884496,43.0
1884496,48.0
1884544,37.0
1884544,52.0
1884544,23.0
1884656,27.0
1884736,33.0
1884832,41.0
1884848,49.0
1884880,36.0
1884912,29.0
1884960,26.0
1884992,41.0
1885040,70.0
1885056,75.0
1885120,57.0
1885168,27.0
1885216,42.0
1885264,48.0
1885280,25.0
1885280,46.0
1885280,28.0
1885424,24.0
1885440,49.0
1885488,40.0
1885600,34.0
1885632,71.0
1885632,32.0
1885744,52.0
1885744,36.0
1885760,34.0
1885776,51.0
1885776,104.0
1885824,35.0
1885840,35.0
1886032,65.0
1886112,43.0
1886224,49.0
1886240,40.0
1886304,64.0
1886320,34.0
1886384,47.0
1886416,42.0
1886416,42.0
1886432,38.0
1886432,59.0
1886464,52.0
1886464,43.0
1886480,45.0
1886528,31.0
1886544,44.0
1886880,36.0
1886912,102.0
1886944,29.0
1886960,40.0
1886992,48.0
1887008,56.0
1887168,39.0
1887200,51.0
1887216,61.0
1887296,48.0
1887360,58.0
1887392,27.0
1887392,61.0
1887488,64.0
1887488,31.0
1887504,39.0
1887504,31.0
1887552,21.0
1887568,39.0
1887792,86.0
1887808,40.0
1887824,85.0
1887904,62.0
1887952,25.0
1887968,48.0
1888160,50.0
1888160,37.0
1888192,50.0
1888224,112.0
1888240,59.0
1888256,47.0
1888304,50.0
1888304,25.0
1888336,53.0
1888368,36.0
1888416,37.0
1888592,69.0
1888656,44.0
1888672,80.0
1888736,48.0
1888736,58.0
1888768,38.0
1888800,27.0
1888864,38.0
1888912,45.0
1888960,50.0
1888976,47.0
1889008,17.0
1889024,38.0
1889072,46.0
1889200,56.0
1889264,33.0
1889280,32.0
1889312,28.0
1889312,32.0
1889392,46.0
1889408,51.0
1889504,75.0
1889584,36.0
1889584,39.0
1889584,42.0
1889600,85.0
1889616,26.0
1889776,47.0
1889824,26.0
1889856,55.0
1889872,35.0
1889968,41.0
1889984,44.0
1890000,58.0
1890016,39.0
1890144,35.0
1890160,41.0
1890208,38.0
1890288,64.0
1890368,47.0
1890368,49.0
1890464,29.0
1890480,38.0
1890496,57.0
1890512,33.0
1890576,27.0
1890576,23.0
1890592,48.0
1890608,52.0
1890624,122.0
1890736,36.0
1890768,57.0
1890768,50.0
1890976,29.0
1890976,23.0
1891008,40.0
1891088,39.0
1891104,38.0
1891184,44.0
1891232,31.0
1891248,60.0
1891264,40.0
1891280,32.0
1891280,44.0
1891328,47.0
1891456,28.0
1891488,92.0
1891520,47.0
1891696,23.0
1891744,40.0
1891856,93.0
1891952,44.0
1891968,44.0
1891968,32.0
1891984,44.0
1892016,52.0
1892112,64.0
1892128,53.0
1892160,74.0
1892192,100.0
1892208,61.0
1892224,30.0
1892272,49.0
1892448,30.0
1892480,22.0
1892480,94.0
1892512,51.0
1892528,36.0
1892544,33.0
1892672,72.0
1892672,51.0
1892768,49.0
1892816,41.0
1892864,24.0
1892896,39.0
1892944,52.0
1892960,30.0
1893008,50.0
1893104,57.0
1893120,37.0
1893184,32.0
1893248,80.0
1893280,38.0
1893328,49.0
1893456,32.0
1893456,59.0
1893520,21.0
1893552,34.0
1893584,39.0
1893584,51.0
1893616,47.0
1893632,74.0
1893648,20.0
1893664,35.0
1893920,69.0
1894096,61.0
1894128,42.0
1894144,39.0
1894144,35.0
1894176,56.0
1894240,126.0
1894304,53.0
1894336,43.0
1894352,45.0
1894576,41.0
1894608,64.0
1894656,69.0
1894688,112.0
1894688,32.0
1894704,25.0
1894736,37.0
1894848,38.0
1894848,47.0
1894880,79.0
1894944,38.0
1895008,84.0
1895088,115.0
1895152,50.0
1895152,64.0
1895232,36.0
1895248,32.0
1895280,36.0
1895280,37.0
1895296,43.0
1895296,38.0
1895408,79.0
1895424,30.0
1895456,55.0
1895504,41.0
1895536,33.0
1895552,42.0
1895632,34.0
1895664,51.0
1895728,36.0
1895792,40.0
1895840,37.0
1895856,36.0
1896032,39.0
1896064,48.0
1896176,24.0
1896176,59.0
1896192,57.0
1896192,40.0
1896288,49.0
1896368,40.0
1896368,59.0
1896384,68.0
1896448,37.0
1896448,24.0
1896496,54.0
1896560,56.0
1896672,31.0
1896832,50.0
1896848,63.0
1896848,35.0
1896864,42.0
1896864,88.0
1896912,29.0
1896928,34.0
1896992,91.0
1897024,36.0
1897072,55.0
1897088,45.0
1897136,60.0
1897216,41.0
1897296,58.0
1897488,39.0
1897584,28.0
1897616,43.0
1897664,62.0
1897712,43.0
1897712,55.0
1897744,41.0
1897744,42.0
1897824,52.0
1897824,57.0
1897856,40.0
1897936,68.0
1897936,90.0
1898016,33.0
1898288,42.0
1898320,64.0
1898368,39.0
1898368,41.0
1898416,42.0
1898448,32.0
1898464,101.0
1898496,40.0
1898496,35.0
1898512,103.0
1898576,47.0
1898640,39.0
1898640,51.0
1898656,23.0
1898688,64.0
1898688,61.0
1898704,70.0
1898944,27.0
1898976,38.0
1899024,24.0
1899104,41.0
1899104,46.0
1899120,50.0
1899136,40.0
1899136,40.0
1899168,37.0
1899168,47.0
1899296,41.0
1899296,37.0
1899344,41.0
1899472,31.0
1899536,67.0
1899584,40.0
1899584,58.0
1899616,37.0
1899632,33.0
1899712,36.0
1899776,41.0
1899824,71.0
1899840,42.0
1899872,44.0
1899888,34.0
1899888,47.0
1899920,51.0
1900112,33.0
1900160,36.0
1900176,29.0
1900192,56.0
1900304,33.0
1900432,35.0
1900560,45.0
1900576,25.0
1900608,61.0
1900608,82.0
1900624,68.0
1900720,38.0
1900752,58.0
1900800,38.0
1900832,76.0
1900960,41.0
1900960,65.0
1900992,69.0
1901008,70.0
1901088,41.0
1901152,36.0
1901184,107.0
1901200,30.0
1901280,28.0
1901280,45.0
1901360,38.0
1901360,47.0
1901376,48.0
1901376,76.0
1901472,53.0
1901552,35.0
1901584,36.0
1901712,57.0
1901776,43.0
1901840,23.0
1901856,56.0
1901856,41.0
1901872,32.0
1901888,46.0
1901936,24.0
1901968,49.0
1901984,39.0
1902144,74.0
1902176,20.0
1902176,56.0
1902320,65.0
1902368,27.0
1902416,65.0
1902480,38.0
1902480,31.0
1902496,70.0
1902512,39.0
1902560,44.0
1902656,67.0
1902720,55.0
1902720,47.0
1902768,66.0
1902912,27.0
1902960,30.0
1902976,38.0
1903008,54.0
1903008,32.0
1903024,78.0
1903024,38.0
1903040,33.0
1903056,46.0
1903072,56.0
1903200,40.0
1903248,37.0
1903312,37.0
1903328,26.0
1903360,24.0
1903392,24.0
1903408,40.0
1903424,78.0
1903440,25.0
1903456,24.0
1903568,34.0
1903616,56.0
1903664,44.0
1903712,32.0
1903792,49.0
1903808,49.0
1903872,51.0
1903920,38.0
1903952,34.0
1904048,24.0
1904112,47.0
1904112,43.0
1904208,55.0
1904272,51.0
1904288,53.0
1904304,66.0
1904336,29.0
1904368,41.0
1904432,30.0
1904448,66.0
1904592,49.0
1904624,36.0
1904656,34.0
1904672,35.0
1904736,73.0
1904768,35.0
1904816,56.0
1904832,34.0
1904832,33.0
1904928,37.0
1904960,33.0
1904976,33.0
1904976,85.0
1905008,76.0
1905024,41.0
1905072,30.0
1905088,51.0
1905200,36.0
1905216,34.0
1905248,26.0
1905280,32.0
1905344,43.0
1905488,33.0
1905536,50.0
1905552,39.0
1905648,39.0
1905728,45.0
1905744,48.0
1905792,61.0
1905792,44.0
1905824,47.0
1905888,57.0
1905936,41.0
1906080,46.0
1906096,79.0
1906112,54.0
1906128,40.0
1906208,42.0
1906208,35.0
1906272,33.0
1906336,28.0
1906336,38.0
1906384,35.0
1906400,75.0
1906400,38.0
1906448,32.0
1906448,41.0
1906576,85.0
1906624,33.0
1906736,74.0
1906800,37.0
1906800,43.0
1906832,47.0
1906880,27.0
1906896,31.0
1906944,46.0
1907008,42.0
1907008,55.0
1907024,40.0
1907088,51.0
1907200,25.0
1907200,25.0
1907200,54.0
1907248,39.0
1907264,51.0
1907392,62.0
1907424,37.0
1907440,34.0
1907504,48.0
1907568,23.0
1907568,62.0
1907584,36.0
1907776,47.0
1907792,23.0
1907792,44.0
1907808,54.0
1907840,60.0
1907856,38.0
1907872,54.0
1908032,52.0
1908112,45.0
1908128,43.0
1908208,40.0
1908240,28.0
1908336,71.0
1908352,35.0
1908384,70.0
1908416,34.0
1908416,35.0
1908432,39.0
1908464,39.0
1908512,59.0
1908560,27.0
1908624,53.0
1908624,65.0
1908672,73.0
1908752,40.0
1908752,26.0
1908848,29.0
1908880,40.0
1908896,54.0
1909008,36.0
1909088,29.0
1909088,46.0
1909104,40.0
1909120,57.0
1909168,47.0
1909168,31.0
1909264,47.0
1909296,55.0
1909312,35.0
1909424,42.0
1909440,34.0
1909440,35.0
1909504,55.0
1909760,75.0
1909840,34.0
1909872,48.0
1909888,36.0
1909904,51.0
1909920,41.0
1909920,30.0
1909920,52.0
1909984,61.0
1910048,34.0
1910080,77.0
1910080,40.0
1910160,62.0
1910176,47.0
1910256,23.0
1910272,69.0
1910416,81.0
1910464,24.0
1910496,36.0
1910512,38.0
1910576,41.0
1910576,51.0
1910592,45.0
1910624,49.0
1910768,45.0
1910800,33.0
1910816,52.0
1910832,36.0
1910912,47.0
1910992,67.0
1911024,59.0
1911040,26.0
1911120,44.0
1911152,41.0
1911328,46.0
1911376,75.0
1911408,59.0
1911424,39.0
1911424,27.0
1911472,44.0
1911472,56.0
1911520,59.0
1911616,69.0
1911760,53.0
1911792,60.0
1911856,51.0
1911952,50.0
1911968,37.0
1911968,31.0
1911984,60.0
1912080,41.0
1912224,50.0
1912240,39.0
1912256,31.0
1912288,51.0
1912368,26.0
1912384,25.0
1912416,68.0
1912416,56.0
1912448,37.0
1912512,69.0
1912560,37.0
1912608,23.0
1912608,33.0
1912656,23.0
1912736,22.0
1912800,24.0
1912816,28.0
1913024,66.0
1913040,51.0
1913088,30.0
1913088,81.0
1913120,24.0
1913152,127.0
1913168,57.0
1913200,24.0
1913216,41.0
1913232,51.0
1913264,41.0
1913296,31.0
1913296,40.0
1913344,158.0
1913408,24.0
1913456,59.0
1913504,66.0
1913616,33.0
1913664,34.0
1913664,31.0
1913728,40.0
1913728,36.0
1913776,30.0
1913840,24.0
1913888,34.0
1913920,41.0
1913920,45.0
1914016,45.0
1914064,64.0
1914400,49.0
1914400,62.0
1914416,43.0
1914512,53.0
1914528,32.0
1914560,66.0
1914560,52.0
1914592,85.0
1914608,59.0
1914672,47.0
1914736,53.0
1914768,44.0
1914800,64.0
1914800,55.0
1914976,71.0
1915088,43.0
1915104,31.0
1915168,40.0
1915200,50.0
1915216,44.0
1915280,45.0
1915280,43.0
1915296,46.0
1915392,61.0
1915488,51.0
1915488,43.0
1915504,33.0
1915600,50.0
1915600,27.0
1915680,57.0
1915680,37.0
1915744,158.0
1915760,64.0
1915824,38.0
1915904,26.0
1915968,36.0
1915968,54.0
1916016,46.0
1916064,54.0
1916208,38.0
1916256,60.0
1916256,48.0
1916272,62.0
1916288,20.0
1916320,45.0
1916352,33.0
1916368,25.0
1916416,46.0
1916544,33.0
1916544,49.0
1916656,61.0
1916752,63.0
1916832,34.0
1916848,49.0
1916896,40.0
1916912,88.0
1916944,46.0
1916944,43.0
1917008,37.0
1917072,45.0
1917104,35.0
1917104,49.0
1917200,58.0
1917248,84.0
1917264,56.0
1917264,32.0
1917376,30.0
1917392,53.0
1917440,27.0
1917456,50.0
1917552,30.0
1917584,47.0
1917616,42.0
1917632,43.0
1917696,53.0
1917696,37.0
1917776,21.0
1917792,43.0
1917824,36.0
1917872,60.0
1917872,26.0
1917872,42.0
1917984,45.0
1918048,49.0
1918080,44.0
1918176,49.0
1918192,20.0
1918240,43.0
1918304,42.0
1918304,45.0
1918384,32.0
1918416,37.0
1918464,37.0
1918480,44.0
1918528,52.0
1918640,37.0
1918640,59.0
1918656,42.0
1918672,31.0
1918672,12.0
1918768,29.0
1918816,22.0
1918848,41.0
1918848,38.0
1918928,25.0
1918944,54.0
1919072,41.0
1919104,21.0
1919136,47.0
1919152,96.0
1919216,57.0
1919248,91.0
1919280,38.0
1919312,40.0
1919328,43.0
1919408,29.0
1919616,43.0
1919664,51.0
1919760,34.0
1919776,44.0
1919808,72.0
1919872,37.0
1919888,65.0
1919888,49.0
1919952,82.0
1919952,71.0
1919984,41.0
1920064,47.0
1920064,51.0
1920080,59.0
1920160,34.0
1920176,64.0
1920240,36.0
1920320,57.0
1920384,36.0
1920416,41.0
1920432,35.0
1920480,31.0
1920496,38.0
1920528,36.0
1920592,44.0
1920672,32.0
1920688,38.0
1920752,43.0
1920816,47.0
1920816,36.0
1920832,66.0
1920992,42.0
1921024,40.0
1921040,35.0
1921056,40.0
1921104,58.0
1921104,42.0
1921296,38.0
1921344,37.0
1921360,52.0
1921456,40.0
1921488,51.0
1921536,59.0
1921616,35.0
1921616,37.0
1921648,52.0
1921696,37.0
1921696,75.0
1921712,23.0
1921728,27.0
1921744,47.0
1921776,46.0
1921808,20.0
1921824,117.0
1921824,45.0
1922064,44.0
1922080,24.0
1922112,80.0
1922224,48.0
1922240,39.0
1922288,37.0
1922368,52.0
1922368,39.0
1922384,38.0
1922432,22.0
1922432,39.0
1922480,52.0
1922560,31.0
1922592,48.0
1922640,51.0
1922832,70.0
1922928,82.0
1922992,39.0
1923040,51.0
1923056,39.0
1923168,66.0
1923232,53.0
1923248,51.0
1923264,39.0
1923328,46.0
1923344,32.0
1923360,62.0
1923440,60.0
1923584,81.0
1923584,33.0
1923632,37.0
1923632,25.0
1923696,91.0
1923792,29.0
1923808,34.0
1923888,56.0
1923904,35.0
1924000,67.0
1924000,40.0
1924096,53.0
1924144,61.0
1924192,35.0
1924208,39.0
1924288,30.0
1924288,108.0
1924336,163.0
1924432,46.0
1924464,42.0
1924496,57.0
1924576,42.0
1924752,54.0
1924752,47.0
1924784,49.0
1924832,25.0
1924832,87.0
1924848,44.0
1924848,35.0
1924848,76.0
1924896,44.0
1925024,51.0
1925056,35.0
1925072,38.0
1925152,54.0
1925184,27.0
1925248,31.0
1925344,63.0
1925376,33.0
1925424,37.0
1925440,37.0
1925472,39.0
1925536,40.0
1925584,47.0
1925600,51.0
1925616,35.0
1925712,23.0
1925744,73.0
1925824,22.0
1925872,111.0
1925872,45.0
1925968,37.0
1926112,54.0
1926112,65.0
1926160,35.0
1926160,39.0
1926256,52.0
1926288,53.0
1926304,30.0
1926352,48.0
1926464,47.0
1926496,39.0
1926512,83.0
1926576,52.0
1926592,98.0
1926656,49.0
1926688,36.0
1926736,36.0
1926784,51.0
1926928,29.0
1926992,30.0
1927024,46.0
1927040,55.0
1927072,48.0
1927200,34.0
1927232,41.0
1927312,39.0
1927376,110.0
1927440,74.0
1927456,84.0
1927472,34.0
1927488,56.0
1927552,66.0
1927600,23.0
1927616,55.0
1927648,39.0
1927728,86.0
1927744,23.0
1927776,44.0
1927840,53.0
1927952,73.0
1928016,36.0
1928032,62.0
1928064,29.0
1928080,55.0
1928112,50.0
1928128,32.0
1928192,28.0
1928208,47.0
1928224,46.0
1928448,45.0
1928544,56.0
1928560,38.0
1928576,50.0
1928608,71.0
1928656,28.0
1928720,43.0
1928720,33.0
1928848,48.0
1928848,63.0
1928880,51.0
1929008,35.0
1929024,57.0
1929168,59.0
1929200,37.0
1929216,41.0
1929264,107.0
1929264,34.0
1929360,51.0
1929408,47.0
1929472,84.0
1929584,35.0
1929664,103.0
1929696,51.0
1929744,36.0
1929760,57.0
1929824,61.0
1929888,73.0
1929904,56.0
1929984,49.0
1930016,47.0
1930032,39.0
1930048,29.0
1930144,58.0
1930208,102.0
1930256,56.0
1930272,50.0
1930304,65.0
1930320,39.0
1930320,35.0
1930368,39.0
1930400,46.0
1930416,32.0
1930416,23.0
1930496,38.0
1930560,46.0
1930608,36.0
1930624,40.0
1930720,44.0
1930896,43.0
1930896,47.0
1930896,33.0
1930912,37.0
1930944,39.0
1930992,45.0
1931008,47.0
1931072,36.0
1931168,54.0
1931216,51.0
1931216,50.0
1931264,53.0
1931296,36.0
1931312,26.0
1931392,25.0
1931392,31.0
1931456,56.0
1931504,37.0
1931616,62.0
1931680,49.0
1931856,25.0
1931888,42.0
1931968,44.0
1931968,85.0
1932016,50.0
1932016,39.0
1932032,68.0
1932128,70.0
1932144,47.0
1932192,32.0
1932208,37.0
1932240,73.0
1932256,59.0
1932256,47.0
1932512,31.0
1932528,77.0
1932544,43.0
1932592,39.0
1932624,37.0
1932752,46.0
1932752,99.0
1932768,35.0
1932784,51.0
1932944,66.0
1932976,45.0
1932976,49.0
1932992,25.0
1933024,25.0
1933056,34.0
1933088,59.0
1933088,20.0
1933168,40.0
1933248,63.0
1933280,72.0
1933376,52.0
1933520,36.0
1933584,50.0
1933600,32.0
1933632,36.0
1933680,32.0
1933696,42.0
1933728,30.0
1933776,49.0
1933840,29.0
1933872,56.0
1933888,12.0
1933968,55.0
1934144,118.0
1934160,35.0
1934160,40.0
1934176,75.0
1934192,57.0
1934208,36.0
1934336,35.0
1934496,39.0
1934512,52.0
1934544,60.0
1934560,26.0
1934592,39.0
1934592,27.0
1934656,28.0
1934688,121.0
1934720,62.0
1934752,57.0
1934768,38.0
1934912,36.0
1935024,53.0
1935040,33.0
1935056,144.0
1935136,30.0
1935152,27.0
1935152,24.0
1935168,36.0
1935232,40.0
1935232,84.0
1935280,68.0
1935280,46.0
1935360,50.0
1935456,44.0
1935488,62.0
1935552,54.0
1935712,35.0
1935776,39.0
1935824,57.0
1935824,34.0
1935920,55.0
1935936,57.0
1935984,47.0
1936032,36.0
1936048,57.0
1936064,32.0
1936080,45.0
1936192,71.0
1936224,32.0
1936352,67.0
1936384,72.0
1936400,39.0
1936512,64.0
1936512,20.0
1936528,38.0
1936656,52.0
1936688,47.0
1936736,41.0
1936768,59.0
1936800,26.0
1936800,47.0
1936832,50.0
1936864,50.0
1936880,30.0
1936976,62.0
1936992,114.0
1937040,33.0
1937072,35.0
1937200,53.0
1937264,46.0
1937264,33.0
1937392,39.0
1937408,47.0
1937408,38.0
1937424,46.0
1937456,37.0
1937488,38.0
1937600,50.0
1937600,33.0
1937616,87.0
1937632,41.0
1937632,27.0
1937648,41.0
1937696,27.0
1937792,47.0
1937936,28.0
1937936,69.0
1938016,38.0
1938016,47.0
1938048,26.0
1938048,40.0
1938096,44.0
1938192,46.0
1938208,35.0
1938272,53.0
1938288,41.0
1938304,44.0
1938384,48.0
1938448,41.0
1938480,34.0
1938496,56.0
1938592,31.0
1938656,38.0
1938672,41.0
1938800,49.0
1938832,40.0
1938896,60.0
1938992,25.0
1939008,50.0
1939072,64.0
1939120,89.0
1939152,54.0
1939168,42.0
1939168,32.0
1939184,55.0
1939200,58.0
1939200,47.0
1939232,47.0
1939280,28.0
1939536,21.0
1939536,29.0
1939680,25.0
1939760,48.0
1939792,70.0
1939808,39.0
1939840,45.0
1939888,41.0
1939888,94.0
1939904,44.0
1939952,49.0
1939984,68.0
1940000,62.0
1940016,76.0
1940160,30.0
1940304,72.0
1940320,35.0
1940464,41.0
1940512,32.0
1940544,33.0
1940624,68.0
1940640,47.0
1940640,69.0
1940640,50.0
1940720,52.0
1940752,27.0
1940800,56.0
1940880,68.0
1940896,59.0
1940960,112.0
1941040,55.0
1941104,37.0
1941184,55.0
1941232,37.0
1941296,47.0
1941360,29.0
1941360,56.0
1941392,47.0
1941408,48.0
1941424,90.0
1941424,24.0
1941488,38.0
1941488,46.0
1941520,50.0
1941568,48.0
1941632,63.0
1941744,24.0
1941856,56.0
1941888,25.0
1941920,25.0
1941920,33.0
1941952,53.0
1941984,36.0
1942080,45.0
1942112,43.0
1942144,36.0
1942176,55.0
1942240,66.0
1942304,51.0
1942320,68.0
1942352,58.0
1942448,37.0
1942480,25.0
1942480,53.0
1942544,39.0
1942640,47.0
1942656,57.0
1942672,33.0
1942816,56.0
1942880,25.0
1942976,39.0
1943056,38.0
1943056,51.0
1943072,56.0
1943104,70.0
1943104,50.0
1943120,73.0
1943136,51.0
1943264,28.0
1943264,24.0
1943280,40.0
1943376,44.0
1943408,47.0
1943440,23.0
1943440,56.0
1943536,89.0
1943568,68.0
1943696,37.0
1943696,40.0
1943760,49.0
1943840,36.0
1943872,38.0
1943904,29.0
1943920,51.0
1944000,45.0
1944000,59.0
1944048,57.0
1944128,35.0
1944128,43.0
1944144,38.0
1944272,54.0
1944336,40.0
1944448,47.0
1944464,68.0
1944496,46.0
1944736,38.0
1944736,54.0
1944784,59.0
1944816,42.0
1944832,52.0
1944848,36.0
1944864,51.0
1944880,55.0
1944896,48.0
1944928,64.0
1944928,29.0
1945104,74.0
1945200,54.0
1945232,46.0
1945232,31.0
1945248,50.0
1945392,34.0
1945392,142.0
1945392,38.0
1945424,37.0
1945440,34.0
1945472,37.0
1945488,35.0
1945488,39.0
1945504,48.0
1945632,51.0
1945648,25.0
1945696,31.0
1945712,49.0
1945888,41.0
1945936,44.0
1946048,41.0
1946128,40.0
1946160,48.0
1946176,43.0
1946224,37.0
1946240,71.0
1946272,21.0
1946272,53.0
1946384,55.0
1946464,48.0
1946528,25.0
1946576,71.0
1946592,70.0
1946720,34.0
1946720,42.0
1946736,84.0
1946816,41.0
1946880,26.0
1946960,43.0
1946960,78.0
1947056,73.0
1947152,55.0
1947232,41.0
1947248,45.0
1947280,102.0
1947296,57.0
1947344,69.0
1947472,78.0
1947488,38.0
1947488,48.0
1947504,57.0
1947616,24.0
1947616,41.0
1947680,59.0
1947680,45.0
1947712,56.0
1947904,74.0
1947920,54.0
1947968,45.0
1947968,42.0
1947984,52.0
1948048,44.0
1948048,34.0
1948064,36.0
1948096,51.0
1948240,47.0
1948304,39.0
1948384,57.0
1948400,45.0
1948464,53.0
1948480,35.0
1948512,29.0
1948544,31.0
1948576,42.0
1948576,38.0
1948592,39.0
1948608,56.0
1948624,33.0
1948672,66.0
1948784,34.0
1948800,46.0
1948816,52.0
1949008,38.0
1949136,52.0
1949152,36.0
1949168,44.0
1949216,44.0
1949280,56.0
1949392,50.0
1949408,50.0
1949424,38.0
1949424,55.0
1949456,41.0
1949488,57.0
1949520,32.0
1949552,55.0
1949584,28.0
1949600,51.0
1949744,70.0
1949840,43.0
1949936,28.0
1949984,37.0
1950000,36.0
1950064,49.0
1950080,54.0
1950224,66.0
1950240,52.0
1950288,48.0
1950288,113.0
1950352,38.0
1950416,54.0
1950416,27.0
1950464,54.0
1950496,65.0
1950576,40.0
1950752,29.0
1950784,75.0
1950816,47.0
1950816,61.0
1950928,36.0
1950944,59.0
1950976,56.0
1950976,30.0
1951008,49.0
1951072,41.0
1951088,39.0
1951104,54.0
1951168,109.0
1951216,40.0
1951232,59.0
1951248,52.0
1951344,37.0
1951360,22.0
1951456,33.0
1951568,47.0
1951584,38.0
1951712,40.0
1951728,39.0
1951808,35.0
1951872,68.0
1951904,60.0
1951920,47.0
1951952,46.0
1951968,72.0
1951968,25.0
1951968,32.0
1952128,65.0
1952144,57.0
1952288,23.0
1952400,43.0
1952400,89.0
1952416,52.0
1952432,68.0
1952496,43.0
1952544,36.0
1952560,75.0
1952608,40.0
1952656,47.0
1952720,53.0
1952752,64.0
1952768,30.0
1952800,52.0
1952896,30.0
1952928,50.0
1952960,63.0
1953008,54.0
1953088,34.0
1953152,45.0
1953168,48.0
1953216,38.0
1953312,51.0
1953312,35.0
1953344,59.0
1953344,49.0
1953392,42.0
1953424,33.0
1953440,42.0
1953472,51.0
1953504,34.0
1953712,44.0
1953728,26.0
1953856,40.0
1953888,60.0
1953920,36.0
1953936,39.0
1953936,37.0
1953968,55.0
1954016,54.0
1954096,37.0
1954096,42.0
1954096,41.0
1954112,40.0
1954224,23.0
1954272,69.0
1954384,29.0
1954464,47.0
1954496,106.0
1954528,40.0
1954528,37.0
1954544,51.0
1954704,46.0
1954800,44.0
1954800,88.0
1954896,25.0
1954912,50.0
1954928,52.0
1954976,65.0
1955072,34.0
1955088,51.0
1955104,55.0
1955136,47.0
1955232,48.0
1955280,46.0
1955360,84.0
1955392,19.0
1955440,32.0
1955456,41.0
1955536,40.0
1955712,27.0
1955728,39.0
1955744,103.0
1955744,48.0
1955744,52.0
1955760,39.0
1955808,63.0
1955808,46.0
1955808,69.0
1955840,38.0
1955856,31.0
1955936,34.0
1956000,92.0
1956016,35.0
1956240,50.0
1956272,33.0
1956304,31.0
1956336,50.0
1956368,40.0
1956416,38.0
1956624,43.0
1956624,24.0
1956640,55.0
1956656,57.0
1956704,53.0
1956704,43.0
1956736,46.0
1956816,69.0
1956864,35.0
1956864,70.0
1956864,64.0
1956976,44.0
1957040,39.0
1957104,48.0
1957152,49.0
1957232,36.0
1957280,41.0
1957312,36.0
1957408,44.0
1957440,46.0
1957520,41.0
1957536,42.0
1957552,32.0
1957600,49.0
1957616,29.0
1957696,118.0
1957776,42.0
1957792,51.0
1957872,78.0
1957920,66.0
1957984,42.0
1958096,91.0
1958128,45.0
1958144,38.0
1958144,37.0
1958160,40.0
1958240,29.0
1958288,66.0
1958368,36.0
1958400,60.0
1958432,51.0
1958544,79.0
1958560,40.0
1958608,57.0
1958688,51.0
1958704,38.0
1958720,70.0
1958768,30.0
1958768,25.0
1958848,43.0
1958880,56.0
1958912,48.0
1958912,42.0
1958960,25.0
1958992,28.0
1959120,62.0
1959184,47.0
1959216,33.0
1959280,42.0
1959312,38.0
1959424,44.0
1959504,37.0
1959616,39.0
1959616,41.0
1959632,45.0
1959696,53.0
1959712,98.0
1959728,83.0
1959856,68.0
1959856,36.0
1959968,49.0
1960064,35.0
1960096,15.0
1960096,49.0
1960224,84.0
1960240,64.0
1960272,53.0
1960272,40.0
1960368,32.0
1960384,48.0
1960416,103.0
1960464,53.0
1960576,55.0
1960576,54.0
1960672,25.0
1960672,44.0
1960704,38.0
1960736,63.0
1960800,44.0
1960848,36.0
1960864,25.0
1960880,40.0
1960960,115.0
1961152,49.0
1961152,68.0
1961168,47.0
1961168,37.0
1961232,35.0
1961264,65.0
1961280,38.0
1961408,38.0
1961456,47.0
1961504,48.0
1961536,43.0
1961536,36.0
1961632,29.0
1961680,50.0
1961728,54.0
1961728,84.0
1961808,36.0
1961888,46.0
1961888,38.0
1961984,51.0
1962000,89.0
1962000,53.0
1962032,36.0
1962096,43.0
1962240,61.0
1962240,44.0
1962240,27.0
1962320,43.0
1962480,61.0
1962576,53.0
1962608,58.0
1962608,38.0
1962624,39.0
1962624,40.0
1962816,58.0
1962864,39.0
1962880,84.0
1962912,42.0
1962912,74.0
1962912,64.0
1963024,58.0
1963024,28.0
1963056,51.0
1963120,40.0
1963120,50.0
1963136,32.0
1963312,44.0
1963360,28.0
1963408,50.0
1963440,88.0
1963472,41.0
1963504,55.0
1963632,47.0
1963664,38.0
1963696,36.0
1963696,36.0
1963744,45.0
1963840,27.0
1963872,53.0
1963904,62.0
1963920,35.0
1963968,66.0
1964160,33.0
1964256,51.0
1964256,70.0
1964288,37.0
1964320,91.0
1964464,62.0
1964496,33.0
1964512,51.0
1964576,52.0
1964576,41.0
1964640,61.0
1964704,52.0
1964736,52.0
1964800,40.0
1964800,81.0
1964912,28.0
1964928,40.0
1964992,42.0
1965072,31.0
1965072,110.0
1965104,53.0
1965168,29.0
1965200,29.0
1965344,34.0
1965360,95.0
1965392,20.0
1965408,38.0
1965408,48.0
1965472,56.0
1965504,62.0
1965520,79.0
1965584,68.0
1965696,48.0
1965728,24.0
1965744,24.0
1965776,54.0
1965808,38.0
1965872,48.0
1965920,53.0
1966000,38.0
1966176,48.0
1966288,55.0
1966288,35.0
1966336,52.0
1966336,37.0
1966368,53.0
1966400,30.0
1966448,47.0
1966512,84.0
1966512,95.0
1966736,54.0
1966752,61.0
1966784,28.0
1966880,27.0
1966960,37.0
1966976,87.0
1967040,33.0
1967072,100.0
1967136,50.0
1967152,54.0
1967248,67.0
1967280,92.0
1967296,63.0
1967328,58.0
1967360,38.0
1967424,40.0
1967504,62.0
1967552,51.0
1967584,99.0
1967584,44.0
1967600,39.0
1967856,44.0
1967872,34.0
1967920,53.0
1967920,39.0
1967920,55.0
1967984,64.0
1968048,29.0
1968128,39.0
1968128,48.0
1968160,55.0
1968192,37.0
1968208,49.0
1968224,40.0
1968240,62.0
1968304,27.0
1968400,53.0
1968448,82.0
1968528,42.0
1968576,41.0
1968592,42.0
1968688,40.0
1968720,50.0
1968736,34.0
1968752,39.0
1968784,24.0
1968864,46.0
1968864,41.0
1968864,55.0
1968928,39.0
1968976,47.0
1968976,25.0
1969296,36.0
1969296,66.0
1969328,40.0
1969328,34.0
1969360,75.0
1969392,33.0
1969472,45.0
1969504,40.0
1969600,67.0
1969616,73.0
1969648,42.0
1969776,28.0
1969792,31.0
1969856,62.0
1969904,61.0
1969920,37.0
1969920,59.0
1969952,85.0
1969984,43.0
1970048,43.0
1970096,85.0
1970128,46.0
1970288,40.0
1970336,45.0
1970400,56.0
1970416,29.0
1970416,39.0
1970448,37.0
1970480,63.0
1970496,36.0
1970544,39.0
1970656,35.0
1970672,39.0
1970688,35.0
1970752,29.0
1970768,54.0
1970768,73.0
1970896,26.0
1970928,27.0
1970960,39.0
1971088,40.0
1971152,24.0
1971168,74.0
1971200,34.0
1971232,34.0
1971328,27.0
1971376,44.0
1971456,65.0
1971520,70.0
1971536,110.0
1971536,38.0
1971552,50.0
1971632,54.0
1971712,39.0
1971840,55.0
1971840,40.0
1971952,49.0
1971952,96.0
1971968,37.0
1972032,93.0
1972048,51.0
1972080,39.0
1972160,28.0
1972176,41.0
1972192,22.0
1972224,43.0
1972272,40.0
1972352,24.0
1972368,26.0
1972448,81.0
1972544,37.0
1972576,33.0
1972576,46.0
1972608,66.0
1972656,83.0
1972768,36.0
1972768,25.0
1972832,50.0
1972864,37.0
1972864,49.0
1972992,40.0
1973056,56.0
1973136,60.0
1973152,101.0
1973184,46.0
1973264,38.0
1973344,48.0
1973344,48.0
1973408,40.0
1973408,54.0
1973424,35.0
1973440,42.0
1973552,31.0
1973600,62.0
1973680,51.0
1973728,36.0
1973760,58.0
1973760,36.0
1973840,53.0
1973872,33.0
1973872,38.0
1973984,40.0
1974016,36.0
1974048,28.0
1974096,117.0
1974272,34.0
1974304,73.0
1974384,52.0
1974400,33.0
1974416,34.0
1974432,64.0
1974448,65.0
1974464,23.0
1974544,35.0
1974544,49.0
1974576,51.0
1974576,46.0
1974768,31.0
1974784,69.0
1974800,86.0
1974928,39.0
1974992,36.0
1975040,64.0
1975072,38.0
1975088,43.0
1975216,52.0
1975248,50.0
1975248,13.0
1975328,80.0
1975456,41.0
1975488,57.0
1975600,42.0
1975600,52.0
1975632,68.0
1975696,44.0
1975696,28.0
1975728,59.0
1975904,85.0
1975904,17.0
1975936,38.0
1975936,45.0
1975968,96.0
1975984,88.0
1976192,46.0
1976208,45.0
1976224,71.0
1976224,61.0
1976240,19.0
1976272,23.0
1976304,44.0
1976400,27.0
1976432,85.0
1976448,45.0
1976496,50.0
1976544,59.0
1976624,58.0
1976704,50.0
1976800,37.0
1976848,54.0
1976928,31.0
1976928,44.0
1976944,47.0
1976960,43.0
1977008,67.0
1977008,48.0
1977072,39.0
1977184,40.0
1977200,61.0
1977232,38.0
1977296,62.0
1977312,38.0
1977424,39.0
1977440,23.0
1977504,36.0
1977520,36.0
1977520,42.0
1977584,68.0
1977616,38.0
1977664,41.0
1977904,94.0
1977984,64.0
1978000,51.0
1978000,43.0
1978016,51.0
1978016,68.0
1978080,31.0
1978096,50.0
1978096,37.0
1978416,56.0
1978432,63.0
1978464,24.0
1978464,50.0
1978480,36.0
1978496,66.0
1978576,36.0
1978592,36.0
1978592,67.0
1978608,37.0
1978736,40.0
1978784,73.0
1978800,50.0
1978832,100.0
1978848,27.0
1979008,34.0
1979120,64.0
1979152,43.0
1979200,45.0
1979280,49.0
1979328,37.0
1979328,46.0
1979344,46.0
1979392,24.0
1979408,38.0
1979488,44.0
1979504,58.0
1979536,69.0
1979568,23.0
1979584,100.0
1979696,54.0
1979776,23.0
1979792,42.0
1979984,52.0
1979984,71.0
1980000,26.0
1980048,91.0
1980080,36.0
1980080,18.0
1980144,50.0
1980160,37.0
1980160,52.0
1980176,43.0
1980320,39.0
1980320,62.0
1980336,59.0
1980384,38.0
1980592,32.0
1980592,28.0
1980720,34.0
1980736,25.0
1980752,37.0
1980768,77.0
1980784,50.0
1980800,50.0
1980832,47.0
1980880,52.0
1980912,102.0
1980944,39.0
1981056,29.0
1981056,67.0
1981072,47.0
1981104,59.0
1981216,52.0
1981312,36.0
1981376,38.0
1981408,43.0
1981440,41.0
1981472,26.0
1981504,39.0
1981584,62.0
1981600,43.0
1981616,35.0
1981632,26.0
1981664,45.0
1981728,41.0
1981760,63.0
1981760,28.0
1981840,65.0
1981872,29.0
1981968,54.0
1982000,39.0
1982160,25.0
1982192,47.0
1982192,29.0
1982272,40.0
1982288,51.0
1982336,36.0
1982352,47.0
1982416,52.0
1982432,48.0
1982464,102.0
1982480,54.0
1982480,61.0
1982608,40.0
1982624,27.0
1982656,31.0
1982720,53.0
1982768,48.0
1982880,34.0
1982912,45.0
1982992,24.0
1983008,73.0
1983024,34.0
1983072,45.0
1983120,53.0
1983296,42.0
1983312,64.0
1983328,42.0
1983344,58.0
1983344,57.0
1983360,55.0
1983392,42.0
1983424,60.0
1983504,39.0
1983584,51.0
1983616,38.0
1983648,21.0
1983728,46.0
1983728,51.0
1983904,38.0
1984000,38.0
1984080,46.0
1984160,50.0
1984192,70.0
1984208,49.0
1984224,56.0
1984240,46.0
1984240,39.0
1984240,41.0
1984448,69.0
1984512,54.0
1984544,95.0
1984576,42.0
1984592,92.0
1984688,38.0
1984816,36.0
1984864,17.0
1984896,41.0
1984912,25.0
1984992,62.0
1985024,49.0
1985040,82.0
1985056,32.0
1985072,57.0
1985120,56.0
1985168,61.0
1985184,91.0
1985184,38.0
1985408,34.0
1985456,35.0
1985456,78.0
1985504,43.0
1985520,52.0
1985632,35.0
1985648,41.0
1985744,35.0
1985776,41.0
1985824,50.0
1985872,43.0
1985888,30.0
1985904,91.0
1986016,23.0
1986016,35.0
1986064,56.0
1986080,35.0
1986096,66.0
1986112,41.0
1986224,73.0
1986352,90.0
1986384,40.0
1986416,37.0
1986416,40.0
1986432,35.0
1986448,51.0
1986592,68.0
1986688,39.0
1986784,43.0
1986912,33.0
1986960,55.0
1987024,38.0
1987024,50.0
1987040,39.0
1987072,73.0
1987104,76.0
1987104,68.0
1987104,68.0
1987104,62.0
1987152,50.0
1987264,52.0
1987392,38.0
1987392,50.0
1987424,25.0
1987488,65.0
1987520,26.0
1987520,31.0
1987520,28.0
1987584,30.0
1987584,39.0
1987600,31.0
1987728,43.0
1987856,47.0
1987968,66.0
1987984,52.0
1988000,38.0
1988016,27.0
1988032,34.0
1988048,41.0
1988096,36.0
1988160,40.0
1988256,33.0
1988256,52.0
1988256,98.0
1988272,47.0
1988400,50.0
1988416,72.0
1988480,31.0
1988576,26.0
1988640,34.0
1988736,72.0
1988800,34.0
1988816,49.0
1988848,53.0
1988896,40.0
1988896,65.0
1988912,31.0
1988960,24.0
1988976,63.0
1988992,59.0
1989040,48.0
1989040,64.0
1989136,46.0
1989248,48.0
1989264,63.0
1989280,24.0
1989376,35.0
1989424,49.0
1989456,34.0
1989472,36.0
1989552,51.0
1989584,38.0
1989760,30.0
1989792,47.0
1989808,42.0
1989968,45.0
1989968,61.0
1990016,66.0
1990048,75.0
1990048,78.0
1990160,56.0
1990192,51.0
1990224,42.0
1990224,48.0
1990288,54.0
1990464,41.0
1990480,63.0
1990496,33.0
1990528,48.0
1990576,62.0
1990624,29.0
1990688,42.0
1990768,34.0
1990832,40.0
1990848,50.0
1990864,114.0
1990976,63.0
1990992,75.0
1991040,51.0
1991040,36.0
1991120,39.0
1991200,72.0
1991216,40.0
1991232,47.0
1991344,51.0
1991376,68.0
1991392,22.0
1991392,48.0
1991408,40.0
1991456,48.0
1991456,29.0
1991520,43.0
1991536,35.0
1991616,48.0
1991680,51.0
1991792,35.0
1991792,25.0
1991792,42.0
1991856,40.0
1991920,36.0
1991920,24.0
1991936,34.0
1992032,32.0
1992032,52.0
1992048,40.0
1992080,39.0
1992096,45.0
1992160,44.0
1992352,35.0
1992384,37.0
1992448,48.0
1992448,25.0
1992496,55.0
1992624,43.0
1992640,45.0
1992704,39.0
1992720,43.0
1992784,62.0
1992816,56.0
1992848,43.0
1992896,116.0
1992992,40.0
1992992,56.0
1993024,73.0
1993072,39.0
1993136,27.0
1993152,32.0
1993168,71.0
1993312,43.0
1993504,70.0
1993504,41.0
1993584,35.0
1993632,53.0
1993680,38.0
1993696,55.0
1993728,52.0
1993760,48.0
1993776,40.0
1993776,39.0
1993888,56.0
1993888,90.0
1993888,45.0
1994032,96.0
1994064,47.0
1994144,89.0
1994144,40.0
1994176,42.0
1994192,31.0
1994192,29.0
1994272,40.0
1994336,28.0
1994432,41.0
1994432,53.0
1994464,36.0
1994480,45.0
1994608,29.0
1994640,54.0
1994672,40.0
1994688,34.0
1994688,50.0
1994800,39.0
1994800,38.0
1994864,33.0
1994880,43.0
1994880,26.0
1994960,80.0
1994960,56.0
1994992,45.0
1995040,38.0
1995056,28.0
1995152,45.0
1995152,42.0
1995296,26.0
1995360,35.0
1995408,45.0
1995504,40.0
1995536,53.0
1995552,35.0
1995584,44.0
1995600,60.0
1995600,35.0
1995648,37.0
1995744,59.0
1995792,52.0
1995856,56.0
1995872,45.0
1995904,77.0
1995968,38.0
1995984,36.0
1996112,51.0
1996160,38.0
1996192,65.0
1996224,36.0
1996256,47.0
1996256,41.0
1996272,46.0
1996272,42.0
1996352,35.0
1996496,37.0
1996608,47.0
1996624,55.0
1996624,29.0
1996704,70.0
1996800,58.0
1996928,41.0
1996944,45.0
1997024,65.0
1997104,30.0
1997120,48.0
1997120,54.0
1997136,59.0
1997152,55.0
1997184,36.0
1997232,70.0
1997264,81.0
1997296,42.0
1997360,41.0
1997424,73.0
1997488,35.0
1997536,46.0
1997568,26.0
1997680,31.0
1997680,36.0
1997680,41.0
1997728,38.0
1997744,50.0
1997792,33.0
1997824,21.0
1997888,47.0
1998048,43.0
1998080,49.0
1998112,27.0
1998112,24.0
1998112,101.0
1998272,65.0
1998400,45.0
1998400,41.0
1998400,36.0
1998416,62.0
1998416,46.0
1998464,42.0
1998464,58.0
1998512,25.0
1998608,45.0
1998736,39.0
1998816,46.0
1998864,37.0
1998864,81.0
1998896,30.0
1998912,32.0
1998944,34.0
1998992,59.0
1999056,37.0
1999200,43.0
1999200,130.0
1999264,41.0
1999296,56.0
1999312,75.0
1999376,32.0
1999408,59.0
1999408,26.0
1999408,37.0
1999456,65.0
1999488,34.0
1999648,46.0
1999680,59.0
1999728,52.0
1999792,58.0
1999840,24.0
1999888,37.0
1999936,28.0
2000032,39.0
2000032,52.0
2000048,46.0
2000064,24.0
2000080,42.0
2000112,44.0
2000112,46.0
2000176,33.0
2000320,66.0
2000320,33.0
2000352,32.0
2000352,72.0
2000464,33.0
2000496,48.0
2000512,25.0
2000544,32.0
2000672,101.0
2000752,40.0
2000832,59.0
2000848,48.0
2000848,31.0
2000896,24.0
2000928,29.0
2000944,39.0
2001040,63.0
2001136,51.0
2001168,69.0
2001168,31.0
2001280,24.0
2001328,61.0
2001360,74.0
2001392,40.0
2001408,30.0
2001408,35.0
2001472,61.0
2001504,42.0
2001552,38.0
2001600,66.0
2001600,47.0
2001712,104.0
2001728,43.0
2001856,43.0
2001856,43.0
2002000,45.0
2002016,55.0
2002016,38.0
2002048,41.0
2002080,23.0
2002112,32.0
2002144,49.0
2002160,35.0
2002160,52.0
2002208,46.0
2002208,50.0
2002224,45.0
2002288,46.0
2002432,17.0
2002448,27.0
2002560,34.0
2002672,33.0
2002752,34.0
2002784,58.0
2002784,66.0
2002800,22.0
2002800,50.0
2002816,41.0
2002832,47.0
2002848,40.0
2002848,39.0
2002880,52.0
2002896,49.0
2002928,40.0
2003168,82.0
2003184,24.0
2003200,48.0
2003248,43.0
2003392,45.0
2003424,42.0
2003440,34.0
2003456,41.0
2003472,43.0
2003520,44.0
2003616,46.0
2003632,49.0
2003680,52.0
2003824,62.0
2003936,46.0
2003952,64.0
2004016,35.0
2004064,39.0
2004160,57.0
2004240,48.0
2004256,40.0
2004272,69.0
2004304,23.0
2004368,59.0
2004400,48.0
2004416,77.0
2004480,41.0
2004640,43.0
2004640,36.0
2004704,120.0
2004704,64.0
2004752,77.0
2004816,50.0
2004816,34.0
2004864,92.0
2004928,48.0
2004960,44.0
2005056,51.0
2005104,39.0
2005136,48.0
2005168,33.0
2005200,56.0
2005248,38.0
2005248,27.0
2005328,39.0
2005424,31.0
2005584,45.0
2005616,30.0
2005632,42.0
2005712,34.0
2005728,39.0
2005728,42.0
2005776,33.0
2005824,89.0
2005856,72.0
2005872,70.0
2006000,74.0
2006032,25.0
2006080,41.0
2006112,31.0
2006208,112.0
2006256,42.0
2006272,25.0
2006272,35.0
2006288,65.0
2006320,37.0
2006384,66.0
2006400,42.0
2006416,40.0
2006544,84.0
2006560,44.0
2006560,46.0
2006704,26.0
2006720,29.0
2006800,45.0
2006800,50.0
2006848,29.0
2006848,36.0
2006928,56.0
2006976,48.0
2006992,55.0
2006992,27.0
2007136,54.0
2007216,50.0
2007232,52.0
2007248,28.0
2007280,27.0
2007312,24.0
2007392,53.0
2007504,49.0
2007568,36.0
2007616,51.0
2007664,60.0
2007712,45.0
2007792,92.0
2007792,35.0
2007808,37.0
2007824,43.0
2007952,87.0
2007952,28.0
2007968,70.0
2008112,25.0
2008176,58.0
2008272,44.0
2008320,32.0
2008368,44.0
2008416,39.0
2008512,35.0
2008640,104.0
2008656,52.0
2008672,87.0
2008736,84.0
2008784,26.0
2008832,55.0
2008880,79.0
2008896,39.0
2008912,70.0
2008976,50.0
2009088,48.0
2009088,111.0
2009168,47.0
2009392,55.0
2009456,51.0
2009456,49.0
2009488,41.0
2009520,27.0
2009520,88.0
2009616,46.0
2009616,33.0
2009648,57.0
2009680,32.0
2009728,17.0
2009808,57.0
2009824,53.0
2009904,121.0
2009920,71.0
2010048,35.0
2010080,35.0
2010096,30.0
2010112,27.0
2010176,95.0
2010176,49.0
2010176,41.0
2010240,26.0
2010256,50.0
2010288,30.0
2010352,90.0
2010416,50.0
2010432,49.0
2010512,49.0
2010512,38.0
2010624,36.0
2010736,20.0
2010752,31.0
2010768,33.0
2010800,45.0
2010832,41.0
2010832,41.0
2010896,38.0
2010976,55.0
2011024,57.0
2011120,75.0
2011152,40.0
2011184,22.0
2011248,56.0
2011376,25.0
2011376,34.0
2011392,37.0
2011424,50.0
2011504,67.0
2011600,89.0
2011680,33.0
2011696,42.0
2011840,45.0
2011872,70.0
2011904,41.0
2012000,38.0
2012080,36.0
2012096,85.0
2012112,58.0
2012112,46.0
2012128,27.0
2012128,44.0
2012192,51.0
2012208,90.0
2012336,90.0
2012368,29.0
2012400,50.0
2012560,128.0
2012576,56.0
2012640,33.0
2012704,37.0
2012720,55.0
2012768,43.0
2012800,38.0
2012848,45.0
2012864,41.0
2012864,48.0
2012880,55.0
2012944,38.0
2012992,39.0
2012992,26.0
2013008,55.0
2013376,41.0
2013392,95.0
2013392,33.0
2013472,52.0
2013472,57.0
2013520,47.0
2013520,45.0
2013584,37.0
2013664,79.0
2013680,52.0
2013696,52.0
2013776,48.0
2013840,53.0
2013920,76.0
2013952,30.0
2013968,64.0
2013968,36.0
2014064,37.0
2014176,81.0
2014208,43.0
2014208,32.0
2014224,52.0
2014336,60.0
2014448,24.0
2014560,37.0
2014592,26.0
2014704,70.0
2014704,64.0
2014704,65.0
2014736,60.0
2014768,51.0
2014768,53.0
2014832,82.0
2014944,22.0
2015008,35.0
2015024,43.0
2015072,54.0
2015136,27.0
2015184,26.0
2015248,30.0
2015296,35.0
2015312,47.0
2015328,39.0
2015344,86.0
2015392,20.0
2015488,49.0
2015488,41.0
2015632,112.0
2015680,42.0
2015696,47.0
2015696,93.0
2015712,36.0
2015792,30.0
2015808,32.0
2015840,51.0
2015888,25.0
2015936,38.0
2015952,38.0
2015984,31.0
2016016,48.0
2016016,52.0
2016048,41.0
2016096,117.0
2016304,38.0
2016304,29.0
2016336,39.0
2016384,28.0
2016416,39.0
2016512,39.0
2016544,37.0
2016640,39.0
2016656,64.0
2016656,60.0
2016656,40.0
2016672,62.0
2016768,49.0
2016832,28.0
2016912,36.0
2017040,59.0
2017184,33.0
2017184,55.0
2017232,43.0
2017248,36.0
2017280,77.0
2017280,54.0
2017328,64.0
2017328,42.0
2017360,20.0
2017360,97.0
2017376,54.0
2017472,51.0
2017520,55.0
2017520,47.0
2017616,21.0
2017632,50.0
2017680,48.0
2017760,32.0
2017840,41.0
2017856,42.0
2017872,34.0
2017952,36.0
2017952,39.0
2018048,48.0
2018064,44.0
2018080,38.0
2018128,38.0
2018160,58.0
2018176,34.0
2018256,56.0
2018384,54.0
2018480,33.0
2018496,51.0
2018512,41.0
2018560,50.0
2018592,34.0
2018640,36.0
2018688,46.0
2018720,53.0
2018752,39.0
2018752,36.0
2018800,34.0
2018928,28.0
2018944,35.0
2019024,88.0
2019024,54.0
2019152,67.0
2019296,49.0
2019312,37.0
2019504,54.0
2019536,49.0
2019536,106.0
2019568,51.0
2019696,24.0
2019728,71.0
2019744,74.0
2019776,47.0
2019824,83.0
2019856,58.0
2019968,51.0
2020000,61.0
2020048,30.0
2020160,41.0
2020160,85.0
2020192,31.0
2020192,41.0
2020256,60.0
2020256,25.0
2020416,37.0
2020432,109.0
2020496,97.0
2020528,62.0
2020576,20.0
2020576,36.0
2020592,34.0
2020608,54.0
2020656,31.0
2020704,46.0
2020720,33.0
2020736,60.0
2020832,40.0
2020848,26.0
2020896,40.0
2021072,84.0
2021088,30.0
2021120,60.0
2021136,38.0
2021168,36.0
2021184,38.0
2021264,48.0
2021328,38.0
2021344,48.0
2021424,63.0
2021440,46.0
2021472,51.0
2021488,47.0
2021520,39.0
2021552,29.0
2021584,32.0
2021600,30.0
2021616,22.0
2021632,31.0
2021632,50.0
2021648,30.0
2021888,44.0
2021920,36.0
2021952,25.0
2021968,20.0
2022064,46.0
2022112,37.0
2022176,46.0
2022208,38.0
2022256,52.0
2022320,44.0
2022368,46.0
2022432,59.0
2022480,35.0
2022512,104.0
2022576,43.0
2022592,39.0
2022640,43.0
2022640,29.0
2022688,66.0
2022720,41.0
2022880,81.0
2022912,30.0
2022912,27.0
2023040,58.0
2023040,25.0
2023040,52.0
2023056,46.0
2023072,51.0
2023088,45.0
2023216,109.0
2023248,35.0
2023360,45.0
2023376,54.0
2023456,46.0
2023520,58.0
2023600,35.0
2023616,33.0
2023648,27.0
2023712,50.0
2023712,52.0
2023728,42.0
2023872,39.0
2023952,86.0
2023952,57.0
2023952,65.0
2023968,56.0
2024160,40.0
2024208,53.0
2024224,48.0
2024272,39.0
2024352,40.0
2024480,69.0
2024480,33.0
2024512,56.0
2024560,60.0
2024576,96.0
2024672,44.0
2024672,60.0
2024800,67.0
2024800,53.0
2024816,54.0
2024832,60.0
2024912,44.0
2024976,19.0
2025008,41.0
2025056,36.0
2025056,49.0
2025120,35.0
2025184,32.0
2025216,66.0
2025264,28.0
2025264,65.0
2025312,52.0
2025312,25.0
2025392,37.0
2025440,29.0
2025584,33.0
2025616,35.0
2025648,53.0
2025728,45.0
2025744,35.0
2025792,60.0
2025824,78.0
2025872,35.0
2025888,28.0
2025888,86.0
2025904,49.0
2026144,52.0
2026160,59.0
2026192,36.0
2026224,60.0
2026240,53.0
2026240,37.0
2026256,33.0
2026256,62.0
2026272,43.0
2026544,42.0
2026656,57.0
2026672,33.0
2026704,55.0
2026720,31.0
2026736,36.0
2026768,55.0
2026800,57.0
2026928,43.0
2026928,42.0
2026992,50.0
2027088,52.0
2027104,23.0
2027120,55.0
2027152,28.0
2027168,23.0
2027184,57.0
2027200,88.0
2027200,27.0
2027296,87.0
2027312,48.0
2027536,26.0
2027568,23.0
2027600,25.0
2027600,42.0
2027632,61.0
2027648,21.0
2027696,64.0
2027728,35.0
2027728,40.0
2027808,39.0
2028000,63.0
2028048,47.0
2028208,38.0
2028224,39.0
2028224,81.0
2028240,95.0
2028272,73.0
2028336,38.0
2028352,49.0
2028416,38.0
2028448,47.0
2028464,82.0
2028480,53.0
2028576,58.0
2028816,37.0
2028832,35.0
2028848,70.0
2028896,53.0
2028944,88.0
2029024,50.0
2029072,39.0
2029088,53.0
2029104,48.0
2029168,43.0
2029168,37.0
2029184,61.0
2029216,76.0
2029232,48.0
2029248,56.0
2029360,34.0
2029488,40.0
2029504,42.0
2029600,27.0
2029760,84.0
2029760,51.0
2029776,47.0
2029840,47.0
2029840,59.0
2029856,49.0
2030000,47.0
2030080,53.0
2030080,57.0
2030096,46.0
2030144,60.0
2030176,43.0
2030208,38.0
2030368,79.0
2030400,74.0
2030448,37.0
2030528,28.0
2030592,52.0
2030608,25.0
2030736,13.0
2030752,41.0
2030784,26.0
2030800,60.0
2030832,41.0
2030864,64.0
2030880,55.0
2030912,48.0
2030944,54.0
2030992,25.0
2031008,38.0
2031056,28.0
2031072,98.0
2031136,86.0
2031168,26.0
2031264,27.0
2031344,98.0
2031376,36.0
2031488,39.0
2031504,37.0
2031536,41.0
2031536,50.0
