Timestep,Reward
144,9.0
160,10.0
176,11.0
192,12.0
192,12.0
208,13.0
240,15.0
256,16.0
288,18.0
304,19.0
336,21.0
336,21.0
368,14.0
368,23.0
416,16.0
416,14.0
416,26.0
432,15.0
480,12.0
512,17.0
528,33.0
544,11.0
544,13.0
560,9.0
560,24.0
576,10.0
576,13.0
656,28.0
656,25.0
688,13.0
688,10.0
720,11.0
752,11.0
784,30.0
800,23.0
832,17.0
848,17.0
880,29.0
912,16.0
912,22.0
928,24.0
960,60.0
976,11.0
976,40.0
992,19.0
1008,10.0
1040,16.0
1088,27.0
1120,27.0
1152,20.0
1184,11.0
1232,17.0
1232,30.0
1248,13.0
1264,17.0
1280,19.0
1296,36.0
1296,26.0
1312,50.0
1360,17.0
1424,32.0
1456,19.0
1488,12.0
1488,32.0
1488,14.0
1520,25.0
1536,11.0
1536,19.0
1568,40.0
1584,42.0
1616,20.0
1616,19.0
1616,21.0
1648,25.0
1648,14.0
1664,11.0
1696,32.0
1760,15.0
1760,11.0
1792,19.0
1808,17.0
1840,17.0
1872,21.0
1872,11.0
1888,41.0
1904,16.0
1904,18.0
1920,29.0
1936,20.0
1936,28.0
1936,20.0
1984,12.0
1984,14.0
2000,21.0
2016,13.0
2048,13.0
2096,12.0
2096,28.0
2096,14.0
2112,22.0
2128,14.0
2176,15.0
2224,18.0
2272,11.0
2288,22.0
2320,27.0
2352,16.0
2368,17.0
2368,31.0
2384,25.0
2400,14.0
2416,25.0
2448,20.0
2512,32.0
2528,13.0
2528,34.0
2544,11.0
2560,17.0
2624,17.0
2624,13.0
2624,36.0
2640,15.0
2640,23.0
2672,19.0
2752,14.0
2752,33.0
2768,20.0
2784,25.0
2816,19.0
2848,58.0
2848,19.0
2880,48.0
2896,16.0
2912,9.0
2912,10.0
2928,16.0
3008,16.0
3040,26.0
3040,10.0
3088,15.0
3104,29.0
3120,17.0
3120,13.0
3168,15.0
3232,20.0
3264,30.0
3328,15.0
3344,21.0
3360,20.0
3440,51.0
3456,21.0
3472,19.0
3488,28.0
3488,14.0
3504,25.0
3536,11.0
3568,42.0
3584,60.0
3600,65.0
3632,32.0
3664,10.0
3680,72.0
3696,23.0
3712,16.0
3728,57.0
3744,11.0
3792,28.0
3792,19.0
3792,20.0
3808,17.0
3808,13.0
3824,24.0
3824,12.0
3856,23.0
3856,11.0
3904,15.0
3936,44.0
3952,14.0
4016,14.0
4048,15.0
4064,15.0
4080,14.0
4096,32.0
4176,8.0
4176,20.0
4224,27.0
4272,30.0
4272,29.0
4288,37.0
4320,19.0
4368,39.0
4384,18.0
4384,35.0
4384,10.0
4384,28.0
4384,27.0
4464,35.0
4496,20.0
4496,11.0
4528,29.0
4560,30.0
4576,12.0
4592,14.0
4640,16.0
4640,23.0
4672,24.0
4672,11.0
4688,32.0
4704,20.0
4736,22.0
4768,13.0
4784,25.0
4800,33.0
4800,19.0
4864,11.0
4880,15.0
4928,22.0
4944,15.0
4960,20.0
4976,11.0
5008,81.0
5056,37.0
5056,24.0
5104,23.0
5104,19.0
5152,30.0
5152,23.0
5168,12.0
5184,15.0
5216,28.0
5232,17.0
5264,24.0
5296,23.0
5328,17.0
5344,21.0
5360,52.0
5360,11.0
5392,18.0
5408,34.0
5424,13.0
5440,17.0
5472,26.0
5472,15.0
5504,15.0
5520,23.0
5520,11.0
5552,16.0
5568,10.0
5584,14.0
5632,65.0
5664,32.0
5680,10.0
5680,22.0
5696,14.0
5712,15.0
5728,13.0
5728,11.0
5744,20.0
5744,15.0
5792,27.0
5904,12.0
5936,13.0
5968,18.0
5968,36.0
5968,14.0
6000,56.0
6016,21.0
6016,18.0
6032,21.0
6048,19.0
6064,31.0
6096,10.0
6112,42.0
6112,33.0
6192,14.0
6208,19.0
6208,15.0
6224,13.0
6256,9.0
6256,37.0
6320,33.0
6336,14.0
6384,21.0
6384,20.0
6416,10.0
6496,29.0
6528,21.0
6528,20.0
6544,14.0
6592,37.0
6608,37.0
6624,18.0
6656,64.0
6656,10.0
6672,18.0
6688,45.0
6688,17.0
6704,20.0
6704,28.0
6736,40.0
6784,15.0
6816,13.0
6816,18.0
6848,20.0
6864,41.0
6880,12.0
6880,14.0
6928,16.0
6944,13.0
6976,18.0
6992,18.0
7008,12.0
7040,28.0
7056,17.0
7072,13.0
7136,18.0
7232,38.0
7248,19.0
7248,15.0
7296,23.0
7312,21.0
7312,17.0
7312,68.0
7344,17.0
7344,29.0
7408,37.0
7424,11.0
7440,19.0
7456,25.0
7488,12.0
7520,40.0
7536,12.0
7552,15.0
7568,14.0
7584,11.0
7584,37.0
7616,12.0
7616,60.0
7664,14.0
7696,11.0
7744,11.0
7744,16.0
7776,14.0
7792,11.0
7808,31.0
7808,22.0
7888,12.0
7888,74.0
7904,41.0
7920,11.0
7968,10.0
7984,13.0
8032,31.0
8048,29.0
8064,30.0
8064,16.0
8144,25.0
8144,16.0
8160,11.0
8160,53.0
8176,18.0
8176,32.0
8240,13.0
8272,41.0
8304,16.0
8304,32.0
8320,11.0
8320,10.0
8368,12.0
8384,72.0
8384,20.0
8416,16.0
8416,28.0
8432,23.0
8464,20.0
8496,16.0
8544,23.0
8608,19.0
8624,12.0
8624,13.0
8656,21.0
8656,46.0
8656,18.0
8672,18.0
8672,16.0
8672,11.0
8704,25.0
8720,28.0
8752,13.0
8768,10.0
8816,27.0
8832,13.0
8864,13.0
8864,13.0
8880,13.0
8896,14.0
8928,17.0
8944,30.0
8976,19.0
9040,11.0
9040,26.0
9072,11.0
9136,26.0
9152,25.0
9152,11.0
9184,16.0
9216,24.0
9248,11.0
9280,26.0
9312,62.0
9328,89.0
9328,11.0
9344,29.0
9360,34.0
9408,23.0
9408,10.0
9456,32.0
9472,16.0
9472,12.0
9520,21.0
9520,30.0
9568,13.0
9600,9.0
9616,13.0
9616,30.0
9632,19.0
9632,10.0
9648,31.0
9680,10.0
9712,24.0
9728,10.0
9728,13.0
9744,17.0
9744,27.0
9760,10.0
9792,10.0
9824,12.0
9824,70.0
9840,67.0
9872,29.0
9888,34.0
9888,13.0
9888,17.0
9888,10.0
9904,16.0
9920,11.0
9984,17.0
10032,18.0
10048,13.0
10064,15.0
10096,13.0
10144,14.0
10144,33.0
10160,17.0
10160,21.0
10208,11.0
10224,27.0
10240,11.0
10240,23.0
10288,25.0
10304,20.0
10336,12.0
10352,19.0
10368,13.0
10368,29.0
10464,10.0
10464,20.0
10480,24.0
10496,16.0
10512,17.0
10544,16.0
10576,14.0
10624,18.0
10624,46.0
10640,11.0
10656,58.0
10704,59.0
10704,34.0
10768,25.0
10768,14.0
10768,16.0
10784,36.0
10784,20.0
10832,22.0
10832,16.0
10864,13.0
10880,41.0
10896,12.0
10928,14.0
10960,11.0
10976,13.0
10992,23.0
11008,14.0
11008,32.0
11024,12.0
11056,12.0
11072,28.0
11120,30.0
11120,15.0
11200,19.0
11216,14.0
11264,27.0
11296,23.0
11312,34.0
11312,21.0
11312,19.0
11328,17.0
11328,13.0
11328,13.0
11344,21.0
11344,17.0
11360,37.0
11392,27.0
11392,23.0
11424,66.0
11504,9.0
11520,19.0
11568,16.0
11600,13.0
11632,15.0
11648,21.0
11696,23.0
11712,24.0
11712,23.0
11744,15.0
11776,29.0
11792,17.0
11888,12.0
11888,43.0
11936,19.0
11952,41.0
11968,20.0
11968,44.0
11984,24.0
12016,15.0
12032,44.0
12080,18.0
12080,12.0
12112,25.0
12112,11.0
12160,17.0
12192,11.0
12192,15.0
12224,50.0
12240,13.0
12256,32.0
12288,11.0
12304,21.0
12352,15.0
12352,24.0
12400,20.0
12416,14.0
12448,13.0
12464,19.0
12496,26.0
12496,32.0
12528,74.0
12544,22.0
12576,54.0
12592,15.0
12656,16.0
12704,26.0
12704,25.0
12752,16.0
12752,33.0
12752,21.0
12752,13.0
12800,19.0
12848,37.0
12896,34.0
12896,12.0
12896,20.0
12896,28.0
12896,12.0
12912,10.0
12960,13.0
12976,88.0
12992,33.0
13040,18.0
13040,24.0
13088,31.0
13104,19.0
13104,13.0
13120,14.0
13136,14.0
13136,9.0
13232,44.0
13232,24.0
13248,17.0
13280,15.0
13312,26.0
13312,22.0
13408,32.0
13408,18.0
13408,19.0
13408,41.0
13424,24.0
13504,38.0
13520,18.0
13584,11.0
13632,14.0
13680,23.0
13680,36.0
13680,27.0
13744,27.0
13808,24.0
13808,36.0
13824,26.0
13840,21.0
13856,45.0
13888,50.0
13904,14.0
13920,32.0
13968,52.0
13968,28.0
14032,18.0
14048,48.0
14112,27.0
14112,14.0
14128,19.0
14144,21.0
14160,36.0
14176,21.0
14288,11.0
14288,10.0
14336,27.0
14336,23.0
14336,23.0
14352,15.0
14368,12.0
14400,15.0
14416,49.0
14448,26.0
14512,10.0
14528,45.0
14592,12.0
14608,20.0
14624,18.0
14640,60.0
14656,15.0
14736,25.0
14736,37.0
14768,15.0
14768,16.0
14784,12.0
14784,26.0
14800,29.0
14816,23.0
14816,11.0
14832,49.0
14880,60.0
14880,37.0
14896,10.0
14928,17.0
14960,69.0
14976,12.0
14976,23.0
14992,14.0
15008,15.0
15008,14.0
15008,24.0
15056,15.0
15072,17.0
15152,17.0
15184,11.0
15184,28.0
15216,24.0
15232,21.0
15232,15.0
15248,18.0
15264,16.0
15264,12.0
15296,30.0
15344,23.0
15392,29.0
15408,16.0
15408,27.0
15408,22.0
15440,35.0
15456,28.0
15456,15.0
15456,14.0
15456,17.0
15552,13.0
15552,19.0
15568,19.0
15568,8.0
15584,25.0
15584,12.0
15616,10.0
15616,13.0
15632,11.0
15648,12.0
15648,24.0
15712,16.0
15776,13.0
15776,23.0
15808,12.0
15856,15.0
15888,21.0
15888,41.0
15936,24.0
15984,21.0
16016,27.0
16016,27.0
16032,46.0
16048,40.0
16096,28.0
16096,13.0
16144,21.0
16176,18.0
16176,9.0
16192,21.0
16208,12.0
16224,18.0
16256,30.0
16304,16.0
16320,14.0
16352,13.0
16368,24.0
16416,20.0
16448,27.0
16448,16.0
16464,18.0
16544,23.0
16592,14.0
16608,25.0
16608,24.0
16640,20.0
16656,19.0
16672,65.0
16672,69.0
16688,15.0
16752,65.0
16768,62.0
16800,22.0
16816,17.0
16848,15.0
16848,13.0
16864,38.0
16880,26.0
16896,18.0
16928,16.0
16960,18.0
17024,45.0
17056,13.0
17072,20.0
17072,41.0
17072,16.0
17088,10.0
17120,10.0
17184,33.0
17200,32.0
17232,27.0
17296,25.0
17312,15.0
17376,38.0
17376,20.0
17392,33.0
17392,23.0
17472,11.0
17488,25.0
17504,41.0
17504,20.0
17520,13.0
17536,19.0
17584,32.0
17600,63.0
17648,16.0
17680,18.0
17680,10.0
17712,32.0
17712,14.0
17728,38.0
17744,9.0
17792,45.0
17824,28.0
17872,62.0
17904,16.0
17904,27.0
17904,14.0
17952,28.0
18048,42.0
18048,21.0
18128,39.0
18128,16.0
18144,15.0
18160,16.0
18160,36.0
18192,29.0
18208,10.0
18224,17.0
18256,34.0
18272,23.0
18288,34.0
18352,13.0
18368,43.0
18368,15.0
18384,53.0
18400,12.0
18416,23.0
18432,38.0
18448,14.0
18448,41.0
18496,21.0
18528,10.0
18544,24.0
18592,20.0
18608,16.0
18624,27.0
18640,16.0
18640,14.0
18656,33.0
18656,18.0
18704,16.0
18752,14.0
18768,30.0
18768,10.0
18800,16.0
18848,14.0
18864,27.0
18880,27.0
18896,12.0
18912,32.0
18928,17.0
18944,22.0
18944,28.0
19008,10.0
19024,23.0
19056,50.0
19072,19.0
19072,11.0
19072,20.0
19088,28.0
19088,11.0
19088,10.0
19152,32.0
19184,10.0
19232,14.0
19248,19.0
19280,25.0
19312,28.0
19312,15.0
19312,14.0
19328,15.0
19328,17.0
19328,33.0
19408,40.0
19408,14.0
19408,29.0
19440,23.0
19440,10.0
19488,25.0
19504,27.0
19520,13.0
19584,17.0
19616,18.0
19648,20.0
19664,11.0
19680,17.0
19680,17.0
19696,16.0
19744,32.0
19760,20.0
19824,36.0
19856,12.0
19872,22.0
19920,32.0
19920,17.0
19936,39.0
19952,16.0
20032,28.0
20032,18.0
20032,55.0
20064,15.0
20096,37.0
20112,27.0
20128,13.0
20224,22.0
20240,18.0
20256,20.0
20272,15.0
20272,15.0
20288,60.0
20288,27.0
20304,11.0
20368,43.0
20432,10.0
20432,13.0
20448,24.0
20448,22.0
20448,43.0
20464,27.0
20464,12.0
20496,13.0
20560,19.0
20560,20.0
20560,16.0
20576,29.0
20592,42.0
20672,19.0
20688,16.0
20688,15.0
20688,67.0
20720,10.0
20736,19.0
20736,17.0
20784,14.0
20816,23.0
20928,15.0
20928,21.0
20928,30.0
20928,23.0
20960,14.0
20960,24.0
20992,17.0
20992,16.0
21008,12.0
21008,21.0
21040,34.0
21072,24.0
21072,18.0
21136,28.0
21152,12.0
21200,17.0
21232,17.0
21248,20.0
21264,17.0
21296,14.0
21328,16.0
21328,20.0
21360,23.0
21360,27.0
21360,56.0
21376,23.0
21392,69.0
21392,12.0
21408,23.0
21408,16.0
21440,12.0
21504,15.0
21536,11.0
21552,11.0
21552,12.0
21616,13.0
21616,24.0
21616,18.0
21648,16.0
21664,19.0
21680,34.0
21680,22.0
21680,15.0
21776,14.0
21792,54.0
21808,12.0
21824,13.0
21824,20.0
21840,18.0
21856,11.0
21872,14.0
21888,13.0
21888,17.0
21920,24.0
21952,17.0
21968,42.0
21968,10.0
22000,37.0
22000,14.0
22032,13.0
22096,17.0
22144,17.0
22144,18.0
22176,18.0
22192,12.0
22192,14.0
22240,22.0
22240,53.0
22240,13.0
22272,30.0
22304,13.0
22304,19.0
22304,22.0
22400,13.0
22416,17.0
22432,15.0
22464,12.0
22464,14.0
22464,34.0
22464,14.0
22544,44.0
22560,16.0
22576,17.0
22592,12.0
22592,26.0
22640,25.0
22640,11.0
22656,14.0
22656,62.0
22704,15.0
22736,11.0
22768,39.0
22800,13.0
22800,10.0
22816,17.0
22848,24.0
22864,35.0
22880,26.0
22912,16.0
22976,24.0
22976,17.0
22976,21.0
22976,20.0
23024,38.0
23024,10.0
23040,67.0
23056,11.0
23056,18.0
23072,17.0
23168,20.0
23184,28.0
23200,25.0
23232,11.0
23248,14.0
23264,14.0
23296,24.0
23312,21.0
23328,17.0
23328,47.0
23344,23.0
23360,10.0
23360,18.0
23376,13.0
23392,9.0
23408,27.0
23424,38.0
23456,14.0
23472,28.0
23568,15.0
23584,25.0
23584,20.0
23600,15.0
23616,16.0
23680,14.0
23696,19.0
23760,21.0
23760,49.0
23808,15.0
23824,14.0
23856,35.0
23872,35.0
23888,35.0
23904,9.0
23920,14.0
23936,35.0
23952,30.0
23952,21.0
23968,9.0
24096,32.0
24112,15.0
24128,45.0
24128,34.0
24144,16.0
24176,20.0
24192,27.0
24192,14.0
24256,21.0
24272,29.0
24352,14.0
24368,12.0
24368,27.0
24384,27.0
24384,18.0
24432,15.0
24464,20.0
24496,14.0
24496,24.0
24528,11.0
24528,36.0
24544,54.0
24544,26.0
24560,12.0
24576,12.0
24576,9.0
24576,42.0
24592,25.0
24704,10.0
24704,15.0
24752,14.0
24784,18.0
24800,14.0
24816,16.0
24832,28.0
24880,22.0
24928,11.0
24976,25.0
24976,12.0
24992,10.0
25008,40.0
25024,20.0
25040,15.0
25040,31.0
25072,12.0
25072,16.0
25120,26.0
25120,54.0
25152,36.0
25168,36.0
25184,43.0
25216,18.0
25232,12.0
25376,21.0
25376,127.0
25392,23.0
25440,29.0
25456,24.0
25456,18.0
25456,17.0
25472,22.0
25504,31.0
25520,34.0
25536,10.0
25552,25.0
25552,20.0
25568,22.0
25616,10.0
25648,12.0
25664,42.0
25712,10.0
25728,21.0
25728,22.0
25728,17.0
25776,17.0
25776,13.0
25808,10.0
25808,21.0
25840,19.0
25856,15.0
25872,20.0
25888,14.0
25920,12.0
25952,15.0
26000,14.0
26016,13.0
26032,16.0
26064,16.0
26064,12.0
26096,61.0
26160,27.0
26176,20.0
26208,11.0
26224,49.0
26256,21.0
26256,19.0
26256,16.0
26288,48.0
26304,9.0
26320,30.0
26352,16.0
26368,19.0
26400,32.0
26400,24.0
26416,12.0
26416,84.0
26464,46.0
26480,14.0
26480,14.0
26528,11.0
26544,23.0
26592,14.0
26592,12.0
26608,20.0
26608,18.0
26640,15.0
26640,14.0
26640,36.0
26672,16.0
26800,10.0
26832,39.0
26832,22.0
26832,33.0
26848,15.0
26864,25.0
26880,13.0
26880,21.0
26944,19.0
26944,22.0
26960,23.0
26976,28.0
26992,24.0
26992,10.0
27040,49.0
27056,11.0
27088,14.0
27120,20.0
27136,19.0
27136,31.0
27152,17.0
27200,45.0
27216,10.0
27216,11.0
27232,18.0
27248,16.0
27248,18.0
27248,16.0
27296,11.0
27296,20.0
27296,9.0
27344,13.0
27376,18.0
27392,10.0
27392,16.0
27472,11.0
27472,14.0
27488,17.0
27504,35.0
27536,20.0
27552,19.0
27552,44.0
27568,46.0
27568,11.0
27584,18.0
27616,9.0
27648,25.0
27680,30.0
27696,19.0
27712,9.0
27712,23.0
27728,11.0
27728,14.0
27792,11.0
27792,20.0
27808,27.0
27840,34.0
27888,25.0
27904,21.0
27920,14.0
27920,23.0
27936,14.0
27952,19.0
27952,23.0
27968,27.0
28000,17.0
28032,20.0
28048,15.0
28080,12.0
28144,14.0
28144,14.0
28144,15.0
28144,19.0
28160,23.0
28192,32.0
28192,10.0
28208,16.0
28256,33.0
28272,19.0
28304,10.0
28320,15.0
28336,34.0
28352,19.0
28352,22.0
28368,26.0
28368,11.0
28416,13.0
28528,24.0
28528,10.0
28592,25.0
28592,20.0
28608,42.0
28624,16.0
28656,22.0
28672,22.0
28688,33.0
28688,34.0
28720,23.0
28736,24.0
28752,10.0
28752,38.0
28800,13.0
28816,8.0
28816,18.0
28832,19.0
28832,36.0
28880,12.0
28896,30.0
29008,12.0
29040,24.0
29088,30.0
29104,48.0
29104,14.0
29120,14.0
29152,33.0
29152,20.0
29184,28.0
29200,10.0
29216,29.0
29216,31.0
29296,29.0
29312,12.0
29328,14.0
29344,34.0
29408,41.0
29408,46.0
29456,28.0
29488,19.0
29488,11.0
29488,42.0
29504,13.0
29504,19.0
29568,15.0
29616,33.0
29648,34.0
29648,10.0
29696,12.0
29712,31.0
29744,15.0
29744,37.0
29776,10.0
29792,40.0
29824,26.0
29840,17.0
29856,13.0
29856,40.0
29904,26.0
29936,18.0
29936,12.0
29952,34.0
30000,41.0
30000,18.0
30016,20.0
30032,15.0
30064,13.0
30080,37.0
30112,41.0
30112,10.0
30128,18.0
30176,17.0
30224,25.0
30224,14.0
30240,14.0
30240,15.0
30256,30.0
30288,13.0
30288,22.0
30320,16.0
30352,26.0
30368,16.0
30368,16.0
30400,11.0
30400,9.0
30416,11.0
30416,24.0
30464,45.0
30480,22.0
30496,11.0
30496,40.0
30512,21.0
30528,19.0
30528,11.0
30560,17.0
30576,11.0
30592,14.0
30608,13.0
30640,10.0
30720,19.0
30752,18.0
30768,33.0
30816,19.0
30832,34.0
30864,17.0
30880,22.0
30912,19.0
30976,30.0
30992,22.0
31040,17.0
31040,14.0
31040,32.0
31072,32.0
31088,13.0
31104,17.0
31232,10.0
31232,12.0
31264,34.0
31264,14.0
31280,57.0
31296,34.0
31312,17.0
31328,29.0
31344,22.0
31376,29.0
31440,29.0
31440,22.0
31456,14.0
31456,22.0
31456,12.0
31456,14.0
31520,12.0
31552,18.0
31568,12.0
31584,15.0
31616,11.0
31632,22.0
31632,21.0
31664,73.0
31664,13.0
31680,15.0
31728,17.0
31760,74.0
31776,14.0
31808,15.0
31808,87.0
31824,10.0
31888,23.0
31888,36.0
31968,24.0
31968,21.0
31968,10.0
32000,15.0
32016,35.0
32048,20.0
32064,18.0
32128,42.0
32144,33.0
32160,21.0
32160,30.0
32176,18.0
32176,18.0
32192,14.0
32208,36.0
32224,16.0
32304,18.0
32304,21.0
32320,41.0
32368,19.0
32384,10.0
32416,15.0
32416,23.0
32416,26.0
32432,39.0
32448,15.0
32464,21.0
32480,20.0
32544,15.0
32624,13.0
32640,14.0
32656,13.0
32656,32.0
32704,21.0
32720,18.0
32736,36.0
32768,24.0
32816,32.0
32864,20.0
32880,29.0
32896,15.0
32896,36.0
32912,11.0
32992,21.0
33008,19.0
33024,10.0
33104,58.0
33120,15.0
33152,33.0
33184,18.0
33216,19.0
33232,65.0
33280,29.0
33296,18.0
33344,12.0
33360,55.0
33360,23.0
33360,15.0
33456,27.0
33488,19.0
33488,53.0
33520,19.0
33552,49.0
33584,43.0
33600,15.0
33648,58.0
33648,18.0
33664,20.0
33712,27.0
33728,39.0
33760,17.0
33792,31.0
33808,22.0
33824,85.0
33872,32.0
33904,16.0
33952,25.0
33952,22.0
33968,30.0
33968,15.0
33984,25.0
34080,27.0
34160,12.0
34176,24.0
34176,14.0
34368,41.0
34384,19.0
34384,45.0
34416,32.0
34448,76.0
34480,38.0
34496,33.0
34528,48.0
34544,37.0
34544,46.0
34576,12.0
34608,14.0
34704,21.0
34704,10.0
34784,21.0
34816,17.0
34896,18.0
34944,23.0
34960,50.0
34992,31.0
34992,92.0
35008,19.0
35024,15.0
35056,36.0
35088,42.0
35104,25.0
35136,15.0
35184,23.0
35200,64.0
35200,76.0
35232,44.0
35264,17.0
35264,68.0
35280,20.0
35296,19.0
35376,11.0
35408,17.0
35424,23.0
35440,22.0
35456,12.0
35520,21.0
35536,32.0
35568,9.0
35568,17.0
35584,19.0
35616,13.0
35680,42.0
35728,31.0
35728,29.0
35792,43.0
35840,25.0
35840,24.0
35936,26.0
36000,27.0
36000,13.0
36000,29.0
36032,138.0
36064,30.0
36096,26.0
36096,23.0
36112,57.0
36144,13.0
36144,19.0
36224,24.0
36224,53.0
36256,16.0
36272,15.0
36288,35.0
36320,47.0
36352,13.0
36368,47.0
36368,19.0
36416,20.0
36416,20.0
36416,26.0
36480,14.0
36528,15.0
36560,15.0
36576,13.0
36592,23.0
36608,104.0
36624,32.0
36640,14.0
36672,33.0
36752,12.0
36784,49.0
36800,24.0
36832,22.0
36848,36.0
36864,31.0
36864,21.0
36864,40.0
36896,16.0
36928,20.0
37024,25.0
37040,12.0
37072,15.0
37104,33.0
37200,21.0
37200,49.0
37216,22.0
37280,13.0
37296,44.0
37312,24.0
37328,36.0
37328,19.0
37344,28.0
37376,11.0
37376,21.0
37408,13.0
37504,11.0
37504,44.0
37520,41.0
37536,54.0
37536,74.0
37552,21.0
37568,18.0
37648,54.0
37696,11.0
37696,23.0
37728,12.0
37728,20.0
37744,12.0
37808,31.0
37856,30.0
37872,21.0
37920,12.0
37952,28.0
37984,18.0
37984,43.0
37984,16.0
38032,29.0
38096,28.0
38112,16.0
38144,48.0
38160,26.0
38176,12.0
38208,54.0
38224,12.0
38256,47.0
38288,19.0
38320,39.0
38320,21.0
38368,26.0
38368,13.0
38448,15.0
38464,85.0
38512,18.0
38528,22.0
38528,10.0
38560,43.0
38560,17.0
38592,17.0
38720,29.0
38784,17.0
38784,26.0
38832,64.0
38864,19.0
38896,47.0
38928,25.0
38944,39.0
38960,15.0
38960,11.0
38960,25.0
38992,56.0
39040,70.0
39104,17.0
39104,36.0
39136,17.0
39136,43.0
39168,44.0
39232,19.0
39296,74.0
39296,19.0
39376,21.0
39408,39.0
39424,29.0
39456,35.0
39488,56.0
39568,21.0
39584,18.0
39616,28.0
39680,34.0
39696,47.0
39712,38.0
39840,55.0
39856,18.0
39872,57.0
39920,21.0
39920,27.0
39952,53.0
40000,37.0
40032,26.0
40048,13.0
40064,48.0
40144,48.0
40176,16.0
40192,32.0
40208,16.0
40224,19.0
40224,23.0
40224,48.0
40240,13.0
40288,36.0
40352,22.0
40384,12.0
40384,21.0
40448,15.0
40448,24.0
40480,38.0
40480,84.0
40480,66.0
40512,17.0
40560,13.0
40560,11.0
40608,29.0
40624,28.0
40688,15.0
40688,13.0
40720,64.0
40736,28.0
40784,35.0
40880,17.0
40928,23.0
40960,17.0
40992,48.0
41008,35.0
41024,25.0
41024,34.0
41024,32.0
41056,17.0
41072,53.0
41104,45.0
41168,30.0
41184,10.0
41200,20.0
41216,10.0
41216,41.0
41312,37.0
41312,22.0
41408,19.0
41440,16.0
41568,36.0
41616,37.0
41648,73.0
41648,57.0
41728,18.0
41744,36.0
41760,46.0
41776,10.0
41792,14.0
41856,49.0
41856,28.0
41872,35.0
41936,58.0
42016,23.0
42048,25.0
42112,16.0
42112,23.0
42128,57.0
42176,25.0
42272,67.0
42288,67.0
42288,15.0
42304,27.0
42320,24.0
42320,87.0
42448,41.0
42496,11.0
42512,47.0
42528,14.0
42528,50.0
42560,17.0
42592,80.0
42656,30.0
42688,11.0
42704,11.0
42704,37.0
42704,37.0
42736,18.0
42752,56.0
42768,30.0
42800,13.0
42848,12.0
42880,11.0
42976,26.0
43008,30.0
43024,18.0
43072,20.0
43104,14.0
43136,10.0
43152,55.0
43184,30.0
43200,12.0
43200,74.0
43232,29.0
43264,10.0
43296,38.0
43296,17.0
43312,51.0
43424,45.0
43472,84.0
43488,26.0
43504,23.0
43520,42.0
43536,46.0
43568,26.0
43584,79.0
43600,26.0
43600,11.0
43616,20.0
43680,24.0
43696,24.0
43728,33.0
43728,16.0
43776,34.0
43776,32.0
43776,36.0
43792,11.0
43808,14.0
43808,15.0
43840,15.0
43968,18.0
44000,31.0
44016,20.0
44048,17.0
44144,22.0
44160,22.0
44192,41.0
44192,14.0
44208,30.0
44256,33.0
44256,30.0
44272,31.0
44288,15.0
44384,24.0
44384,23.0
44400,55.0
44400,12.0
44448,40.0
44480,13.0
44480,62.0
44496,15.0
44496,22.0
44512,57.0
44544,10.0
44544,24.0
44576,24.0
44592,25.0
44592,13.0
44608,20.0
44640,12.0
44704,14.0
44720,15.0
44752,13.0
44784,24.0
44880,18.0
44944,19.0
44960,29.0
44960,28.0
45008,25.0
45008,14.0
45040,49.0
45072,36.0
45088,13.0
45136,27.0
45152,36.0
45152,35.0
45216,31.0
45216,29.0
45280,46.0
45296,22.0
45376,19.0
45392,16.0
45408,16.0
45456,15.0
45472,24.0
45472,67.0
45536,36.0
45552,16.0
45568,12.0
45568,10.0
45568,18.0
45600,28.0
45632,15.0
45664,41.0
45680,115.0
45696,14.0
45728,16.0
45792,14.0
45808,53.0
45840,18.0
45872,17.0
45872,13.0
45904,14.0
45936,25.0
45936,45.0
45968,17.0
45984,12.0
45984,33.0
46032,25.0
46080,13.0
46128,35.0
46208,40.0
46288,20.0
46288,19.0
46320,18.0
46368,29.0
46384,28.0
46432,87.0
46432,22.0
46480,22.0
46496,35.0
46496,41.0
46512,12.0
46512,33.0
46608,50.0
46608,25.0
46624,21.0
46672,24.0
46736,14.0
46752,16.0
46768,21.0
46768,21.0
46816,68.0
46816,59.0
46864,22.0
46880,25.0
46992,124.0
46992,11.0
47008,12.0
47072,19.0
47088,26.0
47152,49.0
47152,10.0
47168,35.0
47216,29.0
47216,52.0
47280,42.0
47280,34.0
47360,18.0
47376,10.0
47408,57.0
47440,22.0
47440,14.0
47472,30.0
47488,21.0
47536,33.0
47552,17.0
47568,26.0
47616,46.0
47648,30.0
47664,24.0
47696,52.0
47744,16.0
47792,73.0
47792,22.0
47824,22.0
47856,26.0
47856,20.0
47888,20.0
47936,73.0
47968,35.0
48000,39.0
48080,18.0
48096,46.0
48128,27.0
48160,19.0
48176,24.0
48208,15.0
48224,42.0
48224,36.0
48288,18.0
48384,45.0
48496,40.0
48496,17.0
48560,42.0
48576,31.0
48592,29.0
48656,65.0
48720,21.0
48752,29.0
48784,60.0
48800,14.0
48816,67.0
48848,40.0
48848,16.0
48912,10.0
48928,23.0
48944,63.0
48976,55.0
48976,30.0
49008,22.0
49024,11.0
49040,55.0
49040,54.0
49104,38.0
49120,13.0
49184,16.0
49200,30.0
49232,24.0
49248,17.0
49312,19.0
49328,18.0
49392,23.0
49392,37.0
49440,29.0
49456,17.0
49488,44.0
49504,17.0
49520,81.0
49552,27.0
49552,28.0
49552,19.0
49552,46.0
49568,11.0
49648,38.0
49648,44.0
49680,11.0
49696,23.0
49776,16.0
49776,20.0
49776,36.0
49872,35.0
49888,21.0
49904,21.0
49952,25.0
50016,15.0
50032,24.0
50048,17.0
50096,34.0
50112,45.0
50144,31.0
50160,16.0
50192,31.0
50208,48.0
50240,35.0
50336,28.0
50384,52.0
50384,56.0
50448,25.0
50448,21.0
50464,27.0
50496,21.0
50496,34.0
50544,42.0
50560,11.0
50560,20.0
50688,14.0
50720,21.0
50752,16.0
50800,22.0
50800,22.0
50816,16.0
50816,42.0
50832,39.0
50832,18.0
50832,66.0
50848,52.0
50880,43.0
50880,12.0
50896,50.0
50912,36.0
51008,32.0
51056,16.0
51152,22.0
51168,16.0
51184,39.0
51200,12.0
51264,28.0
51264,13.0
51328,9.0
51344,29.0
51360,30.0
51456,40.0
51504,15.0
51504,21.0
51552,45.0
51584,47.0
51584,46.0
51616,56.0
51632,19.0
51648,24.0
51664,29.0
51680,53.0
51696,22.0
51744,10.0
51760,54.0
51920,48.0
51952,28.0
51968,18.0
51968,38.0
51984,15.0
52000,23.0
52016,25.0
52080,36.0
52096,21.0
52112,85.0
52160,31.0
52208,13.0
52208,35.0
52208,41.0
52224,16.0
52224,15.0
52240,18.0
52256,10.0
52368,57.0
52368,28.0
52400,18.0
52448,15.0
52464,28.0
52480,20.0
52496,50.0
52512,18.0
52528,28.0
52528,35.0
52576,22.0
52672,14.0
52688,27.0
52704,11.0
52720,15.0
52736,31.0
52800,76.0
52800,19.0
52800,18.0
52864,41.0
52880,26.0
52880,32.0
52944,23.0
52944,17.0
52976,38.0
52992,29.0
53008,19.0
53008,38.0
53024,21.0
53072,22.0
53088,14.0
53120,24.0
53136,21.0
53136,21.0
53184,15.0
53200,20.0
53264,18.0
53328,70.0
53328,33.0
53376,24.0
53376,23.0
53392,28.0
53392,19.0
53392,13.0
53472,28.0
53488,14.0
53504,11.0
53520,32.0
53520,25.0
53568,27.0
53584,12.0
53616,18.0
53616,30.0
53648,16.0
53696,31.0
53792,26.0
53792,13.0
53824,47.0
53872,30.0
53872,62.0
53920,34.0
53936,20.0
53952,27.0
53984,30.0
53984,26.0
54016,12.0
54096,36.0
54112,20.0
54112,39.0
54192,20.0
54240,23.0
54256,21.0
54288,21.0
54304,12.0
54368,27.0
54368,11.0
54384,57.0
54400,47.0
54416,10.0
54432,40.0
54432,46.0
54464,23.0
54496,13.0
54512,17.0
54592,10.0
54592,38.0
54640,11.0
54640,17.0
54736,27.0
54752,20.0
54752,46.0
54784,18.0
54800,26.0
54832,15.0
54832,53.0
54896,19.0
54928,82.0
54976,36.0
55040,18.0
55072,17.0
55088,28.0
55088,16.0
55088,19.0
55200,29.0
55200,28.0
55248,52.0
55264,72.0
55264,21.0
55280,48.0
55312,21.0
55344,61.0
55344,28.0
55424,14.0
55424,22.0
55456,23.0
55456,12.0
55504,15.0
55536,21.0
55600,16.0
55616,33.0
55664,22.0
55696,38.0
55728,56.0
55744,15.0
55760,14.0
55776,71.0
55776,31.0
55840,50.0
55904,28.0
55904,28.0
55920,42.0
55968,39.0
55968,14.0
56016,22.0
56016,20.0
56128,23.0
56128,33.0
56144,15.0
56160,27.0
56160,34.0
56192,18.0
56256,26.0
56256,15.0
56304,11.0
56320,25.0
56384,38.0
56400,27.0
56448,18.0
56464,43.0
56464,20.0
56496,30.0
56528,69.0
56640,24.0
56656,17.0
56656,25.0
56672,30.0
56672,22.0
56688,14.0
56752,49.0
56768,40.0
56784,85.0
56800,21.0
56912,14.0
56912,16.0
56912,26.0
56944,18.0
56992,29.0
57072,48.0
57088,20.0
57088,26.0
57120,11.0
57152,47.0
57264,17.0
57280,30.0
57296,41.0
57312,72.0
57328,16.0
57344,27.0
57392,30.0
57408,39.0
57408,8.0
57440,33.0
57456,49.0
57456,21.0
57488,11.0
57504,47.0
57520,11.0
57520,67.0
57536,24.0
57584,31.0
57600,9.0
57616,20.0
57616,33.0
57632,15.0
57664,16.0
57664,13.0
57712,28.0
57824,24.0
57824,21.0
57840,13.0
57840,11.0
57856,21.0
57920,16.0
57936,14.0
57984,28.0
58000,31.0
58000,25.0
58016,11.0
58080,10.0
58096,30.0
58096,10.0
58144,33.0
58160,20.0
58240,24.0
58272,16.0
58272,17.0
58288,13.0
58384,61.0
58384,14.0
58384,50.0
58400,67.0
58416,37.0
58432,18.0
58512,26.0
58528,27.0
58528,15.0
58624,13.0
58736,19.0
58752,23.0
58768,24.0
58784,17.0
58832,35.0
58832,28.0
58880,22.0
58880,55.0
58896,67.0
58928,33.0
58944,42.0
59104,54.0
59120,100.0
59152,13.0
59168,34.0
59184,18.0
59200,20.0
59232,44.0
59232,25.0
59248,26.0
59328,10.0
59360,37.0
59376,14.0
59392,29.0
59424,40.0
59472,17.0
59472,23.0
59536,13.0
59600,23.0
59600,101.0
59616,55.0
59632,25.0
59712,21.0
59760,14.0
59760,23.0
59824,29.0
59888,18.0
59904,9.0
59904,17.0
59920,19.0
59920,31.0
59952,12.0
59968,23.0
60000,51.0
60000,33.0
60016,34.0
60048,21.0
60224,19.0
60240,15.0
60240,12.0
60256,94.0
60272,16.0
60304,25.0
60352,69.0
60352,29.0
60416,37.0
60416,31.0
60464,84.0
60480,13.0
60480,30.0
60480,36.0
60528,35.0
60560,13.0
60576,21.0
60624,24.0
60624,42.0
60656,19.0
60688,113.0
60736,27.0
60752,17.0
60752,17.0
60784,35.0
60816,12.0
60832,36.0
60832,26.0
60832,22.0
60864,18.0
60992,16.0
60992,27.0
61008,16.0
61024,17.0
61024,12.0
61088,27.0
61120,41.0
61184,48.0
61232,14.0
61248,16.0
61264,27.0
61328,21.0
61360,31.0
61376,16.0
61376,53.0
61376,43.0
61408,36.0
61424,21.0
61536,17.0
61536,57.0
61648,14.0
61648,26.0
61664,40.0
61712,11.0
61712,43.0
61728,22.0
61776,60.0
61808,17.0
61872,29.0
61888,32.0
61920,16.0
61936,47.0
61952,15.0
61984,16.0
62016,43.0
62016,19.0
62144,13.0
62144,23.0
62176,87.0
62208,20.0
62272,22.0
62352,44.0
62352,30.0
62352,61.0
62384,23.0
62400,26.0
62448,11.0
62576,11.0
62576,27.0
62592,9.0
62624,79.0
62656,28.0
62688,19.0
62688,21.0
62688,34.0
62688,21.0
62720,48.0
62752,46.0
62800,72.0
62832,99.0
62848,10.0
62896,17.0
62896,13.0
62976,14.0
63008,27.0
63024,53.0
63024,42.0
63056,78.0
63088,25.0
63088,16.0
63136,35.0
63152,9.0
63152,35.0
63168,28.0
63248,25.0
63248,35.0
63296,17.0
63328,15.0
63344,20.0
63344,28.0
63344,23.0
63360,13.0
63376,18.0
63376,36.0
63504,13.0
63552,56.0
63568,26.0
63664,20.0
63664,26.0
63664,33.0
63664,26.0
63680,21.0
63712,21.0
63728,42.0
63744,25.0
63744,53.0
63776,14.0
63776,13.0
63872,13.0
63888,32.0
63888,14.0
63904,10.0
63920,13.0
63936,36.0
63952,17.0
64000,14.0
64064,56.0
64080,13.0
64080,12.0
64080,26.0
64112,28.0
64144,13.0
64160,26.0
64208,44.0
64288,18.0
64304,10.0
64320,23.0
64352,28.0
64368,28.0
64384,11.0
64400,20.0
64432,23.0
64448,35.0
64480,20.0
64544,14.0
64592,9.0
64640,15.0
64672,84.0
64688,38.0
64704,37.0
64720,59.0
64752,23.0
64768,43.0
64912,20.0
64944,16.0
64960,38.0
64960,33.0
64960,18.0
64976,13.0
65056,19.0
65120,25.0
65168,33.0
65184,56.0
65184,44.0
65200,14.0
65200,16.0
65216,93.0
65232,33.0
65248,59.0
65280,57.0
65312,22.0
65312,22.0
65360,51.0
65392,12.0
65408,14.0
65568,32.0
65584,25.0
65632,20.0
65664,34.0
65680,45.0
65760,34.0
65776,38.0
65840,35.0
65872,35.0
65872,32.0
65872,60.0
65888,43.0
65952,23.0
65952,24.0
66000,20.0
66000,37.0
66016,49.0
66048,50.0
66112,15.0
66144,12.0
66160,25.0
66160,18.0
66208,34.0
66240,8.0
66304,10.0
66320,43.0
66336,11.0
66432,27.0
66512,35.0
66512,39.0
66528,47.0
66528,43.0
66576,35.0
66576,33.0
66592,75.0
66592,37.0
66608,18.0
66672,21.0
66736,19.0
66752,10.0
66768,33.0
66768,38.0
66800,18.0
66848,17.0
66848,11.0
66944,40.0
66992,15.0
67008,13.0
67072,14.0
67120,11.0
67136,58.0
67136,79.0
67168,27.0
67168,41.0
67184,26.0
67328,50.0
67408,26.0
67408,15.0
67424,19.0
67520,22.0
67520,32.0
67568,60.0
67584,66.0
67632,31.0
67632,19.0
67664,67.0
67680,17.0
67680,34.0
67728,19.0
67776,12.0
67808,15.0
67824,19.0
67872,69.0
67968,18.0
67984,29.0
67984,10.0
67984,20.0
68016,13.0
68048,92.0
68064,55.0
68096,64.0
68176,13.0
68192,11.0
68192,32.0
68208,36.0
68208,30.0
68224,15.0
68256,39.0
68256,88.0
68320,21.0
68368,31.0
68416,20.0
68448,24.0
68496,19.0
68528,17.0
68544,71.0
68608,22.0
68624,27.0
68640,17.0
68752,16.0
68768,34.0
68784,63.0
68784,36.0
68832,39.0
68928,55.0
68944,39.0
68992,34.0
69008,52.0
69136,72.0
69184,35.0
69184,12.0
69216,27.0
69216,13.0
69232,29.0
69248,20.0
69264,32.0
69264,27.0
69296,41.0
69296,48.0
69408,14.0
69440,16.0
69440,19.0
69504,16.0
69568,22.0
69632,64.0
69648,26.0
69696,30.0
69712,19.0
69728,18.0
69776,32.0
69776,85.0
69808,23.0
69808,54.0
69808,32.0
69872,38.0
70032,19.0
70080,49.0
70080,13.0
70128,26.0
70160,86.0
70176,34.0
70224,28.0
70240,46.0
70256,107.0
70288,45.0
70320,32.0
70384,36.0
70400,15.0
70480,42.0
70496,13.0
70512,46.0
70608,33.0
70640,26.0
70672,17.0
70704,20.0
70752,42.0
70768,32.0
70784,41.0
70800,48.0
70816,73.0
70816,36.0
70832,14.0
70848,13.0
70880,13.0
70880,23.0
70896,26.0
70960,49.0
71024,15.0
71024,12.0
71040,14.0
71088,24.0
71184,27.0
71184,10.0
71184,23.0
71200,94.0
71248,30.0
71280,20.0
71280,30.0
71296,13.0
71296,17.0
71328,27.0
71408,13.0
71472,27.0
71520,17.0
71536,65.0
71552,77.0
71600,20.0
71616,48.0
71616,46.0
71648,22.0
71680,50.0
71712,33.0
71728,20.0
71792,20.0
71808,39.0
71856,36.0
71888,18.0
71904,36.0
71936,16.0
71952,48.0
72080,49.0
72096,36.0
72128,11.0
72144,31.0
72240,33.0
72272,45.0
72288,10.0
72288,42.0
72368,52.0
72400,20.0
72448,40.0
72528,15.0
72608,62.0
72624,21.0
72624,43.0
72640,25.0
72672,55.0
72688,10.0
72688,15.0
72704,35.0
72720,51.0
72736,55.0
72736,40.0
72752,54.0
72816,11.0
72816,34.0
72928,16.0
72928,35.0
73008,20.0
73024,13.0
73040,27.0
73088,25.0
73088,22.0
73088,24.0
73136,24.0
73168,15.0
73200,29.0
73200,30.0
73232,14.0
73280,22.0
73312,99.0
73328,58.0
73344,45.0
73408,15.0
73536,32.0
73632,20.0
73632,25.0
73648,28.0
73648,35.0
73664,29.0
73680,54.0
73712,24.0
73744,70.0
73856,14.0
73904,23.0
73952,34.0
73968,18.0
73968,21.0
74000,22.0
74032,59.0
74080,62.0
74080,46.0
74096,28.0
74160,13.0
74192,30.0
74240,10.0
74272,26.0
74352,24.0
74400,85.0
74432,48.0
74464,35.0
74464,12.0
74480,18.0
74560,13.0
74576,90.0
74576,52.0
74592,32.0
74688,28.0
74704,44.0
74704,89.0
74768,42.0
74784,14.0
74784,22.0
74832,42.0
74848,55.0
74912,27.0
74976,32.0
74992,37.0
75008,27.0
75024,27.0
75072,38.0
75200,32.0
75264,35.0
75296,28.0
75312,18.0
75360,41.0
75376,37.0
75376,23.0
75408,52.0
75408,9.0
75440,38.0
75440,29.0
75488,18.0
75488,45.0
75536,47.0
75552,35.0
75584,14.0
75616,15.0
75744,21.0
75760,108.0
75792,45.0
75824,15.0
75824,17.0
75872,16.0
75984,42.0
76000,13.0
76016,30.0
76032,70.0
76080,44.0
76144,24.0
76176,46.0
76192,44.0
76240,52.0
76256,14.0
76288,29.0
76304,63.0
76320,31.0
76368,31.0
76368,55.0
76400,24.0
76464,64.0
76512,13.0
76528,33.0
76528,49.0
76592,21.0
76608,27.0
76640,28.0
76672,22.0
76672,19.0
76688,11.0
76784,16.0
76832,27.0
76848,16.0
76848,38.0
76880,13.0
76928,40.0
76944,10.0
76960,55.0
76992,29.0
77040,66.0
77056,26.0
77072,25.0
77120,18.0
77232,39.0
77328,30.0
77344,75.0
77424,34.0
77456,62.0
77488,35.0
77504,41.0
77504,32.0
77600,34.0
77648,38.0
77664,61.0
77680,22.0
77696,47.0
77712,13.0
77760,10.0
77776,22.0
77792,52.0
77840,45.0
77904,15.0
78016,103.0
78080,23.0
78176,42.0
78240,34.0
78240,14.0
78288,66.0
78288,52.0
78304,34.0
78352,36.0
78352,63.0
78432,85.0
78448,41.0
78496,13.0
78608,16.0
78640,35.0
78656,26.0
78656,47.0
78672,62.0
78736,56.0
78752,69.0
78800,39.0
78816,13.0
78848,38.0
78880,24.0
78912,38.0
78912,10.0
78944,41.0
78992,94.0
79056,24.0
79104,23.0
79136,14.0
79184,17.0
79232,18.0
79232,26.0
79296,26.0
79312,11.0
79328,43.0
79328,42.0
79504,17.0
79536,34.0
79536,43.0
79552,28.0
79600,26.0
79616,73.0
79664,82.0
79728,11.0
79744,68.0
79760,33.0
79808,13.0
79856,50.0
79872,34.0
79888,68.0
79888,91.0
79904,15.0
79952,39.0
79968,41.0
79984,28.0
80048,32.0
80224,38.0
80224,45.0
80240,30.0
80320,64.0
80352,24.0
80368,24.0
80400,42.0
80432,34.0
80464,41.0
80464,14.0
80496,40.0
80496,37.0
80544,14.0
80560,21.0
80560,38.0
80608,24.0
80656,18.0
80752,18.0
80768,56.0
80784,18.0
80944,37.0
81008,14.0
81040,72.0
81072,83.0
81184,71.0
81200,37.0
81200,40.0
81216,29.0
81216,49.0
81248,49.0
81264,44.0
81312,51.0
81344,9.0
81344,59.0
81360,51.0
81376,21.0
81376,27.0
81440,23.0
81472,13.0
81536,33.0
81552,12.0
81584,23.0
81632,18.0
81648,55.0
81696,31.0
81712,66.0
81824,40.0
81824,38.0
81856,13.0
81888,19.0
81904,33.0
81920,14.0
81936,39.0
81952,25.0
82000,41.0
82000,29.0
82032,11.0
82032,35.0
82048,26.0
82080,12.0
82192,23.0
82208,48.0
82224,17.0
82384,63.0
82384,24.0
82416,44.0
82416,32.0
82480,28.0
82480,25.0
82496,28.0
82496,78.0
82544,34.0
82560,39.0
82592,35.0
82608,25.0
82672,53.0
82672,18.0
82736,51.0
82800,19.0
82832,40.0
82912,27.0
82912,23.0
82928,44.0
82976,30.0
83024,14.0
83056,42.0
83072,30.0
83088,30.0
83104,27.0
83136,41.0
83136,25.0
83168,16.0
83200,40.0
83328,57.0
83328,31.0
83328,14.0
83344,58.0
83424,22.0
83440,22.0
83440,17.0
83488,51.0
83568,32.0
83584,38.0
83648,28.0
83712,24.0
83712,14.0
83808,23.0
83824,16.0
83888,35.0
83952,23.0
83984,21.0
83984,41.0
84000,36.0
84144,27.0
84176,29.0
84192,24.0
84224,68.0
84256,57.0
84256,17.0
84288,85.0
84288,29.0
84288,21.0
84320,74.0
84320,55.0
84352,23.0
84384,24.0
84448,96.0
84464,17.0
84480,21.0
84496,38.0
84528,17.0
84544,20.0
84592,13.0
84608,99.0
84624,21.0
84704,33.0
84704,26.0
84704,28.0
84720,25.0
84816,13.0
84848,35.0
84864,21.0
84864,17.0
84896,12.0
85008,34.0
85024,44.0
85056,12.0
85088,29.0
85104,35.0
85168,19.0
85232,24.0
85360,19.0
85360,40.0
85360,55.0
85360,54.0
85360,63.0
85392,10.0
85440,62.0
85440,26.0
85472,36.0
85552,12.0
85552,53.0
85600,13.0
85616,16.0
85616,38.0
85696,37.0
85712,39.0
85792,27.0
85840,25.0
85856,43.0
85888,26.0
85904,13.0
85936,70.0
86000,40.0
86000,81.0
86032,20.0
86032,26.0
86048,43.0
86128,43.0
86144,15.0
86160,38.0
86224,14.0
86240,40.0
86272,14.0
86304,17.0
86336,31.0
86384,31.0
86512,15.0
86528,37.0
86544,47.0
86544,58.0
86560,33.0
86576,26.0
86640,25.0
86656,69.0
86656,33.0
86672,18.0
86736,46.0
86768,57.0
86784,14.0
86832,33.0
86864,14.0
86912,36.0
86928,24.0
86944,27.0
86992,21.0
87008,54.0
87024,16.0
87040,19.0
87056,32.0
87056,14.0
87104,12.0
87168,14.0
87184,16.0
87216,13.0
87216,43.0
87232,15.0
87312,16.0
87360,49.0
87376,72.0
87456,26.0
87504,40.0
87536,54.0
87536,55.0
87632,26.0
87664,55.0
87680,28.0
87744,23.0
87776,29.0
87792,39.0
87824,45.0
87840,39.0
87952,26.0
87952,20.0
87968,57.0
88016,32.0
88032,63.0
88032,18.0
88048,32.0
88096,57.0
88128,48.0
88160,12.0
88256,14.0
88304,16.0
88304,29.0
88368,44.0
88368,13.0
88400,28.0
88416,25.0
88416,29.0
88464,13.0
88512,13.0
88576,70.0
88656,39.0
88720,22.0
88784,60.0
88816,25.0
88832,72.0
88896,70.0
88928,71.0
88928,22.0
89024,45.0
89040,57.0
89040,33.0
89088,10.0
89152,21.0
89200,46.0
89280,74.0
89328,42.0
89376,61.0
89392,35.0
89408,62.0
89424,24.0
89520,37.0
89552,10.0
89568,42.0
89616,78.0
89632,13.0
89648,35.0
89648,54.0
89680,40.0
89744,14.0
89792,15.0
89792,24.0
89840,12.0
89872,16.0
89904,21.0
89904,36.0
89936,49.0
90016,23.0
90032,25.0
90048,64.0
90048,53.0
90096,26.0
90112,13.0
90144,17.0
90176,24.0
90192,92.0
90416,14.0
90432,16.0
90432,43.0
90464,42.0
90560,33.0
90560,45.0
90656,86.0
90656,45.0
90720,44.0
90720,51.0
90768,45.0
90800,47.0
90832,45.0
90832,17.0
90880,14.0
90880,26.0
90960,33.0
90992,53.0
91008,13.0
91120,44.0
91152,27.0
91216,41.0
91232,71.0
91312,30.0
91328,122.0
91424,34.0
91472,65.0
91472,16.0
91472,37.0
91504,42.0
91600,55.0
91632,39.0
91712,66.0
91808,65.0
91840,23.0
91856,24.0
91872,55.0
91904,42.0
91936,49.0
91952,15.0
91984,41.0
91984,54.0
92032,67.0
92048,26.0
92096,49.0
92112,43.0
92112,38.0
92128,41.0
92160,13.0
92160,18.0
92192,22.0
92208,11.0
92288,11.0
92288,12.0
92304,44.0
92368,24.0
92480,42.0
92592,30.0
92592,41.0
92672,32.0
92688,49.0
92704,31.0
92736,9.0
92752,29.0
92752,37.0
92896,44.0
92928,67.0
92928,11.0
92928,39.0
92944,51.0
92944,15.0
92960,42.0
93008,20.0
93088,65.0
93120,40.0
93136,15.0
93216,53.0
93216,18.0
93248,31.0
93264,37.0
93296,21.0
93312,24.0
93344,47.0
93376,87.0
93456,21.0
93488,30.0
93504,12.0
93584,31.0
93584,40.0
93632,26.0
93696,47.0
93696,22.0
93760,17.0
93808,67.0
93856,40.0
93856,45.0
93888,39.0
93920,21.0
94032,46.0
94064,13.0
94080,20.0
94112,74.0
94112,14.0
94144,40.0
94160,44.0
94160,19.0
94192,24.0
94192,59.0
94304,38.0
94368,62.0
94368,14.0
94416,49.0
94416,24.0
94448,21.0
94448,54.0
94576,41.0
94624,20.0
94640,35.0
94688,17.0
94704,32.0
94704,21.0
94720,41.0
94720,38.0
94752,35.0
94800,22.0
94880,11.0
94976,16.0
94976,14.0
94976,51.0
94992,19.0
95008,24.0
95136,26.0
95168,12.0
95168,63.0
95168,92.0
95200,39.0
95216,21.0
95216,36.0
95248,55.0
95296,20.0
95328,39.0
95376,13.0
95408,62.0
95504,32.0
95552,16.0
95568,35.0
95584,11.0
95600,27.0
95600,50.0
95600,27.0
95648,9.0
95664,21.0
95728,33.0
95776,33.0
95840,39.0
95856,40.0
95872,17.0
95888,47.0
95968,37.0
95984,96.0
96000,25.0
96000,28.0
96016,15.0
96080,27.0
96112,33.0
96176,11.0
96208,30.0
96256,25.0
96272,19.0
96304,19.0
96304,46.0
96368,87.0
96400,35.0
96416,47.0
96448,27.0
96464,10.0
96496,39.0
96624,23.0
96640,47.0
96672,14.0
96672,23.0
96768,23.0
96800,11.0
96832,35.0
96832,39.0
96832,45.0
96832,26.0
96848,48.0
96880,44.0
96944,84.0
96976,21.0
96976,62.0
96992,12.0
97008,40.0
97024,11.0
97200,33.0
97200,23.0
97216,24.0
97232,13.0
97248,17.0
97264,27.0
97344,22.0
97376,10.0
97424,60.0
97440,31.0
97456,28.0
97472,40.0
97504,39.0
97552,13.0
97568,19.0
97584,68.0
97616,23.0
97712,32.0
97744,48.0
97760,13.0
97776,69.0
97792,21.0
97824,25.0
97888,32.0
97936,11.0
97984,25.0
98016,51.0
98032,33.0
98080,21.0
98128,26.0
98128,43.0
98208,20.0
98272,28.0
98368,24.0
98368,21.0
98400,17.0
98416,40.0
98416,25.0
98544,61.0
98608,15.0
98672,17.0
98704,48.0
98720,69.0
98768,40.0
98816,34.0
98816,46.0
98848,66.0
98928,135.0
98960,15.0
99040,98.0
99136,23.0
99184,21.0
99264,66.0
99296,58.0
99312,38.0
99344,33.0
99360,51.0
99392,61.0
99520,13.0
99536,38.0
99552,59.0
99600,58.0
99632,42.0
99696,27.0
99728,57.0
99760,84.0
99952,38.0
99984,50.0
99984,43.0
100064,32.0
100112,47.0
100144,182.0
100144,12.0
100160,64.0
100160,70.0
100160,33.0
100160,48.0
100208,43.0
100352,39.0
100400,54.0
100400,15.0
100480,55.0
100512,33.0
100528,48.0
100544,24.0
100544,53.0
100560,22.0
100656,42.0
100704,35.0
100720,41.0
100736,37.0
100816,44.0
100816,17.0
100832,22.0
100848,12.0
100864,29.0
101024,42.0
101168,39.0
101232,42.0
101248,68.0
101280,48.0
101312,36.0
101312,31.0
101376,42.0
101440,65.0
101488,60.0
101504,43.0
101520,85.0
101520,15.0
101552,43.0
101600,23.0
101648,21.0
101728,55.0
101744,57.0
101776,18.0
101808,18.0
101920,47.0
101936,27.0
101984,60.0
102032,37.0
102064,47.0
102080,85.0
102080,44.0
102144,37.0
102144,26.0
102192,28.0
102272,42.0
102304,23.0
102320,67.0
102352,23.0
102368,11.0
102448,50.0
102512,62.0
102512,44.0
102528,29.0
102544,48.0
102560,33.0
102608,21.0
102624,34.0
102704,25.0
102768,25.0
102784,44.0
102800,18.0
102800,41.0
102816,56.0
102816,23.0
102864,34.0
102880,46.0
102928,23.0
103040,33.0
103072,33.0
103088,17.0
103152,22.0
103248,29.0
103248,45.0
103280,29.0
103280,22.0
103280,36.0
103392,65.0
103456,53.0
103504,14.0
103520,17.0
103536,31.0
103536,24.0
103536,48.0
103568,44.0
103744,13.0
103808,58.0
103824,64.0
103840,48.0
103840,47.0
103840,35.0
103872,21.0
103920,29.0
103952,27.0
104000,11.0
104016,46.0
104096,33.0
104096,44.0
104144,19.0
104160,22.0
104208,44.0
104304,29.0
104320,20.0
104336,15.0
104352,16.0
104368,70.0
104368,31.0
104384,34.0
104400,41.0
104480,10.0
104496,60.0
104496,12.0
104528,36.0
104592,15.0
104624,125.0
104624,18.0
104672,17.0
104672,19.0
104720,35.0
104720,22.0
104816,12.0
104896,55.0
104896,25.0
104976,52.0
105040,32.0
105120,25.0
105136,15.0
105296,51.0
105296,39.0
105344,47.0
105376,62.0
105392,45.0
105472,47.0
105520,64.0
105584,43.0
105616,88.0
105616,15.0
105648,108.0
105712,42.0
105744,48.0
105824,63.0
105888,37.0
105904,27.0
105920,49.0
105952,15.0
105968,22.0
105984,54.0
105984,21.0
106032,43.0
106080,31.0
106080,29.0
106096,36.0
106096,13.0
106160,48.0
106192,13.0
106208,16.0
106240,13.0
106448,39.0
106480,46.0
106496,117.0
106544,39.0
106688,38.0
106704,39.0
106768,18.0
106784,43.0
106800,44.0
106832,24.0
106880,99.0
106880,12.0
106896,44.0
106976,67.0
106992,52.0
107072,18.0
107184,61.0
107200,77.0
107216,28.0
107216,42.0
107248,79.0
107312,15.0
107360,23.0
107392,11.0
107408,32.0
107456,76.0
107552,19.0
107568,54.0
107632,15.0
107680,31.0
107728,47.0
107760,35.0
107776,56.0
107776,59.0
107840,30.0
107840,65.0
107872,62.0
107888,21.0
107920,89.0
108064,12.0
108160,24.0
108176,34.0
108192,46.0
108192,29.0
108240,58.0
108240,42.0
108272,22.0
108288,25.0
108320,30.0
108352,18.0
108352,32.0
108416,15.0
108464,49.0
108480,20.0
108496,80.0
108528,47.0
108544,14.0
108576,14.0
108640,25.0
108640,11.0
108640,22.0
108720,82.0
108752,25.0
108880,38.0
108896,16.0
108928,32.0
108976,31.0
108976,28.0
108976,27.0
109040,25.0
109056,11.0
109072,11.0
109136,59.0
109168,61.0
109168,15.0
109232,16.0
109328,68.0
109344,39.0
109408,103.0
109440,23.0
109456,26.0
109472,19.0
109520,64.0
109552,61.0
109584,26.0
109664,33.0
109664,12.0
109744,62.0
109856,17.0
109888,34.0
109904,36.0
109920,59.0
110064,68.0
110080,35.0
110128,56.0
110176,32.0
110304,54.0
110320,36.0
110320,25.0
110336,80.0
110336,58.0
110416,22.0
110416,18.0
110448,62.0
110608,17.0
110608,12.0
110608,59.0
110640,19.0
110656,126.0
110656,21.0
110736,55.0
110752,42.0
110816,79.0
110848,13.0
110864,13.0
110864,16.0
110912,64.0
110944,21.0
110960,66.0
110992,21.0
111056,46.0
111088,21.0
111120,51.0
111120,42.0
111152,15.0
111248,24.0
111280,54.0
111280,29.0
111296,70.0
111312,20.0
111360,13.0
111408,35.0
111456,37.0
111472,24.0
111472,32.0
111488,15.0
111520,57.0
111536,26.0
111536,50.0
111568,32.0
111568,16.0
111664,45.0
111664,12.0
111760,12.0
111792,42.0
111792,27.0
111792,20.0
111872,22.0
111920,39.0
111936,25.0
111984,28.0
112256,53.0
112320,33.0
112336,34.0
112336,48.0
112368,55.0
112368,31.0
112464,63.0
112480,51.0
112560,36.0
112576,13.0
112576,81.0
112608,17.0
112640,53.0
112816,15.0
112816,30.0
112880,100.0
112880,59.0
112912,22.0
112960,20.0
112976,82.0
112992,24.0
113056,11.0
113056,50.0
113184,89.0
113232,17.0
113248,49.0
113264,18.0
113296,51.0
113312,31.0
113344,18.0
113408,37.0
113440,33.0
113456,17.0
113456,55.0
113472,72.0
113488,70.0
113520,16.0
113536,41.0
113568,16.0
113680,17.0
113760,19.0
113776,33.0
113840,38.0
113888,34.0
113904,53.0
113936,28.0
113936,26.0
114000,44.0
114064,134.0
114112,36.0
114160,45.0
114176,18.0
114192,12.0
114320,35.0
114336,11.0
114336,54.0
114352,56.0
114432,33.0
114480,34.0
114496,41.0
114512,28.0
114528,22.0
114592,30.0
114640,103.0
114704,48.0
114704,71.0
114752,26.0
114848,13.0
114864,34.0
114864,74.0
114864,23.0
115024,42.0
115024,31.0
115056,12.0
115056,39.0
115088,14.0
115168,26.0
115184,53.0
115232,33.0
115248,25.0
115248,48.0
115296,37.0
115360,53.0
115392,101.0
115392,23.0
115440,16.0
115440,12.0
115536,42.0
115552,29.0
115632,15.0
115648,22.0
115680,93.0
115680,28.0
115760,23.0
115792,46.0
115792,75.0
115792,22.0
115808,28.0
115824,36.0
115872,53.0
115872,14.0
115952,12.0
115984,19.0
116000,13.0
116016,13.0
116032,54.0
116032,61.0
116192,11.0
116256,45.0
116304,22.0
116400,60.0
116480,11.0
116496,15.0
116496,42.0
116496,29.0
116576,37.0
116640,40.0
116688,66.0
116704,57.0
116736,44.0
116816,71.0
116832,80.0
116896,25.0
116912,21.0
116912,27.0
116928,46.0
116976,74.0
116976,9.0
116992,31.0
116992,31.0
117040,40.0
117056,22.0
117104,23.0
117136,31.0
117168,17.0
117168,81.0
117184,17.0
117200,32.0
117200,83.0
117248,17.0
117312,20.0
117440,25.0
117456,34.0
117488,18.0
117536,23.0
117552,31.0
117616,28.0
117664,22.0
117680,12.0
117728,17.0
117744,35.0
117808,55.0
117808,51.0
117824,24.0
117920,42.0
117936,13.0
117952,53.0
117952,25.0
117952,51.0
117952,47.0
117968,19.0
117968,18.0
118032,76.0
118160,39.0
118176,14.0
118192,24.0
118192,15.0
118304,21.0
118384,22.0
118384,29.0
118432,29.0
118432,31.0
118608,49.0
118656,14.0
118672,66.0
118688,31.0
118704,20.0
118752,59.0
118912,19.0
118976,49.0
119040,46.0
119088,27.0
119104,59.0
119120,46.0
119120,134.0
119264,52.0
119312,85.0
119328,41.0
119376,43.0
119408,19.0
119424,45.0
119488,82.0
119568,12.0
119568,37.0
119568,19.0
119696,122.0
119696,41.0
119776,43.0
119776,22.0
119808,56.0
119808,43.0
119872,11.0
119872,19.0
119920,14.0
119952,75.0
119984,127.0
120128,50.0
120144,36.0
120272,49.0
120336,29.0
120352,36.0
120368,24.0
120400,37.0
120416,53.0
120432,39.0
120560,49.0
120576,73.0
120592,28.0
120656,84.0
120720,37.0
120752,50.0
120784,104.0
120800,15.0
120880,29.0
120912,36.0
120928,35.0
120960,13.0
120992,37.0
120992,45.0
121008,14.0
121040,15.0
121040,24.0
121056,11.0
121088,76.0
121120,12.0
121184,47.0
121200,53.0
121200,13.0
121216,81.0
121232,20.0
121248,42.0
121360,17.0
121392,11.0
121472,30.0
121488,48.0
121552,22.0
121792,49.0
121824,27.0
121840,55.0
121840,23.0
121856,46.0
121888,33.0
121904,53.0
121952,25.0
121952,44.0
122000,10.0
122048,16.0
122048,53.0
122112,16.0
122112,67.0
122112,39.0
122128,68.0
122160,16.0
122176,21.0
122192,60.0
122256,19.0
122272,14.0
122288,69.0
122336,11.0
122352,29.0
122368,16.0
122384,112.0
122416,15.0
122448,25.0
122560,38.0
122576,14.0
122576,36.0
122640,51.0
122736,29.0
122752,35.0
122800,27.0
122880,31.0
122912,41.0
123008,45.0
123008,13.0
123152,65.0
123200,12.0
123216,30.0
123232,42.0
123232,30.0
123280,59.0
123296,73.0
123312,46.0
123328,28.0
123344,44.0
123360,57.0
123424,26.0
123440,14.0
123456,11.0
123472,35.0
123536,89.0
123552,15.0
123616,20.0
123632,25.0
123792,21.0
123872,42.0
123952,39.0
124016,37.0
124048,44.0
124080,28.0
124096,34.0
124112,96.0
124112,47.0
124160,13.0
124176,46.0
124176,110.0
124208,42.0
124224,47.0
124304,32.0
124432,20.0
124480,23.0
124544,24.0
124544,42.0
124624,25.0
124640,88.0
124672,95.0
124672,15.0
124688,32.0
124704,31.0
124720,15.0
124720,69.0
124736,41.0
124736,40.0
124848,11.0
124880,10.0
124896,11.0
124928,39.0
124944,58.0
124976,18.0
125024,20.0
125040,31.0
125072,21.0
125072,21.0
125136,68.0
125136,60.0
125168,18.0
125200,35.0
125264,40.0
125408,32.0
125472,31.0
125488,51.0
125488,34.0
125520,22.0
125536,43.0
125616,36.0
125664,70.0
125680,26.0
125776,15.0
125792,45.0
125792,17.0
125856,23.0
125888,26.0
126000,32.0
126032,60.0
126048,64.0
126080,59.0
126096,27.0
126112,57.0
126160,24.0
126192,12.0
126208,67.0
126272,37.0
126288,12.0
126464,53.0
126496,28.0
126528,28.0
126560,72.0
126576,43.0
126608,47.0
126624,10.0
126672,55.0
126688,31.0
126704,34.0
126752,114.0
126768,15.0
126768,41.0
126784,10.0
126784,14.0
126880,53.0
126896,18.0
126976,74.0
126976,48.0
127040,22.0
127072,11.0
127136,29.0
127200,14.0
127200,44.0
127280,31.0
127344,67.0
127392,51.0
127392,39.0
127440,10.0
127456,42.0
127488,26.0
127520,51.0
127584,15.0
127632,47.0
127712,42.0
127744,34.0
127776,16.0
127824,96.0
127840,67.0
127856,69.0
127904,58.0
127920,49.0
127952,13.0
128096,15.0
128112,13.0
128128,31.0
128128,46.0
128208,27.0
128208,18.0
128224,32.0
128352,48.0
128368,58.0
128368,61.0
128416,58.0
128496,23.0
128528,43.0
128560,38.0
128608,30.0
128656,28.0
128656,18.0
128704,22.0
128704,78.0
128848,64.0
128880,105.0
128912,51.0
128928,17.0
128928,14.0
128976,17.0
128992,39.0
129040,24.0
129104,16.0
129168,35.0
129200,14.0
129216,21.0
129216,63.0
129232,51.0
129232,19.0
129232,63.0
129264,72.0
129328,26.0
129344,11.0
129344,53.0
129360,52.0
129376,51.0
129424,14.0
129440,13.0
129456,14.0
129472,30.0
129488,24.0
129520,9.0
129536,12.0
129552,18.0
129632,26.0
129712,49.0
129760,34.0
129872,33.0
129872,24.0
129888,28.0
129920,31.0
129920,13.0
129936,44.0
130016,61.0
130080,35.0
130080,38.0
130128,37.0
130208,17.0
130304,27.0
130320,54.0
130352,27.0
130368,51.0
130448,51.0
130496,38.0
130512,40.0
130544,39.0
130576,78.0
130688,23.0
130688,15.0
130704,59.0
130704,25.0
130736,12.0
130832,51.0
130912,13.0
130928,14.0
130960,14.0
131008,20.0
131024,56.0
131104,109.0
131216,45.0
131248,73.0
131264,21.0
131376,54.0
131392,65.0
131392,35.0
131504,25.0
131536,83.0
131696,43.0
131696,27.0
131696,12.0
131856,38.0
131856,111.0
131872,21.0
131888,31.0
131904,32.0
132032,51.0
132032,70.0
132032,84.0
132096,67.0
132112,26.0
132144,98.0
132176,76.0
132208,22.0
132240,54.0
132240,34.0
132288,120.0
132304,38.0
132304,17.0
132432,34.0
132464,35.0
132464,37.0
132544,43.0
132560,16.0
132592,22.0
132672,27.0
132688,14.0
132768,29.0
132832,50.0
132832,17.0
132944,41.0
133024,30.0
133104,26.0
133184,26.0
133184,45.0
133232,64.0
133248,71.0
133344,57.0
133344,32.0
133408,51.0
133424,83.0
133440,21.0
133552,88.0
133584,47.0
133616,42.0
133664,30.0
133664,62.0
133680,16.0
133728,106.0
133744,35.0
133744,31.0
133952,13.0
133984,23.0
134032,43.0
134032,43.0
134064,52.0
134080,42.0
134160,26.0
134176,32.0
134192,32.0
134208,34.0
134240,129.0
134256,44.0
134272,78.0
134352,23.0
134496,29.0
134560,20.0
134608,22.0
134608,64.0
134656,19.0
134720,62.0
134768,38.0
134784,84.0
134832,14.0
134864,49.0
134880,51.0
134992,50.0
135008,52.0
135008,66.0
135040,63.0
135200,30.0
135248,65.0
135248,13.0
135264,62.0
135296,27.0
135296,32.0
135344,49.0
135424,48.0
135440,38.0
135472,30.0
135616,38.0
135616,63.0
135680,15.0
135696,51.0
135712,32.0
135744,61.0
135824,83.0
135920,31.0
136064,51.0
136064,48.0
136064,28.0
136112,31.0
136160,54.0
136192,28.0
136256,34.0
136272,10.0
136288,23.0
136288,64.0
136352,63.0
136416,22.0
136464,48.0
136528,17.0
136560,46.0
136576,56.0
136592,33.0
136640,30.0
136672,13.0
136688,21.0
136768,30.0
136816,25.0
136832,12.0
136848,86.0
136864,101.0
136896,52.0
136944,22.0
137024,28.0
137024,22.0
137056,31.0
137104,15.0
137168,17.0
137216,17.0
137296,29.0
137328,14.0
137344,20.0
137344,41.0
137360,37.0
137376,148.0
137440,72.0
137504,61.0
137504,18.0
137520,42.0
137520,29.0
137600,49.0
137632,12.0
137648,91.0
137728,13.0
137840,13.0
137920,26.0
138032,43.0
138048,25.0
138064,65.0
138080,10.0
138080,30.0
138208,53.0
138240,54.0
138256,12.0
138272,58.0
138336,38.0
138352,130.0
138400,67.0
138416,24.0
138416,56.0
138432,71.0
138528,85.0
138576,23.0
138592,21.0
138592,32.0
138704,23.0
138736,24.0
138832,26.0
138864,64.0
138992,47.0
139120,34.0
139168,36.0
139200,58.0
139296,112.0
139344,57.0
139440,57.0
139536,93.0
139616,57.0
139664,20.0
139664,29.0
139696,25.0
139760,48.0
139760,37.0
139760,84.0
139808,108.0
139856,70.0
139984,14.0
140016,56.0
140032,73.0
140160,34.0
140256,89.0
140304,54.0
140304,28.0
140336,36.0
140352,51.0
140368,111.0
140432,46.0
140448,49.0
140528,34.0
140640,55.0
140704,22.0
140720,57.0
140752,19.0
140752,68.0
140816,18.0
140848,52.0
140928,56.0
140960,37.0
140992,46.0
140992,35.0
141008,44.0
141040,44.0
141136,24.0
141168,54.0
141200,28.0
141328,20.0
141360,25.0
141408,78.0
141424,36.0
141440,190.0
141488,35.0
141504,54.0
141520,51.0
141536,21.0
141584,54.0
141584,37.0
141632,51.0
141664,21.0
141680,16.0
141744,47.0
141840,20.0
141840,30.0
141840,44.0
141856,20.0
141936,56.0
141984,25.0
142000,26.0
142176,15.0
142272,69.0
142288,53.0
142320,41.0
142352,54.0
142368,39.0
142368,43.0
142400,34.0
142416,36.0
142432,16.0
142576,46.0
142592,37.0
142608,69.0
142688,25.0
142816,28.0
142944,82.0
142992,37.0
142992,19.0
143056,103.0
143104,70.0
143168,83.0
143248,27.0
143248,42.0
143312,56.0
143312,44.0
143328,63.0
143376,49.0
143408,29.0
143424,72.0
143536,34.0
143584,77.0
143584,13.0
143584,33.0
143600,27.0
143664,35.0
143760,32.0
143760,48.0
143808,35.0
143808,31.0
143824,25.0
143824,26.0
143872,13.0
143872,35.0
143920,97.0
143968,24.0
143984,97.0
144016,12.0
144032,28.0
144048,15.0
144096,14.0
144096,31.0
144144,21.0
144176,19.0
144208,28.0
144448,26.0
144480,56.0
144512,47.0
144512,33.0
144592,28.0
144592,79.0
144592,48.0
144608,25.0
144624,38.0
144704,41.0
144752,10.0
144768,11.0
144912,25.0
144912,86.0
144960,54.0
145008,65.0
145104,74.0
145136,11.0
145152,66.0
145184,30.0
145200,28.0
145200,64.0
145216,19.0
145344,46.0
145456,52.0
145472,20.0
145504,57.0
145648,28.0
145744,40.0
145792,82.0
145792,55.0
145808,39.0
145872,89.0
145888,42.0
145904,48.0
145936,12.0
145952,28.0
146080,55.0
146208,46.0
146240,18.0
146272,79.0
146288,24.0
146352,56.0
146400,32.0
146416,67.0
146432,104.0
146464,16.0
146512,54.0
146528,15.0
146528,126.0
146544,38.0
146576,48.0
146592,50.0
146832,35.0
146880,29.0
146928,25.0
146992,70.0
147120,37.0
147216,44.0
147216,14.0
147232,50.0
147296,76.0
147312,48.0
147360,70.0
147360,9.0
147424,34.0
147472,105.0
147520,58.0
147552,75.0
147568,69.0
147616,16.0
147712,18.0
147808,88.0
147824,37.0
147872,81.0
147904,61.0
148000,49.0
148032,46.0
148080,35.0
148080,60.0
148112,18.0
148128,51.0
148144,37.0
148176,19.0
148272,57.0
148416,99.0
148416,26.0
148464,22.0
148480,57.0
148528,57.0
148560,30.0
148640,31.0
148640,10.0
148704,56.0
148720,63.0
148720,19.0
148768,40.0
148800,17.0
148848,86.0
148912,46.0
148928,32.0
148928,56.0
148944,65.0
149024,35.0
149040,25.0
149120,26.0
149184,34.0
149216,17.0
149248,33.0
149312,34.0
149360,80.0
149392,42.0
149504,36.0
149520,19.0
149520,42.0
149616,84.0
149696,42.0
149776,76.0
149824,20.0
149904,24.0
149952,40.0
149952,44.0
150000,30.0
150000,55.0
150016,69.0
150080,43.0
150160,34.0
150160,29.0
150208,88.0
150464,32.0
150480,97.0
150528,32.0
150544,24.0
150560,49.0
150576,23.0
150592,40.0
150672,42.0
150752,37.0
150800,61.0
150816,102.0
150848,93.0
150848,53.0
150896,62.0
150976,25.0
151040,60.0
151072,127.0
151072,30.0
151072,34.0
151104,27.0
151136,21.0
151216,23.0
151216,46.0
151232,10.0
151280,33.0
151312,53.0
151408,12.0
151456,38.0
151520,28.0
151536,35.0
151536,62.0
151616,66.0
151680,23.0
151712,38.0
151776,60.0
151808,46.0
151840,44.0
151904,31.0
151920,40.0
151936,65.0
152048,51.0
152064,34.0
152080,39.0
152128,37.0
152160,59.0
152176,35.0
152224,43.0
152224,34.0
152400,21.0
152400,11.0
152480,48.0
152592,97.0
152672,54.0
152704,33.0
152752,42.0
152768,58.0
152880,30.0
152912,27.0
152992,76.0
153024,50.0
153040,23.0
153040,71.0
153072,10.0
153136,68.0
153152,77.0
153152,24.0
153248,14.0
153280,25.0
153376,42.0
153408,92.0
153424,17.0
153424,42.0
153472,67.0
153504,86.0
153584,34.0
153616,12.0
153632,31.0
153728,28.0
153776,25.0
153856,79.0
153904,109.0
153952,44.0
153984,32.0
154000,58.0
154032,38.0
154112,16.0
154304,82.0
154384,22.0
154400,56.0
154400,49.0
154400,85.0
154496,32.0
154496,68.0
154528,86.0
154576,50.0
154592,18.0
154624,42.0
154624,62.0
154656,34.0
154816,14.0
154976,61.0
154992,23.0
155024,31.0
155040,40.0
155040,26.0
155056,83.0
155104,95.0
155136,77.0
155152,31.0
155168,49.0
155232,46.0
155328,58.0
155376,55.0
155440,24.0
155504,43.0
155600,38.0
155600,36.0
155648,67.0
155696,81.0
155776,50.0
155824,45.0
155856,51.0
155904,48.0
156048,12.0
156192,72.0
156208,44.0
156224,49.0
156240,54.0
156256,13.0
156400,77.0
156416,74.0
156416,13.0
156416,45.0
156464,35.0
156528,55.0
156544,59.0
156656,94.0
156672,67.0
156704,29.0
156768,62.0
156784,60.0
156800,38.0
156816,26.0
156848,27.0
156848,12.0
156848,95.0
156976,27.0
157040,15.0
157104,43.0
157168,40.0
157200,27.0
157200,59.0
157216,47.0
157264,35.0
157312,29.0
157344,42.0
157360,59.0
157376,33.0
157600,86.0
157616,48.0
157664,31.0
157696,31.0
157728,47.0
157744,44.0
157824,45.0
157888,67.0
157904,33.0
157936,21.0
157968,48.0
158000,11.0
158016,41.0
158096,30.0
158112,83.0
158112,53.0
158144,30.0
158224,57.0
158240,56.0
158416,19.0
158432,43.0
158448,21.0
158464,35.0
158464,29.0
158512,51.0
158512,49.0
158560,39.0
158608,37.0
158688,17.0
158704,15.0
158720,47.0
158720,39.0
158736,32.0
158816,19.0
158960,15.0
158976,23.0
158992,33.0
159024,113.0
159088,75.0
159184,42.0
159200,66.0
159232,34.0
159248,43.0
159376,24.0
159472,65.0
159504,66.0
159632,51.0
159632,87.0
159648,59.0
159728,22.0
159744,32.0
159744,63.0
159760,42.0
159824,40.0
159888,73.0
159920,60.0
160064,68.0
160096,17.0
160128,30.0
160144,59.0
160160,71.0
160256,63.0
160272,33.0
160352,38.0
160368,28.0
160384,47.0
160400,48.0
160416,57.0
160416,22.0
160496,21.0
160496,64.0
160528,50.0
160560,12.0
160576,28.0
160640,55.0
160640,34.0
160816,18.0
160832,27.0
160896,25.0
160976,21.0
161104,47.0
161136,54.0
161216,45.0
161216,40.0
161408,64.0
161568,89.0
161616,45.0
161664,88.0
161680,34.0
161744,58.0
161808,52.0
161808,12.0
161808,25.0
161856,123.0
161856,40.0
161920,68.0
161952,24.0
161952,87.0
161984,98.0
161984,55.0
162000,49.0
162048,19.0
162096,91.0
162112,16.0
162128,20.0
162144,108.0
162256,36.0
162272,26.0
162304,20.0
162304,31.0
162336,22.0
162496,31.0
162560,29.0
162672,54.0
162688,46.0
162688,24.0
162800,15.0
162832,73.0
162944,64.0
162960,39.0
163008,56.0
163040,56.0
163056,47.0
163120,39.0
163120,73.0
163168,23.0
163232,69.0
163296,38.0
163328,67.0
163376,69.0
163408,22.0
163440,27.0
163600,30.0
163696,23.0
163696,33.0
163744,67.0
163744,66.0
163776,46.0
163792,22.0
163824,26.0
163840,29.0
163872,65.0
163888,41.0
163888,18.0
164032,67.0
164064,17.0
164144,28.0
164160,54.0
164160,132.0
164208,20.0
164256,32.0
164272,72.0
164304,27.0
164336,32.0
164416,45.0
164576,43.0
164640,31.0
164640,106.0
164672,21.0
164832,48.0
164976,48.0
165040,23.0
165072,51.0
165072,81.0
165088,28.0
165104,59.0
165136,31.0
165184,48.0
165216,40.0
165216,57.0
165424,99.0
165440,88.0
165472,75.0
165504,42.0
165536,31.0
165568,88.0
165584,25.0
165696,39.0
165776,35.0
165888,134.0
166000,58.0
166000,29.0
166048,17.0
166064,53.0
166080,12.0
166128,39.0
166192,39.0
166272,53.0
166368,77.0
166400,89.0
166400,82.0
166496,57.0
166496,31.0
166512,24.0
166544,11.0
166592,72.0
166672,30.0
166704,77.0
166736,41.0
166784,49.0
166832,48.0
166848,50.0
166880,111.0
166912,32.0
166912,26.0
167152,91.0
167168,56.0
167264,24.0
167280,28.0
167296,28.0
167392,56.0
167424,32.0
167472,35.0
167488,51.0
167504,57.0
167712,63.0
167760,37.0
167824,82.0
167824,35.0
167904,39.0
167920,26.0
167968,13.0
168112,25.0
168160,48.0
168192,88.0
168272,108.0
168304,63.0
168304,30.0
168304,55.0
168320,25.0
168320,26.0
168560,67.0
168576,89.0
168624,27.0
168704,37.0
168720,78.0
168848,33.0
168912,40.0
169072,22.0
169104,50.0
169136,61.0
169216,37.0
169312,182.0
169312,25.0
169424,70.0
169472,72.0
169520,13.0
169536,29.0
169584,110.0
169600,65.0
169648,105.0
169664,22.0
169680,69.0
169760,189.0
169920,24.0
170032,108.0
170064,29.0
170064,60.0
170080,31.0
170144,29.0
170176,92.0
170288,39.0
170352,27.0
170352,13.0
170432,63.0
170448,23.0
170496,27.0
170528,31.0
170544,83.0
170592,59.0
170688,25.0
170688,39.0
170688,58.0
170704,11.0
170720,23.0
170784,82.0
170848,83.0
170864,23.0
170896,29.0
170992,51.0
171088,25.0
171104,16.0
171136,125.0
171248,35.0
171312,26.0
171328,34.0
171408,60.0
171472,164.0
171504,50.0
171536,42.0
171536,51.0
171568,64.0
171600,31.0
171600,32.0
171696,84.0
171712,70.0
171760,32.0
171776,49.0
171824,31.0
171840,19.0
171872,21.0
171920,14.0
171920,49.0
171952,28.0
171952,79.0
172080,30.0
172128,22.0
172240,40.0
172256,34.0
172272,54.0
172304,30.0
172304,29.0
172352,55.0
172352,65.0
172416,31.0
172528,48.0
172640,45.0
172640,23.0
172672,26.0
172672,37.0
172736,54.0
172848,45.0
172896,34.0
172912,31.0
172944,62.0
172944,37.0
172976,28.0
173072,70.0
173104,50.0
173200,35.0
173216,61.0
173232,18.0
173360,112.0
173456,49.0
173584,53.0
173616,25.0
173680,20.0
173712,67.0
173840,59.0
173840,73.0
173840,40.0
173888,41.0
173904,100.0
174112,73.0
174176,79.0
174208,71.0
174224,40.0
174256,72.0
174304,83.0
174304,91.0
174320,30.0
174400,59.0
174432,37.0
174592,26.0
174608,22.0
174656,59.0
174752,22.0
174800,31.0
174896,29.0
174912,64.0
174944,83.0
174960,70.0
174960,40.0
174960,41.0
175168,26.0
175200,68.0
175296,31.0
175296,44.0
175328,27.0
175360,25.0
175376,92.0
175408,74.0
175456,34.0
175456,31.0
175536,58.0
175568,38.0
175648,44.0
175680,32.0
175744,28.0
175760,130.0
175824,101.0
175872,32.0
175888,77.0
175904,44.0
175920,15.0
175984,41.0
176016,28.0
176080,49.0
176240,26.0
176256,22.0
176384,25.0
176400,41.0
176416,55.0
176416,65.0
176432,61.0
176512,54.0
176512,69.0
176624,23.0
176624,13.0
176704,29.0
176704,78.0
176720,50.0
176880,50.0
177040,72.0
177056,34.0
177072,42.0
177104,30.0
177120,85.0
177120,43.0
177168,29.0
177280,54.0
177392,42.0
177456,99.0
177472,68.0
177504,24.0
177568,32.0
177568,59.0
177584,55.0
177632,37.0
177680,73.0
177808,26.0
177840,17.0
177872,37.0
177904,28.0
177952,49.0
177968,25.0
177984,32.0
178000,124.0
178032,28.0
178112,62.0
178304,27.0
178336,41.0
178336,91.0
178368,54.0
178384,17.0
178384,82.0
178464,27.0
178464,35.0
178624,42.0
178688,44.0
178752,23.0
178768,29.0
178816,53.0
178864,33.0
178880,67.0
178928,58.0
178928,68.0
178976,32.0
179040,44.0
179072,19.0
179120,12.0
179184,23.0
179200,98.0
179216,132.0
179216,37.0
179248,55.0
179296,11.0
179312,15.0
179344,29.0
179408,14.0
179424,13.0
179456,67.0
179504,16.0
179504,51.0
179504,40.0
179584,52.0
179600,16.0
179680,40.0
179776,29.0
179792,24.0
179840,86.0
179984,35.0
180048,34.0
180064,71.0
180064,30.0
180176,24.0
180208,77.0
180240,64.0
180240,49.0
180256,13.0
180320,30.0
180352,53.0
180368,43.0
180400,26.0
180416,76.0
180528,13.0
180640,54.0
180672,86.0
180704,75.0
180736,30.0
180816,40.0
180832,77.0
180896,52.0
180928,54.0
180960,45.0
180960,27.0
181072,42.0
181088,24.0
181136,45.0
181152,30.0
181168,51.0
181184,61.0
181248,63.0
181312,26.0
181328,43.0
181440,32.0
181520,35.0
181568,47.0
181648,43.0
181648,57.0
181664,52.0
181744,86.0
181840,41.0
181952,54.0
182000,22.0
182000,52.0
182016,44.0
182080,63.0
182080,59.0
182096,53.0
182096,59.0
182208,23.0
182272,33.0
182288,53.0
182304,61.0
182368,26.0
182416,48.0
182512,32.0
182528,32.0
182576,66.0
182592,64.0
182640,35.0
182672,36.0
182672,24.0
182688,24.0
182752,47.0
182752,34.0
182784,43.0
182816,34.0
182960,20.0
183072,44.0
183104,22.0
183168,37.0
183216,97.0
183232,35.0
183264,47.0
183312,45.0
183312,39.0
183328,57.0
183344,51.0
183504,43.0
183520,28.0
183552,24.0
183584,30.0
183632,55.0
183632,53.0
183664,44.0
183712,25.0
183712,10.0
183728,66.0
183808,31.0
183824,31.0
183872,23.0
183936,116.0
184032,51.0
184064,25.0
184096,24.0
184160,40.0
184176,22.0
184240,56.0
184384,13.0
184400,43.0
184448,51.0
184496,21.0
184544,46.0
184544,57.0
184560,39.0
184624,87.0
184768,24.0
184800,11.0
184848,18.0
184976,30.0
185024,72.0
185056,64.0
185072,84.0
185216,61.0
185232,24.0
185248,124.0
185280,46.0
185296,47.0
185360,19.0
185392,81.0
185424,115.0
185504,30.0
185552,49.0
185584,21.0
185584,19.0
185744,84.0
185792,36.0
185792,45.0
185824,27.0
185888,29.0
185952,94.0
186000,40.0
186016,65.0
186160,38.0
186192,23.0
186208,61.0
186256,42.0
186336,142.0
186368,98.0
186416,70.0
186464,42.0
186512,22.0
186624,39.0
186688,14.0
186816,54.0
186832,20.0
186848,69.0
186864,41.0
186864,80.0
186896,33.0
187008,76.0
187056,45.0
187072,74.0
187088,52.0
187184,20.0
187200,32.0
187248,66.0
187248,22.0
187296,29.0
187328,30.0
187360,22.0
187408,49.0
187440,64.0
187472,91.0
187616,35.0
187680,31.0
187696,55.0
187728,30.0
187776,26.0
187776,142.0
187856,24.0
187856,49.0
188064,13.0
188096,48.0
188176,82.0
188272,36.0
188272,34.0
188336,78.0
188368,67.0
188400,39.0
188576,13.0
188576,32.0
188608,88.0
188656,35.0
188656,30.0
188736,21.0
188768,95.0
188768,31.0
188832,89.0
188912,71.0
188928,78.0
188944,23.0
188960,12.0
188960,39.0
188976,70.0
189024,88.0
189040,48.0
189072,29.0
189104,12.0
189104,28.0
189168,25.0
189312,117.0
189360,39.0
189376,22.0
189392,26.0
189472,40.0
189488,52.0
189488,24.0
189536,60.0
189584,26.0
189616,32.0
189632,43.0
189648,38.0
189664,44.0
189728,48.0
189744,42.0
189760,14.0
189792,25.0
189920,16.0
189968,38.0
189984,66.0
190000,43.0
190048,25.0
190080,37.0
190144,35.0
190176,50.0
190272,49.0
190288,34.0
190336,36.0
190352,24.0
190368,20.0
190416,21.0
190448,51.0
190448,33.0
190640,57.0
190656,30.0
190704,18.0
190704,77.0
190784,73.0
190816,52.0
190928,49.0
190976,33.0
191008,23.0
191056,79.0
191136,50.0
191184,16.0
191200,24.0
191264,61.0
191280,36.0
191312,41.0
191328,39.0
191344,84.0
191360,62.0
191392,59.0
191472,13.0
191488,32.0
191504,77.0
191584,33.0
191648,32.0
191728,16.0
191728,59.0
191760,28.0
191776,17.0
191824,51.0
191824,15.0
191856,32.0
191888,44.0
191904,44.0
191936,28.0
191968,36.0
192000,42.0
192016,18.0
192192,115.0
192272,57.0
192272,31.0
192288,35.0
192320,29.0
192336,21.0
192544,45.0
192560,41.0
192608,37.0
192608,49.0
192608,26.0
192816,66.0
192816,53.0
192816,58.0
192832,74.0
192992,44.0
193024,68.0
193040,48.0
193040,44.0
193152,34.0
193280,29.0
193312,44.0
193344,129.0
193392,36.0
193424,54.0
193520,78.0
193520,75.0
193520,31.0
193616,19.0
193616,21.0
193744,57.0
193792,74.0
193840,26.0
193936,26.0
193936,26.0
194000,74.0
194048,56.0
194144,69.0
194176,35.0
194224,38.0
194224,77.0
194272,27.0
194288,34.0
194368,23.0
194368,20.0
194464,89.0
194464,120.0
194480,60.0
194496,72.0
194592,75.0
194624,43.0
194640,53.0
194672,11.0
194688,29.0
194704,48.0
194864,17.0
194912,15.0
194928,29.0
194976,31.0
195104,51.0
195104,58.0
195280,51.0
195312,42.0
195328,44.0
195360,16.0
195392,64.0
195456,68.0
195552,43.0
195568,15.0
195568,41.0
195584,56.0
195584,85.0
195584,82.0
195728,47.0
195824,45.0
195920,22.0
195920,22.0
195952,25.0
196016,41.0
196096,40.0
196160,126.0
196176,92.0
196224,57.0
196224,40.0
196256,21.0
196288,85.0
196352,21.0
196352,67.0
196464,34.0
196480,47.0
196512,35.0
196576,74.0
196624,25.0
196640,22.0
196640,34.0
196672,26.0
196688,32.0
196736,72.0
196784,75.0
196800,28.0
196880,26.0
197024,34.0
197056,52.0
197088,25.0
197104,19.0
197104,59.0
197120,30.0
197168,33.0
197184,38.0
197200,53.0
197216,87.0
197360,46.0
197424,57.0
197440,41.0
197504,25.0
197536,30.0
197552,51.0
197632,38.0
197632,47.0
197648,33.0
197744,41.0
197792,70.0
197808,28.0
197856,42.0
197888,43.0
197904,46.0
197936,19.0
198000,56.0
198000,31.0
198016,24.0
198064,39.0
198064,17.0
198080,21.0
198160,39.0
198176,17.0
198192,12.0
198240,27.0
198256,52.0
198384,73.0
198416,54.0
198608,14.0
198624,46.0
198640,39.0
198656,31.0
198656,45.0
198704,40.0
198720,67.0
198928,58.0
198944,68.0
198960,55.0
199072,55.0
199072,51.0
199088,27.0
199104,31.0
199104,43.0
199168,29.0
199216,72.0
199232,66.0
199440,14.0
199504,49.0
199536,29.0
199536,19.0
199584,58.0
199648,64.0
199824,46.0
199824,47.0
199824,56.0
199888,59.0
200016,30.0
200064,56.0
200096,37.0
200128,34.0
200144,38.0
200240,9.0
200272,102.0
200272,127.0
200288,74.0
200320,55.0
200336,43.0
200432,83.0
200448,93.0
200480,41.0
200544,45.0
200624,50.0
200656,13.0
200816,31.0
200832,43.0
200864,61.0
200928,50.0
200960,30.0
201056,51.0
201072,46.0
201088,50.0
201152,71.0
201168,56.0
201232,38.0
201280,63.0
201312,31.0
201344,26.0
201360,81.0
201504,27.0
201520,27.0
201584,45.0
201600,73.0
201648,43.0
201664,52.0
201664,10.0
201680,32.0
201728,67.0
201744,10.0
201744,75.0
201936,44.0
201968,41.0
202080,27.0
202096,65.0
202128,28.0
202368,40.0
202400,66.0
202432,22.0
202480,60.0
202512,72.0
202544,55.0
202544,36.0
202544,55.0
202560,60.0
202576,28.0
202576,89.0
202640,56.0
202688,59.0
202688,88.0
202784,43.0
202816,55.0
202912,27.0
202992,26.0
203008,29.0
203072,40.0
203120,45.0
203136,35.0
203152,29.0
203152,21.0
203200,43.0
203200,13.0
203248,29.0
203344,13.0
203392,53.0
203456,51.0
203472,35.0
203504,16.0
203600,28.0
203632,27.0
203648,28.0
203648,60.0
203760,87.0
203792,77.0
203792,25.0
203824,42.0
203888,55.0
203920,86.0
203920,29.0
204112,30.0
204208,68.0
204240,28.0
204240,73.0
204288,25.0
204320,42.0
204336,34.0
204400,56.0
204416,41.0
204496,42.0
204544,59.0
204592,30.0
204608,23.0
204624,44.0
204688,84.0
204688,65.0
204816,31.0
204864,59.0
204928,40.0
204976,48.0
204976,27.0
204992,41.0
205024,21.0
205136,56.0
205152,47.0
205168,106.0
205168,47.0
205216,33.0
205248,40.0
205248,41.0
205344,45.0
205456,40.0
205488,32.0
205552,39.0
205552,26.0
205584,27.0
205616,70.0
205792,50.0
205808,12.0
205856,43.0
205904,28.0
205968,11.0
206032,43.0
206032,28.0
206128,60.0
206176,39.0
206240,62.0
206240,43.0
206336,30.0
206448,99.0
206496,37.0
206544,83.0
206640,42.0
206736,44.0
206800,82.0
206896,54.0
206960,32.0
207072,56.0
207088,60.0
207088,47.0
207152,133.0
207152,38.0
207216,123.0
207216,61.0
207280,65.0
207296,35.0
207376,55.0
207376,98.0
207376,30.0
207440,14.0
207488,17.0
207520,159.0
207568,12.0
207584,31.0
207632,34.0
207760,43.0
207776,39.0
207856,36.0
207904,79.0
207920,60.0
207952,27.0
208000,14.0
208048,42.0
208096,45.0
208096,12.0
208144,84.0
208176,37.0
208192,47.0
208240,9.0
208240,24.0
208320,64.0
208384,51.0
208448,33.0
208480,15.0
208512,23.0
208528,33.0
208560,15.0
208576,51.0
208640,72.0
208688,66.0
208720,39.0
208752,11.0
208816,27.0
208832,41.0
208928,30.0
208960,28.0
209008,51.0
209024,67.0
209200,42.0
209248,33.0
209280,50.0
209440,75.0
209440,32.0
209520,92.0
209568,34.0
209568,23.0
209600,60.0
209648,13.0
209648,68.0
209760,67.0
209776,13.0
209824,63.0
209824,11.0
209872,37.0
210016,12.0
210016,74.0
210160,188.0
210176,33.0
210208,60.0
210272,52.0
210320,50.0
210336,48.0
210416,104.0
210416,34.0
210496,46.0
210624,64.0
210656,15.0
210768,47.0
210800,29.0
210832,32.0
210880,69.0
210912,56.0
211056,128.0
211056,49.0
211088,79.0
211104,38.0
211216,37.0
211216,24.0
211248,37.0
211264,53.0
211280,30.0
211440,24.0
211472,12.0
211616,32.0
211648,48.0
211696,30.0
211696,93.0
211776,101.0
211936,42.0
211984,48.0
212016,191.0
212016,48.0
212032,79.0
212048,117.0
212048,22.0
212080,62.0
212080,38.0
212096,65.0
212192,16.0
212304,41.0
212320,39.0
212400,39.0
212432,28.0
212448,52.0
212464,64.0
212592,105.0
212640,37.0
212704,39.0
212720,44.0
212720,16.0
212752,28.0
212752,41.0
212784,24.0
212896,55.0
212896,28.0
212912,54.0
213072,30.0
213088,24.0
213120,43.0
213120,68.0
213152,52.0
213248,38.0
213424,33.0
213456,46.0
213504,47.0
213536,28.0
213568,93.0
213696,61.0
213696,28.0
213696,34.0
213776,62.0
213792,55.0
213856,46.0
213872,50.0
213968,67.0
214160,37.0
214192,48.0
214192,125.0
214256,47.0
214304,21.0
214368,11.0
214416,45.0
214464,37.0
214480,49.0
214512,46.0
214512,20.0
214512,41.0
214544,63.0
214576,26.0
214640,14.0
214656,119.0
214848,12.0
214928,42.0
214976,27.0
215024,45.0
215040,120.0
215104,103.0
215120,38.0
215184,38.0
215200,43.0
215248,38.0
215280,15.0
215360,104.0
215376,99.0
215376,12.0
215408,56.0
215408,59.0
215424,28.0
215440,12.0
215488,70.0
215504,64.0
215584,30.0
215600,36.0
215776,53.0
215792,37.0
215824,44.0
215904,34.0
215920,67.0
215936,22.0
215968,30.0
216000,39.0
216048,38.0
216128,53.0
216128,47.0
216144,45.0
216224,20.0
216240,40.0
216256,29.0
216272,17.0
216352,36.0
216368,60.0
216528,11.0
216608,29.0
216704,41.0
216720,50.0
216784,32.0
216784,51.0
216800,35.0
216896,42.0
216928,50.0
217008,94.0
217008,40.0
217040,27.0
217088,60.0
217104,19.0
217136,27.0
217184,25.0
217216,80.0
217280,64.0
217312,119.0
217328,94.0
217344,39.0
217344,26.0
217504,31.0
217632,19.0
217680,49.0
217744,38.0
217776,78.0
217792,30.0
217792,49.0
217792,38.0
217808,37.0
217840,46.0
218032,43.0
218064,61.0
218144,85.0
218176,24.0
218256,29.0
218256,29.0
218272,27.0
218368,39.0
218432,47.0
218544,18.0
218544,75.0
218608,27.0
218624,51.0
218656,64.0
218720,105.0
218752,45.0
218784,40.0
218928,17.0
218976,106.0
219008,47.0
219040,31.0
219072,40.0
219088,19.0
219088,64.0
219136,85.0
219136,102.0
219280,15.0
219296,47.0
219296,64.0
219344,39.0
219520,14.0
219552,36.0
219552,59.0
219568,27.0
219584,60.0
219680,47.0
219680,58.0
219696,38.0
219776,30.0
219872,37.0
219888,23.0
220048,60.0
220080,46.0
220112,35.0
220128,66.0
220160,24.0
220192,32.0
220272,119.0
220304,81.0
220320,47.0
220400,79.0
220496,57.0
220512,15.0
220624,67.0
220624,58.0
220672,22.0
221008,24.0
221056,54.0
221088,76.0
221104,76.0
221168,42.0
221184,49.0
221232,74.0
221264,69.0
221312,77.0
221328,14.0
221344,21.0
221440,16.0
221488,54.0
221488,51.0
221536,64.0
221552,18.0
221568,14.0
221632,34.0
221696,29.0
221728,89.0
221744,16.0
221776,45.0
221872,44.0
222064,122.0
222096,123.0
222128,24.0
222144,51.0
222160,37.0
222352,45.0
222368,37.0
222384,43.0
222400,17.0
222400,57.0
222416,43.0
222496,60.0
222512,75.0
222512,60.0
222640,15.0
222688,188.0
222736,22.0
222736,36.0
222816,86.0
222880,49.0
222960,38.0
223008,32.0
223040,56.0
223056,43.0
223072,63.0
223088,28.0
223136,45.0
223136,39.0
223312,36.0
223312,50.0
223344,24.0
223344,59.0
223424,22.0
223440,44.0
223456,25.0
223504,23.0
223536,14.0
223552,105.0
223584,10.0
223616,46.0
223648,32.0
223696,24.0
223712,64.0
223920,69.0
224064,38.0
224112,48.0
224112,33.0
224160,70.0
224208,44.0
224224,49.0
224272,39.0
224336,50.0
224352,41.0
224384,52.0
224400,87.0
224432,51.0
224512,73.0
224640,26.0
224656,34.0
224704,23.0
224720,20.0
224720,35.0
224736,103.0
224752,23.0
224864,72.0
224864,32.0
224912,62.0
224944,46.0
224992,35.0
225056,34.0
225072,60.0
225072,21.0
225088,14.0
225200,34.0
225280,76.0
225312,65.0
225344,39.0
225424,30.0
225456,37.0
225536,56.0
225584,55.0
225632,40.0
225632,57.0
225792,37.0
225808,56.0
225968,24.0
225968,56.0
226016,58.0
226048,46.0
226080,41.0
226080,63.0
226160,55.0
226192,71.0
226208,42.0
226208,36.0
226240,93.0
226256,18.0
226384,65.0
226400,59.0
226464,52.0
226544,46.0
226576,12.0
226672,27.0
226736,41.0
226944,58.0
226944,43.0
227008,38.0
227024,54.0
227040,67.0
227056,53.0
227056,63.0
227088,32.0
227136,59.0
227152,13.0
227312,40.0
227360,80.0
227360,72.0
227376,14.0
227392,53.0
227520,30.0
227536,37.0
227536,30.0
227600,71.0
227648,32.0
227760,64.0
227776,47.0
227792,27.0
227792,125.0
227824,27.0
227872,54.0
227872,21.0
227888,52.0
227920,35.0
227968,28.0
228080,13.0
228128,51.0
228384,63.0
228384,46.0
228512,61.0
228560,92.0
228576,50.0
228624,34.0
228624,52.0
228640,45.0
228704,20.0
228704,59.0
228784,41.0
228848,78.0
228960,68.0
229072,43.0
229104,20.0
229152,79.0
229200,77.0
229200,86.0
229248,38.0
229312,43.0
229312,50.0
229360,16.0
229408,35.0
229488,18.0
229504,55.0
229616,65.0
229616,34.0
229616,66.0
229648,28.0
229696,21.0
229728,64.0
229744,16.0
229776,39.0
229840,27.0
229872,35.0
229952,135.0
229984,46.0
230048,46.0
230096,87.0
230240,37.0
230272,48.0
230272,82.0
230288,42.0
230304,43.0
230320,44.0
230336,37.0
230416,43.0
230496,50.0
230496,25.0
230528,47.0
230528,18.0
230560,16.0
230720,53.0
230736,13.0
230752,57.0
230784,32.0
230784,50.0
230816,30.0
230880,35.0
230896,59.0
230960,11.0
230992,59.0
231056,48.0
231072,34.0
231104,43.0
231104,34.0
231136,40.0
231152,41.0
231216,59.0
231296,36.0
231456,45.0
231536,27.0
231584,32.0
231664,53.0
231696,51.0
231776,62.0
231872,11.0
231888,58.0
231904,53.0
231952,41.0
232112,36.0
232128,77.0
232176,89.0
232192,75.0
232208,66.0
232224,70.0
232304,68.0
232336,47.0
232400,33.0
232480,17.0
232496,37.0
232528,26.0
232608,41.0
232608,27.0
232640,94.0
232800,84.0
232864,46.0
232960,20.0
232960,48.0
233008,13.0
233024,71.0
233072,81.0
233072,34.0
233104,39.0
233104,90.0
233136,46.0
233152,51.0
233232,17.0
233296,12.0
233360,71.0
233392,49.0
233456,27.0
233552,43.0
233744,32.0
233744,22.0
233760,29.0
233808,50.0
233808,75.0
233824,42.0
233920,89.0
233952,62.0
233984,57.0
234032,58.0
234080,63.0
234128,36.0
234224,29.0
234368,15.0
234384,35.0
234416,42.0
234432,22.0
234448,40.0
234512,48.0
234576,142.0
234608,92.0
234624,44.0
234640,41.0
234656,27.0
234656,44.0
234672,54.0
234784,22.0
234800,27.0
234832,12.0
234896,28.0
234912,33.0
234960,100.0
235040,29.0
235040,63.0
235056,27.0
235120,18.0
235136,21.0
235216,44.0
235312,44.0
235440,49.0
235488,28.0
235552,131.0
235616,31.0
235712,65.0
235728,82.0
235760,54.0
235824,24.0
235840,50.0
235872,57.0
236048,11.0
236112,91.0
236144,68.0
236208,81.0
236224,90.0
236272,45.0
236352,65.0
236400,35.0
236416,50.0
236448,77.0
236496,17.0
236576,90.0
236688,54.0
236704,35.0
236736,18.0
236960,77.0
236976,93.0
236976,30.0
237024,61.0
237040,58.0
237056,53.0
237072,85.0
237088,32.0
237104,25.0
237120,85.0
237136,46.0
237136,54.0
237216,12.0
237328,37.0
237360,18.0
237616,35.0
237648,33.0
237696,35.0
237744,44.0
237744,87.0
237840,72.0
237904,50.0
237952,54.0
238048,67.0
238048,43.0
238064,46.0
238096,55.0
238096,25.0
238192,77.0
238208,37.0
238240,37.0
238352,38.0
238368,20.0
238416,23.0
238480,36.0
238496,41.0
238496,34.0
238592,91.0
238656,37.0
238656,140.0
238720,22.0
238768,112.0
238816,45.0
238848,23.0
238912,45.0
238928,45.0
238960,54.0
238960,29.0
239104,28.0
239120,39.0
239264,42.0
239376,102.0
239440,42.0
239472,13.0
239552,71.0
239568,76.0
239616,44.0
239680,47.0
239776,51.0
239808,43.0
239824,99.0
239904,50.0
239936,68.0
240000,28.0
240048,36.0
240112,81.0
240160,34.0
240176,38.0
240256,13.0
240288,32.0
240320,100.0
240352,57.0
240480,42.0
240544,99.0
240560,55.0
240608,20.0
240624,32.0
240672,48.0
240800,39.0
240848,64.0
240848,137.0
240880,59.0
240912,27.0
240928,20.0
241072,106.0
241072,67.0
241136,49.0
241168,53.0
241376,52.0
241408,78.0
241456,33.0
241456,41.0
241504,39.0
241520,42.0
241568,63.0
241584,57.0
241632,49.0
241760,53.0
241872,46.0
241904,28.0
241904,52.0
241952,55.0
242144,24.0
242176,19.0
242320,46.0
242320,106.0
242336,55.0
242368,60.0
242368,75.0
242432,66.0
242448,51.0
242464,32.0
242608,69.0
242624,66.0
242656,21.0
242688,14.0
242752,77.0
242784,55.0
242864,13.0
242864,163.0
242880,32.0
242896,62.0
242912,48.0
242944,12.0
242960,37.0
243008,36.0
243008,25.0
243024,43.0
243072,47.0
243088,25.0
243136,17.0
243248,67.0
243360,29.0
243376,19.0
243376,22.0
243392,24.0
243472,37.0
243504,66.0
243504,45.0
243616,44.0
243632,63.0
243712,21.0
243776,17.0
243808,35.0
243856,62.0
243904,48.0
243904,33.0
243920,26.0
243952,62.0
244096,46.0
244208,16.0
244272,79.0
244336,54.0
244416,50.0
244416,64.0
244448,51.0
244464,38.0
244464,43.0
244464,47.0
244544,39.0
244624,51.0
244736,103.0
244800,44.0
244912,29.0
244960,31.0
245008,34.0
245088,42.0
245088,51.0
245120,49.0
245136,45.0
245136,137.0
245200,62.0
245216,30.0
245264,40.0
245296,87.0
245296,31.0
245408,94.0
245456,28.0
245520,61.0
245600,29.0
245664,44.0
245664,28.0
245664,23.0
245728,20.0
245744,52.0
245760,81.0
245856,48.0
245920,29.0
245920,41.0
246000,57.0
246016,22.0
246016,55.0
246032,57.0
246080,30.0
246144,14.0
246192,56.0
246208,43.0
246272,34.0
246400,34.0
246416,76.0
246512,48.0
246608,59.0
246688,34.0
246704,43.0
246704,39.0
246784,47.0
246816,34.0
246832,40.0
246864,29.0
246864,59.0
246880,55.0
246960,59.0
246960,81.0
247088,14.0
247104,18.0
247136,45.0
247264,36.0
247328,45.0
247424,18.0
247520,46.0
247520,51.0
247568,38.0
247728,13.0
247808,58.0
247840,32.0
247856,64.0
247936,26.0
247984,92.0
248000,112.0
248080,51.0
248128,18.0
248160,19.0
248176,76.0
248192,29.0
248192,69.0
248224,154.0
248304,90.0
248400,61.0
248432,83.0
248464,110.0
248608,42.0
248640,41.0
248720,37.0
248768,19.0
248768,60.0
248896,56.0
248976,51.0
249040,92.0
249088,54.0
249152,61.0
249200,27.0
249232,50.0
249312,34.0
249376,25.0
249440,78.0
249440,65.0
249456,51.0
249472,47.0
249472,73.0
249520,39.0
249648,98.0
249664,12.0
249824,24.0
249888,80.0
249968,51.0
249984,29.0
250080,118.0
250080,44.0
250112,41.0
250112,42.0
250128,29.0
250128,56.0
250144,66.0
250240,10.0
250336,22.0
250352,14.0
250432,29.0
250480,90.0
250528,76.0
250592,87.0
250720,38.0
250896,89.0
250912,20.0
250976,46.0
251008,56.0
251024,55.0
251024,43.0
251024,75.0
251040,87.0
251120,40.0
251184,17.0
251280,72.0
251344,91.0
251392,54.0
251488,66.0
251488,37.0
251488,28.0
251536,22.0
251632,39.0
251680,41.0
251744,87.0
251792,42.0
251792,48.0
251840,35.0
251936,76.0
251952,35.0
252000,120.0
252016,62.0
252112,71.0
252160,14.0
252192,44.0
252240,44.0
252240,56.0
252272,27.0
252288,31.0
252416,26.0
252448,21.0
252512,52.0
252576,52.0
252640,72.0
252672,45.0
252720,27.0
252736,29.0
252832,65.0
252864,53.0
252864,39.0
252912,89.0
252960,32.0
252976,46.0
252976,84.0
253184,20.0
253184,13.0
253200,43.0
253392,35.0
253392,47.0
253440,54.0
253552,51.0
253552,43.0
253552,55.0
253600,39.0
253600,40.0
253696,32.0
253712,33.0
253760,98.0
253792,25.0
253840,70.0
253840,15.0
253872,107.0
253968,97.0
254112,25.0
254176,46.0
254224,52.0
254224,24.0
254256,44.0
254288,33.0
254384,92.0
254416,76.0
254496,59.0
254528,22.0
254528,46.0
254608,40.0
254640,48.0
254656,27.0
254848,78.0
254960,42.0
255040,93.0
255056,42.0
255088,52.0
255104,43.0
255104,79.0
255136,57.0
255184,93.0
255200,35.0
255232,46.0
255296,28.0
255328,50.0
255472,85.0
255488,52.0
255568,33.0
255584,61.0
255584,30.0
255600,32.0
255648,34.0
255680,72.0
255728,31.0
255872,51.0
255920,46.0
255920,60.0
256048,35.0
256128,13.0
256144,59.0
256160,35.0
256176,37.0
256208,67.0
256224,56.0
256224,40.0
256256,38.0
256304,63.0
256320,47.0
256480,50.0
256608,28.0
256640,48.0
256672,59.0
256688,32.0
256816,37.0
256816,31.0
256832,33.0
256848,40.0
256848,50.0
256928,63.0
256976,52.0
257120,56.0
257200,108.0
257248,48.0
257248,38.0
257376,78.0
257392,49.0
257520,44.0
257536,26.0
257536,35.0
257568,55.0
257616,48.0
257664,53.0
257712,65.0
257760,58.0
257792,37.0
257888,40.0
257936,20.0
257936,26.0
257968,45.0
257984,71.0
258032,20.0
258032,31.0
258064,33.0
258112,116.0
258112,34.0
258128,75.0
258320,21.0
258320,58.0
258352,24.0
258448,49.0
258496,29.0
258496,35.0
258528,26.0
258560,48.0
258704,48.0
258736,85.0
258752,25.0
258816,44.0
258848,68.0
258928,30.0
258960,29.0
259024,56.0
259024,44.0
259072,47.0
259152,21.0
259168,69.0
259184,72.0
259264,33.0
259312,18.0
259456,44.0
259520,35.0
259552,24.0
259552,30.0
259584,17.0
259632,67.0
259648,29.0
259648,45.0
259808,120.0
259824,83.0
259872,73.0
259872,84.0
259904,66.0
259936,42.0
259936,26.0
259968,59.0
259984,52.0
260016,23.0
260304,31.0
260304,20.0
260384,47.0
260416,34.0
260544,60.0
260624,67.0
260688,49.0
260752,51.0
260864,82.0
260880,57.0
260896,64.0
260944,63.0
260976,18.0
261024,98.0
261056,77.0
261072,28.0
261120,23.0
261120,51.0
261136,37.0
261152,94.0
261168,47.0
261312,63.0
261328,82.0
261424,65.0
261472,28.0
261568,27.0
261568,16.0
261584,45.0
261600,30.0
261600,30.0
261744,42.0
261760,27.0
261808,24.0
261920,28.0
261968,67.0
262032,29.0
262048,29.0
262048,55.0
262176,75.0
262208,38.0
262272,76.0
262320,86.0
262432,39.0
262464,99.0
262480,35.0
262560,60.0
262624,54.0
262672,39.0
262688,70.0
262704,42.0
262704,97.0
262800,47.0
262912,44.0
262928,19.0
262992,64.0
263040,21.0
263056,55.0
263152,43.0
263152,37.0
263264,35.0
263280,50.0
263280,60.0
263280,53.0
263328,33.0
263360,101.0
263376,29.0
263424,31.0
263440,18.0
263440,28.0
263520,53.0
263616,36.0
263680,26.0
263680,39.0
263760,27.0
263808,24.0
263920,34.0
263952,42.0
263984,81.0
264064,28.0
264176,31.0
264176,56.0
264192,15.0
264208,58.0
264256,36.0
264272,70.0
264432,39.0
264432,67.0
264496,46.0
264496,66.0
264544,23.0
264560,143.0
264608,43.0
264720,34.0
264784,14.0
264816,13.0
264832,40.0
264864,20.0
264976,45.0
264992,92.0
264992,13.0
265056,39.0
265136,67.0
265168,42.0
265232,46.0
265232,26.0
265280,115.0
265328,31.0
265408,26.0
265488,66.0
265616,24.0
265632,41.0
265760,44.0
265792,50.0
265808,42.0
265824,41.0
265824,60.0
265824,97.0
265840,102.0
265984,41.0
266064,130.0
266176,48.0
266208,26.0
266288,29.0
266304,31.0
266352,45.0
266368,33.0
266384,56.0
266384,104.0
266400,70.0
266528,57.0
266544,49.0
266544,82.0
266608,34.0
266624,50.0
266640,27.0
266704,45.0
266800,32.0
266848,29.0
266880,44.0
266912,33.0
267024,25.0
267040,42.0
267056,77.0
267056,32.0
267120,26.0
267136,52.0
267248,23.0
267264,46.0
267360,21.0
267488,36.0
267568,32.0
267584,49.0
267600,30.0
267696,41.0
267712,36.0
267728,86.0
267776,73.0
267856,37.0
267856,63.0
267888,52.0
267952,88.0
267968,83.0
268016,41.0
268032,27.0
268304,28.0
268304,51.0
268320,38.0
268352,69.0
268496,50.0
268528,35.0
268576,34.0
268688,42.0
268720,52.0
268800,31.0
268896,70.0
268912,37.0
268912,74.0
268928,39.0
268944,86.0
268960,69.0
269056,92.0
269136,26.0
269152,12.0
269232,20.0
269248,178.0
269296,38.0
269312,49.0
269312,46.0
269328,52.0
269360,19.0
269408,29.0
269408,32.0
269552,40.0
269600,22.0
269600,50.0
269616,79.0
269632,31.0
269632,105.0
269792,27.0
269888,35.0
269888,41.0
269984,12.0
270032,25.0
270064,41.0
270080,28.0
270192,36.0
270224,21.0
270288,43.0
270304,15.0
270336,58.0
270336,65.0
270352,65.0
270368,66.0
270432,55.0
270448,95.0
270464,30.0
270544,87.0
270560,21.0
270768,46.0
270832,29.0
270848,19.0
270848,31.0
270880,80.0
270912,64.0
270928,46.0
271008,34.0
271024,43.0
271040,37.0
271152,51.0
271216,24.0
271232,59.0
271264,24.0
271360,32.0
271392,29.0
271424,84.0
271440,55.0
271504,46.0
271632,38.0
271664,77.0
271664,27.0
271680,86.0
271744,44.0
271936,19.0
271952,69.0
271968,29.0
271984,35.0
272032,51.0
272064,57.0
272064,25.0
272112,69.0
272224,17.0
272224,54.0
272240,50.0
272272,63.0
272288,39.0
272352,23.0
272464,49.0
272496,69.0
272624,107.0
272640,33.0
272640,22.0
272736,42.0
272752,63.0
272768,44.0
272816,34.0
272832,23.0
272848,51.0
272944,37.0
273088,29.0
273216,29.0
273216,78.0
273376,33.0
273376,90.0
273456,60.0
273456,32.0
273456,15.0
273488,79.0
273520,49.0
273520,80.0
273616,61.0
273680,29.0
273680,57.0
273696,15.0
273776,43.0
273808,62.0
273824,100.0
273824,23.0
273904,24.0
273936,26.0
273984,84.0
274032,75.0
274208,33.0
274208,52.0
274224,33.0
274240,16.0
274256,27.0
274272,37.0
274416,50.0
274496,43.0
274624,45.0
274672,28.0
274736,29.0
274816,55.0
274864,23.0
274864,41.0
274880,69.0
274880,39.0
274912,55.0
274912,68.0
274976,95.0
274992,36.0
275024,96.0
275232,26.0
275232,64.0
275248,24.0
275248,23.0
275296,24.0
275312,36.0
275328,44.0
275456,30.0
275456,37.0
275488,16.0
275600,23.0
275616,23.0
275648,48.0
275664,143.0
275728,66.0
275760,48.0
275792,19.0
275792,31.0
275808,56.0
276000,34.0
276096,31.0
276096,67.0
276128,50.0
276144,33.0
276192,34.0
276192,46.0
276288,30.0
276288,128.0
276304,66.0
276304,13.0
276368,36.0
276416,41.0
276480,12.0
276496,22.0
276512,13.0
276656,41.0
276704,32.0
276720,22.0
276736,40.0
276880,37.0
276896,77.0
276912,27.0
276976,35.0
277008,106.0
277040,57.0
277136,59.0
277184,30.0
277264,92.0
277296,36.0
277360,29.0
277392,32.0
277472,60.0
277504,63.0
277536,25.0
277552,78.0
277664,25.0
277712,44.0
277728,51.0
277744,48.0
277760,127.0
277808,39.0
277840,50.0
277856,29.0
277888,77.0
277888,22.0
277904,34.0
278032,81.0
278080,14.0
278272,33.0
278272,48.0
278288,36.0
278336,27.0
278352,34.0
278432,60.0
278448,38.0
278464,50.0
278464,27.0
278528,48.0
278608,82.0
278608,45.0
278832,23.0
278832,23.0
278848,48.0
278848,31.0
278896,63.0
278992,44.0
279008,30.0
279072,14.0
279152,100.0
279168,90.0
279184,47.0
279216,55.0
279376,23.0
279392,70.0
279440,52.0
279488,41.0
279568,45.0
279600,62.0
279616,49.0
279632,74.0
279744,37.0
279776,44.0
279792,36.0
279824,27.0
279968,37.0
280000,25.0
280016,109.0
280048,38.0
280160,33.0
280176,35.0
280176,62.0
280272,69.0
280288,50.0
280368,39.0
280480,32.0
280512,29.0
280528,15.0
280624,53.0
280656,30.0
280704,43.0
280704,34.0
280720,72.0
280720,56.0
280752,116.0
280816,40.0
280912,120.0
280944,26.0
280960,43.0
281008,33.0
281216,32.0
281264,28.0
281280,36.0
281344,45.0
281344,21.0
281424,66.0
281440,30.0
281472,51.0
281520,15.0
281552,52.0
281616,25.0
281648,44.0
281696,74.0
281792,55.0
281936,37.0
282016,25.0
282080,35.0
282096,34.0
282160,148.0
282224,55.0
282256,52.0
282320,145.0
282432,40.0
282512,22.0
282512,110.0
282576,35.0
282608,24.0
282640,86.0
282784,71.0
282784,129.0
282784,43.0
282816,13.0
282848,88.0
282896,51.0
282896,16.0
282992,26.0
283072,40.0
283088,36.0
283104,88.0
283104,73.0
283168,53.0
283184,25.0
283200,108.0
283264,63.0
283344,31.0
283344,52.0
283344,35.0
283424,20.0
283568,36.0
283616,33.0
283632,46.0
283632,35.0
283648,34.0
283696,32.0
283712,51.0
283856,65.0
283872,33.0
284032,29.0
284112,59.0
284160,29.0
284256,52.0
284368,69.0
284368,73.0
284400,48.0
284400,43.0
284416,50.0
284448,36.0
284512,73.0
284544,24.0
284576,13.0
284592,60.0
284672,83.0
284832,27.0
284848,62.0
284928,134.0
284944,57.0
284960,34.0
284992,34.0
285024,32.0
285072,51.0
285088,10.0
285136,93.0
285168,31.0
285312,45.0
285312,46.0
285328,24.0
285344,59.0
285360,32.0
285424,21.0
285552,74.0
285584,39.0
285616,39.0
285632,31.0
285744,36.0
285840,33.0
285872,50.0
285904,35.0
286096,34.0
286144,51.0
286160,36.0
286208,53.0
286208,36.0
286256,32.0
286288,136.0
286352,28.0
286384,32.0
286384,97.0
286576,30.0
286656,65.0
286672,78.0
286752,25.0
286816,35.0
286848,29.0
286848,63.0
286880,98.0
286928,149.0
287072,49.0
287120,57.0
287248,139.0
287248,54.0
287312,27.0
287360,34.0
287376,44.0
287392,34.0
287456,78.0
287472,51.0
287472,39.0
287520,59.0
287568,89.0
287632,35.0
287664,57.0
287712,15.0
287728,38.0
287824,32.0
288016,31.0
288032,36.0
288064,51.0
288064,42.0
288080,45.0
288112,74.0
288112,54.0
288176,44.0
288192,127.0
288240,14.0
288272,40.0
288288,11.0
288352,33.0
288400,13.0
288416,53.0
288432,45.0
288560,33.0
288592,33.0
288656,62.0
288736,41.0
288752,40.0
288752,36.0
288800,89.0
288816,24.0
288816,68.0
288912,35.0
288944,33.0
288992,45.0
289024,39.0
289136,25.0
289168,55.0
289184,15.0
289200,71.0
289200,38.0
289216,35.0
289232,13.0
289360,34.0
289424,42.0
289456,41.0
289504,32.0
289536,21.0
289536,81.0
289824,67.0
289856,45.0
289872,40.0
289936,45.0
289936,32.0
290048,71.0
290096,58.0
290128,59.0
290144,83.0
290144,49.0
290160,14.0
290192,41.0
290256,20.0
290368,57.0
290400,19.0
290432,56.0
290544,45.0
290608,69.0
290640,49.0
290640,31.0
290656,33.0
290688,51.0
290736,136.0
290848,30.0
290864,44.0
290864,45.0
290896,18.0
290944,43.0
291008,36.0
291088,65.0
291200,125.0
291248,38.0
291280,55.0
291472,49.0
291504,60.0
291552,57.0
291584,31.0
291616,48.0
291632,27.0
291648,11.0
291696,60.0
291696,65.0
291840,37.0
291856,104.0
291984,61.0
292016,67.0
292032,24.0
292032,28.0
292064,75.0
292208,82.0
292336,45.0
292352,45.0
292416,36.0
292480,17.0
292480,101.0
292560,34.0
292592,82.0
292640,36.0
292672,12.0
292704,75.0
292736,74.0
292784,58.0
292864,52.0
292912,76.0
292960,79.0
292960,39.0
292976,26.0
293104,29.0
293104,32.0
293152,73.0
293168,51.0
293184,72.0
293280,31.0
293360,59.0
293376,42.0
293456,61.0
293488,13.0
293488,51.0
293552,37.0
293712,34.0
293824,45.0
293888,46.0
293968,54.0
294016,80.0
294064,55.0
294112,47.0
294144,77.0
294192,76.0
294208,15.0
294208,47.0
294256,55.0
294256,27.0
294320,91.0
294368,30.0
294400,90.0
294544,66.0
294544,66.0
294608,66.0
294656,28.0
294720,63.0
294752,38.0
294816,35.0
294848,41.0
294880,51.0
294896,43.0
294944,25.0
295040,27.0
295136,70.0
295312,27.0
295488,46.0
295488,34.0
295520,79.0
295616,56.0
295632,46.0
295680,64.0
295696,41.0
295744,89.0
295776,86.0
295840,108.0
295840,92.0
295856,63.0
295904,68.0
295952,88.0
295968,52.0
296000,32.0
296032,22.0
296176,43.0
296256,46.0
296272,33.0
296272,27.0
296400,48.0
296432,41.0
296560,33.0
296640,15.0
296704,68.0
296752,20.0
296800,33.0
296816,53.0
296880,58.0
296896,39.0
296992,105.0
297040,54.0
297072,77.0
297104,69.0
297136,31.0
297200,24.0
297248,22.0
297312,47.0
297360,94.0
297392,40.0
297392,93.0
297488,49.0
297488,112.0
297664,39.0
297728,92.0
297728,26.0
297760,55.0
297872,24.0
297968,48.0
298080,63.0
298112,63.0
298112,54.0
298192,87.0
298272,25.0
298304,51.0
298320,74.0
298336,84.0
298448,49.0
298512,70.0
298576,53.0
298576,38.0
298640,55.0
298640,80.0
298656,34.0
298736,41.0
298896,49.0
298976,25.0
298992,42.0
299024,47.0
299056,54.0
299104,107.0
299136,50.0
299152,89.0
299168,32.0
299168,54.0
299200,35.0
299296,41.0
299392,59.0
299408,15.0
299472,11.0
299584,53.0
299600,34.0
299648,34.0
299760,78.0
299760,39.0
299760,74.0
299840,59.0
299840,40.0
299904,57.0
299952,30.0
299984,63.0
300000,53.0
300016,39.0
300048,40.0
300112,59.0
300128,69.0
300288,18.0
300336,43.0
300368,48.0
300560,50.0
300560,45.0
300560,50.0
300576,28.0
300624,42.0
300672,19.0
300672,24.0
300688,36.0
300720,42.0
300720,55.0
300864,18.0
301008,28.0
301040,66.0
301072,32.0
301088,67.0
301184,100.0
301216,91.0
301232,35.0
301280,17.0
301376,92.0
301440,22.0
301472,47.0
301472,53.0
301552,54.0
301584,13.0
301616,27.0
301632,48.0
301680,63.0
301744,29.0
301904,98.0
301952,46.0
302032,30.0
302064,84.0
302064,94.0
302080,65.0
302144,33.0
302176,44.0
302352,70.0
302400,83.0
302400,60.0
302480,21.0
302528,53.0
302528,49.0
302544,32.0
302704,40.0
302816,40.0
302944,85.0
302944,62.0
303056,44.0
303088,38.0
303280,55.0
303376,42.0
303440,57.0
303488,126.0
303520,70.0
303584,31.0
303584,122.0
303600,96.0
303616,67.0
303632,36.0
303808,20.0
303840,29.0
303888,124.0
303904,39.0
303984,91.0
304080,31.0
304112,31.0
304144,83.0
304144,75.0
304208,36.0
304224,134.0
304384,50.0
304400,60.0
304448,94.0
304448,19.0
304448,40.0
304448,38.0
304512,38.0
304544,59.0
304576,31.0
304864,26.0
304896,57.0
304928,45.0
304944,66.0
304976,33.0
304976,52.0
305072,42.0
305152,38.0
305152,65.0
305152,40.0
305152,13.0
305248,42.0
305264,25.0
305280,110.0
305440,62.0
305456,63.0
305472,34.0
305504,16.0
305520,34.0
305616,40.0
305632,30.0
305664,32.0
305744,53.0
305776,87.0
305792,98.0
305872,45.0
305920,29.0
306016,54.0
306048,36.0
306240,45.0
306288,42.0
306368,69.0
306400,46.0
306432,85.0
306432,50.0
306464,43.0
306560,51.0
306576,41.0
306592,45.0
306592,68.0
306624,38.0
306720,30.0
306736,81.0
306800,47.0
306944,72.0
306992,44.0
307008,34.0
307024,109.0
307072,42.0
307152,45.0
307152,35.0
307264,34.0
307344,61.0
307408,53.0
307456,41.0
307520,68.0
307552,35.0
307600,54.0
307760,73.0
307936,49.0
307968,51.0
308000,61.0
308000,41.0
308080,63.0
308096,95.0
308112,93.0
308160,25.0
308160,76.0
308160,35.0
308208,43.0
308224,16.0
308240,15.0
308288,80.0
308336,67.0
308496,31.0
308544,38.0
308592,65.0
308608,28.0
308656,78.0
308656,34.0
308752,41.0
308752,81.0
308752,26.0
308880,50.0
309056,53.0
309120,52.0
309152,62.0
309200,65.0
309264,48.0
309312,48.0
309328,69.0
309360,30.0
309392,40.0
309408,50.0
309440,49.0
309456,19.0
309504,57.0
309568,15.0
309568,11.0
309712,25.0
309712,32.0
309760,25.0
309824,99.0
309840,74.0
309888,71.0
309952,56.0
310032,48.0
310032,29.0
310032,13.0
310048,58.0
310064,41.0
310144,40.0
310176,38.0
310208,31.0
310240,13.0
310256,34.0
310288,52.0
310336,36.0
310432,105.0
310592,26.0
310656,28.0
310656,48.0
310672,39.0
310704,79.0
310736,37.0
310752,57.0
310752,20.0
310768,46.0
310864,52.0
310912,39.0
310944,13.0
311056,22.0
311072,51.0
311168,36.0
311168,52.0
311280,33.0
311280,39.0
311312,67.0
311312,25.0
311328,35.0
311408,41.0
311456,87.0
311456,50.0
311504,40.0
311520,98.0
311664,31.0
311840,56.0
311920,37.0
311968,56.0
312000,43.0
312064,38.0
312096,65.0
312160,31.0
312176,48.0
312192,95.0
312240,60.0
312240,11.0
312320,25.0
312320,65.0
312336,64.0
312368,54.0
312384,76.0
312496,41.0
312640,40.0
312640,30.0
312672,44.0
312752,77.0
312848,11.0
312848,38.0
312944,93.0
313056,19.0
313056,55.0
313088,47.0
313088,28.0
313184,34.0
313248,54.0
313264,73.0
313264,67.0
313264,64.0
313392,67.0
313424,36.0
313440,22.0
313440,11.0
313456,60.0
313648,24.0
313680,85.0
313776,21.0
313776,88.0
313776,45.0
313824,36.0
313840,49.0
313936,47.0
313984,45.0
314016,73.0
314112,21.0
314112,27.0
314128,22.0
314128,74.0
314144,47.0
314192,22.0
314256,27.0
314304,12.0
314368,59.0
314400,39.0
314480,64.0
314544,25.0
314592,72.0
314592,29.0
314624,96.0
314656,42.0
314688,65.0
314784,41.0
314800,31.0
314944,52.0
315088,38.0
315184,78.0
315296,31.0
315312,45.0
315376,47.0
315376,74.0
315456,50.0
315520,94.0
315536,59.0
315664,45.0
315664,30.0
315696,24.0
315728,74.0
315856,21.0
315856,12.0
315856,67.0
315888,95.0
315984,56.0
316144,48.0
316160,49.0
316224,43.0
316288,100.0
316352,66.0
316448,45.0
316544,55.0
316544,134.0
316560,21.0
316624,48.0
316720,54.0
316784,158.0
316816,58.0
316880,45.0
316928,92.0
316960,69.0
316960,26.0
316976,27.0
316992,53.0
317008,45.0
317168,28.0
317248,50.0
317296,42.0
317312,101.0
317344,24.0
317360,24.0
317520,60.0
317664,46.0
317664,42.0
317680,21.0
317776,51.0
317808,91.0
317856,53.0
317872,68.0
317872,13.0
317904,38.0
317984,20.0
318080,48.0
318128,38.0
318208,139.0
318256,25.0
318272,64.0
318320,21.0
318384,44.0
318448,36.0
318480,82.0
318496,43.0
318528,25.0
318576,76.0
318592,51.0
318704,50.0
318800,13.0
318864,38.0
318960,43.0
318976,31.0
318992,49.0
318992,29.0
319040,139.0
319072,75.0
319152,41.0
319200,47.0
319232,41.0
319376,42.0
319440,28.0
319488,28.0
319520,35.0
319568,36.0
319664,54.0
319680,28.0
319680,44.0
319696,101.0
319712,40.0
319744,179.0
319792,22.0
319904,47.0
319904,21.0
319920,66.0
319952,17.0
319968,28.0
319984,104.0
320192,51.0
320192,28.0
320208,33.0
320224,27.0
320256,48.0
320272,18.0
320384,45.0
320416,31.0
320480,36.0
320528,17.0
320608,139.0
320624,26.0
320656,59.0
320672,48.0
320704,63.0
320832,54.0
320848,103.0
320864,12.0
320880,43.0
320944,47.0
320960,63.0
321008,24.0
321040,48.0
321088,30.0
321104,45.0
321136,30.0
321248,64.0
321280,17.0
321296,28.0
321296,55.0
321344,29.0
321360,55.0
321376,26.0
321440,46.0
321552,28.0
321584,14.0
321632,43.0
321664,50.0
321776,46.0
321776,33.0
321872,49.0
321888,34.0
321904,38.0
321968,43.0
322080,44.0
322224,28.0
322288,53.0
322288,41.0
322368,37.0
322368,49.0
322416,47.0
322496,38.0
322544,126.0
322560,63.0
322608,92.0
322624,45.0
322656,114.0
322704,46.0
322896,100.0
322960,46.0
322976,38.0
323040,42.0
323088,42.0
323136,30.0
323200,57.0
323264,41.0
323280,49.0
323360,51.0
323440,72.0
323456,56.0
323584,94.0
323728,48.0
323728,43.0
323776,20.0
323792,68.0
323824,35.0
323856,36.0
323904,80.0
323920,128.0
324032,52.0
324096,23.0
324128,72.0
324128,77.0
324160,50.0
324176,65.0
324336,56.0
324432,38.0
324464,46.0
324528,47.0
324608,44.0
324640,29.0
324672,47.0
324784,43.0
324800,29.0
324896,65.0
324928,48.0
324976,34.0
325088,26.0
325104,61.0
325120,37.0
325120,83.0
325200,73.0
325200,17.0
325296,41.0
325344,34.0
325360,77.0
325376,143.0
325376,30.0
325440,61.0
325504,24.0
325584,13.0
325600,126.0
325600,51.0
325648,65.0
325664,35.0
325696,38.0
325712,37.0
325744,23.0
325776,30.0
325888,43.0
325936,46.0
325968,39.0
326080,36.0
326112,42.0
326144,30.0
326144,73.0
326160,36.0
326208,31.0
326304,44.0
326352,12.0
326368,37.0
326448,68.0
326544,59.0
326656,60.0
326704,51.0
326720,67.0
326768,14.0
326800,41.0
326816,23.0
326816,38.0
326912,48.0
326912,59.0
327008,67.0
327040,42.0
327104,50.0
327136,30.0
327168,28.0
327200,68.0
327200,10.0
327248,56.0
327264,95.0
327328,35.0
327376,15.0
327392,36.0
327488,88.0
327536,33.0
327568,41.0
327632,29.0
327680,61.0
327680,48.0
327696,56.0
327744,58.0
327776,24.0
327776,25.0
328016,33.0
328032,58.0
328048,53.0
328064,46.0
328160,57.0
328160,37.0
328192,35.0
328208,59.0
328224,43.0
328224,34.0
328240,65.0
328256,32.0
328400,11.0
328416,13.0
328528,47.0
328592,27.0
328592,34.0
328672,61.0
328704,34.0
328704,43.0
328864,50.0
328896,40.0
328896,70.0
328912,24.0
329024,52.0
329056,86.0
329168,36.0
329184,59.0
329200,49.0
329248,21.0
329328,39.0
329344,18.0
329408,34.0
329408,46.0
329568,42.0
329568,84.0
329600,75.0
329632,100.0
329664,60.0
329680,31.0
329824,26.0
329840,42.0
329872,42.0
329888,30.0
329952,85.0
329984,22.0
330160,71.0
330208,40.0
330240,56.0
330336,90.0
330352,25.0
330368,65.0
330400,45.0
330448,38.0
330464,50.0
330544,61.0
330560,25.0
330592,44.0
330704,45.0
330720,20.0
330752,72.0
330912,65.0
330944,70.0
330960,45.0
330976,40.0
331024,30.0
331056,29.0
331120,117.0
331152,44.0
331328,39.0
331344,71.0
331504,33.0
331568,41.0
331568,32.0
331584,77.0
331600,17.0
331632,30.0
331664,45.0
331728,24.0
331792,65.0
331824,69.0
331824,12.0
331840,80.0
332080,60.0
332112,34.0
332192,37.0
332208,44.0
332256,43.0
332320,31.0
332336,82.0
332368,125.0
332384,50.0
332448,93.0
332544,21.0
332544,29.0
332544,44.0
332768,20.0
332800,67.0
332832,63.0
332848,149.0
332864,20.0
332896,22.0
332944,39.0
332992,46.0
333040,41.0
333056,32.0
333056,54.0
333104,13.0
333136,50.0
333232,24.0
333232,90.0
333312,103.0
333344,30.0
333424,23.0
333472,26.0
333520,45.0
333600,77.0
333648,44.0
333664,42.0
333712,38.0
333744,14.0
333760,39.0
333776,34.0
333792,64.0
333808,48.0
333824,30.0
333888,29.0
333920,20.0
334144,20.0
334144,57.0
334176,29.0
334192,130.0
334272,60.0
334320,27.0
334336,42.0
334384,46.0
334384,40.0
334448,41.0
334480,63.0
334672,57.0
334688,19.0
334720,59.0
334736,37.0
334736,22.0
334768,53.0
334848,25.0
334880,38.0
335008,52.0
335088,22.0
335120,143.0
335200,33.0
335248,90.0
335264,33.0
335264,70.0
335328,40.0
335344,54.0
335536,21.0
335536,84.0
335568,35.0
335600,45.0
335600,80.0
335616,56.0
335696,28.0
335856,33.0
335920,20.0
335968,53.0
335968,27.0
335984,103.0
336000,41.0
336016,30.0
336016,47.0
336016,78.0
336096,52.0
336144,66.0
336192,31.0
336320,19.0
336432,51.0
336432,52.0
336480,102.0
336480,18.0
336496,58.0
336528,32.0
336544,43.0
336624,41.0
336640,41.0
336688,23.0
336688,34.0
336704,13.0
336720,39.0
336928,25.0
336928,24.0
336928,28.0
336976,34.0
336976,16.0
337024,24.0
337120,75.0
337344,26.0
337392,44.0
337440,89.0
337456,61.0
337456,33.0
337504,51.0
337568,71.0
337600,39.0
337600,100.0
337648,33.0
337728,50.0
337776,72.0
337776,47.0
337968,23.0
338032,43.0
338048,25.0
338176,28.0
338208,27.0
338320,55.0
338384,26.0
338416,90.0
338416,57.0
338464,26.0
338496,65.0
338496,58.0
338496,112.0
338528,71.0
338544,48.0
338560,69.0
338640,65.0
338656,39.0
338656,28.0
338656,30.0
338704,13.0
338864,21.0
338880,29.0
338928,185.0
338960,19.0
339088,48.0
339104,25.0
339120,36.0
339248,23.0
339264,53.0
339312,41.0
339344,53.0
339376,51.0
339424,20.0
339504,53.0
339552,68.0
339568,74.0
339680,47.0
339696,46.0
339728,26.0
339776,41.0
339776,43.0
339792,33.0
339840,75.0
340000,47.0
340016,95.0
340016,42.0
340160,29.0
340224,85.0
340240,54.0
340288,54.0
340336,31.0
340480,29.0
340608,52.0
340688,74.0
340688,71.0
340720,30.0
340752,74.0
340768,34.0
340800,50.0
340800,67.0
340816,41.0
341008,42.0
341008,76.0
341072,49.0
341120,90.0
341120,32.0
341136,85.0
341344,83.0
341376,56.0
341472,29.0
341472,49.0
341472,45.0
341472,44.0
341488,43.0
341552,46.0
341648,58.0
341680,12.0
341696,56.0
341712,44.0
341824,44.0
341840,31.0
341856,30.0
342000,58.0
342160,38.0
342208,46.0
342208,46.0
342224,69.0
342224,33.0
342256,98.0
342320,40.0
342528,44.0
342624,26.0
342624,25.0
342624,57.0
342624,26.0
342704,34.0
342720,45.0
342768,32.0
342832,38.0
342848,75.0
342880,64.0
342880,109.0
342976,41.0
342992,95.0
343056,11.0
343136,104.0
343152,33.0
343200,36.0
343456,58.0
343504,49.0
343552,31.0
343600,61.0
343616,40.0
343680,66.0
343696,62.0
343712,52.0
343712,45.0
343840,63.0
343936,24.0
344016,26.0
344192,66.0
344240,68.0
344272,51.0
344320,39.0
344352,40.0
344368,95.0
344368,100.0
344512,82.0
344608,48.0
344640,71.0
344720,180.0
344752,67.0
344816,39.0
344832,76.0
344912,19.0
344960,40.0
344960,64.0
344992,61.0
345040,33.0
345136,31.0
345168,51.0
345184,23.0
345248,63.0
345264,32.0
345360,11.0
345376,41.0
345408,23.0
345456,109.0
345456,39.0
345488,76.0
345552,35.0
345568,38.0
345584,76.0
345584,76.0
345808,14.0
345904,59.0
345936,43.0
345936,24.0
345984,31.0
346000,37.0
346000,39.0
346096,60.0
346128,35.0
346160,62.0
346208,81.0
346320,66.0
346352,26.0
346368,57.0
346384,36.0
346544,74.0
346576,37.0
346624,29.0
346624,65.0
346656,75.0
346688,23.0
346704,44.0
346704,31.0
346736,22.0
346752,47.0
346800,27.0
346848,59.0
347008,19.0
347040,29.0
347104,28.0
347200,67.0
347280,74.0
347408,66.0
347424,39.0
347472,27.0
347488,54.0
347488,40.0
347552,101.0
347680,71.0
347760,71.0
347776,67.0
347792,32.0
347824,51.0
347840,46.0
347952,30.0
348016,29.0
348128,86.0
348176,93.0
348192,32.0
348240,51.0
348256,30.0
348336,24.0
348400,35.0
348432,38.0
348448,78.0
348464,28.0
348480,109.0
348512,47.0
348528,70.0
348624,27.0
348688,32.0
348720,24.0
348768,80.0
348816,36.0
348864,67.0
348912,32.0
348944,26.0
349088,60.0
349088,39.0
349104,42.0
349136,103.0
349152,24.0
349184,42.0
349264,51.0
349280,41.0
349296,36.0
349424,73.0
349568,26.0
349616,71.0
349632,43.0
349664,33.0
349744,52.0
349920,69.0
349920,40.0
349968,54.0
350000,82.0
350112,78.0
350160,67.0
350160,54.0
350208,34.0
350240,38.0
350240,20.0
350240,20.0
350304,55.0
350384,81.0
350416,53.0
350528,14.0
350560,59.0
350704,11.0
350800,40.0
350960,106.0
350992,47.0
350992,38.0
351024,51.0
351040,55.0
351264,44.0
351280,82.0
351280,131.0
351280,80.0
351296,55.0
351312,67.0
351344,100.0
351344,34.0
351360,41.0
351520,33.0
351536,89.0
351632,40.0
351632,87.0
351648,23.0
351776,47.0
351792,27.0
351856,36.0
351872,36.0
351904,35.0
351904,37.0
351936,42.0
352032,47.0
352080,70.0
352112,67.0
352144,31.0
352272,40.0
352272,30.0
352304,27.0
352320,43.0
352336,51.0
352352,51.0
352368,27.0
352544,11.0
352592,43.0
352688,52.0
352752,30.0
352784,90.0
352816,31.0
352848,46.0
352864,32.0
352944,22.0
352944,73.0
352944,42.0
352960,58.0
353008,58.0
353072,13.0
353136,11.0
353264,58.0
353280,46.0
353296,32.0
353296,72.0
353312,35.0
353360,66.0
353392,28.0
353424,38.0
353520,14.0
353520,101.0
353712,36.0
353712,40.0
353792,30.0
353824,33.0
353824,34.0
353824,55.0
353840,62.0
353904,34.0
353952,15.0
353952,35.0
353968,44.0
353968,28.0
354032,38.0
354064,15.0
354208,24.0
354224,76.0
354320,102.0
354368,34.0
354384,27.0
354432,30.0
354624,49.0
354672,40.0
354720,21.0
354768,28.0
354832,48.0
354848,30.0
354928,88.0
354944,61.0
354992,35.0
354992,80.0
355024,51.0
355136,73.0
355136,12.0
355168,79.0
355264,26.0
355264,34.0
355280,32.0
355312,68.0
355344,13.0
355456,29.0
355472,158.0
355600,21.0
355632,60.0
355632,38.0
355696,119.0
355712,28.0
355728,56.0
355728,46.0
355760,52.0
355920,12.0
356000,41.0
356016,26.0
356016,55.0
356096,39.0
356128,42.0
356160,55.0
356176,97.0
356192,31.0
356368,75.0
356384,41.0
356400,40.0
356400,43.0
356448,27.0
356496,54.0
356544,57.0
356592,80.0
356768,40.0
356816,39.0
356832,52.0
356848,58.0
356848,22.0
356928,34.0
357040,13.0
357104,21.0
357136,65.0
357136,48.0
357184,40.0
357296,30.0
357328,58.0
357344,83.0
357360,74.0
357488,40.0
357504,84.0
357520,58.0
357616,32.0
357744,44.0
357760,39.0
357920,46.0
357936,20.0
357936,63.0
357968,38.0
358016,43.0
358144,53.0
358176,15.0
358176,27.0
358224,86.0
358352,27.0
358384,121.0
358432,42.0
358464,18.0
358496,131.0
358592,67.0
358656,45.0
358768,89.0
358784,51.0
358784,80.0
358800,26.0
358880,26.0
359072,58.0
359104,20.0
359168,72.0
359200,53.0
359216,28.0
359344,73.0
359376,140.0
359392,56.0
359504,25.0
359552,56.0
359568,25.0
359632,47.0
359728,81.0
359792,26.0
359792,37.0
359840,101.0
359904,43.0
359920,71.0
360032,90.0
360144,15.0
360176,34.0
360208,51.0
360240,42.0
360288,31.0
360336,79.0
360544,32.0
360560,40.0
360576,53.0
360640,31.0
360672,29.0
360672,70.0
360704,75.0
360736,35.0
360784,206.0
360800,125.0
360976,40.0
360992,75.0
361152,30.0
361200,57.0
361216,32.0
361216,34.0
361296,41.0
361312,33.0
361360,39.0
361376,127.0
361392,51.0
361440,28.0
361632,27.0
361664,43.0
361776,30.0
361808,27.0
361840,39.0
361856,82.0
361872,127.0
361904,32.0
362048,78.0
362048,56.0
362192,55.0
362224,63.0
362224,104.0
362272,127.0
362464,38.0
362496,71.0
362496,39.0
362512,44.0
362544,40.0
362624,25.0
362912,45.0
362928,93.0
362944,27.0
362992,85.0
363008,84.0
363024,33.0
363040,62.0
363040,75.0
363232,46.0
363408,74.0
363456,105.0
363504,91.0
363504,60.0
363520,30.0
363568,59.0
363584,36.0
363584,70.0
363648,12.0
363664,87.0
363744,50.0
363840,17.0
363856,51.0
363856,59.0
363872,59.0
363968,29.0
364144,35.0
364208,39.0
364240,37.0
364320,36.0
364400,62.0
364432,57.0
364448,91.0
364496,92.0
364544,55.0
364576,84.0
364592,46.0
364672,52.0
364672,44.0
364720,54.0
364944,44.0
364992,31.0
364992,70.0
365040,52.0
365136,46.0
365200,41.0
365200,39.0
365200,38.0
365216,34.0
365280,71.0
365280,52.0
365296,112.0
365392,67.0
365424,30.0
365456,29.0
365648,28.0
365744,82.0
365744,34.0
365760,30.0
365792,25.0
365872,42.0
365952,80.0
365952,42.0
366000,36.0
366080,59.0
366080,21.0
366128,68.0
366144,25.0
366160,54.0
366176,45.0
366272,39.0
366304,32.0
366336,24.0
366352,12.0
366416,106.0
366464,20.0
366496,46.0
366512,32.0
366528,96.0
366656,36.0
366784,98.0
366816,54.0
366912,36.0
366944,48.0
366960,52.0
367024,59.0
367104,77.0
367200,53.0
367264,28.0
367280,61.0
367376,26.0
367376,27.0
367408,55.0
367424,63.0
367456,42.0
367504,37.0
367584,82.0
367760,81.0
367808,34.0
367808,14.0
367856,52.0
367888,38.0
367936,52.0
368016,51.0
368016,35.0
368048,96.0
368096,45.0
368096,100.0
368112,43.0
368176,95.0
368336,33.0
368336,60.0
368496,68.0
368576,45.0
368624,54.0
368640,37.0
368656,72.0
368784,38.0
368784,28.0
368816,58.0
368848,52.0
368848,47.0
368896,68.0
368992,41.0
369024,25.0
369072,11.0
369072,18.0
369088,67.0
369104,63.0
369264,28.0
369280,44.0
369296,85.0
369344,44.0
369344,53.0
369456,84.0
369472,13.0
369488,29.0
369520,26.0
369584,46.0
369600,51.0
369600,32.0
369776,70.0
369888,51.0
369888,56.0
370080,38.0
370160,82.0
370176,36.0
370208,45.0
370304,45.0
370320,54.0
370352,63.0
370432,34.0
370512,90.0
370528,40.0
370576,31.0
370592,81.0
370608,83.0
370608,52.0
370640,70.0
370640,65.0
370688,30.0
370688,33.0
370736,27.0
370784,13.0
370960,101.0
370992,42.0
371040,22.0
371056,44.0
371056,20.0
371072,35.0
371088,30.0
371216,36.0
371248,40.0
371312,16.0
371360,42.0
371360,36.0
371408,48.0
371424,52.0
371424,78.0
371488,27.0
371504,29.0
371568,36.0
371680,37.0
371744,33.0
371776,51.0
371856,22.0
371904,92.0
371936,43.0
371936,36.0
372032,39.0
372032,42.0
372112,50.0
372128,44.0
372192,32.0
372256,20.0
372368,29.0
372432,31.0
372432,43.0
372480,66.0
372512,46.0
372688,135.0
372704,42.0
372784,76.0
372848,37.0
372864,27.0
372896,44.0
372928,51.0
372992,30.0
373008,95.0
373072,44.0
373088,126.0
373168,24.0
373200,45.0
373264,77.0
373472,29.0
373520,87.0
373648,36.0
373680,49.0
373712,45.0
373808,55.0
373808,122.0
373808,38.0
373840,36.0
373888,74.0
373936,68.0
374016,58.0
374064,102.0
374320,42.0
374400,43.0
374432,39.0
374576,88.0
374608,50.0
374624,69.0
374688,50.0
374720,18.0
374768,10.0
374784,45.0
374864,74.0
374896,68.0
374912,61.0
374912,37.0
374944,34.0
374976,71.0
374992,144.0
374992,133.0
375024,28.0
375152,27.0
375168,106.0
375200,13.0
375296,38.0
375376,29.0
375376,29.0
375408,87.0
375408,34.0
375424,17.0
375504,35.0
375616,39.0
375696,57.0
375760,54.0
375792,73.0
375872,28.0
375920,59.0
376000,50.0
376080,57.0
376080,44.0
376112,84.0
376144,28.0
376208,52.0
376304,80.0
376384,29.0
376416,41.0
376528,14.0
376528,41.0
376544,47.0
376576,80.0
376624,76.0
376704,81.0
376704,31.0
376768,15.0
376784,25.0
376832,83.0
376960,12.0
376976,85.0
377088,68.0
377088,42.0
377136,66.0
377168,66.0
377296,45.0
377312,11.0
377328,74.0
377392,53.0
377408,27.0
377472,24.0
377600,12.0
377616,33.0
377616,57.0
377632,69.0
377648,11.0
377824,75.0
377840,33.0
377872,14.0
377888,74.0
377888,113.0
377984,24.0
378000,44.0
378016,66.0
378064,56.0
378176,21.0
378192,54.0
378224,22.0
378272,40.0
378304,92.0
378320,27.0
378368,47.0
378400,63.0
378480,41.0
378480,37.0
378592,36.0
378592,61.0
378672,17.0
378720,121.0
378768,37.0
378784,29.0
378912,38.0
378912,27.0
379024,65.0
379104,46.0
379232,28.0
379264,42.0
379328,83.0
379360,73.0
379360,48.0
379376,72.0
379392,83.0
379408,43.0
379552,67.0
379552,40.0
379568,50.0
379792,35.0
379824,35.0
379824,50.0
379888,21.0
379904,77.0
379984,36.0
380000,108.0
380016,43.0
380016,39.0
380032,41.0
380032,30.0
380048,59.0
380048,30.0
380128,76.0
380272,23.0
380400,65.0
380400,23.0
380416,39.0
380464,40.0
380512,29.0
380528,31.0
380544,26.0
380624,50.0
380656,48.0
380672,82.0
380704,43.0
380800,50.0
380800,18.0
380832,53.0
380928,41.0
380960,59.0
380992,59.0
381056,37.0
381120,18.0
381296,39.0
381296,37.0
381328,49.0
381360,27.0
381408,49.0
381424,64.0
381424,39.0
381424,23.0
381472,30.0
381504,68.0
381536,71.0
381536,36.0
381728,75.0
381840,45.0
381856,75.0
381984,32.0
382000,36.0
382016,45.0
382016,76.0
382048,43.0
382064,35.0
382096,43.0
382208,23.0
382272,46.0
382272,16.0
382272,46.0
382272,53.0
382320,62.0
382336,65.0
382480,47.0
382560,36.0
382656,41.0
382656,35.0
382736,26.0
382800,47.0
382848,49.0
382880,38.0
382912,56.0
382928,45.0
382944,68.0
382992,45.0
382992,98.0
383152,55.0
383200,54.0
383280,25.0
383296,40.0
383312,29.0
383392,29.0
383472,35.0
383472,57.0
383488,31.0
383584,27.0
383584,19.0
383600,38.0
383616,51.0
383648,62.0
383824,55.0
383824,22.0
383904,32.0
383920,74.0
384032,28.0
384064,47.0
384080,27.0
384080,113.0
384144,41.0
384144,33.0
384224,47.0
384224,25.0
384320,25.0
384384,35.0
384464,55.0
384480,74.0
384624,34.0
384816,42.0
384832,38.0
384880,35.0
384896,106.0
384912,82.0
385040,41.0
385136,41.0
385136,20.0
385136,67.0
385152,167.0
385168,64.0
385296,24.0
385344,19.0
385408,86.0
385456,20.0
385488,79.0
385584,47.0
385616,30.0
385632,63.0
385664,31.0
385696,77.0
385744,28.0
385872,33.0
385968,22.0
386016,132.0
386032,72.0
386080,42.0
386096,38.0
386144,43.0
386208,133.0
386240,84.0
386240,36.0
386320,73.0
386368,77.0
386464,31.0
386480,49.0
386576,62.0
386624,34.0
386736,40.0
386848,76.0
386864,41.0
386880,46.0
386880,63.0
386896,72.0
386944,36.0
386944,29.0
387024,63.0
387056,51.0
387152,70.0
387216,56.0
387248,14.0
387264,43.0
387312,43.0
387360,31.0
387376,40.0
387424,60.0
387440,75.0
387600,41.0
387632,49.0
387648,47.0
387760,51.0
387776,32.0
387792,34.0
387840,39.0
387872,62.0
388048,43.0
388064,40.0
388064,57.0
388160,69.0
388176,54.0
388208,38.0
388224,53.0
388304,41.0
388384,32.0
388432,97.0
388448,43.0
388464,52.0
388576,46.0
388624,53.0
388656,54.0
388704,41.0
388704,25.0
388784,20.0
388800,36.0
388832,39.0
388864,27.0
388896,52.0
389104,15.0
389168,69.0
389184,30.0
389216,37.0
389232,25.0
389280,24.0
389312,46.0
389360,57.0
389376,75.0
389584,134.0
389664,28.0
389728,64.0
389760,33.0
389824,104.0
389840,65.0
389920,96.0
389920,46.0
390032,58.0
390080,81.0
390176,63.0
390192,27.0
390208,97.0
390288,44.0
390304,30.0
390352,65.0
390400,30.0
390432,66.0
390464,74.0
390560,40.0
390784,31.0
390800,31.0
390800,25.0
390928,68.0
390928,46.0
391008,80.0
391056,53.0
391072,62.0
391152,22.0
391184,63.0
391200,40.0
391248,76.0
391248,29.0
391264,57.0
391264,29.0
391344,12.0
391408,61.0
391552,118.0
391552,68.0
391584,36.0
391600,21.0
391616,43.0
391664,46.0
391760,35.0
391856,19.0
391936,37.0
391952,55.0
391984,20.0
392064,29.0
392160,57.0
392224,179.0
392240,24.0
392240,66.0
392272,41.0
392304,20.0
392384,61.0
392448,75.0
392464,57.0
392496,57.0
392592,20.0
392608,23.0
392608,42.0
392688,33.0
392720,48.0
392864,30.0
392912,28.0
392976,46.0
393072,29.0
393168,45.0
393168,119.0
393232,136.0
393296,96.0
393408,57.0
393408,51.0
393520,50.0
393584,56.0
393632,83.0
393648,65.0
393664,37.0
393664,31.0
393696,25.0
393728,104.0
393856,59.0
393888,30.0
393904,42.0
393968,50.0
393984,70.0
394112,44.0
394144,35.0
394192,42.0
394224,78.0
394272,40.0
394320,37.0
394384,135.0
394464,48.0
394528,54.0
394608,59.0
394640,46.0
394656,29.0
394736,53.0
394752,40.0
394960,61.0
394992,45.0
394992,84.0
395136,42.0
395168,49.0
395168,35.0
395184,76.0
395232,68.0
395280,40.0
395344,24.0
395376,66.0
395408,74.0
395472,51.0
395792,39.0
395856,70.0
395872,126.0
395872,25.0
395888,41.0
395936,74.0
396080,42.0
396224,55.0
396240,78.0
396256,24.0
396272,69.0
396272,25.0
396416,33.0
396544,79.0
396560,86.0
396560,48.0
396640,94.0
396688,29.0
396704,39.0
396704,53.0
396720,28.0
396944,151.0
397024,47.0
397024,30.0
397040,49.0
397040,104.0
397168,29.0
397216,80.0
397248,43.0
397296,66.0
397296,46.0
397376,41.0
397408,24.0
397408,151.0
397536,31.0
397552,38.0
397632,62.0
397664,26.0
397680,41.0
397680,79.0
397792,68.0
397824,26.0
397840,27.0
397872,41.0
397920,39.0
397952,49.0
398016,21.0
398048,26.0
398272,37.0
398272,22.0
398320,48.0
398352,32.0
398400,69.0
398400,64.0
398416,86.0
398432,48.0
398448,31.0
398480,59.0
398576,47.0
398576,35.0
398688,40.0
398720,23.0
398736,128.0
398800,58.0
398864,67.0
398960,33.0
399040,39.0
399040,22.0
399088,43.0
399136,35.0
399152,27.0
399152,52.0
399216,59.0
399264,43.0
399280,63.0
399280,55.0
399536,31.0
399568,52.0
399584,39.0
399648,32.0
399696,38.0
399712,35.0
399728,32.0
399776,57.0
399840,35.0
399872,18.0
399952,26.0
400000,22.0
400032,55.0
400080,32.0
400080,102.0
400096,24.0
400112,82.0
400144,69.0
400240,29.0
400320,115.0
400368,26.0
400368,33.0
400416,72.0
400480,47.0
400544,34.0
400656,49.0
400720,64.0
400736,41.0
400752,42.0
400784,40.0
400928,56.0
400960,26.0
400992,36.0
401120,21.0
401184,59.0
401280,57.0
401280,39.0
401296,58.0
401312,127.0
401408,68.0
401424,59.0
401520,48.0
401536,51.0
401568,36.0
401584,53.0
401664,23.0
401680,45.0
401776,13.0
401792,105.0
401840,35.0
401856,110.0
401888,38.0
401904,30.0
401920,62.0
402000,55.0
402000,20.0
402048,29.0
402112,37.0
402160,39.0
402224,28.0
402224,20.0
402272,60.0
402336,42.0
402400,62.0
402512,29.0
402608,45.0
402640,45.0
402672,35.0
402704,53.0
402752,15.0
402752,47.0
402800,25.0
402832,38.0
402848,104.0
402864,67.0
402928,11.0
402992,52.0
402992,22.0
403008,73.0
403088,51.0
403264,35.0
403280,38.0
403296,81.0
403328,25.0
403344,70.0
403344,32.0
403360,38.0
403376,23.0
403680,55.0
403712,21.0
403712,27.0
403728,54.0
403728,27.0
403728,46.0
403728,24.0
403744,88.0
403792,50.0
403824,35.0
404160,51.0
404192,29.0
404240,32.0
404352,39.0
404432,84.0
404448,39.0
404464,46.0
404560,55.0
404560,107.0
404608,51.0
404656,81.0
404688,28.0
404704,131.0
404752,37.0
404768,90.0
404784,65.0
404848,31.0
405040,83.0
405072,24.0
405120,26.0
405136,43.0
405136,36.0
405200,22.0
405248,43.0
405264,52.0
405312,53.0
405344,35.0
405360,47.0
405536,29.0
405664,63.0
405760,63.0
405760,39.0
405776,36.0
405808,65.0
405808,131.0
405904,107.0
405936,50.0
406016,47.0
406112,54.0
406144,24.0
406304,31.0
406304,34.0
406320,61.0
406368,83.0
406432,39.0
406448,68.0
406560,78.0
406640,69.0
406768,25.0
406768,54.0
406832,45.0
406976,42.0
406976,116.0
406992,83.0
406992,66.0
407008,77.0
407152,24.0
407200,55.0
407312,55.0
407392,15.0
407424,28.0
407456,82.0
407472,30.0
407504,32.0
407520,55.0
407520,94.0
407520,76.0
407568,63.0
407584,71.0
407632,27.0
407648,40.0
407920,33.0
407936,60.0
408096,79.0
408176,47.0
408240,38.0
408272,51.0
408384,50.0
408400,56.0
408416,56.0
408448,71.0
408496,64.0
408544,19.0
408560,62.0
408752,21.0
408768,31.0
408848,57.0
408864,84.0
409008,28.0
409136,76.0
409152,102.0
409168,39.0
409184,20.0
409184,27.0
409200,50.0
409200,97.0
409232,49.0
409264,68.0
409296,158.0
409312,51.0
409312,58.0
409472,20.0
409472,19.0
409600,52.0
409616,26.0
409632,96.0
409744,34.0
409792,41.0
409792,49.0
409808,39.0
409872,25.0
409920,39.0
409952,69.0
409968,49.0
409984,42.0
410080,53.0
410128,51.0
410160,22.0
410256,39.0
410304,27.0
410320,36.0
410400,27.0
410464,42.0
410608,43.0
410608,63.0
410624,63.0
410624,20.0
410640,35.0
410768,94.0
410768,32.0
410784,29.0
410832,23.0
410864,87.0
410976,23.0
411024,25.0
411072,19.0
411136,46.0
411152,75.0
411216,38.0
411232,69.0
411264,40.0
411280,40.0
411360,37.0
411440,80.0
411472,105.0
411504,33.0
411584,50.0
411664,28.0
411680,41.0
411696,39.0
411872,45.0
411888,66.0
411904,39.0
411920,43.0
412048,129.0
412080,59.0
412080,45.0
412112,28.0
412176,30.0
412176,44.0
412176,31.0
412240,61.0
412240,46.0
412288,89.0
412352,48.0
412400,30.0
412496,38.0
412576,29.0
412592,26.0
412592,43.0
412640,25.0
412848,48.0
412896,19.0
412928,43.0
413104,64.0
413104,29.0
413104,66.0
413184,43.0
413200,50.0
413264,68.0
413264,43.0
413312,64.0
413360,93.0
413408,32.0
413424,31.0
413552,28.0
413584,25.0
413632,33.0
413632,137.0
413856,94.0
413952,37.0
414016,73.0
414032,30.0
414032,90.0
414048,49.0
414112,33.0
414176,67.0
414192,55.0
414224,128.0
414256,52.0
414368,60.0
414400,71.0
414464,27.0
414480,80.0
414544,57.0
414560,28.0
414592,46.0
414592,35.0
414608,61.0
414624,36.0
414656,27.0
414768,51.0
414848,37.0
414944,58.0
415040,28.0
415072,44.0
415088,31.0
415104,44.0
415120,41.0
415136,30.0
415152,38.0
415200,63.0
415216,65.0
415376,14.0
415376,33.0
415408,49.0
415424,54.0
415488,25.0
415552,38.0
415664,37.0
415680,67.0
415712,59.0
415808,83.0
415840,46.0
415888,48.0
415920,49.0
416000,50.0
416064,43.0
416112,67.0
416144,27.0
416192,48.0
416208,50.0
416208,25.0
416224,42.0
416224,34.0
416304,68.0
416384,24.0
416384,12.0
416416,47.0
416432,59.0
416528,20.0
416624,25.0
416672,49.0
416736,37.0
416736,85.0
416816,27.0
416832,28.0
416848,49.0
416928,39.0
416960,14.0
416992,67.0
416992,29.0
417024,37.0
417232,70.0
417248,88.0
417280,38.0
417296,28.0
417456,78.0
417456,77.0
417472,40.0
417616,21.0
417632,56.0
417648,77.0
417760,32.0
417792,54.0
417936,61.0
417952,60.0
418064,52.0
418080,39.0
418080,38.0
418096,40.0
418176,72.0
418176,24.0
418240,59.0
418304,41.0
418400,49.0
418416,41.0
418464,92.0
418544,37.0
418640,63.0
418704,38.0
418720,49.0
418736,31.0
418816,125.0
418832,47.0
418848,139.0
418960,49.0
418960,49.0
418976,57.0
418992,57.0
419008,34.0
419040,39.0
419152,32.0
419200,50.0
419280,36.0
419280,46.0
419296,36.0
419328,32.0
419328,30.0
419488,47.0
419568,79.0
419600,28.0
419616,41.0
419696,44.0
419696,45.0
419696,31.0
419744,26.0
419776,51.0
419840,35.0
419856,64.0
419856,36.0
419952,13.0
419952,22.0
419968,40.0
420048,22.0
420080,32.0
420144,69.0
420272,36.0
420288,62.0
420288,37.0
420304,29.0
420496,28.0
420512,41.0
420528,47.0
420656,65.0
420656,43.0
420752,38.0
420768,57.0
420800,45.0
420864,116.0
420880,22.0
420944,62.0
420944,40.0
421008,45.0
421040,34.0
421072,99.0
421104,19.0
421136,30.0
421216,79.0
421264,61.0
421456,43.0
421472,37.0
421488,52.0
421536,37.0
421552,26.0
421712,60.0
421728,32.0
421744,55.0
421744,44.0
421744,46.0
421744,30.0
421760,78.0
421792,43.0
422000,108.0
422000,58.0
422112,41.0
422112,73.0
422224,30.0
422256,45.0
422272,17.0
422272,45.0
422304,37.0
422416,58.0
422464,62.0
422496,47.0
422640,23.0
422688,56.0
422720,38.0
422832,26.0
422832,52.0
422896,71.0
422944,45.0
422992,43.0
423008,79.0
423040,13.0
423248,38.0
423264,50.0
423296,50.0
423328,99.0
423424,73.0
423488,48.0
423504,51.0
423584,40.0
423600,35.0
423616,38.0
423648,47.0
423680,43.0
423680,22.0
423760,93.0
423808,130.0
423840,37.0
423840,108.0
423872,38.0
423920,15.0
424000,73.0
424016,25.0
424192,48.0
424416,36.0
424480,35.0
424480,61.0
424544,33.0
424560,67.0
424592,63.0
424624,47.0
424640,84.0
424688,58.0
424800,75.0
424800,70.0
424848,65.0
424944,25.0
424960,48.0
425024,24.0
425040,35.0
425072,37.0
425088,68.0
425120,31.0
425200,38.0
425200,32.0
425376,27.0
425408,23.0
425424,99.0
425520,69.0
425552,119.0
425568,23.0
425600,32.0
425600,65.0
425616,34.0
425648,50.0
425680,45.0
425696,56.0
425744,59.0
425792,48.0
425792,42.0
425840,40.0
425936,26.0
425968,35.0
426224,53.0
426224,42.0
426272,44.0
426320,39.0
426320,45.0
426384,40.0
426432,40.0
426448,41.0
426464,53.0
426480,40.0
426496,35.0
426496,33.0
426608,63.0
426640,60.0
426784,35.0
426960,82.0
427040,34.0
427104,45.0
427104,41.0
427168,33.0
427168,24.0
427184,54.0
427184,36.0
427232,63.0
427248,49.0
427264,115.0
427280,63.0
427280,50.0
427312,55.0
427408,68.0
427632,33.0
427648,72.0
427680,31.0
427776,51.0
427792,32.0
427808,48.0
427952,42.0
427968,54.0
427984,45.0
428032,25.0
428032,39.0
428080,48.0
428112,54.0
428144,21.0
428272,69.0
428304,41.0
428352,70.0
428384,76.0
428560,37.0
428624,90.0
428624,53.0
428656,44.0
428704,35.0
428736,27.0
428736,66.0
428832,65.0
428848,54.0
428896,49.0
428960,38.0
429072,32.0
429152,48.0
429168,68.0
429232,38.0
429248,76.0
429280,36.0
429296,40.0
429328,44.0
429376,26.0
429520,28.0
429536,44.0
429552,95.0
429552,25.0
429632,49.0
429632,46.0
429712,61.0
429728,62.0
429856,99.0
429888,40.0
430016,43.0
430032,19.0
430048,26.0
430096,50.0
430160,62.0
430176,50.0
430224,42.0
430320,65.0
430352,31.0
430368,30.0
430512,61.0
430576,84.0
430656,39.0
430800,73.0
430800,47.0
430816,50.0
430816,45.0
430832,32.0
430912,87.0
430960,38.0
431040,83.0
431088,45.0
431088,36.0
431264,28.0
431280,23.0
431312,32.0
431360,113.0
431360,74.0
431376,45.0
431408,36.0
431408,74.0
431536,28.0
431584,48.0
431584,49.0
431616,36.0
431696,21.0
431792,27.0
431824,28.0
431840,55.0
431840,47.0
431872,107.0
431888,38.0
431952,86.0
431968,22.0
431984,42.0
431984,18.0
432048,40.0
432128,37.0
432192,23.0
432384,70.0
432416,36.0
432432,29.0
432528,41.0
432576,39.0
432592,34.0
432592,29.0
432608,26.0
432624,76.0
432640,66.0
432688,56.0
432736,47.0
432784,56.0
432784,23.0
432816,24.0
432896,82.0
432992,38.0
433008,20.0
433008,73.0
433024,65.0
433136,35.0
433152,32.0
433184,35.0
433248,29.0
433264,42.0
433344,46.0
433392,13.0
433504,45.0
433552,33.0
433568,52.0
433584,37.0
433616,30.0
433696,12.0
433840,43.0
433856,60.0
433856,32.0
433872,84.0
433904,68.0
433952,25.0
434000,47.0
434016,47.0
434016,27.0
434064,92.0
434128,70.0
434208,12.0
434224,76.0
434240,14.0
434288,42.0
434320,58.0
434320,29.0
434336,48.0
434384,43.0
434640,43.0
434704,29.0
434736,42.0
434752,29.0
434768,58.0
434784,29.0
434880,55.0
434880,41.0
434960,52.0
434992,70.0
435056,46.0
435088,44.0
435216,82.0
435216,32.0
435232,37.0
435296,68.0
435344,63.0
435456,43.0
435568,52.0
435696,25.0
435696,59.0
435696,51.0
435744,33.0
435792,46.0
435840,66.0
435888,41.0
435920,58.0
435936,45.0
436032,29.0
436192,146.0
436208,78.0
436272,21.0
436352,41.0
436368,93.0
436400,82.0
436448,47.0
436448,69.0
436528,67.0
436560,40.0
436608,51.0
436624,26.0
436640,59.0
436672,52.0
436736,53.0
436832,29.0
436832,30.0
436832,35.0
436848,25.0
436864,42.0
436864,70.0
436976,19.0
437008,61.0
437056,31.0
437072,27.0
437168,40.0
437328,31.0
437360,33.0
437360,60.0
437408,34.0
437488,39.0
437520,42.0
437552,12.0
437600,12.0
437632,74.0
437632,63.0
437696,68.0
437744,57.0
437872,51.0
437888,72.0
437952,59.0
438096,46.0
438208,43.0
438224,37.0
438224,39.0
438224,46.0
438288,76.0
438304,38.0
438320,84.0
438352,74.0
438432,30.0
438560,42.0
438560,29.0
438608,25.0
438608,19.0
438656,64.0
438768,90.0
438832,25.0
438880,35.0
438880,83.0
439072,32.0
439104,85.0
439200,61.0
439200,40.0
439216,38.0
439264,38.0
439296,89.0
439296,59.0
439312,30.0
439360,37.0
439360,71.0
439424,34.0
439456,73.0
439552,59.0
439568,84.0
439600,31.0
439632,27.0
439744,54.0
439856,27.0
439904,40.0
439904,34.0
440000,28.0
440032,60.0
440096,56.0
440096,55.0
440128,51.0
440144,32.0
440224,54.0
440288,43.0
440304,25.0
440320,64.0
440448,22.0
440512,41.0
440528,67.0
440576,28.0
440576,63.0
440688,34.0
440720,45.0
440736,62.0
440816,95.0
440864,48.0
440976,41.0
440976,67.0
440992,43.0
441024,62.0
441088,23.0
441104,51.0
441120,24.0
441168,37.0
441248,46.0
441248,50.0
441264,25.0
441280,66.0
441312,46.0
441360,23.0
441376,35.0
441488,32.0
441616,32.0
441712,46.0
441872,16.0
441888,75.0
442064,59.0
442064,96.0
442176,72.0
442192,55.0
442288,64.0
442288,70.0
442304,66.0
442352,54.0
442384,63.0
442400,21.0
442560,43.0
442560,80.0
442688,32.0
442720,102.0
442736,86.0
442816,27.0
442944,47.0
442976,26.0
442992,69.0
443008,41.0
443088,50.0
443152,119.0
443168,54.0
443168,48.0
443216,58.0
443248,33.0
443344,41.0
443360,12.0
443456,28.0
443472,110.0
443488,31.0
443568,37.0
443584,48.0
443664,45.0
443728,36.0
443776,27.0
443792,66.0
443904,46.0
444080,62.0
444096,23.0
444144,99.0
444208,40.0
444208,45.0
444224,61.0
444240,48.0
444240,49.0
444240,55.0
444272,138.0
444304,68.0
444400,38.0
444400,12.0
444576,42.0
444672,68.0
444800,35.0
444816,38.0
444816,36.0
444816,46.0
444864,45.0
444896,39.0
444992,76.0
445008,48.0
445024,58.0
445056,41.0
445088,32.0
445328,41.0
445344,28.0
445360,66.0
445376,35.0
445376,61.0
445472,41.0
445472,78.0
445488,27.0
445680,42.0
445712,57.0
445712,128.0
445760,48.0
445760,42.0
445872,63.0
445904,68.0
445920,37.0
446000,40.0
446000,39.0
446000,39.0
446064,45.0
446064,22.0
446080,37.0
446096,39.0
446112,68.0
446128,41.0
446384,24.0
446384,39.0
446400,25.0
446432,20.0
446624,59.0
446640,48.0
446768,24.0
446832,44.0
446880,73.0
446976,61.0
446976,57.0
447040,40.0
447040,61.0
447072,12.0
447120,85.0
447152,24.0
447184,80.0
447328,18.0
447328,43.0
447376,34.0
447392,82.0
447440,29.0
447472,68.0
447488,87.0
447600,39.0
447680,40.0
447696,67.0
447760,38.0
447920,53.0
447968,33.0
447984,41.0
448064,36.0
448080,20.0
448096,104.0
448096,61.0
448176,13.0
448192,50.0
448192,37.0
448240,57.0
448288,69.0
448320,59.0
448336,26.0
448480,24.0
448544,67.0
448592,32.0
448608,57.0
448816,33.0
448832,40.0
448896,44.0
448992,47.0
449024,58.0
449056,45.0
449072,37.0
449088,34.0
449120,90.0
449200,205.0
449216,77.0
449280,28.0
449296,14.0
449312,62.0
449408,32.0
449472,88.0
449504,28.0
449536,85.0
449584,37.0
449696,36.0
449792,32.0
449808,49.0
449888,43.0
449904,81.0
449968,41.0
450096,37.0
450144,42.0
450192,41.0
450208,87.0
450256,73.0
450304,31.0
450320,108.0
450320,33.0
450400,62.0
450432,15.0
450448,22.0
450560,42.0
450576,55.0
450608,13.0
450640,42.0
450672,48.0
450688,87.0
450720,29.0
450720,36.0
450784,75.0
450944,40.0
450960,18.0
451040,22.0
451072,54.0
451120,35.0
451152,52.0
451280,44.0
451296,53.0
451344,19.0
451360,65.0
451408,48.0
451408,137.0
451488,23.0
451520,35.0
451568,60.0
451584,72.0
451632,43.0
451648,58.0
451680,24.0
451760,61.0
451808,25.0
451872,45.0
451920,36.0
451952,24.0
452144,89.0
452240,45.0
452256,36.0
452320,46.0
452416,49.0
452432,59.0
452432,39.0
452480,33.0
452496,46.0
452512,37.0
452704,84.0
452704,89.0
452720,25.0
452816,24.0
452864,112.0
452864,38.0
452896,47.0
452912,30.0
452912,13.0
453024,49.0
453040,39.0
453168,42.0
453184,29.0
453216,84.0
453232,47.0
453264,25.0
453328,120.0
453472,41.0
453488,115.0
453488,28.0
453520,63.0
453648,46.0
453648,29.0
453664,47.0
453776,19.0
453776,34.0
453776,47.0
453792,39.0
453808,57.0
453824,60.0
453840,39.0
453904,26.0
453968,79.0
454032,44.0
454032,24.0
454048,25.0
454080,35.0
454112,21.0
454128,40.0
454208,34.0
454432,41.0
454512,78.0
454560,27.0
454576,31.0
454624,26.0
454656,52.0
454688,40.0
454736,60.0
454816,57.0
454848,55.0
454864,52.0
455024,57.0
455072,79.0
455184,21.0
455200,29.0
455216,41.0
455248,42.0
455248,91.0
455280,48.0
455296,38.0
455328,56.0
455392,36.0
455456,101.0
455488,17.0
455664,30.0
455696,42.0
455712,32.0
455744,107.0
455776,31.0
455936,43.0
455952,31.0
455968,69.0
455968,56.0
455984,85.0
456016,33.0
456032,86.0
456048,22.0
456128,22.0
456144,30.0
456192,56.0
456192,59.0
456208,31.0
456464,67.0
456512,30.0
456592,79.0
456640,28.0
456704,32.0
456784,40.0
456816,53.0
456848,54.0
456880,42.0
456896,53.0
457008,67.0
457136,70.0
457168,76.0
457248,27.0
457280,31.0
457344,44.0
457360,53.0
457360,29.0
457376,88.0
457488,109.0
457552,68.0
457568,43.0
457584,14.0
457664,26.0
457776,58.0
457808,40.0
457888,32.0
457968,86.0
458016,28.0
458016,22.0
458032,42.0
458048,57.0
458192,93.0
458272,58.0
458288,16.0
458304,81.0
458320,137.0
458352,54.0
458352,36.0
458352,67.0
458384,52.0
458496,13.0
458656,43.0
458736,72.0
458768,60.0
458880,33.0
458912,37.0
458960,38.0
459072,19.0
459104,68.0
459136,78.0
459200,63.0
459216,57.0
459248,21.0
459280,63.0
459296,35.0
459440,12.0
459504,39.0
459536,93.0
459536,55.0
459568,76.0
459600,99.0
459632,78.0
459712,27.0
459792,43.0
459792,36.0
459840,34.0
459856,56.0
459888,87.0
459920,30.0
459936,46.0
460080,12.0
460176,36.0
460224,27.0
460240,69.0
460256,45.0
460288,45.0
460304,37.0
460352,51.0
460384,33.0
460496,36.0
460496,16.0
460512,55.0
460672,52.0
460720,34.0
460784,25.0
460800,36.0
460800,108.0
460832,36.0
460832,83.0
460944,28.0
461072,45.0
461152,30.0
461168,86.0
461328,65.0
461392,55.0
461408,69.0
461424,58.0
461440,40.0
461472,33.0
461504,49.0
461536,29.0
461552,45.0
461744,113.0
461744,21.0
461760,60.0
461856,44.0
461904,70.0
461920,115.0
461952,49.0
462080,47.0
462096,44.0
462112,80.0
462128,24.0
462144,38.0
462288,54.0
462336,26.0
462560,50.0
462576,30.0
462576,69.0
462608,73.0
462624,45.0
462720,27.0
462752,26.0
462800,53.0
462832,43.0
463024,29.0
463072,98.0
463072,59.0
463088,63.0
463184,38.0
463184,67.0
463232,105.0
463248,28.0
463312,30.0
463392,40.0
463520,111.0
463616,27.0
463632,35.0
463712,43.0
463872,72.0
463984,86.0
464016,48.0
464064,28.0
464176,69.0
464272,151.0
464304,105.0
464336,110.0
464336,69.0
464352,79.0
464368,24.0
464384,42.0
464400,55.0
464400,76.0
464592,12.0
464624,28.0
464704,82.0
464736,42.0
464768,29.0
464816,26.0
464864,31.0
464880,38.0
464896,64.0
464912,100.0
464928,37.0
464944,37.0
465056,65.0
465104,14.0
465120,14.0
465152,33.0
465200,29.0
465312,25.0
465328,17.0
465424,65.0
465456,21.0
465472,44.0
465488,116.0
465520,44.0
465520,51.0
465536,21.0
465696,34.0
465696,47.0
465856,25.0
465872,80.0
465936,100.0
465952,68.0
466128,40.0
466208,21.0
466224,81.0
466224,56.0
466272,36.0
466304,62.0
466320,50.0
466352,25.0
466432,83.0
466656,45.0
466656,60.0
466688,72.0
466784,58.0
466800,83.0
466864,34.0
466864,84.0
466944,42.0
466944,95.0
467024,37.0
467040,46.0
467040,11.0
467056,25.0
467088,46.0
467136,57.0
467264,65.0
467344,34.0
467344,13.0
467360,72.0
467424,46.0
467536,37.0
467536,42.0
467632,61.0
467712,42.0
467792,44.0
467920,41.0
467952,114.0
467952,10.0
467968,39.0
467984,65.0
468016,41.0
468016,42.0
468016,37.0
468032,78.0
468112,68.0
468160,70.0
468176,40.0
468192,35.0
468192,30.0
468208,11.0
468400,84.0
468464,30.0
468480,35.0
468480,33.0
468656,70.0
468704,47.0
468736,45.0
468736,45.0
468816,38.0
468832,42.0
468848,55.0
468848,46.0
468880,43.0
469040,35.0
469120,59.0
469152,60.0
469184,21.0
469184,21.0
469344,83.0
469344,38.0
469392,35.0
469488,23.0
469504,64.0
469504,29.0
469520,51.0
469536,22.0
469632,77.0
469680,59.0
469728,24.0
469936,70.0
469936,47.0
469968,29.0
469984,30.0
470032,55.0
470048,35.0
470128,78.0
470192,96.0
470240,111.0
470256,46.0
470272,55.0
470304,23.0
470336,50.0
470352,45.0
470432,19.0
470464,27.0
470464,70.0
470624,43.0
470672,62.0
470688,40.0
470768,36.0
470800,35.0
470896,58.0
470944,60.0
470944,11.0
470944,30.0
470992,23.0
471008,46.0
471008,13.0
471040,36.0
471136,29.0
471168,52.0
471248,59.0
471440,74.0
471440,47.0
471488,30.0
471536,40.0
471632,40.0
471680,40.0
471680,46.0
471776,84.0
471824,51.0
471888,45.0
471952,44.0
471968,27.0
472064,24.0
472224,156.0
472224,117.0
472304,54.0
472320,23.0
472352,33.0
472400,39.0
472416,46.0
472416,49.0
472448,82.0
472480,96.0
472496,66.0
472592,69.0
472768,29.0
472768,22.0
472864,61.0
472864,24.0
472864,29.0
472912,53.0
472992,64.0
473008,49.0
473088,31.0
473216,48.0
473280,26.0
473408,57.0
473472,35.0
473472,78.0
473552,29.0
473568,78.0
473728,174.0
473744,83.0
473776,49.0
473808,50.0
473824,60.0
473856,94.0
473872,63.0
474016,15.0
474112,84.0
474176,88.0
474192,39.0
474192,49.0
474272,34.0
474288,34.0
474432,36.0
474496,39.0
474576,24.0
474608,49.0
474640,33.0
474672,30.0
474720,14.0
474768,47.0
474800,39.0
474864,82.0
474896,105.0
475008,108.0
475024,47.0
475072,25.0
475104,13.0
475168,85.0
475200,39.0
475264,112.0
475280,42.0
475296,63.0
475312,115.0
475392,37.0
475392,60.0
475472,38.0
475520,47.0
475632,62.0
475744,27.0
475760,29.0
475872,50.0
475920,40.0
475952,58.0
475968,54.0
475984,51.0
475984,79.0
476016,47.0
476016,39.0
476096,68.0
476224,19.0
476256,19.0
476288,41.0
476336,23.0
476384,23.0
476480,60.0
476560,43.0
476624,21.0
476656,91.0
476672,58.0
476672,43.0
476688,81.0
476688,44.0
476720,78.0
476736,45.0
476896,40.0
476928,52.0
477008,21.0
477072,82.0
477088,29.0
477104,11.0
477168,43.0
477216,33.0
477296,46.0
477328,38.0
477584,53.0
477664,63.0
477664,90.0
477728,25.0
477760,29.0
477776,69.0
477776,42.0
477792,44.0
477888,97.0
477920,77.0
477968,60.0
478064,56.0
478096,11.0
478096,64.0
478176,80.0
478192,14.0
478224,27.0
478288,67.0
478368,37.0
478400,32.0
478416,127.0
478416,43.0
478592,11.0
478608,32.0
478608,34.0
478800,38.0
478896,82.0
478960,49.0
478960,75.0
479072,42.0
479088,31.0
479088,62.0
479088,89.0
479152,93.0
479184,36.0
479232,59.0
479248,28.0
479520,109.0
479520,57.0
479520,35.0
479616,78.0
479792,34.0
479840,89.0
479952,54.0
479968,67.0
479984,52.0
480016,49.0
480032,32.0
480048,54.0
480128,73.0
480176,122.0
480256,73.0
480304,32.0
480304,20.0
480480,88.0
480496,55.0
480512,30.0
480576,66.0
480608,40.0
480624,69.0
480688,46.0
480704,25.0
480736,30.0
480784,48.0
480832,49.0
480944,116.0
480976,50.0
480976,22.0
481008,33.0
481024,74.0
481072,48.0
481072,24.0
481200,43.0
481312,36.0
481408,52.0
481408,27.0
481408,80.0
481472,43.0
481472,54.0
481504,27.0
481600,48.0
481616,38.0
481664,45.0
481728,44.0
481760,43.0
481792,81.0
481840,11.0
481856,41.0
481888,30.0
481936,77.0
482048,16.0
482064,37.0
482112,71.0
482128,39.0
482160,19.0
482352,59.0
482400,35.0
482416,51.0
482496,48.0
482528,30.0
482704,37.0
482752,51.0
482816,43.0
482816,66.0
482848,43.0
482848,90.0
482864,97.0
482928,54.0
483040,32.0
483072,100.0
483120,77.0
483200,31.0
483280,58.0
483392,40.0
483408,62.0
483408,35.0
483424,58.0
483472,116.0
483552,46.0
483632,44.0
483648,33.0
484000,74.0
484000,100.0
484064,41.0
484080,55.0
484080,50.0
484080,41.0
484096,34.0
484144,80.0
484160,43.0
484192,34.0
484432,87.0
484432,27.0
484448,65.0
484496,103.0
484608,76.0
484688,101.0
484688,38.0
484688,66.0
484704,38.0
484720,45.0
484784,44.0
484816,13.0
484864,50.0
484880,43.0
484960,15.0
484992,13.0
484992,53.0
485056,15.0
485072,62.0
485136,61.0
485264,48.0
485360,23.0
485408,34.0
485472,64.0
485520,51.0
485536,69.0
485568,31.0
485568,71.0
485584,56.0
485664,61.0
485680,39.0
485744,54.0
485760,67.0
485824,52.0
485872,25.0
485920,24.0
486016,28.0
486048,57.0
486128,54.0
486208,53.0
486256,46.0
486272,28.0
486304,46.0
486336,26.0
486336,18.0
486384,45.0
486512,31.0
486560,61.0
486576,44.0
486608,58.0
486608,30.0
486704,60.0
486864,91.0
486960,47.0
487040,44.0
487088,133.0
487136,54.0
487136,52.0
487152,56.0
487200,51.0
487232,42.0
487392,66.0
487488,39.0
487488,49.0
487552,32.0
487584,39.0
487616,29.0
487664,119.0
487680,69.0
487712,69.0
487760,42.0
487792,41.0
487840,44.0
487888,25.0
487904,42.0
487904,44.0
488144,47.0
488160,23.0
488176,29.0
488224,20.0
488304,51.0
488304,47.0
488400,51.0
488416,33.0
488464,49.0
488496,55.0
488512,47.0
488560,26.0
488624,126.0
488656,27.0
488752,140.0
488832,62.0
488848,34.0
488928,27.0
488960,50.0
489008,84.0
489024,39.0
489024,53.0
489088,33.0
489168,79.0
489184,42.0
489184,45.0
489296,55.0
489360,66.0
489360,38.0
489440,27.0
489632,38.0
489632,21.0
489712,55.0
489904,61.0
489936,82.0
489936,53.0
489952,49.0
490000,51.0
490016,41.0
490064,69.0
490096,46.0
490176,62.0
490224,75.0
490272,40.0
490288,17.0
490304,91.0
490320,38.0
490496,54.0
490496,115.0
490528,39.0
490528,36.0
490544,28.0
490688,29.0
490688,25.0
490688,47.0
490800,39.0
490816,32.0
490832,52.0
490992,97.0
491104,36.0
491152,68.0
491152,41.0
491168,22.0
491184,54.0
491200,44.0
491232,60.0
491248,82.0
491264,27.0
491392,44.0
491408,54.0
491504,25.0
491616,58.0
491728,58.0
491760,38.0
491824,36.0
491856,83.0
491856,39.0
491952,35.0
491968,35.0
491984,51.0
491984,50.0
492016,51.0
492064,86.0
492240,30.0
492256,47.0
492288,64.0
492368,24.0
492400,49.0
492416,28.0
492448,27.0
492528,50.0
492528,36.0
492560,46.0
492624,102.0
492720,98.0
492752,14.0
492816,47.0
492848,54.0
492848,62.0
492912,32.0
492944,36.0
492976,26.0
492976,43.0
492992,36.0
493024,73.0
493088,11.0
493120,42.0
493136,56.0
493152,33.0
493200,28.0
493232,32.0
493408,55.0
493520,42.0
493536,35.0
493584,48.0
493616,39.0
493648,28.0
493680,52.0
493680,44.0
493728,92.0
493744,37.0
493744,50.0
493840,47.0
493840,44.0
493856,46.0
494288,55.0
494480,39.0
494496,61.0
494496,51.0
494560,57.0
494560,51.0
494576,53.0
494592,57.0
494608,62.0
494656,70.0
494720,27.0
494832,17.0
494832,14.0
494832,113.0
494896,25.0
494928,106.0
494928,74.0
494976,87.0
495152,82.0
495344,53.0
495344,43.0
495376,50.0
495408,53.0
495408,27.0
495504,42.0
495536,38.0
495568,46.0
495584,109.0
495600,55.0
495600,44.0
495712,49.0
495776,23.0
495824,20.0
495824,84.0
495920,36.0
496096,43.0
496160,98.0
496176,52.0
496256,27.0
496288,45.0
496352,48.0
496368,96.0
496384,49.0
496400,43.0
496480,83.0
496496,36.0
496512,14.0
496528,27.0
496544,45.0
496624,53.0
496640,65.0
496720,84.0
496784,27.0
496816,80.0
496848,42.0
496848,30.0
496896,46.0
497056,50.0
497056,13.0
497088,34.0
497120,40.0
497136,26.0
497200,44.0
497312,58.0
497392,55.0
497584,17.0
497584,48.0
497664,71.0
497696,66.0
497840,47.0
497904,80.0
497920,67.0
497936,65.0
497968,24.0
497968,74.0
498048,29.0
498064,54.0
498144,68.0
498272,38.0
498272,71.0
498288,28.0
498400,44.0
498432,82.0
498432,86.0
498480,68.0
498560,135.0
498576,27.0
498592,39.0
498640,42.0
498720,28.0
498768,54.0
498832,27.0
498880,60.0
498928,28.0
498944,63.0
498976,43.0
499088,51.0
499152,35.0
499168,46.0
499168,25.0
499232,19.0
499280,44.0
499280,28.0
499280,77.0
499312,23.0
499312,55.0
499344,29.0
499424,44.0
499424,54.0
499440,17.0
499440,13.0
499536,24.0
499600,11.0
499616,97.0
499648,23.0
499648,23.0
499664,24.0
499664,43.0
499792,30.0
499808,45.0
499824,74.0
499936,31.0
499984,28.0
500096,58.0
500128,29.0
500144,45.0
500176,35.0
500224,36.0
500384,13.0
500416,38.0
500432,62.0
500560,26.0
500592,29.0
500608,24.0
500624,15.0
500656,62.0
500768,59.0
500848,94.0
500848,75.0
500864,55.0
500880,80.0
501184,48.0
501232,90.0
501248,72.0
501296,28.0
501328,29.0
501344,29.0
501376,45.0
501392,39.0
501536,61.0
501664,51.0
501680,67.0
501696,28.0
501696,69.0
501808,29.0
501840,76.0
501840,32.0
501904,32.0
501952,95.0
502096,174.0
502144,38.0
502160,139.0
502160,22.0
502208,64.0
502272,27.0
502320,39.0
502352,41.0
502448,48.0
502512,53.0
502512,42.0
502576,26.0
502624,87.0
502688,87.0
502720,36.0
502784,43.0
502816,90.0
502912,47.0
502928,41.0
502944,37.0
503024,25.0
503024,28.0
503056,38.0
503216,31.0
503248,21.0
503296,61.0
503344,71.0
503392,38.0
503392,93.0
503408,30.0
503424,57.0
503456,59.0
503616,50.0
503680,41.0
503760,29.0
503760,46.0
503760,34.0
503776,24.0
503872,74.0
503872,58.0
503888,52.0
503984,127.0
504128,22.0
504240,62.0
504240,30.0
504336,58.0
504400,49.0
504400,40.0
504416,62.0
504416,41.0
504464,37.0
504464,67.0
504608,79.0
504624,24.0
504656,33.0
504672,50.0
504800,35.0
504800,84.0
504896,76.0
504896,31.0
504976,36.0
504976,35.0
504992,41.0
505056,37.0
505280,24.0
505296,40.0
505296,39.0
505296,55.0
505296,42.0
505344,91.0
505456,92.0
505488,55.0
505568,48.0
505568,32.0
505648,42.0
505680,24.0
505760,29.0
505808,52.0
505824,52.0
505872,67.0
506016,45.0
506064,38.0
506080,74.0
506096,38.0
506160,55.0
506176,38.0
506208,57.0
506240,42.0
506256,36.0
506272,12.0
506384,120.0
506432,38.0
506432,68.0
506464,44.0
506544,42.0
506576,12.0
506592,49.0
506624,38.0
506688,16.0
506720,67.0
506736,42.0
506768,38.0
506832,46.0
506992,49.0
507056,50.0
507072,50.0
507072,24.0
507120,55.0
507136,44.0
507168,39.0
507216,31.0
507296,33.0
507360,49.0
507392,41.0
507408,49.0
507440,38.0
507456,24.0
507568,22.0
507616,72.0
507616,16.0
507616,90.0
507728,38.0
507792,50.0
507808,46.0
507840,78.0
507904,28.0
507936,48.0
508064,58.0
508128,52.0
508160,37.0
508192,36.0
508240,53.0
508336,45.0
508352,32.0
508432,44.0
508448,34.0
508544,24.0
508592,49.0
508592,25.0
508640,32.0
508656,37.0
508672,27.0
508768,85.0
508784,108.0
508880,21.0
508928,37.0
508960,84.0
508976,33.0
508976,24.0
509072,71.0
509120,43.0
509248,30.0
509344,47.0
509376,45.0
509424,40.0
509600,60.0
509632,41.0
509680,118.0
509712,37.0
509712,23.0
509744,67.0
509776,33.0
509808,148.0
509952,55.0
509984,102.0
510096,29.0
510160,77.0
510304,20.0
510320,45.0
510336,57.0
510336,37.0
510416,46.0
510496,95.0
510512,44.0
510544,104.0
510560,49.0
510608,17.0
510656,59.0
510672,60.0
510720,48.0
510768,113.0
510768,29.0
510800,40.0
510816,19.0
510928,38.0
511024,30.0
511136,36.0
511152,46.0
511152,34.0
511152,30.0
511168,23.0
511232,46.0
511344,11.0
511360,34.0
511360,79.0
511392,42.0
511536,55.0
511552,33.0
511568,26.0
511616,53.0
511632,81.0
511648,45.0
511760,149.0
511776,40.0
511808,26.0
511936,20.0
511936,37.0
512048,56.0
512096,46.0
512128,56.0
512160,50.0
512176,38.0
512192,40.0
512288,40.0
512288,22.0
512320,34.0
512352,51.0
512432,31.0
512496,108.0
512544,87.0
512624,62.0
512640,55.0
512704,38.0
512704,32.0
512848,35.0
512960,72.0
513056,55.0
513072,14.0
513136,37.0
513216,73.0
513248,47.0
513264,59.0
513296,14.0
513360,75.0
513360,25.0
513440,82.0
513440,72.0
513472,65.0
513680,61.0
513728,64.0
513744,30.0
513776,72.0
513808,91.0
513840,30.0
513856,38.0
513968,33.0
514112,66.0
514112,24.0
514128,93.0
514160,45.0
514176,31.0
514176,44.0
514192,56.0
514304,59.0
514336,75.0
514368,37.0
514384,26.0
514624,32.0
514672,54.0
514752,36.0
514752,24.0
514912,73.0
514928,67.0
514928,46.0
514960,53.0
514976,53.0
515104,50.0
515120,46.0
515152,61.0
515184,27.0
515264,89.0
515280,59.0
515280,129.0
515360,75.0
515408,49.0
515456,22.0
515456,33.0
515536,26.0
515728,61.0
515808,28.0
515808,41.0
515824,72.0
515840,54.0
515872,26.0
515904,39.0
515952,65.0
516096,57.0
516144,26.0
516160,55.0
516160,77.0
516208,50.0
516304,53.0
516352,87.0
516432,73.0
516512,44.0
516544,28.0
516560,64.0
516672,52.0
516688,46.0
516720,51.0
516768,35.0
516816,62.0
516816,41.0
516832,60.0
516864,45.0
516992,40.0
516992,74.0
517024,45.0
517184,23.0
517376,51.0
517392,55.0
517408,54.0
517408,26.0
517424,44.0
517488,50.0
517664,52.0
517680,95.0
517728,54.0
517776,25.0
517776,63.0
517824,52.0
517904,77.0
517936,94.0
517936,33.0
518048,54.0
518064,41.0
518064,42.0
518160,42.0
518256,30.0
518272,53.0
518304,33.0
518304,30.0
518368,97.0
518400,86.0
518512,52.0
518592,43.0
518608,34.0
518672,38.0
518688,26.0
518736,30.0
518752,28.0
518848,57.0
518896,24.0
518896,33.0
519008,26.0
519104,86.0
519136,33.0
519136,61.0
519152,53.0
519200,72.0
519264,23.0
519296,25.0
519296,38.0
519360,38.0
519408,63.0
519408,25.0
519520,23.0
519584,18.0
519632,56.0
519728,39.0
519872,64.0
519872,121.0
519888,19.0
519920,45.0
519984,145.0
520064,87.0
520080,59.0
520128,52.0
520128,48.0
520272,54.0
520304,49.0
520336,13.0
520368,60.0
520368,77.0
520384,31.0
520448,23.0
520464,12.0
520496,27.0
520560,43.0
520640,48.0
520656,46.0
520688,66.0
520720,91.0
520848,22.0
520912,28.0
520912,49.0
520976,78.0
521152,31.0
521184,55.0
521200,40.0
521232,32.0
521264,80.0
521280,37.0
521296,57.0
521312,25.0
521312,61.0
521344,56.0
521376,63.0
521408,35.0
521440,33.0
521472,52.0
521648,42.0
521744,86.0
521792,40.0
521920,40.0
521952,48.0
521984,43.0
522096,47.0
522096,28.0
522256,55.0
522272,30.0
522272,60.0
522304,69.0
522304,67.0
522336,56.0
522336,37.0
522368,56.0
522448,74.0
522480,73.0
522528,14.0
522560,29.0
522624,76.0
522688,27.0
522832,35.0
522960,41.0
522992,63.0
523024,29.0
523088,38.0
523120,37.0
523136,65.0
523136,50.0
523136,43.0
523168,50.0
523168,34.0
523184,31.0
523248,83.0
523456,21.0
523472,40.0
523568,81.0
523632,31.0
523760,89.0
523872,46.0
523888,58.0
523968,126.0
523984,51.0
524032,53.0
524112,61.0
524128,65.0
524144,42.0
524192,39.0
524336,12.0
524336,68.0
524448,20.0
524480,91.0
524480,45.0
524512,11.0
524560,58.0
524624,37.0
524640,74.0
524784,101.0
524816,58.0
524816,30.0
524832,17.0
525056,38.0
525088,28.0
525120,72.0
525120,40.0
525184,42.0
525200,36.0
525216,84.0
525248,71.0
525264,142.0
525280,10.0
525328,17.0
525328,71.0
525344,33.0
525472,12.0
525568,68.0
525696,55.0
525728,32.0
525824,39.0
525856,48.0
525936,23.0
525952,73.0
525968,53.0
526032,75.0
526048,20.0
526096,47.0
526112,49.0
526160,57.0
526160,136.0
526208,59.0
526256,49.0
526288,60.0
526304,30.0
526384,75.0
526512,34.0
526544,27.0
526704,26.0
526736,65.0
526768,57.0
526816,45.0
526896,46.0
526928,48.0
526928,34.0
526976,48.0
526992,46.0
527024,61.0
527040,63.0
527040,31.0
527088,71.0
527360,37.0
527376,25.0
527408,30.0
527440,46.0
527536,50.0
527632,70.0
527664,18.0
527680,43.0
527696,41.0
527728,89.0
527792,48.0
527792,44.0
527888,28.0
528016,61.0
528048,132.0
528064,41.0
528224,83.0
528256,33.0
528272,37.0
528304,48.0
528352,89.0
528448,41.0
528560,56.0
528576,110.0
528624,46.0
528624,52.0
528640,26.0
528720,64.0
528720,68.0
528720,41.0
528800,31.0
528832,49.0
528864,37.0
528880,54.0
528992,46.0
529040,43.0
529120,110.0
529136,36.0
529232,37.0
529264,25.0
529280,41.0
529376,41.0
529408,49.0
529408,52.0
529488,65.0
529552,42.0
529568,53.0
529616,30.0
529664,25.0
529744,57.0
529808,48.0
529808,68.0
529808,63.0
529936,28.0
529952,34.0
529968,53.0
529984,44.0
530016,38.0
530080,33.0
530112,70.0
530128,32.0
530432,39.0
530432,48.0
530464,45.0
530480,29.0
530496,34.0
530560,47.0
530672,46.0
530704,37.0
530768,40.0
530784,50.0
530800,45.0
530848,65.0
530864,23.0
530896,83.0
530928,31.0
531008,111.0
531024,103.0
531056,68.0
531088,26.0
531088,24.0
531120,40.0
531136,42.0
531280,10.0
531488,58.0
531488,43.0
531488,39.0
531504,67.0
531520,29.0
531520,37.0
531568,30.0
531632,34.0
531648,32.0
531664,51.0
531680,12.0
531808,49.0
531856,53.0
531936,41.0
531984,68.0
532096,36.0
532128,31.0
532144,39.0
532192,88.0
532192,32.0
532208,45.0
532288,49.0
532288,40.0
532304,51.0
532368,35.0
532368,15.0
532400,29.0
532496,22.0
532544,15.0
532560,29.0
532576,37.0
532656,62.0
532768,30.0
532912,34.0
533040,52.0
533088,145.0
533136,59.0
533184,43.0
533232,41.0
533264,61.0
533264,11.0
533328,26.0
533376,113.0
533456,14.0
533536,61.0
533584,108.0
533632,68.0
533632,90.0
533648,38.0
533680,82.0
533696,58.0
533760,39.0
533888,39.0
533968,98.0
534016,85.0
534080,28.0
534080,47.0
534288,33.0
534304,65.0
534320,39.0
534368,74.0
534368,43.0
534368,57.0
534400,64.0
534416,33.0
534528,62.0
534528,59.0
534544,36.0
534560,57.0
534672,22.0
534704,67.0
534768,43.0
534912,38.0
534928,35.0
534992,28.0
535040,17.0
535040,64.0
535040,47.0
535088,42.0
535088,63.0
535136,36.0
535136,48.0
535152,15.0
535184,49.0
535232,44.0
535264,37.0
535280,36.0
535344,16.0
535504,36.0
535616,68.0
535648,80.0
535664,39.0
535760,39.0
535776,43.0
535776,46.0
535776,37.0
535792,32.0
535824,30.0
535920,48.0
535952,51.0
536128,68.0
536160,24.0
536208,59.0
536288,32.0
536288,42.0
536320,68.0
536368,28.0
536416,48.0
536576,99.0
536608,59.0
536640,54.0
536640,53.0
536720,56.0
536800,40.0
536816,11.0
536864,85.0
536912,37.0
536976,64.0
536992,44.0
537040,47.0
537056,81.0
537184,20.0
537216,40.0
537232,39.0
537264,29.0
537264,39.0
537280,35.0
537296,68.0
537392,25.0
537520,44.0
537600,39.0
537696,98.0
537696,11.0
537696,25.0
537712,84.0
537728,51.0
537728,42.0
537824,37.0
537824,88.0
537904,43.0
537952,43.0
538144,28.0
538160,61.0
538176,30.0
538240,75.0
538272,55.0
538272,63.0
538304,22.0
538320,37.0
538320,65.0
538496,56.0
538512,38.0
538560,46.0
538592,20.0
538768,65.0
538832,41.0
538848,64.0
538848,72.0
538848,43.0
539072,36.0
539104,34.0
539120,51.0
539136,54.0
539152,20.0
539168,41.0
539328,30.0
539392,67.0
539424,41.0
539504,41.0
539520,42.0
539568,61.0
539568,83.0
539616,14.0
539648,14.0
539760,39.0
539808,131.0
539808,46.0
539824,105.0
539936,101.0
539968,40.0
540016,23.0
540144,64.0
540160,41.0
540176,23.0
540192,65.0
540208,69.0
540304,34.0
540400,77.0
540464,41.0
540512,43.0
540544,25.0
540592,41.0
540640,29.0
540848,40.0
540848,80.0
540864,44.0
540880,85.0
540896,37.0
540960,23.0
540976,27.0
541040,67.0
541056,93.0
541104,57.0
541152,32.0
541200,46.0
541264,103.0
541280,55.0
541312,26.0
541312,81.0
541328,30.0
541392,27.0
541504,39.0
541568,66.0
541584,45.0
541680,39.0
541680,26.0
541792,30.0
541792,32.0
541824,53.0
541824,49.0
541936,52.0
541936,49.0
541984,71.0
542016,44.0
542144,40.0
542272,44.0
542288,29.0
542288,56.0
542336,41.0
542448,32.0
542464,33.0
542464,79.0
542496,32.0
542512,14.0
542560,61.0
542672,53.0
542800,92.0
542832,65.0
542832,43.0
542848,73.0
542960,39.0
543120,53.0
543120,69.0
543152,37.0
543152,12.0
543200,46.0
543296,28.0
543360,98.0
543360,54.0
543392,15.0
543424,19.0
543552,45.0
543568,13.0
543600,58.0
543632,73.0
543648,14.0
543696,56.0
543744,57.0
543776,93.0
543776,36.0
543840,87.0
543952,52.0
543952,24.0
544000,22.0
544016,94.0
544032,30.0
544064,23.0
544064,44.0
544128,22.0
544176,36.0
544176,55.0
544224,67.0
544304,42.0
544352,38.0
544480,40.0
544528,11.0
544560,35.0
544560,73.0
544608,27.0
544656,44.0
544672,41.0
544720,37.0
544816,16.0
544816,54.0
545008,44.0
545056,25.0
545152,39.0
545168,69.0
545280,78.0
545312,52.0
545328,72.0
545408,22.0
545424,51.0
545424,44.0
545504,43.0
545568,26.0
545616,115.0
545648,52.0
545696,64.0
545728,104.0
545904,105.0
545920,40.0
545952,59.0
545968,50.0
545968,15.0
545984,30.0
546000,36.0
546048,93.0
546064,41.0
546112,43.0
546208,56.0
546240,42.0
546336,23.0
546368,47.0
546512,32.0
546608,57.0
546672,84.0
546688,46.0
546704,50.0
546784,45.0
546832,57.0
546864,55.0
546960,22.0
547008,42.0
547040,67.0
547104,91.0
547120,55.0
547280,77.0
547328,51.0
547376,32.0
547408,36.0
547440,21.0
547440,48.0
547552,53.0
547552,90.0
547584,76.0
547632,59.0
547648,54.0
547776,31.0
547824,44.0
547904,56.0
547936,56.0
547952,11.0
547968,33.0
547968,24.0
548112,44.0
548128,73.0
548224,56.0
548320,43.0
548352,61.0
548464,31.0
548464,64.0
548464,31.0
548544,62.0
548544,62.0
548544,38.0
548576,47.0
548592,149.0
548624,45.0
548640,33.0
548672,64.0
548704,30.0
548736,49.0
548896,48.0
548912,28.0
548992,28.0
549072,33.0
549088,46.0
549136,35.0
549200,46.0
549232,43.0
549312,62.0
549312,36.0
549376,15.0
549408,51.0
549440,61.0
549440,51.0
549520,55.0
549584,37.0
549600,12.0
549664,36.0
549712,51.0
549840,40.0
549856,16.0
549888,11.0
550016,69.0
550064,87.0
550096,15.0
550128,43.0
550176,54.0
550192,51.0
550192,93.0
550192,42.0
550208,56.0
550224,40.0
550224,62.0
550240,36.0
550240,73.0
550352,57.0
550448,38.0
550480,16.0
550528,19.0
550544,12.0
550592,44.0
550592,33.0
550688,32.0
550768,42.0
550784,37.0
550832,40.0
550880,42.0
551120,55.0
551120,58.0
551136,37.0
551216,43.0
551296,26.0
551360,70.0
551360,84.0
551392,57.0
551424,52.0
551520,25.0
551536,53.0
551552,60.0
551552,48.0
551584,71.0
551616,31.0
551856,108.0
551888,42.0
551936,25.0
551968,36.0
552016,45.0
552032,56.0
552048,80.0
552064,32.0
552096,46.0
552128,38.0
552192,14.0
552256,12.0
552368,59.0
552384,97.0
552384,31.0
552416,66.0
552448,56.0
552608,62.0
552656,35.0
552720,49.0
552800,34.0
552832,78.0
552976,59.0
552992,71.0
553008,40.0
553040,62.0
553040,27.0
553072,66.0
553088,44.0
553168,65.0
553264,53.0
553280,52.0
553328,33.0
553360,73.0
553376,45.0
553440,27.0
553472,47.0
553488,26.0
553584,16.0
553632,29.0
553632,78.0
553648,38.0
553760,25.0
553792,47.0
553824,46.0
553856,14.0
553904,39.0
553952,43.0
553952,61.0
554016,27.0
554016,64.0
554048,38.0
554096,79.0
554128,47.0
554144,20.0
554288,40.0
554320,53.0
554464,38.0
554480,62.0
554512,31.0
554576,51.0
554576,49.0
554624,42.0
554640,39.0
554656,47.0
554672,39.0
554704,67.0
554736,28.0
554752,38.0
555040,59.0
555088,71.0
555120,31.0
555136,42.0
555152,28.0
555168,43.0
555168,53.0
555184,38.0
555280,33.0
555344,44.0
555344,43.0
555344,48.0
555392,45.0
555408,56.0
555536,28.0
555568,90.0
555696,33.0
555728,43.0
555728,36.0
555760,64.0
555760,37.0
555856,32.0
555888,44.0
555888,30.0
555984,28.0
556000,41.0
556112,61.0
556192,29.0
556224,31.0
556272,58.0
556288,11.0
556368,61.0
556384,43.0
556384,51.0
556400,26.0
556432,82.0
556480,39.0
556560,42.0
556576,51.0
556576,36.0
556656,48.0
556832,35.0
556880,32.0
556896,44.0
556944,29.0
556960,36.0
557008,108.0
557184,38.0
557184,60.0
557264,44.0
557264,54.0
557296,96.0
557424,33.0
557488,66.0
557520,43.0
557520,71.0
557552,42.0
557568,38.0
557632,66.0
557648,24.0
557680,87.0
557712,48.0
557808,39.0
557840,36.0
557920,39.0
557984,83.0
558000,27.0
558000,32.0
558000,30.0
558176,73.0
558208,64.0
558288,40.0
558320,48.0
558352,58.0
558352,52.0
558416,13.0
558416,38.0
558528,56.0
558608,20.0
558624,39.0
558640,29.0
558704,62.0
558720,25.0
558832,62.0
558832,30.0
558832,72.0
558864,59.0
559088,69.0
559104,43.0
559136,71.0
559200,36.0
559296,43.0
559376,17.0
559392,43.0
559424,35.0
559616,79.0
559632,50.0
559680,65.0
559696,35.0
559712,55.0
559888,37.0
559920,52.0
559936,69.0
559968,36.0
560016,100.0
560048,26.0
560080,130.0
560080,24.0
560096,45.0
560144,101.0
560336,71.0
560336,101.0
560368,43.0
560400,20.0
560432,51.0
560448,64.0
560528,40.0
560560,37.0
560656,46.0
560752,41.0
560848,44.0
560880,73.0
560944,38.0
560960,39.0
560976,28.0
560992,66.0
561056,41.0
561120,29.0
561152,71.0
561152,37.0
561216,49.0
561216,23.0
561424,66.0
561472,89.0
561472,30.0
561488,65.0
561520,40.0
561584,39.0
561600,95.0
561696,40.0
561808,54.0
561904,27.0
562032,51.0
562048,29.0
562144,41.0
562176,64.0
562208,68.0
562208,62.0
562256,35.0
562352,86.0
562384,49.0
562464,62.0
562464,41.0
562576,66.0
562592,35.0
562640,93.0
562736,43.0
562752,34.0
562768,24.0
562800,28.0
562832,41.0
562848,89.0
563040,56.0
563072,31.0
563072,51.0
563136,42.0
563184,37.0
563184,45.0
563248,30.0
563264,26.0
563312,30.0
563360,39.0
563408,166.0
563472,45.0
563472,27.0
563568,24.0
563728,41.0
563744,38.0
563776,37.0
563792,62.0
563872,25.0
563888,33.0
563904,125.0
564016,113.0
564032,60.0
564080,12.0
564128,45.0
564192,39.0
564304,36.0
564352,38.0
564352,65.0
564464,27.0
564512,38.0
564512,45.0
564608,71.0
564752,55.0
564784,63.0
564832,137.0
564880,54.0
564912,104.0
564928,39.0
564960,106.0
565024,32.0
565056,37.0
565104,61.0
565136,59.0
565232,39.0
565264,30.0
565280,28.0
565328,78.0
565328,26.0
565424,18.0
565472,26.0
565472,45.0
565504,62.0
565584,44.0
565616,43.0
565696,37.0
565760,88.0
565776,89.0
565840,26.0
565840,55.0
565872,38.0
565872,25.0
565904,13.0
565968,43.0
566000,61.0
566080,47.0
566144,57.0
566192,26.0
566208,55.0
566304,45.0
566336,54.0
566432,37.0
566480,36.0
566512,47.0
566528,57.0
566544,65.0
566640,48.0
566768,50.0
566800,41.0
566848,63.0
566928,28.0
566928,39.0
566992,28.0
567040,73.0
567072,54.0
567088,36.0
567264,74.0
567312,55.0
567344,72.0
567456,33.0
567504,27.0
567520,27.0
567536,63.0
567616,36.0
567632,49.0
567648,41.0
567648,103.0
567744,14.0
567776,29.0
567792,91.0
567904,35.0
567952,64.0
567984,22.0
568144,31.0
568160,16.0
568160,26.0
568176,42.0
568208,42.0
568368,24.0
568432,41.0
568480,105.0
568528,55.0
568576,26.0
568592,28.0
568640,86.0
568720,35.0
568720,130.0
568752,81.0
568784,73.0
568800,63.0
568880,44.0
568976,12.0
569056,29.0
569056,39.0
569088,21.0
569120,47.0
569168,40.0
569200,152.0
569232,27.0
569296,68.0
569424,53.0
569424,92.0
569472,31.0
569504,54.0
569504,49.0
569552,31.0
569600,55.0
569696,51.0
569696,29.0
569728,42.0
569744,41.0
569776,19.0
569824,84.0
569872,36.0
569952,52.0
570080,33.0
570144,59.0
570144,40.0
570224,50.0
570272,42.0
570336,40.0
570512,43.0
570576,31.0
570592,28.0
570624,58.0
570688,95.0
570736,62.0
570896,92.0
570944,50.0
570992,70.0
571024,95.0
571024,43.0
571184,28.0
571312,68.0
571376,69.0
571392,104.0
571408,102.0
571424,92.0
571472,55.0
571536,40.0
571536,32.0
571552,65.0
571552,38.0
571616,39.0
571632,59.0
571744,73.0
571840,33.0
571856,42.0
571872,78.0
571872,28.0
572096,67.0
572128,41.0
572128,47.0
572176,49.0
572224,51.0
572256,45.0
572336,45.0
572384,34.0
572384,33.0
572416,49.0
572592,65.0
572608,27.0
572608,30.0
572656,35.0
572656,49.0
572704,60.0
572752,75.0
572784,25.0
572816,59.0
572832,44.0
572912,36.0
572944,21.0
572976,45.0
573104,43.0
573248,26.0
573248,40.0
573248,29.0
573264,22.0
573392,43.0
573408,29.0
573440,119.0
573536,72.0
573584,38.0
573600,59.0
573616,60.0
573744,31.0
573760,59.0
573776,12.0
573808,44.0
573872,30.0
573888,30.0
573904,72.0
573920,42.0
574032,113.0
574128,55.0
574144,23.0
574144,55.0
574208,28.0
574256,23.0
574336,50.0
574416,32.0
574480,42.0
574480,118.0
574480,22.0
574592,72.0
574624,44.0
574640,48.0
574672,12.0
574672,12.0
574688,17.0
574688,67.0
574768,27.0
574800,75.0
574848,44.0
574944,75.0
574960,47.0
574976,11.0
575072,65.0
575104,53.0
575168,64.0
575200,32.0
575216,33.0
575312,52.0
575440,48.0
575536,21.0
575536,56.0
575584,60.0
575600,58.0
575632,33.0
575648,55.0
575712,40.0
575760,50.0
575776,35.0
575936,39.0
575968,21.0
576112,73.0
576144,97.0
576144,38.0
576256,80.0
576304,71.0
576336,93.0
576336,36.0
576352,47.0
576368,49.0
576384,42.0
576464,58.0
576480,52.0
576480,65.0
576560,28.0
576768,27.0
576784,33.0
576864,58.0
576896,33.0
576928,36.0
576944,40.0
576960,51.0
576976,31.0
577008,39.0
577088,82.0
577200,15.0
577216,28.0
577264,70.0
577344,28.0
577376,37.0
577456,93.0
577472,38.0
577520,60.0
577600,32.0
577648,74.0
577744,51.0
577792,82.0
577856,95.0
577904,56.0
577920,41.0
577936,37.0
577952,63.0
578080,38.0
578096,56.0
578096,70.0
578144,48.0
578224,44.0
578256,38.0
578384,29.0
578400,74.0
578544,29.0
578608,63.0
578608,42.0
578656,35.0
578672,48.0
578688,59.0
578768,24.0
578816,85.0
578816,37.0
578832,61.0
578880,68.0
578976,55.0
579008,21.0
579056,57.0
579120,54.0
579392,26.0
579392,32.0
579488,45.0
579504,24.0
579568,64.0
579632,105.0
579632,64.0
579680,62.0
579712,82.0
579744,22.0
579936,70.0
580000,62.0
580032,22.0
580048,87.0
580048,76.0
580080,43.0
580096,37.0
580096,93.0
580208,72.0
580368,20.0
580400,43.0
580480,53.0
580480,28.0
580576,40.0
580576,23.0
580608,33.0
580640,34.0
580688,66.0
580736,62.0
580880,129.0
580896,26.0
580944,86.0
580960,54.0
581056,41.0
581072,27.0
581072,21.0
581120,32.0
581120,70.0
581152,36.0
581152,12.0
581232,74.0
581248,110.0
581280,44.0
581312,23.0
581360,62.0
581600,45.0
581680,49.0
581712,37.0
581712,35.0
581760,33.0
581776,26.0
581792,40.0
581808,43.0
581824,36.0
581952,92.0
581952,79.0
581952,55.0
582016,12.0
582080,23.0
582128,53.0
582128,67.0
582144,27.0
582272,42.0
582368,38.0
582384,37.0
582448,42.0
582464,87.0
582528,36.0
582560,47.0
582608,41.0
582656,44.0
582656,36.0
582688,42.0
582736,23.0
582752,38.0
582768,68.0
582880,38.0
582896,32.0
582912,100.0
583104,28.0
583104,28.0
583120,37.0
583136,63.0
583136,63.0
583168,45.0
583248,40.0
583264,36.0
583344,55.0
583488,45.0
583520,40.0
583632,24.0
583664,47.0
583664,69.0
583744,40.0
583792,66.0
583856,47.0
583872,47.0
583888,34.0
584048,24.0
584096,27.0
584112,37.0
584128,86.0
584224,60.0
584272,25.0
584288,70.0
584320,74.0
584368,92.0
584400,79.0
584416,42.0
584416,39.0
584480,53.0
584496,17.0
584496,24.0
584656,73.0
584672,24.0
584736,40.0
584784,56.0
584880,24.0
584960,35.0
584992,59.0
585088,37.0
585104,61.0
585104,49.0
585200,26.0
585216,85.0
585296,55.0
585344,24.0
585392,70.0
585440,67.0
585456,36.0
585584,30.0
585600,59.0
585664,62.0
585696,80.0
585744,33.0
585776,42.0
585872,87.0
585952,31.0
585984,62.0
585984,40.0
586080,62.0
586096,20.0
586112,51.0
586112,42.0
586208,38.0
586272,36.0
586320,70.0
586384,62.0
586432,43.0
586464,108.0
586528,36.0
586576,30.0
586608,11.0
586640,33.0
586640,61.0
586784,29.0
586864,80.0
586880,50.0
586880,63.0
586912,44.0
586960,53.0
587136,72.0
587312,42.0
587472,35.0
587472,68.0
587568,99.0
587664,75.0
587744,92.0
587744,54.0
587888,85.0
587888,78.0
587936,39.0
587952,67.0
588016,72.0
588016,34.0
588064,69.0
588080,81.0
588096,27.0
588112,96.0
588224,101.0
588240,31.0
588272,16.0
588288,25.0
588336,37.0
588384,31.0
588496,85.0
588544,13.0
588688,36.0
588752,51.0
588784,48.0
588832,46.0
588928,61.0
588976,88.0
588976,37.0
589008,29.0
589040,61.0
589072,62.0
589136,104.0
589152,54.0
589200,32.0
589280,66.0
589328,68.0
589376,37.0
589376,23.0
589392,40.0
589440,59.0
589504,29.0
589520,78.0
589616,30.0
589632,41.0
589648,51.0
589760,52.0
589968,36.0
589984,49.0
590016,43.0
590048,67.0
590064,57.0
590112,29.0
590128,47.0
590144,32.0
590160,68.0
590192,42.0
590208,15.0
590272,52.0
590320,51.0
590336,45.0
590400,64.0
590416,25.0
590448,25.0
590480,26.0
590496,46.0
590544,35.0
590592,28.0
590640,27.0
590656,31.0
590752,92.0
590864,29.0
591008,29.0
591008,37.0
591008,55.0
591040,25.0
591088,31.0
591136,24.0
591232,70.0
591264,59.0
591312,41.0
591344,63.0
591344,54.0
591504,40.0
591520,78.0
591584,71.0
591600,37.0
591616,89.0
591696,43.0
591776,80.0
591808,45.0
591856,53.0
591984,53.0
592032,45.0
592032,43.0
592128,68.0
592336,47.0
592368,53.0
592400,73.0
592464,60.0
592464,54.0
592512,51.0
592608,79.0
592640,86.0
592704,42.0
592784,41.0
592816,52.0
592880,30.0
592880,69.0
592944,30.0
592976,38.0
592992,71.0
592992,86.0
593024,26.0
593024,35.0
593040,63.0
593072,46.0
593104,81.0
593184,30.0
593232,37.0
593264,47.0
593488,42.0
593696,44.0
593712,45.0
593760,61.0
593792,57.0
593808,34.0
593856,61.0
593888,54.0
593936,56.0
593968,56.0
594032,63.0
594144,11.0
594176,23.0
594192,44.0
594192,76.0
594208,32.0
594272,83.0
594336,69.0
594368,41.0
594384,22.0
594416,77.0
594496,44.0
594576,51.0
594832,43.0
594848,57.0
594848,41.0
594864,110.0
594896,63.0
594928,34.0
594944,38.0
594976,48.0
595008,52.0
595056,43.0
595120,58.0
595216,50.0
595216,85.0
595232,46.0
595456,35.0
595456,39.0
595504,77.0
595600,46.0
595616,65.0
595632,49.0
595632,49.0
595680,29.0
595824,37.0
595856,40.0
595904,61.0
595904,60.0
595920,59.0
595952,22.0
596016,63.0
596016,35.0
596048,23.0
596048,58.0
596080,64.0
596256,39.0
596272,23.0
596304,53.0
596496,30.0
596528,28.0
596528,57.0
596544,39.0
596624,45.0
596640,43.0
596704,41.0
596784,33.0
596816,62.0
596832,61.0
596928,89.0
596976,28.0
596992,28.0
596992,31.0
597040,62.0
597216,43.0
597248,61.0
597248,77.0
597264,35.0
597424,31.0
597424,27.0
597440,113.0
597440,71.0
597568,47.0
597600,61.0
597632,53.0
597696,66.0
597712,42.0
597744,31.0
597776,22.0
597840,25.0
597840,54.0
597888,66.0
597904,40.0
598096,53.0
598128,35.0
598288,54.0
598304,29.0
598336,28.0
598448,91.0
598464,64.0
598496,56.0
598496,45.0
598528,49.0
598592,60.0
598672,36.0
598688,49.0
598784,98.0
598832,62.0
598864,72.0
598864,25.0
598880,47.0
598928,27.0
598944,40.0
599088,87.0
599104,51.0
599104,36.0
599120,28.0
599120,39.0
599152,35.0
599168,45.0
599184,31.0
599200,54.0
599344,26.0
599440,21.0
599504,45.0
599584,44.0
599616,47.0
599712,39.0
599776,27.0
599776,39.0
599808,61.0
599840,61.0
599920,46.0
599920,47.0
599920,50.0
599936,62.0
600192,24.0
600192,68.0
600192,62.0
600224,45.0
600224,49.0
600240,29.0
600368,78.0
600432,41.0
600560,53.0
600560,59.0
600560,61.0
600576,24.0
600640,44.0
600704,54.0
600752,52.0
600928,44.0
600928,44.0
600960,25.0
600992,50.0
601072,32.0
601120,35.0
601136,35.0
601184,79.0
601184,51.0
601200,35.0
601264,64.0
601360,27.0
601552,70.0
601632,107.0
601696,62.0
601696,59.0
601696,31.0
601712,49.0
601744,47.0
601824,54.0
601856,31.0
601936,51.0
602080,118.0
602160,29.0
602176,65.0
602192,63.0
602224,37.0
602272,36.0
602304,70.0
602336,79.0
602480,34.0
602512,43.0
602528,49.0
602544,43.0
602544,23.0
602560,81.0
602560,54.0
602736,41.0
602816,69.0
603008,29.0
603072,34.0
603072,37.0
603104,97.0
603104,37.0
603232,43.0
603248,57.0
603264,44.0
603312,63.0
603392,41.0
603408,37.0
603408,53.0
603488,26.0
603536,79.0
603568,35.0
603728,98.0
603728,41.0
603776,97.0
603840,37.0
603840,46.0
604064,117.0
604080,42.0
604128,37.0
604128,51.0
604160,47.0
604256,48.0
604304,36.0
604400,42.0
604400,63.0
604496,77.0
604592,32.0
604736,56.0
604752,74.0
604768,96.0
604784,24.0
604800,42.0
604912,47.0
604960,52.0
604976,117.0
605040,46.0
605104,32.0
605136,55.0
605152,24.0
605280,76.0
605328,26.0
605328,23.0
605344,53.0
605360,36.0
605472,23.0
605536,110.0
605600,29.0
605696,81.0
605696,21.0
605792,40.0
605840,32.0
605856,36.0
605904,19.0
605984,78.0
606016,61.0
606016,136.0
606032,77.0
606112,26.0
606176,75.0
606240,34.0
606272,50.0
606272,95.0
606448,21.0
606512,73.0
606528,62.0
606560,33.0
606640,29.0
606640,41.0
606784,55.0
606864,53.0
606896,65.0
606912,40.0
606960,43.0
606992,22.0
607008,48.0
607088,81.0
607152,82.0
607184,42.0
607200,74.0
607216,27.0
607296,24.0
607360,45.0
607360,127.0
607472,57.0
607488,65.0
607520,39.0
607648,40.0
607792,79.0
607792,44.0
607792,36.0
607952,50.0
608064,55.0
608096,46.0
608144,74.0
608208,46.0
608224,58.0
608240,45.0
608240,78.0
608384,15.0
608416,39.0
608416,66.0
608432,59.0
608528,46.0
608656,63.0
608672,38.0
608688,28.0
608768,98.0
608848,66.0
609104,55.0
609104,36.0
609120,46.0
609152,59.0
609216,23.0
609248,51.0
609264,53.0
609296,39.0
609328,42.0
609392,61.0
609408,45.0
609440,93.0
609488,164.0
609504,88.0
609504,79.0
609568,50.0
609616,25.0
609712,37.0
609728,39.0
609824,27.0
609920,37.0
610096,62.0
610128,39.0
610144,46.0
610160,41.0
610224,49.0
610336,74.0
610336,38.0
610368,47.0
610384,71.0
610400,52.0
610416,20.0
610432,59.0
610448,46.0
610496,77.0
610544,39.0
610576,28.0
610592,12.0
610768,39.0
610912,33.0
610928,35.0
610960,34.0
610960,39.0
611136,82.0
611184,40.0
611216,18.0
611232,63.0
611248,68.0
611264,42.0
611376,29.0
611456,60.0
611504,67.0
611680,69.0
611680,57.0
611680,28.0
611696,78.0
611728,30.0
611744,35.0
611840,39.0
611920,34.0
612080,51.0
612160,75.0
612176,180.0
612240,25.0
612272,33.0
612272,36.0
612304,14.0
612304,39.0
612416,57.0
612432,131.0
612512,97.0
612560,69.0
612640,21.0
612656,26.0
612704,27.0
612752,21.0
612848,42.0
612864,37.0
612880,109.0
612992,22.0
612992,82.0
613024,45.0
613088,58.0
613184,91.0
613184,94.0
613264,38.0
613280,48.0
613312,35.0
613488,66.0
613520,100.0
613648,59.0
613664,69.0
613680,43.0
613712,53.0
613712,33.0
613936,53.0
613968,61.0
614064,65.0
614080,25.0
614112,79.0
614160,61.0
614256,59.0
614272,35.0
614368,69.0
614480,62.0
614576,32.0
614688,64.0
614752,40.0
614832,122.0
614832,74.0
614896,51.0
614976,44.0
614992,92.0
615008,40.0
615008,67.0
615024,54.0
615120,27.0
615136,116.0
615312,21.0
615344,32.0
615344,86.0
615392,40.0
615440,54.0
615520,25.0
615536,114.0
615536,44.0
615568,36.0
615600,37.0
615664,74.0
615680,34.0
615792,96.0
615840,59.0
615872,21.0
615872,35.0
615888,34.0
615952,59.0
615952,27.0
615984,28.0
616176,72.0
616208,51.0
616240,56.0
616240,36.0
616256,43.0
616272,37.0
616336,24.0
616368,26.0
616432,52.0
616432,35.0
616480,37.0
616496,32.0
616496,44.0
616672,52.0
616688,32.0
616816,86.0
616832,31.0
616864,38.0
616912,65.0
617056,53.0
617152,57.0
617344,53.0
617376,43.0
617472,62.0
617488,66.0
617504,79.0
617504,77.0
617584,48.0
617616,44.0
617680,78.0
617808,47.0
617904,67.0
617936,67.0
617984,101.0
618064,57.0
618096,100.0
618112,40.0
618208,19.0
618240,46.0
618352,63.0
618384,107.0
618400,26.0
618432,51.0
618464,49.0
618496,62.0
618528,45.0
618576,29.0
618688,37.0
618704,29.0
618720,49.0
618736,24.0
618752,79.0
618816,90.0
618912,28.0
618992,37.0
619040,61.0
619120,96.0
619200,32.0
619280,36.0
619312,58.0
619344,57.0
619392,41.0
619504,32.0
619520,44.0
619568,51.0
619632,69.0
619696,26.0
619744,96.0
619760,65.0
619808,82.0
619840,31.0
620000,68.0
620096,33.0
620112,30.0
620128,63.0
620192,72.0
620208,43.0
620272,55.0
620288,49.0
620304,11.0
620384,74.0
620464,41.0
620480,49.0
620608,38.0
620688,86.0
620704,26.0
620704,31.0
620720,39.0
620768,41.0
620800,139.0
620816,66.0
620880,25.0
620928,46.0
620928,68.0
621008,79.0
621056,47.0
621104,45.0
621184,29.0
621200,37.0
621216,59.0
621296,52.0
621344,26.0
621392,29.0
621424,23.0
621424,46.0
621520,51.0
621584,51.0
621648,52.0
621824,70.0
621840,41.0
621936,58.0
621952,27.0
621952,41.0
622000,70.0
622016,57.0
622048,52.0
622128,34.0
622208,63.0
622224,55.0
622288,29.0
622320,42.0
622336,24.0
622448,38.0
622512,70.0
622544,70.0
622656,116.0
622656,21.0
622688,43.0
622800,49.0
622816,54.0
622928,50.0
622976,20.0
623104,73.0
623136,39.0
623184,23.0
623216,62.0
623216,73.0
623248,60.0
623264,58.0
623392,29.0
623440,77.0
623456,127.0
623504,66.0
623504,60.0
623536,46.0
623584,38.0
623584,30.0
623680,64.0
623760,39.0
623776,35.0
623792,69.0
623824,27.0
623856,42.0
623888,22.0
623984,14.0
624080,31.0
624096,52.0
624176,58.0
624224,63.0
624224,45.0
624368,24.0
624400,56.0
624432,40.0
624528,53.0
624528,68.0
624720,71.0
624800,23.0
624800,45.0
624832,66.0
624896,90.0
624912,43.0
624960,37.0
625088,77.0
625120,59.0
625152,58.0
625248,53.0
625280,30.0
625328,26.0
625360,96.0
625376,53.0
625392,42.0
625392,94.0
625472,59.0
625536,28.0
625616,95.0
625728,22.0
625744,59.0
625760,40.0
625776,59.0
625808,30.0
625840,28.0
625872,39.0
625920,28.0
625952,42.0
626016,30.0
626160,75.0
626256,33.0
626336,29.0
626352,27.0
626432,80.0
626464,67.0
626544,44.0
626544,46.0
626560,51.0
626688,58.0
626704,34.0
626848,67.0
626896,55.0
626912,28.0
626944,83.0
626960,26.0
626976,39.0
626992,102.0
627120,43.0
627120,139.0
627200,59.0
627216,79.0
627280,36.0
627296,47.0
627328,48.0
627360,29.0
627408,45.0
627472,33.0
627552,16.0
627872,96.0
627920,67.0
627920,63.0
628016,41.0
628064,67.0
628064,46.0
628112,35.0
628144,74.0
628160,65.0
628208,77.0
628336,71.0
628352,77.0
628416,63.0
628448,73.0
628480,26.0
628544,42.0
628608,17.0
628608,25.0
628656,74.0
628768,97.0
628848,31.0
628896,22.0
629072,66.0
629088,58.0
629088,38.0
629120,44.0
629136,76.0
629200,80.0
629216,28.0
629232,49.0
629248,69.0
629552,44.0
629584,31.0
629600,44.0
629696,68.0
629760,42.0
629760,106.0
629760,103.0
629904,81.0
629920,50.0
629984,83.0
630016,51.0
630080,63.0
630160,59.0
630192,60.0
630208,28.0
630288,33.0
630384,78.0
630384,49.0
630416,73.0
630448,56.0
630448,16.0
630528,32.0
630528,28.0
630560,50.0
630560,41.0
630592,27.0
630608,57.0
630672,68.0
630720,27.0
630848,58.0
630896,57.0
630928,34.0
630976,35.0
631024,31.0
631056,42.0
631056,31.0
631136,43.0
631184,37.0
631264,44.0
631328,50.0
631360,72.0
631408,22.0
631472,36.0
631488,51.0
631504,30.0
631552,39.0
631552,44.0
631680,39.0
631712,62.0
631744,26.0
631776,50.0
631808,85.0
631872,46.0
631872,43.0
631920,82.0
631920,41.0
632048,43.0
632144,42.0
632176,48.0
632192,26.0
632272,49.0
632320,51.0
632384,29.0
632432,47.0
632464,37.0
632560,63.0
632608,54.0
632688,26.0
632704,62.0
632720,25.0
632800,78.0
632816,59.0
632992,33.0
632992,53.0
633008,36.0
633008,60.0
633024,52.0
633088,73.0
633200,51.0
633264,11.0
633280,35.0
633296,31.0
633392,43.0
633408,50.0
633424,27.0
633568,34.0
633728,33.0
633760,48.0
633760,30.0
633872,129.0
633920,31.0
634112,69.0
634144,99.0
634176,73.0
634208,50.0
634208,40.0
634224,128.0
634272,55.0
634272,34.0
634336,36.0
634560,50.0
634560,109.0
634704,35.0
634720,127.0
634752,36.0
634784,95.0
634848,61.0
634880,38.0
634880,34.0
634896,42.0
635088,51.0
635088,112.0
635136,58.0
635152,77.0
635168,38.0
635264,72.0
635264,66.0
635328,38.0
635424,45.0
635504,41.0
635520,40.0
635536,25.0
635536,28.0
635600,27.0
635648,56.0
635696,71.0
635712,58.0
635856,33.0
635872,49.0
635920,41.0
635952,43.0
636032,71.0
636048,73.0
636128,27.0
636144,31.0
636144,45.0
636176,64.0
636272,35.0
636384,53.0
636416,35.0
636528,22.0
636592,66.0
636608,69.0
636672,72.0
636816,25.0
636832,43.0
636864,57.0
636944,50.0
636976,24.0
636976,86.0
637168,65.0
637232,53.0
637232,35.0
637360,82.0
637456,58.0
637472,40.0
637504,77.0
637568,106.0
637600,49.0
637632,41.0
637696,45.0
637744,55.0
637840,56.0
637952,45.0
638016,53.0
638048,126.0
638080,92.0
638128,48.0
638144,25.0
638192,60.0
638256,47.0
638416,29.0
638448,55.0
638464,52.0
638512,51.0
638512,42.0
638608,168.0
638640,37.0
638688,76.0
638752,81.0
638752,35.0
638832,47.0
638832,51.0
638912,82.0
638912,25.0
638912,31.0
638944,30.0
638944,50.0
639040,57.0
639088,40.0
639120,13.0
639136,39.0
639184,58.0
639200,37.0
639264,27.0
639312,42.0
639424,46.0
639472,40.0
639552,50.0
639648,56.0
639728,38.0
639760,53.0
639760,28.0
639776,54.0
639872,58.0
639936,46.0
639984,59.0
640000,54.0
640096,39.0
640128,25.0
640208,70.0
640240,51.0
640256,62.0
640320,42.0
640320,86.0
640320,35.0
640432,41.0
640480,81.0
640496,59.0
640592,45.0
640624,54.0
640624,39.0
640672,22.0
640688,44.0
640704,29.0
640912,30.0
640928,52.0
640960,64.0
640976,22.0
641088,48.0
641104,38.0
641280,43.0
641312,43.0
641328,40.0
641328,75.0
641344,64.0
641360,72.0
641424,47.0
641424,59.0
641440,46.0
641664,46.0
641680,89.0
641856,48.0
641888,57.0
641920,60.0
641952,32.0
641984,40.0
641984,55.0
642224,50.0
642272,26.0
642288,58.0
642304,61.0
642304,61.0
642320,88.0
642416,71.0
642448,71.0
642528,53.0
642592,73.0
642624,46.0
642688,44.0
642704,47.0
642784,23.0
642784,70.0
642896,42.0
642992,42.0
643072,48.0
643136,54.0
643152,35.0
643200,36.0
643232,82.0
643264,80.0
643312,38.0
643328,64.0
643360,57.0
643568,49.0
643600,57.0
643600,82.0
643632,69.0
643696,57.0
643760,54.0
643808,34.0
643856,41.0
643872,35.0
643904,52.0
643920,48.0
644016,49.0
644128,71.0
644240,69.0
644240,57.0
644304,59.0
644416,53.0
644512,57.0
644544,43.0
644576,55.0
644608,19.0
644640,46.0
644672,47.0
644752,32.0
644816,43.0
644832,60.0
644864,66.0
644912,80.0
644912,42.0
644992,77.0
645056,34.0
645072,31.0
645104,29.0
645104,31.0
645120,36.0
645168,47.0
645280,79.0
645312,40.0
645360,31.0
645408,41.0
645440,115.0
645536,39.0
645600,38.0
645680,36.0
645712,41.0
645712,55.0
645744,58.0
645808,46.0
645856,28.0
645872,44.0
645872,60.0
645984,54.0
645984,39.0
646000,56.0
646192,47.0
646240,24.0
646256,41.0
646320,63.0
646416,34.0
646464,74.0
646496,43.0
646512,61.0
646528,34.0
646544,54.0
646560,53.0
646608,23.0
646880,55.0
646880,23.0
646896,74.0
646944,25.0
647024,52.0
647088,12.0
647104,43.0
647120,41.0
647152,80.0
647152,56.0
647200,76.0
647232,57.0
647328,50.0
647488,24.0
647552,42.0
647584,64.0
647600,30.0
647648,119.0
647680,74.0
647680,30.0
647712,43.0
647760,33.0
647840,56.0
647840,43.0
647920,82.0
647968,68.0
648112,27.0
648128,65.0
648192,27.0
648224,56.0
648256,42.0
648256,69.0
648272,35.0
648272,45.0
648288,38.0
648400,27.0
648496,41.0
648608,70.0
648704,27.0
648752,33.0
648768,70.0
648768,53.0
648816,43.0
648848,37.0
648896,49.0
648928,42.0
649056,48.0
649072,92.0
649136,59.0
649200,85.0
649248,53.0
649360,54.0
649424,45.0
649456,38.0
649472,26.0
649488,55.0
649504,43.0
649552,39.0
649680,34.0
649760,62.0
649776,94.0
649840,30.0
649872,39.0
649888,43.0
649904,72.0
649904,63.0
650016,32.0
650048,80.0
650096,42.0
650112,35.0
650256,36.0
650400,58.0
650480,40.0
650528,40.0
650576,94.0
650624,53.0
650624,45.0
650624,36.0
650672,76.0
650704,59.0
650800,49.0
650848,61.0
650992,46.0
651024,96.0
651024,57.0
651168,34.0
651168,79.0
651168,31.0
651200,45.0
651232,24.0
651392,48.0
651440,84.0
651488,54.0
651552,47.0
651568,73.0
651584,66.0
651664,60.0
651744,45.0
651808,38.0
651872,44.0
651952,35.0
651968,26.0
652048,55.0
652048,64.0
652080,31.0
652112,55.0
652144,44.0
652176,100.0
652272,69.0
652336,37.0
652400,52.0
652496,52.0
652496,43.0
652512,35.0
652576,29.0
652624,22.0
652736,109.0
652784,57.0
652816,48.0
652864,56.0
652880,44.0
652896,88.0
653008,24.0
653008,58.0
653264,54.0
653376,65.0
653392,56.0
653408,42.0
653424,80.0
653440,39.0
653440,27.0
653440,34.0
653472,89.0
653520,64.0
653616,52.0
653632,70.0
653680,50.0
653696,43.0
653712,53.0
653872,16.0
654032,91.0
654048,39.0
654096,24.0
654128,46.0
654192,51.0
654224,49.0
654240,50.0
654272,11.0
654288,48.0
654416,72.0
654448,47.0
654480,22.0
654480,65.0
654512,30.0
654528,66.0
654624,36.0
654640,28.0
654656,61.0
654720,27.0
654784,72.0
654816,88.0
654944,29.0
654992,22.0
655152,27.0
655248,45.0
655296,67.0
655296,55.0
655296,42.0
655328,53.0
655424,97.0
655456,63.0
655520,46.0
655536,79.0
655536,45.0
655664,26.0
655664,63.0
655824,52.0
655824,99.0
655856,57.0
655856,84.0
655888,22.0
655952,41.0
656016,31.0
656080,49.0
656128,37.0
656304,63.0
656304,53.0
656400,36.0
656416,62.0
656560,56.0
656640,43.0
656704,86.0
656704,36.0
656832,105.0
656896,30.0
657072,62.0
657120,14.0
657216,57.0
657232,86.0
657248,77.0
657312,103.0
657312,30.0
657376,61.0
657392,98.0
657424,96.0
657440,50.0
657568,54.0
657616,66.0
657664,22.0
657712,116.0
657712,30.0
657776,67.0
657872,50.0
657936,43.0
657968,33.0
657984,105.0
658064,22.0
658128,57.0
658208,40.0
658272,19.0
658304,40.0
658336,76.0
658368,62.0
658448,71.0
658512,68.0
658560,39.0
658624,47.0
658688,81.0
658688,24.0
658736,70.0
658736,33.0
658800,46.0
658832,29.0
658864,68.0
658896,57.0
658896,48.0
659056,45.0
659200,58.0
659232,25.0
659232,31.0
659248,35.0
659264,25.0
659280,52.0
659328,44.0
659504,62.0
659536,46.0
659536,114.0
659584,43.0
659632,27.0
659680,22.0
659696,40.0
659760,64.0
659792,56.0
659856,73.0
659888,39.0
659968,88.0
659984,28.0
660000,23.0
660080,53.0
660096,35.0
660256,63.0
660288,63.0
660368,54.0
660384,43.0
660432,47.0
660480,25.0
660480,37.0
660608,38.0
660672,43.0
660688,58.0
660688,45.0
660720,15.0
660768,42.0
660912,27.0
660944,32.0
660992,46.0
661008,40.0
661104,78.0
661104,45.0
661136,119.0
661232,103.0
661232,90.0
661376,48.0
661472,44.0
661472,50.0
661504,37.0
661552,38.0
661568,55.0
661696,37.0
661712,64.0
661728,90.0
661808,36.0
661872,40.0
661920,51.0
661936,29.0
662096,69.0
662144,89.0
662224,26.0
662240,48.0
662256,78.0
662272,56.0
662288,45.0
662512,86.0
662544,38.0
662576,54.0
662640,57.0
662784,68.0
662800,41.0
662832,83.0
662912,23.0
662960,46.0
662992,45.0
662992,90.0
663008,68.0
663024,46.0
663056,60.0
663168,57.0
663168,58.0
663280,31.0
663376,46.0
663440,58.0
663440,40.0
663472,30.0
663648,41.0
663648,51.0
663792,46.0
663808,40.0
663808,53.0
663824,122.0
663872,53.0
663872,54.0
663872,25.0
663936,31.0
663968,87.0
663984,44.0
664000,52.0
664096,41.0
664208,35.0
664272,85.0
664368,35.0
664384,46.0
664400,33.0
664432,35.0
664464,42.0
664720,84.0
664720,49.0
664752,49.0
664832,52.0
664832,35.0
664896,43.0
665072,79.0
665120,71.0
665136,65.0
665136,79.0
665200,46.0
665200,86.0
665232,52.0
665232,32.0
665344,39.0
665360,61.0
665456,39.0
665648,28.0
665680,53.0
665680,28.0
665744,86.0
665808,28.0
665824,47.0
665840,45.0
665840,40.0
665872,70.0
665936,50.0
665936,94.0
665968,52.0
666048,23.0
666112,76.0
666144,50.0
666160,26.0
666192,22.0
666224,36.0
666288,38.0
666464,41.0
666544,38.0
666544,68.0
666560,45.0
666576,24.0
666656,27.0
666704,52.0
666736,50.0
666752,95.0
666752,37.0
666832,54.0
666928,40.0
666944,50.0
667024,75.0
667136,35.0
667216,69.0
667216,24.0
667248,32.0
667264,45.0
667280,77.0
667312,35.0
667328,24.0
667344,50.0
667424,31.0
667424,25.0
667440,55.0
667520,66.0
667616,30.0
667664,26.0
667712,63.0
667728,61.0
667744,33.0
667776,27.0
667872,41.0
667936,38.0
667984,34.0
668000,24.0
668048,49.0
668080,26.0
668128,44.0
668144,45.0
668144,93.0
668208,31.0
668224,28.0
668416,21.0
668416,71.0
668512,75.0
668512,62.0
668576,52.0
668608,25.0
668624,36.0
668672,50.0
668688,43.0
668864,40.0
668976,52.0
668992,79.0
669040,69.0
669040,57.0
669184,42.0
669264,43.0
669296,49.0
669456,49.0
669456,48.0
669472,66.0
669680,96.0
669728,46.0
669728,69.0
669744,44.0
669744,44.0
669760,36.0
669888,64.0
669920,12.0
669936,29.0
669984,33.0
670032,128.0
670064,91.0
670064,24.0
670144,43.0
670192,58.0
670208,29.0
670256,21.0
670304,34.0
670400,124.0
670416,90.0
670432,43.0
670512,49.0
670528,77.0
670560,36.0
670656,37.0
670752,35.0
670864,61.0
670912,55.0
670992,36.0
671024,45.0
671040,56.0
671056,50.0
671056,25.0
671088,43.0
671104,73.0
671200,62.0
671312,49.0
671408,23.0
671520,41.0
671552,65.0
671600,53.0
671648,76.0
671712,39.0
671776,54.0
671776,45.0
671776,45.0
671824,45.0
671856,54.0
671952,118.0
672016,51.0
672144,46.0
672160,53.0
672160,28.0
672160,40.0
672176,101.0
672176,25.0
672208,27.0
672240,43.0
672288,32.0
672368,48.0
672448,13.0
672512,22.0
672576,25.0
672704,53.0
672704,66.0
672720,35.0
672768,51.0
672784,60.0
672976,52.0
672992,13.0
673008,53.0
673056,55.0
673072,66.0
673072,39.0
673120,57.0
673328,38.0
673344,40.0
673360,53.0
673376,68.0
673376,25.0
673520,72.0
673536,29.0
673568,31.0
673664,38.0
673680,42.0
673904,71.0
673920,50.0
673968,79.0
674032,41.0
674080,26.0
674112,193.0
674128,48.0
674160,49.0
674208,55.0
674304,46.0
674336,27.0
674336,26.0
674368,112.0
674496,51.0
674624,69.0
674672,32.0
674752,76.0
674768,35.0
674800,45.0
674832,45.0
674880,118.0
674912,59.0
675072,36.0
675072,59.0
675088,21.0
675088,47.0
675136,48.0
675168,71.0
675248,59.0
675264,22.0
675328,35.0
675376,44.0
675488,43.0
675536,75.0
675664,26.0
675728,41.0
675744,30.0
675760,71.0
675760,58.0
675824,59.0
675824,43.0
675936,12.0
675952,54.0
675968,40.0
676032,54.0
676048,60.0
676160,176.0
676208,34.0
676224,53.0
676240,30.0
676272,34.0
676352,80.0
676448,25.0
676448,32.0
676464,40.0
676480,45.0
676496,33.0
676528,23.0
676576,68.0
676672,40.0
676784,34.0
676880,38.0
676960,24.0
676992,65.0
677024,34.0
677040,37.0
677072,96.0
677120,42.0
677136,49.0
677152,30.0
677200,42.0
677200,44.0
677232,64.0
677264,65.0
677344,95.0
677392,32.0
677504,30.0
677584,37.0
677664,55.0
677712,23.0
677760,40.0
677760,35.0
677888,89.0
677888,39.0
677968,58.0
678032,67.0
678080,55.0
678080,63.0
678112,55.0
678128,62.0
678160,25.0
678272,24.0
678320,46.0
678320,58.0
678320,51.0
678384,22.0
678400,46.0
678448,30.0
678464,36.0
678480,83.0
678704,59.0
678768,23.0
678768,41.0
678864,49.0
678928,30.0
678928,48.0
678976,31.0
679024,44.0
679024,56.0
679168,53.0
679200,14.0
679200,55.0
679232,48.0
679248,96.0
679408,40.0
679456,86.0
679456,27.0
679504,36.0
679536,79.0
679536,42.0
679584,51.0
679600,76.0
679600,36.0
679680,47.0
679696,33.0
679728,33.0
679808,38.0
679856,72.0
679936,44.0
679952,31.0
680000,26.0
680032,27.0
680128,42.0
680128,27.0
680192,37.0
680240,46.0
680256,33.0
680480,59.0
680480,30.0
680480,77.0
680480,34.0
680512,44.0
680544,37.0
680560,55.0
680560,44.0
680576,65.0
680752,84.0
680768,40.0
680768,33.0
680912,27.0
680944,43.0
680960,58.0
680976,25.0
681072,37.0
681088,60.0
681136,41.0
681184,39.0
681360,55.0
681424,41.0
681424,41.0
681440,56.0
681488,32.0
681536,64.0
681584,87.0
681632,67.0
681744,24.0
681760,36.0
681792,65.0
681824,43.0
681840,47.0
681904,10.0
681952,32.0
681984,67.0
682000,65.0
682080,71.0
682096,64.0
682176,26.0
682192,44.0
682224,50.0
682336,44.0
682352,58.0
682368,29.0
682416,27.0
682432,27.0
682432,30.0
682448,41.0
682512,61.0
682544,60.0
682544,45.0
682704,32.0
682720,24.0
682784,35.0
682896,33.0
682960,54.0
683072,62.0
683120,59.0
683136,37.0
683152,40.0
683312,60.0
683344,58.0
683360,51.0
683408,32.0
683456,64.0
683472,47.0
683504,67.0
683632,30.0
683648,54.0
683648,33.0
683872,50.0
683904,59.0
683936,37.0
684000,43.0
684048,100.0
684192,66.0
684240,37.0
684240,96.0
684320,51.0
684336,58.0
684336,44.0
684384,46.0
684528,73.0
684592,43.0
684608,71.0
684624,73.0
684640,37.0
684656,29.0
684688,22.0
684816,55.0
684848,53.0
684960,27.0
684976,37.0
684992,47.0
685040,28.0
685168,52.0
685200,34.0
685312,217.0
685376,94.0
685424,46.0
685456,51.0
685504,79.0
685504,33.0
685632,63.0
685680,40.0
685760,72.0
685776,20.0
685792,26.0
685856,96.0
685952,49.0
685984,35.0
686000,50.0
686096,80.0
686128,31.0
686128,73.0
686144,40.0
686160,25.0
686176,83.0
686272,48.0
686320,83.0
686384,44.0
686432,36.0
686448,71.0
686528,33.0
686656,42.0
686704,38.0
686720,59.0
686752,23.0
686768,37.0
686800,42.0
686928,50.0
687008,53.0
687024,36.0
687056,79.0
687136,13.0
687280,33.0
687280,36.0
687296,40.0
687344,51.0
687456,71.0
687504,77.0
687552,100.0
687600,73.0
687632,57.0
687728,28.0
687792,48.0
687824,48.0
687824,30.0
687824,66.0
687920,40.0
687952,113.0
687968,52.0
687984,43.0
688080,67.0
688256,47.0
688288,20.0
688304,44.0
688304,32.0
688384,99.0
688464,40.0
688480,58.0
688656,58.0
688656,22.0
688704,55.0
688736,51.0
688816,54.0
688864,25.0
688864,24.0
688960,94.0
688976,37.0
689024,46.0
689040,46.0
689088,27.0
689104,53.0
689152,95.0
689200,34.0
689296,30.0
689440,22.0
689536,52.0
689536,21.0
689552,43.0
689648,49.0
689664,35.0
689680,45.0
689696,101.0
689696,60.0
689712,46.0
689792,113.0
689840,126.0
689904,54.0
689968,59.0
690016,30.0
690144,44.0
690160,29.0
690224,43.0
690240,28.0
690336,65.0
690352,42.0
690416,54.0
690432,29.0
690432,37.0
690560,54.0
690592,27.0
690608,56.0
690704,50.0
690848,32.0
690864,107.0
690880,41.0
690896,34.0
690960,23.0
691024,38.0
691056,31.0
691088,89.0
691168,46.0
691200,66.0
691216,23.0
691232,50.0
691232,23.0
691280,42.0
691344,69.0
691408,32.0
691520,22.0
691552,119.0
691648,26.0
691680,21.0
691712,47.0
691792,68.0
691840,35.0
691840,40.0
691856,39.0
691888,54.0
691920,54.0
691936,26.0
692032,72.0
692096,43.0
692112,35.0
692224,71.0
692256,65.0
692272,39.0
692352,146.0
692416,30.0
692496,41.0
692544,52.0
692560,48.0
692672,25.0
692688,48.0
692704,37.0
692720,31.0
692736,53.0
692784,59.0
692960,44.0
692992,71.0
693072,45.0
693152,70.0
693168,67.0
693184,31.0
693200,40.0
693216,27.0
693296,35.0
693312,37.0
693328,57.0
693456,60.0
693536,36.0
693568,118.0
693584,65.0
693728,41.0
693776,49.0
693824,32.0
693824,38.0
693856,33.0
693936,47.0
693968,79.0
694128,60.0
694144,43.0
694272,67.0
694272,70.0
694352,66.0
694368,27.0
694384,53.0
694480,47.0
694512,46.0
694528,44.0
694560,44.0
694576,27.0
694672,44.0
694752,58.0
694800,33.0
694880,82.0
694880,138.0
694896,48.0
694976,39.0
694976,31.0
695008,89.0
695024,22.0
695088,51.0
695088,32.0
695184,51.0
695328,28.0
695344,52.0
695488,69.0
695488,25.0
695488,46.0
695632,52.0
695680,44.0
695696,50.0
695744,41.0
695760,77.0
695760,55.0
695792,77.0
695792,29.0
695808,52.0
695824,50.0
695856,53.0
696048,26.0
696096,47.0
696128,24.0
696128,40.0
696160,23.0
696160,42.0
696224,27.0
696224,46.0
696272,28.0
696304,34.0
696368,38.0
696384,75.0
696480,49.0
696496,40.0
696496,51.0
696624,33.0
696656,38.0
696736,36.0
696784,41.0
696784,41.0
696848,43.0
696848,65.0
696880,31.0
696912,43.0
697088,49.0
697088,37.0
697088,19.0
697152,58.0
697248,23.0
697312,29.0
697360,68.0
697472,51.0
697488,25.0
697488,25.0
697488,70.0
697520,64.0
697536,50.0
697568,68.0
697680,23.0
697712,54.0
697728,51.0
697744,41.0
697776,26.0
697856,67.0
697936,28.0
697936,49.0
698080,52.0
698144,36.0
698160,96.0
698176,43.0
698240,29.0
698256,46.0
698320,29.0
698336,25.0
698352,38.0
698384,44.0
698416,58.0
698496,64.0
698592,22.0
698592,27.0
698608,55.0
698624,34.0
698688,23.0
698736,22.0
698736,64.0
698832,26.0
698848,57.0
698912,86.0
698944,50.0
698944,28.0
699008,41.0
699104,32.0
699168,30.0
699216,65.0
699296,35.0
699376,65.0
699392,28.0
699424,37.0
699520,38.0
699552,44.0
699568,35.0
699712,61.0
699728,39.0
699808,54.0
699856,100.0
699872,44.0
699936,32.0
699968,86.0
700000,86.0
700032,51.0
700112,25.0
700128,95.0
700128,47.0
700192,40.0
700304,36.0
700320,64.0
700448,58.0
700480,68.0
700512,34.0
700592,29.0
700608,31.0
700608,50.0
700656,49.0
700656,39.0
700704,71.0
700720,49.0
700784,29.0
700816,39.0
700848,62.0
701008,25.0
701040,57.0
701152,34.0
701184,33.0
701232,49.0
701280,43.0
701392,43.0
701440,41.0
701488,30.0
701504,43.0
701520,42.0
701616,56.0
701632,72.0
701696,74.0
701696,12.0
701760,91.0
701824,42.0
701888,44.0
701920,120.0
701920,27.0
701984,34.0
702096,54.0
702096,36.0
702240,99.0
702288,23.0
702320,25.0
702320,65.0
702368,38.0
702432,51.0
702448,51.0
702464,89.0
702480,49.0
702576,37.0
702576,30.0
702576,55.0
702640,34.0
702640,51.0
702688,25.0
702752,24.0
702784,87.0
703024,71.0
703040,45.0
703136,51.0
703200,39.0
703264,52.0
703296,32.0
703344,56.0
703344,48.0
703472,77.0
703472,13.0
703520,55.0
703536,53.0
703568,58.0
703568,68.0
703584,24.0
703744,73.0
703824,33.0
703840,68.0
703920,56.0
703952,57.0
704000,29.0
704016,97.0
704080,46.0
704112,40.0
704128,38.0
704160,37.0
704288,23.0
704368,49.0
704384,57.0
704448,55.0
704464,83.0
704544,24.0
704560,35.0
704608,31.0
704656,51.0
704704,85.0
704960,25.0
704960,59.0
705088,79.0
705120,62.0
705168,68.0
705216,48.0
705248,81.0
705280,56.0
705280,96.0
705328,65.0
705328,23.0
705392,49.0
705456,68.0
705488,64.0
705648,43.0
705856,82.0
705904,36.0
705920,47.0
705952,46.0
705984,33.0
705984,41.0
706016,48.0
706048,58.0
706048,84.0
706192,69.0
706240,99.0
706240,37.0
706288,56.0
706496,63.0
706496,76.0
706512,31.0
706544,43.0
706560,41.0
706576,41.0
706672,43.0
706672,27.0
706832,97.0
706832,21.0
706880,52.0
706912,60.0
706944,41.0
706944,47.0
707008,64.0
707024,32.0
707168,58.0
707168,31.0
707264,43.0
707344,27.0
707344,25.0
707376,44.0
707408,85.0
707440,56.0
707456,56.0
707520,31.0
707600,27.0
707728,53.0
707904,40.0
707936,33.0
707936,69.0
707952,49.0
707984,38.0
708032,75.0
708048,38.0
708160,51.0
708208,17.0
708240,77.0
708288,84.0
708304,22.0
708320,50.0
708336,46.0
708416,67.0
708512,126.0
708528,50.0
708544,68.0
708560,41.0
708576,33.0
708608,25.0
708656,23.0
708672,32.0
708688,24.0
708816,36.0
708880,34.0
709104,49.0
709120,74.0
709168,41.0
709168,71.0
709184,31.0
709200,39.0
709264,38.0
709296,46.0
709360,86.0
709408,62.0
709504,61.0
709552,63.0
709600,31.0
709616,27.0
709632,27.0
709664,49.0
709664,66.0
709696,64.0
709920,26.0
709936,70.0
710000,37.0
710016,53.0
710096,29.0
710144,34.0
710288,46.0
710288,39.0
710304,59.0
710352,68.0
710400,49.0
710512,84.0
710512,36.0
710528,77.0
710544,34.0
710592,36.0
710608,93.0
710864,59.0
710928,77.0
710976,39.0
711072,58.0
711072,29.0
711136,52.0
711152,54.0
711168,41.0
711184,95.0
711328,49.0
711344,11.0
711440,23.0
711456,24.0
711504,88.0
711696,74.0
711696,73.0
711728,24.0
711744,26.0
711840,57.0
711872,92.0
711872,56.0
712000,51.0
712016,55.0
712048,110.0
712112,42.0
712240,86.0
712304,38.0
712464,37.0
712480,61.0
712496,30.0
712560,54.0
712672,58.0
712672,39.0
712736,80.0
712768,136.0
712784,34.0
712816,104.0
712848,53.0
712928,75.0
712944,67.0
712944,52.0
712944,29.0
713008,44.0
713040,36.0
713056,24.0
713120,11.0
713136,81.0
713168,24.0
713408,37.0
713408,42.0
713408,29.0
713424,31.0
713488,62.0
713504,52.0
713680,32.0
713696,43.0
713712,41.0
713728,49.0
713760,39.0
713776,76.0
713792,64.0
713920,67.0
714032,34.0
714128,68.0
714160,46.0
714208,68.0
714224,51.0
714240,52.0
714320,35.0
714336,52.0
714416,40.0
714512,37.0
714528,52.0
714640,30.0
714720,25.0
714720,82.0
714832,39.0
714864,74.0
714864,21.0
714928,32.0
714944,38.0
715008,49.0
715072,65.0
715120,62.0
715168,90.0
715184,92.0
715200,60.0
715232,90.0
715296,49.0
715360,12.0
715408,30.0
715408,36.0
715424,44.0
715520,55.0
715632,35.0
715664,34.0
715728,45.0
715728,34.0
715744,32.0
715744,28.0
715792,67.0
715872,29.0
715936,67.0
715968,69.0
716032,38.0
716096,29.0
716192,33.0
716240,45.0
716256,32.0
716288,55.0
716384,64.0
716384,74.0
716384,40.0
716464,27.0
716512,26.0
716512,45.0
716544,51.0
716544,38.0
716608,46.0
716672,44.0
716688,27.0
716688,25.0
716720,11.0
716896,73.0
717088,134.0
717152,40.0
717184,59.0
717328,59.0
717344,55.0
717344,72.0
717392,63.0
717424,57.0
717456,53.0
717456,48.0
717472,47.0
717536,72.0
717584,25.0
717600,32.0
717600,66.0
717728,66.0
717824,27.0
717856,44.0
717856,25.0
718016,37.0
718064,29.0
718080,22.0
718176,37.0
718176,44.0
718272,99.0
718320,89.0
718384,33.0
718432,61.0
718432,38.0
718480,39.0
718480,72.0
718544,63.0
718560,24.0
718560,34.0
718720,25.0
718768,44.0
718816,27.0
718832,93.0
718848,78.0
718880,38.0
718928,31.0
718976,26.0
719024,34.0
719104,42.0
719152,61.0
719200,41.0
719200,20.0
719376,127.0
719392,42.0
719440,39.0
719520,42.0
719568,63.0
719568,93.0
719648,34.0
719664,52.0
719744,34.0
719760,80.0
719792,22.0
719840,57.0
719920,25.0
719984,37.0
720064,26.0
720080,26.0
720096,83.0
720176,72.0
720208,28.0
720256,21.0
720256,55.0
720288,31.0
720416,90.0
720432,54.0
720496,81.0
720592,53.0
720624,92.0
720784,36.0
720848,80.0
720864,55.0
720912,41.0
720912,53.0
720960,23.0
721136,66.0
721232,51.0
721232,24.0
721328,44.0
721472,74.0
721488,16.0
721504,104.0
721520,89.0
721520,38.0
721600,51.0
721664,50.0
721680,89.0
721888,87.0
721920,37.0
721936,27.0
721936,94.0
721952,45.0
721984,53.0
722176,41.0
722256,81.0
722288,86.0
722336,42.0
722336,24.0
722368,43.0
722432,57.0
722496,35.0
722576,41.0
722576,37.0
722592,70.0
722656,25.0
722768,162.0
722832,29.0
722880,87.0
722880,59.0
722896,81.0
723024,33.0
723056,48.0
723104,76.0
723280,44.0
723280,69.0
723296,45.0
723312,41.0
723392,32.0
723424,25.0
723520,58.0
723536,44.0
723600,79.0
723600,44.0
723616,74.0
723616,53.0
723696,85.0
723808,33.0
723840,33.0
723920,65.0
723984,24.0
723984,23.0
724016,45.0
724128,27.0
724128,46.0
724144,68.0
724160,55.0
724304,44.0
724464,53.0
724464,59.0
724496,87.0
724592,38.0
724608,74.0
724624,49.0
724656,12.0
724768,49.0
724784,40.0
724784,78.0
724800,42.0
724800,49.0
724800,40.0
724848,45.0
724864,66.0
724992,24.0
725184,35.0
725216,35.0
725232,82.0
725248,47.0
725280,43.0
725296,62.0
725312,32.0
725312,32.0
725408,39.0
725488,40.0
725488,45.0
725504,65.0
725600,50.0
725632,28.0
725664,27.0
725888,40.0
726016,64.0
726032,46.0
726080,48.0
726160,53.0
726224,90.0
726256,87.0
726304,68.0
726336,44.0
726336,46.0
726464,74.0
726496,21.0
726496,62.0
726576,68.0
726592,69.0
726624,20.0
726624,34.0
726624,60.0
726640,38.0
726688,80.0
726848,39.0
726976,45.0
726992,23.0
727008,32.0
727024,25.0
727024,63.0
727104,76.0
727232,40.0
727248,25.0
727248,49.0
727280,59.0
727312,61.0
727392,56.0
727408,25.0
727424,25.0
727440,12.0
727456,48.0
727520,26.0
727552,35.0
727696,67.0
727760,30.0
727760,19.0
727776,24.0
727824,53.0
727936,44.0
727952,33.0
727952,86.0
727984,84.0
727984,36.0
728208,27.0
728224,49.0
728368,34.0
728384,39.0
728384,71.0
728416,54.0
728432,46.0
728496,34.0
728512,36.0
728560,22.0
728560,78.0
728560,36.0
728576,66.0
728608,39.0
728704,20.0
728816,66.0
728848,26.0
728880,24.0
728896,42.0
728944,35.0
729024,28.0
729104,34.0
729120,26.0
729168,38.0
729216,38.0
729232,138.0
729248,81.0
729296,55.0
729312,59.0
729408,35.0
729472,41.0
729616,46.0
729664,23.0
729680,49.0
729696,74.0
729728,35.0
729808,31.0
729824,38.0
729856,24.0
729856,38.0
729920,50.0
730032,50.0
730064,41.0
730096,30.0
730160,21.0
730160,100.0
730176,77.0
730240,76.0
730288,27.0
730384,22.0
730384,44.0
730512,49.0
730608,14.0
730656,37.0
730704,20.0
730768,69.0
730832,57.0
730832,37.0
730848,109.0
730912,66.0
730960,79.0
730992,51.0
730992,56.0
731120,52.0
731200,43.0
731232,67.0
731312,44.0
731344,27.0
731392,43.0
731488,23.0
731584,47.0
731616,113.0
731696,58.0
731712,55.0
731712,47.0
731776,49.0
731776,34.0
731808,60.0
731824,32.0
731824,27.0
732032,43.0
732128,26.0
732128,123.0
732160,94.0
732192,44.0
732272,41.0
732384,38.0
732416,76.0
732480,48.0
732512,58.0
732544,26.0
732560,27.0
732592,20.0
732624,50.0
732720,33.0
732736,57.0
732784,61.0
732880,74.0
732928,56.0
732992,38.0
733024,38.0
733120,133.0
733136,34.0
733168,38.0
733216,90.0
733248,68.0
733312,52.0
733328,44.0
733392,55.0
733392,38.0
733408,26.0
733440,44.0
733456,36.0
733456,57.0
733520,25.0
733552,33.0
733600,12.0
733600,55.0
733632,19.0
733648,25.0
733696,24.0
733712,36.0
733728,50.0
733792,36.0
734032,24.0
734064,38.0
734128,33.0
734144,47.0
734272,45.0
734336,56.0
734352,52.0
734384,42.0
734448,26.0
734464,63.0
734480,82.0
734608,57.0
734672,80.0
734672,55.0
734752,43.0
734768,26.0
734784,66.0
734800,41.0
734832,44.0
734848,29.0
734880,38.0
734944,82.0
734960,85.0
735008,42.0
735168,18.0
735216,38.0
735232,47.0
735248,49.0
735280,31.0
735360,32.0
735408,46.0
735536,46.0
735536,49.0
735552,37.0
735600,72.0
735616,49.0
735632,22.0
735648,40.0
735728,12.0
735760,25.0
735776,38.0
735968,23.0
736048,51.0
736064,87.0
736080,82.0
736096,53.0
736112,36.0
736112,44.0
736160,59.0
736176,39.0
736272,41.0
736272,34.0
736432,49.0
736448,94.0
736464,43.0
736576,32.0
736656,35.0
736736,43.0
736752,62.0
736768,37.0
736784,32.0
736832,54.0
736880,50.0
736928,48.0
736944,52.0
737072,39.0
737120,63.0
737184,57.0
737200,39.0
737216,35.0
737360,33.0
737376,109.0
737424,41.0
737504,39.0
737504,65.0
737552,50.0
737568,39.0
737600,73.0
737616,52.0
737664,58.0
737792,27.0
737792,38.0
737840,26.0
737920,53.0
737984,48.0
738032,69.0
738048,34.0
738080,60.0
738192,51.0
738272,27.0
738352,35.0
738416,57.0
738448,78.0
738544,62.0
738560,56.0
738608,43.0
738624,34.0
738656,66.0
738672,69.0
738704,68.0
738784,50.0
738848,27.0
738880,43.0
738912,54.0
738976,44.0
739056,32.0
739072,32.0
739152,50.0
739168,86.0
739248,37.0
739264,40.0
739312,44.0
739312,54.0
739328,11.0
739344,42.0
739408,21.0
739424,45.0
739472,39.0
739488,38.0
739536,35.0
739600,51.0
739728,42.0
739776,38.0
739792,34.0
739856,59.0
739888,116.0
739952,33.0
739984,40.0
740000,43.0
740192,41.0
740224,31.0
740240,29.0
740256,62.0
740288,55.0
740400,32.0
740480,31.0
740512,57.0
740528,66.0
740544,37.0
740624,81.0
740656,50.0
740672,55.0
740736,78.0
740768,91.0
740832,27.0
740992,46.0
741104,28.0
741104,54.0
741296,47.0
741312,64.0
741312,82.0
741360,37.0
741408,58.0
741408,56.0
741456,29.0
741504,82.0
741536,54.0
741664,52.0
741728,62.0
741744,40.0
741760,96.0
741888,30.0
741904,38.0
741984,39.0
741984,42.0
742016,35.0
742032,33.0
742240,107.0
742256,72.0
742288,47.0
742304,105.0
742352,23.0
742400,42.0
742416,63.0
742416,33.0
742464,35.0
742496,46.0
742528,54.0
742624,40.0
742800,93.0
742800,34.0
742896,55.0
743024,45.0
743040,26.0
743056,33.0
743072,49.0
743072,45.0
743136,45.0
743296,97.0
743312,56.0
743312,26.0
743520,70.0
743552,82.0
743568,48.0
743616,37.0
743616,70.0
743728,58.0
743728,41.0
743808,84.0
743856,114.0
743872,20.0
743984,23.0
744000,43.0
744016,55.0
744032,45.0
744112,19.0
744176,70.0
744192,39.0
744272,47.0
744304,43.0
744352,80.0
744416,43.0
744480,47.0
744544,43.0
744640,40.0
744656,42.0
744736,90.0
744736,34.0
744832,50.0
744864,53.0
744912,50.0
744976,44.0
745040,31.0
745072,41.0
745104,47.0
745104,50.0
745120,59.0
745200,10.0
745248,32.0
745312,42.0
745328,37.0
745344,54.0
745408,31.0
745440,23.0
745488,41.0
745536,42.0
745584,58.0
745600,108.0
745664,43.0
745680,36.0
745712,38.0
745760,170.0
745808,14.0
745856,26.0
745872,47.0
745904,41.0
745904,37.0
745904,36.0
745952,38.0
745952,34.0
746208,45.0
746320,45.0
746336,33.0
746416,47.0
746480,59.0
746512,41.0
746528,51.0
746640,46.0
746656,49.0
746688,63.0
746736,33.0
746752,53.0
746800,56.0
746816,101.0
746816,54.0
746832,26.0
746864,69.0
746880,23.0
746992,21.0
747008,30.0
747104,48.0
747120,23.0
747136,31.0
747200,78.0
747248,58.0
747296,26.0
747328,32.0
747376,43.0
747424,43.0
747520,65.0
747520,41.0
747600,37.0
747680,35.0
747680,36.0
747712,12.0
747744,38.0
747776,28.0
747776,61.0
747824,63.0
747856,54.0
747888,43.0
748016,40.0
748128,44.0
748160,83.0
748208,57.0
748224,30.0
748320,34.0
748336,13.0
748352,52.0
748512,39.0
748608,58.0
748672,53.0
748688,29.0
748704,91.0
748736,60.0
748736,71.0
748736,66.0
748768,38.0
748800,37.0
748832,61.0
748960,39.0
748992,80.0
749168,31.0
749280,79.0
749296,49.0
749312,34.0
749360,41.0
749392,41.0
749392,37.0
749424,43.0
749424,67.0
749424,69.0
749472,32.0
749488,41.0
749648,30.0
749648,41.0
749664,61.0
749728,21.0
749824,25.0
749856,24.0
750032,38.0
750032,45.0
750032,89.0
750064,40.0
750096,51.0
750192,50.0
750256,37.0
750288,29.0
750400,57.0
750448,26.0
750464,23.0
750512,54.0
750576,53.0
750576,76.0
750608,34.0
750624,37.0
750640,49.0
750656,120.0
750672,86.0
750704,42.0
750784,37.0
750976,36.0
750992,84.0
750992,23.0
751024,48.0
751040,25.0
751040,29.0
751072,38.0
751136,53.0
751152,40.0
751232,36.0
751344,19.0
751408,52.0
751424,28.0
751424,61.0
751488,51.0
751568,60.0
751584,35.0
751760,61.0
752000,37.0
752032,55.0
752080,68.0
752128,56.0
752176,71.0
752192,48.0
752208,94.0
752272,80.0
752304,46.0
752336,75.0
752336,53.0
752352,37.0
752384,82.0
752544,22.0
752544,70.0
752560,61.0
752576,23.0
752656,22.0
752784,28.0
752832,93.0
752864,52.0
753024,59.0
753040,48.0
753152,72.0
753168,49.0
753216,68.0
753264,43.0
753344,50.0
753344,50.0
753408,53.0
753456,27.0
753456,80.0
753472,38.0
753552,21.0
753568,33.0
753616,80.0
753728,59.0
753728,86.0
753728,56.0
753760,18.0
753776,70.0
753792,21.0
753856,32.0
753904,46.0
754096,33.0
754096,43.0
754112,22.0
754144,55.0
754240,56.0
754256,30.0
754304,72.0
754400,59.0
754400,31.0
754448,12.0
754496,44.0
754512,41.0
754512,49.0
754608,66.0
754624,56.0
754720,39.0
754736,70.0
754800,44.0
754800,25.0
754912,42.0
754928,49.0
755152,27.0
755168,54.0
755248,95.0
755280,73.0
755280,48.0
755328,51.0
755360,27.0
755360,39.0
755584,27.0
755616,23.0
755616,76.0
755680,74.0
755728,58.0
755776,83.0
755792,74.0
755808,74.0
755872,60.0
755936,71.0
756016,41.0
756064,28.0
756208,55.0
756240,29.0
756336,61.0
756352,30.0
756400,77.0
756432,72.0
756464,55.0
756512,31.0
756528,29.0
756592,82.0
756592,54.0
756672,46.0
756704,56.0
756768,26.0
756896,43.0
757024,88.0
757024,31.0
757104,32.0
757120,38.0
757152,51.0
757200,31.0
757264,52.0
757280,43.0
757296,39.0
757312,95.0
757376,61.0
757472,44.0
757568,28.0
757696,77.0
757728,33.0
757744,53.0
757744,129.0
757744,45.0
757760,95.0
757808,41.0
757872,35.0
757952,58.0
758000,45.0
758000,46.0
758016,28.0
758080,22.0
758096,50.0
758112,23.0
758240,31.0
758352,61.0
758352,30.0
758384,36.0
758480,46.0
758624,33.0
758640,40.0
758688,21.0
758704,100.0
758736,31.0
758816,54.0
758864,47.0
758880,74.0
758896,71.0
759008,96.0
759120,46.0
759168,43.0
759184,52.0
759232,37.0
759248,23.0
759312,82.0
759328,78.0
759344,28.0
759392,43.0
759504,51.0
759616,27.0
759616,62.0
759648,49.0
759680,59.0
759696,105.0
759728,57.0
759824,27.0
759856,43.0
759872,54.0
759920,26.0
759952,52.0
759952,44.0
759968,39.0
760112,31.0
760128,50.0
760144,17.0
760240,17.0
760320,25.0
760336,40.0
760368,71.0
760384,44.0
760544,37.0
760544,43.0
760576,60.0
760720,88.0
760784,28.0
760800,72.0
760800,61.0
760832,44.0
760928,35.0
761088,59.0
761136,37.0
761168,23.0
761184,54.0
761232,80.0
761296,98.0
761296,74.0
761296,36.0
761408,39.0
761424,39.0
761456,67.0
761488,57.0
761520,27.0
761584,28.0
761600,48.0
761664,31.0
761664,70.0
761856,39.0
761872,18.0
762016,68.0
762048,47.0
762096,116.0
762128,45.0
762144,30.0
762192,42.0
762192,48.0
762272,25.0
762288,62.0
762432,48.0
762496,65.0
762544,33.0
762560,86.0
762576,45.0
762592,62.0
762704,27.0
762720,27.0
762816,39.0
762864,48.0
762896,100.0
762944,56.0
762944,32.0
762960,92.0
763072,55.0
763120,19.0
763216,41.0
763232,69.0
763280,35.0
763328,52.0
763360,26.0
763440,81.0
763456,24.0
763472,38.0
763568,62.0
763616,67.0
763632,22.0
763664,45.0
763712,63.0
763728,52.0
763792,29.0
763840,78.0
763872,25.0
763952,15.0
764016,66.0
764096,46.0
764128,56.0
764144,43.0
764144,58.0
764160,45.0
764304,29.0
764320,44.0
764432,26.0
764560,38.0
764576,91.0
764576,57.0
764688,56.0
764704,52.0
764704,67.0
764736,27.0
764816,68.0
764832,44.0
764864,81.0
764880,28.0
764928,14.0
764976,55.0
765040,45.0
765056,31.0
765104,60.0
765152,29.0
765184,38.0
765328,28.0
765344,38.0
765376,28.0
765392,43.0
765440,80.0
765456,55.0
765472,38.0
765488,32.0
765600,48.0
765632,51.0
765632,30.0
765680,39.0
765776,37.0
765840,25.0
765872,24.0
765952,20.0
765968,12.0
765968,36.0
766000,33.0
766000,42.0
766016,117.0
766096,40.0
766176,52.0
766320,76.0
766320,40.0
766336,44.0
766336,31.0
766352,22.0
766480,69.0
766480,55.0
766528,35.0
766544,28.0
766608,46.0
766672,45.0
766688,42.0
766736,106.0
766768,48.0
766768,28.0
766912,36.0
766944,38.0
766976,39.0
767184,36.0
767216,42.0
767216,56.0
767232,44.0
767328,37.0
767376,88.0
767504,37.0
767600,70.0
767600,70.0
767616,53.0
767696,63.0
767776,17.0
767808,65.0
767808,12.0
767824,38.0
767824,28.0
767840,41.0
767968,23.0
767968,40.0
768016,84.0
768080,71.0
768080,69.0
768080,119.0
768112,55.0
768272,66.0
768320,31.0
768320,19.0
768384,49.0
768416,38.0
768416,28.0
768480,40.0
768576,38.0
768624,19.0
768640,52.0
768704,55.0
768768,18.0
768880,50.0
768976,25.0
769008,43.0
769040,25.0
769040,79.0
769056,85.0
769072,41.0
769088,63.0
769168,34.0
769232,70.0
769232,53.0
769312,38.0
769312,56.0
769312,27.0
769328,22.0
769376,38.0
769568,93.0
769632,34.0
769728,91.0
769728,41.0
769728,25.0
769744,27.0
769760,33.0
769808,31.0
769840,50.0
769904,46.0
769952,57.0
770000,62.0
770096,54.0
770256,75.0
770272,33.0
770272,56.0
770304,62.0
770320,43.0
770352,37.0
770400,42.0
770464,29.0
770512,38.0
770512,42.0
770640,57.0
770688,60.0
770752,59.0
770864,37.0
770880,58.0
770880,49.0
770912,28.0
771040,22.0
771040,49.0
771120,51.0
771184,101.0
771200,35.0
771200,50.0
771280,48.0
771312,62.0
771360,53.0
771376,69.0
771536,31.0
771600,35.0
771600,78.0
771664,57.0
771728,51.0
771760,40.0
771760,55.0
771760,55.0
771824,40.0
771840,33.0
771968,48.0
772048,28.0
772080,50.0
772096,31.0
772144,59.0
772176,51.0
772176,40.0
772208,52.0
772352,33.0
772352,39.0
772480,45.0
772512,27.0
772560,29.0
772608,29.0
772624,54.0
772672,31.0
772768,45.0
772768,63.0
772976,39.0
773024,74.0
773056,68.0
773072,37.0
773184,145.0
773184,39.0
773184,26.0
773200,36.0
773216,63.0
773248,56.0
773312,50.0
773424,47.0
773504,56.0
773504,28.0
773504,30.0
773520,84.0
773600,39.0
773808,134.0
773808,46.0
773872,41.0
773920,25.0
773952,74.0
773968,45.0
773984,50.0
774032,38.0
774096,37.0
774160,60.0
774176,54.0
774208,64.0
774288,26.0
774336,52.0
774384,55.0
774432,78.0
774560,29.0
774560,36.0
774624,44.0
774624,64.0
774640,38.0
774656,30.0
774672,54.0
774688,45.0
774736,25.0
774752,50.0
774848,65.0
775072,26.0
775088,50.0
775168,38.0
775184,35.0
775232,30.0
775280,38.0
775296,68.0
775312,14.0
775360,18.0
775376,51.0
775440,37.0
775456,52.0
775632,56.0
775648,76.0
775744,99.0
775760,67.0
775856,36.0
775920,46.0
776000,40.0
776032,54.0
776032,36.0
776096,54.0
776160,53.0
776176,26.0
776272,61.0
776288,57.0
776304,35.0
776336,44.0
776352,107.0
776416,127.0
776416,48.0
776464,64.0
776528,23.0
776544,13.0
776560,44.0
776576,41.0
776608,16.0
776720,28.0
776752,45.0
776752,36.0
776896,30.0
777056,66.0
777072,61.0
777072,48.0
777104,31.0
777200,73.0
777248,43.0
777328,50.0
777552,71.0
777632,68.0
777712,24.0
777760,92.0
777808,38.0
777808,35.0
777856,87.0
777888,71.0
777904,74.0
777920,23.0
778096,95.0
778128,77.0
778128,64.0
778208,31.0
778304,13.0
778304,77.0
778352,81.0
778576,48.0
778576,28.0
778640,52.0
778656,99.0
778672,49.0
778752,125.0
778752,39.0
778768,54.0
778800,37.0
778880,14.0
778896,71.0
778896,65.0
778992,22.0
778992,26.0
779008,86.0
779056,47.0
779104,22.0
779120,51.0
779184,27.0
779200,53.0
779440,20.0
779456,49.0
779520,21.0
779552,41.0
779584,63.0
779616,45.0
779632,107.0
779696,44.0
779744,34.0
779744,59.0
779760,41.0
779792,64.0
779824,59.0
779840,25.0
779984,12.0
780048,62.0
780064,67.0
780112,30.0
780112,69.0
780208,41.0
780240,30.0
780304,45.0
780352,38.0
780416,23.0
780448,62.0
780480,60.0
780512,48.0
780528,43.0
780560,59.0
780592,38.0
780720,38.0
780736,57.0
780816,29.0
780848,72.0
780960,27.0
780976,46.0
781056,34.0
781088,42.0
781120,66.0
781184,44.0
781232,31.0
781296,62.0
781296,36.0
781296,74.0
781344,47.0
781440,29.0
781520,82.0
781568,63.0
781728,80.0
781728,40.0
781744,28.0
781824,44.0
781840,49.0
781904,45.0
781904,29.0
781936,68.0
781952,38.0
782048,33.0
782144,74.0
782176,85.0
782192,60.0
782272,21.0
782288,45.0
782320,36.0
782352,39.0
782496,48.0
782512,76.0
782624,28.0
782624,45.0
782656,38.0
782672,30.0
782768,92.0
782784,59.0
782832,21.0
782864,45.0
782880,23.0
782944,62.0
782960,21.0
783008,41.0
783024,75.0
783104,75.0
783168,56.0
783200,27.0
783216,27.0
783232,22.0
783296,22.0
783312,62.0
783312,43.0
783344,43.0
783440,38.0
783568,44.0
783568,23.0
783808,40.0
783824,45.0
783856,98.0
783872,40.0
783888,42.0
783920,36.0
783984,42.0
784096,49.0
784096,67.0
784144,44.0
784224,79.0
784224,58.0
784304,81.0
784368,50.0
784400,52.0
784480,42.0
784592,28.0
784640,123.0
784672,49.0
784832,46.0
784832,46.0
784848,64.0
784864,40.0
784864,40.0
784896,33.0
784896,64.0
784896,57.0
784896,65.0
784928,39.0
784976,36.0
785040,70.0
785168,33.0
785184,32.0
785264,23.0
785312,45.0
785376,25.0
785424,36.0
785440,60.0
785600,46.0
785664,52.0
785680,47.0
785680,53.0
785776,55.0
785808,57.0
785840,50.0
785856,26.0
785872,28.0
785872,44.0
785904,63.0
785952,43.0
785952,68.0
785968,41.0
786048,23.0
786064,29.0
786176,62.0
786288,30.0
786320,29.0
786320,30.0
786384,38.0
786400,45.0
786512,40.0
786592,43.0
786688,82.0
786704,46.0
786704,47.0
786720,42.0
786752,43.0
786832,73.0
786880,35.0
786944,39.0
786976,50.0
787024,39.0
787072,23.0
787120,25.0
787120,33.0
787168,41.0
787168,81.0
787232,25.0
787248,34.0
787328,65.0
787328,59.0
787376,27.0
787376,31.0
787472,45.0
787552,36.0
787632,59.0
787680,35.0
787824,41.0
787856,30.0
787904,46.0
787904,55.0
787904,36.0
787984,27.0
788016,49.0
788016,43.0
788112,135.0
788160,68.0
788192,59.0
788256,22.0
788352,45.0
788368,78.0
788400,58.0
788464,68.0
788544,43.0
788560,46.0
788624,40.0
788800,49.0
788800,28.0
788880,48.0
789008,38.0
789136,55.0
789152,62.0
789168,38.0
789184,80.0
789248,84.0
789280,100.0
789280,30.0
789360,56.0
789376,52.0
789376,47.0
789376,85.0
789440,67.0
789600,50.0
789696,26.0
789744,29.0
789792,40.0
789808,27.0
789808,40.0
789824,102.0
789856,30.0
789872,54.0
789952,44.0
789968,11.0
789984,34.0
790048,43.0
790064,43.0
790128,33.0
790336,32.0
790352,73.0
790368,35.0
790448,47.0
790512,44.0
790592,40.0
790672,112.0
790688,97.0
790704,22.0
790736,42.0
790768,56.0
790784,50.0
790800,66.0
790800,42.0
790848,50.0
790864,33.0
790912,66.0
791024,32.0
791040,37.0
791040,67.0
791232,28.0
791328,60.0
791344,19.0
791392,39.0
791424,45.0
791552,47.0
791600,58.0
791648,57.0
791744,56.0
791792,69.0
791904,82.0
791952,33.0
791968,40.0
791984,24.0
792000,41.0
792000,75.0
792032,40.0
792096,77.0
792144,69.0
792176,72.0
792224,62.0
792288,86.0
792336,22.0
792384,26.0
792416,48.0
792448,41.0
792464,20.0
792512,35.0
792528,49.0
792624,39.0
792640,40.0
792720,51.0
792800,11.0
792816,23.0
792832,50.0
792912,46.0
792928,44.0
793072,41.0
793088,47.0
793184,102.0
793200,42.0
793280,48.0
793296,36.0
793296,52.0
793344,26.0
793424,39.0
793472,25.0
793488,87.0
793488,42.0
793584,47.0
793760,86.0
793792,31.0
793808,73.0
793888,50.0
793904,62.0
793968,48.0
793984,50.0
793984,44.0
793984,106.0
794192,44.0
794272,53.0
794288,51.0
794336,62.0
794384,37.0
794512,64.0
794528,40.0
794528,77.0
794624,54.0
794640,41.0
794736,72.0
794880,61.0
794896,39.0
794896,57.0
794960,61.0
794992,30.0
795008,30.0
795008,65.0
795040,53.0
795072,49.0
795120,49.0
795248,54.0
795328,43.0
795376,40.0
795376,98.0
795472,29.0
795552,41.0
795648,43.0
795680,43.0
795712,42.0
795728,41.0
795760,24.0
795776,55.0
795856,30.0
795872,62.0
795920,42.0
795952,59.0
796032,88.0
796064,26.0
796128,22.0
796160,65.0
796192,54.0
796240,35.0
796288,110.0
796400,43.0
796448,43.0
796496,59.0
796528,66.0
796560,44.0
796592,54.0
796624,44.0
796752,45.0
796896,23.0
796896,31.0
796896,25.0
796960,42.0
796976,57.0
796976,64.0
797088,76.0
797120,33.0
797168,61.0
797184,35.0
797184,46.0
797232,42.0
797312,21.0
797312,74.0
797312,72.0
797312,35.0
797472,36.0
797504,38.0
797552,23.0
797568,25.0
797616,27.0
797664,22.0
797680,44.0
797680,49.0
797744,32.0
797760,28.0
797760,18.0
797856,46.0
798048,46.0
798080,70.0
798128,51.0
798144,119.0
798288,75.0
798320,36.0
798336,42.0
798336,52.0
798448,37.0
798464,57.0
798480,54.0
798512,59.0
798576,51.0
798688,63.0
798736,61.0
798768,27.0
798768,68.0
798832,23.0
798880,52.0
798944,54.0
798944,50.0
799008,35.0
799040,44.0
799040,22.0
799072,47.0
799120,38.0
799136,63.0
799136,41.0
799168,37.0
799328,35.0
799456,73.0
799536,48.0
799568,25.0
799664,39.0
799696,43.0
799712,36.0
799712,48.0
799728,62.0
799744,26.0
799792,45.0
799840,56.0
799904,67.0
799936,51.0
800112,25.0
800128,78.0
800208,40.0
800272,71.0
800288,35.0
800320,24.0
800336,42.0
800336,50.0
800416,32.0
800448,44.0
800464,42.0
800528,52.0
800560,45.0
800640,33.0
800688,77.0
800720,105.0
800736,28.0
800816,34.0
800816,43.0
800864,26.0
800896,23.0
801008,42.0
801024,43.0
801120,44.0
801168,53.0
801216,47.0
801232,26.0
801296,27.0
801408,43.0
801456,51.0
801488,30.0
801488,47.0
801520,25.0
801520,44.0
801616,45.0
801648,68.0
801664,40.0
801664,122.0
801744,33.0
801824,23.0
801888,105.0
801904,24.0
801984,36.0
802000,21.0
802016,83.0
802032,50.0
802032,46.0
802160,40.0
802320,41.0
802320,52.0
802336,43.0
802352,38.0
802384,56.0
802512,43.0
802528,39.0
802672,32.0
802672,41.0
802816,27.0
802832,53.0
802832,76.0
802880,107.0
802976,40.0
802992,42.0
803040,63.0
803056,44.0
803104,27.0
803168,21.0
803264,77.0
803440,11.0
803440,38.0
803440,90.0
803472,41.0
803520,102.0
803536,64.0
803552,28.0
803584,79.0
803632,40.0
803664,71.0
803744,36.0
803760,49.0
803856,74.0
803888,63.0
803936,25.0
803952,25.0
803968,57.0
804032,62.0
804128,43.0
804144,30.0
804160,25.0
804176,27.0
804352,52.0
804368,58.0
804384,27.0
804400,51.0
804464,64.0
804512,55.0
804528,31.0
804624,46.0
804688,45.0
804736,37.0
804768,81.0
804816,60.0
804848,31.0
804880,23.0
804896,27.0
804944,11.0
804992,39.0
805040,57.0
805056,55.0
805056,70.0
805280,47.0
805296,22.0
805328,37.0
805344,31.0
805360,60.0
805360,30.0
805424,38.0
805520,29.0
805584,43.0
805632,59.0
805648,64.0
805744,99.0
805792,32.0
805888,33.0
805904,95.0
805952,56.0
806064,48.0
806112,43.0
806176,52.0
806320,60.0
806336,84.0
806336,81.0
806384,50.0
806480,72.0
806496,54.0
806528,36.0
806688,73.0
806720,61.0
806768,27.0
806800,63.0
806832,31.0
806912,53.0
806960,53.0
807008,85.0
807072,73.0
807216,24.0
807216,56.0
807248,33.0
807280,56.0
807344,51.0
807360,42.0
807392,24.0
807408,38.0
807504,101.0
807504,34.0
807584,69.0
807632,91.0
807648,23.0
807744,61.0
807856,31.0
807936,90.0
808064,51.0
808096,43.0
808128,39.0
808192,61.0
808224,52.0
808272,75.0
808288,59.0
808304,41.0
808320,43.0
808368,72.0
808432,58.0
808512,100.0
808544,38.0
808656,57.0
808656,23.0
808672,38.0
808688,52.0
808736,34.0
808928,52.0
808944,32.0
808960,52.0
809008,89.0
809056,46.0
809056,25.0
809088,34.0
809088,45.0
809136,39.0
809168,59.0
809264,62.0
809264,33.0
809296,40.0
809344,42.0
809504,28.0
809536,33.0
809568,55.0
809600,81.0
809632,23.0
809680,37.0
809712,47.0
809728,40.0
809872,59.0
809872,58.0
809968,52.0
809968,57.0
810080,51.0
810112,51.0
810128,33.0
810160,62.0
810240,23.0
810256,43.0
810320,37.0
810480,50.0
810512,50.0
810512,22.0
810576,38.0
810576,65.0
810640,48.0
810688,66.0
810704,39.0
810704,46.0
810768,12.0
810800,42.0
810832,45.0
810880,23.0
810896,24.0
810912,27.0
811040,49.0
811088,53.0
811120,27.0
811216,107.0
811216,56.0
811232,41.0
811232,27.0
811296,41.0
811520,40.0
811536,40.0
811616,142.0
811664,28.0
811664,39.0
811712,39.0
811776,34.0
811792,55.0
811824,44.0
811856,68.0
811856,40.0
811856,39.0
811968,19.0
812224,58.0
812224,43.0
812240,28.0
812240,88.0
812272,98.0
812368,47.0
812432,36.0
812480,32.0
812496,49.0
812496,112.0
812544,48.0
812560,46.0
812672,51.0
812688,73.0
812736,32.0
812768,57.0
812768,31.0
812800,71.0
812832,37.0
812848,22.0
812896,33.0
812912,42.0
812960,46.0
813056,32.0
813184,47.0
813200,25.0
813536,22.0
813568,67.0
813568,46.0
813584,51.0
813632,45.0
813664,44.0
813712,64.0
813760,80.0
813840,67.0
813856,74.0
813872,51.0
813904,63.0
813920,74.0
813952,26.0
814016,22.0
814096,24.0
814144,99.0
814160,37.0
814192,21.0
814224,86.0
814224,29.0
814240,14.0
814320,47.0
814400,48.0
814480,36.0
814608,88.0
814608,41.0
814736,51.0
814816,36.0
814832,62.0
814864,34.0
814880,43.0
814944,45.0
814944,45.0
814960,54.0
814992,53.0
814992,52.0
815088,38.0
815136,97.0
815136,46.0
815184,28.0
815184,82.0
815344,46.0
815392,35.0
815536,25.0
815632,28.0
815664,45.0
815680,37.0
815696,44.0
815712,53.0
815760,39.0
815920,60.0
815920,82.0
815920,69.0
815936,66.0
815936,37.0
816000,63.0
816032,53.0
816080,20.0
816176,31.0
816272,46.0
816384,45.0
816512,98.0
816512,70.0
816528,33.0
816528,37.0
816544,39.0
816672,31.0
816752,66.0
816752,42.0
816752,23.0
816896,24.0
816912,62.0
817008,81.0
817040,70.0
817040,33.0
817104,27.0
817184,27.0
817216,99.0
817344,82.0
817392,30.0
817408,54.0
817472,96.0
817600,35.0
817664,57.0
817728,61.0
817760,26.0
817776,78.0
817856,99.0
817904,56.0
818016,57.0
818016,70.0
818048,54.0
818064,29.0
818112,99.0
818192,26.0
818256,22.0
818256,33.0
818256,65.0
818256,49.0
818304,28.0
818368,61.0
818384,23.0
818608,22.0
818656,56.0
818656,18.0
818736,43.0
818848,113.0
818896,77.0
818912,11.0
818944,21.0
818944,40.0
818944,55.0
818960,97.0
818976,49.0
819056,50.0
819056,59.0
819104,68.0
819104,12.0
819296,57.0
819344,43.0
819392,71.0
819392,71.0
819520,39.0
819648,62.0
819648,44.0
819712,46.0
819712,38.0
819728,42.0
819760,51.0
819808,53.0
819840,49.0
819920,51.0
819920,61.0
819968,36.0
820064,76.0
820064,26.0
820080,46.0
820192,34.0
820240,45.0
820256,34.0
820288,62.0
820400,40.0
820416,43.0
820464,34.0
820544,72.0
820560,40.0
820576,24.0
820624,57.0
820672,44.0
820800,60.0
820816,47.0
820896,41.0
821008,37.0
821040,49.0
821088,12.0
821120,36.0
821200,40.0
821216,47.0
821280,38.0
821312,32.0
821344,79.0
821408,63.0
821504,43.0
821552,79.0
821648,35.0
821664,41.0
821680,101.0
821744,70.0
821808,48.0
821840,27.0
821856,80.0
821888,130.0
822000,28.0
822000,45.0
822032,43.0
822032,51.0
822096,28.0
822128,28.0
822176,32.0
822208,68.0
822304,69.0
822384,34.0
822384,67.0
822448,35.0
822464,21.0
822480,46.0
822496,43.0
822496,25.0
822576,36.0
822624,70.0
822688,30.0
822768,46.0
822864,23.0
822880,53.0
822896,65.0
822944,48.0
822976,31.0
823024,40.0
823040,41.0
823072,36.0
823152,33.0
823200,56.0
823280,26.0
823408,52.0
823440,25.0
823488,45.0
823536,32.0
823568,39.0
823648,31.0
823680,62.0
823712,107.0
823728,15.0
823776,23.0
823792,56.0
823904,44.0
823936,41.0
824000,64.0
824016,59.0
824016,71.0
824048,99.0
824112,25.0
824128,25.0
824288,45.0
824352,35.0
824416,123.0
824512,29.0
824544,33.0
824560,70.0
824576,58.0
824672,42.0
824704,37.0
824720,27.0
824752,61.0
824832,44.0
824912,31.0
824928,57.0
824976,65.0
825024,32.0
825056,86.0
825136,77.0
825200,40.0
825200,104.0
825280,28.0
825360,38.0
825408,52.0
825424,28.0
825472,21.0
825488,36.0
825488,71.0
825488,13.0
825536,52.0
825552,33.0
825696,64.0
825712,62.0
825808,47.0
825824,29.0
825824,80.0
825920,45.0
825920,23.0
825968,65.0
826048,35.0
826064,22.0
826176,44.0
826224,46.0
826288,37.0
826304,56.0
826368,12.0
826464,65.0
826464,34.0
826480,80.0
826512,64.0
826528,45.0
826656,46.0
826656,43.0
826752,76.0
826784,45.0
826816,32.0
826848,50.0
826848,64.0
826864,25.0
826928,44.0
826960,71.0
827024,23.0
827072,38.0
827168,24.0
827168,55.0
827264,25.0
827280,33.0
827312,50.0
827376,63.0
827408,55.0
827456,38.0
827520,37.0
827648,52.0
827696,53.0
827696,65.0
827728,26.0
827728,44.0
827760,80.0
827808,53.0
827856,49.0
827920,34.0
827936,42.0
827936,33.0
827984,44.0
828016,53.0
828080,35.0
828160,62.0
828176,28.0
828192,34.0
828224,26.0
828352,56.0
828416,27.0
828432,46.0
828512,49.0
828528,37.0
828560,50.0
828576,55.0
828592,42.0
828656,50.0
828688,38.0
828784,35.0
828784,39.0
828800,39.0
828800,49.0
828816,29.0
828848,57.0
829072,31.0
829216,35.0
829216,43.0
829216,64.0
829264,52.0
829296,31.0
829312,39.0
829360,59.0
829392,37.0
829440,55.0
829456,42.0
829552,60.0
829568,66.0
829584,23.0
829616,52.0
829680,54.0
829904,43.0
829952,31.0
829984,27.0
829984,57.0
830000,43.0
830000,24.0
830064,44.0
830080,49.0
830128,57.0
830208,40.0
830304,65.0
830368,49.0
830400,97.0
830432,27.0
830432,65.0
830448,24.0
830480,50.0
830512,38.0
830592,37.0
830624,40.0
830656,28.0
830720,46.0
830784,26.0
830848,45.0
830848,56.0
830896,37.0
830992,30.0
831104,39.0
831120,45.0
831136,106.0
831136,22.0
831152,45.0
831264,40.0
831360,32.0
831360,57.0
831360,80.0
831504,41.0
831568,42.0
831568,27.0
831568,28.0
831584,62.0
831760,69.0
831760,31.0
831760,25.0
831760,25.0
831808,44.0
831856,44.0
831920,49.0
831920,35.0
831936,94.0
832080,68.0
832128,88.0
832160,41.0
832192,39.0
832192,39.0
832208,28.0
832320,46.0
832336,36.0
832368,38.0
832400,37.0
832480,25.0
832544,39.0
832624,54.0
832704,49.0
832720,24.0
832816,60.0
832848,43.0
832848,45.0
832864,81.0
832880,43.0
832960,64.0
833008,33.0
833152,47.0
833248,58.0
833296,69.0
833296,37.0
833392,24.0
833408,49.0
833408,65.0
833520,42.0
833552,44.0
833552,25.0
833584,39.0
833632,57.0
833824,36.0
833824,63.0
833888,37.0
833904,38.0
833920,65.0
833952,88.0
834000,38.0
834000,71.0
834016,24.0
834016,27.0
834160,122.0
834256,53.0
834304,47.0
834320,26.0
834352,33.0
834384,35.0
834416,31.0
834512,62.0
834528,32.0
834528,36.0
834544,12.0
834592,37.0
834592,44.0
834624,67.0
834720,12.0
834752,21.0
834848,34.0
834928,38.0
834960,50.0
835040,31.0
835056,103.0
835056,65.0
835168,36.0
835168,73.0
835200,28.0
835232,44.0
835264,47.0
835296,28.0
835296,44.0
835344,60.0
835392,42.0
835408,72.0
835520,29.0
835536,23.0
835536,36.0
835648,64.0
835664,46.0
835728,27.0
835824,37.0
835824,39.0
835888,31.0
835984,43.0
836032,31.0
836048,49.0
836064,34.0
836064,26.0
836080,65.0
836144,38.0
836304,60.0
836352,43.0
836384,76.0
836512,69.0
836528,44.0
836624,35.0
836640,51.0
836672,37.0
836688,102.0
836720,41.0
836816,29.0
836832,43.0
836912,58.0
836992,29.0
836992,60.0
837024,40.0
837040,25.0
837056,27.0
837104,24.0
837136,88.0
837168,80.0
837232,25.0
837344,11.0
837424,86.0
837456,40.0
837472,30.0
837536,30.0
837568,14.0
837616,36.0
837664,40.0
837696,87.0
837808,24.0
837840,38.0
837936,59.0
837984,28.0
838048,59.0
838048,57.0
838096,40.0
838096,33.0
838208,34.0
838304,102.0
838320,102.0
838336,40.0
838368,116.0
838416,36.0
838496,43.0
838560,68.0
838576,30.0
838672,39.0
838768,72.0
838784,43.0
838848,40.0
838896,35.0
838896,60.0
838928,35.0
838928,39.0
838944,24.0
839024,65.0
839040,23.0
839152,69.0
839152,41.0
839200,11.0
839264,147.0
839312,33.0
839472,44.0
839472,36.0
839520,36.0
839616,22.0
839632,66.0
839680,47.0
839712,32.0
839776,91.0
839856,58.0
839872,45.0
839904,37.0
839920,28.0
839968,51.0
839968,70.0
839984,32.0
840160,79.0
840208,33.0
840208,22.0
840272,47.0
840304,79.0
840336,120.0
840336,39.0
840384,32.0
840432,41.0
840560,37.0
840704,68.0
840720,51.0
840768,29.0
840784,28.0
840816,41.0
840880,78.0
840944,60.0
840976,66.0
840992,49.0
841104,71.0
841248,65.0
841376,41.0
841408,27.0
841424,41.0
841472,75.0
841520,26.0
841520,60.0
841520,46.0
841568,77.0
841632,51.0
841648,41.0
841728,81.0
841744,85.0
841824,55.0
841840,71.0
842048,50.0
842064,37.0
842128,24.0
842128,35.0
842192,42.0
842208,52.0
842256,38.0
842256,52.0
842320,12.0
842320,57.0
842352,33.0
842416,96.0
842480,60.0
842480,53.0
842576,32.0
842592,25.0
842672,12.0
842752,27.0
842768,65.0
842816,35.0
842848,40.0
842864,84.0
842896,53.0
842912,31.0
842992,72.0
843136,24.0
843152,56.0
843168,36.0
843200,67.0
843232,41.0
843280,60.0
843312,25.0
843360,37.0
843456,49.0
843520,42.0
843552,41.0
843600,38.0
843600,29.0
843680,83.0
843712,30.0
843856,43.0
843888,38.0
843920,66.0
843968,18.0
844000,40.0
844032,27.0
844096,101.0
844176,61.0
844208,43.0
844240,89.0
844400,27.0
844416,35.0
844416,44.0
844448,53.0
844480,83.0
844608,81.0
844656,28.0
844720,43.0
844752,36.0
844816,85.0
844832,24.0
844880,25.0
844896,30.0
844928,20.0
844944,64.0
844992,69.0
845008,91.0
845008,63.0
845024,23.0
845040,40.0
845104,54.0
845104,43.0
845152,66.0
845376,35.0
845488,46.0
845520,37.0
845664,41.0
845712,21.0
845728,43.0
845744,54.0
845776,66.0
845808,49.0
845808,51.0
845808,57.0
845904,50.0
845952,63.0
845968,30.0
845984,72.0
846016,63.0
846192,65.0
846208,69.0
846240,27.0
846320,50.0
846416,28.0
846496,43.0
846496,19.0
846576,54.0
846608,41.0
846624,51.0
846640,46.0
846672,56.0
846752,46.0
846864,70.0
846896,57.0
846928,32.0
846976,82.0
847088,28.0
847104,27.0
847168,42.0
847168,60.0
847168,34.0
847200,60.0
847200,92.0
847200,44.0
847312,46.0
847328,27.0
847408,41.0
847504,26.0
847520,37.0
847584,61.0
847632,41.0
847632,27.0
847856,34.0
847920,47.0
847984,36.0
848000,30.0
848096,58.0
848112,30.0
848160,115.0
848176,34.0
848176,67.0
848192,64.0
848224,40.0
848288,60.0
848304,90.0
848368,24.0
848384,74.0
848432,58.0
848496,36.0
848656,30.0
848720,38.0
848768,36.0
848816,45.0
848832,28.0
848832,41.0
848864,104.0
848880,64.0
848976,34.0
849088,54.0
849088,37.0
849136,53.0
849168,32.0
849168,54.0
849200,65.0
849248,26.0
849248,27.0
849280,25.0
849296,58.0
849296,81.0
849392,39.0
849456,37.0
849488,41.0
849536,51.0
849760,37.0
849936,48.0
849952,44.0
849968,43.0
849968,62.0
850048,18.0
850064,54.0
850080,52.0
850224,71.0
850384,68.0
850400,54.0
850400,69.0
850432,59.0
850576,74.0
850624,73.0
850624,36.0
850688,45.0
850704,46.0
850704,101.0
850736,32.0
850752,43.0
850752,23.0
850832,55.0
850880,50.0
850896,110.0
851056,70.0
851120,45.0
851184,27.0
851184,49.0
851216,37.0
851296,35.0
851408,52.0
851472,65.0
851536,30.0
851536,57.0
851568,54.0
851648,48.0
851680,53.0
851696,63.0
851728,38.0
851776,37.0
851936,45.0
851952,24.0
852000,69.0
852064,33.0
852064,23.0
852176,40.0
852176,44.0
852192,56.0
852336,24.0
852368,23.0
852384,44.0
852400,103.0
852576,53.0
852592,74.0
852672,93.0
852688,57.0
852768,37.0
852832,27.0
852864,30.0
852880,59.0
852880,43.0
852880,13.0
852912,21.0
852944,55.0
852960,141.0
853216,55.0
853296,44.0
853488,70.0
853520,117.0
853536,53.0
853536,92.0
853568,38.0
853616,46.0
853632,43.0
853632,50.0
853648,22.0
853680,51.0
853728,97.0
853856,61.0
853904,24.0
853904,11.0
854032,31.0
854112,56.0
854112,34.0
854144,77.0
854256,86.0
854256,39.0
854320,52.0
854320,29.0
854336,45.0
854432,49.0
854432,47.0
854496,60.0
854496,108.0
854512,55.0
854624,23.0
854624,45.0
854688,34.0
854704,37.0
854720,43.0
854880,35.0
854992,68.0
855072,51.0
855168,42.0
855184,35.0
855216,45.0
855248,57.0
855264,34.0
855392,67.0
855456,84.0
855488,66.0
855552,70.0
855552,65.0
855616,57.0
855680,43.0
855680,66.0
855744,66.0
855856,49.0
855872,26.0
855968,45.0
855984,45.0
856160,59.0
856208,33.0
856288,38.0
856368,55.0
856432,36.0
856464,80.0
856512,102.0
856528,49.0
856560,22.0
856592,75.0
856608,62.0
856656,93.0
856704,72.0
856816,79.0
856880,18.0
857008,64.0
857040,38.0
857040,24.0
857056,48.0
857056,43.0
857088,70.0
857136,79.0
857168,44.0
857184,64.0
857248,27.0
857392,55.0
857616,30.0
857616,27.0
857632,67.0
857648,38.0
857648,48.0
857712,39.0
857824,76.0
857904,56.0
857920,87.0
857968,79.0
858000,23.0
858032,26.0
858032,40.0
858048,50.0
858144,61.0
858144,31.0
858144,68.0
858192,72.0
858256,27.0
858512,30.0
858560,37.0
858624,30.0
858624,63.0
858624,45.0
858640,28.0
858768,48.0
858768,39.0
858784,108.0
858848,75.0
859008,47.0
859072,85.0
859088,66.0
859136,36.0
859152,33.0
859168,41.0
859184,34.0
859200,27.0
859232,38.0
859280,77.0
859344,45.0
859376,91.0
859392,34.0
859392,24.0
859632,29.0
859648,94.0
859728,40.0
859760,61.0
859872,50.0
859904,42.0
859920,34.0
859936,37.0
859952,47.0
859984,50.0
860016,55.0
860080,82.0
860096,59.0
860128,46.0
860192,35.0
860240,37.0
860256,61.0
860288,35.0
860384,25.0
860432,26.0
860464,44.0
860544,40.0
860576,44.0
860592,40.0
860608,33.0
860736,84.0
860832,25.0
860976,45.0
860992,44.0
860992,28.0
861008,57.0
861024,56.0
861072,71.0
861088,39.0
861088,53.0
861168,49.0
861328,71.0
861344,38.0
861360,90.0
861376,22.0
861376,49.0
861440,52.0
861488,25.0
861616,38.0
861648,30.0
861680,37.0
861760,49.0
861776,26.0
861808,77.0
861824,28.0
861824,62.0
861840,53.0
861952,38.0
862016,40.0
862064,36.0
862080,47.0
862080,68.0
862144,67.0
862208,23.0
862304,33.0
862304,41.0
862304,39.0
862432,39.0
862432,30.0
862496,55.0
862560,26.0
862576,31.0
862592,24.0
862624,50.0
862656,40.0
862672,77.0
862704,40.0
862736,41.0
862832,63.0
862896,21.0
862896,71.0
862928,27.0
862960,33.0
863040,23.0
863040,38.0
863104,50.0
863136,35.0
863152,31.0
863264,60.0
863280,24.0
863408,23.0
863424,45.0
863488,54.0
863568,33.0
863664,33.0
863664,44.0
863680,36.0
863680,86.0
863728,28.0
863776,55.0
863792,66.0
863840,63.0
863872,80.0
863904,40.0
864000,36.0
864016,54.0
864112,27.0
864320,52.0
864384,23.0
864416,36.0
864464,50.0
864480,38.0
864496,58.0
864592,104.0
864592,74.0
864704,44.0
864784,70.0
864784,55.0
864832,45.0
864864,28.0
864912,28.0
864928,38.0
864976,75.0
865008,26.0
865024,81.0
865136,91.0
865232,53.0
865376,56.0
865488,36.0
865568,27.0
865568,67.0
865584,50.0
865632,50.0
865632,65.0
865680,42.0
865712,49.0
865728,44.0
865744,32.0
865792,26.0
865920,59.0
866080,81.0
866096,32.0
866144,32.0
866160,37.0
866192,83.0
866192,29.0
866240,42.0
866272,155.0
866272,49.0
866304,100.0
866416,31.0
866432,43.0
866480,50.0
866496,44.0
866512,55.0
866544,28.0
866560,25.0
866624,27.0
866672,33.0
866816,32.0
866832,40.0
866848,23.0
867056,84.0
867072,62.0
867072,50.0
867120,43.0
867120,55.0
867152,46.0
867184,57.0
867296,29.0
867424,50.0
867440,55.0
867488,61.0
867504,41.0
867504,60.0
867520,64.0
867536,22.0
867648,61.0
867648,52.0
867712,37.0
867760,40.0
867760,38.0
867776,30.0
867888,51.0
867936,54.0
867952,32.0
867984,21.0
868080,64.0
868144,39.0
868144,40.0
868192,27.0
868224,50.0
868256,48.0
868368,54.0
868512,61.0
868512,36.0
868512,54.0
868560,50.0
868592,28.0
868624,46.0
868656,44.0
868656,29.0
868688,27.0
868912,34.0
868944,27.0
869008,49.0
869008,58.0
869024,55.0
869056,80.0
869088,69.0
869104,28.0
869184,42.0
869216,35.0
869344,52.0
869376,104.0
869392,44.0
869472,26.0
869536,59.0
869600,31.0
869616,44.0
869616,17.0
869696,47.0
869744,41.0
869792,49.0
869824,22.0
869824,51.0
869904,33.0
869968,59.0
870032,53.0
870064,33.0
870176,101.0
870192,36.0
870256,35.0
870320,69.0
870384,62.0
870432,43.0
870464,42.0
870496,37.0
870512,43.0
870544,22.0
870688,45.0
870688,67.0
870704,42.0
870736,71.0
870768,28.0
870784,135.0
870864,65.0
870944,27.0
871056,23.0
871072,56.0
871088,25.0
871168,69.0
871184,28.0
871216,49.0
871248,49.0
871264,25.0
871296,22.0
871296,65.0
871344,60.0
871360,54.0
871408,54.0
871536,47.0
871616,53.0
871696,38.0
871728,41.0
871744,36.0
871824,30.0
871856,37.0
871920,46.0
871936,40.0
871952,46.0
872000,37.0
872176,40.0
872192,56.0
872288,77.0
872304,24.0
872320,60.0
872448,75.0
872464,53.0
872512,36.0
872608,26.0
872656,44.0
872672,53.0
872688,52.0
872720,126.0
872752,63.0
872848,53.0
872864,26.0
872928,47.0
872960,40.0
873008,45.0
873184,32.0
873248,35.0
873280,51.0
873280,42.0
873296,21.0
873344,103.0
873520,76.0
873536,51.0
873536,33.0
873616,60.0
873648,120.0
873664,51.0
873744,62.0
873776,57.0
873856,58.0
873856,32.0
873920,39.0
873936,41.0
873968,27.0
874016,48.0
874064,49.0
874128,37.0
874176,62.0
874192,36.0
874224,44.0
874224,36.0
874304,40.0
874304,35.0
874320,113.0
874320,29.0
874448,32.0
874560,24.0
874560,40.0
874656,40.0
874688,24.0
874704,24.0
874752,49.0
874784,35.0
874816,37.0
874928,54.0
874960,69.0
875008,51.0
875008,77.0
875120,35.0
875168,32.0
875168,65.0
875328,20.0
875360,50.0
875392,43.0
875408,68.0
875408,45.0
875440,41.0
875456,63.0
875472,41.0
875472,29.0
875552,24.0
875552,39.0
875584,39.0
875616,82.0
875664,21.0
875760,19.0
875808,66.0
875824,41.0
875904,32.0
875952,52.0
875968,26.0
876016,38.0
876032,28.0
876160,38.0
876176,51.0
876224,12.0
876288,21.0
876304,52.0
876304,43.0
876496,64.0
876560,34.0
876592,74.0
876656,76.0
876752,28.0
876896,45.0
876912,78.0
876928,60.0
876928,44.0
876960,75.0
876960,72.0
876976,42.0
877024,33.0
877040,30.0
877088,50.0
877104,28.0
877168,84.0
877344,74.0
877456,33.0
877456,44.0
877472,55.0
877488,25.0
877552,24.0
877616,45.0
877616,43.0
877632,41.0
877664,39.0
877696,112.0
877728,44.0
877904,62.0
878000,41.0
878096,62.0
878112,28.0
878112,72.0
878208,32.0
878224,79.0
878240,32.0
878272,41.0
878272,51.0
878304,52.0
878304,19.0
878320,44.0
878320,52.0
878448,22.0
878528,56.0
878560,63.0
878672,22.0
878720,38.0
878736,27.0
878816,85.0
878912,40.0
878928,38.0
878960,47.0
878976,44.0
878976,42.0
878992,27.0
879008,48.0
879024,70.0
879120,63.0
879216,62.0
879232,35.0
879280,10.0
879280,29.0
879376,25.0
879376,23.0
879616,43.0
879616,68.0
879632,45.0
879648,58.0
879680,45.0
879696,44.0
879744,63.0
879776,34.0
879888,57.0
879936,41.0
879984,38.0
880032,41.0
880064,65.0
880096,51.0
880192,34.0
880224,38.0
880240,39.0
880240,38.0
880320,39.0
880352,119.0
880400,41.0
880512,39.0
880560,20.0
880576,32.0
880608,26.0
880624,53.0
880656,27.0
880672,40.0
880768,33.0
880768,49.0
880832,46.0
880944,63.0
881008,25.0
881008,38.0
881072,45.0
881072,32.0
881184,54.0
881232,126.0
881232,41.0
881296,29.0
881312,19.0
881328,103.0
881408,40.0
881488,45.0
881552,65.0
881664,30.0
881712,68.0
881728,41.0
881808,72.0
881840,56.0
881856,34.0
881872,40.0
881872,36.0
881888,76.0
881936,44.0
881952,39.0
882144,67.0
882176,48.0
882192,20.0
882320,24.0
882320,38.0
882320,41.0
882352,39.0
882400,33.0
882448,60.0
882592,65.0
882592,47.0
882592,40.0
882704,51.0
882704,106.0
882736,24.0
882736,21.0
882768,39.0
882816,31.0
882848,41.0
882880,35.0
882960,23.0
882976,41.0
882976,73.0
883008,72.0
883104,25.0
883104,25.0
883152,24.0
883168,27.0
883232,40.0
883232,40.0
883392,76.0
883488,32.0
883504,43.0
883536,50.0
883632,41.0
883728,39.0
883776,48.0
883824,37.0
883840,43.0
883856,47.0
883872,62.0
883872,89.0
883904,59.0
884000,29.0
884208,23.0
884256,24.0
884272,48.0
884288,56.0
884288,32.0
884288,29.0
884320,43.0
884336,53.0
884496,39.0
884512,49.0
884608,21.0
884624,45.0
884640,88.0
884752,56.0
884768,120.0
884816,30.0
884848,105.0
884928,40.0
884944,59.0
884960,40.0
885088,55.0
885152,32.0
885344,25.0
885392,34.0
885408,72.0
885440,52.0
885472,41.0
885520,77.0
885632,70.0
885648,43.0
885680,87.0
885680,58.0
885680,66.0
885760,23.0
885856,68.0
885904,51.0
885904,88.0
885952,20.0
885952,64.0
886032,37.0
886048,44.0
886256,53.0
886272,37.0
886304,25.0
886320,23.0
886336,36.0
886464,26.0
886480,39.0
886512,85.0
886656,74.0
886672,25.0
886688,46.0
886736,44.0
886816,73.0
886864,34.0
886912,28.0
887008,47.0
887008,69.0
887056,25.0
887056,96.0
887088,47.0
887104,50.0
887184,94.0
887184,44.0
887328,40.0
887440,58.0
887472,38.0
887504,48.0
887520,115.0
887568,32.0
887568,32.0
887600,49.0
887600,43.0
887696,37.0
887712,24.0
887712,33.0
887728,45.0
887904,24.0
888016,19.0
888064,39.0
888064,23.0
888080,67.0
888160,67.0
888192,45.0
888240,46.0
888320,71.0
888336,27.0
888416,53.0
888464,28.0
888464,56.0
888496,56.0
888496,27.0
888528,29.0
888576,54.0
888592,32.0
888784,132.0
888800,38.0
888800,75.0
888928,75.0
888960,27.0
889056,45.0
889120,55.0
889136,40.0
889184,43.0
889184,37.0
889232,67.0
889392,38.0
889424,39.0
889520,29.0
889520,75.0
889520,35.0
889584,25.0
889616,43.0
889648,53.0
889728,72.0
889728,82.0
889744,39.0
889840,86.0
890032,40.0
890048,33.0
890192,63.0
890192,66.0
890240,45.0
890272,27.0
890272,41.0
890336,69.0
890368,45.0
890384,40.0
890496,14.0
890528,129.0
890528,69.0
890560,23.0
890560,52.0
890560,61.0
890608,55.0
890624,69.0
890640,38.0
890640,37.0
890736,23.0
890816,27.0
890912,45.0
891040,30.0
891136,36.0
891136,38.0
891168,52.0
891296,24.0
891360,39.0
891408,48.0
891424,51.0
891440,39.0
891472,61.0
891552,32.0
891552,82.0
891552,58.0
891616,66.0
891776,71.0
891872,44.0
891888,101.0
891904,38.0
891968,52.0
891984,91.0
892016,34.0
892064,32.0
892128,36.0
892192,47.0
892224,21.0
892272,71.0
892288,46.0
892352,58.0
892368,60.0
892464,69.0
892560,27.0
892752,29.0
892768,56.0
892816,53.0
892848,31.0
892880,51.0
892896,57.0
892960,84.0
892992,76.0
893072,50.0
893104,57.0
893136,77.0
893360,32.0
893376,72.0
893520,47.0
893552,42.0
893568,63.0
893584,30.0
893648,47.0
893648,32.0
893648,80.0
893680,38.0
893680,58.0
893712,78.0
893712,106.0
893920,34.0
894096,69.0
894112,27.0
894128,34.0
894256,46.0
894272,82.0
894288,58.0
894352,49.0
894368,51.0
894448,50.0
894448,102.0
894464,51.0
894496,51.0
894544,12.0
894624,57.0
894640,62.0
894688,61.0
894736,39.0
894784,54.0
894816,34.0
894832,44.0
894848,24.0
894864,23.0
894880,27.0
894928,40.0
894976,55.0
895024,25.0
895088,25.0
895200,59.0
895248,27.0
895456,30.0
895520,37.0
895536,62.0
895552,57.0
895664,50.0
895664,29.0
895680,59.0
895696,78.0
895712,58.0
895760,87.0
895776,47.0
895984,69.0
896048,60.0
896080,24.0
896112,28.0
896144,81.0
896160,38.0
896192,33.0
896192,27.0
896320,38.0
896320,40.0
896320,49.0
896512,46.0
896528,106.0
896608,26.0
896608,39.0
896720,36.0
896752,81.0
896800,40.0
896800,80.0
896848,21.0
897040,60.0
897040,45.0
897040,58.0
897056,54.0
897072,47.0
897072,114.0
897088,48.0
897104,66.0
897152,39.0
897152,19.0
897216,38.0
897280,42.0
897296,31.0
897312,37.0
897376,20.0
897440,43.0
897456,26.0
897632,37.0
897744,28.0
897776,21.0
897792,30.0
897792,36.0
897792,62.0
897808,44.0
897888,53.0
897888,51.0
897904,47.0
898032,60.0
898096,59.0
898128,65.0
898176,45.0
898176,24.0
898192,57.0
898304,42.0
898320,59.0
898320,34.0
898352,29.0
898512,44.0
898544,40.0
898656,54.0
898688,59.0
898688,50.0
898688,24.0
898768,37.0
898800,42.0
898832,46.0
898944,72.0
898992,40.0
899104,58.0
899104,35.0
899136,51.0
899168,30.0
899232,34.0
899264,38.0
899280,68.0
899312,62.0
899328,81.0
899360,37.0
899408,56.0
899728,37.0
899760,60.0
899792,24.0
899808,40.0
899840,53.0
899920,61.0
899952,37.0
899952,53.0
900016,47.0
900032,12.0
900176,59.0
900288,74.0
900320,102.0
900336,66.0
900352,37.0
900416,68.0
900496,104.0
900560,78.0
900688,56.0
900704,26.0
900704,47.0
900704,33.0
900720,57.0
900816,25.0
900864,52.0
900880,60.0
900928,61.0
900944,76.0
900992,40.0
901072,23.0
901088,23.0
901136,70.0
901136,51.0
901184,39.0
901184,30.0
901216,25.0
901248,35.0
901328,62.0
901344,53.0
901536,25.0
901600,42.0
901616,57.0
901616,42.0
901664,33.0
901712,52.0
901712,53.0
901728,40.0
901760,36.0
901824,38.0
901840,41.0
902064,29.0
902096,24.0
902176,29.0
902240,57.0
902304,48.0
902368,81.0
902464,70.0
902464,44.0
902464,53.0
902528,27.0
902528,43.0
902544,81.0
902592,54.0
902688,54.0
902704,25.0
902720,66.0
902912,12.0
902944,83.0
903024,35.0
903072,56.0
903136,56.0
903200,52.0
903216,72.0
903248,35.0
903264,142.0
903344,55.0
903360,52.0
903472,35.0
903472,59.0
903520,61.0
903536,67.0
903616,37.0
903648,59.0
903712,48.0
903952,37.0
903952,38.0
903952,46.0
904048,25.0
904112,40.0
904160,34.0
904240,62.0
904272,67.0
904272,47.0
904288,64.0
904448,82.0
904480,23.0
904544,122.0
904560,38.0
904560,38.0
904592,27.0
904800,53.0
904816,109.0
904848,38.0
904864,87.0
904944,41.0
904976,58.0
904976,79.0
905056,49.0
905104,32.0
905120,42.0
905152,21.0
905200,58.0
905216,105.0
905280,21.0
905312,47.0
905568,44.0
905584,64.0
905616,51.0
905696,45.0
905696,72.0
905728,47.0
905760,57.0
905808,43.0
905840,85.0
905888,38.0
905920,45.0
905936,45.0
905952,53.0
905984,26.0
906000,59.0
906064,57.0
906096,23.0
906272,36.0
906272,43.0
906304,38.0
906352,29.0
906384,34.0
906432,42.0
906576,37.0
906640,64.0
906784,61.0
906832,56.0
906912,62.0
906992,45.0
907024,28.0
907024,60.0
907072,67.0
907088,41.0
907152,75.0
907280,28.0
907312,58.0
907360,66.0
907360,68.0
907376,29.0
907408,66.0
907456,134.0
907456,51.0
907520,33.0
907616,37.0
907648,97.0
907680,56.0
907904,34.0
908000,58.0
908000,53.0
908112,27.0
908192,69.0
908240,54.0
908256,56.0
908272,51.0
908304,41.0
908320,65.0
908320,81.0
908384,67.0
908448,65.0
908512,56.0
908688,77.0
908784,55.0
908848,83.0
908848,41.0
908880,55.0
908928,42.0
908944,40.0
908976,41.0
909008,39.0
909024,44.0
909056,59.0
909184,74.0
909280,48.0
909296,66.0
909344,23.0
909392,70.0
909536,47.0
909616,73.0
909696,63.0
909712,43.0
909744,46.0
909856,61.0
909936,34.0
909936,68.0
909984,71.0
910048,62.0
910080,71.0
910144,76.0
910192,36.0
910208,64.0
910240,60.0
910288,62.0
910352,51.0
910384,40.0
910432,46.0
910448,37.0
910480,48.0
910480,34.0
910560,30.0
910560,36.0
910656,28.0
910656,29.0
910784,46.0
910816,92.0
910928,62.0
910992,27.0
911008,48.0
911024,46.0
911104,42.0
911312,52.0
911312,73.0
911328,59.0
911360,50.0
911360,34.0
911376,45.0
911376,56.0
911408,66.0
911424,40.0
911440,62.0
911488,52.0
911568,35.0
911632,33.0
911648,41.0
911664,22.0
911712,22.0
911744,27.0
911760,46.0
911808,25.0
911984,38.0
911984,34.0
912048,43.0
912144,25.0
912144,31.0
912144,51.0
912176,78.0
912272,40.0
912336,57.0
912352,43.0
912368,35.0
912448,29.0
912464,44.0
912464,56.0
912496,49.0
912624,30.0
912768,39.0
912784,81.0
912784,46.0
912880,26.0
912912,35.0
912960,61.0
912992,45.0
913008,40.0
913040,104.0
913056,55.0
913136,62.0
913168,34.0
913344,53.0
913344,29.0
913344,35.0
913392,39.0
913472,63.0
913520,46.0
913600,40.0
913600,35.0
913664,83.0
913664,76.0
913744,47.0
913776,54.0
913824,30.0
913856,53.0
913920,25.0
913936,37.0
914032,43.0
914176,63.0
914208,72.0
914224,35.0
914224,23.0
914368,61.0
914384,49.0
914384,78.0
914432,32.0
914448,61.0
914560,33.0
914608,27.0
914608,42.0
914688,59.0
914768,34.0
914768,24.0
914816,38.0
914880,76.0
915088,41.0
915088,44.0
915088,82.0
915104,41.0
915152,83.0
915200,37.0
915216,101.0
915216,28.0
915344,41.0
915376,35.0
915424,66.0
915472,20.0
915472,23.0
915472,44.0
915488,55.0
915568,63.0
915616,33.0
915760,55.0
915776,43.0
915776,36.0
915872,49.0
915904,30.0
915952,38.0
916032,35.0
916064,53.0
916080,116.0
916080,38.0
916128,41.0
916176,60.0
916208,28.0
916208,40.0
916368,37.0
916448,42.0
916496,26.0
916544,73.0
916560,38.0
916576,42.0
916576,28.0
916624,35.0
916656,65.0
916672,74.0
916768,35.0
916800,58.0
916800,22.0
916880,32.0
916976,56.0
917008,27.0
917056,25.0
917152,70.0
917152,30.0
917168,60.0
917232,38.0
917408,77.0
917456,30.0
917504,44.0
917552,66.0
917632,39.0
917648,67.0
917648,53.0
917680,70.0
917680,71.0
917696,34.0
917712,34.0
917776,56.0
917824,42.0
917872,51.0
917968,26.0
918000,77.0
918032,50.0
918112,38.0
918208,47.0
918224,51.0
918288,40.0
918448,36.0
918480,48.0
918512,19.0
918528,53.0
918560,54.0
918576,56.0
918640,40.0
918672,56.0
918704,55.0
918752,69.0
918816,74.0
918816,37.0
918928,60.0
918992,26.0
919088,66.0
919136,43.0
919184,42.0
919184,41.0
919200,33.0
919232,37.0
919264,28.0
919280,73.0
919312,24.0
919376,51.0
919456,14.0
919488,49.0
919584,25.0
919632,51.0
919648,56.0
919776,37.0
919808,45.0
919872,38.0
919888,100.0
919968,61.0
919968,48.0
920016,46.0
920032,41.0
920064,47.0
920112,30.0
920176,65.0
920256,23.0
920352,24.0
920384,56.0
920416,121.0
920432,53.0
920448,36.0
920480,32.0
920544,30.0
920544,56.0
920736,35.0
920736,60.0
920768,47.0
920880,89.0
920912,31.0
920944,37.0
920976,37.0
921008,75.0
921040,37.0
921168,27.0
921184,58.0
921200,68.0
921248,44.0
921312,48.0
921328,37.0
921344,82.0
921360,55.0
921376,59.0
921408,31.0
921456,43.0
921552,32.0
921616,40.0
921696,32.0
921744,31.0
921744,50.0
921776,48.0
921840,27.0
921856,61.0
921984,23.0
922176,45.0
922192,51.0
922224,56.0
922320,36.0
922400,44.0
922448,80.0
922480,46.0
922528,76.0
922592,87.0
922656,69.0
922720,34.0
922816,65.0
922864,34.0
922880,95.0
922976,47.0
923008,64.0
923056,29.0
923120,111.0
923152,39.0
923168,48.0
923200,84.0
923232,65.0
923232,49.0
923360,55.0
923408,98.0
923472,51.0
923504,22.0
923504,49.0
923632,47.0
923696,33.0
923728,31.0
923760,56.0
923840,30.0
923856,46.0
923888,57.0
923904,27.0
923920,69.0
924080,24.0
924112,24.0
924160,25.0
924320,68.0
924320,26.0
924368,54.0
924384,74.0
924384,33.0
924400,56.0
924400,84.0
924416,63.0
924432,20.0
924528,95.0
924560,40.0
924736,56.0
924752,54.0
924832,29.0
924848,27.0
924864,77.0
924880,50.0
924928,34.0
924976,51.0
925232,52.0
925248,45.0
925264,25.0
925360,65.0
925488,35.0
925520,43.0
925568,51.0
925584,75.0
925616,66.0
925696,51.0
925696,53.0
925760,31.0
925856,55.0
925904,92.0
925936,28.0
926064,28.0
926080,53.0
926192,117.0
926208,92.0
926224,41.0
926384,71.0
926384,64.0
926384,43.0
926432,53.0
926448,37.0
926544,22.0
926576,55.0
926576,51.0
926576,42.0
926608,34.0
926736,32.0
926832,28.0
926848,48.0
926896,43.0
926896,32.0
926960,160.0
927008,27.0
927104,41.0
927152,36.0
927232,43.0
927280,56.0
927312,13.0
927440,120.0
927440,63.0
927472,36.0
927504,58.0
927536,24.0
927616,55.0
927632,42.0
927664,22.0
927696,110.0
927712,69.0
927776,58.0
927856,60.0
927856,53.0
927968,31.0
928112,42.0
928144,44.0
928144,40.0
928240,63.0
928240,60.0
928272,26.0
928272,90.0
928288,47.0
928304,38.0
928336,12.0
928464,53.0
928464,52.0
928528,51.0
928560,49.0
928768,41.0
928800,33.0
928816,72.0
928864,39.0
928928,37.0
929088,53.0
929104,50.0
929152,81.0
929200,40.0
929200,42.0
929328,32.0
929392,89.0
929392,29.0
929520,86.0
929632,34.0
929648,49.0
929696,56.0
929808,65.0
929808,38.0
929840,86.0
929840,98.0
929856,44.0
929904,101.0
929904,36.0
929968,48.0
930000,96.0
930048,41.0
930144,39.0
930176,49.0
930256,25.0
930272,36.0
930368,35.0
930512,88.0
930528,56.0
930544,56.0
930592,47.0
930592,43.0
930592,34.0
930608,27.0
930656,43.0
930752,53.0
930768,48.0
930784,61.0
930848,37.0
930864,22.0
930864,45.0
930912,67.0
931136,30.0
931168,25.0
931184,27.0
931200,37.0
931280,63.0
931296,44.0
931312,33.0
931344,47.0
931344,47.0
931408,54.0
931440,67.0
931472,59.0
931536,42.0
931568,23.0
931568,45.0
931712,53.0
931792,38.0
931968,50.0
932048,30.0
932048,44.0
932080,49.0
932096,51.0
932128,51.0
932176,65.0
932320,49.0
932336,62.0
932368,60.0
932384,42.0
932400,60.0
932480,25.0
932512,59.0
932576,104.0
932592,34.0
932640,29.0
932816,48.0
932816,45.0
932848,28.0
932928,50.0
933056,45.0
933056,42.0
933088,101.0
933088,28.0
933232,40.0
933248,42.0
933248,25.0
933248,27.0
933296,51.0
933312,59.0
933360,65.0
933408,20.0
933408,90.0
933440,22.0
933520,63.0
933536,45.0
933584,41.0
933648,116.0
933760,44.0
933760,44.0
933792,34.0
933872,27.0
933904,42.0
933904,41.0
934000,47.0
934096,28.0
934176,41.0
934192,25.0
934208,53.0
934224,57.0
934256,53.0
934256,45.0
934304,27.0
934304,63.0
934336,58.0
934384,12.0
934448,54.0
934496,37.0
934560,50.0
934576,20.0
934672,26.0
934704,25.0
934800,37.0
934832,52.0
934864,48.0
934896,45.0
934896,42.0
934928,22.0
934976,67.0
935104,45.0
935168,23.0
935184,46.0
935232,35.0
935296,25.0
935344,49.0
935392,102.0
935504,50.0
935504,25.0
935568,37.0
935584,25.0
935648,49.0
935680,21.0
935696,87.0
935712,49.0
935856,43.0
935872,36.0
935904,98.0
936000,73.0
936000,38.0
936000,69.0
936048,30.0
936128,56.0
936160,104.0
936256,47.0
936272,36.0
936352,53.0
936368,49.0
936368,43.0
936368,45.0
936544,34.0
936704,27.0
936720,45.0
936752,53.0
936800,50.0
936928,67.0
936992,39.0
937008,41.0
937040,62.0
937072,59.0
937216,53.0
937296,99.0
937344,40.0
937360,51.0
937392,77.0
937408,41.0
937408,38.0
937472,27.0
937520,28.0
937536,80.0
937536,34.0
937568,106.0
937696,30.0
937760,47.0
937760,87.0
937808,68.0
937808,26.0
937808,29.0
937824,56.0
937904,31.0
937968,31.0
938112,47.0
938176,55.0
938208,24.0
938208,40.0
938256,45.0
938304,49.0
938352,37.0
938416,32.0
938480,59.0
938560,22.0
938624,58.0
938720,32.0
938720,19.0
938768,37.0
938768,41.0
938816,66.0
938880,92.0
938896,68.0
938944,29.0
938944,37.0
939040,46.0
939040,49.0
939088,80.0
939152,24.0
939184,39.0
939200,36.0
939264,31.0
939280,82.0
939328,38.0
939360,29.0
939536,45.0
939568,110.0
939696,41.0
939696,34.0
939712,32.0
939712,28.0
939824,40.0
939824,59.0
939936,36.0
939984,65.0
940016,81.0
940048,48.0
940064,64.0
940096,25.0
940208,70.0
940240,34.0
940256,58.0
940272,35.0
940480,41.0
940496,42.0
940576,63.0
940592,66.0
940672,29.0
940704,40.0
940704,43.0
940720,49.0
940736,29.0
940768,42.0
940816,36.0
940896,74.0
940928,55.0
940944,125.0
940960,61.0
940976,45.0
941120,33.0
941168,22.0
941216,45.0
941328,35.0
941360,41.0
941376,40.0
941472,47.0
941552,37.0
941616,59.0
941632,17.0
941696,33.0
941824,84.0
941824,56.0
941856,24.0
941952,39.0
941968,26.0
942048,67.0
942144,58.0
942176,80.0
942224,38.0
942256,82.0
942256,55.0
942304,42.0
942336,110.0
942368,104.0
942384,27.0
942464,38.0
942496,42.0
942592,23.0
942688,22.0
942704,46.0
942752,66.0
942752,36.0
942784,104.0
942800,41.0
942832,49.0
943120,54.0
943136,42.0
943200,28.0
943216,52.0
943232,46.0
943248,31.0
943280,28.0
943312,63.0
943408,39.0
943424,39.0
943440,74.0
943456,15.0
943456,47.0
943472,55.0
943552,74.0
943648,114.0
943712,36.0
943856,73.0
943888,36.0
943936,24.0
943952,44.0
943952,47.0
943952,31.0
944096,39.0
944112,52.0
944128,63.0
944208,47.0
944288,54.0
944304,23.0
944352,40.0
944432,62.0
944464,32.0
944464,77.0
944480,67.0
944480,37.0
944512,35.0
944592,59.0
944688,35.0
944720,27.0
944864,47.0
944928,67.0
944960,38.0
945056,69.0
945072,37.0
945088,39.0
945120,64.0
945136,26.0
945152,53.0
945184,44.0
945184,61.0
945232,40.0
945408,28.0
945440,47.0
945504,62.0
945568,69.0
945568,31.0
945616,35.0
945664,32.0
945680,78.0
945856,62.0
945872,49.0
945872,47.0
945904,61.0
945920,46.0
945936,44.0
946016,36.0
946080,59.0
946128,39.0
946208,34.0
946256,24.0
946256,43.0
946256,24.0
946288,45.0
946400,49.0
946432,33.0
946448,79.0
946496,68.0
946528,37.0
946544,39.0
946560,44.0
946704,43.0
946784,41.0
946832,24.0
946928,45.0
946944,32.0
946944,79.0
946960,42.0
946960,27.0
946976,56.0
947040,30.0
947280,20.0
947296,50.0
947296,65.0
947376,42.0
947392,71.0
947440,65.0
947568,49.0
947632,43.0
947664,52.0
947680,89.0
947712,46.0
947712,48.0
947728,48.0
947744,28.0
947872,12.0
947888,53.0
947888,38.0
947984,34.0
948096,27.0
948096,97.0
948112,46.0
948240,31.0
948272,40.0
948288,62.0
948320,87.0
948352,40.0
948352,60.0
948496,38.0
948576,29.0
948576,44.0
948640,57.0
948656,59.0
948672,69.0
948720,27.0
948736,40.0
948736,53.0
948944,28.0
948976,44.0
949008,48.0
949024,42.0
949040,29.0
949088,62.0
949120,24.0
949200,30.0
949216,36.0
949232,78.0
949296,40.0
949312,60.0
949312,62.0
949344,21.0
949408,24.0
949408,46.0
949440,25.0
949440,31.0
949472,22.0
949488,57.0
949616,55.0
949648,27.0
949744,48.0
949872,36.0
949888,50.0
949968,14.0
950000,43.0
950000,41.0
950176,59.0
950192,34.0
950192,44.0
950208,63.0
950240,50.0
950272,50.0
950304,43.0
950432,62.0
950448,65.0
950512,32.0
950512,75.0
950544,42.0
950624,41.0
950672,79.0
950688,24.0
950736,34.0
950736,31.0
950800,57.0
950896,56.0
950944,42.0
951088,36.0
951104,56.0
951104,37.0
951104,41.0
951120,31.0
951184,40.0
951232,50.0
951360,43.0
951360,74.0
951376,40.0
951376,36.0
951392,75.0
951488,50.0
951504,24.0
951552,38.0
951632,56.0
951680,28.0
951712,38.0
951760,41.0
951840,30.0
951888,50.0
951888,24.0
951920,35.0
951968,26.0
952080,43.0
952112,76.0
952160,66.0
952160,49.0
952320,71.0
952336,23.0
952352,61.0
952384,39.0
952400,43.0
952448,48.0
952512,27.0
952544,57.0
952560,67.0
952608,48.0
952640,19.0
952720,52.0
952736,39.0
952752,25.0
952768,55.0
952784,39.0
952784,39.0
952896,61.0
952960,40.0
953056,41.0
953232,53.0
953248,50.0
953296,34.0
953312,48.0
953360,36.0
953440,55.0
953488,61.0
953520,35.0
953568,50.0
953648,54.0
953664,48.0
953696,61.0
953744,32.0
953856,76.0
953872,27.0
953888,80.0
953968,42.0
954080,64.0
954080,52.0
954112,28.0
954144,49.0
954208,40.0
954288,50.0
954336,37.0
954352,101.0
954432,49.0
954512,51.0
954528,63.0
954576,38.0
954608,46.0
954656,32.0
954672,35.0
954672,37.0
954688,38.0
954800,59.0
954832,31.0
954848,40.0
954896,99.0
954960,22.0
955024,42.0
955024,23.0
955072,24.0
955088,26.0
955104,27.0
955136,39.0
955328,56.0
955488,43.0
955488,25.0
955520,24.0
955568,46.0
955632,38.0
955680,87.0
955696,39.0
955712,47.0
955712,51.0
955776,118.0
955824,61.0
955920,84.0
955936,26.0
956112,34.0
956128,69.0
956128,100.0
956160,30.0
956224,70.0
956288,41.0
956288,32.0
956304,51.0
956384,43.0
956496,49.0
956688,29.0
956704,76.0
956720,37.0
956768,30.0
956768,30.0
956784,39.0
956880,66.0
956880,73.0
956912,61.0
956960,102.0
956976,54.0
956992,31.0
957104,74.0
957136,63.0
957152,48.0
957168,25.0
957184,55.0
957264,34.0
957392,26.0
957440,42.0
957456,34.0
957472,37.0
957488,33.0
957568,49.0
957696,51.0
957760,41.0
957840,44.0
957952,48.0
957984,31.0
958000,63.0
958048,56.0
958064,50.0
958064,37.0
958112,89.0
958128,89.0
958224,41.0
958224,52.0
958288,52.0
958368,24.0
958512,47.0
958528,43.0
958544,53.0
958608,41.0
958624,74.0
958656,41.0
958704,40.0
958720,31.0
958784,35.0
958928,19.0
959008,45.0
959008,29.0
959072,64.0
959088,36.0
959152,64.0
959216,38.0
959424,45.0
959440,142.0
959520,72.0
959536,38.0
959536,55.0
959552,93.0
959584,92.0
959600,55.0
959632,69.0
959648,40.0
959664,36.0
959680,56.0
959712,35.0
959744,42.0
959808,17.0
960048,52.0
960096,32.0
960256,78.0
960288,41.0
960320,56.0
960368,39.0
960384,54.0
960416,44.0
960464,50.0
960496,43.0
960592,72.0
960608,67.0
960720,39.0
960784,29.0
960800,75.0
960864,38.0
960944,30.0
960944,35.0
960960,29.0
960976,83.0
960992,59.0
961040,27.0
961104,51.0
961168,47.0
961200,103.0
961232,27.0
961280,57.0
961328,38.0
961376,106.0
961440,53.0
961440,28.0
961536,37.0
961600,39.0
961632,25.0
961792,53.0
961888,49.0
961920,71.0
961984,44.0
962000,50.0
962000,65.0
962000,60.0
962032,54.0
962064,75.0
962080,44.0
962160,52.0
962224,49.0
962240,50.0
962256,41.0
962368,36.0
962512,27.0
962640,40.0
962672,71.0
962704,44.0
962768,48.0
962800,51.0
962816,58.0
962848,58.0
962864,44.0
962896,40.0
962912,53.0
962912,55.0
962944,44.0
963040,88.0
963056,43.0
963088,54.0
963136,27.0
963136,39.0
963136,29.0
963296,31.0
963392,34.0
963408,31.0
963424,41.0
963488,42.0
963520,38.0
963584,34.0
963648,63.0
963680,49.0
963760,56.0
963792,41.0
963856,28.0
963856,29.0
963856,45.0
963920,49.0
963984,65.0
964016,31.0
964064,48.0
964144,41.0
964208,35.0
964288,44.0
964304,32.0
964448,37.0
964480,50.0
964480,89.0
964528,34.0
964528,48.0
964560,44.0
964560,44.0
964576,72.0
964592,36.0
964736,103.0
964752,19.0
964912,39.0
964960,51.0
964992,43.0
965040,61.0
965040,52.0
965104,74.0
965120,40.0
965136,38.0
965168,40.0
965216,46.0
965216,39.0
965392,51.0
965488,58.0
965520,30.0
965552,50.0
965600,38.0
965616,25.0
965664,47.0
965664,58.0
965744,38.0
965744,74.0
965856,43.0
965888,48.0
965952,35.0
965984,29.0
966064,28.0
966080,65.0
966176,36.0
966208,45.0
966272,33.0
966272,73.0
966288,39.0
966320,69.0
966432,30.0
966512,41.0
966528,29.0
966560,100.0
966608,45.0
966656,36.0
966656,69.0
966672,58.0
966880,76.0
967024,53.0
967056,46.0
967104,51.0
967120,71.0
967136,36.0
967168,40.0
967200,58.0
967296,39.0
967328,28.0
967328,42.0
967328,51.0
967472,26.0
967472,65.0
967504,81.0
967520,54.0
967536,79.0
967536,32.0
967696,37.0
967840,19.0
967856,33.0
967904,36.0
967936,50.0
967984,32.0
968080,55.0
968112,94.0
968176,66.0
968208,65.0
968320,64.0
968320,39.0
968384,54.0
968400,67.0
968432,56.0
968432,33.0
968544,67.0
968576,23.0
968608,33.0
968608,27.0
968704,75.0
968704,54.0
968720,54.0
968928,51.0
968992,66.0
969040,38.0
969088,30.0
969120,50.0
969136,27.0
969200,41.0
969232,78.0
969248,42.0
969344,39.0
969392,43.0
969424,65.0
969456,71.0
969504,36.0
969520,70.0
969648,76.0
969824,52.0
969856,45.0
969904,41.0
969936,51.0
969936,56.0
969968,34.0
970048,25.0
970080,55.0
970080,35.0
970112,64.0
970128,95.0
970128,56.0
970176,20.0
970192,43.0
970416,28.0
970416,67.0
970528,37.0
970544,68.0
970592,75.0
970608,42.0
970640,28.0
970736,38.0
970800,24.0
970848,59.0
970864,43.0
970880,52.0
970912,24.0
970928,53.0
971008,55.0
971088,28.0
971120,20.0
971120,36.0
971120,63.0
971168,47.0
971296,76.0
971296,44.0
971312,36.0
971376,48.0
971488,25.0
971504,24.0
971712,49.0
971712,34.0
971728,54.0
971776,122.0
971808,58.0
971888,61.0
971920,67.0
971920,39.0
972112,50.0
972112,51.0
972176,25.0
972176,43.0
972224,69.0
972240,20.0
972256,55.0
972320,51.0
972352,77.0
972512,50.0
972528,40.0
972528,26.0
972576,98.0
972576,25.0
972624,44.0
972752,31.0
972816,68.0
972912,37.0
972928,22.0
973040,51.0
973088,86.0
973168,22.0
973184,67.0
973184,35.0
973232,44.0
973248,56.0
973344,52.0
973424,78.0
973456,55.0
973472,77.0
973520,48.0
973536,39.0
973552,29.0
973600,112.0
973744,44.0
973792,39.0
973824,56.0
973856,42.0
973920,36.0
973936,47.0
973936,88.0
973984,27.0
974064,37.0
974080,52.0
974160,40.0
974224,62.0
974320,25.0
974448,62.0
974464,45.0
974528,34.0
974560,48.0
974608,63.0
974608,33.0
974704,40.0
974736,55.0
974768,84.0
974832,81.0
974864,58.0
974912,19.0
974960,12.0
975024,26.0
975024,68.0
975072,23.0
975088,48.0
975088,33.0
975136,82.0
975152,39.0
975232,25.0
975232,23.0
975232,63.0
975248,68.0
975280,23.0
975296,53.0
975408,24.0
975456,23.0
975488,25.0
975584,32.0
975600,23.0
975600,28.0
975696,60.0
975712,29.0
975808,84.0
975840,38.0
975888,47.0
975984,64.0
976000,37.0
976032,46.0
976032,36.0
976048,35.0
976064,49.0
976080,23.0
976112,55.0
976272,78.0
976272,27.0
976288,25.0
976288,44.0
976368,42.0
976416,51.0
976560,35.0
976640,65.0
976672,38.0
976736,44.0
976736,47.0
976864,36.0
976896,53.0
976976,44.0
977008,40.0
977120,52.0
977152,55.0
977296,76.0
977296,39.0
977408,42.0
977408,53.0
977440,102.0
977456,28.0
977456,37.0
977472,46.0
977664,78.0
977728,101.0
977728,38.0
977728,106.0
977776,55.0
977808,41.0
977904,58.0
977984,36.0
978048,24.0
978048,88.0
978080,39.0
978096,39.0
978112,44.0
978160,54.0
978256,33.0
978272,29.0
978288,62.0
978336,55.0
978352,39.0
978464,43.0
978608,73.0
978640,46.0
978720,46.0
978768,41.0
978864,49.0
978896,38.0
978960,39.0
978976,39.0
978976,44.0
978976,23.0
978992,46.0
979024,61.0
979216,47.0
979248,33.0
979296,41.0
979360,79.0
979360,75.0
979424,28.0
979440,29.0
979536,48.0
979536,40.0
979584,39.0
979696,45.0
979696,25.0
979712,22.0
979728,105.0
979808,51.0
979888,42.0
979904,30.0
979920,35.0
980080,76.0
980080,52.0
980096,67.0
980112,26.0
980112,149.0
980240,44.0
980336,56.0
980368,28.0
980384,42.0
980512,38.0
980528,40.0
980528,26.0
980560,54.0
980640,34.0
980656,34.0
980672,54.0
980704,73.0
980720,30.0
980752,42.0
980768,43.0
980784,75.0
980800,27.0
980960,27.0
981072,84.0
981104,36.0
981200,33.0
981216,44.0
981232,36.0
981264,44.0
981280,59.0
981376,41.0
981408,41.0
981456,47.0
981616,53.0
981616,51.0
981664,55.0
981680,29.0
981712,38.0
981808,53.0
981872,42.0
982016,46.0
982032,60.0
982032,103.0
982032,50.0
982048,27.0
982112,44.0
982160,56.0
982224,48.0
982256,40.0
982272,56.0
982272,35.0
982272,29.0
982384,23.0
982384,44.0
982480,38.0
982544,119.0
982800,48.0
982832,38.0
982864,47.0
982864,38.0
982912,55.0
982944,56.0
982960,43.0
982976,44.0
983008,29.0
983024,40.0
983072,65.0
983104,45.0
983152,22.0
983200,45.0
983344,74.0
983424,110.0
983456,27.0
983504,37.0
983504,40.0
983616,47.0
983632,42.0
983664,41.0
983824,62.0
983840,43.0
983856,57.0
983872,26.0
983984,40.0
984000,56.0
984016,65.0
984096,114.0
984144,67.0
984160,34.0
984256,47.0
984336,42.0
984432,58.0
984448,36.0
984448,39.0
984592,37.0
984592,73.0
984624,89.0
984784,50.0
984800,44.0
984848,63.0
984880,64.0
984912,36.0
984992,53.0
984992,35.0
985088,67.0
985104,92.0
985104,30.0
985136,55.0
985248,50.0
985296,71.0
985392,25.0
985504,39.0
985552,47.0
985568,29.0
985600,38.0
985664,26.0
985728,80.0
985744,40.0
985872,80.0
985888,69.0
985952,54.0
985968,86.0
986048,47.0
986080,59.0
986144,40.0
986176,36.0
986240,83.0
986336,48.0
986432,34.0
986448,45.0
986448,66.0
986464,24.0
986464,26.0
986496,52.0
986528,49.0
986528,105.0
986592,45.0
986592,65.0
986848,32.0
986976,63.0
987136,38.0
987168,45.0
987184,59.0
987248,51.0
987280,52.0
987360,52.0
987376,49.0
987408,35.0
987424,60.0
987424,78.0
987504,97.0
987536,65.0
987552,88.0
987584,14.0
987616,72.0
987648,25.0
987712,33.0
987744,23.0
987760,30.0
987904,48.0
987984,63.0
988016,32.0
988048,40.0
988096,58.0
988096,94.0
988096,35.0
988112,43.0
988128,23.0
988160,38.0
988192,34.0
988208,39.0
988224,50.0
988240,31.0
988336,45.0
988384,42.0
988480,36.0
988704,43.0
988704,23.0
988720,31.0
988720,46.0
988768,36.0
988784,41.0
988800,35.0
988880,42.0
988880,49.0
988944,56.0
989040,59.0
989088,44.0
989152,66.0
989184,30.0
989200,20.0
989232,67.0
989312,27.0
989344,36.0
989472,47.0
989488,86.0
989488,49.0
989568,30.0
989600,50.0
989712,23.0
989728,43.0
989744,50.0
989808,68.0
989856,23.0
989872,25.0
989904,37.0
989936,47.0
990016,49.0
990016,77.0
990064,57.0
990176,36.0
990176,61.0
990272,29.0
990304,37.0
990336,38.0
990352,49.0
990400,120.0
990432,26.0
990496,37.0
990496,63.0
990512,41.0
990512,40.0
990624,43.0
990640,56.0
990672,38.0
990800,25.0
990832,30.0
990832,51.0
990992,51.0
991056,34.0
991088,49.0
991104,48.0
991216,49.0
991344,67.0
991392,35.0
991424,57.0
991536,46.0
991552,86.0
991600,69.0
991696,37.0
991728,46.0
991728,42.0
991744,78.0
991760,58.0
991904,77.0
991936,82.0
992080,54.0
992160,39.0
992176,96.0
992240,31.0
992240,56.0
992272,34.0
992400,29.0
992432,63.0
992464,48.0
992480,55.0
992656,56.0
992672,27.0
992688,49.0
992720,35.0
992784,66.0
992816,108.0
992832,80.0
992864,39.0
992880,26.0
992880,44.0
992896,26.0
992896,94.0
993056,49.0
993120,29.0
993216,24.0
993232,34.0
993248,53.0
993296,76.0
993328,56.0
993376,35.0
993440,45.0
993504,52.0
993568,21.0
993584,29.0
993600,44.0
993616,46.0
993632,36.0
993632,48.0
993696,30.0
993792,31.0
993904,64.0
993952,73.0
993968,33.0
993984,68.0
994064,31.0
994112,31.0
994128,47.0
994144,40.0
994144,51.0
994176,58.0
994240,38.0
994256,39.0
994272,30.0
994480,55.0
994480,56.0
994624,24.0
994640,43.0
994704,50.0
994720,37.0
994752,66.0
994784,45.0
994896,58.0
994896,39.0
994912,41.0
995088,61.0
995216,37.0
995232,47.0
995280,40.0
995312,52.0
995328,74.0
995360,29.0
995376,77.0
995536,40.0
995552,98.0
995552,52.0
995712,63.0
995840,104.0
995856,59.0
995904,72.0
995968,41.0
995968,38.0
995984,75.0
996032,41.0
996080,47.0
996128,57.0
996160,38.0
996192,40.0
996192,69.0
996208,42.0
996288,66.0
996384,69.0
996416,35.0
996464,35.0
996464,24.0
996608,48.0
996768,36.0
996848,24.0
996864,72.0
996880,43.0
996912,49.0
996912,39.0
996928,56.0
996928,20.0
996944,61.0
996976,51.0
997040,39.0
997056,42.0
997088,69.0
997120,57.0
997216,78.0
997312,53.0
997504,39.0
997568,40.0
997600,42.0
997600,47.0
997648,38.0
997680,51.0
997696,49.0
997744,50.0
997744,41.0
997776,54.0
997792,36.0
997792,64.0
997808,47.0
997936,23.0
997936,39.0
998176,75.0
998224,39.0
998336,33.0
998336,52.0
998384,46.0
998400,38.0
998480,34.0
998528,88.0
998560,48.0
998608,42.0
998624,55.0
998656,61.0
998672,31.0
998688,68.0
998720,24.0
998720,59.0
998736,62.0
998816,26.0
998880,74.0
998880,34.0
999040,51.0
999072,25.0
999104,31.0
999168,28.0
999184,44.0
999200,36.0
999232,42.0
999248,23.0
999280,35.0
999296,38.0
999408,55.0
999472,46.0
999488,69.0
999536,27.0
999552,56.0
999600,27.0
999648,38.0
999696,28.0
999744,58.0
999824,59.0
999856,35.0
999920,45.0
999952,55.0
999968,46.0
1000064,55.0
1000080,50.0
1000160,26.0
1000176,33.0
1000224,42.0
1000240,24.0
1000352,25.0
1000400,50.0
1000400,54.0
1000560,25.0
1000576,38.0
1000592,42.0
1000592,74.0
1000608,13.0
1000608,23.0
1000672,37.0
1000736,35.0
1000736,79.0
1000816,70.0
1000832,38.0
1000864,50.0
1000912,68.0
1000960,38.0
1000992,24.0
1001056,41.0
1001264,43.0
1001424,51.0
1001424,27.0
1001440,36.0
1001440,55.0
1001456,45.0
1001456,123.0
1001504,57.0
1001536,36.0
1001584,47.0
1001600,34.0
1001664,67.0
1001680,63.0
1001776,60.0
1001840,58.0
1001936,32.0
1001968,77.0
1001968,27.0
1001984,33.0
1002016,37.0
1002128,34.0
1002128,42.0
1002288,49.0
1002288,53.0
1002352,23.0
1002352,42.0
1002416,72.0
1002464,54.0
1002528,37.0
1002544,69.0
1002608,52.0
1002624,41.0
1002720,27.0
1002736,56.0
1002768,69.0
1002864,25.0
1003008,45.0
1003088,34.0
1003104,71.0
1003168,28.0
1003168,47.0
1003168,25.0
1003184,52.0
1003248,56.0
1003312,36.0
1003328,75.0
1003488,60.0
1003520,41.0
1003584,31.0
1003696,33.0
1003712,99.0
1003760,72.0
1003776,72.0
1003808,30.0
1003920,27.0
1003952,53.0
1003952,40.0
1003968,50.0
1003968,50.0
1003968,49.0
1004016,125.0
1004064,51.0
1004160,28.0
1004224,26.0
1004352,37.0
1004384,54.0
1004400,28.0
1004448,90.0
1004576,38.0
1004592,12.0
1004592,40.0
1004592,42.0
1004672,68.0
1004688,62.0
1004720,47.0
1004720,59.0
1004768,44.0
1004832,42.0
1004864,30.0
1005024,21.0
1005056,52.0
1005104,68.0
1005104,24.0
1005120,48.0
1005136,34.0
1005296,36.0
1005360,43.0
1005440,54.0
1005440,53.0
1005456,54.0
1005488,95.0
1005504,66.0
1005504,46.0
1005600,34.0
1005632,11.0
1005728,38.0
1005744,40.0
1005808,20.0
1005840,46.0
1005872,46.0
1005920,68.0
1005920,30.0
1006016,41.0
1006080,40.0
1006144,53.0
1006176,36.0
1006384,55.0
1006400,56.0
1006432,32.0
1006480,46.0
1006512,37.0
1006512,103.0
1006560,96.0
1006608,29.0
1006752,55.0
1006768,47.0
1006784,24.0
1006784,38.0
1006800,60.0
1006864,49.0
1006928,34.0
1006976,31.0
1006976,29.0
1007072,90.0
1007072,32.0
1007168,85.0
1007184,26.0
1007232,94.0
1007296,43.0
1007408,61.0
1007440,41.0
1007552,48.0
1007600,68.0
1007632,41.0
1007632,44.0
1007696,33.0
1007744,62.0
1007760,43.0
1007872,67.0
1007888,41.0
1007952,55.0
1007952,61.0
1007968,35.0
1008000,28.0
1008080,49.0
1008096,57.0
1008112,42.0
1008224,29.0
1008272,12.0
1008336,40.0
1008400,96.0
1008448,35.0
1008480,55.0
1008528,49.0
1008544,57.0
1008544,34.0
1008544,42.0
1008704,37.0
1008720,39.0
1008800,33.0
1008944,61.0
1008944,45.0
1008976,31.0
1008992,65.0
1009104,41.0
1009104,92.0
1009216,79.0
1009248,53.0
1009264,45.0
1009456,32.0
1009472,42.0
1009472,59.0
1009504,60.0
1009520,34.0
1009520,51.0
1009536,62.0
1009840,56.0
1009968,31.0
1010032,32.0
1010032,49.0
1010064,60.0
1010064,34.0
1010080,38.0
1010112,56.0
1010160,56.0
1010192,68.0
1010256,96.0
1010384,22.0
1010528,96.0
1010624,143.0
1010640,74.0
1010688,72.0
1010704,54.0
1010736,44.0
1010768,50.0
1010784,37.0
1010816,47.0
1010816,82.0
1010864,49.0
1010880,45.0
1010944,26.0
1010976,54.0
1011264,24.0
1011264,55.0
1011296,42.0
1011312,33.0
1011328,79.0
1011440,46.0
1011504,54.0
1011584,18.0
1011616,85.0
1011696,52.0
1011712,48.0
1011840,54.0
1011872,66.0
1011984,81.0
1012000,19.0
1012016,32.0
1012048,46.0
1012096,80.0
1012112,53.0
1012160,20.0
1012176,29.0
1012288,44.0
1012336,98.0
1012336,67.0
1012368,31.0
1012544,76.0
1012608,28.0
1012656,42.0
1012656,38.0
1012672,121.0
1012688,42.0
1012704,44.0
1012784,42.0
1012896,91.0
1012992,39.0
1012992,86.0
1013056,28.0
1013056,32.0
1013184,68.0
1013232,56.0
1013296,37.0
1013312,39.0
1013328,41.0
1013344,35.0
1013360,64.0
1013424,78.0
1013520,54.0
1013552,31.0
1013552,41.0
1013600,38.0
1013696,88.0
1013728,67.0
1013792,31.0
1013808,36.0
1013824,25.0
1013888,33.0
1013904,22.0
1013952,56.0
1014032,44.0
1014064,34.0
1014112,70.0
1014128,36.0
1014208,54.0
1014224,65.0
1014256,59.0
1014320,37.0
1014384,49.0
1014384,35.0
1014512,39.0
1014512,51.0
1014528,39.0
1014608,30.0
1014720,43.0
1014752,60.0
1014800,62.0
1014864,30.0
1014928,34.0
1014944,62.0
1014992,55.0
1015040,52.0
1015056,52.0
1015152,52.0
1015184,24.0
1015200,71.0
1015248,40.0
1015312,28.0
1015504,62.0
1015520,33.0
1015552,65.0
1015584,66.0
1015616,54.0
1015712,49.0
1015744,37.0
1015760,44.0
1015760,32.0
1015840,56.0
1015872,101.0
1015888,23.0
1016048,34.0
1016096,32.0
1016128,59.0
1016144,52.0
1016176,61.0
1016208,21.0
1016208,41.0
1016208,28.0
1016224,24.0
1016240,95.0
1016368,38.0
1016416,50.0
1016448,46.0
1016608,23.0
1016608,98.0
1016656,48.0
1016688,35.0
1016720,36.0
1016784,65.0
1016800,39.0
1016816,38.0
1016880,27.0
1016944,45.0
1016960,47.0
1016960,54.0
1017056,25.0
1017104,31.0
1017120,67.0
1017152,49.0
1017344,39.0
1017360,35.0
1017536,53.0
1017568,26.0
1017584,39.0
1017600,31.0
1017616,46.0
1017632,36.0
1017680,46.0
1017696,46.0
1017792,99.0
1017904,81.0
1017904,68.0
1017920,71.0
1017936,22.0
1017936,25.0
1018016,41.0
1018048,102.0
1018176,36.0
1018224,38.0
1018240,70.0
1018256,43.0
1018336,26.0
1018352,35.0
1018400,48.0
1018400,24.0
1018480,34.0
1018480,50.0
1018560,41.0
1018608,79.0
1018688,40.0
1018688,22.0
1018720,64.0
1018736,52.0
1018928,47.0
1018960,22.0
1018976,45.0
1019024,68.0
1019088,25.0
1019200,61.0
1019216,54.0
1019312,37.0
1019312,67.0
1019312,52.0
1019408,24.0
1019488,50.0
1019616,66.0
1019632,41.0
1019664,44.0
1019696,38.0
1019712,25.0
1019728,26.0
1019760,80.0
1019808,55.0
1019808,67.0
1019824,89.0
1019872,35.0
1019888,43.0
1019888,93.0
1019968,47.0
1020176,34.0
1020224,32.0
1020240,47.0
1020432,64.0
1020432,42.0
1020480,37.0
1020480,41.0
1020512,51.0
1020608,50.0
1020624,24.0
1020736,48.0
1020736,53.0
1020800,39.0
1020832,64.0
1020832,73.0
1020896,73.0
1021008,33.0
1021008,87.0
1021056,36.0
1021088,54.0
1021136,39.0
1021152,34.0
1021216,49.0
1021264,33.0
1021328,56.0
1021392,41.0
1021408,36.0
1021456,39.0
1021472,36.0
1021504,102.0
1021568,35.0
1021648,37.0
1021680,33.0
1021712,24.0
1021760,31.0
1021776,35.0
1021808,22.0
1021920,32.0
1021952,54.0
1022000,22.0
1022064,35.0
1022080,59.0
1022224,100.0
1022224,52.0
1022240,77.0
1022240,35.0
1022288,36.0
1022288,23.0
1022368,56.0
1022368,38.0
1022512,28.0
1022560,30.0
1022576,22.0
1022576,63.0
1022624,114.0
1022640,25.0
1022656,23.0
1022800,50.0
1022832,66.0
1022896,41.0
1022896,38.0
1023040,51.0
1023120,82.0
1023120,47.0
1023136,35.0
1023136,31.0
1023168,38.0
1023184,42.0
1023408,65.0
1023456,41.0
1023456,39.0
1023568,101.0
1023568,27.0
1023600,61.0
1023600,44.0
1023664,34.0
1023680,69.0
1023680,40.0
1023776,13.0
1023840,74.0
1023888,44.0
1023888,48.0
1023904,48.0
1024016,53.0
1024096,20.0
1024096,27.0
1024224,51.0
1024256,85.0
1024336,27.0
1024400,52.0
1024400,59.0
1024432,37.0
1024496,30.0
1024528,58.0
1024560,21.0
1024608,45.0
1024640,60.0
1024656,66.0
1024688,50.0
1024704,78.0
1024784,69.0
1024864,38.0
1024880,49.0
1024880,49.0
1024992,31.0
1025040,30.0
1025040,38.0
1025072,23.0
1025280,55.0
1025280,40.0
1025392,32.0
1025408,50.0
1025488,68.0
1025504,73.0
1025536,55.0
1025552,42.0
1025616,68.0
1025616,52.0
1025632,40.0
1025696,63.0
1025712,42.0
1025760,43.0
1025760,56.0
1025776,46.0
1025936,25.0
1025968,43.0
1026000,37.0
1026000,38.0
1026064,32.0
1026112,25.0
1026112,52.0
1026128,40.0
1026160,41.0
1026352,46.0
1026512,56.0
1026528,48.0
1026528,56.0
1026544,34.0
1026544,30.0
1026576,55.0
1026576,40.0
1026592,51.0
1026624,41.0
1026720,38.0
1026768,48.0
1026864,32.0
1026944,49.0
1026960,28.0
1026976,27.0
1026992,55.0
1027008,78.0
1027040,28.0
1027072,33.0
1027152,36.0
1027328,23.0
1027440,54.0
1027472,59.0
1027472,84.0
1027488,26.0
1027520,41.0
1027552,32.0
1027568,59.0
1027584,40.0
1027600,52.0
1027616,40.0
1027664,41.0
1027744,47.0
1027808,41.0
1027856,83.0
1027984,24.0
1028016,31.0
1028032,44.0
1028176,43.0
1028208,37.0
1028208,39.0
1028256,51.0
1028320,100.0
1028336,33.0
1028384,57.0
1028384,57.0
1028448,44.0
1028480,29.0
1028592,58.0
1028672,26.0
1028752,45.0
1028784,77.0
1028800,77.0
1028816,60.0
1028880,42.0
1028912,20.0
1028944,39.0
1028944,12.0
1028992,38.0
1029024,53.0
1029072,37.0
1029072,46.0
1029104,70.0
1029120,13.0
1029216,63.0
1029248,36.0
1029312,58.0
1029536,68.0
1029552,30.0
1029616,31.0
1029648,44.0
1029712,31.0
1029792,63.0
1029808,49.0
1029872,50.0
1029920,38.0
1029936,70.0
1030000,29.0
1030000,47.0
1030128,74.0
1030208,35.0
1030288,42.0
1030304,24.0
1030384,28.0
1030400,43.0
1030576,28.0
1030656,97.0
1030672,117.0
1030688,56.0
1030784,57.0
1030800,50.0
1030800,78.0
1030816,15.0
1030848,28.0
1030848,65.0
1030896,126.0
1031040,128.0
1031072,48.0
1031088,55.0
1031152,30.0
1031200,51.0
1031296,30.0
1031312,29.0
1031344,34.0
1031344,84.0
1031424,24.0
1031456,35.0
1031488,26.0
1031504,22.0
1031520,27.0
1031696,63.0
1031776,70.0
1031856,63.0
1031888,36.0
1031952,38.0
1031984,29.0
1032032,109.0
1032032,52.0
1032048,35.0
1032064,79.0
1032144,45.0
1032176,42.0
1032192,46.0
1032464,26.0
1032512,30.0
1032528,42.0
1032576,80.0
1032592,26.0
1032704,32.0
1032704,63.0
1032720,46.0
1032768,44.0
1032816,58.0
1032832,50.0
1032928,25.0
1033024,55.0
1033088,71.0
1033120,111.0
1033264,93.0
1033328,31.0
1033424,165.0
1033488,49.0
1033520,31.0
1033536,48.0
1033552,46.0
1033632,73.0
1033632,65.0
1033760,66.0
1033776,53.0
1033792,23.0
1033808,45.0
1033824,78.0
1033856,46.0
1033936,89.0
1034000,28.0
1034016,81.0
1034224,60.0
1034272,28.0
1034288,60.0
1034368,53.0
1034432,26.0
1034448,37.0
1034448,60.0
1034480,34.0
1034528,62.0
1034608,61.0
1034624,52.0
1034752,61.0
1034784,35.0
1034864,54.0
1034896,29.0
1034992,74.0
1035008,35.0
1035072,39.0
1035104,84.0
1035104,92.0
1035184,41.0
1035200,58.0
1035200,45.0
1035344,28.0
1035344,35.0
1035440,51.0
1035456,28.0
1035472,45.0
1035488,39.0
1035728,90.0
1035776,27.0
1035792,89.0
1035872,42.0
1035872,48.0
1035872,42.0
1035904,45.0
1036000,87.0
1036096,40.0
1036128,41.0
1036160,45.0
1036208,30.0
1036208,71.0
1036368,64.0
1036496,39.0
1036512,24.0
1036528,89.0
1036544,40.0
1036576,49.0
1036688,51.0
1036720,22.0
1036720,108.0
1036736,54.0
1036736,40.0
1036848,53.0
1036880,69.0
1036896,24.0
1036896,88.0
1037040,52.0
1037248,25.0
1037280,25.0
1037296,45.0
1037328,38.0
1037344,41.0
1037360,51.0
1037408,55.0
1037408,78.0
1037488,47.0
1037552,84.0
1037552,41.0
1037568,33.0
1037696,61.0
1037760,22.0
1037776,65.0
1037808,20.0
1037856,60.0
1037920,39.0
1037936,33.0
1037952,38.0
1038000,94.0
1038112,21.0
1038128,36.0
1038240,55.0
1038256,35.0
1038256,58.0
1038368,38.0
1038400,70.0
1038416,30.0
1038576,41.0
1038608,50.0
1038640,43.0
1038656,68.0
1038656,50.0
1038704,29.0
1038752,40.0
1038800,50.0
1038848,37.0
1038864,46.0
1039024,41.0
1039040,39.0
1039088,27.0
1039104,97.0
1039184,58.0
1039232,27.0
1039280,127.0
1039312,57.0
1039424,24.0
1039440,36.0
1039504,47.0
1039536,60.0
1039616,57.0
1039664,63.0
1039680,65.0
1039696,24.0
1039744,29.0
1039760,36.0
1039776,47.0
1039776,42.0
1039824,24.0
1039840,77.0
1039872,23.0
1040096,54.0
1040144,66.0
1040160,24.0
1040192,28.0
1040272,25.0
1040288,42.0
1040336,40.0
1040352,42.0
1040400,61.0
1040432,48.0
1040432,99.0
1040528,48.0
1040592,47.0
1040608,67.0
1040688,33.0
1040848,35.0
1040864,27.0
1041040,44.0
1041072,55.0
1041136,62.0
1041152,50.0
1041216,38.0
1041248,53.0
1041296,75.0
1041360,42.0
1041376,49.0
1041392,33.0
1041456,102.0
1041488,60.0
1041600,114.0
1041648,32.0
1041664,51.0
1041760,32.0
1041776,26.0
1041888,51.0
1041888,91.0
1041888,18.0
1041904,43.0
1041984,38.0
1042064,36.0
1042080,20.0
1042176,119.0
1042192,46.0
1042208,51.0
1042240,68.0
1042256,23.0
1042256,60.0
1042272,39.0
1042304,79.0
1042400,26.0
1042432,33.0
1042432,48.0
1042512,28.0
1042528,22.0
1042576,43.0
1042720,28.0
1042768,21.0
1042816,58.0
1042880,39.0
1042896,43.0
1042896,40.0
1042944,44.0
1042976,49.0
1043040,60.0
1043056,80.0
1043072,34.0
1043088,43.0
1043120,38.0
1043264,60.0
1043424,28.0
1043488,34.0
1043504,49.0
1043504,27.0
1043536,69.0
1043552,41.0
1043568,43.0
1043648,37.0
1043744,58.0
1043744,39.0
1043760,54.0
1043808,77.0
1043824,66.0
1043856,51.0
1043872,28.0
1044032,59.0
1044112,29.0
1044144,40.0
1044144,40.0
1044176,38.0
1044192,58.0
1044208,45.0
1044336,37.0
1044400,33.0
1044496,42.0
1044528,49.0
1044560,23.0
1044576,65.0
1044592,46.0
1044624,51.0
1044640,55.0
1044752,45.0
1044768,76.0
1044800,39.0
1044832,43.0
1044944,46.0
1045024,57.0
1045024,43.0
1045088,33.0
1045184,49.0
1045216,40.0
1045264,46.0
1045344,36.0
1045456,44.0
1045456,27.0
1045472,61.0
1045488,54.0
1045552,45.0
1045712,70.0
1045728,32.0
1045824,74.0
1045840,65.0
1045840,22.0
1045856,37.0
1045952,25.0
1045952,113.0
1046016,35.0
1046160,67.0
1046192,63.0
1046272,50.0
1046288,52.0
1046320,23.0
1046352,63.0
1046352,83.0
1046368,26.0
1046400,35.0
1046512,49.0
1046528,42.0
1046704,54.0
1046784,60.0
1046816,39.0
1046848,28.0
1046864,44.0
1046880,33.0
1046944,58.0
1046944,36.0
1046960,78.0
1046976,127.0
1046992,40.0
1047152,54.0
1047248,46.0
1047376,27.0
1047392,70.0
1047424,56.0
1047440,70.0
1047472,43.0
1047488,39.0
1047504,32.0
1047536,43.0
1047632,30.0
1047696,45.0
1047728,64.0
1047840,56.0
1047856,38.0
1047872,23.0
1047984,38.0
1048016,39.0
1048016,36.0
1048080,38.0
1048080,24.0
1048128,82.0
1048208,78.0
1048224,84.0
1048288,41.0
1048320,37.0
1048416,36.0
1048432,56.0
1048448,36.0
1048480,39.0
1048592,69.0
1048640,35.0
1048704,39.0
1048720,32.0
1048736,45.0
1048784,41.0
1048944,45.0
1049008,43.0
1049040,64.0
1049088,104.0
1049088,41.0
1049152,46.0
1049168,45.0
1049232,31.0
1049248,41.0
1049328,24.0
1049504,95.0
1049504,50.0
1049536,24.0
1049536,33.0
1049536,56.0
1049616,24.0
1049632,24.0
1049664,31.0
1049712,62.0
1049824,46.0
1049904,54.0
1049904,51.0
1049968,93.0
1050000,107.0
1050016,22.0
1050176,34.0
1050208,37.0
1050240,44.0
1050320,51.0
1050336,50.0
1050336,39.0
1050368,25.0
1050432,58.0
1050496,73.0
1050544,63.0
1050576,42.0
1050592,48.0
1050704,120.0
1050720,32.0
1050720,45.0
1050736,52.0
1050784,28.0
1050784,48.0
1050912,37.0
1050928,24.0
1050960,24.0
1051104,24.0
1051120,59.0
1051248,51.0
1051280,49.0
1051312,25.0
1051312,33.0
1051312,59.0
1051328,62.0
1051440,46.0
1051440,30.0
1051536,51.0
1051648,66.0
1051680,56.0
1051792,43.0
1051808,55.0
1051904,37.0
1051936,51.0
1051984,46.0
1051984,42.0
1052016,80.0
1052032,44.0
1052064,114.0
1052144,15.0
1052160,55.0
1052256,51.0
1052320,63.0
1052384,44.0
1052400,37.0
1052416,27.0
1052448,41.0
1052448,63.0
1052480,21.0
1052592,21.0
1052656,40.0
1052720,43.0
1052736,68.0
1052800,30.0
1052832,48.0
1052848,54.0
1052880,45.0
1052976,90.0
1052992,38.0
1053040,37.0
1053152,47.0
1053200,45.0
1053200,47.0
1053200,23.0
1053200,29.0
1053248,82.0
1053296,55.0
1053376,41.0
1053408,26.0
1053536,55.0
1053568,33.0
1053568,48.0
1053600,25.0
1053712,32.0
1053808,76.0
1053824,61.0
1053840,40.0
1053872,62.0
1053952,47.0
1054032,29.0
1054128,52.0
1054176,50.0
1054192,59.0
1054240,42.0
1054240,68.0
1054256,80.0
1054336,39.0
1054368,52.0
1054432,30.0
1054448,65.0
1054512,40.0
1054528,45.0
1054576,25.0
1054640,51.0
1054656,39.0
1054672,27.0
1054704,23.0
1054704,69.0
1054784,59.0
1054800,42.0
1054816,28.0
1054880,39.0
1054896,44.0
1054944,32.0
1055136,38.0
1055216,44.0
1055232,33.0
1055344,56.0
1055344,33.0
1055424,74.0
1055440,54.0
1055440,46.0
1055488,37.0
1055504,39.0
1055552,13.0
1055552,56.0
1055600,29.0
1055632,25.0
1055648,54.0
1055664,64.0
1055728,58.0
1055744,50.0
1055776,69.0
1055904,26.0
1056048,39.0
1056160,32.0
1056240,46.0
1056320,55.0
1056336,44.0
1056336,37.0
1056352,50.0
1056384,38.0
1056384,45.0
1056416,61.0
1056496,48.0
1056496,56.0
1056528,39.0
1056592,78.0
1056688,71.0
1056720,30.0
1056720,25.0
1056800,29.0
1056928,107.0
1056992,52.0
1057056,63.0
1057104,24.0
1057104,48.0
1057152,46.0
1057184,43.0
1057200,42.0
1057216,52.0
1057296,44.0
1057344,26.0
1057392,42.0
1057408,57.0
1057440,40.0
1057520,73.0
1057552,54.0
1057552,28.0
1057632,40.0
1057712,26.0
1057760,26.0
1057840,46.0
1057872,45.0
1057984,58.0
1058032,40.0
1058032,25.0
1058064,39.0
1058080,54.0
1058160,38.0
1058176,62.0
1058192,62.0
1058336,49.0
1058368,24.0
1058368,31.0
1058496,61.0
1058512,28.0
1058528,21.0
1058640,50.0
1058688,80.0
1058720,22.0
1058752,37.0
1058768,46.0
1058784,17.0
1058832,153.0
1058864,52.0
1058864,31.0
1058880,44.0
1058880,15.0
1058880,73.0
1058896,51.0
1059024,31.0
1059072,82.0
1059216,24.0
1059216,33.0
1059232,46.0
1059248,24.0
1059312,37.0
1059392,39.0
1059472,37.0
1059488,46.0
1059568,34.0
1059632,81.0
1059696,51.0
1059712,29.0
1059744,42.0
1059776,57.0
1059776,34.0
1059792,63.0
1059872,62.0
1059888,62.0
1059920,44.0
1059984,31.0
1059984,48.0
1060176,27.0
1060176,34.0
1060208,56.0
1060208,51.0
1060224,28.0
1060240,20.0
1060336,48.0
1060368,56.0
1060400,44.0
1060448,29.0
1060560,24.0
1060640,47.0
1060656,59.0
1060672,43.0
1060864,43.0
1060944,24.0
1060960,68.0
1060992,41.0
1061008,50.0
1061056,52.0
1061104,29.0
1061136,85.0
1061344,30.0
1061360,57.0
1061360,98.0
1061408,63.0
1061408,22.0
1061536,27.0
1061536,37.0
1061568,38.0
1061568,85.0
1061632,61.0
1061648,32.0
1061680,82.0
1061696,91.0
1061760,26.0
1061824,29.0
1061824,29.0
1061856,74.0
1061872,29.0
1061936,59.0
1062080,28.0
1062080,34.0
1062096,33.0
1062144,28.0
1062192,41.0
1062240,52.0
1062288,45.0
1062432,47.0
1062496,39.0
1062512,23.0
1062624,50.0
1062640,62.0
1062736,55.0
1062800,32.0
1062992,35.0
1063008,67.0
1063008,32.0
1063040,80.0
1063168,61.0
1063264,141.0
1063296,49.0
1063328,44.0
1063344,78.0
1063360,45.0
1063376,24.0
1063536,107.0
1063696,43.0
1063712,92.0
1063728,62.0
1063776,38.0
1063792,28.0
1063872,112.0
1063888,53.0
1063888,39.0
1063888,68.0
1063920,35.0
1064064,43.0
1064096,35.0
1064176,53.0
1064192,74.0
1064224,134.0
1064256,30.0
1064272,24.0
1064352,66.0
1064464,42.0
1064480,48.0
1064560,42.0
1064560,42.0
1064592,56.0
1064624,27.0
1064624,44.0
1064656,37.0
1064704,52.0
1064704,38.0
1064736,63.0
1064928,21.0
1064992,51.0
1065024,34.0
1065024,47.0
1065072,28.0
1065072,53.0
1065152,50.0
1065216,32.0
1065440,32.0
1065504,48.0
1065536,29.0
1065632,40.0
1065632,58.0
1065648,36.0
1065664,88.0
1065664,40.0
1065680,70.0
1065744,45.0
1065904,25.0
1066000,53.0
1066016,36.0
1066064,25.0
1066096,90.0
1066144,95.0
1066192,102.0
1066224,110.0
1066384,53.0
1066464,45.0
1066464,78.0
1066496,54.0
1066496,53.0
1066592,36.0
1066640,60.0
1066656,47.0
1066784,37.0
1066848,53.0
1066864,48.0
1066912,20.0
1066928,79.0
1066944,55.0
1066960,83.0
1067008,39.0
1067040,36.0
1067152,23.0
1067168,44.0
1067184,43.0
1067232,37.0
1067248,47.0
1067280,66.0
1067440,36.0
1067488,35.0
1067536,43.0
1067600,59.0
1067600,35.0
1067632,39.0
1067712,50.0
1067712,29.0
1067712,98.0
1067744,37.0
1067840,19.0
1067872,57.0
1067904,39.0
1067904,42.0
1068000,66.0
1068048,35.0
1068080,23.0
1068096,41.0
1068272,23.0
1068272,68.0
1068320,36.0
1068336,39.0
1068368,33.0
1068400,48.0
1068496,26.0
1068576,36.0
1068640,92.0
1068640,58.0
1068672,48.0
1068720,70.0
1068784,28.0
1068848,78.0
1068976,69.0
1068992,17.0
1069056,60.0
1069072,47.0
1069072,64.0
1069088,51.0
1069152,49.0
1069216,59.0
1069264,39.0
1069296,45.0
1069360,24.0
1069424,27.0
1069584,74.0
1069648,72.0
1069648,31.0
1069680,29.0
1069696,53.0
1069712,40.0
1069760,68.0
1069968,74.0
1069984,39.0
1069984,56.0
1070032,60.0
1070032,87.0
1070112,51.0
1070160,56.0
1070208,33.0
1070208,31.0
1070208,35.0
1070240,37.0
1070288,37.0
1070352,48.0
1070384,39.0
1070416,27.0
1070528,69.0
1070544,93.0
1070688,41.0
1070736,36.0
1070816,36.0
1070832,26.0
1070832,50.0
1070912,50.0
1070928,34.0
1070928,60.0
1071040,47.0
1071056,53.0
1071104,56.0
1071120,71.0
1071152,38.0
1071344,41.0
1071376,28.0
1071472,34.0
1071488,36.0
1071600,35.0
1071616,88.0
1071696,55.0
1071760,88.0
1071808,80.0
1071920,34.0
1071920,51.0
1071936,55.0
1071936,28.0
1072032,14.0
1072048,56.0
1072144,64.0
1072144,88.0
1072192,37.0
1072224,38.0
1072240,30.0
1072384,65.0
1072400,22.0
1072480,35.0
1072496,104.0
1072512,51.0
1072544,39.0
1072608,26.0
1072704,29.0
1072704,117.0
1072736,44.0
1072816,42.0
1072816,55.0
1072880,88.0
1072912,23.0
1073024,68.0
1073040,51.0
1073040,35.0
1073056,57.0
1073056,28.0
1073120,39.0
1073136,27.0
1073136,39.0
1073152,28.0
1073296,26.0
1073360,60.0
1073456,40.0
1073472,46.0
1073536,25.0
1073632,78.0
1073648,38.0
1073744,43.0
1073744,52.0
1073888,37.0
1073904,53.0
1073920,56.0
1073952,57.0
1074032,56.0
1074112,62.0
1074128,37.0
1074144,25.0
1074176,45.0
1074176,85.0
1074288,51.0
1074320,73.0
1074400,65.0
1074416,33.0
1074496,47.0
1074672,47.0
1074816,31.0
1074848,46.0
1074848,75.0
1074864,43.0
1074944,62.0
1074960,66.0
1074976,30.0
1074976,84.0
1075056,40.0
1075152,47.0
1075152,61.0
1075296,28.0
1075312,73.0
1075376,44.0
1075376,26.0
1075440,37.0
1075440,31.0
1075648,49.0
1075648,42.0
1075728,18.0
1075744,91.0
1075760,102.0
1075808,111.0
1075888,57.0
1075920,34.0
1076016,45.0
1076048,46.0
1076048,38.0
1076112,81.0
1076192,65.0
1076256,38.0
1076480,45.0
1076480,27.0
1076560,28.0
1076576,89.0
1076624,98.0
1076640,37.0
1076768,87.0
1076848,58.0
1076976,60.0
1076992,84.0
1076992,50.0
1077120,35.0
1077264,95.0
1077280,50.0
1077296,88.0
1077312,43.0
1077312,34.0
1077328,43.0
1077344,101.0
1077376,98.0
1077424,73.0
1077440,29.0
1077456,38.0
1077616,39.0
1077616,71.0
1077664,24.0
1077664,25.0
1077680,69.0
1077728,24.0
1077760,28.0
1077792,42.0
1077888,14.0
1077904,29.0
1078096,50.0
1078160,46.0
1078208,37.0
1078224,57.0
1078240,35.0
1078400,67.0
1078528,54.0
1078528,48.0
1078608,72.0
1078704,19.0
1078704,57.0
1078720,84.0
1078768,54.0
1078800,37.0
1078864,61.0
1078896,42.0
1078960,50.0
1078976,78.0
1079104,93.0
1079136,23.0
1079152,66.0
1079152,135.0
1079184,24.0
1079344,51.0
1079408,27.0
1079440,46.0
1079472,59.0
1079536,25.0
1079536,24.0
1079552,52.0
1079568,44.0
1079648,34.0
1079680,67.0
1079776,51.0
1079792,68.0
1079952,24.0
1079984,50.0
1080016,29.0
1080064,41.0
1080144,44.0
1080192,41.0
1080256,85.0
1080288,128.0
1080288,40.0
1080336,34.0
1080352,51.0
1080400,45.0
1080480,83.0
1080608,71.0
1080624,80.0
1080624,38.0
1080736,47.0
1080736,34.0
1080800,32.0
1080848,37.0
1080880,58.0
1080912,39.0
1080992,40.0
1081072,37.0
1081072,58.0
1081104,48.0
1081280,23.0
1081312,43.0
1081344,46.0
1081392,41.0
1081408,63.0
1081440,104.0
1081472,39.0
1081504,27.0
1081552,93.0
1081552,47.0
1081584,53.0
1081664,42.0
1081744,21.0
1081744,25.0
1081808,26.0
1081872,62.0
1081936,41.0
1081952,25.0
1081968,56.0
1082032,45.0
1082048,19.0
1082064,30.0
1082096,92.0
1082096,37.0
1082208,46.0
1082224,26.0
1082480,27.0
1082496,34.0
1082512,53.0
1082528,68.0
1082592,93.0
1082640,38.0
1082720,39.0
1082768,42.0
1082800,54.0
1082864,82.0
1082864,62.0
1082912,44.0
1082912,26.0
1082912,43.0
1083136,87.0
1083216,72.0
1083232,37.0
1083232,40.0
1083248,21.0
1083248,45.0
1083280,82.0
1083280,50.0
1083344,52.0
1083344,27.0
1083392,37.0
1083408,43.0
1083520,47.0
1083552,43.0
1083600,43.0
1083600,46.0
1083648,23.0
1083696,29.0
1083824,38.0
1083888,40.0
1083904,39.0
1083952,44.0
1084048,40.0
1084144,50.0
1084144,63.0
1084224,62.0
1084304,41.0
1084336,46.0
1084368,61.0
1084480,55.0
1084480,60.0
1084512,73.0
1084512,35.0
1084544,41.0
1084592,43.0
1084608,35.0
1084640,31.0
1084672,28.0
1084704,23.0
1084720,36.0
1084736,74.0
1084800,61.0
1084896,33.0
1085104,88.0
1085216,30.0
1085216,46.0
1085248,46.0
1085248,38.0
1085312,48.0
1085360,35.0
1085408,51.0
1085440,71.0
1085536,51.0
1085536,40.0
1085648,59.0
1085648,65.0
1085664,62.0
1085744,77.0
1085776,42.0
1085808,83.0
1085856,26.0
1085920,24.0
1085936,43.0
1085952,13.0
1086096,43.0
1086112,56.0
1086128,55.0
1086176,54.0
1086224,26.0
1086240,37.0
1086304,68.0
1086384,45.0
1086400,34.0
1086416,55.0
1086448,50.0
1086528,26.0
1086544,26.0
1086560,75.0
1086720,30.0
1086736,32.0
1086736,13.0
1086848,47.0
1087008,37.0
1087008,28.0
1087040,54.0
1087072,39.0
1087104,50.0
1087152,75.0
1087152,77.0
1087200,51.0
1087216,31.0
1087216,90.0
1087280,55.0
1087360,89.0
1087552,25.0
1087552,51.0
1087664,70.0
1087696,53.0
1087856,47.0
1087888,55.0
1087920,57.0
1087968,43.0
1088000,50.0
1088016,50.0
1088096,34.0
1088128,66.0
1088128,48.0
1088176,64.0
1088208,73.0
1088256,95.0
1088384,43.0
1088464,38.0
1088496,80.0
1088608,30.0
1088640,32.0
1088640,42.0
1088672,63.0
1088752,52.0
1088768,55.0
1088768,76.0
1088816,45.0
1088832,39.0
1088896,25.0
1088944,43.0
1089024,63.0
1089248,30.0
1089264,41.0
1089312,58.0
1089408,32.0
1089472,28.0
1089488,82.0
1089488,53.0
1089520,47.0
1089520,36.0
1089600,60.0
1089632,60.0
1089680,53.0
1089776,111.0
1089824,19.0
1089840,22.0
1089888,25.0
1090096,43.0
1090112,54.0
1090288,43.0
1090336,41.0
1090336,64.0
1090384,54.0
1090400,71.0
1090448,61.0
1090464,22.0
1090512,55.0
1090512,46.0
1090544,108.0
1090560,113.0
1090576,43.0
1090656,35.0
1090768,30.0
1090768,20.0
1090816,61.0
1090976,37.0
1091008,29.0
1091024,43.0
1091072,78.0
1091136,30.0
1091136,50.0
1091136,39.0
1091200,171.0
1091216,40.0
1091232,52.0
1091248,46.0
1091328,48.0
1091360,37.0
1091408,40.0
1091472,63.0
1091488,26.0
1091520,24.0
1091712,56.0
1091728,44.0
1091744,38.0
1091760,47.0
1091760,39.0
1091792,29.0
1091840,54.0
1091904,41.0
1091936,36.0
1092016,38.0
1092032,51.0
1092080,55.0
1092096,23.0
1092208,45.0
1092320,68.0
1092320,33.0
1092336,54.0
1092400,55.0
1092400,40.0
1092432,37.0
1092432,45.0
1092432,42.0
1092624,38.0
1092672,21.0
1092768,42.0
1092784,53.0
1092800,56.0
1092928,31.0
1093008,36.0
1093136,46.0
1093184,32.0
1093184,69.0
1093200,55.0
1093200,36.0
1093216,74.0
1093232,50.0
1093248,53.0
1093248,29.0
1093296,33.0
1093328,70.0
1093472,42.0
1093504,74.0
1093568,114.0
1093584,25.0
1093648,29.0
1093776,40.0
1093856,58.0
1093952,59.0
1093968,29.0
1093984,46.0
1093984,46.0
1094048,52.0
1094096,50.0
1094112,34.0
1094144,35.0
1094208,35.0
1094288,66.0
1094288,51.0
1094304,28.0
1094320,21.0
1094336,23.0
1094384,38.0
1094480,80.0
1094496,34.0
1094512,74.0
1094608,88.0
1094736,37.0
1094736,47.0
1094768,41.0
1094784,31.0
1094896,25.0
1094944,40.0
1095104,48.0
1095104,45.0
1095152,59.0
1095168,55.0
1095216,73.0
1095216,44.0
1095216,38.0
1095296,75.0
1095312,36.0
1095328,27.0
1095392,41.0
1095472,72.0
1095648,55.0
1095712,34.0
1095744,33.0
1095776,42.0
1095792,36.0
1095824,33.0
1095952,30.0
1095984,37.0
1096000,53.0
1096064,70.0
1096080,54.0
1096128,30.0
1096160,26.0
1096176,87.0
1096240,110.0
1096416,82.0
1096512,74.0
1096528,23.0
1096576,21.0
1096640,53.0
1096688,39.0
1096688,54.0
1096816,51.0
1096880,98.0
1096976,56.0
1096976,64.0
1097024,31.0
1097024,21.0
1097152,73.0
1097152,40.0
1097232,95.0
1097248,35.0
1097296,73.0
1097296,41.0
1097360,59.0
1097440,54.0
1097456,80.0
1097568,34.0
1097696,45.0
1097824,42.0
1097856,52.0
1097872,56.0
1097920,39.0
1097952,67.0
1098048,51.0
1098176,46.0
1098208,152.0
1098240,68.0
1098304,53.0
1098352,49.0
1098352,41.0
1098384,68.0
1098400,33.0
1098496,71.0
1098544,45.0
1098592,40.0
1098656,50.0
1098688,40.0
1098784,34.0
1098816,38.0
1098848,31.0
1098928,34.0
1098944,40.0
1098992,51.0
1099008,38.0
1099024,138.0
1099056,44.0
1099088,115.0
1099376,28.0
1099392,92.0
1099392,56.0
1099440,39.0
1099440,27.0
1099536,47.0
1099584,65.0
1099600,63.0
1099648,41.0
1099712,39.0
1099712,64.0
1099824,24.0
1099856,52.0
1099936,80.0
1099952,69.0
1099968,36.0
1099984,38.0
1099984,37.0
1100224,73.0
1100224,32.0
1100272,46.0
1100288,84.0
1100288,44.0
1100336,39.0
1100448,53.0
1100448,29.0
1100496,53.0
1100544,43.0
1100576,18.0
1100608,73.0
1100672,43.0
1100752,51.0
1100768,12.0
1100848,25.0
1100880,58.0
1100896,35.0
1100896,39.0
1100928,69.0
1101072,36.0
1101184,60.0
1101216,42.0
1101216,62.0
1101264,81.0
1101280,62.0
1101328,45.0
1101424,47.0
1101520,42.0
1101552,23.0
1101600,44.0
1101616,46.0
1101680,58.0
1101712,79.0
1101808,37.0
1101824,58.0
1101840,39.0
1101920,62.0
1102096,26.0
1102112,25.0
1102160,87.0
1102192,58.0
1102304,31.0
1102336,79.0
1102352,64.0
1102352,58.0
1102384,69.0
1102432,38.0
1102480,40.0
1102576,41.0
1102752,72.0
1102816,32.0
1102816,39.0
1102848,47.0
1102848,31.0
1102864,30.0
1102912,85.0
1102928,28.0
1102960,50.0
1103008,56.0
1103040,95.0
1103152,25.0
1103280,58.0
1103360,34.0
1103392,111.0
1103424,38.0
1103504,58.0
1103568,41.0
1103584,41.0
1103584,78.0
1103616,47.0
1103648,43.0
1103712,54.0
1103808,48.0
1103824,25.0
1103840,16.0
1103920,67.0
1103936,94.0
1103952,59.0
1104016,39.0
1104080,16.0
1104128,53.0
1104240,41.0
1104320,73.0
1104320,38.0
1104352,34.0
1104432,51.0
1104448,27.0
1104480,52.0
1104496,36.0
1104560,75.0
1104624,42.0
1104656,45.0
1104672,73.0
1104704,36.0
1104768,75.0
1104832,32.0
1104912,52.0
1105056,46.0
1105104,25.0
1105136,56.0
1105152,50.0
1105184,32.0
1105264,52.0
1105280,52.0
1105328,52.0
1105408,47.0
1105488,54.0
1105488,103.0
1105504,59.0
1105536,25.0
1105552,67.0
1105696,58.0
1105696,27.0
1105760,36.0
1105824,62.0
1105920,24.0
1106016,60.0
1106048,35.0
1106048,35.0
1106128,50.0
1106176,39.0
1106224,59.0
1106224,25.0
1106224,33.0
1106240,83.0
1106304,50.0
1106384,80.0
1106432,80.0
1106464,44.0
1106560,40.0
1106608,37.0
1106736,35.0
1106784,86.0
1106800,36.0
1106800,69.0
1106816,27.0
1106880,52.0
1106896,41.0
1106992,33.0
1107008,55.0
1107040,51.0
1107152,22.0
1107152,58.0
1107168,46.0
1107232,31.0
1107376,83.0
1107408,38.0
1107520,76.0
1107568,42.0
1107680,70.0
1107728,46.0
1107744,21.0
1107760,72.0
1107776,34.0
1107808,58.0
1107872,68.0
1107904,47.0
1107968,51.0
1108048,23.0
1108080,57.0
1108080,65.0
1108096,68.0
1108112,37.0
1108208,52.0
1108240,23.0
1108288,45.0
1108368,38.0
1108416,42.0
1108512,27.0
1108528,35.0
1108528,39.0
1108544,48.0
1108656,53.0
1108720,62.0
1108736,40.0
1108896,23.0
1108960,47.0
1108960,45.0
1108976,56.0
1108992,36.0
1108992,55.0
1109216,150.0
1109280,39.0
1109296,58.0
1109328,27.0
1109344,52.0
1109360,51.0
1109472,89.0
1109488,48.0
1109504,34.0
1109520,62.0
1109552,37.0
1109584,53.0
1109632,41.0
1109648,27.0
1109888,100.0
1109888,24.0
1109936,59.0
1109952,42.0
1110016,31.0
1110032,25.0
1110048,44.0
1110160,43.0
1110160,36.0
1110176,51.0
1110256,79.0
1110288,62.0
1110368,45.0
1110416,24.0
1110496,38.0
1110544,76.0
1110592,27.0
1110720,42.0
1110768,37.0
1110768,51.0
1110784,26.0
1110816,83.0
1110832,26.0
1110864,53.0
1110864,58.0
1110976,43.0
1111072,51.0
1111088,31.0
1111104,59.0
1111120,36.0
1111136,23.0
1111136,78.0
1111216,104.0
1111232,23.0
1111248,47.0
1111392,35.0
1111488,44.0
1111520,41.0
1111520,34.0
1111552,26.0
1111712,38.0
1111776,34.0
1111808,37.0
1111888,23.0
1111920,53.0
1111968,72.0
1111968,53.0
1112032,82.0
1112032,59.0
1112048,50.0
1112096,34.0
1112176,41.0
1112176,88.0
1112288,36.0
1112352,76.0
1112368,55.0
1112368,37.0
1112416,33.0
1112512,30.0
1112592,42.0
1112608,40.0
1112624,77.0
1112624,37.0
1112640,37.0
1112640,42.0
1112832,46.0
1112896,38.0
1112912,35.0
1112992,23.0
1112992,39.0
1113040,25.0
1113040,77.0
1113056,55.0
1113104,46.0
1113152,32.0
1113360,74.0
1113376,30.0
1113376,54.0
1113376,60.0
1113456,53.0
1113600,38.0
1113632,65.0
1113680,53.0
1113712,45.0
1113712,68.0
1113744,52.0
1113776,39.0
1113904,33.0
1113936,52.0
1113968,37.0
1114000,60.0
1114016,40.0
1114144,27.0
1114176,29.0
1114208,73.0
1114208,72.0
1114240,49.0
1114288,41.0
1114384,30.0
1114480,70.0
1114544,23.0
1114576,36.0
1114656,61.0
1114672,56.0
1114704,60.0
1114720,30.0
1114720,32.0
1114752,51.0
1114768,47.0
1114800,37.0
1114816,42.0
1114864,56.0
1115072,37.0
1115088,44.0
1115136,96.0
1115168,25.0
1115184,40.0
1115296,45.0
1115360,34.0
1115408,47.0
1115424,42.0
1115472,74.0
1115504,49.0
1115504,44.0
1115584,55.0
1115664,50.0
1115792,67.0
1115808,45.0
1115824,72.0
1115840,26.0
1115872,50.0
1115968,50.0
1115984,50.0
1116016,38.0
1116032,35.0
1116096,50.0
1116128,62.0
1116192,23.0
1116288,30.0
1116416,57.0
1116432,37.0
1116480,70.0
1116528,64.0
1116656,62.0
1116688,13.0
1116688,56.0
1116720,53.0
1116752,49.0
1116752,45.0
1116832,34.0
1116832,26.0
1116880,43.0
1117008,36.0
1117056,33.0
1117088,27.0
1117184,100.0
1117216,75.0
1117280,37.0
1117296,82.0
1117424,81.0
1117520,29.0
1117520,48.0
1117616,58.0
1117664,57.0
1117680,99.0
1117760,58.0
1117840,26.0
1117840,41.0
1117856,71.0
1117872,65.0
1117872,41.0
1117888,50.0
1117904,56.0
1118016,71.0
1118080,49.0
1118176,41.0
1118240,45.0
1118272,37.0
1118352,37.0
1118352,29.0
1118352,46.0
1118400,20.0
1118464,39.0
1118528,41.0
1118592,82.0
1118624,14.0
1118672,50.0
1118768,37.0
1118864,60.0
1118864,75.0
1118880,38.0
1118880,65.0
1118912,35.0
1118992,40.0
1119216,61.0
1119232,76.0
1119424,34.0
1119440,53.0
1119456,69.0
1119488,45.0
1119520,41.0
1119520,62.0
1119552,68.0
1119584,37.0
1119648,48.0
1119712,30.0
1119712,53.0
1119760,53.0
1119792,70.0
1119856,40.0
1119856,125.0
1119888,29.0
1119952,83.0
1120112,37.0
1120208,47.0
1120224,42.0
1120368,53.0
1120432,36.0
1120448,37.0
1120464,47.0
1120464,64.0
1120496,49.0
1120512,54.0
1120592,69.0
1120656,67.0
1120656,54.0
1120768,63.0
1120848,56.0
1120880,42.0
1120912,28.0
1120944,52.0
1120960,33.0
1121024,71.0
1121040,36.0
1121040,28.0
1121072,36.0
1121088,36.0
1121168,50.0
1121280,27.0
1121344,24.0
1121424,75.0
1121520,38.0
1121584,58.0
1121680,40.0
1121728,24.0
1121792,44.0
1121792,39.0
1121792,45.0
1121808,49.0
1121904,71.0
1121920,15.0
1122016,71.0
1122112,73.0
1122128,68.0
1122128,105.0
1122128,53.0
1122160,40.0
1122192,24.0
1122192,48.0
1122304,103.0
1122384,41.0
1122448,41.0
1122528,39.0
1122528,25.0
1122544,27.0
1122640,66.0
1122688,56.0
1122736,34.0
1122784,41.0
1122784,54.0
1122880,54.0
1122912,45.0
1123024,54.0
1123024,40.0
1123088,81.0
1123120,51.0
1123152,64.0
1123312,49.0
1123456,45.0
1123472,58.0
1123520,46.0
1123568,30.0
1123584,29.0
1123648,21.0
1123648,54.0
1123664,61.0
1123696,42.0
1123696,66.0
1123760,38.0
1123792,55.0
1123888,90.0
1123952,58.0
1124112,29.0
1124112,40.0
1124160,29.0
1124176,45.0
1124176,32.0
1124320,112.0
1124352,44.0
1124384,94.0
1124400,44.0
1124480,45.0
1124480,43.0
1124496,34.0
1124512,39.0
1124672,69.0
1124672,22.0
1124688,69.0
1124704,37.0
1124800,80.0
1124832,42.0
1124864,22.0
1124896,32.0
1124896,49.0
1124944,48.0
1125056,55.0
1125072,24.0
1125104,44.0
1125184,44.0
1125264,48.0
1125264,35.0
1125280,38.0
1125376,56.0
1125488,37.0
1125520,26.0
1125520,43.0
1125536,54.0
1125632,23.0
1125664,45.0
1125728,86.0
1125744,42.0
1125744,53.0
1125840,61.0
1125936,42.0
1125968,28.0
1125968,73.0
1125984,58.0
1126064,55.0
1126112,37.0
1126176,56.0
1126192,13.0
1126240,47.0
1126400,46.0
1126416,42.0
1126416,49.0
1126464,58.0
1126480,46.0
1126480,69.0
1126560,28.0
1126688,28.0
1126720,33.0
1126752,49.0
1126784,53.0
1126816,68.0
1126832,23.0
1126864,56.0
1126896,66.0
1126912,27.0
1127008,59.0
1127136,46.0
1127152,27.0
1127200,40.0
1127312,35.0
1127312,39.0
1127328,72.0
1127344,33.0
1127360,59.0
1127424,35.0
1127520,69.0
1127520,39.0
1127680,48.0
1127712,36.0
1127728,45.0
1127792,63.0
1127824,84.0
1127904,37.0
1127968,40.0
1127968,38.0
1127984,35.0
1128016,51.0
1128096,24.0
1128096,79.0
1128128,38.0
1128160,63.0
1128320,37.0
1128448,30.0
1128464,35.0
1128480,41.0
1128496,61.0
1128496,44.0
1128496,72.0
1128512,75.0
1128528,34.0
1128544,54.0
1128816,43.0
1128832,24.0
1128864,21.0
1128864,48.0
1128912,51.0
1128928,57.0
1129072,35.0
1129120,40.0
1129168,42.0
1129184,45.0
1129296,50.0
1129376,52.0
1129408,57.0
1129616,43.0
1129648,49.0
1129664,50.0
1129696,39.0
1129808,103.0
1129904,49.0
1129936,69.0
1129936,70.0
1130080,26.0
1130112,134.0
1130128,59.0
1130192,56.0
1130192,64.0
1130224,82.0
1130288,40.0
1130304,124.0
1130400,62.0
1130416,50.0
1130432,13.0
1130480,36.0
1130512,51.0
1130560,74.0
1130608,50.0
1130608,26.0
1130704,37.0
1130704,25.0
1130736,38.0
1130800,45.0
1130848,57.0
1130896,60.0
1130912,27.0
1130960,48.0
1131024,39.0
1131152,37.0
1131216,32.0
1131248,40.0
1131328,39.0
1131344,66.0
1131376,48.0
1131392,41.0
1131440,34.0
1131552,70.0
1131552,40.0
1131600,40.0
1131616,37.0
1131664,72.0
1131712,54.0
1131744,83.0
1131776,24.0
1131792,29.0
1131824,38.0
1131856,38.0
1131920,70.0
1131968,39.0
1132240,36.0
1132240,68.0
1132240,26.0
1132240,33.0
1132272,42.0
1132288,57.0
1132288,42.0
1132352,50.0
1132368,25.0
1132384,33.0
1132384,40.0
1132560,70.0
1132608,23.0
1132640,25.0
1132704,49.0
1132768,26.0
1132800,35.0
1132928,86.0
1132992,24.0
1132992,47.0
1133008,40.0
1133056,79.0
1133072,43.0
1133152,48.0
1133200,35.0
1133328,65.0
1133392,101.0
1133424,72.0
1133456,41.0
1133472,48.0
1133552,35.0
1133584,24.0
1133584,37.0
1133632,84.0
1133664,69.0
1133744,51.0
1133760,38.0
1133792,46.0
1133824,27.0
1133856,33.0
1133888,51.0
1133920,72.0
1133968,34.0
1134112,12.0
1134144,35.0
1134176,39.0
1134208,36.0
1134224,29.0
1134224,23.0
1134240,48.0
1134272,79.0
1134272,28.0
1134400,38.0
1134464,55.0
1134496,65.0
1134544,50.0
1134640,23.0
1134640,61.0
1134656,28.0
1134672,44.0
1134768,39.0
1134784,42.0
1134944,44.0
1134976,50.0
1135024,50.0
1135024,50.0
1135040,25.0
1135056,17.0
1135088,37.0
1135216,28.0
1135264,39.0
1135312,40.0
1135344,67.0
1135408,59.0
1135440,26.0
1135520,70.0
1135696,30.0
1135712,39.0
1135824,50.0
1135856,123.0
1135888,52.0
1135888,59.0
1135904,54.0
1135920,36.0
1135952,40.0
1135968,62.0
1135984,83.0
1136160,45.0
1136192,42.0
1136368,114.0
1136384,61.0
1136416,31.0
1136480,39.0
1136496,49.0
1136608,39.0
1136672,88.0
1136704,47.0
1136704,63.0
1136736,48.0
1136800,56.0
1136864,61.0
1136864,65.0
1136960,30.0
1137024,26.0
1137056,35.0
1137104,25.0
1137184,28.0
1137200,63.0
1137232,67.0
1137344,40.0
1137360,31.0
1137376,44.0
1137392,37.0
1137408,95.0
1137472,66.0
1137632,78.0
1137648,49.0
1137664,29.0
1137728,48.0
1137760,26.0
1137952,34.0
1138032,42.0
1138048,41.0
1138096,65.0
1138128,64.0
1138128,59.0
1138288,51.0
1138288,57.0
1138352,124.0
1138416,49.0
1138448,45.0
1138544,56.0
1138560,83.0
1138576,57.0
1138624,42.0
1138672,57.0
1138720,27.0
1138800,111.0
1138944,51.0
1138960,42.0
1139024,62.0
1139056,38.0
1139056,40.0
1139072,64.0
1139072,61.0
1139088,33.0
1139120,34.0
1139200,67.0
1139232,55.0
1139248,39.0
1139360,40.0
1139520,20.0
1139568,56.0
1139632,42.0
1139696,39.0
1139696,40.0
1139696,36.0
1139728,44.0
1139840,81.0
1139856,39.0
1139872,49.0
1139888,51.0
1140016,60.0
1140096,25.0
1140096,46.0
1140144,84.0
1140208,40.0
1140224,31.0
1140224,44.0
1140240,81.0
1140256,23.0
1140288,37.0
1140384,43.0
1140496,39.0
1140512,41.0
1140544,81.0
1140688,27.0
1140704,38.0
1140720,68.0
1140752,46.0
1140800,36.0
1140832,62.0
1140848,47.0
1140912,48.0
1141024,51.0
1141072,35.0
1141120,55.0
1141168,29.0
1141264,65.0
1141264,26.0
1141328,49.0
1141360,40.0
1141392,63.0
1141440,33.0
1141488,62.0
1141600,82.0
1141648,33.0
1141728,35.0
1141840,25.0
1141904,40.0
1141936,34.0
1141936,69.0
1141952,79.0
1142000,78.0
1142048,43.0
1142256,41.0
1142304,94.0
1142320,37.0
1142384,34.0
1142400,67.0
1142480,91.0
1142496,77.0
1142608,70.0
1142624,42.0
1142656,41.0
1142736,104.0
1142768,23.0
1142848,29.0
1142944,65.0
1143008,24.0
1143056,28.0
1143184,58.0
1143184,78.0
1143200,45.0
1143232,46.0
1143248,59.0
1143376,40.0
1143408,68.0
1143408,22.0
1143408,40.0
1143456,38.0
1143488,18.0
1143520,117.0
1143600,41.0
1143728,31.0
1143760,36.0
1143776,70.0
1143872,39.0
1143888,30.0
1143904,19.0
1143952,36.0
1143968,49.0
1144096,128.0
1144128,42.0
1144128,45.0
1144192,42.0
1144208,142.0
1144256,31.0
1144288,24.0
1144336,38.0
1144352,84.0
1144464,31.0
1144544,71.0
1144544,26.0
1144624,53.0
1144656,28.0
1144688,75.0
1144688,37.0
1144736,38.0
1144736,12.0
1144784,57.0
1144800,38.0
1144832,23.0
1144864,36.0
1144864,61.0
1144880,58.0
1145088,46.0
1145152,29.0
1145312,28.0
1145360,39.0
1145392,44.0
1145440,74.0
1145504,48.0
1145520,45.0
1145536,44.0
1145536,42.0
1145616,80.0
1145680,66.0
1145808,79.0
1145984,34.0
1145984,83.0
1146000,24.0
1146016,58.0
1146048,34.0
1146096,36.0
1146160,63.0
1146176,81.0
1146176,87.0
1146208,42.0
1146256,36.0
1146352,62.0
1146576,36.0
1146592,75.0
1146608,81.0
1146656,42.0
1146704,56.0
1146704,41.0
1146752,46.0
1146800,37.0
1146800,28.0
1146848,37.0
1146848,42.0
1147008,22.0
1147024,65.0
1147200,64.0
1147216,70.0
1147232,67.0
1147280,43.0
1147296,45.0
1147504,50.0
1147552,53.0
1147584,128.0
1147600,53.0
1147632,49.0
1147648,23.0
1147664,41.0
1147696,68.0
1147792,62.0
1147856,52.0
1147936,44.0
1147952,41.0
1147952,69.0
1148064,53.0
1148064,27.0
1148096,32.0
1148112,35.0
1148128,30.0
1148144,59.0
1148144,30.0
1148192,37.0
1148224,89.0
1148304,50.0
1148336,40.0
1148576,39.0
1148592,46.0
1148640,28.0
1148752,38.0
1148768,61.0
1148800,54.0
1148896,50.0
1148912,53.0
1148912,53.0
1148960,51.0
1148960,63.0
1149008,23.0
1149024,56.0
1149056,59.0
1149088,54.0
1149136,52.0
1149232,40.0
1149248,22.0
1149280,59.0
1149312,35.0
1149456,28.0
1149520,47.0
1149632,52.0
1149632,45.0
1149680,41.0
1149696,46.0
1149696,35.0
1149808,56.0
1149824,37.0
1149824,36.0
1149856,36.0
1149904,83.0
1149968,32.0
1149984,64.0
1150080,24.0
1150128,65.0
1150128,31.0
1150160,53.0
1150272,76.0
1150304,49.0
1150384,36.0
1150448,51.0
1150512,43.0
1150560,11.0
1150576,38.0
1150592,46.0
1150672,62.0
1150688,26.0
1150688,54.0
1150864,46.0
1150864,44.0
1150880,61.0
1150928,59.0
1151040,30.0
1151088,87.0
1151104,37.0
1151200,56.0
1151200,38.0
1151232,34.0
1151248,73.0
1151392,79.0
1151408,45.0
1151456,23.0
1151472,38.0
1151632,48.0
1151632,44.0
1151648,75.0
1151680,63.0
1151728,72.0
1151824,59.0
1151840,37.0
1151888,49.0
1151888,26.0
1151888,43.0
1151920,55.0
1151920,45.0
1152128,56.0
1152160,44.0
1152272,55.0
1152336,44.0
1152352,45.0
1152368,43.0
1152448,39.0
1152496,36.0
1152528,55.0
1152576,43.0
1152576,41.0
1152640,23.0
1152672,32.0
1152720,52.0
1152784,26.0
1152832,69.0
1152864,64.0
1152912,49.0
1153056,73.0
1153056,35.0
1153104,41.0
1153136,38.0
1153136,50.0
1153152,36.0
1153184,52.0
1153216,40.0
1153280,38.0
1153344,121.0
1153456,25.0
1153504,49.0
1153520,41.0
1153584,47.0
1153632,45.0
1153648,54.0
1153840,43.0
1153904,43.0
1153952,53.0
1153952,23.0
1153984,58.0
1153984,53.0
1153984,53.0
1154032,24.0
1154048,88.0
1154144,40.0
1154160,40.0
1154192,63.0
1154240,60.0
1154256,50.0
1154352,25.0
1154368,46.0
1154544,37.0
1154560,36.0
1154560,26.0
1154624,24.0
1154656,47.0
1154768,32.0
1154784,50.0
1154800,47.0
1154832,42.0
1154928,99.0
1154992,13.0
1155008,64.0
1155024,41.0
1155120,68.0
1155168,21.0
1155200,41.0
1155248,39.0
1155264,89.0
1155264,44.0
1155296,33.0
1155328,71.0
1155360,50.0
1155376,36.0
1155504,30.0
1155584,26.0
1155664,82.0
1155760,40.0
1155760,31.0
1155776,48.0
1155776,53.0
1155856,35.0
1155872,23.0
1155936,59.0
1155952,47.0
1155952,81.0
1155968,13.0
1156016,41.0
1156080,31.0
1156224,23.0
1156304,61.0
1156336,24.0
1156480,34.0
1156496,33.0
1156608,37.0
1156608,52.0
1156624,60.0
1156736,85.0
1156752,50.0
1156768,56.0
1156784,64.0
1156816,98.0
1156816,97.0
1156960,41.0
1157088,82.0
1157168,35.0
1157168,22.0
1157184,35.0
1157232,47.0
1157264,41.0
1157280,49.0
1157344,79.0
1157376,35.0
1157488,20.0
1157520,47.0
1157584,52.0
1157600,40.0
1157760,61.0
1157792,66.0
1157872,49.0
1157936,44.0
1158032,43.0
1158144,60.0
1158160,121.0
1158176,43.0
1158224,60.0
1158256,24.0
1158288,63.0
1158304,123.0
1158336,60.0
1158352,48.0
1158480,45.0
1158496,29.0
1158528,63.0
1158592,89.0
1158640,44.0
1158672,55.0
1158880,45.0
1158944,45.0
1158944,43.0
1158992,40.0
1159152,39.0
1159168,54.0
1159168,31.0
1159264,68.0
1159264,48.0
1159280,71.0
1159328,46.0
1159344,25.0
1159360,110.0
1159456,51.0
1159488,75.0
1159536,66.0
1159584,78.0
1159760,37.0
1159840,60.0
1159872,32.0
1159872,24.0
1159888,27.0
1159904,39.0
1159920,41.0
1160032,65.0
1160064,57.0
1160224,40.0
1160240,57.0
1160256,62.0
1160256,82.0
1160272,46.0
1160288,23.0
1160304,29.0
1160400,66.0
1160464,37.0
1160608,23.0
1160608,53.0
1160624,91.0
1160672,40.0
1160704,52.0
1160816,57.0
1160848,35.0
1160864,50.0
1160912,38.0
1160960,67.0
1160976,22.0
1161008,49.0
1161008,38.0
1161056,37.0
1161184,23.0
1161264,35.0
1161264,26.0
1161296,65.0
1161328,45.0
1161392,27.0
1161408,71.0
1161424,47.0
1161472,29.0
1161472,31.0
1161520,32.0
1161664,38.0
1161728,54.0
1161744,93.0
1161840,36.0
1161920,28.0
1161920,46.0
1161968,34.0
1162016,43.0
1162064,72.0
1162096,93.0
1162112,53.0
1162128,41.0
1162240,52.0
1162272,27.0
1162480,23.0
1162512,37.0
1162512,37.0
1162544,50.0
1162624,60.0
1162640,57.0
1162800,49.0
1162800,80.0
1162848,36.0
1162912,59.0
1162944,103.0
1163024,25.0
1163056,58.0
1163104,107.0
1163168,43.0
1163184,21.0
1163200,25.0
1163232,18.0
1163264,47.0
1163280,74.0
1163280,65.0
1163376,20.0
1163424,49.0
1163552,47.0
1163600,36.0
1163648,71.0
1163680,36.0
1163680,31.0
1163728,35.0
1163792,108.0
1163808,56.0
1163856,30.0
1163888,84.0
1163936,44.0
1163984,24.0
1164080,50.0
1164096,56.0
1164112,53.0
1164240,43.0
1164256,23.0
1164304,36.0
1164320,21.0
1164368,35.0
1164384,44.0
1164448,50.0
1164480,66.0
1164560,39.0
1164576,29.0
1164592,57.0
1164672,51.0
1164688,28.0
1164704,89.0
1164720,58.0
1164784,30.0
1164880,50.0
1164976,24.0
1165008,40.0
1165024,48.0
1165136,41.0
1165264,55.0
1165344,42.0
1165408,45.0
1165424,53.0
1165456,46.0
1165488,87.0
1165504,66.0
1165520,32.0
1165616,66.0
1165696,57.0
1165728,88.0
1165744,38.0
1165744,48.0
1165792,23.0
1165904,55.0
1165984,69.0
1166016,47.0
1166016,20.0
1166016,38.0
1166032,43.0
1166080,86.0
1166080,36.0
1166096,30.0
1166128,42.0
1166288,34.0
1166336,27.0
1166384,37.0
1166400,57.0
1166448,44.0
1166448,27.0
1166448,26.0
1166544,35.0
1166656,36.0
1166688,42.0
1166720,37.0
1166752,41.0
1166784,48.0
1166800,80.0
1166880,31.0
1166880,50.0
1166912,74.0
1166960,26.0
1166992,37.0
1167008,35.0
1167088,40.0
1167296,40.0
1167424,29.0
1167504,47.0
1167520,74.0
1167520,45.0
1167600,51.0
1167648,60.0
1167808,68.0
1167808,50.0
1167824,52.0
1167856,61.0
1167872,49.0
1167888,37.0
1167920,65.0
1168000,97.0
1168080,73.0
1168080,12.0
1168080,41.0
1168144,116.0
1168224,19.0
1168240,45.0
1168272,42.0
1168416,37.0
1168432,39.0
1168464,38.0
1168512,44.0
1168544,56.0
1168656,36.0
1168656,49.0
1168704,75.0
1168704,39.0
1168704,39.0
1168800,24.0
1168928,58.0
1169024,49.0
1169104,37.0
1169104,28.0
1169184,60.0
1169296,40.0
1169328,39.0
1169344,26.0
1169392,43.0
1169440,120.0
1169568,69.0
1169568,48.0
1169696,89.0
1169808,44.0
1169808,49.0
1169872,73.0
1169920,46.0
1169952,95.0
1169968,25.0
1169984,41.0
1170032,37.0
1170080,49.0
1170160,51.0
1170192,20.0
1170240,131.0
1170272,108.0
1170288,30.0
1170352,60.0
1170384,43.0
1170448,16.0
1170496,33.0
1170592,42.0
1170608,65.0
1170720,40.0
1170752,103.0
1170864,32.0
1170880,40.0
1170944,60.0
1171200,73.0
1171216,79.0
1171216,39.0
1171312,37.0
1171328,45.0
1171376,39.0
1171408,71.0
1171440,35.0
1171456,73.0
1171488,83.0
1171504,106.0
1171520,67.0
1171568,67.0
1171600,24.0
1171760,28.0
1171808,38.0
1171824,31.0
1171856,25.0
1171872,24.0
1171920,44.0
1172016,102.0
1172160,81.0
1172256,53.0
1172256,51.0
1172304,58.0
1172320,50.0
1172368,89.0
1172384,49.0
1172384,36.0
1172416,35.0
1172464,56.0
1172512,43.0
1172512,31.0
1172560,66.0
1172624,47.0
1172816,41.0
1172848,37.0
1172912,62.0
1172912,33.0
1172928,38.0
1172992,33.0
1173136,45.0
1173184,51.0
1173216,52.0
1173264,40.0
1173312,25.0
1173328,64.0
1173408,103.0
1173488,36.0
1173488,61.0
1173520,79.0
1173584,48.0
1173600,24.0
1173632,23.0
1173648,45.0
1173664,33.0
1173728,55.0
1173824,52.0
1173824,82.0
1173856,42.0
1173984,31.0
1174000,21.0
1174032,92.0
1174192,42.0
1174240,47.0
1174256,39.0
1174336,63.0
1174368,60.0
1174368,45.0
1174384,50.0
1174400,34.0
1174416,69.0
1174448,29.0
1174512,49.0
1174560,46.0
1174672,53.0
1174688,27.0
1174752,26.0
1174768,36.0
1174848,30.0
1174928,34.0
1174928,58.0
1174992,36.0
1175056,51.0
1175072,44.0
1175088,25.0
1175120,42.0
1175152,97.0
1175184,39.0
1175248,53.0
1175328,51.0
1175360,83.0
1175424,47.0
1175472,39.0
1175520,37.0
1175584,37.0
1175600,53.0
1175616,43.0
1175696,38.0
1175696,40.0
1175712,35.0
1175824,40.0
1175888,48.0
1175968,40.0
1176032,32.0
1176128,27.0
1176160,87.0
1176304,38.0
1176320,53.0
1176336,57.0
1176336,39.0
1176352,80.0
1176384,48.0
1176480,55.0
1176528,44.0
1176544,60.0
1176576,38.0
1176736,44.0
1176816,41.0
1176864,101.0
1176912,49.0
1176928,28.0
1176960,67.0
1177024,43.0
1177040,45.0
1177056,42.0
1177104,36.0
1177120,49.0
1177120,48.0
1177152,38.0
1177184,55.0
1177424,32.0
1177440,130.0
1177552,23.0
1177616,47.0
1177760,74.0
1177760,64.0
1177808,48.0
1177920,69.0
1177936,49.0
1177968,53.0
1178032,38.0
1178032,37.0
1178032,26.0
1178048,70.0
1178096,67.0
1178112,63.0
1178128,73.0
1178144,64.0
1178320,24.0
1178336,36.0
1178352,27.0
1178432,55.0
1178448,25.0
1178448,87.0
1178512,44.0
1178608,36.0
1178688,41.0
1178720,37.0
1178752,40.0
1178768,42.0
1178768,46.0
1178800,41.0
1178880,35.0
1178960,33.0
1179120,72.0
1179184,53.0
1179200,53.0
1179232,45.0
1179280,52.0
1179408,40.0
1179424,39.0
1179424,104.0
1179472,37.0
1179600,55.0
1179632,22.0
1179664,44.0
1179728,19.0
1179744,62.0
1179744,32.0
1179792,24.0
1179920,31.0
1179936,73.0
1180000,23.0
1180112,23.0
1180128,41.0
1180208,110.0
1180208,38.0
1180288,23.0
1180304,36.0
1180432,82.0
1180528,46.0
1180544,50.0
1180544,26.0
1180544,116.0
1180608,59.0
1180656,41.0
1180656,34.0
1180672,93.0
1180784,36.0
1180880,105.0
1180976,42.0
1180992,49.0
1181184,40.0
1181184,41.0
1181248,60.0
1181280,167.0
1181312,86.0
1181312,41.0
1181344,50.0
1181360,47.0
1181408,27.0
1181488,51.0
1181504,53.0
1181552,48.0
1181600,73.0
1181728,30.0
1181824,52.0
1181920,38.0
1181936,41.0
1181936,27.0
1182032,43.0
1182032,53.0
1182048,73.0
1182048,94.0
1182112,47.0
1182112,35.0
1182192,55.0
1182240,26.0
1182272,68.0
1182320,37.0
1182336,53.0
1182336,58.0
1182352,20.0
1182432,32.0
1182448,25.0
1182496,28.0
1182528,58.0
1182688,22.0
1182736,24.0
1182768,41.0
1182800,38.0
1182832,56.0
1182848,20.0
1182864,37.0
1182880,40.0
1183024,37.0
1183024,62.0
1183040,44.0
1183040,34.0
1183088,61.0
1183184,46.0
1183232,81.0
1183376,38.0
1183376,40.0
1183472,40.0
1183520,75.0
1183584,34.0
1183632,47.0
1183632,38.0
1183648,39.0
1183696,56.0
1183760,42.0
1183808,36.0
1183856,51.0
1183872,63.0
1183936,78.0
1184032,32.0
1184160,49.0
1184176,50.0
1184176,26.0
1184272,68.0
1184368,56.0
1184384,50.0
1184416,35.0
1184464,52.0
1184464,51.0
1184496,39.0
1184576,55.0
1184592,60.0
1184640,23.0
1184688,32.0
1184720,49.0
1184832,124.0
1184832,28.0
1184848,43.0
1184896,68.0
1184992,39.0
1185088,57.0
1185104,43.0
1185136,35.0
1185136,40.0
1185184,45.0
1185216,39.0
1185312,53.0
1185440,34.0
1185504,54.0
1185504,42.0
1185536,94.0
1185536,53.0
1185536,28.0
1185584,47.0
1185680,29.0
1185680,60.0
1185728,37.0
1185728,55.0
1185792,38.0
1185824,20.0
1185872,55.0
1185888,24.0
1185952,53.0
1186096,26.0
1186144,52.0
1186240,32.0
1186272,37.0
1186368,52.0
1186384,50.0
1186400,54.0
1186464,37.0
1186512,86.0
1186512,26.0
1186528,46.0
1186528,68.0
1186560,42.0
1186640,69.0
1186656,58.0
1186784,40.0
1186784,25.0
1186816,54.0
1186896,41.0
1186896,67.0
1186992,39.0
1187008,46.0
1187104,34.0
1187120,38.0
1187168,44.0
1187216,51.0
1187216,35.0
1187248,45.0
1187344,51.0
1187392,38.0
1187520,55.0
1187552,65.0
1187648,30.0
1187680,49.0
1187696,50.0
1187744,46.0
1187872,39.0
1187872,47.0
1187888,69.0
1188000,49.0
1188016,42.0
1188032,24.0
1188048,52.0
1188096,44.0
1188208,41.0
1188224,33.0
1188304,49.0
1188320,83.0
1188400,33.0
1188432,43.0
1188496,30.0
1188512,39.0
1188592,23.0
1188656,39.0
1188672,98.0
1188688,63.0
1188784,57.0
1188784,30.0
1188832,25.0
1188848,33.0
1188864,54.0
1188880,30.0
1188896,50.0
1188992,59.0
1189072,54.0
1189072,36.0
1189200,26.0
1189200,149.0
1189328,27.0
1189408,21.0
1189472,38.0
1189472,50.0
1189504,57.0
1189552,65.0
1189584,37.0
1189600,25.0
1189664,61.0
1189696,51.0
1189792,24.0
1189824,73.0
1189856,41.0
1189888,35.0
1189888,21.0
1189968,24.0
1189984,57.0
1189984,71.0
1190096,39.0
1190144,34.0
1190224,35.0
1190336,40.0
1190400,56.0
1190448,35.0
1190480,39.0
1190496,25.0
1190496,33.0
1190528,66.0
1190704,120.0
1190736,57.0
1190800,123.0
1190816,52.0
1190864,55.0
1190880,41.0
1191008,70.0
1191088,37.0
1191168,64.0
1191184,41.0
1191200,47.0
1191232,26.0
1191280,93.0
1191312,28.0
1191344,54.0
1191360,39.0
1191360,64.0
1191360,41.0
1191472,42.0
1191520,40.0
1191584,74.0
1191600,37.0
1191664,73.0
1191792,38.0
1191792,44.0
1191824,39.0
1191888,33.0
1191936,36.0
1192080,48.0
1192144,49.0
1192176,59.0
1192176,52.0
1192192,45.0
1192192,33.0
1192416,71.0
1192464,55.0
1192480,41.0
1192560,48.0
1192608,26.0
1192656,93.0
1192672,49.0
1192672,31.0
1192704,74.0
1192704,32.0
1192752,38.0
1192768,52.0
1192784,38.0
1192832,77.0
1192880,68.0
1192960,55.0
1193088,39.0
1193232,35.0
1193264,49.0
1193344,37.0
1193376,60.0
1193424,37.0
1193536,41.0
1193536,47.0
1193568,57.0
1193600,58.0
1193600,56.0
1193600,23.0
1193632,54.0
1193696,46.0
1193760,75.0
1193776,43.0
1193888,80.0
1193904,23.0
1194016,47.0
1194032,43.0
1194160,49.0
1194160,91.0
1194160,33.0
1194192,48.0
1194208,38.0
1194256,41.0
1194304,25.0
1194368,22.0
1194416,51.0
1194432,56.0
1194512,51.0
1194528,47.0
1194592,52.0
1194640,47.0
1194720,43.0
1194784,76.0
1194800,23.0
1194832,42.0
1194848,43.0
1194944,49.0
1194976,29.0
1194992,22.0
1195008,26.0
1195056,43.0
1195136,38.0
1195184,62.0
1195216,50.0
1195232,27.0
1195280,67.0
1195376,70.0
1195376,41.0
1195472,26.0
1195520,76.0
1195520,43.0
1195520,19.0
1195664,42.0
1195808,64.0
1195856,39.0
1195888,38.0
1195904,66.0
1195952,36.0
1195952,59.0
1195984,53.0
1196064,25.0
1196080,38.0
1196080,35.0
1196112,73.0
1196288,30.0
1196352,52.0
1196368,87.0
1196496,61.0
1196512,71.0
1196544,43.0
1196576,31.0
1196592,44.0
1196640,35.0
1196672,45.0
1196688,94.0
1196752,48.0
1196768,51.0
1196944,27.0
1196976,67.0
1197040,47.0
1197104,62.0
1197168,36.0
1197184,70.0
1197184,32.0
1197248,55.0
1197248,56.0
1197360,38.0
1197408,52.0
1197408,29.0
1197536,65.0
1197552,54.0
1197584,59.0
1197696,33.0
1197760,32.0
1197776,23.0
1197808,48.0
1197840,67.0
1197872,39.0
1197872,56.0
1197936,47.0
1198000,56.0
1198032,53.0
1198032,42.0
1198128,34.0
1198144,100.0
1198192,49.0
1198240,43.0
1198304,29.0
1198320,28.0
1198448,40.0
1198464,27.0
1198496,19.0
1198528,33.0
1198592,41.0
1198608,67.0
1198624,37.0
1198640,55.0
1198640,48.0
1198656,60.0
1198768,62.0
1198912,28.0
1199008,23.0
1199008,43.0
1199024,26.0
1199088,49.0
1199136,56.0
1199200,42.0
1199248,70.0
1199328,55.0
1199360,54.0
1199376,77.0
1199504,37.0
1199520,47.0
1199552,56.0
1199584,60.0
1199648,39.0
1199712,70.0
1199728,68.0
1199792,34.0
1199840,40.0
1199872,46.0
1199920,34.0
1199920,35.0
1199984,25.0
1200000,62.0
1200112,49.0
1200112,64.0
1200176,33.0
1200224,42.0
1200320,33.0
1200320,50.0
1200416,34.0
1200416,44.0
1200528,43.0
1200528,33.0
1200656,46.0
1200672,35.0
1200752,33.0
1200816,56.0
1200832,41.0
1200848,70.0
1200848,54.0
1200896,49.0
1200976,35.0
1200976,28.0
1201024,38.0
1201056,46.0
1201088,27.0
1201104,131.0
1201168,104.0
1201184,54.0
1201360,24.0
1201408,55.0
1201424,42.0
1201456,39.0
1201536,43.0
1201584,48.0
1201600,39.0
1201600,58.0
1201648,50.0
1201760,19.0
1201776,45.0
1201776,42.0
1201776,38.0
1201792,44.0
1201824,40.0
1201920,64.0
1201984,60.0
1202032,28.0
1202032,38.0
1202080,42.0
1202128,30.0
1202144,38.0
1202192,37.0
1202352,33.0
1202368,28.0
1202368,37.0
1202416,40.0
1202480,25.0
1202496,45.0
1202496,46.0
1202512,45.0
1202512,33.0
1202528,58.0
1202624,37.0
1202768,40.0
1202816,39.0
1202848,27.0
1202896,96.0
1202896,33.0
1202992,60.0
1203056,44.0
1203056,36.0
1203152,39.0
1203296,50.0
1203328,27.0
1203344,52.0
1203376,54.0
1203424,66.0
1203440,39.0
1203440,51.0
1203504,28.0
1203504,38.0
1203600,38.0
1203616,92.0
1203696,75.0
1203728,55.0
1203744,43.0
1203824,24.0
1203840,67.0
1203936,27.0
1203952,41.0
1204032,37.0
1204080,24.0
1204192,36.0
1204224,67.0
1204272,34.0
1204320,56.0
1204336,63.0
1204400,56.0
1204480,55.0
1204544,73.0
1204576,39.0
1204656,57.0
1204672,53.0
1204688,26.0
1204688,31.0
1204736,41.0
1204736,25.0
1204784,53.0
1204800,91.0
1204992,60.0
1205088,38.0
1205184,24.0
1205184,60.0
1205232,41.0
1205280,37.0
1205296,35.0
1205344,50.0
1205344,59.0
1205472,51.0
1205488,47.0
1205488,51.0
1205584,37.0
1205600,110.0
1205616,27.0
1205680,56.0
1205712,23.0
1205760,67.0
1205840,38.0
1205920,100.0
1205968,39.0
1205984,19.0
1206000,57.0
1206016,33.0
1206064,37.0
1206080,56.0
1206112,32.0
1206144,53.0
1206256,61.0
1206320,46.0
1206352,54.0
1206400,40.0
1206464,31.0
1206544,30.0
1206592,32.0
1206592,28.0
1206640,40.0
1206688,67.0
1206752,25.0
1206768,58.0
1206800,25.0
1206992,33.0
1207008,68.0
1207024,48.0
1207040,45.0
1207056,84.0
1207072,66.0
1207136,34.0
1207216,69.0
1207216,33.0
1207248,44.0
1207296,44.0
1207312,34.0
1207376,39.0
1207424,26.0
1207616,34.0
1207616,51.0
1207648,39.0
1207712,45.0
1207728,68.0
1207728,109.0
1207824,36.0
1207856,40.0
1207888,52.0
1208032,45.0
1208064,43.0
1208080,49.0
1208080,59.0
1208176,47.0
1208224,63.0
1208240,33.0
1208368,47.0
1208432,38.0
1208496,26.0
1208560,52.0
1208560,44.0
1208624,63.0
1208672,102.0
1208688,38.0
1208896,73.0
1208944,57.0
1208992,31.0
1209008,48.0
1209072,63.0
1209088,54.0
1209184,51.0
1209184,32.0
1209232,84.0
1209280,102.0
1209312,26.0
1209360,46.0
1209392,60.0
1209424,46.0
1209424,54.0
1209488,58.0
1209584,88.0
1209600,23.0
1209616,38.0
1209664,24.0
1209680,46.0
1209744,42.0
1209760,48.0
1209920,31.0
1210000,32.0
1210032,40.0
1210096,31.0
1210096,57.0
1210128,51.0
1210128,44.0
1210128,34.0
1210208,37.0
1210256,31.0
1210304,40.0
1210320,40.0
1210384,81.0
1210416,77.0
1210640,80.0
1210704,36.0
1210704,49.0
1210880,36.0
1210896,36.0
1210912,49.0
1210960,47.0
1210976,61.0
1210992,56.0
1210992,54.0
1211008,79.0
1211024,40.0
1211056,40.0
1211168,57.0
1211248,76.0
1211296,41.0
1211312,38.0
1211376,80.0
1211408,26.0
1211456,47.0
1211536,30.0
1211632,41.0
1211680,50.0
1211728,48.0
1211776,49.0
1211792,55.0
1211808,27.0
1211824,41.0
1211872,26.0
1211872,54.0
1211872,53.0
1211888,37.0
1211936,39.0
1211968,67.0
1212112,44.0
1212128,28.0
1212224,22.0
1212240,44.0
1212288,65.0
1212288,31.0
1212320,32.0
1212336,38.0
1212352,24.0
1212544,45.0
1212624,43.0
1212704,52.0
1212704,58.0
1212816,58.0
1212928,50.0
1212960,45.0
1213008,56.0
1213040,45.0
1213072,45.0
1213152,54.0
1213184,56.0
1213232,63.0
1213248,57.0
1213248,27.0
1213296,37.0
1213408,54.0
1213568,106.0
1213568,33.0
1213568,59.0
1213584,55.0
1213600,123.0
1213696,39.0
1213744,51.0
1213936,33.0
1213968,60.0
1214000,44.0
1214000,53.0
1214016,52.0
1214080,52.0
1214112,23.0
1214128,35.0
1214176,58.0
1214192,77.0
1214224,39.0
1214384,51.0
1214400,24.0
1214400,27.0
1214416,52.0
1214512,27.0
1214560,62.0
1214560,28.0
1214624,27.0
1214640,44.0
1214672,90.0
1214688,62.0
1214688,43.0
1214800,42.0
1214864,29.0
1214944,59.0
1214960,49.0
1214960,25.0
1215008,23.0
1215040,26.0
1215056,40.0
1215056,31.0
1215056,52.0
1215072,42.0
1215168,31.0
1215360,22.0
1215376,43.0
1215536,37.0
1215552,37.0
1215584,49.0
1215616,58.0
1215632,36.0
1215680,40.0
1215696,52.0
1215840,49.0
1215840,42.0
1215856,92.0
1215968,24.0
1216192,32.0
1216192,52.0
1216240,39.0
1216240,34.0
1216256,55.0
1216304,112.0
1216320,78.0
1216384,52.0
1216384,53.0
1216480,40.0
1216544,99.0
1216560,58.0
1216640,25.0
1216656,50.0
1216704,25.0
1216816,39.0
1216832,62.0
1216864,42.0
1216880,39.0
1216992,121.0
1217056,32.0
1217168,75.0
1217168,18.0
1217232,57.0
1217296,37.0
1217312,52.0
1217360,50.0
1217456,67.0
1217472,52.0
1217504,42.0
1217520,18.0
1217536,81.0
1217584,26.0
1217616,60.0
1217648,49.0
1217664,80.0
1217760,28.0
1217840,49.0
1217856,65.0
1217888,45.0
1217888,56.0
1217920,39.0
1218000,34.0
1218016,30.0
1218096,32.0
1218112,38.0
1218240,36.0
1218304,41.0
1218368,30.0
1218432,57.0
1218448,37.0
1218464,22.0
1218512,39.0
1218512,56.0
1218528,66.0
1218592,77.0
1218640,55.0
1218640,40.0
1218640,45.0
1218656,22.0
1218688,42.0
1218704,54.0
1218832,37.0
1218960,28.0
1219040,37.0
1219104,40.0
1219120,43.0
1219136,65.0
1219248,45.0
1219264,39.0
1219264,27.0
1219344,61.0
1219360,45.0
1219424,57.0
1219440,46.0
1219536,59.0
1219568,38.0
1219648,38.0
1219728,29.0
1219744,31.0
1219792,42.0
1219808,70.0
1219824,73.0
1219936,37.0
1219968,27.0
1220032,58.0
1220064,44.0
1220096,60.0
1220144,26.0
1220144,55.0
1220224,99.0
1220224,26.0
1220240,51.0
1220336,43.0
1220336,32.0
1220352,38.0
1220384,28.0
1220384,59.0
1220400,38.0
1220496,33.0
1220640,67.0
1220704,38.0
1220816,36.0
1220816,37.0
1220832,48.0
1220848,44.0
1220896,25.0
1220912,48.0
1220944,57.0
1221008,41.0
1221072,53.0
1221104,45.0
1221248,25.0
1221312,57.0
1221376,23.0
1221376,35.0
1221408,36.0
1221424,68.0
1221488,53.0
1221536,75.0
1221552,28.0
1221568,12.0
1221616,57.0
1221632,43.0
1221712,83.0
1221728,57.0
1221760,53.0
1221872,61.0
1222000,37.0
1222016,29.0
1222080,63.0
1222096,24.0
1222224,53.0
1222240,62.0
1222256,45.0
1222336,57.0
1222352,54.0
1222416,53.0
1222416,50.0
1222432,70.0
1222432,42.0
1222576,35.0
1222608,61.0
1222720,62.0
1222752,31.0
1222800,45.0
1222832,25.0
1222848,47.0
1222976,34.0
1223024,72.0
1223104,69.0
1223104,48.0
1223216,50.0
1223232,24.0
1223312,44.0
1223328,57.0
1223392,65.0
1223472,56.0
1223472,47.0
1223488,78.0
1223488,24.0
1223504,44.0
1223520,48.0
1223552,83.0
1223616,32.0
1223744,32.0
1223888,35.0
1223904,58.0
1223936,45.0
1224032,26.0
1224080,37.0
1224144,40.0
1224192,50.0
1224208,29.0
1224224,44.0
1224352,54.0
1224432,60.0
1224432,88.0
1224464,33.0
1224464,62.0
1224512,30.0
1224544,41.0
1224576,27.0
1224624,25.0
1224656,47.0
1224704,32.0
1224848,40.0
1224928,24.0
1224992,40.0
1225056,27.0
1225056,109.0
1225072,35.0
1225104,97.0
1225104,33.0
1225200,46.0
1225232,150.0
1225296,76.0
1225376,42.0
1225376,57.0
1225392,60.0
1225424,20.0
1225488,66.0
1225600,31.0
1225680,39.0
1225776,49.0
1225776,25.0
1225776,24.0
1225872,64.0
1225888,77.0
1225920,62.0
1225952,45.0
1226016,59.0
1226064,54.0
1226176,50.0
1226176,36.0
1226272,49.0
1226352,66.0
1226368,26.0
1226384,38.0
1226400,61.0
1226576,95.0
1226608,46.0
1226656,61.0
1226752,61.0
1226768,53.0
1226880,69.0
1226896,63.0
1226912,46.0
1226944,58.0
1226944,23.0
1227008,40.0
1227008,39.0
1227088,43.0
1227232,73.0
1227328,72.0
1227440,68.0
1227472,44.0
1227488,34.0
1227504,39.0
1227552,56.0
1227616,44.0
1227632,64.0
1227648,47.0
1227712,90.0
1227712,44.0
1227856,53.0
1227936,44.0
1227984,65.0
1228016,33.0
1228032,80.0
1228048,38.0
1228112,49.0
1228208,70.0
1228336,45.0
1228352,20.0
1228368,54.0
1228400,26.0
1228512,41.0
1228512,54.0
1228528,32.0
1228544,31.0
1228544,52.0
1228576,40.0
1228592,70.0
1228656,69.0
1228768,23.0
1228832,29.0
1228848,46.0
1228928,81.0
1228960,38.0
1229072,46.0
1229120,36.0
1229168,40.0
1229200,34.0
1229216,23.0
1229248,41.0
1229296,33.0
1229296,99.0
1229472,58.0
1229568,46.0
1229584,86.0
1229584,67.0
1229712,49.0
1229728,30.0
1229872,36.0
1229904,52.0
1229904,87.0
1229936,48.0
1229936,23.0
1229952,62.0
1229984,25.0
1230000,33.0
1230048,53.0
1230144,35.0
1230208,62.0
1230240,59.0
1230256,105.0
1230320,38.0
1230368,31.0
1230432,28.0
1230432,31.0
1230512,38.0
1230544,51.0
1230624,36.0
1230672,33.0
1230672,27.0
1230688,98.0
1230720,49.0
1230880,61.0
1230976,61.0
1230992,46.0
1231040,38.0
1231056,43.0
1231136,74.0
1231152,52.0
1231152,59.0
1231232,38.0
1231280,37.0
1231280,46.0
1231296,36.0
1231344,42.0
1231392,45.0
1231584,67.0
1231648,41.0
1231680,39.0
1231680,44.0
1231760,55.0
1231824,43.0
1231824,37.0
1231920,36.0
1231920,48.0
1231920,55.0
1231968,43.0
1231968,42.0
1231968,51.0
1232000,98.0
1232016,39.0
1232176,16.0
1232224,36.0
1232256,21.0
1232336,32.0
1232352,67.0
1232352,24.0
1232368,49.0
1232368,25.0
1232384,39.0
1232512,37.0
1232528,53.0
1232544,54.0
1232688,43.0
1232752,24.0
1232768,59.0
1232784,33.0
1232816,50.0
1232864,40.0
1232912,59.0
1232960,49.0
1232976,37.0
1233056,43.0
1233120,27.0
1233184,26.0
1233200,21.0
1233232,43.0
1233264,57.0
1233264,47.0
1233296,59.0
1233328,62.0
1233360,36.0
1233440,39.0
1233536,35.0
1233744,28.0
1233744,52.0
1233760,35.0
1233776,21.0
1233808,43.0
1233872,84.0
1233888,52.0
1233952,43.0
1233968,46.0
1234016,66.0
1234096,48.0
1234112,22.0
1234128,37.0
1234144,60.0
1234240,55.0
1234240,93.0
1234432,39.0
1234528,24.0
1234608,37.0
1234640,47.0
1234672,35.0
1234672,36.0
1234704,46.0
1234704,29.0
1234704,60.0
1234736,60.0
1234832,37.0
1234864,62.0
1234896,102.0
1234928,50.0
1234992,35.0
1235072,25.0
1235264,37.0
1235392,43.0
1235392,103.0
1235456,94.0
1235456,45.0
1235456,53.0
1235520,37.0
1235520,62.0
1235632,48.0
1235664,60.0
1235696,39.0
1235744,30.0
1235760,66.0
1235776,49.0
1235872,65.0
1236016,31.0
1236016,39.0
1236032,87.0
1236064,34.0
1236128,27.0
1236128,22.0
1236128,24.0
1236160,44.0
1236192,35.0
1236336,55.0
1236352,37.0
1236480,29.0
1236544,55.0
1236688,51.0
1236704,36.0
1236720,37.0
1236736,24.0
1236736,80.0
1236752,43.0
1236752,116.0
1236768,40.0
1236784,47.0
1236832,42.0
1236992,28.0
1237072,55.0
1237104,39.0
1237120,69.0
1237184,29.0
1237184,27.0
1237232,28.0
1237248,32.0
1237312,39.0
1237328,37.0
1237408,126.0
1237424,68.0
1237600,53.0
1237648,41.0
1237696,36.0
1237712,25.0
1237824,37.0
1237840,37.0
1237872,43.0
1237904,71.0
1237936,32.0
1237952,53.0
1238048,40.0
1238064,55.0
1238128,27.0
1238240,57.0
1238272,27.0
1238272,35.0
1238272,42.0
1238352,44.0
1238416,107.0
1238448,34.0
1238528,37.0
1238528,30.0
1238656,99.0
1238672,25.0
1238688,46.0
1238688,116.0
1238800,46.0
1238912,49.0
1239008,71.0
1239072,34.0
1239152,31.0
1239200,86.0
1239200,49.0
1239200,53.0
1239216,34.0
1239344,67.0
1239360,70.0
1239424,39.0
1239440,23.0
1239456,63.0
1239568,41.0
1239616,26.0
1239632,85.0
1239632,27.0
1239648,60.0
1239824,42.0
1239888,85.0
1240000,62.0
1240016,42.0
1240032,36.0
1240096,41.0
1240144,45.0
1240160,59.0
1240176,33.0
1240240,65.0
1240256,39.0
1240272,41.0
1240416,49.0
1240416,33.0
1240416,108.0
1240448,55.0
1240480,70.0
1240512,31.0
1240608,38.0
1240640,51.0
1240672,40.0
1240752,37.0
1240752,32.0
1240880,49.0
1240912,48.0
1240928,42.0
1240928,47.0
1240976,31.0
1241072,41.0
1241104,27.0
1241136,45.0
1241216,38.0
1241344,58.0
1241360,57.0
1241360,45.0
1241376,69.0
1241392,29.0
1241424,57.0
1241472,45.0
1241568,31.0
1241696,49.0
1241696,48.0
1241696,51.0
1241744,48.0
1241760,23.0
1241760,39.0
1241824,28.0
1241824,29.0
1241952,38.0
1242000,36.0
1242016,20.0
1242160,25.0
1242256,72.0
1242256,43.0
1242272,57.0
1242336,99.0
1242384,35.0
1242448,28.0
1242464,62.0
1242528,82.0
1242560,50.0
1242688,27.0
1242688,54.0
1242784,39.0
1242816,70.0
1242832,55.0
1242880,71.0
1243040,37.0
1243104,53.0
1243136,50.0
1243136,36.0
1243200,51.0
1243200,58.0
1243232,26.0
1243296,48.0
1243408,87.0
1243440,19.0
1243472,49.0
1243488,24.0
1243584,50.0
1243584,47.0
1243584,56.0
1243648,74.0
1243696,16.0
1243712,32.0
1243712,42.0
1243760,55.0
1243824,43.0
1243872,42.0
1243952,41.0
1243984,47.0
1244016,145.0
1244032,28.0
1244096,43.0
1244160,36.0
1244272,49.0
1244336,36.0
1244352,48.0
1244352,40.0
1244400,58.0
1244432,46.0
1244432,26.0
1244496,49.0
1244560,33.0
1244576,37.0
1244656,52.0
1244784,39.0
1244784,24.0
1244800,72.0
1244976,64.0
1244992,70.0
1245040,30.0
1245056,39.0
1245168,46.0
1245184,38.0
1245184,57.0
1245296,40.0
1245312,21.0
1245376,24.0
1245376,55.0
1245504,88.0
1245648,54.0
1245808,63.0
1245824,65.0
1245888,32.0
1245920,99.0
1245952,41.0
1245952,28.0
1245968,49.0
1246032,53.0
1246096,109.0
1246128,11.0
1246224,53.0
1246224,74.0
1246224,57.0
1246448,131.0
1246464,51.0
1246528,25.0
1246608,43.0
1246608,49.0
1246688,45.0
1246720,48.0
1246816,103.0
1246816,49.0
1246832,111.0
1246848,47.0
1246912,64.0
1247008,49.0
1247008,34.0
1247072,39.0
1247136,26.0
1247200,61.0
1247216,62.0
1247360,47.0
1247360,22.0
1247376,33.0
1247408,55.0
1247440,33.0
1247440,39.0
1247520,107.0
1247552,34.0
1247568,55.0
1247680,54.0
1247712,69.0
1247712,55.0
1247744,38.0
1247760,24.0
1247792,24.0
1247904,52.0
1247904,34.0
1247904,44.0
1247904,43.0
1248032,42.0
1248048,21.0
1248096,33.0
1248144,37.0
1248192,25.0
1248272,52.0
1248304,49.0
1248352,38.0
1248384,44.0
1248496,66.0
1248544,40.0
1248576,30.0
1248656,38.0
1248752,23.0
1248768,66.0
1248800,65.0
1248816,39.0
1248816,20.0
1248816,57.0
1248864,37.0
1248864,60.0
1249008,41.0
1249024,28.0
1249040,63.0
1249184,55.0
1249200,25.0
1249200,41.0
1249232,23.0
1249296,72.0
1249328,36.0
1249440,39.0
1249536,31.0
1249536,55.0
1249568,47.0
1249584,51.0
1249648,109.0
1249696,16.0
1249712,32.0
1249792,31.0
1249872,63.0
1249888,44.0
1249936,38.0
1249968,59.0
1249968,25.0
1250096,68.0
1250112,26.0
1250128,34.0
1250144,38.0
1250176,59.0
1250240,65.0
1250240,28.0
1250304,21.0
1250416,44.0
1250416,100.0
1250432,34.0
1250688,47.0
1250704,35.0
1250704,37.0
1250720,47.0
1250752,36.0
1250768,33.0
1250784,57.0
1250848,38.0
1250896,29.0
1250912,79.0
1251040,59.0
1251184,66.0
1251280,33.0
1251312,26.0
1251360,40.0
1251376,43.0
1251392,68.0
1251424,32.0
1251456,65.0
1251472,66.0
1251520,42.0
1251584,50.0
1251840,71.0
1251856,34.0
1251920,76.0
1251952,42.0
1251968,152.0
1252000,39.0
1252000,40.0
1252112,33.0
1252128,85.0
1252176,47.0
1252208,47.0
1252256,76.0
1252272,22.0
1252320,53.0
1252400,76.0
1252592,24.0
1252736,49.0
1252832,61.0
1252928,41.0
1252960,62.0
1252960,60.0
1252976,41.0
1252992,46.0
1253008,73.0
1253024,102.0
1253040,57.0
1253168,66.0
1253296,81.0
1253328,58.0
1253392,29.0
1253440,120.0
1253440,38.0
1253456,54.0
1253584,53.0
1253632,42.0
1253728,44.0
1253792,22.0
1253792,51.0
1253856,56.0
1253920,47.0
1254000,63.0
1254016,61.0
1254112,69.0
1254112,49.0
1254128,42.0
1254192,21.0
1254224,37.0
1254272,52.0
1254272,55.0
1254288,31.0
1254336,135.0
1254480,43.0
1254512,76.0
1254512,49.0
1254576,22.0
1254608,37.0
1254640,40.0
1254640,45.0
1254688,35.0
1254736,39.0
1254752,29.0
1254880,38.0
1254944,52.0
1254976,87.0
1255072,29.0
1255216,59.0
1255264,58.0
1255280,37.0
1255296,45.0
1255312,70.0
1255392,40.0
1255392,47.0
1255408,48.0
1255440,58.0
1255440,44.0
1255456,61.0
1255600,13.0
1255712,52.0
1255760,78.0
1255856,35.0
1255888,31.0
1255888,51.0
1255984,33.0
1256032,47.0
1256032,51.0
1256064,39.0
1256096,72.0
1256144,46.0
1256160,56.0
1256208,48.0
1256576,79.0
1256576,100.0
1256672,49.0
1256688,44.0
1256704,53.0
1256736,44.0
1256752,65.0
1256816,49.0
1256832,67.0
1256896,81.0
1256944,50.0
1257008,53.0
1257040,61.0
1257136,28.0
1257184,68.0
1257200,82.0
1257216,25.0
1257232,41.0
1257280,36.0
1257296,45.0
1257312,26.0
1257424,47.0
1257424,42.0
1257600,37.0
1257616,49.0
1257776,36.0
1257792,41.0
1257840,102.0
1257904,43.0
1257920,46.0
1257920,31.0
1257952,57.0
1258000,79.0
1258032,26.0
1258048,39.0
1258080,50.0
1258128,56.0
1258240,59.0
1258336,34.0
1258368,23.0
1258384,90.0
1258384,67.0
1258496,34.0
1258512,57.0
1258592,43.0
1258704,39.0
1258800,48.0
1258848,58.0
1258896,70.0
1258928,55.0
1258976,38.0
1258992,54.0
1258992,30.0
1258992,38.0
1259056,51.0
1259136,81.0
1259216,39.0
1259216,23.0
1259280,49.0
1259296,86.0
1259312,24.0
1259328,59.0
1259408,44.0
1259408,26.0
1259488,17.0
1259488,43.0
1259664,16.0
1259680,49.0
1259792,91.0
1259792,41.0
1259888,52.0
1259904,39.0
1259936,39.0
1259984,48.0
1260160,42.0
1260192,56.0
1260304,56.0
1260304,61.0
1260320,41.0
1260320,33.0
1260352,54.0
1260416,32.0
1260416,39.0
1260480,37.0
1260496,94.0
1260544,98.0
1260544,35.0
1260640,21.0
1260736,66.0
1260800,40.0
1260832,26.0
1260880,118.0
1260912,27.0
1260928,38.0
1261056,54.0
1261056,32.0
1261104,47.0
1261104,49.0
1261136,52.0
1261152,41.0
1261536,38.0
1261552,63.0
1261648,63.0
1261648,51.0
1261664,38.0
1261664,108.0
1261680,34.0
1261696,51.0
1261760,60.0
1261824,68.0
1261824,57.0
1261840,46.0
1261952,53.0
1262016,54.0
1262096,28.0
1262240,37.0
1262320,41.0
1262352,81.0
1262384,52.0
1262400,54.0
1262416,47.0
1262464,48.0
1262480,40.0
1262480,29.0
1262528,132.0
1262544,28.0
1262576,47.0
1262592,57.0
1262672,45.0
1262896,19.0
1262912,42.0
1262912,31.0
1262976,76.0
1262992,40.0
1263008,29.0
1263024,39.0
1263040,35.0
1263056,36.0
1263088,44.0
1263120,81.0
1263472,31.0
1263584,79.0
1263600,43.0
1263632,38.0
1263664,71.0
1263664,75.0
1263744,41.0
1263760,40.0
1263840,73.0
1263872,55.0
1263936,58.0
1263952,57.0
1263968,57.0
1263984,68.0
1264128,97.0
1264176,36.0
1264240,36.0
1264304,42.0
1264352,32.0
1264368,56.0
1264416,94.0
1264464,44.0
1264480,56.0
1264592,53.0
1264672,63.0
1264752,55.0
1264784,34.0
1264800,42.0
1264848,56.0
1264928,35.0
1264992,66.0
1264992,64.0
1265024,65.0
1265056,36.0
1265072,56.0
1265104,40.0
1265136,52.0
1265168,47.0
1265200,25.0
1265232,35.0
1265248,20.0
1265312,35.0
1265344,62.0
1265392,38.0
1265472,55.0
1265568,36.0
1265600,36.0
1265616,30.0
1265648,50.0
1265696,44.0
1265760,43.0
1265808,40.0
1265824,39.0
1265872,40.0
1265888,34.0
1265952,56.0
1265968,54.0
1266144,47.0
1266256,28.0
1266272,39.0
1266304,38.0
1266320,23.0
1266320,31.0
1266336,54.0
1266400,52.0
1266416,69.0
1266432,52.0
1266432,34.0
1266448,43.0
1266512,34.0
1266640,48.0
1266656,25.0
1266672,25.0
1266848,44.0
1266896,36.0
1266928,39.0
1266960,33.0
1266992,42.0
1267072,35.0
1267104,93.0
1267184,121.0
1267248,51.0
1267248,53.0
1267328,55.0
1267504,52.0
1267552,28.0
1267552,71.0
1267568,40.0
1267616,23.0
1267792,71.0
1267792,38.0
1267856,33.0
1267920,99.0
1267984,71.0
1268000,85.0
1268048,50.0
1268160,75.0
1268192,81.0
1268192,75.0
1268336,48.0
1268384,37.0
1268416,57.0
1268464,57.0
1268512,29.0
1268512,56.0
1268528,46.0
1268528,38.0
1268608,39.0
1268624,67.0
1268656,50.0
1268720,45.0
1268720,33.0
1268768,38.0
1268896,24.0
1268944,35.0
1269024,23.0
1269104,48.0
1269120,128.0
1269152,46.0
1269280,41.0
1269296,52.0
1269296,69.0
1269328,35.0
1269424,44.0
1269424,25.0
1269440,52.0
1269456,32.0
1269472,36.0
1269488,60.0
1269504,49.0
1269584,27.0
1269760,77.0
1269808,24.0
1269904,39.0
1269952,53.0
1269984,54.0
1270000,42.0
1270048,38.0
1270096,50.0
1270112,40.0
1270176,55.0
1270224,45.0
1270224,50.0
1270240,108.0
1270320,35.0
1270400,57.0
1270416,52.0
1270528,45.0
1270544,68.0
1270592,43.0
1270672,36.0
1270704,47.0
1270736,35.0
1270784,49.0
1270784,50.0
1270848,38.0
1270928,44.0
1270976,58.0
1271008,37.0
1271088,61.0
1271152,39.0
1271280,43.0
1271312,62.0
1271328,37.0
1271376,37.0
1271392,43.0
1271616,40.0
1271616,67.0
1271648,31.0
1271824,56.0
1271872,68.0
1271888,93.0
1271920,57.0
1272048,86.0
1272064,49.0
1272080,43.0
1272128,30.0
1272176,83.0
1272176,53.0
1272224,125.0
1272240,39.0
1272240,12.0
1272336,78.0
1272464,53.0
1272480,69.0
1272576,79.0
1272592,44.0
1272592,45.0
1272608,49.0
1272752,39.0
1272880,40.0
1272880,40.0
1272960,49.0
1273024,69.0
1273136,42.0
1273296,60.0
1273312,44.0
1273408,74.0
1273424,85.0
1273440,79.0
1273440,60.0
1273456,27.0
1273456,36.0
1273488,46.0
1273536,59.0
1273568,61.0
1273616,46.0
1273616,65.0
1273744,38.0
1273744,104.0
1273936,30.0
1273984,36.0
1274000,43.0
1274080,37.0
1274096,33.0
1274112,72.0
1274128,43.0
1274288,42.0
1274288,34.0
1274320,20.0
1274448,52.0
1274448,62.0
1274464,23.0
1274496,67.0
1274560,64.0
1274592,38.0
1274768,43.0
1274784,31.0
1274784,65.0
1274832,56.0
1274880,48.0
1274880,90.0
1275120,52.0
1275136,43.0
1275168,24.0
1275184,37.0
1275200,119.0
1275216,41.0
1275360,77.0
1275376,31.0
1275408,60.0
1275424,60.0
1275440,35.0
1275440,41.0
1275504,42.0
1275520,64.0
1275584,28.0
1275632,54.0
1275648,83.0
1275664,31.0
1275712,32.0
1275808,28.0
1275824,38.0
1275904,45.0
1275968,28.0
1276032,39.0
1276128,44.0
1276160,65.0
1276224,32.0
1276240,50.0
1276256,39.0
1276256,55.0
1276288,44.0
1276304,50.0
1276320,12.0
1276336,33.0
1276352,57.0
1276512,30.0
1276560,21.0
1276560,56.0
1276608,60.0
1276688,28.0
1276704,50.0
1276736,30.0
1276768,38.0
1276832,63.0
1276928,40.0
1276944,61.0
1277008,47.0
1277056,34.0
1277136,51.0
1277136,23.0
1277200,54.0
1277216,33.0
1277264,44.0
1277264,35.0
1277296,29.0
1277376,28.0
1277392,24.0
1277424,51.0
1277424,70.0
1277536,61.0
1277552,75.0
1277584,24.0
1277680,59.0
1277712,28.0
1277808,42.0
1277840,56.0
1277920,54.0
1278000,26.0
1278016,45.0
1278048,52.0
1278064,50.0
1278064,42.0
1278208,49.0
1278272,29.0
1278304,48.0
1278304,24.0
1278320,74.0
1278416,25.0
1278448,67.0
1278480,50.0
1278480,66.0
1278528,51.0
1278560,63.0
1278688,53.0
1278736,43.0
1278784,36.0
1278800,50.0
1278896,37.0
1279008,35.0
1279040,35.0
1279056,62.0
1279088,33.0
1279104,52.0
1279104,50.0
1279136,45.0
1279168,40.0
1279232,21.0
1279248,35.0
1279360,65.0
1279392,83.0
1279392,57.0
1279424,40.0
1279424,23.0
1279504,25.0
1279520,49.0
1279600,37.0
1279616,51.0
1279760,41.0
1279760,37.0
1279792,35.0
1279792,23.0
1279872,28.0
1279872,30.0
1279888,40.0
1280000,40.0
1280016,61.0
1280096,60.0
1280128,23.0
1280240,72.0
1280288,31.0
1280288,56.0
1280288,26.0
1280336,51.0
1280416,50.0
1280480,37.0
1280512,57.0
1280528,64.0
1280560,34.0
1280656,49.0
1280672,55.0
1280720,39.0
1280720,27.0
1280816,36.0
1280832,52.0
1280896,48.0
1280912,39.0
1280960,42.0
1280976,29.0
1280976,31.0
1281232,56.0
1281232,36.0
1281296,96.0
1281344,42.0
1281360,59.0
1281392,42.0
1281408,43.0
1281424,28.0
1281472,35.0
1281504,34.0
1281600,44.0
1281600,39.0
1281696,22.0
1281728,73.0
1281728,56.0
1281776,19.0
1281776,30.0
1281824,27.0
1281856,28.0
1282032,50.0
1282080,53.0
1282096,23.0
1282096,20.0
1282128,33.0
1282160,29.0
1282192,52.0
1282256,52.0
1282304,93.0
1282336,11.0
1282448,45.0
1282448,22.0
1282464,38.0
1282528,125.0
1282528,58.0
1282544,65.0
1282608,26.0
1282608,32.0
1282832,44.0
1282912,41.0
1282928,53.0
1282944,57.0
1282992,76.0
1283104,80.0
1283120,42.0
1283184,40.0
1283280,23.0
1283312,49.0
1283360,56.0
1283392,49.0
1283440,38.0
1283552,64.0
1283600,42.0
1283600,38.0
1283680,36.0
1283712,33.0
1283840,45.0
1283856,78.0
1283856,31.0
1283888,31.0
1283888,90.0
1283936,41.0
1284016,26.0
1284096,112.0
1284112,32.0
1284160,114.0
1284256,82.0
1284272,45.0
1284288,61.0
1284304,28.0
1284368,41.0
1284528,43.0
1284544,54.0
1284560,25.0
1284656,50.0
1284656,23.0
1284672,49.0
1284736,53.0
1284784,53.0
1284816,44.0
1284896,55.0
1284928,41.0
1284928,39.0
1284976,26.0
1284992,46.0
1285008,22.0
1285120,21.0
1285120,64.0
1285296,35.0
1285392,64.0
1285392,25.0
1285424,56.0
1285456,57.0
1285488,51.0
1285520,37.0
1285584,58.0
1285600,39.0
1285616,38.0
1285744,53.0
1285760,145.0
1285808,43.0
1285824,25.0
1285984,33.0
1286032,40.0
1286096,36.0
1286192,86.0
1286288,33.0
1286288,56.0
1286320,46.0
1286352,34.0
1286352,54.0
1286352,66.0
1286400,49.0
1286448,83.0
1286464,30.0
1286464,23.0
1286496,42.0
1286560,60.0
1286592,17.0
1286608,105.0
1286656,29.0
1286704,42.0
1286784,65.0
1286816,33.0
1286944,41.0
1287024,27.0
1287024,42.0
1287072,38.0
1287184,25.0
1287216,32.0
1287232,55.0
1287264,54.0
1287264,38.0
1287280,45.0
1287344,56.0
1287360,56.0
1287376,48.0
1287408,24.0
1287472,33.0
1287600,78.0
1287664,73.0
1287696,26.0
1287744,30.0
1287760,36.0
1287776,23.0
1287872,40.0
1287888,67.0
1287904,27.0
1287904,55.0
1287936,54.0
1288000,49.0
1288016,40.0
1288080,51.0
1288080,24.0
1288144,34.0
1288160,50.0
1288208,34.0
1288240,22.0
1288272,31.0
1288448,69.0
1288496,31.0
1288496,37.0
1288576,52.0
1288624,34.0
1288656,36.0
1288720,51.0
1288720,49.0
1288768,63.0
1288784,34.0
1288800,41.0
1288800,37.0
1288864,53.0
1289040,37.0
1289056,56.0
1289120,39.0
1289168,56.0
1289232,36.0
1289248,42.0
1289248,86.0
1289264,34.0
1289376,55.0
1289440,41.0
1289456,21.0
1289520,50.0
1289536,48.0
1289696,56.0
1289744,36.0
1289744,59.0
1289760,32.0
1289760,56.0
1289792,46.0
1289856,38.0
1289888,23.0
1289888,53.0
1289888,32.0
1289904,42.0
1290112,26.0
1290128,54.0
1290224,27.0
1290256,50.0
1290384,40.0
1290400,60.0
1290416,112.0
1290480,36.0
1290480,45.0
1290528,62.0
1290528,42.0
1290528,40.0
1290560,50.0
1290592,44.0
1290608,45.0
1290672,35.0
1290736,38.0
1290848,69.0
1290896,40.0
1290944,35.0
1290960,46.0
1291040,40.0
1291120,37.0
1291232,40.0
1291248,45.0
1291248,40.0
1291248,32.0
1291360,55.0
1291360,50.0
1291408,23.0
1291504,35.0
1291552,71.0
1291584,57.0
1291664,44.0
1291680,27.0
1291744,76.0
1291760,40.0
1291808,36.0
1291856,60.0
1291872,87.0
1291936,68.0
1291984,39.0
1292016,27.0
1292016,38.0
1292064,51.0
1292096,34.0
1292128,55.0
1292192,43.0
1292240,30.0
1292320,36.0
1292320,60.0
1292432,26.0
1292448,40.0
1292560,36.0
1292656,49.0
1292688,63.0
1292704,43.0
1292720,49.0
1292848,74.0
1292880,20.0
1292880,43.0
1292944,39.0
1292944,39.0
1292976,46.0
1293008,22.0
1293088,60.0
1293104,78.0
1293120,27.0
1293200,48.0
1293264,51.0
1293392,81.0
1293408,84.0
1293456,46.0
1293520,40.0
1293552,38.0
1293568,54.0
1293680,46.0
1293712,32.0
1293728,47.0
1293744,46.0
1293856,29.0
1293888,63.0
1293952,43.0
1293968,54.0
1293968,25.0
1294016,56.0
1294064,61.0
1294096,43.0
1294240,17.0
1294320,38.0
1294320,50.0
1294352,42.0
1294432,34.0
1294480,64.0
1294512,31.0
1294560,37.0
1294560,44.0
1294752,43.0
1294752,64.0
1294752,75.0
1294784,34.0
1294864,126.0
1294864,22.0
1294880,35.0
1294880,28.0
1294896,26.0
1294928,36.0
1295040,30.0
1295056,60.0
1295136,24.0
1295168,89.0
1295200,26.0
1295264,24.0
1295280,83.0
1295328,48.0
1295408,41.0
1295472,26.0
1295680,49.0
1295712,53.0
1295712,52.0
1295712,87.0
1295744,51.0
1295744,38.0
1295840,35.0
1295920,45.0
1295936,56.0
1296016,47.0
1296080,23.0
1296096,48.0
1296096,43.0
1296160,88.0
1296240,33.0
1296240,67.0
1296480,101.0
1296512,50.0
1296512,22.0
1296576,41.0
1296640,56.0
1296656,45.0
1296672,62.0
1296896,55.0
1296912,42.0
1297056,36.0
1297072,61.0
1297072,100.0
1297104,85.0
1297200,70.0
1297216,35.0
1297264,89.0
1297296,39.0
1297312,76.0
1297392,55.0
1297408,48.0
1297456,35.0
1297504,37.0
1297616,65.0
1297680,39.0
1297856,29.0
1297856,101.0
1297888,42.0
1297904,25.0
1297920,29.0
1297952,43.0
1297952,90.0
1297984,43.0
1297984,49.0
1298096,62.0
1298352,80.0
1298368,29.0
1298368,66.0
1298464,38.0
1298464,32.0
1298608,41.0
1298736,55.0
1298752,24.0
1298784,69.0
1298800,51.0
1298848,58.0
1298864,78.0
1298896,27.0
1298912,35.0
1298928,59.0
1298944,66.0
1298960,37.0
1298976,98.0
1299072,61.0
1299104,127.0
1299120,41.0
1299216,38.0
1299328,25.0
1299392,26.0
1299424,35.0
1299472,35.0
1299568,39.0
1299584,53.0
1299600,47.0
1299696,36.0
1299728,52.0
1299760,60.0
1299760,63.0
1299840,48.0
1299920,60.0
1299952,73.0
1300080,54.0
1300128,27.0
1300128,34.0
1300224,56.0
1300256,52.0
1300288,43.0
1300320,53.0
1300400,63.0
1300400,42.0
1300480,25.0
1300512,88.0
1300528,48.0
1300544,44.0
1300560,27.0
1300576,51.0
1300624,44.0
1300672,28.0
1300736,73.0
1300768,28.0
1300848,28.0
1300928,61.0
1300928,42.0
1300944,41.0
1300976,53.0
1301024,32.0
1301152,38.0
1301168,48.0
1301200,40.0
1301200,33.0
1301232,44.0
1301264,26.0
1301408,42.0
1301456,33.0
1301536,66.0
1301552,22.0
1301600,25.0
1301664,56.0
1301696,70.0
1301712,35.0
1301712,68.0
1301760,46.0
1301840,54.0
1301888,45.0
1301920,62.0
1301952,45.0
1302016,29.0
1302064,38.0
1302224,51.0
1302224,39.0
1302256,37.0
1302304,37.0
1302320,23.0
1302336,36.0
1302384,70.0
1302400,91.0
1302432,34.0
1302432,46.0
1302480,35.0
1302672,71.0
1302688,18.0
1302688,39.0
1302752,31.0
1302768,58.0
1302768,47.0
1302816,37.0
1302848,33.0
1302896,26.0
1302928,44.0
1303040,44.0
1303072,43.0
1303104,42.0
1303120,88.0
1303168,46.0
1303280,38.0
1303392,39.0
1303408,37.0
1303456,43.0
1303488,35.0
1303520,52.0
1303568,55.0
1303568,79.0
1303616,45.0
1303680,52.0
1303712,42.0
1303728,61.0
1303904,49.0
1303920,53.0
1303920,19.0
1303920,47.0
1303984,44.0
1304016,35.0
1304096,24.0
1304112,45.0
1304112,39.0
1304192,29.0
1304240,52.0
1304256,46.0
1304352,42.0
1304416,82.0
1304432,54.0
1304512,37.0
1304624,40.0
1304640,28.0
1304656,47.0
1304720,50.0
1304752,40.0
1304768,42.0
1304816,36.0
1304816,50.0
1304880,48.0
1304992,89.0
1305024,23.0
1305056,40.0
1305088,28.0
1305136,24.0
1305232,45.0
1305280,53.0
1305376,47.0
1305456,27.0
1305488,22.0
1305504,46.0
1305552,52.0
1305616,85.0
1305632,47.0
1305648,41.0
1305680,54.0
1305744,58.0
1305744,87.0
1305792,117.0
1305840,38.0
1305888,32.0
1305904,53.0
1305936,53.0
1306048,31.0
1306064,28.0
1306064,49.0
1306064,27.0
1306176,42.0
1306272,27.0
1306288,38.0
1306432,40.0
1306512,48.0
1306544,66.0
1306640,37.0
1306656,45.0
1306688,49.0
1306816,85.0
1306848,49.0
1306864,22.0
1306880,44.0
1306912,64.0
1306928,54.0
1307104,29.0
1307104,85.0
1307264,62.0
1307280,46.0
1307296,103.0
1307360,58.0
1307376,32.0
1307440,49.0
1307472,74.0
1307472,88.0
1307488,50.0
1307488,24.0
1307552,46.0
1307568,40.0
1307728,39.0
1307872,60.0
1307872,37.0
1307920,35.0
1307952,41.0
1308160,56.0
1308208,45.0
1308224,53.0
1308272,50.0
1308272,50.0
1308304,24.0
1308368,93.0
1308400,28.0
1308448,63.0
1308480,47.0
1308496,58.0
1308592,69.0
1308640,112.0
1308656,69.0
1308768,56.0
1308864,40.0
1308896,64.0
1308912,38.0
1308944,49.0
1308960,37.0
1309024,33.0
1309136,58.0
1309168,33.0
1309200,34.0
1309248,30.0
1309280,50.0
1309344,25.0
1309424,72.0
1309424,61.0
1309632,31.0
1309632,42.0
1309648,23.0
1309712,51.0
1309744,45.0
1309776,57.0
1309776,94.0
1309856,41.0
1309872,28.0
1310032,90.0
1310032,38.0
1310064,51.0
1310112,107.0
1310144,61.0
1310192,34.0
1310240,56.0
1310272,35.0
1310272,40.0
1310352,45.0
1310416,42.0
1310496,39.0
1310704,42.0
1310704,40.0
1310704,22.0
1310800,33.0
1310800,64.0
1310816,44.0
1310816,60.0
1310976,46.0
1310976,75.0
1311104,60.0
1311120,26.0
1311152,55.0
1311184,23.0
1311184,72.0
1311216,144.0
1311248,66.0
1311264,48.0
1311328,39.0
1311392,36.0
1311392,61.0
1311408,44.0
1311520,45.0
1311712,24.0
1311728,47.0
1311744,39.0
1311760,34.0
1311808,39.0
1311904,58.0
1311920,41.0
1311920,70.0
1311936,47.0
1312000,53.0
1312064,60.0
1312096,44.0
1312128,38.0
1312288,56.0
1312352,69.0
1312416,38.0
1312432,42.0
1312464,23.0
1312512,48.0
1312512,49.0
1312512,50.0
1312608,75.0
1312640,40.0
1312720,37.0
1312880,60.0
1312928,32.0
1312960,66.0
1313024,42.0
1313040,38.0
1313088,73.0
1313168,33.0
1313248,46.0
1313312,44.0
1313392,58.0
1313392,55.0
1313472,74.0
1313520,22.0
1313520,63.0
1313584,44.0
1313584,103.0
1313600,35.0
1313600,36.0
1313632,98.0
1313648,43.0
1313776,12.0
1313808,55.0
1313904,37.0
1313904,32.0
1313968,28.0
1314016,48.0
1314048,28.0
1314096,28.0
1314304,44.0
1314336,59.0
1314400,37.0
1314416,49.0
1314416,106.0
1314480,44.0
1314496,25.0
1314576,93.0
1314672,68.0
1314720,51.0
1314720,75.0
1314784,82.0
1314832,58.0
1314848,52.0
1314928,33.0
1314944,56.0
1315072,41.0
1315136,35.0
1315200,54.0
1315264,34.0
1315296,62.0
1315312,24.0
1315344,42.0
1315392,34.0
1315408,62.0
1315424,40.0
1315424,37.0
1315568,53.0
1315600,102.0
1315680,75.0
1315824,83.0
1315840,36.0
1315856,57.0
1315904,38.0
1315904,21.0
1316064,41.0
1316176,54.0
1316224,50.0
1316224,55.0
1316320,56.0
1316368,61.0
1316400,79.0
1316416,84.0
1316464,15.0
1316464,35.0
1316592,43.0
1316608,47.0
1316752,58.0
1316768,73.0
1316800,100.0
1316816,40.0
1316848,30.0
1316880,26.0
1317056,76.0
1317072,30.0
1317088,30.0
1317104,44.0
1317104,21.0
1317120,66.0
1317248,64.0
1317264,53.0
1317504,65.0
1317520,44.0
1317520,45.0
1317536,76.0
1317568,51.0
1317584,21.0
1317600,120.0
1317616,32.0
1317680,35.0
1317680,36.0
1317680,50.0
1317808,60.0
1317952,21.0
1317968,57.0
1318000,30.0
1318016,58.0
1318032,32.0
1318048,49.0
1318160,36.0
1318160,35.0
1318240,35.0
1318256,45.0
1318288,38.0
1318400,37.0
1318448,28.0
1318512,90.0
1318528,64.0
1318624,41.0
1318656,68.0
1318736,49.0
1318848,51.0
1318864,51.0
1318944,49.0
1318976,45.0
1318976,81.0
1319152,54.0
1319168,63.0
1319216,61.0
1319232,31.0
1319232,76.0
1319328,11.0
1319376,25.0
1319408,60.0
1319424,35.0
1319424,50.0
1319504,53.0
1319504,61.0
1319584,40.0
1319584,38.0
1319712,21.0
1319760,37.0
1319856,40.0
1319856,91.0
1319872,64.0
1319888,35.0
1319984,47.0
1320000,36.0
1320080,42.0
1320160,36.0
1320272,35.0
1320288,111.0
1320320,29.0
1320320,28.0
1320368,49.0
1320368,54.0
1320384,55.0
1320480,39.0
1320528,23.0
1320544,41.0
1320560,50.0
1320624,87.0
1320704,21.0
1320736,82.0
1320816,52.0
1320864,37.0
1320864,54.0
1320944,39.0
1320960,55.0
1320976,38.0
1320992,38.0
1321008,45.0
1321056,27.0
1321120,24.0
1321216,46.0
1321296,48.0
1321312,31.0
1321408,68.0
1321408,54.0
1321472,38.0
1321472,38.0
1321472,32.0
1321520,29.0
1321552,34.0
1321600,38.0
1321616,57.0
1321648,68.0
1321792,36.0
1321840,54.0
1321904,37.0
1321920,28.0
1322016,38.0
1322048,36.0
1322080,49.0
1322144,46.0
1322144,75.0
1322144,33.0
1322256,71.0
1322256,46.0
1322384,52.0
1322480,63.0
1322544,56.0
1322560,26.0
1322608,51.0
1322624,30.0
1322672,67.0
1322720,40.0
1322848,11.0
1322960,70.0
1322960,66.0
1322992,53.0
1323008,29.0
1323152,69.0
1323216,46.0
1323216,60.0
1323280,56.0
1323296,42.0
1323296,80.0
1323472,76.0
1323488,40.0
1323520,35.0
1323536,61.0
1323568,60.0
1323616,39.0
1323632,26.0
1323664,44.0
1323760,34.0
1323840,120.0
1323840,52.0
1323856,71.0
1323872,36.0
1323968,51.0
1324096,29.0
1324144,53.0
1324144,42.0
1324192,41.0
1324272,47.0
1324304,46.0
1324352,67.0
1324384,12.0
1324416,58.0
1324480,54.0
1324560,56.0
1324592,46.0
1324608,48.0
1324624,13.0
1324640,55.0
1324656,51.0
1324688,37.0
1324688,24.0
1324704,52.0
1324864,11.0
1324896,58.0
1324912,40.0
1324944,37.0
1324976,31.0
1324992,27.0
1325056,23.0
1325136,34.0
1325232,36.0
1325248,39.0
1325312,73.0
1325424,35.0
1325440,66.0
1325456,53.0
1325488,27.0
1325504,38.0
1325568,41.0
1325600,39.0
1325600,56.0
1325648,44.0
1325648,32.0
1325840,26.0
1325888,56.0
1326000,48.0
1326016,26.0
1326032,37.0
1326096,37.0
1326112,54.0
1326144,31.0
1326176,38.0
1326288,50.0
1326304,135.0
1326352,32.0
1326400,50.0
1326432,34.0
1326496,53.0
1326528,67.0
1326528,27.0
1326576,36.0
1326608,123.0
1326672,41.0
1326704,87.0
1326736,44.0
1326784,40.0
1326800,31.0
1326864,43.0
1326880,48.0
1326912,26.0
1327008,36.0
1327024,31.0
1327088,24.0
1327120,37.0
1327152,18.0
1327184,56.0
1327360,39.0
1327360,28.0
1327472,29.0
1327488,68.0
1327504,56.0
1327600,30.0
1327616,46.0
1327616,65.0
1327664,82.0
1327744,45.0
1327840,73.0
1327840,21.0
1327872,67.0
1327920,48.0
1328016,34.0
1328096,38.0
1328112,23.0
1328144,66.0
1328160,34.0
1328176,36.0
1328208,34.0
1328336,61.0
1328384,75.0
1328416,102.0
1328464,28.0
1328496,36.0
1328608,17.0
1328608,62.0
1328704,84.0
1328704,52.0
1328832,39.0
1328848,43.0
1328864,47.0
1328880,24.0
1328944,48.0
1328976,52.0
1329008,57.0
1329056,22.0
1329088,78.0
1329104,31.0
1329120,80.0
1329232,53.0
1329312,56.0
1329424,37.0
1329456,38.0
1329488,39.0
1329584,55.0
1329600,37.0
1329632,13.0
1329680,50.0
1329696,36.0
1329712,38.0
1329728,49.0
1329728,79.0
1329728,70.0
1329792,51.0
1329856,50.0
1329872,24.0
1329904,19.0
1329968,41.0
1329984,47.0
1330048,37.0
1330160,33.0
1330176,68.0
1330224,32.0
1330272,34.0
1330336,47.0
1330352,42.0
1330432,35.0
1330448,47.0
1330528,30.0
1330560,25.0
1330640,46.0
1330720,62.0
1330816,52.0
1330832,54.0
1330848,31.0
1330912,43.0
1330944,48.0
1330960,43.0
1331008,80.0
1331024,77.0
1331088,77.0
1331088,47.0
1331168,46.0
1331232,25.0
1331232,18.0
1331312,29.0
1331392,52.0
1331520,50.0
1331600,49.0
1331616,68.0
1331616,37.0
1331632,39.0
1331632,74.0
1331664,64.0
1331776,51.0
1331792,55.0
1331824,27.0
1331824,46.0
1331872,40.0
1331888,45.0
1331952,54.0
1331984,22.0
1332080,35.0
1332144,52.0
1332224,25.0
1332288,43.0
1332288,26.0
1332320,27.0
1332320,43.0
1332352,36.0
1332352,35.0
1332464,77.0
1332496,34.0
1332624,63.0
1332624,63.0
1332704,30.0
1332720,40.0
1332768,59.0
1332800,51.0
1332960,38.0
1333024,85.0
1333040,26.0
1333040,56.0
1333152,50.0
1333168,44.0
1333280,62.0
1333360,25.0
1333360,40.0
1333424,45.0
1333456,73.0
1333504,63.0
1333504,74.0
1333552,77.0
1333552,24.0
1333584,34.0
1333600,36.0
1333696,56.0
1333728,69.0
1333760,38.0
1333872,52.0
1333952,37.0
1333968,38.0
1333984,24.0
1334000,31.0
1334016,20.0
1334064,49.0
1334080,33.0
1334112,35.0
1334144,45.0
1334144,43.0
1334240,46.0
1334288,95.0
1334304,36.0
1334400,28.0
1334496,30.0
1334496,22.0
1334544,36.0
1334560,50.0
1334720,71.0
1334736,39.0
1334752,48.0
1334784,45.0
1334848,35.0
1334848,61.0
1334864,39.0
1334960,41.0
1335024,39.0
1335024,55.0
1335024,59.0
1335232,42.0
1335328,23.0
1335360,85.0
1335392,53.0
1335440,59.0
1335504,30.0
1335520,41.0
1335584,68.0
1335616,56.0
1335648,50.0
1335664,27.0
1335760,63.0
1335792,63.0
1335824,50.0
1335968,28.0
1336096,78.0
1336112,86.0
1336128,39.0
1336176,46.0
1336256,37.0
1336256,56.0
1336416,39.0
1336416,87.0
1336432,53.0
1336480,41.0
1336528,75.0
1336560,50.0
1336672,66.0
1336736,68.0
1336752,49.0
1336768,32.0
1336816,44.0
1336896,45.0
1336944,53.0
1337120,54.0
1337136,45.0
1337184,66.0
1337200,49.0
1337216,34.0
1337232,47.0
1337360,50.0
1337392,41.0
1337408,55.0
1337408,126.0
1337456,44.0
1337680,31.0
1337760,25.0
1337760,83.0
1337776,63.0
1337776,34.0
1337808,62.0
1337856,60.0
1337904,31.0
1337968,64.0
1338032,36.0
1338048,41.0
1338048,58.0
1338176,65.0
1338224,23.0
1338224,28.0
1338224,63.0
1338288,33.0
1338320,70.0
1338336,36.0
1338384,61.0
1338432,39.0
1338496,45.0
1338640,60.0
1338704,30.0
1338704,50.0
1338752,26.0
1338832,50.0
1338832,49.0
1338848,33.0
1338848,39.0
1338864,51.0
1338928,40.0
1338976,63.0
1339056,52.0
1339088,37.0
1339232,37.0
1339248,26.0
1339296,37.0
1339344,30.0
1339360,38.0
1339376,33.0
1339536,35.0
1339536,28.0
1339568,46.0
1339584,33.0
1339616,48.0
1339648,59.0
1339808,55.0
1339824,103.0
1339872,93.0
1339920,93.0
1339984,47.0
1340032,49.0
1340064,48.0
1340208,39.0
1340208,52.0
1340272,44.0
1340320,21.0
1340416,31.0
1340464,58.0
1340464,53.0
1340464,69.0
1340480,38.0
1340496,72.0
1340592,59.0
1340672,54.0
1340720,43.0
1340880,84.0
1340912,28.0
1340912,40.0
1341008,59.0
1341024,51.0
1341024,35.0
1341056,21.0
1341136,40.0
1341184,85.0
1341200,45.0
1341200,62.0
1341456,36.0
1341456,65.0
1341472,35.0
1341520,29.0
1341616,38.0
1341632,82.0
1341648,61.0
1341760,35.0
1341776,20.0
1341824,22.0
1341872,42.0
1341872,53.0
1341984,60.0
1342032,53.0
1342064,72.0
1342192,36.0
1342224,44.0
1342272,71.0
1342320,42.0
1342320,34.0
1342368,38.0
1342384,120.0
1342480,38.0
1342480,118.0
1342592,33.0
1342640,74.0
1342656,49.0
1342688,54.0
1342720,68.0
1342928,41.0
1342944,29.0
1342960,58.0
1342976,37.0
1343056,67.0
1343088,54.0
1343136,51.0
1343280,57.0
1343296,38.0
1343328,53.0
1343360,48.0
1343440,49.0
1343440,78.0
1343456,51.0
1343456,30.0
1343552,77.0
1343568,53.0
1343664,45.0
1343664,36.0
1343760,44.0
1343792,41.0
1343840,57.0
1343904,34.0
1343952,62.0
1343968,43.0
1343968,40.0
1344016,36.0
1344096,50.0
1344208,41.0
1344224,49.0
1344272,27.0
1344272,51.0
1344288,45.0
1344288,39.0
1344400,24.0
1344432,33.0
1344464,44.0
1344560,37.0
1344656,28.0
1344704,47.0
1344768,61.0
1344784,32.0
1344912,78.0
1344928,40.0
1344928,52.0
1345024,39.0
1345056,37.0
1345072,69.0
1345088,102.0
1345264,62.0
1345264,44.0
1345360,44.0
1345376,59.0
1345424,75.0
1345440,46.0
1345520,37.0
1345648,39.0
1345712,39.0
1345808,46.0
1345840,25.0
1345904,71.0
1345920,71.0
1345952,56.0
1345968,66.0
1346016,41.0
1346192,42.0
1346192,79.0
1346192,51.0
1346304,29.0
1346384,70.0
1346512,35.0
1346528,55.0
1346528,79.0
1346560,142.0
1346576,72.0
1346656,43.0
1346672,60.0
1346704,49.0
1346704,43.0
1346752,59.0
1346752,35.0
1346768,36.0
1346896,20.0
1346960,41.0
1347024,40.0
1347120,76.0
1347184,62.0
1347280,47.0
1347344,37.0
1347456,43.0
1347472,59.0
1347504,50.0
1347568,57.0
1347600,56.0
1347616,54.0
1347712,37.0
1347744,45.0
1347744,49.0
1347840,24.0
1347872,37.0
1347888,86.0
1347984,50.0
1348016,91.0
1348192,95.0
1348240,56.0
1348272,41.0
1348272,48.0
1348368,92.0
1348384,57.0
1348400,50.0
1348432,34.0
1348512,48.0
1348624,47.0
1348624,57.0
1348640,67.0
1348656,51.0
1348720,46.0
1348784,65.0
1348800,26.0
1348800,38.0
1348880,38.0
1348896,31.0
1348928,43.0
1348928,31.0
1348944,36.0
1348976,60.0
1349104,37.0
1349200,35.0
1349312,65.0
1349312,24.0
1349424,39.0
1349456,42.0
1349472,47.0
1349632,46.0
1349664,54.0
1349696,48.0
1349744,40.0
1349776,29.0
1349856,75.0
1349856,41.0
1349872,58.0
1349904,80.0
1350000,43.0
1350000,34.0
1350032,72.0
1350064,90.0
1350256,49.0
1350352,31.0
1350368,37.0
1350432,50.0
1350464,65.0
1350576,13.0
1350576,44.0
1350592,53.0
1350608,47.0
1350624,35.0
1350672,48.0
1350720,109.0
1350848,53.0
1350928,58.0
1350944,80.0
1351024,62.0
1351088,30.0
1351104,27.0
1351168,37.0
1351248,62.0
1351248,56.0
1351264,42.0
1351280,99.0
1351488,54.0
1351488,24.0
1351488,57.0
1351504,49.0
1351536,38.0
1351552,38.0
1351584,72.0
1351600,47.0
1351616,28.0
1351648,24.0
1351904,41.0
1351968,24.0
1351968,26.0
1352080,11.0
1352080,50.0
1352112,103.0
1352160,39.0
1352208,35.0
1352208,74.0
1352224,38.0
1352272,42.0
1352336,52.0
1352400,57.0
1352400,27.0
1352400,72.0
1352464,61.0
1352560,28.0
1352688,100.0
1352704,46.0
1352704,39.0
1352736,78.0
1352752,37.0
1352800,37.0
1352848,36.0
1352896,51.0
1352896,31.0
1352912,44.0
1352928,29.0
1353088,24.0
1353184,24.0
1353200,54.0
1353232,42.0
1353248,53.0
1353280,36.0
1353328,37.0
1353376,39.0
1353376,33.0
1353424,33.0
1353536,82.0
1353568,55.0
1353664,36.0
1353664,48.0
1353760,85.0
1353808,55.0
1353856,30.0
1353888,41.0
1353984,35.0
1354080,56.0
1354096,53.0
1354096,33.0
1354112,75.0
1354128,58.0
1354128,37.0
1354144,51.0
1354160,55.0
1354240,22.0
1354400,46.0
1354448,40.0
1354480,39.0
1354496,70.0
1354528,23.0
1354528,28.0
1354592,31.0
1354672,43.0
1354720,66.0
1354720,60.0
1354768,39.0
1354784,41.0
1354944,51.0
1354976,55.0
1355040,32.0
1355072,37.0
1355088,37.0
1355152,47.0
1355184,26.0
1355216,31.0
1355232,32.0
1355456,54.0
1355472,59.0
1355536,47.0
1355616,34.0
1355712,100.0
1355712,48.0
1355840,43.0
1355856,51.0
1355904,58.0
1355920,44.0
1355952,54.0
1355968,49.0
1356000,33.0
1356048,51.0
1356080,115.0
1356160,39.0
1356256,99.0
1356368,29.0
1356448,46.0
1356464,38.0
1356512,34.0
1356560,40.0
1356640,50.0
1356672,45.0
1356784,44.0
1356832,86.0
1356976,51.0
1356992,46.0
1356992,80.0
1357024,61.0
1357024,35.0
1357088,92.0
1357088,165.0
1357104,27.0
1357120,42.0
1357216,44.0
1357328,83.0
1357408,48.0
1357408,65.0
1357600,39.0
1357616,52.0
1357616,25.0
1357664,52.0
1357696,44.0
1357744,74.0
1357744,45.0
1357760,41.0
1357776,43.0
1357792,42.0
1357920,58.0
1357952,34.0
1357968,23.0
1358096,43.0
1358208,70.0
1358272,33.0
1358272,36.0
1358336,35.0
1358336,23.0
1358368,38.0
1358368,44.0
1358384,29.0
1358384,40.0
1358464,42.0
1358512,93.0
1358576,60.0
1358672,45.0
1358720,69.0
1358832,35.0
1358832,28.0
1358864,96.0
1358880,38.0
1358960,47.0
1359008,57.0
1359056,37.0
1359200,51.0
1359216,55.0
1359232,54.0
1359296,58.0
1359328,62.0
1359344,32.0
1359360,40.0
1359376,20.0
1359456,59.0
1359472,50.0
1359552,45.0
1359600,40.0
1359648,49.0
1359664,49.0
1359696,25.0
1359760,47.0
1359760,34.0
1359808,38.0
1359840,79.0
1359872,33.0
1359920,37.0
1359936,35.0
1360048,24.0
1360064,29.0
1360112,40.0
1360144,43.0
1360304,24.0
1360368,45.0
1360384,32.0
1360400,44.0
1360432,75.0
1360464,39.0
1360496,43.0
1360512,47.0
1360624,54.0
1360656,16.0
1360672,70.0
1360704,41.0
1360752,87.0
1360800,54.0
1360800,46.0
1360832,28.0
1360864,45.0
1360912,50.0
1361088,41.0
1361152,40.0
1361184,55.0
1361328,54.0
1361360,38.0
1361376,34.0
1361376,32.0
1361392,30.0
1361392,46.0
1361520,45.0
1361536,57.0
1361584,76.0
1361616,59.0
1361616,33.0
1361744,59.0
1361904,33.0
1361968,37.0
1362000,81.0
1362016,52.0
1362032,40.0
1362112,31.0
1362144,103.0
1362160,36.0
1362224,67.0
1362240,39.0
1362368,61.0
1362384,54.0
1362416,55.0
1362480,46.0
1362560,35.0
1362560,75.0
1362624,41.0
1362624,45.0
1362640,33.0
1362672,84.0
1362768,47.0
1362800,36.0
1362816,41.0
1362880,31.0
1362912,27.0
1363104,29.0
1363104,46.0
1363136,45.0
1363168,64.0
1363168,58.0
1363184,39.0
1363200,73.0
1363216,41.0
1363360,28.0
1363376,47.0
1363392,39.0
1363456,40.0
1363504,39.0
1363552,47.0
1363568,56.0
1363696,35.0
1363760,37.0
1363792,43.0
1364000,39.0
1364032,51.0
1364032,36.0
1364064,54.0
1364112,47.0
1364176,39.0
1364192,68.0
1364272,44.0
1364272,103.0
1364320,71.0
1364368,75.0
1364368,54.0
1364384,62.0
1364416,45.0
1364432,42.0
1364448,28.0
1364464,27.0
1364640,38.0
1364672,31.0
1364720,25.0
1364768,31.0
1364768,61.0
1364800,46.0
1364832,35.0
1364880,32.0
1364880,43.0
1364944,35.0
1364992,22.0
1365104,42.0
1365200,52.0
1365296,26.0
1365312,53.0
1365312,75.0
1365328,57.0
1365344,39.0
1365344,36.0
1365440,38.0
1365600,45.0
1365632,33.0
1365680,63.0
1365808,63.0
1365840,53.0
1365872,42.0
1365936,31.0
1365952,63.0
1365968,95.0
1366032,43.0
1366048,47.0
1366064,45.0
1366064,46.0
1366160,53.0
1366192,32.0
1366208,90.0
1366352,45.0
1366416,23.0
1366432,29.0
1366448,15.0
1366464,25.0
1366464,39.0
1366480,34.0
1366608,63.0
1366624,42.0
1366688,33.0
1366768,44.0
1366832,40.0
1366992,33.0
1367024,107.0
1367104,40.0
1367152,34.0
1367200,53.0
1367232,34.0
1367280,78.0
1367296,93.0
1367328,57.0
1367360,55.0
1367440,63.0
1367488,45.0
1367504,102.0
1367520,33.0
1367616,73.0
1367664,65.0
1367776,34.0
1367776,39.0
1367840,34.0
1367856,31.0
1367872,65.0
1367904,39.0
1367936,46.0
1367936,57.0
1367936,52.0
1367952,18.0
1368016,32.0
1368112,37.0
1368128,40.0
1368176,21.0
1368208,55.0
1368288,53.0
1368384,27.0
1368480,44.0
1368496,45.0
1368544,40.0
1368560,39.0
1368560,34.0
1368640,32.0
1368672,66.0
1368720,49.0
1368720,27.0
1368736,39.0
1368752,55.0
1368784,38.0
1368864,30.0
1368896,43.0
1368912,23.0
1368928,28.0
1369056,75.0
1369104,73.0
1369200,29.0
1369280,45.0
1369280,38.0
1369376,51.0
1369440,36.0
1369440,50.0
1369440,45.0
1369520,64.0
1369536,49.0
1369600,55.0
1369616,32.0
1369632,36.0
1369824,39.0
1369824,58.0
1369824,56.0
1369856,67.0
1369888,61.0
1370064,49.0
1370160,39.0
1370176,35.0
1370176,46.0
1370208,48.0
1370272,42.0
1370400,48.0
1370400,55.0
1370416,61.0
1370416,37.0
1370432,36.0
1370496,76.0
1370576,25.0
1370608,25.0
1370640,51.0
1370672,53.0
1370720,41.0
1370848,60.0
1370912,46.0
1370960,99.0
1370960,33.0
1370976,44.0
1370992,52.0
1371104,43.0
1371104,44.0
1371104,33.0
1371120,30.0
1371376,29.0
1371424,51.0
1371456,46.0
1371456,49.0
1371584,30.0
1371600,40.0
1371616,75.0
1371664,44.0
1371696,44.0
1371712,54.0
1371728,39.0
1371760,79.0
1371792,11.0
1371808,44.0
1372048,103.0
1372096,70.0
1372096,23.0
1372144,48.0
1372160,44.0
1372160,46.0
1372192,31.0
1372224,26.0
1372240,41.0
1372272,11.0
1372272,38.0
1372288,43.0
1372352,40.0
1372400,59.0
1372416,39.0
1372432,82.0
1372512,47.0
1372688,34.0
1372784,23.0
1372848,41.0
1372864,37.0
1372880,38.0
1372944,45.0
1372992,52.0
1373056,63.0
1373088,62.0
1373280,26.0
1373504,69.0
1373584,40.0
1373616,35.0
1373632,80.0
1373696,51.0
1373728,65.0
1373728,90.0
1373728,81.0
1373888,65.0
1374080,50.0
1374128,31.0
1374160,67.0
1374176,35.0
1374192,88.0
1374208,128.0
1374352,132.0
1374368,40.0
1374384,117.0
1374400,51.0
1374480,93.0
1374560,52.0
1374672,59.0
1374704,63.0
1374800,37.0
1374816,40.0
1374848,60.0
1374944,36.0
1374960,48.0
1374960,35.0
1375024,95.0
1375072,37.0
1375104,61.0
1375104,45.0
1375168,51.0
1375248,36.0
1375360,75.0
1375456,56.0
1375568,38.0
1375584,48.0
1375600,56.0
1375616,42.0
1375664,99.0
1375776,26.0
1375840,55.0
1375872,48.0
1375872,53.0
1375888,49.0
1375920,22.0
1375920,70.0
1375968,32.0
1375984,57.0
1376032,26.0
1376064,51.0
1376080,77.0
1376096,58.0
1376224,40.0
1376352,43.0
1376352,36.0
1376432,37.0
1376464,36.0
1376480,55.0
1376560,40.0
1376624,47.0
1376704,42.0
1376736,47.0
1376736,41.0
1376736,42.0
1376912,22.0
1376960,65.0
1376976,32.0
1377040,43.0
1377056,60.0
1377056,74.0
1377072,53.0
1377088,29.0
1377136,41.0
1377216,49.0
1377312,36.0
1377456,31.0
1377504,50.0
1377536,30.0
1377552,51.0
1377632,56.0
1377648,35.0
1377728,51.0
1377728,86.0
1377744,42.0
1377760,49.0
1377872,119.0
1378000,54.0
1378096,66.0
1378128,39.0
1378144,37.0
1378144,58.0
1378176,26.0
1378192,71.0
1378256,38.0
1378272,60.0
1378288,41.0
1378400,42.0
1378464,45.0
1378512,32.0
1378528,41.0
1378560,52.0
1378640,32.0
1378656,70.0
1378752,41.0
1378800,39.0
1378880,20.0
1378896,44.0
1378976,95.0
1379056,41.0
1379056,50.0
1379120,52.0
1379152,39.0
1379248,46.0
1379296,72.0
1379312,73.0
1379360,56.0
1379440,34.0
1379488,53.0
1379488,52.0
1379504,77.0
1379520,25.0
1379664,49.0
1379664,38.0
1379664,57.0
1379712,41.0
1379872,45.0
1379872,56.0
1379904,37.0
1379920,25.0
1379936,40.0
1379936,27.0
1380000,47.0
1380112,42.0
1380128,48.0
1380256,37.0
1380256,48.0
1380272,92.0
1380384,32.0
1380384,42.0
1380416,34.0
1380416,58.0
1380448,28.0
1380544,39.0
1380560,56.0
1380576,42.0
1380704,28.0
1380832,45.0
1380848,74.0
1380864,38.0
1381024,40.0
1381072,59.0
1381072,39.0
1381136,35.0
1381152,38.0
1381184,22.0
1381232,51.0
1381392,52.0
1381392,34.0
1381424,63.0
1381456,27.0
1381520,99.0
1381552,43.0
1381568,74.0
1381584,55.0
1381632,85.0
1381728,34.0
1381792,40.0
1381792,116.0
1381840,28.0
1381872,30.0
1381904,48.0
1381984,57.0
1382032,60.0
1382096,32.0
1382144,37.0
1382192,20.0
1382224,44.0
1382272,51.0
1382336,27.0
1382368,24.0
1382384,51.0
1382480,43.0
1382512,49.0
1382544,28.0
1382704,67.0
1382704,92.0
1382752,57.0
1382800,36.0
1382880,46.0
1382896,54.0
1382928,37.0
1382944,25.0
1382944,36.0
1383008,39.0
1383008,76.0
1383040,21.0
1383136,107.0
1383136,54.0
1383168,61.0
1383280,50.0
1383312,50.0
1383424,42.0
1383488,38.0
1383504,35.0
1383584,26.0
1383600,42.0
1383600,44.0
1383664,24.0
1383712,44.0
1383744,44.0
1383776,52.0
1383840,44.0
1383936,58.0
1384016,26.0
1384048,57.0
1384048,21.0
1384176,21.0
1384176,43.0
1384192,87.0
1384272,48.0
1384304,100.0
1384384,60.0
1384496,30.0
1384512,58.0
1384560,32.0
1384576,25.0
1384656,66.0
1384656,45.0
1384656,84.0
1384688,40.0
1384688,57.0
1384736,62.0
1384736,67.0
1384800,38.0
1384960,41.0
1385024,47.0
1385072,26.0
1385104,38.0
1385168,32.0
1385168,49.0
1385216,44.0
1385216,30.0
1385280,45.0
1385312,36.0
1385344,41.0
1385360,44.0
1385376,22.0
1385552,86.0
1385552,37.0
1385600,27.0
1385600,24.0
1385632,52.0
1385648,67.0
1385696,30.0
1385792,32.0
1385792,39.0
1385824,47.0
1385872,33.0
1385872,74.0
1385872,32.0
1385888,32.0
1385968,54.0
1385984,24.0
1386208,41.0
1386320,39.0
1386368,36.0
1386368,66.0
1386464,51.0
1386512,60.0
1386528,41.0
1386560,60.0
1386560,46.0
1386608,46.0
1386608,40.0
1386624,52.0
1386672,49.0
1386688,51.0
1386816,22.0
1386880,17.0
1386912,22.0
1386928,35.0
1387056,67.0
1387120,50.0
1387152,40.0
1387168,60.0
1387216,41.0
1387216,43.0
1387296,43.0
1387296,58.0
1387344,41.0
1387408,111.0
1387408,31.0
1387440,32.0
1387504,43.0
1387568,26.0
1387584,60.0
1387664,31.0
1387680,39.0
1387776,56.0
1387792,42.0
1387904,31.0
1387920,39.0
1387952,41.0
1388000,37.0
1388016,50.0
1388064,39.0
1388096,47.0
1388160,59.0
1388208,44.0
1388336,42.0
1388336,47.0
1388480,29.0
1388512,26.0
1388528,60.0
1388528,36.0
1388640,40.0
1388672,62.0
1388688,57.0
1388752,53.0
1388768,27.0
1388864,50.0
1388912,27.0
1388928,37.0
1388992,145.0
1389024,21.0
1389104,27.0
1389120,22.0
1389136,84.0
1389152,62.0
1389168,78.0
1389264,22.0
1389536,49.0
1389536,64.0
1389552,43.0
1389552,39.0
1389584,26.0
1389584,37.0
1389664,35.0
1389728,37.0
1389728,75.0
1389776,41.0
1390144,101.0
1390176,32.0
1390224,126.0
1390272,102.0
1390288,46.0
1390304,48.0
1390336,74.0
1390368,49.0
1390400,71.0
1390400,42.0
1390496,48.0
1390544,62.0
1390608,99.0
1390688,25.0
1390688,57.0
1390688,29.0
1390688,72.0
1390768,39.0
1390816,77.0
1390912,38.0
1390944,36.0
1390960,43.0
1390992,19.0
1391008,52.0
1391056,41.0
1391088,43.0
1391152,38.0
1391248,12.0
1391264,36.0
1391264,36.0
1391312,61.0
1391328,35.0
1391520,44.0
1391552,35.0
1391552,18.0
1391584,36.0
1391648,65.0
1391744,37.0
1391744,78.0
1391776,43.0
1391776,68.0
1391840,36.0
1391936,61.0
1391936,38.0
1391968,64.0
1392048,29.0
1392064,47.0
1392144,31.0
1392224,61.0
1392224,44.0
1392352,24.0
1392368,91.0
1392448,38.0
1392448,44.0
1392480,44.0
1392480,58.0
1392512,46.0
1392704,48.0
1392736,32.0
1392768,64.0
1392784,77.0
1392848,39.0
1392896,34.0
1392976,38.0
1392992,32.0
1393008,35.0
1393008,67.0
1393008,59.0
1393040,56.0
1393248,32.0
1393280,31.0
1393360,57.0
1393440,60.0
1393552,34.0
1393648,42.0
1393664,41.0
1393696,44.0
1393760,47.0
1393776,79.0
1393792,56.0
1393792,34.0
1393808,110.0
1393840,30.0
1393888,70.0
1393888,65.0
1393968,79.0
1393984,59.0
1394080,24.0
1394288,46.0
1394336,56.0
1394368,45.0
1394432,28.0
1394480,37.0
1394496,26.0
1394512,53.0
1394528,46.0
1394576,43.0
1394592,47.0
1394688,58.0
1394736,58.0
1394736,48.0
1394784,63.0
1394848,35.0
1394848,26.0
1394864,67.0
1394896,20.0
1394992,107.0
1395024,32.0
1395056,43.0
1395120,24.0
1395232,13.0
1395248,48.0
1395296,35.0
1395392,56.0
1395408,35.0
1395408,45.0
1395472,39.0
1395504,73.0
1395504,57.0
1395520,62.0
1395680,51.0
1395680,39.0
1395744,28.0
1395840,38.0
1395840,53.0
1395856,67.0
1395920,50.0
1396160,41.0
1396192,49.0
1396208,33.0
1396240,45.0
1396320,51.0
1396320,58.0
1396352,55.0
1396400,41.0
1396432,64.0
1396480,39.0
1396512,37.0
1396544,81.0
1396640,109.0
1396640,50.0
1396704,31.0
1396816,29.0
1396832,72.0
1396896,66.0
1396912,37.0
1397008,29.0
1397040,55.0
1397088,36.0
1397184,54.0
1397216,24.0
1397248,51.0
1397280,55.0
1397296,69.0
1397312,67.0
1397328,53.0
1397376,35.0
1397632,26.0
1397648,59.0
1397696,23.0
1397824,46.0
1397872,39.0
1397920,38.0
1397920,46.0
1397936,81.0
1397936,81.0
1397968,67.0
1398000,23.0
1398000,60.0
1398096,50.0
1398144,48.0
1398240,83.0
1398288,40.0
1398400,33.0
1398448,32.0
1398448,90.0
1398464,48.0
1398480,35.0
1398544,34.0
1398640,44.0
1398640,51.0
1398672,36.0
1398688,48.0
1398736,48.0
1398752,29.0
1398816,23.0
1399024,39.0
1399072,38.0
1399136,41.0
1399152,57.0
1399184,119.0
1399184,65.0
1399232,37.0
1399408,60.0
1399408,37.0
1399440,56.0
1399504,48.0
1399632,25.0
1399632,102.0
1399632,62.0
1399696,64.0
1399712,33.0
1399744,45.0
1399760,39.0
1399776,68.0
1399888,28.0
1399984,50.0
1400048,61.0
1400048,26.0
1400080,42.0
1400128,31.0
1400128,86.0
1400208,44.0
1400384,38.0
1400400,44.0
1400400,32.0
1400464,52.0
1400528,25.0
1400528,48.0
1400608,56.0
1400704,41.0
1400736,83.0
1400736,33.0
1400768,64.0
1400832,53.0
1400880,52.0
1400912,32.0
1400976,114.0
1401008,30.0
1401088,63.0
1401184,30.0
1401216,68.0
1401360,56.0
1401360,30.0
1401440,65.0
1401440,66.0
1401456,34.0
1401472,46.0
1401536,63.0
1401536,35.0
1401600,48.0
1401760,34.0
1401760,20.0
1401792,27.0
1401808,65.0
1401808,75.0
1401856,53.0
1401872,71.0
1401968,55.0
1402000,51.0
1402080,38.0
1402096,46.0
1402224,23.0
1402240,49.0
1402320,33.0
1402352,47.0
1402416,41.0
1402432,35.0
1402432,39.0
1402480,59.0
1402512,34.0
1402608,53.0
1402704,44.0
1402704,73.0
1402768,83.0
1402912,25.0
1402928,31.0
1402928,53.0
1402944,71.0
1402960,54.0
1402992,40.0
1403040,51.0
1403088,42.0
1403120,32.0
1403200,45.0
1403408,61.0
1403456,43.0
1403584,34.0
1403600,80.0
1403600,56.0
1403616,86.0
1403616,43.0
1403632,58.0
1403648,28.0
1403664,44.0
1403792,50.0
1403856,59.0
1403936,63.0
1404080,42.0
1404112,31.0
1404128,65.0
1404160,65.0
1404272,39.0
1404288,39.0
1404320,86.0
1404352,31.0
1404368,27.0
1404416,60.0
1404464,54.0
1404480,55.0
1404592,60.0
1404592,61.0
1404624,32.0
1404816,43.0
1404864,37.0
1404880,81.0
1404928,48.0
1404928,35.0
1404992,40.0
1405024,44.0
1405040,78.0
1405072,41.0
1405072,38.0
1405216,39.0
1405248,39.0
1405264,42.0
1405280,29.0
1405344,66.0
1405376,56.0
1405568,31.0
1405600,45.0
1405600,42.0
1405616,47.0
1405616,36.0
1405680,41.0
1405792,36.0
1405840,110.0
1405840,37.0
1405856,58.0
1405888,38.0
1405888,51.0
1405904,40.0
1405936,21.0
1406000,24.0
1406032,65.0
1406080,32.0
1406208,38.0
1406288,38.0
1406304,29.0
1406336,60.0
1406368,29.0
1406416,67.0
1406432,25.0
1406448,35.0
1406464,29.0
1406480,43.0
1406512,27.0
1406576,43.0
1406608,42.0
1406608,20.0
1406704,54.0
1406800,74.0
1406880,42.0
1406960,41.0
1407024,73.0
1407040,42.0
1407056,38.0
1407072,46.0
1407104,42.0
1407248,52.0
1407264,41.0
1407280,25.0
1407296,43.0
1407312,38.0
1407344,48.0
1407376,57.0
1407424,57.0
1407472,42.0
1407488,24.0
1407568,33.0
1407568,68.0
1407728,41.0
1407744,45.0
1407760,44.0
1407792,34.0
1407872,28.0
1407904,39.0
1407904,59.0
1407936,35.0
1408032,43.0
1408064,31.0
1408128,41.0
1408224,31.0
1408224,30.0
1408304,51.0
1408320,24.0
1408448,36.0
1408464,75.0
1408464,56.0
1408464,73.0
1408480,73.0
1408528,39.0
1408592,43.0
1408592,23.0
1408768,34.0
1408784,30.0
1408832,65.0
1408944,57.0
1408944,74.0
1409008,59.0
1409008,43.0
1409104,61.0
1409184,37.0
1409184,46.0
1409248,48.0
1409280,51.0
1409280,51.0
1409344,25.0
1409392,24.0
1409440,57.0
1409472,63.0
1409520,43.0
1409600,52.0
1409616,42.0
1409632,22.0
1409664,55.0
1409744,40.0
1409808,35.0
1409840,41.0
1409840,52.0
1409904,45.0
1410000,41.0
1410032,26.0
1410048,24.0
1410176,56.0
1410176,99.0
1410176,34.0
1410224,49.0
1410240,53.0
1410256,26.0
1410288,48.0
1410368,56.0
1410416,38.0
1410448,34.0
1410608,54.0
1410672,31.0
1410704,69.0
1410736,35.0
1410768,58.0
1410800,34.0
1410800,47.0
1410880,53.0
1410880,55.0
1410928,30.0
1410944,36.0
1411056,55.0
1411184,28.0
1411232,51.0
1411328,65.0
1411360,47.0
1411392,72.0
1411408,38.0
1411408,33.0
1411472,48.0
1411472,42.0
1411584,44.0
1411584,22.0
1411600,42.0
1411616,53.0
1411744,35.0
1411760,27.0
1411760,44.0
1411824,100.0
1411872,29.0
1411872,29.0
1412032,42.0
1412064,30.0
1412224,22.0
1412240,81.0
1412304,45.0
1412384,40.0
1412400,40.0
1412448,53.0
1412496,69.0
1412624,122.0
1412624,72.0
1412624,35.0
1412656,74.0
1412688,29.0
1412704,59.0
1412704,68.0
1412832,60.0
1412944,40.0
1412944,28.0
1413040,76.0
1413088,24.0
1413136,43.0
1413136,56.0
1413152,33.0
1413168,48.0
1413232,36.0
1413264,77.0
1413360,33.0
1413392,28.0
1413472,24.0
1413632,43.0
1413680,66.0
1413696,34.0
1413712,64.0
1413712,36.0
1413712,42.0
1413808,69.0
1413808,40.0
1413904,80.0
1413920,43.0
1413936,42.0
1414048,26.0
1414064,58.0
1414096,39.0
1414112,25.0
1414304,59.0
1414368,35.0
1414384,42.0
1414384,29.0
1414432,24.0
1414496,69.0
1414496,132.0
1414512,52.0
1414528,51.0
1414544,28.0
1414672,46.0
1414672,61.0
1414688,49.0
1414736,42.0
1414752,23.0
1414816,44.0
1414960,29.0
1414976,28.0
1414992,35.0
1415040,31.0
1415040,22.0
1415056,35.0
1415216,53.0
1415248,46.0
1415312,63.0
1415312,35.0
1415376,40.0
1415424,47.0
1415520,107.0
1415520,71.0
1415552,37.0
1415584,34.0
1415600,35.0
1415696,55.0
1415792,70.0
1415792,34.0
1415872,51.0
1415872,35.0
1415920,34.0
1416048,66.0
1416064,32.0
1416080,41.0
1416096,36.0
1416128,33.0
1416240,58.0
1416320,69.0
1416400,30.0
1416416,39.0
1416448,41.0
1416576,100.0
1416624,11.0
1416656,26.0
1416768,74.0
1416864,62.0
1416896,51.0
1416944,67.0
1416960,56.0
1417040,40.0
1417104,61.0
1417120,89.0
1417152,69.0
1417184,54.0
1417216,28.0
1417248,52.0
1417328,44.0
1417344,48.0
1417408,47.0
1417440,36.0
1417584,39.0
1417744,40.0
1417744,33.0
1417760,32.0
1417776,141.0
1417808,43.0
1417824,58.0
1417968,33.0
1418064,41.0
1418080,65.0
1418128,49.0
1418144,60.0
1418160,52.0
1418272,136.0
1418320,31.0
1418384,40.0
1418384,50.0
1418416,28.0
1418432,39.0
1418448,24.0
1418448,42.0
1418544,24.0
1418592,103.0
1418640,56.0
1418688,58.0
1418768,43.0
1418784,23.0
1418928,50.0
1418960,51.0
1419008,35.0
1419072,120.0
1419072,43.0
1419120,36.0
1419136,47.0
1419184,25.0
1419200,58.0
1419312,39.0
1419328,63.0
1419328,56.0
1419360,45.0
1419376,58.0
1419488,33.0
1419552,60.0
1419616,43.0
1419760,39.0
1419760,36.0
1419760,43.0
1419792,26.0
1419888,43.0
1419920,50.0
1420000,32.0
1420048,61.0
1420112,49.0
1420112,50.0
1420160,25.0
1420256,56.0
1420368,38.0
1420384,86.0
1420448,52.0
1420496,46.0
1420496,73.0
1420560,35.0
1420560,42.0
1420608,115.0
1420624,44.0
1420688,33.0
1420688,36.0
1420688,56.0
1420704,28.0
1420896,49.0
1421040,27.0
1421056,63.0
1421088,45.0
1421120,27.0
1421120,98.0
1421152,44.0
1421200,44.0
1421264,36.0
1421280,45.0
1421360,54.0
1421392,52.0
1421440,25.0
1421488,37.0
1421520,71.0
1421664,34.0
1421728,40.0
1421760,67.0
1421840,76.0
1421840,30.0
1421872,47.0
1421936,34.0
1421952,56.0
1421984,52.0
1422112,24.0
1422144,90.0
1422224,60.0
1422224,64.0
1422240,25.0
1422256,61.0
1422272,52.0
1422272,25.0
1422464,30.0
1422528,65.0
1422560,56.0
1422672,72.0
1422688,29.0
1422720,60.0
1422848,44.0
1422864,57.0
1422896,66.0
1422912,24.0
1422992,66.0
1423008,47.0
1423088,54.0
1423104,62.0
1423104,54.0
1423232,34.0
1423328,41.0
1423376,57.0
1423392,70.0
1423504,41.0
1423504,40.0
1423568,42.0
1423568,63.0
1423568,53.0
1423584,37.0
1423600,83.0
1423616,33.0
1423632,45.0
1423648,34.0
1423664,35.0
1423856,39.0
1423872,30.0
1423936,58.0
1423968,20.0
1423984,25.0
1423984,41.0
1424160,41.0
1424160,35.0
1424192,43.0
1424256,43.0
1424256,37.0
1424272,44.0
1424288,42.0
1424384,26.0
1424464,56.0
1424512,55.0
1424560,39.0
1424576,24.0
1424624,40.0
1424640,30.0
1424688,52.0
1424720,35.0
1424736,54.0
1424784,88.0
1424864,38.0
1424944,60.0
1424944,42.0
1425008,45.0
1425024,28.0
1425072,43.0
1425104,53.0
1425168,24.0
1425232,48.0
1425280,34.0
1425328,48.0
1425392,28.0
1425424,50.0
1425504,35.0
1425536,32.0
1425568,55.0
1425584,26.0
1425600,33.0
1425616,38.0
1425648,63.0
1425680,51.0
1425696,37.0
1425776,28.0
1425824,27.0
1425920,88.0
1425920,26.0
1425920,75.0
1425952,42.0
1425968,27.0
1426064,29.0
1426080,24.0
1426160,37.0
1426336,41.0
1426352,36.0
1426416,74.0
1426464,51.0
1426480,41.0
1426544,70.0
1426544,60.0
1426544,58.0
1426672,47.0
1426720,50.0
1426768,51.0
1426800,52.0
1426816,56.0
1426832,48.0
1426912,47.0
1426912,52.0
1427024,43.0
1427136,49.0
1427200,41.0
1427264,45.0
1427328,54.0
1427344,50.0
1427424,47.0
1427456,39.0
1427488,43.0
1427552,40.0
1427568,53.0
1427632,31.0
1427664,78.0
1427696,42.0
1427712,77.0
1427792,55.0
1427792,19.0
1427824,35.0
1427872,42.0
1427904,22.0
1427920,69.0
1427936,38.0
1428000,41.0
1428016,28.0
1428096,29.0
1428176,47.0
1428176,45.0
1428240,21.0
1428368,36.0
1428416,31.0
1428448,47.0
1428448,49.0
1428480,41.0
1428512,45.0
1428544,34.0
1428544,111.0
1428624,24.0
1428752,55.0
1428784,53.0
1428800,39.0
1428832,46.0
1428912,56.0
1428944,31.0
1428976,79.0
1429136,37.0
1429184,40.0
1429200,25.0
1429232,49.0
1429280,69.0
1429280,41.0
1429280,48.0
1429296,24.0
1429376,39.0
1429408,65.0
1429424,63.0
1429584,50.0
1429712,77.0
1429744,32.0
1429776,50.0
1429824,39.0
1429840,41.0
1429856,64.0
1429872,58.0
1429936,41.0
1429968,34.0
1430048,57.0
1430064,49.0
1430128,45.0
1430128,47.0
1430256,34.0
1430368,15.0
1430400,70.0
1430416,52.0
1430416,37.0
1430432,41.0
1430480,39.0
1430512,34.0
1430528,25.0
1430528,77.0
1430592,53.0
1430640,24.0
1430720,55.0
1430736,42.0
1430768,45.0
1430784,17.0
1430784,53.0
1430880,22.0
1430944,34.0
1430944,67.0
1430976,38.0
1431040,39.0
1431056,39.0
1431264,46.0
1431328,34.0
1431392,32.0
1431408,29.0
1431440,64.0
1431440,41.0
1431488,47.0
1431552,67.0
1431648,38.0
1431712,67.0
1431728,49.0
1431728,21.0
1431824,77.0
1431904,36.0
1432000,59.0
1432032,30.0
1432032,39.0
1432064,81.0
1432064,68.0
1432080,37.0
1432240,26.0
1432272,34.0
1432304,65.0
1432320,38.0
1432336,38.0
1432352,44.0
1432400,25.0
1432512,112.0
1432512,67.0
1432640,35.0
1432688,39.0
1432720,43.0
1432752,82.0
1432752,53.0
1432784,47.0
1432864,37.0
1432992,30.0
1433024,44.0
1433072,48.0
1433152,57.0
1433184,42.0
1433280,26.0
1433296,38.0
1433376,64.0
1433520,21.0
1433536,47.0
1433552,72.0
1433584,37.0
1433744,45.0
1433856,35.0
1433920,73.0
1433952,55.0
1434016,86.0
1434112,52.0
1434128,61.0
1434160,114.0
1434160,36.0
1434192,40.0
1434208,52.0
1434448,44.0
1434496,152.0
1434496,40.0
1434544,64.0
1434544,26.0
1434544,21.0
1434560,34.0
1434592,27.0
1434608,116.0
1434640,69.0
1434656,29.0
1434736,18.0
1434752,52.0
1434832,132.0
1434864,47.0
1434896,59.0
1434928,27.0
1434992,22.0
1435104,35.0
1435104,38.0
1435136,37.0
1435200,28.0
1435200,40.0
1435216,39.0
1435280,46.0
1435376,48.0
1435392,33.0
1435552,39.0
1435600,31.0
1435600,31.0
1435696,50.0
1435728,67.0
1435728,62.0
1435792,102.0
1435808,42.0
1435808,61.0
1435904,39.0
1436096,56.0
1436144,21.0
1436160,27.0
1436176,50.0
1436192,75.0
1436208,41.0
1436224,64.0
1436256,33.0
1436320,45.0
1436320,58.0
1436336,40.0
1436448,41.0
1436624,64.0
1436640,28.0
1436688,23.0
1436720,57.0
1436832,43.0
1436832,101.0
1436848,37.0
1436912,43.0
1436912,47.0
1436944,65.0
1437088,28.0
1437136,58.0
1437152,13.0
1437168,62.0
1437264,51.0
1437328,40.0
1437344,32.0
1437360,28.0
1437392,81.0
1437504,55.0
1437536,75.0
1437568,46.0
1437600,32.0
1437728,63.0
1437744,37.0
1437824,35.0
1437936,37.0
1437952,65.0
1438000,52.0
1438016,32.0
1438032,107.0
1438080,43.0
1438256,56.0
1438304,36.0
1438304,46.0
1438304,35.0
1438400,36.0
1438432,69.0
1438544,38.0
1438608,33.0
1438688,46.0
1438816,123.0
1438848,78.0
1438880,39.0
1438912,56.0
1438944,40.0
1438992,62.0
1439008,61.0
1439040,40.0
1439056,47.0
1439072,33.0
1439072,40.0
1439120,99.0
1439264,41.0
1439472,37.0
1439472,73.0
1439488,40.0
1439520,32.0
1439600,34.0
1439648,46.0
1439648,24.0
1439744,42.0
1439840,50.0
1439968,23.0
1439984,32.0
1439984,57.0
1440000,82.0
1440064,36.0
1440080,27.0
1440080,60.0
1440080,79.0
1440144,31.0
1440224,44.0
1440240,78.0
1440336,37.0
1440352,32.0
1440432,60.0
1440448,207.0
1440528,34.0
1440560,37.0
1440576,102.0
1440608,34.0
1440720,46.0
1440864,49.0
1440880,40.0
1440896,56.0
1440976,56.0
1441040,43.0
1441056,39.0
1441056,61.0
1441088,54.0
1441136,38.0
1441232,23.0
1441312,21.0
1441344,63.0
1441344,39.0
1441344,49.0
1441376,50.0
1441376,77.0
1441520,29.0
1441536,40.0
1441664,22.0
1441712,23.0
1441728,22.0
1441792,46.0
1441824,76.0
1441872,62.0
1441888,41.0
1441904,48.0
1441920,92.0
1441936,56.0
1441984,40.0
1442032,41.0
1442048,60.0
1442064,45.0
1442064,33.0
1442224,21.0
1442240,32.0
1442256,37.0
1442304,24.0
1442544,32.0
1442544,38.0
1442576,42.0
1442576,54.0
1442592,48.0
1442608,68.0
1442624,25.0
1442656,42.0
1442704,40.0
1442720,53.0
1442784,45.0
1442800,31.0
1442912,41.0
1442912,54.0
1442992,75.0
1443056,28.0
1443328,49.0
1443344,50.0
1443344,34.0
1443360,48.0
1443376,42.0
1443408,52.0
1443536,81.0
1443536,51.0
1443632,45.0
1443632,63.0
1443664,47.0
1443776,27.0
1443824,52.0
1443872,51.0
1443920,35.0
1443936,72.0
1444112,46.0
1444128,97.0
1444128,92.0
1444192,35.0
1444224,51.0
1444224,37.0
1444272,46.0
1444288,60.0
1444352,51.0
1444384,38.0
1444416,47.0
1444448,69.0
1444512,25.0
1444592,45.0
1444672,47.0
1444672,28.0
1444688,35.0
1444736,57.0
1444784,41.0
1444800,54.0
1444912,33.0
1444928,40.0
1445024,47.0
1445056,34.0
1445072,39.0
1445088,26.0
1445232,19.0
1445248,36.0
1445280,34.0
1445280,66.0
1445312,45.0
1445392,61.0
1445488,81.0
1445520,31.0
1445568,48.0
1445680,62.0
1445696,40.0
1445712,85.0
1445728,59.0
1445776,54.0
1445808,36.0
1445904,39.0
1445920,52.0
1445920,38.0
1445984,46.0
1446128,66.0
1446192,31.0
1446224,46.0
1446256,33.0
1446304,49.0
1446384,42.0
1446400,52.0
1446400,39.0
1446528,21.0
1446528,34.0
1446544,39.0
1446592,57.0
1446592,42.0
1446688,35.0
1446736,58.0
1446832,58.0
1446896,37.0
1446912,95.0
1446960,44.0
1446960,35.0
1446960,27.0
1446992,38.0
1446992,48.0
1447216,51.0
1447296,35.0
1447296,24.0
1447328,49.0
1447328,46.0
1447344,41.0
1447344,129.0
1447392,35.0
1447408,28.0
1447456,35.0
1447504,34.0
1447504,32.0
1447664,23.0
1447680,29.0
1447696,46.0
1447904,32.0
1448000,63.0
1448096,47.0
1448096,98.0
1448176,42.0
1448224,102.0
1448224,56.0
1448256,60.0
1448304,60.0
1448336,42.0
1448400,31.0
1448448,59.0
1448528,67.0
1448544,71.0
1448592,57.0
1448608,57.0
1448640,34.0
1448656,22.0
1448720,39.0
1448752,26.0
1448816,37.0
1448848,39.0
1448912,41.0
1448944,59.0
1448976,36.0
1449008,52.0
1449040,31.0
1449088,35.0
1449120,42.0
1449328,125.0
1449392,40.0
1449392,50.0
1449392,49.0
1449408,47.0
1449408,25.0
1449520,50.0
1449536,45.0
1449600,47.0
1449696,41.0
1449744,26.0
1449744,50.0
1449808,25.0
1449808,45.0
1449840,54.0
1449840,45.0
1449872,60.0
1449952,35.0
1449952,35.0
1449968,35.0
1450128,37.0
1450128,38.0
1450160,48.0
1450176,21.0
1450240,25.0
1450352,41.0
1450448,40.0
1450464,37.0
1450480,115.0
1450576,52.0
1450576,26.0
1450608,40.0
1450640,56.0
1450704,47.0
1450704,47.0
1450848,45.0
1450864,43.0
1450960,31.0
1450976,25.0
1450976,23.0
1450992,47.0
1451008,35.0
1451024,76.0
1451088,60.0
1451200,100.0
1451312,38.0
1451440,46.0
1451472,70.0
1451472,52.0
1451568,37.0
1451600,25.0
1451616,40.0
1451616,39.0
1451696,43.0
1451696,70.0
1451712,39.0
1451712,53.0
1451728,78.0
1451936,57.0
1452032,35.0
1452032,45.0
1452064,37.0
1452080,24.0
1452224,31.0
1452336,39.0
1452336,56.0
1452368,47.0
1452368,95.0
1452416,50.0
1452448,55.0
1452512,51.0
1452624,35.0
1452800,29.0
1452816,55.0
1452832,31.0
1452848,78.0
1452848,48.0
1452864,31.0
1452960,78.0
1453008,128.0
1453072,28.0
1453248,50.0
1453328,81.0
1453376,60.0
1453392,55.0
1453424,75.0
1453472,90.0
1453536,43.0
1453680,38.0
1453808,90.0
1453888,29.0
1453888,67.0
1453920,68.0
1453952,68.0
1453952,30.0
1453952,72.0
1453968,70.0
1454096,26.0
1454112,69.0
1454128,37.0
1454160,57.0
1454176,50.0
1454208,25.0
1454224,52.0
1454256,81.0
1454384,66.0
1454464,32.0
1454528,40.0
1454544,41.0
1454544,23.0
1454576,41.0
1454704,36.0
1454768,51.0
1454768,51.0
1454928,60.0
1454944,11.0
1454976,45.0
1454976,47.0
1455024,57.0
1455088,39.0
1455120,64.0
1455184,41.0
1455264,45.0
1455264,35.0
1455280,56.0
1455296,23.0
1455408,52.0
1455488,32.0
1455488,32.0
1455648,93.0
1455648,33.0
1455664,91.0
1455680,46.0
1455712,28.0
1455744,41.0
1455808,65.0
1455904,39.0
1455920,41.0
1455936,57.0
1455984,31.0
1456000,51.0
1456048,94.0
1456112,51.0
1456176,29.0
1456240,52.0
1456304,51.0
1456304,40.0
1456336,37.0
1456352,44.0
1456368,28.0
1456432,39.0
1456576,56.0
1456624,45.0
1456624,20.0
1456704,41.0
1456752,40.0
1456768,48.0
1456800,54.0
1456816,52.0
1456880,44.0
1456896,41.0
1456928,80.0
1457104,25.0
1457104,47.0
1457184,47.0
1457216,53.0
1457216,20.0
1457344,45.0
1457344,65.0
1457344,33.0
1457360,64.0
1457488,35.0
1457504,55.0
1457520,45.0
1457520,26.0
1457536,41.0
1457600,52.0
1457664,68.0
1457664,35.0
1457728,34.0
1457744,25.0
1457808,37.0
1457824,67.0
1457824,29.0
1457904,43.0
1457952,38.0
1458080,22.0
1458096,35.0
1458112,39.0
1458112,48.0
1458192,28.0
1458208,43.0
1458304,40.0
1458432,22.0
1458448,21.0
1458480,41.0
1458528,58.0
1458576,29.0
1458576,67.0
1458656,35.0
1458688,49.0
1458704,55.0
1458704,65.0
1458720,33.0
1458784,61.0
1458896,20.0
1458928,88.0
1458944,23.0
1458960,47.0
1459008,33.0
1459104,42.0
1459168,30.0
1459248,50.0
1459264,34.0
1459328,50.0
1459360,25.0
1459392,68.0
1459408,25.0
1459408,47.0
1459504,45.0
1459552,53.0
1459568,54.0
1459632,33.0
1459680,108.0
1459712,51.0
1459792,33.0
1459792,25.0
1459904,31.0
1459904,61.0
1460048,55.0
1460080,47.0
1460112,47.0
1460160,47.0
1460176,38.0
1460192,35.0
1460352,50.0
1460416,46.0
1460480,43.0
1460512,21.0
1460544,24.0
1460576,33.0
1460624,86.0
1460624,45.0
1460624,70.0
1460624,45.0
1460688,36.0
1460864,49.0
1460928,46.0
1460944,72.0
1461008,129.0
1461024,30.0
1461056,36.0
1461152,33.0
1461232,41.0
1461248,39.0
1461296,55.0
1461296,42.0
1461296,42.0
1461376,104.0
1461456,48.0
1461616,37.0
1461680,47.0
1461744,43.0
1461760,47.0
1461776,52.0
1461776,89.0
1461792,35.0
1461856,62.0
1461872,45.0
1461872,36.0
1461904,38.0
1461968,42.0
1462144,29.0
1462192,51.0
1462240,30.0
1462288,65.0
1462320,44.0
1462352,36.0
1462464,63.0
1462480,44.0
1462592,39.0
1462592,43.0
1462640,53.0
1462656,23.0
1462688,136.0
1462704,32.0
1462704,22.0
1462704,60.0
1462720,36.0
1462816,59.0
1462896,12.0
1462944,44.0
1463056,29.0
1463072,26.0
1463152,81.0
1463232,34.0
1463280,43.0
1463280,36.0
1463296,61.0
1463296,30.0
1463344,92.0
1463392,42.0
1463424,49.0
1463424,22.0
1463440,61.0
1463472,62.0
1463648,44.0
1463664,48.0
1463808,36.0
1463824,42.0
1463888,14.0
1463888,26.0
1463920,54.0
1463936,40.0
1463984,43.0
1464048,39.0
1464048,84.0
1464112,43.0
1464160,45.0
1464160,51.0
1464192,57.0
1464208,58.0
1464336,32.0
1464400,32.0
1464400,32.0
1464432,65.0
1464512,44.0
1464608,42.0
1464656,31.0
1464656,42.0
1464752,44.0
1464800,72.0
1464816,48.0
1464816,38.0
1464848,41.0
1465008,25.0
1465104,42.0
1465152,65.0
1465216,55.0
1465232,67.0
1465264,38.0
1465296,49.0
1465328,30.0
1465376,35.0
1465472,23.0
1465472,67.0
1465488,43.0
1465520,48.0
1465536,55.0
1465552,34.0
1465552,102.0
1465632,25.0
1465632,77.0
1465664,53.0
1465888,46.0
1465888,25.0
1465984,48.0
1466032,41.0
1466048,33.0
1466064,33.0
1466064,32.0
1466064,37.0
1466080,47.0
1466096,34.0
1466112,51.0
1466128,41.0
1466256,37.0
1466368,46.0
1466416,49.0
1466432,73.0
1466544,31.0
1466640,34.0
1466736,42.0
1466784,42.0
1466848,49.0
1466864,31.0
1466864,61.0
1466896,48.0
1466976,56.0
1466976,21.0
1467088,41.0
1467120,54.0
1467136,69.0
1467216,50.0
1467248,85.0
1467344,80.0
1467360,36.0
1467488,32.0
1467552,44.0
1467584,100.0
1467600,44.0
1467632,34.0
1467632,41.0
1467648,32.0
1467664,20.0
1467680,59.0
1467792,36.0
1467824,21.0
1467952,88.0
1468064,75.0
1468128,55.0
1468224,54.0
1468256,39.0
1468272,40.0
1468320,48.0
1468384,49.0
1468400,38.0
1468432,23.0
1468448,31.0
1468448,99.0
1468496,57.0
1468720,28.0
1468752,58.0
1468800,72.0
1468816,106.0
1468832,73.0
1468848,37.0
1468864,74.0
1468864,26.0
1468960,32.0
1468976,47.0
1469136,47.0
1469136,24.0
1469200,50.0
1469360,34.0
1469360,32.0
1469504,44.0
1469552,89.0
1469664,29.0
1469728,54.0
1469744,82.0
1469744,24.0
1469760,56.0
1469824,53.0
1469856,45.0
1469888,73.0
1469904,67.0
1470048,97.0
1470080,33.0
1470128,29.0
1470128,113.0
1470144,63.0
1470192,77.0
1470224,45.0
1470384,64.0
1470432,43.0
1470448,37.0
1470448,43.0
1470464,46.0
1470480,22.0
1470576,52.0
1470688,49.0
1470704,41.0
1470704,55.0
1470784,37.0
1470864,40.0
1470880,25.0
1470912,48.0
1470928,31.0
1470944,35.0
1470976,53.0
1471056,38.0
1471072,23.0
1471264,43.0
1471392,43.0
1471392,82.0
1471424,61.0
1471504,28.0
1471520,102.0
1471552,36.0
1471568,69.0
1471584,42.0
1471632,44.0
1471680,46.0
1471696,63.0
1471728,59.0
1471728,41.0
1471904,64.0
1472000,31.0
1472032,29.0
1472064,42.0
1472128,54.0
1472128,79.0
1472160,40.0
1472192,40.0
1472208,36.0
1472224,50.0
1472480,68.0
1472592,43.0
1472608,57.0
1472624,35.0
1472640,57.0
1472816,68.0
1472816,39.0
1472864,40.0
1472912,55.0
1472960,52.0
1473008,25.0
1473040,65.0
1473136,34.0
1473152,92.0
1473184,35.0
1473216,46.0
1473216,66.0
1473232,103.0
1473264,39.0
1473264,66.0
1473344,76.0
1473520,35.0
1473584,48.0
1473584,42.0
1473664,27.0
1473680,42.0
1473696,52.0
1473776,35.0
1473824,49.0
1473856,37.0
1473856,44.0
1473856,40.0
1473904,48.0
1473984,40.0
1474016,52.0
1474208,43.0
1474240,41.0
1474272,63.0
1474368,97.0
1474400,36.0
1474400,31.0
1474432,36.0
1474464,49.0
1474464,48.0
1474480,39.0
1474496,52.0
1474544,48.0
1474672,25.0
1474704,70.0
1474704,45.0
1474784,48.0
1474880,28.0
1474896,43.0
1474928,28.0
1475024,39.0
1475088,34.0
1475152,49.0
1475184,83.0
1475200,60.0
1475264,54.0
1475280,24.0
1475328,54.0
1475360,54.0
1475456,47.0
1475504,45.0
1475584,44.0
1475648,59.0
1475664,29.0
1475808,39.0
1475808,84.0
1475888,39.0
1475904,55.0
1475920,48.0
1476000,83.0
1476016,58.0
1476080,50.0
1476160,77.0
1476192,46.0
1476208,39.0
1476272,22.0
1476416,47.0
1476432,67.0
1476432,58.0
1476448,35.0
1476448,34.0
1476464,41.0
1476480,25.0
1476512,54.0
1476576,78.0
1476656,24.0
1476736,58.0
1476816,25.0
1476816,22.0
1477008,53.0
1477056,38.0
1477104,56.0
1477120,69.0
1477136,44.0
1477136,44.0
1477168,37.0
1477248,66.0
1477296,81.0
1477344,33.0
1477408,42.0
1477472,62.0
1477488,42.0
1477488,52.0
1477664,38.0
1477664,34.0
1477728,80.0
1477808,44.0
1477872,54.0
1477872,85.0
1477904,48.0
1478016,34.0
1478016,42.0
1478096,58.0
1478128,52.0
1478176,28.0
1478192,66.0
1478192,44.0
1478192,44.0
1478224,61.0
1478224,35.0
1478240,52.0
1478240,36.0
1478816,36.0
1478832,44.0
1478832,38.0
1478880,43.0
1478912,63.0
1478944,53.0
1478976,47.0
1479008,48.0
1479040,53.0
1479040,73.0
1479056,74.0
1479056,55.0
1479120,69.0
1479136,59.0
1479184,86.0
1479232,25.0
1479408,87.0
1479408,33.0
1479440,38.0
1479440,39.0
1479600,41.0
1479616,31.0
1479616,40.0
1479632,36.0
1479648,26.0
1479680,40.0
1479712,36.0
1479808,39.0
1479952,56.0
1480000,60.0
1480064,26.0
1480128,43.0
1480128,45.0
1480160,78.0
1480304,37.0
1480336,56.0
1480336,45.0
1480400,49.0
1480496,93.0
1480496,51.0
1480560,14.0
1480576,39.0
1480592,74.0
1480672,42.0
1480672,23.0
1480768,60.0
1480912,53.0
1480928,48.0
1480960,52.0
1480992,54.0
1481040,40.0
1481104,94.0
1481120,93.0
1481216,45.0
1481232,40.0
1481312,46.0
1481328,52.0
1481344,63.0
1481392,45.0
1481408,23.0
1481440,28.0
1481440,33.0
1481616,59.0
1481632,44.0
1481632,42.0
1481664,69.0
1481744,61.0
1481760,33.0
1481792,25.0
1481840,39.0
1481856,46.0
1481888,28.0
1481952,38.0
1482080,40.0
1482096,48.0
1482192,36.0
1482208,36.0
1482288,74.0
1482304,35.0
1482384,47.0
1482400,40.0
1482400,62.0
1482400,38.0
1482416,69.0
1482416,33.0
1482464,32.0
1482624,49.0
1482688,64.0
1482752,42.0
1482752,56.0
1482768,42.0
1482816,26.0
1482816,39.0
1482976,36.0
1483008,37.0
1483024,39.0
1483072,54.0
1483104,43.0
1483120,52.0
1483280,33.0
1483312,58.0
1483376,47.0
1483440,39.0
1483440,39.0
1483456,43.0
1483472,29.0
1483504,47.0
1483584,70.0
1483648,42.0
1483728,39.0
1483856,52.0
1483904,28.0
1483904,76.0
1483936,51.0
1484016,23.0
1484032,41.0
1484064,49.0
1484064,62.0
1484192,45.0
1484224,20.0
1484288,49.0
1484320,126.0
1484352,57.0
1484400,60.0
1484400,51.0
1484416,35.0
1484416,69.0
1484480,34.0
1484784,29.0
1484800,36.0
1484832,48.0
1484912,55.0
1484944,76.0
1484960,42.0
1484976,35.0
1485056,41.0
1485184,73.0
1485200,81.0
1485200,49.0
1485248,26.0
1485264,49.0
1485328,61.0
1485328,58.0
1485376,82.0
1485424,77.0
1485520,35.0
1485552,48.0
1485600,39.0
1485664,45.0
1485712,24.0
1485792,29.0
1485792,37.0
1485840,29.0
1485856,42.0
1486048,78.0
1486064,51.0
1486080,41.0
1486096,36.0
1486176,79.0
1486224,64.0
1486240,24.0
1486256,62.0
1486320,41.0
1486352,40.0
1486384,37.0
1486400,38.0
1486528,43.0
1486528,61.0
1486672,67.0
1486704,38.0
1486736,41.0
1486736,43.0
1486848,42.0
1486864,113.0
1486896,40.0
1486960,36.0
1487088,43.0
1487088,53.0
1487152,52.0
1487184,41.0
1487232,63.0
1487248,32.0
1487280,24.0
1487360,52.0
1487392,65.0
1487456,45.0
1487504,40.0
1487504,52.0
1487568,26.0
1487584,25.0
1487600,32.0
1487664,36.0
1487680,27.0
1487680,18.0
1487712,47.0
1487824,110.0
1487920,20.0
1487936,23.0
1488080,77.0
1488112,88.0
1488128,53.0
1488144,40.0
1488176,51.0
1488208,47.0
1488320,51.0
1488368,43.0
1488432,53.0
1488496,52.0
1488576,40.0
1488592,42.0
1488608,30.0
1488624,32.0
1488624,50.0
1488688,63.0
1488816,69.0
1488832,41.0
1488976,34.0
1488992,23.0
1488992,57.0
1488992,42.0
1489024,112.0
1489072,58.0
1489088,30.0
1489088,45.0
1489120,57.0
1489232,34.0
1489264,48.0
1489328,32.0
1489424,27.0
1489456,52.0
1489488,31.0
1489504,42.0
1489568,62.0
1489616,64.0
1489632,34.0
1489664,37.0
1489680,37.0
1489712,37.0
1489840,51.0
1489888,41.0
1489920,31.0
1490048,45.0
1490128,39.0
1490144,41.0
1490176,74.0
1490224,35.0
1490240,38.0
1490240,39.0
1490304,65.0
1490400,35.0
1490400,59.0
1490448,92.0
1490512,50.0
1490528,40.0
1490528,53.0
1490624,66.0
1490640,29.0
1490656,26.0
1490656,38.0
1490688,29.0
1490704,35.0
1490736,51.0
1490752,32.0
1490880,30.0
1490960,32.0
1491024,24.0
1491024,45.0
1491040,57.0
1491152,39.0
1491168,32.0
1491184,35.0
1491200,42.0
1491216,30.0
1491296,56.0
1491312,41.0
1491312,22.0
1491312,39.0
1491600,27.0
1491600,68.0
1491600,35.0
1491616,27.0
1491776,47.0
1491776,39.0
1491808,69.0
1491824,38.0
1491824,67.0
1491840,51.0
1491856,61.0
1491888,36.0
1492096,49.0
1492096,31.0
1492096,31.0
1492096,50.0
1492096,56.0
1492176,36.0
1492288,25.0
1492304,30.0
1492320,30.0
1492352,36.0
1492448,39.0
1492480,54.0
1492496,25.0
1492496,25.0
1492512,26.0
1492512,41.0
1492656,21.0
1492672,36.0
1492800,39.0
1492816,65.0
1492848,47.0
1492864,66.0
1492928,26.0
1492944,40.0
1493008,32.0
1493040,24.0
1493104,51.0
1493216,119.0
1493232,46.0
1493248,48.0
1493264,51.0
1493264,57.0
1493280,30.0
1493360,26.0
1493392,24.0
1493456,38.0
1493488,42.0
1493504,52.0
1493568,44.0
1493584,41.0
1493632,70.0
1493632,33.0
1493648,24.0
1493856,51.0
1493968,45.0
1494016,23.0
1494064,38.0
1494080,36.0
1494080,50.0
1494096,46.0
1494144,57.0
1494160,36.0
1494176,34.0
1494288,45.0
1494336,20.0
1494368,55.0
1494624,62.0
1494656,90.0
1494688,37.0
1494752,93.0
1494784,51.0
1494800,39.0
1494864,92.0
1494928,37.0
1494928,53.0
1494976,56.0
1495056,56.0
1495088,21.0
1495184,56.0
1495184,83.0
1495200,52.0
1495200,25.0
1495216,67.0
1495312,78.0
1495376,37.0
1495408,49.0
1495472,49.0
1495616,35.0
1495616,33.0
1495632,27.0
1495664,63.0
1495744,51.0
1495760,28.0
1495760,36.0
1495840,61.0
1495952,61.0
1495968,31.0
1496080,72.0
1496096,55.0
1496112,22.0
1496112,57.0
1496144,48.0
1496192,49.0
1496224,30.0
1496272,68.0
1496304,42.0
1496336,45.0
1496352,37.0
1496512,25.0
1496528,54.0
1496592,28.0
1496640,64.0
1496688,45.0
1496768,36.0
1496800,28.0
1496848,63.0
1496912,40.0
1496912,51.0
1496944,62.0
1496944,45.0
1496960,55.0
1497008,31.0
1497008,30.0
1497040,58.0
1497264,58.0
1497328,46.0
1497344,41.0
1497456,28.0
1497488,43.0
1497488,28.0
1497536,48.0
1497584,46.0
1497616,44.0
1497696,66.0
1497728,49.0
1497792,33.0
1497792,52.0
1497824,23.0
1497888,61.0
1497952,63.0
1498048,32.0
1498048,109.0
1498080,37.0
1498144,50.0
1498336,47.0
1498368,85.0
1498432,69.0
1498448,41.0
1498448,35.0
1498464,53.0
1498496,63.0
1498512,49.0
1498512,51.0
1498640,53.0
1498704,47.0
1498720,40.0
1498720,42.0
1498784,60.0
1498832,43.0
1498960,32.0
1498992,39.0
1498992,22.0
1499040,44.0
1499072,36.0
1499136,19.0
1499184,47.0
1499200,47.0
1499280,77.0
1499296,52.0
1499296,49.0
1499344,39.0
1499408,26.0
1499616,52.0
1499616,56.0
1499648,71.0
1499664,20.0
1499712,40.0
1499728,27.0
1499776,46.0
1499856,45.0
1499872,55.0
1499888,58.0
1499920,45.0
1499920,76.0
1499936,20.0
1499984,23.0
1500176,56.0
1500176,32.0
1500224,36.0
1500240,24.0
1500336,39.0
1500352,36.0
1500400,30.0
1500416,70.0
1500432,64.0
1500496,36.0
1500496,39.0
1500560,42.0
1500688,44.0
1500720,96.0
1500736,24.0
1500816,40.0
1500832,37.0
1500880,59.0
1501152,46.0
1501152,51.0
1501152,47.0
1501168,28.0
1501184,47.0
1501200,40.0
1501216,62.0
1501280,69.0
1501280,49.0
1501408,57.0
1501536,44.0
1501552,51.0
1501648,60.0
1501664,29.0
1501680,54.0
1501712,52.0
1501744,36.0
1501760,127.0
1501808,41.0
1501856,36.0
1501888,38.0
1501952,50.0
1501968,51.0
1501984,48.0
1502048,40.0
1502064,55.0
1502160,31.0
1502272,33.0
1502272,35.0
1502288,47.0
1502336,43.0
1502336,49.0
1502352,37.0
1502416,35.0
1502544,36.0
1502592,57.0
1502608,34.0
1502768,27.0
1502800,51.0
1502816,63.0
1502848,31.0
1502864,33.0
1502896,38.0
1502992,59.0
1502992,65.0
1503040,72.0
1503072,50.0
1503168,36.0
1503184,40.0
1503232,60.0
1503296,55.0
1503296,25.0
1503440,37.0
1503600,62.0
1503680,32.0
1503680,55.0
1503696,55.0
1503696,52.0
1503744,61.0
1503744,42.0
1503824,49.0
1504016,17.0
1504016,64.0
1504048,47.0
1504096,121.0
1504096,50.0
1504192,37.0
1504240,78.0
1504320,36.0
1504320,39.0
1504368,58.0
1504368,43.0
1504448,76.0
1504464,49.0
1504480,49.0
1504560,86.0
1504560,29.0
1504640,34.0
1504656,40.0
1504672,41.0
1504704,55.0
1504864,31.0
1504912,54.0
1504928,28.0
1504976,46.0
1504976,21.0
1505040,45.0
1505104,57.0
1505168,29.0
1505328,48.0
1505408,68.0
1505424,48.0
1505440,55.0
1505456,49.0
1505488,65.0
1505552,74.0
1505552,43.0
1505680,36.0
1505712,49.0
1505728,43.0
1505808,56.0
1505904,46.0
1506016,38.0
1506048,21.0
1506048,37.0
1506080,69.0
1506080,101.0
1506080,33.0
1506096,70.0
1506176,53.0
1506176,39.0
1506256,48.0
1506304,54.0
1506320,26.0
1506448,25.0
1506512,68.0
1506528,45.0
1506752,44.0
1506752,42.0
1506832,19.0
1506848,48.0
1506848,52.0
1506848,70.0
1506912,77.0
1506912,46.0
1507040,46.0
1507216,65.0
1507232,45.0
1507248,62.0
1507264,51.0
1507264,73.0
1507280,23.0
1507312,35.0
1507344,64.0
1507392,34.0
1507440,43.0
1507552,45.0
1507616,48.0
1507696,101.0
1507696,29.0
1507744,52.0
1507744,31.0
1507744,44.0
1507856,36.0
1507888,42.0
1507904,40.0
1507920,38.0
1507968,33.0
1507984,37.0
1508016,25.0
1508224,42.0
1508288,24.0
1508304,38.0
1508352,29.0
1508384,70.0
1508416,35.0
1508432,43.0
1508464,30.0
1508496,47.0
1508512,48.0
1508560,34.0
1508576,38.0
1508656,46.0
1508720,86.0
1508784,25.0
1508800,122.0
1508848,21.0
1509008,37.0
1509104,55.0
1509104,88.0
1509136,52.0
1509136,49.0
1509168,38.0
1509168,55.0
1509216,40.0
1509232,46.0
1509232,48.0
1509376,33.0
1509376,45.0
1509376,36.0
1509472,43.0
1509504,23.0
1509520,24.0
1509552,52.0
1509600,37.0
1509760,24.0
1509840,38.0
1509840,88.0
1509904,27.0
1509936,48.0
1509968,28.0
1509968,37.0
1510032,54.0
1510048,52.0
1510064,60.0
1510112,46.0
1510112,55.0
1510160,38.0
1510208,44.0
1510256,72.0
1510320,30.0
1510368,38.0
1510432,52.0
1510528,39.0
1510528,26.0
1510544,44.0
1510544,24.0
1510608,35.0
1510656,25.0
1510656,43.0
1510672,38.0
1510768,52.0
1510832,54.0
1511008,36.0
1511024,41.0
1511072,34.0
1511088,34.0
1511136,29.0
1511184,26.0
1511264,77.0
1511296,43.0
1511360,78.0
1511392,24.0
1511504,60.0
1511504,42.0
1511536,29.0
1511552,84.0
1511600,67.0
1511728,67.0
1511744,89.0
1511792,48.0
1511808,45.0
1511872,23.0
1511952,28.0
1511984,50.0
1512016,45.0
1512016,47.0
1512096,60.0
1512192,24.0
1512192,37.0
1512256,56.0
1512256,100.0
1512304,57.0
1512368,51.0
1512384,40.0
1512400,33.0
1512432,15.0
1512624,27.0
1512656,40.0
1512688,37.0
1512720,46.0
1512800,79.0
1512800,27.0
1512848,52.0
1512864,38.0
1512992,23.0
1513104,86.0
1513120,54.0
1513184,49.0
1513248,54.0
1513296,62.0
1513328,86.0
1513376,41.0
1513376,33.0
1513408,34.0
1513440,40.0
1513440,63.0
1513552,56.0
1513600,57.0
1513616,51.0
1513632,40.0
1513712,24.0
1513728,34.0
1513728,121.0
1513824,33.0
1513840,18.0
1514048,58.0
1514048,50.0
1514064,43.0
1514096,41.0
1514112,46.0
1514160,34.0
1514192,68.0
1514192,35.0
1514208,24.0
1514288,55.0
1514448,38.0
1514464,26.0
1514480,24.0
1514496,48.0
1514608,63.0
1514608,55.0
1514656,28.0
1514752,82.0
1514848,50.0
1514864,26.0
1514896,74.0
1514928,46.0
1514992,44.0
1514992,52.0
1515040,35.0
1515104,16.0
1515152,68.0
1515168,32.0
1515216,38.0
1515264,48.0
1515296,74.0
1515328,71.0
1515392,29.0
1515552,35.0
1515568,69.0
1515568,51.0
1515648,47.0
1515696,41.0
1515712,26.0
1515728,54.0
1515744,37.0
1515776,28.0
1515824,41.0
1515840,39.0
1515856,78.0
1515968,25.0
1516032,65.0
1516144,23.0
1516224,70.0
1516288,56.0
1516288,35.0
1516304,47.0
1516336,40.0
1516352,68.0
1516352,49.0
1516368,25.0
1516384,40.0
1516384,42.0
1516432,49.0
1516512,42.0
1516512,41.0
1516640,38.0
1516768,24.0
1516800,61.0
1516832,33.0
1516896,24.0
1516912,39.0
1516992,44.0
1516992,38.0
1517024,42.0
1517040,33.0
1517072,40.0
1517104,46.0
1517152,24.0
1517216,36.0
1517296,31.0
1517328,74.0
1517376,21.0
1517424,68.0
1517456,39.0
1517472,70.0
1517488,36.0
1517504,27.0
1517632,40.0
1517648,39.0
1517680,36.0
1517728,94.0
1517760,54.0
1517760,48.0
1517792,23.0
1517920,34.0
1517920,44.0
1518032,25.0
1518032,55.0
1518048,35.0
1518080,36.0
1518096,26.0
1518176,24.0
1518336,55.0
1518336,36.0
1518352,39.0
1518448,26.0
1518480,74.0
1518512,26.0
1518560,68.0
1518608,35.0
1518640,62.0
1518640,55.0
1518816,56.0
1518848,58.0
1518880,44.0
1518912,25.0
1518928,37.0
1518944,19.0
1519104,64.0
1519120,68.0
1519168,43.0
1519184,39.0
1519216,118.0
1519328,43.0
1519328,61.0
1519328,30.0
1519344,27.0
1519520,57.0
1519536,37.0
1519552,23.0
1519552,46.0
1519632,47.0
1519680,47.0
1519760,27.0
1519792,29.0
1519936,45.0
1519952,94.0
1519968,26.0
1519984,54.0
1520112,27.0
1520128,23.0
1520144,38.0
1520224,66.0
1520352,126.0
1520368,36.0
1520416,49.0
1520496,61.0
1520512,60.0
1520528,25.0
1520576,92.0
1520576,38.0
1520640,82.0
1520640,81.0
1520784,52.0
1520784,50.0
1520800,41.0
1520832,45.0
1520896,20.0
1520960,46.0
1520992,40.0
1521024,41.0
1521024,68.0
1521168,47.0
1521184,42.0
1521264,48.0
1521344,51.0
1521344,35.0
1521520,21.0
1521520,59.0
1521600,60.0
1521648,47.0
1521680,65.0
1521760,48.0
1521776,47.0
1521872,22.0
1521872,44.0
1521920,68.0
1521952,72.0
1522000,46.0
1522000,76.0
1522016,62.0
1522064,69.0
1522064,26.0
1522112,48.0
1522160,35.0
1522240,45.0
1522320,35.0
1522320,40.0
1522432,23.0
1522512,32.0
1522560,40.0
1522592,51.0
1522656,44.0
1522736,45.0
1522768,44.0
1522768,56.0
1522928,43.0
1522928,38.0
1522960,25.0
1522992,103.0
1523040,33.0
1523056,74.0
1523072,57.0
1523072,60.0
1523200,55.0
1523232,40.0
1523248,51.0
1523360,39.0
1523456,43.0
1523456,24.0
1523472,92.0
1523536,55.0
1523600,42.0
1523696,41.0
1523792,45.0
1523856,50.0
1523872,59.0
1523888,70.0
1523904,59.0
1523920,43.0
1524000,40.0
1524032,49.0
1524112,57.0
1524144,38.0
1524160,35.0
1524160,23.0
1524224,47.0
1524272,51.0
1524320,83.0
1524416,32.0
1524512,37.0
1524512,66.0
1524576,45.0
1524576,43.0
1524592,56.0
1524720,35.0
1524784,57.0
1524784,47.0
1524816,34.0
1524816,41.0
1524832,43.0
1524944,52.0
1524944,33.0
1525008,43.0
1525216,27.0
1525248,42.0
1525248,29.0
1525264,43.0
1525312,50.0
1525312,37.0
1525376,49.0
1525376,35.0
1525376,54.0
1525504,94.0
1525616,38.0
1525632,43.0
1525648,25.0
1525760,59.0
1525776,32.0
1525776,35.0
1525776,25.0
1525856,102.0
1525888,36.0
1525888,40.0
1525920,34.0
1525984,42.0
1526016,67.0
1526144,31.0
1526272,90.0
1526352,61.0
1526352,45.0
1526400,34.0
1526416,50.0
1526432,58.0
1526432,41.0
1526496,45.0
1526496,32.0
1526624,30.0
1526720,59.0
1526752,46.0
1526768,55.0
1526800,65.0
1526848,58.0
1526880,38.0
1526976,39.0
1527008,36.0
1527088,23.0
1527136,46.0
1527184,27.0
1527232,84.0
1527232,24.0
1527248,52.0
1527280,41.0
1527456,69.0
1527472,61.0
1527520,40.0
1527552,34.0
1527568,48.0
1527600,32.0
1527600,39.0
1527680,74.0
1527840,35.0
1527856,45.0
1527888,70.0
1527904,41.0
1527936,26.0
1528016,99.0
1528032,36.0
1528048,51.0
1528160,43.0
1528208,64.0
1528240,43.0
1528256,26.0
1528384,49.0
1528464,36.0
1528512,38.0
1528544,24.0
1528560,62.0
1528576,56.0
1528592,34.0
1528672,40.0
1528688,47.0
1528752,95.0
1528768,33.0
1528768,32.0
1528880,64.0
1529024,63.0
1529072,43.0
1529104,40.0
1529168,36.0
1529312,48.0
1529328,36.0
1529328,51.0
1529328,41.0
1529360,110.0
1529456,36.0
1529472,57.0
1529504,46.0
1529584,63.0
1529600,52.0
1529616,32.0
1529728,23.0
1529728,41.0
1529744,66.0
1529840,42.0
1529872,35.0
1529920,56.0
1530048,45.0
1530080,117.0
1530352,38.0
1530384,50.0
1530400,59.0
1530448,52.0
1530560,40.0
1530608,55.0
1530624,81.0
1530688,53.0
1530704,75.0
1530704,69.0
1530768,26.0
1530784,57.0
1530832,85.0
1530848,95.0
1530912,52.0
1530944,56.0
1530976,37.0
1531104,41.0
1531136,32.0
1531168,25.0
1531264,36.0
1531312,99.0
1531312,38.0
1531376,37.0
1531472,54.0
1531504,59.0
1531520,34.0
1531536,43.0
1531552,40.0
1531568,39.0
1531616,57.0
1531728,29.0
1531760,39.0
1531792,43.0
1531808,31.0
1531904,23.0
1531968,50.0
1532000,100.0
1532048,33.0
1532064,32.0
1532096,33.0
1532128,39.0
1532144,48.0
1532160,34.0
1532176,24.0
1532320,37.0
1532368,96.0
1532368,38.0
1532384,30.0
1532416,38.0
1532432,70.0
1532592,28.0
1532592,39.0
1532608,35.0
1532848,45.0
1532848,86.0
1532864,48.0
1532928,38.0
1532928,21.0
1532944,59.0
1532944,55.0
1532960,34.0
1532976,51.0
1532992,35.0
1533056,43.0
1533296,57.0
1533312,22.0
1533312,59.0
1533328,30.0
1533376,25.0
1533392,50.0
1533472,54.0
1533504,35.0
1533584,46.0
1533584,40.0
1533584,41.0
1533712,53.0
1533760,27.0
1533808,47.0
1533824,52.0
1533856,35.0
1533904,108.0
1533984,66.0
1534016,44.0
1534048,34.0
1534064,42.0
1534080,48.0
1534288,36.0
1534336,54.0
1534336,47.0
1534416,52.0
1534448,37.0
1534464,68.0
1534496,37.0
1534656,56.0
1534720,71.0
1534736,47.0
1534800,46.0
1534832,64.0
1534896,28.0
1534976,40.0
1535008,62.0
1535024,61.0
1535056,77.0
1535056,35.0
1535216,71.0
1535232,59.0
1535248,32.0
1535264,50.0
1535264,53.0
1535392,46.0
1535520,43.0
1535648,37.0
1535664,43.0
1535728,87.0
1535824,37.0
1535872,51.0
1535888,42.0
1535920,56.0
1535968,60.0
1535984,79.0
1535984,68.0
1536000,47.0
1536016,76.0
1536048,41.0
1536128,25.0
1536208,34.0
1536256,62.0
1536288,40.0
1536352,21.0
1536384,35.0
1536432,24.0
1536528,63.0
1536592,39.0
1536624,31.0
1536624,47.0
1536640,41.0
1536704,90.0
1536720,50.0
1536800,50.0
1536816,38.0
1536896,57.0
1536992,46.0
1537008,45.0
1537008,23.0
1537072,34.0
1537088,75.0
1537264,52.0
1537312,31.0
1537312,26.0
1537344,39.0
1537376,62.0
1537392,50.0
1537408,49.0
1537472,70.0
1537568,48.0
1537600,56.0
1537680,37.0
1537696,44.0
1537728,41.0
1537744,46.0
1537776,72.0
1537824,26.0
1537840,52.0
1537920,28.0
1537952,43.0
1537952,40.0
1538000,38.0
1538192,51.0
1538224,57.0
1538240,35.0
1538288,35.0
1538304,38.0
1538336,37.0
1538400,36.0
1538432,41.0
1538496,34.0
1538528,60.0
1538672,83.0
1538704,26.0
1538704,47.0
1538768,53.0
1538864,54.0
1538928,37.0
1538944,47.0
1539024,37.0
1539104,38.0
1539168,59.0
1539184,59.0
1539248,36.0
1539296,37.0
1539296,62.0
1539344,94.0
1539440,115.0
1539456,58.0
1539488,35.0
1539536,71.0
1539568,54.0
1539776,63.0
1539840,51.0
1539840,56.0
1539872,36.0
1539952,38.0
1539984,70.0
1540000,34.0
1540016,57.0
1540080,56.0
1540096,33.0
1540192,59.0
1540208,65.0
1540208,57.0
1540320,21.0
1540352,54.0
1540384,59.0
1540448,38.0
1540464,37.0
1540512,26.0
1540512,35.0
1540528,32.0
1540544,44.0
1540624,39.0
1540688,31.0
1540768,35.0
1540912,52.0
1540928,30.0
1540928,29.0
1540928,87.0
1540960,28.0
1541008,39.0
1541040,52.0
1541168,53.0
1541184,52.0
1541184,26.0
1541232,91.0
1541328,49.0
1541360,42.0
1541392,54.0
1541472,60.0
1541488,35.0
1541568,40.0
1541616,38.0
1541680,40.0
1541712,49.0
1541808,39.0
1541840,28.0
1541888,41.0
1541904,62.0
1542016,41.0
1542080,38.0
1542112,31.0
1542192,54.0
1542192,63.0
1542256,68.0
1542320,52.0
1542400,35.0
1542432,54.0
1542464,47.0
1542496,43.0
1542608,58.0
1542656,40.0
1542672,35.0
1542752,133.0
1542768,54.0
1542800,45.0
1542816,31.0
1542832,36.0
1542992,37.0
1542992,50.0
1543024,129.0
1543056,54.0
1543232,48.0
1543312,35.0
1543360,23.0
1543376,93.0
1543376,38.0
1543392,36.0
1543424,47.0
1543424,37.0
1543424,25.0
1543456,41.0
1543616,60.0
1543632,36.0
1543664,66.0
1543952,91.0
1543952,33.0
1543952,95.0
1543968,46.0
1544016,37.0
1544128,29.0
1544128,11.0
1544144,72.0
1544240,58.0
1544256,50.0
1544288,57.0
1544352,45.0
1544400,65.0
1544416,65.0
1544448,64.0
1544480,68.0
1544576,39.0
1544592,22.0
1544656,44.0
1544672,41.0
1544736,70.0
1544752,39.0
1544768,40.0
1544848,55.0
1545056,48.0
1545152,50.0
1545168,48.0
1545184,65.0
1545232,41.0
1545248,62.0
1545360,57.0
1545376,38.0
1545392,57.0
1545584,62.0
1545680,59.0
1545696,53.0
1545712,22.0
1545728,66.0
1545760,44.0
1545808,35.0
1545808,39.0
1545856,75.0
1545904,42.0
1545968,50.0
1546016,39.0
1546032,55.0
1546064,23.0
1546080,83.0
1546192,27.0
1546224,113.0
1546256,33.0
1546288,30.0
1546288,38.0
1546320,59.0
1546400,23.0
1546480,36.0
1546512,58.0
1546528,51.0
1546544,33.0
1546768,28.0
1546864,63.0
1546880,50.0
1546896,38.0
1546928,42.0
1546976,73.0
1546992,48.0
1547152,68.0
1547152,39.0
1547200,50.0
1547232,59.0
1547248,48.0
1547248,46.0
1547280,46.0
1547312,27.0
1547328,85.0
1547424,31.0
1547536,40.0
1547568,37.0
1547584,51.0
1547648,91.0
1547696,34.0
1547712,35.0
1547744,47.0
1547840,26.0
1547856,62.0
1547872,39.0
1547936,44.0
1547952,39.0
1547968,43.0
1547968,41.0
1548016,23.0
1548032,52.0
1548128,27.0
1548352,48.0
1548368,52.0
1548416,42.0
1548416,73.0
1548464,56.0
1548496,40.0
1548560,33.0
1548560,34.0
1548656,49.0
1548656,43.0
1548672,60.0
1548688,47.0
1548704,46.0
1548720,16.0
1548720,48.0
1548832,62.0
1548976,26.0
1548992,54.0
1549072,45.0
1549072,24.0
1549136,40.0
1549152,37.0
1549168,28.0
1549264,37.0
1549264,53.0
1549280,54.0
1549296,36.0
1549360,41.0
1549440,67.0
1549504,33.0
1549568,57.0
1549632,61.0
1549648,51.0
1549712,45.0
1549792,45.0
1549840,36.0
1549888,46.0
1549936,50.0
1549984,39.0
1550000,44.0
1550160,56.0
1550192,25.0
1550208,44.0
1550272,40.0
1550288,53.0
1550288,40.0
1550336,48.0
1550432,45.0
1550448,28.0
1550464,81.0
1550512,42.0
1550528,91.0
1550544,21.0
1550560,80.0
1550656,48.0
1550720,46.0
1550784,39.0
1550976,40.0
1551008,36.0
1551040,48.0
1551040,37.0
1551088,34.0
1551088,39.0
1551088,35.0
1551248,60.0
1551312,70.0
1551392,26.0
1551392,69.0
1551424,48.0
1551440,94.0
1551440,25.0
1551472,43.0
1551568,30.0
1551600,65.0
1551600,68.0
1551664,15.0
1551792,67.0
1551808,50.0
1551808,45.0
1551920,42.0
1552000,38.0
1552000,43.0
1552048,60.0
1552064,37.0
1552192,25.0
1552208,51.0
1552240,50.0
1552272,42.0
1552272,29.0
1552272,52.0
1552400,25.0
1552448,49.0
1552480,35.0
1552512,28.0
1552544,46.0
1552656,101.0
1552672,39.0
1552720,45.0
1552928,85.0
1552992,45.0
1553200,62.0
1553216,44.0
1553248,36.0
1553264,104.0
1553264,38.0
1553280,63.0
1553312,48.0
1553328,38.0
1553360,57.0
1553392,75.0
1553408,30.0
1553440,75.0
1553488,63.0
1553488,76.0
1553552,72.0
1553648,25.0
1553696,27.0
1553728,25.0
1553808,51.0
1553888,39.0
1553888,43.0
1554032,40.0
1554112,29.0
1554128,53.0
1554144,41.0
1554192,61.0
1554192,55.0
1554208,53.0
1554240,50.0
1554272,54.0
1554288,46.0
1554320,12.0
1554336,53.0
1554352,34.0
1554480,28.0
1554512,51.0
1554544,51.0
1554608,45.0
1554752,54.0
1554800,38.0
1554800,38.0
1554816,36.0
1554832,34.0
1554976,41.0
1554976,40.0
1555024,42.0
1555056,57.0
1555120,38.0
1555200,68.0
1555200,58.0
1555248,48.0
1555248,40.0
1555280,46.0
1555328,70.0
1555344,33.0
1555392,37.0
1555472,40.0
1555600,34.0
1555760,35.0
1555824,67.0
1555824,53.0
1555888,35.0
1555952,52.0
1556000,61.0
1556000,64.0
1556080,52.0
1556144,54.0
1556144,56.0
1556160,35.0
1556272,92.0
1556288,56.0
1556288,68.0
1556416,26.0
1556432,30.0
1556432,27.0
1556512,39.0
1556528,23.0
1556528,24.0
1556544,45.0
1556672,37.0
1556688,76.0
1556720,60.0
1556736,87.0
1556752,58.0
1556784,32.0
1556928,40.0
1556960,42.0
1556976,34.0
1556992,53.0
1557152,38.0
1557168,46.0
1557296,39.0
1557472,43.0
1557504,68.0
1557504,33.0
1557520,48.0
1557520,49.0
1557552,65.0
1557632,69.0
1557664,44.0
1557696,44.0
1557792,79.0
1557808,55.0
1557872,20.0
1557888,46.0
1557904,38.0
1557904,74.0
1557920,77.0
1557920,47.0
1558112,37.0
1558128,39.0
1558192,33.0
1558224,44.0
1558384,43.0
1558384,47.0
1558400,31.0
1558480,43.0
1558512,38.0
1558528,64.0
1558592,25.0
1558592,29.0
1558656,74.0
1558704,49.0
1558752,55.0
1558800,55.0
1558816,44.0
1559024,71.0
1559040,35.0
1559104,44.0
1559120,56.0
1559152,35.0
1559184,30.0
1559184,50.0
1559200,42.0
1559280,48.0
1559296,40.0
1559296,31.0
1559360,97.0
1559376,39.0
1559408,51.0
1559440,66.0
1559536,32.0
1559648,29.0
1559728,34.0
1559744,21.0
1559776,42.0
1559856,65.0
1559904,49.0
1559936,49.0
1559936,35.0
1559952,41.0
1560016,46.0
1560112,36.0
1560144,53.0
1560192,47.0
1560256,66.0
1560352,82.0
1560448,68.0
1560464,35.0
1560464,46.0
1560528,47.0
1560560,51.0
1560576,39.0
1560624,43.0
1560656,40.0
1560672,51.0
1560704,37.0
1560768,52.0
1560816,35.0
1560816,42.0
1560928,36.0
1560960,82.0
1561024,23.0
1561088,26.0
1561152,43.0
1561168,25.0
1561216,47.0
1561360,49.0
1561408,55.0
1561408,49.0
1561424,38.0
1561424,38.0
1561552,24.0
1561568,70.0
1561600,28.0
1561600,42.0
1561664,60.0
1561696,71.0
1561824,54.0
1561872,49.0
1561904,13.0
1561936,109.0
1562048,30.0
1562080,45.0
1562144,37.0
1562208,24.0
1562224,39.0
1562240,76.0
1562304,23.0
1562304,56.0
1562336,57.0
1562336,46.0
1562496,80.0
1562624,47.0
1562640,31.0
1562672,63.0
1562688,79.0
1562704,23.0
1562720,32.0
1562784,35.0
1562848,48.0
1562896,53.0
1562960,45.0
1562976,98.0
1563008,44.0
1563104,30.0
1563120,39.0
1563136,77.0
1563152,51.0
1563248,38.0
1563312,37.0
1563392,68.0
1563424,45.0
1563472,50.0
1563504,45.0
1563520,24.0
1563536,33.0
1563536,53.0
1563600,44.0
1563616,40.0
1563744,27.0
1563744,39.0
1563792,40.0
1563824,36.0
1563856,56.0
1563856,47.0
1563920,33.0
1563984,71.0
1564000,29.0
1564112,43.0
1564304,43.0
1564304,35.0
1564368,48.0
1564448,33.0
1564480,63.0
1564480,60.0
1564512,41.0
1564528,42.0
1564592,50.0
1564592,66.0
1564608,31.0
1564656,41.0
1564688,54.0
1564960,32.0
1565008,44.0
1565040,81.0
1565056,29.0
1565088,38.0
1565120,33.0
1565120,29.0
1565184,55.0
1565248,46.0
1565280,50.0
1565296,43.0
1565328,114.0
1565456,58.0
1565472,93.0
1565536,73.0
1565584,36.0
1565600,35.0
1565648,12.0
1565760,40.0
1565776,33.0
1565856,50.0
1565888,38.0
1565936,53.0
1566032,67.0
1566048,45.0
1566048,36.0
1566112,36.0
1566112,51.0
1566160,92.0
1566176,62.0
1566224,39.0
1566240,24.0
1566416,52.0
1566544,48.0
1566560,28.0
1566576,43.0
1566704,66.0
1566720,43.0
1566784,39.0
1566784,34.0
1566816,66.0
1566848,57.0
1566992,55.0
1567008,52.0
1567040,120.0
1567072,64.0
1567104,34.0
1567136,45.0
1567168,28.0
1567184,25.0
1567216,62.0
1567296,45.0
1567376,37.0
1567392,34.0
1567408,54.0
1567440,23.0
1567456,47.0
1567456,29.0
1567472,41.0
1567536,25.0
1567568,95.0
1567648,40.0
1567696,37.0
1567760,22.0
1567824,41.0
1567840,29.0
1567872,41.0
1567952,32.0
1568048,41.0
1568128,30.0
1568144,69.0
1568208,64.0
1568224,48.0
1568240,23.0
1568240,49.0
1568240,59.0
1568304,29.0
1568304,52.0
1568320,49.0
1568368,34.0
1568432,42.0
1568464,56.0
1568528,36.0
1568656,28.0
1568704,24.0
1568768,67.0
1568832,37.0
1568864,39.0
1568880,26.0
1568944,40.0
1568960,37.0
1568960,52.0
1569088,54.0
1569120,51.0
1569120,37.0
1569184,71.0
1569248,51.0
1569248,69.0
1569264,64.0
1569312,27.0
1569344,24.0
1569376,27.0
1569392,35.0
1569520,41.0
1569552,23.0
1569552,56.0
1569584,55.0
1569584,29.0
1569648,33.0
1569696,27.0
1569696,58.0
1569792,52.0
1569840,33.0
1569968,45.0
1570048,50.0
1570048,41.0
1570096,47.0
1570096,63.0
1570128,38.0
1570208,35.0
1570256,42.0
1570272,45.0
1570320,39.0
1570384,52.0
1570416,65.0
1570496,28.0
1570496,44.0
1570544,60.0
1570560,54.0
1570688,30.0
1570720,39.0
1570720,55.0
1570784,51.0
1570832,46.0
1570880,38.0
1570912,49.0
1570912,54.0
1570944,43.0
1571120,36.0
1571312,62.0
1571344,58.0
1571360,54.0
1571376,29.0
1571424,37.0
1571456,48.0
1571536,37.0
1571536,47.0
1571552,66.0
1571568,43.0
1571584,75.0
1571584,64.0
1571616,56.0
1571664,47.0
1571936,76.0
1572016,29.0
1572064,47.0
1572144,50.0
1572176,47.0
1572192,41.0
1572208,47.0
1572224,38.0
1572240,41.0
1572320,41.0
1572352,77.0
1572432,56.0
1572496,57.0
1572528,32.0
1572560,62.0
1572592,76.0
1572688,83.0
1572704,40.0
1572720,49.0
1572848,20.0
1572960,40.0
1573024,53.0
1573040,50.0
1573136,36.0
1573168,51.0
1573184,60.0
1573184,43.0
1573296,69.0
1573312,37.0
1573376,33.0
1573408,75.0
1573440,47.0
1573472,55.0
1573536,52.0
1573552,24.0
1573584,35.0
1573728,34.0
1573760,28.0
1573776,40.0
1573872,90.0
1573888,58.0
1573952,57.0
1573952,30.0
1574032,31.0
1574048,20.0
1574128,59.0
1574304,26.0
1574320,136.0
1574336,24.0
1574352,25.0
1574384,39.0
1574384,63.0
1574400,62.0
1574416,54.0
1574464,64.0
1574464,73.0
1574528,41.0
1574592,29.0
1574656,39.0
1574752,73.0
1574816,31.0
1574912,33.0
1574928,32.0
1574992,33.0
1575008,30.0
1575040,44.0
1575040,36.0
1575088,49.0
1575120,84.0
1575168,48.0
1575216,39.0
1575312,60.0
1575360,82.0
1575408,37.0
1575424,48.0
1575456,33.0
1575584,34.0
1575600,38.0
1575600,37.0
1575648,46.0
1575664,39.0
1575760,25.0
1575760,42.0
1575904,49.0
1575904,37.0
1575936,48.0
1576000,36.0
1576000,26.0
1576048,37.0
1576128,109.0
1576144,46.0
1576176,36.0
1576240,36.0
1576240,64.0
1576272,42.0
1576288,22.0
1576480,22.0
1576544,56.0
1576560,41.0
1576576,51.0
1576736,43.0
1576816,57.0
1576848,68.0
1576864,24.0
1576880,55.0
1576880,133.0
1576928,47.0
1576976,46.0
1576992,47.0
1576992,26.0
1577024,55.0
1577056,48.0
1577088,68.0
1577264,62.0
1577296,46.0
1577344,30.0
1577392,21.0
1577488,31.0
1577504,41.0
1577552,35.0
1577552,39.0
1577680,37.0
1577712,56.0
1577728,47.0
1577792,57.0
1577792,33.0
1577824,33.0
1577888,54.0
1577904,73.0
1577904,25.0
1578080,33.0
1578096,44.0
1578112,39.0
1578144,100.0
1578176,39.0
1578304,60.0
1578496,44.0
1578544,54.0
1578656,54.0
1578672,48.0
1578672,37.0
1578704,61.0
1578720,63.0
1578800,61.0
1578880,62.0
1578912,38.0
1578928,64.0
1578944,53.0
1579040,56.0
1579056,59.0
1579056,136.0
1579120,36.0
1579200,33.0
1579216,31.0
1579264,68.0
1579280,25.0
1579312,38.0
1579312,32.0
1579520,53.0
1579568,32.0
1579584,33.0
1579600,42.0
1579664,22.0
1579728,32.0
1579728,77.0
1579760,69.0
1579776,54.0
1579840,56.0
1579856,51.0
1580000,46.0
1580016,22.0
1580080,60.0
1580176,61.0
1580192,57.0
1580208,30.0
1580240,41.0
1580256,26.0
1580272,60.0
1580272,32.0
1580320,47.0
1580352,39.0
1580480,55.0
1580480,39.0
1580544,33.0
1580640,54.0
1580672,29.0
1580672,72.0
1580704,32.0
1580784,44.0
1580784,32.0
1580800,28.0
1580848,37.0
1580848,38.0
1580880,44.0
1580960,40.0
1581024,47.0
1581168,39.0
1581184,74.0
1581216,46.0
1581232,37.0
1581264,37.0
1581280,27.0
1581280,50.0
1581344,35.0
1581424,36.0
1581488,38.0
1581552,55.0
1581584,39.0
1581632,38.0
1581696,29.0
1581776,61.0
1581776,27.0
1581776,67.0
1581888,69.0
1581904,46.0
1581920,46.0
1581952,46.0
1582000,46.0
1582032,25.0
1582048,48.0
1582192,48.0
1582208,39.0
1582240,47.0
1582240,43.0
1582288,37.0
1582400,31.0
1582528,47.0
1582576,34.0
1582576,21.0
1582608,38.0
1582640,54.0
1582656,55.0
1582752,54.0
1582784,46.0
1582912,42.0
1582912,102.0
1583024,69.0
1583040,68.0
1583040,40.0
1583200,57.0
1583264,38.0
1583328,70.0
1583344,44.0
1583360,28.0
1583376,74.0
1583552,48.0
1583568,65.0
1583568,60.0
1583584,63.0
1583600,35.0
1583600,25.0
1583776,47.0
1583888,53.0
1583904,22.0
1583920,73.0
1583936,42.0
1583968,39.0
1584016,40.0
1584032,42.0
1584128,50.0
1584160,78.0
1584160,37.0
1584272,24.0
1584288,107.0
1584304,44.0
1584352,47.0
1584384,23.0
1584400,39.0
1584432,31.0
1584464,31.0
1584544,40.0
1584592,63.0
1584704,42.0
1584768,26.0
1584784,39.0
1584864,59.0
1584896,37.0
1584912,49.0
1584928,40.0
1585008,38.0
1585104,52.0
1585136,61.0
1585168,39.0
1585184,101.0
1585200,12.0
1585232,21.0
1585264,22.0
1585328,54.0
1585328,34.0
1585456,67.0
1585456,64.0
1585472,44.0
1585536,59.0
1585552,39.0
1585552,53.0
1585648,32.0
1585664,12.0
1585696,37.0
1585840,38.0
1585872,43.0
1585872,34.0
1585920,45.0
1585968,32.0
1585984,70.0
1586080,57.0
1586144,31.0
1586144,55.0
1586160,38.0
1586224,22.0
1586224,42.0
1586224,33.0
1586272,46.0
1586304,53.0
1586336,63.0
1586464,50.0
1586512,42.0
1586544,35.0
1586544,42.0
1586576,38.0
1586768,38.0
1586848,58.0
1586880,38.0
1586944,54.0
1586944,50.0
1586992,41.0
1587024,45.0
1587104,33.0
1587120,56.0
1587152,43.0
1587248,44.0
1587296,28.0
1587312,48.0
1587376,72.0
1587472,83.0
1587488,61.0
1587520,36.0
1587568,36.0
1587568,39.0
1587632,32.0
1587696,37.0
1587728,94.0
1587904,38.0
1587952,40.0
1587968,45.0
1587984,60.0
1588000,53.0
1588064,74.0
1588112,46.0
1588112,39.0
1588128,38.0
1588288,51.0
1588320,23.0
1588400,44.0
1588496,58.0
1588512,109.0
1588528,34.0
1588592,64.0
1588624,39.0
1588672,48.0
1588672,38.0
1588688,60.0
1588752,40.0
1588784,72.0
1588800,32.0
1588816,53.0
1588880,35.0
1589008,38.0
1589040,57.0
1589104,38.0
1589152,35.0
1589200,36.0
1589216,25.0
1589248,36.0
1589248,35.0
1589328,41.0
1589376,36.0
1589424,82.0
1589440,57.0
1589536,64.0
1589536,41.0
1589712,35.0
1589728,22.0
1589776,64.0
1589776,33.0
1589808,37.0
1589840,25.0
1589888,49.0
1589920,55.0
1589936,46.0
1590112,69.0
1590176,87.0
1590176,25.0
1590320,37.0
1590336,33.0
1590352,58.0
1590368,52.0
1590448,42.0
1590448,38.0
1590464,34.0
1590496,38.0
1590608,80.0
1590768,66.0
1590784,27.0
1590896,85.0
1590944,39.0
1590944,31.0
1590976,30.0
1590976,12.0
1591040,54.0
1591152,49.0
1591184,53.0
1591184,121.0
1591280,32.0
1591360,89.0
1591360,56.0
1591360,78.0
1591376,75.0
1591456,19.0
1591472,31.0
1591520,36.0
1591536,68.0
1591664,45.0
1591680,44.0
1591824,58.0
1591952,48.0
1591968,38.0
1592064,37.0
1592080,35.0
1592096,26.0
1592128,53.0
1592128,68.0
1592224,25.0
1592256,45.0
1592336,60.0
1592368,63.0
1592400,65.0
1592448,49.0
1592592,88.0
1592672,44.0
1592720,39.0
1592784,41.0
1592784,33.0
1592800,137.0
1592816,54.0
1592880,51.0
1592912,91.0
1592976,36.0
1592992,41.0
1593008,58.0
1593088,54.0
1593104,41.0
1593168,31.0
1593200,30.0
1593216,53.0
1593216,39.0
1593344,76.0
1593472,43.0
1593520,33.0
1593520,32.0
1593600,32.0
1593680,54.0
1593680,44.0
1593680,55.0
1593696,49.0
1593744,60.0
1593760,37.0
1593840,60.0
1593856,32.0
1593888,49.0
1593936,29.0
1594064,54.0
1594096,55.0
1594176,60.0
1594272,26.0
1594272,33.0
1594320,40.0
1594352,52.0
1594368,53.0
1594368,42.0
1594400,45.0
1594400,35.0
1594608,58.0
1594656,35.0
1594656,66.0
1594688,50.0
1594720,49.0
1594752,36.0
1594864,37.0
1594880,35.0
1594960,37.0
1595024,23.0
1595072,24.0
1595248,56.0
1595264,25.0
1595280,57.0
1595328,79.0
1595328,42.0
1595376,69.0
1595392,102.0
1595408,28.0
1595440,65.0
1595456,66.0
1595584,54.0
1595584,44.0
1595632,38.0
1595776,44.0
1595856,69.0
1595904,41.0
1595936,35.0
1595952,31.0
1595984,36.0
1596048,45.0
1596096,51.0
1596160,48.0
1596208,48.0
1596224,56.0
1596240,41.0
1596240,41.0
1596256,103.0
1596288,27.0
1596336,67.0
1596368,46.0
1596464,43.0
1596512,19.0
1596576,39.0
1596688,29.0
1596704,45.0
1596704,41.0
1596720,51.0
1596752,37.0
1596752,32.0
1596784,43.0
1596800,54.0
1596816,28.0
1596912,36.0
1596944,43.0
1596960,31.0
1596992,44.0
1597040,50.0
1597104,37.0
1597104,22.0
1597280,44.0
1597296,38.0
1597376,41.0
1597376,35.0
1597376,37.0
1597456,47.0
1597472,45.0
1597712,57.0
1597824,52.0
1597856,36.0
1597872,52.0
1597872,48.0
1597888,49.0
1597904,75.0
1597952,36.0
1598048,47.0
1598080,38.0
1598160,78.0
1598240,33.0
1598240,26.0
1598288,83.0
1598304,58.0
1598480,39.0
1598480,96.0
1598512,39.0
1598544,37.0
1598544,19.0
1598544,40.0
1598640,74.0
1598672,50.0
1598800,35.0
1598912,23.0
1598944,27.0
1598976,51.0
1598976,100.0
1598992,57.0
1599008,60.0
1599024,45.0
1599168,33.0
1599168,39.0
1599264,87.0
1599296,24.0
1599344,42.0
1599344,50.0
1599376,68.0
1599440,60.0
1599568,34.0
1599648,42.0
1599712,34.0
1599728,58.0
1599808,83.0
1599808,50.0
1599808,23.0
1599872,44.0
1599984,40.0
1599984,45.0
1600064,43.0
1600192,76.0
1600192,75.0
1600288,36.0
1600320,42.0
1600320,86.0
1600384,41.0
1600400,37.0
1600416,70.0
1600432,68.0
1600496,43.0
1600496,39.0
1600592,38.0
1600640,41.0
1600640,36.0
1600720,57.0
1600800,32.0
1600896,36.0
1600912,45.0
1600992,35.0
1600992,50.0
1601136,46.0
1601184,54.0
1601360,59.0
1601360,48.0
1601408,64.0
1601424,58.0
1601440,34.0
1601456,41.0
1601488,53.0
1601648,46.0
1601696,133.0
1601792,50.0
1601824,43.0
1601840,84.0
1601888,56.0
1601952,77.0
1601968,32.0
1602016,52.0
1602192,97.0
1602208,35.0
1602208,53.0
1602240,50.0
1602272,53.0
1602304,26.0
1602336,53.0
1602432,64.0
1602496,44.0
1602512,51.0
1602544,44.0
1602592,40.0
1602656,52.0
1602672,44.0
1602720,32.0
1602720,24.0
1602832,25.0
1602880,54.0
1602912,97.0
1602912,26.0
1602960,41.0
1602976,29.0
1603104,56.0
1603120,58.0
1603296,44.0
1603296,40.0
1603392,30.0
1603408,54.0
1603408,43.0
1603472,47.0
1603472,23.0
1603488,51.0
1603568,83.0
1603584,42.0
1603680,88.0
1603696,36.0
1603760,55.0
1603760,23.0
1603808,32.0
1603904,26.0
1603920,68.0
1603968,63.0
1604048,47.0
1604160,47.0
1604176,31.0
1604192,49.0
1604224,47.0
1604272,36.0
1604320,46.0
1604336,48.0
1604352,86.0
1604480,20.0
1604480,45.0
1604480,42.0
1604560,41.0
1604672,75.0
1604784,54.0
1604848,42.0
1604880,52.0
1604896,26.0
1604944,74.0
1604960,43.0
1604960,40.0
1605056,68.0
1605120,40.0
1605232,65.0
1605264,37.0
1605344,24.0
1605360,36.0
1605424,68.0
1605456,35.0
1605568,63.0
1605616,41.0
1605632,88.0
1605664,34.0
1605664,49.0
1605760,44.0
1605808,54.0
1605808,83.0
1605824,37.0
1605968,38.0
1606080,77.0
1606112,48.0
1606144,36.0
1606272,40.0
1606304,55.0
1606384,45.0
1606416,129.0
1606464,50.0
1606528,57.0
1606672,76.0
1606688,55.0
1606752,42.0
1606832,45.0
1606880,22.0
1606896,47.0
1606944,70.0
1606976,63.0
1606992,108.0
1607024,40.0
1607072,50.0
1607088,83.0
1607168,12.0
1607168,85.0
1607280,33.0
1607344,55.0
1607536,53.0
1607568,18.0
1607568,36.0
1607632,43.0
1607648,30.0
1607664,49.0
1607680,79.0
1607680,86.0
1607792,44.0
1607872,65.0
1607920,64.0
1607920,47.0
1607968,27.0
1608000,83.0
1608096,33.0
1608176,34.0
1608368,28.0
1608384,44.0
1608400,45.0
1608432,35.0
1608448,41.0
1608448,49.0
1608464,56.0
1608608,60.0
1608608,99.0
1608720,50.0
1608768,42.0
1608768,48.0
1608880,32.0
1608896,97.0
1609040,40.0
1609040,38.0
1609088,57.0
1609120,42.0
1609168,35.0
1609168,49.0
1609232,39.0
1609232,135.0
1609264,81.0
1609328,35.0
1609344,56.0
1609376,57.0
1609600,52.0
1609600,23.0
1609632,25.0
1609648,47.0
1609664,39.0
1609712,42.0
1609744,39.0
1609776,66.0
1609792,57.0
1609872,44.0
1609984,56.0
1610048,44.0
1610080,57.0
1610080,51.0
1610144,27.0
1610144,51.0
1610144,48.0
1610176,36.0
1610176,36.0
1610352,45.0
1610384,40.0
1610480,27.0
1610576,44.0
1610592,50.0
1610656,62.0
1610720,40.0
1610752,36.0
1610800,41.0
1610896,51.0
1610912,33.0
1610912,71.0
1610976,62.0
1610992,40.0
1611056,55.0
1611072,89.0
1611184,44.0
1611296,40.0
1611360,28.0
1611472,42.0
1611536,49.0
1611552,40.0
1611568,24.0
1611600,55.0
1611616,92.0
1611632,93.0
1611680,20.0
1611680,43.0
1611680,68.0
1611696,25.0
1611760,54.0
1611792,76.0
1611808,52.0
1611856,24.0
1611888,22.0
1612000,28.0
1612080,64.0
1612176,23.0
1612224,34.0
1612240,42.0
1612288,38.0
1612336,41.0
1612384,31.0
1612416,50.0
1612416,49.0
1612416,39.0
1612432,52.0
1612464,87.0
1612624,54.0
1612640,35.0
1612768,33.0
1612816,25.0
1612864,27.0
1612880,44.0
1612896,56.0
1612912,76.0
1612992,48.0
1612992,36.0
1613024,46.0
1613024,38.0
1613184,53.0
1613216,36.0
1613264,40.0
1613344,60.0
1613376,32.0
1613392,25.0
1613456,40.0
1613520,31.0
1613536,67.0
1613552,49.0
1613568,41.0
1613568,107.0
1613600,38.0
1613760,36.0
1613760,54.0
1613904,55.0
1613936,66.0
1613968,36.0
1613984,48.0
1614032,48.0
1614128,37.0
1614128,47.0
1614144,34.0
1614160,37.0
1614288,48.0
1614352,50.0
1614368,29.0
1614384,39.0
1614400,40.0
1614416,28.0
1614544,38.0
1614544,68.0
1614752,48.0
1614800,91.0
1614848,43.0
1614880,82.0
1614880,46.0
1614880,32.0
1614928,56.0
1614992,54.0
1615008,45.0
1615024,40.0
1615072,45.0
1615088,34.0
1615184,19.0
1615200,28.0
1615232,69.0
1615328,28.0
1615360,35.0
1615376,61.0
1615392,34.0
1615424,27.0
1615440,56.0
1615600,33.0
1615728,53.0
1615744,20.0
1615760,52.0
1615776,43.0
1615776,36.0
1615808,30.0
1615808,36.0
1616016,41.0
1616032,41.0
1616096,57.0
1616112,106.0
1616160,71.0
1616176,23.0
1616176,49.0
1616208,48.0
1616304,35.0
1616352,84.0
1616416,40.0
1616432,25.0
1616448,45.0
1616448,53.0
1616624,53.0
1616704,38.0
1616704,59.0
1616720,34.0
1616720,38.0
1616768,47.0
1616864,41.0
1617008,41.0
1617008,44.0
1617056,40.0
1617104,59.0
1617136,44.0
1617152,44.0
1617312,38.0
1617312,54.0
1617328,72.0
1617440,51.0
1617472,21.0
1617520,51.0
1617520,50.0
1617584,54.0
1617664,38.0
1617680,42.0
1617680,57.0
1617680,117.0
1617776,57.0
1617776,39.0
1617824,45.0
1617856,33.0
1617952,30.0
1617968,41.0
1618016,63.0
1618064,24.0
1618144,35.0
1618176,25.0
1618192,55.0
1618288,48.0
1618352,42.0
1618384,26.0
1618384,27.0
1618416,37.0
1618480,26.0
1618512,67.0
1618512,41.0
1618624,59.0
1618656,71.0
1618672,41.0
1618784,63.0
1618816,40.0
1618832,40.0
1618864,30.0
1618960,51.0
1619072,88.0
1619120,38.0
1619136,39.0
1619200,36.0
1619232,55.0
1619232,23.0
1619248,54.0
1619360,55.0
1619440,39.0
1619536,55.0
1619568,80.0
1619584,57.0
1619680,30.0
1619728,41.0
1619792,41.0
1619808,53.0
1619856,39.0
1619856,67.0
1619952,37.0
1620016,18.0
1620064,52.0
1620144,82.0
1620144,108.0
1620160,30.0
1620192,47.0
1620208,60.0
1620224,40.0
1620256,71.0
1620320,32.0
1620512,61.0
1620608,34.0
1620608,41.0
1620624,30.0
1620624,48.0
1620624,38.0
1620640,20.0
1620768,38.0
1620800,38.0
1620816,64.0
1620816,35.0
1620832,43.0
1620864,81.0
1620912,44.0
1620976,70.0
1620992,30.0
1621024,50.0
1621152,34.0
1621248,39.0
1621312,31.0
1621360,21.0
1621408,36.0
1621424,51.0
1621440,51.0
1621504,40.0
1621616,44.0
1621712,67.0
1621728,46.0
1621744,31.0
1621744,48.0
1621888,79.0
1621936,73.0
1622000,37.0
1622016,76.0
1622096,80.0
1622128,48.0
1622144,62.0
1622176,54.0
1622240,51.0
1622304,37.0
1622336,37.0
1622352,46.0
1622416,30.0
1622448,44.0
1622496,25.0
1622544,69.0
1622560,42.0
1622608,55.0
1622720,45.0
1622784,80.0
1622800,31.0
1622864,46.0
1622944,44.0
1622960,38.0
1623072,39.0
1623152,34.0
1623232,66.0
1623232,43.0
1623248,77.0
1623248,47.0
1623296,72.0
1623312,47.0
1623488,34.0
1623504,34.0
1623568,49.0
1623616,56.0
1623680,38.0
1623696,85.0
1623744,55.0
1623792,86.0
1623840,43.0
1623872,39.0
1623920,43.0
1624000,48.0
1624032,46.0
1624048,50.0
1624080,37.0
1624176,42.0
1624240,58.0
1624320,44.0
1624336,37.0
1624496,51.0
1624544,34.0
1624608,48.0
1624608,57.0
1624640,37.0
1624688,56.0
1624704,42.0
1624768,75.0
1624800,29.0
1624896,61.0
1624912,37.0
1624960,135.0
1624960,55.0
1624992,70.0
1625056,55.0
1625056,51.0
1625072,27.0
1625136,33.0
1625296,38.0
1625312,38.0
1625328,49.0
1625408,57.0
1625408,50.0
1625488,27.0
1625504,32.0
1625504,37.0
1625552,47.0
1625616,34.0
1625632,46.0
1625632,54.0
1625712,36.0
1625840,55.0
1625872,57.0
1625936,55.0
1626000,44.0
1626048,34.0
1626064,46.0
1626176,35.0
1626208,41.0
1626208,50.0
1626224,37.0
1626288,55.0
1626400,43.0
1626432,58.0
1626496,18.0
1626512,36.0
1626608,61.0
1626640,26.0
1626688,51.0
1626704,26.0
1626752,47.0
1626784,22.0
1626816,47.0
1626880,87.0
1626896,66.0
1626928,55.0
1626944,48.0
1627008,50.0
1627056,41.0
1627120,39.0
1627152,40.0
1627152,23.0
1627184,36.0
1627296,34.0
1627312,39.0
1627360,45.0
1627440,39.0
1627488,35.0
1627568,141.0
1627616,27.0
1627648,40.0
1627712,35.0
1627728,27.0
1627728,64.0
1627792,56.0
1627856,46.0
1627872,51.0
1627888,63.0
1628016,44.0
1628032,68.0
1628032,37.0
1628128,61.0
1628160,27.0
1628160,50.0
1628368,41.0
1628432,35.0
1628448,45.0
1628464,28.0
1628480,52.0
1628496,58.0
1628544,41.0
1628592,35.0
1628640,64.0
1628704,42.0
1628720,35.0
1628720,58.0
1628800,42.0
1628880,87.0
1628912,66.0
1629008,40.0
1629040,38.0
1629056,56.0
1629136,43.0
1629136,37.0
1629200,38.0
1629216,46.0
1629328,38.0
1629376,41.0
1629456,60.0
1629504,54.0
1629536,67.0
1629536,46.0
1629552,42.0
1629744,34.0
1629744,43.0
1629840,44.0
1629856,33.0
1629856,72.0
1629872,60.0
1629888,47.0
1629920,55.0
1629984,48.0
1630048,32.0
1630080,44.0
1630128,24.0
1630224,43.0
1630320,12.0
1630320,36.0
1630336,55.0
1630352,50.0
1630400,34.0
1630400,26.0
1630432,58.0
1630448,25.0
1630512,41.0
1630624,101.0
1630656,46.0
1630672,49.0
1630736,56.0
1630832,60.0
1630864,40.0
1630880,33.0
1630880,35.0
1630928,53.0
1631040,45.0
1631072,28.0
1631120,45.0
1631136,50.0
1631168,48.0
1631264,38.0
1631296,53.0
1631376,54.0
1631408,30.0
1631408,33.0
1631440,44.0
1631504,39.0
1631520,43.0
1631552,55.0
1631632,75.0
1631760,43.0
1631824,49.0
1631872,44.0
1631984,36.0
1632032,33.0
1632048,74.0
1632096,41.0
1632144,39.0
1632192,27.0
1632208,68.0
1632224,68.0
1632272,61.0
1632336,29.0
1632352,45.0
1632352,59.0
1632384,35.0
1632416,72.0
1632416,65.0
1632672,70.0
1632704,23.0
1632736,40.0
1632784,27.0
1632800,51.0
1632864,42.0
1632880,41.0
1632912,35.0
1633088,51.0
1633120,57.0
1633136,45.0
1633152,70.0
1633152,48.0
1633280,54.0
1633280,34.0
1633280,71.0
1633312,28.0
1633328,39.0
1633376,83.0
1633376,36.0
1633456,49.0
1633504,22.0
1633504,23.0
1633584,42.0
1633600,51.0
1633632,47.0
1633696,24.0
1633824,46.0
1633856,46.0
1633888,24.0
1633920,48.0
1634000,45.0
1634032,44.0
1634064,35.0
1634128,47.0
1634240,41.0
1634272,62.0
1634304,53.0
1634432,36.0
1634464,54.0
1634480,41.0
1634496,31.0
1634496,38.0
1634512,30.0
1634512,51.0
1634528,78.0
1634672,47.0
1634752,39.0
1634752,43.0
1634896,29.0
1635008,31.0
1635024,49.0
1635072,36.0
1635088,36.0
1635088,91.0
1635136,110.0
1635248,45.0
1635296,62.0
1635392,70.0
1635440,48.0
1635456,35.0
1635488,26.0
1635584,52.0
1635600,69.0
1635616,23.0
1635728,37.0
1635760,80.0
1635776,47.0
1635792,65.0
1635856,48.0
1636144,43.0
1636176,107.0
1636192,36.0
1636208,51.0
1636240,40.0
1636256,25.0
1636272,79.0
1636304,51.0
1636304,36.0
1636336,56.0
1636368,38.0
1636512,46.0
1636528,59.0
1636544,47.0
1636560,24.0
1636688,24.0
1636800,94.0
1636816,17.0
1636816,42.0
1636832,31.0
1636848,38.0
1636896,43.0
1636976,49.0
1637040,122.0
1637040,49.0
1637104,46.0
1637104,34.0
1637152,55.0
1637168,54.0
1637216,44.0
1637264,46.0
1637328,40.0
1637328,32.0
1637440,39.0
1637504,41.0
1637552,32.0
1637600,28.0
1637712,55.0
1637712,38.0
1637744,44.0
1637824,64.0
1637856,37.0
1637888,57.0
1637952,39.0
1637984,51.0
1638032,44.0
1638048,38.0
1638128,57.0
1638160,26.0
1638240,46.0
1638352,91.0
1638352,25.0
1638384,80.0
1638448,53.0
1638608,49.0
1638624,48.0
1638656,31.0
1638672,70.0
1638672,39.0
1638720,46.0
1638736,44.0
1638752,25.0
1638832,70.0
1638944,37.0
1639024,49.0
1639024,82.0
1639104,24.0
1639104,31.0
1639168,80.0
1639184,66.0
1639232,38.0
1639344,37.0
1639408,47.0
1639440,44.0
1639440,26.0
1639488,24.0
1639504,30.0
1639504,70.0
1639616,73.0
1639648,51.0
1639664,45.0
1639680,63.0
1639792,38.0
1639936,79.0
1639936,37.0
1639936,48.0
1639952,53.0
1640048,51.0
1640080,42.0
1640160,45.0
1640240,36.0
1640256,51.0
1640304,41.0
1640368,47.0
1640368,54.0
1640400,45.0
1640512,36.0
1640512,64.0
1640528,37.0
1640544,29.0
1640624,70.0
1640672,46.0
1640688,56.0
1640720,30.0
1640752,50.0
1640768,45.0
1640912,25.0
1640960,35.0
1640976,42.0
1640992,52.0
1641024,41.0
1641056,43.0
1641120,37.0
1641120,54.0
1641184,26.0
1641248,39.0
1641248,33.0
1641312,39.0
1641360,51.0
1641504,32.0
1641520,25.0
1641536,26.0
1641616,59.0
1641632,55.0
1641648,21.0
1641664,30.0
1641664,72.0
1641680,45.0
1641744,45.0
1641808,52.0
1641872,60.0
1641952,44.0
1642048,43.0
1642096,53.0
1642128,31.0
1642160,40.0
1642176,35.0
1642256,47.0
1642288,40.0
1642304,48.0
1642336,42.0
1642352,38.0
1642448,40.0
1642512,52.0
1642544,26.0
1642608,97.0
1642672,50.0
1642720,35.0
1642736,49.0
1642864,48.0
1642880,44.0
1642896,38.0
1642912,54.0
1642912,78.0
1642912,35.0
1642928,37.0
1642992,46.0
1643136,33.0
1643200,56.0
1643328,55.0
1643328,27.0
1643408,34.0
1643440,58.0
1643440,33.0
1643536,41.0
1643536,25.0
1643600,38.0
1643696,72.0
1643696,49.0
1643728,62.0
1643824,56.0
1643936,79.0
1643936,25.0
1643952,34.0
1643952,47.0
1644016,36.0
1644048,45.0
1644048,38.0
1644208,38.0
1644240,57.0
1644272,85.0
1644320,39.0
1644336,50.0
1644512,43.0
1644608,41.0
1644624,119.0
1644640,39.0
1644640,20.0
1644656,24.0
1644688,40.0
1644720,48.0
1644752,44.0
1644784,66.0
1644800,54.0
1644832,56.0
1644848,72.0
1645008,42.0
1645152,34.0
1645152,23.0
1645168,32.0
1645184,34.0
1645200,43.0
1645216,29.0
1645232,64.0
1645344,31.0
1645392,37.0
1645392,48.0
1645584,59.0
1645680,90.0
1645696,61.0
1645760,38.0
1645824,42.0
1645920,77.0
1645936,45.0
1645968,36.0
1646048,51.0
1646064,77.0
1646112,48.0
1646144,61.0
1646160,36.0
1646176,61.0
1646240,34.0
1646256,54.0
1646320,24.0
1646480,81.0
1646480,50.0
1646544,49.0
1646624,44.0
1646672,32.0
1646704,55.0
1646704,37.0
1646832,43.0
1646864,116.0
1646912,59.0
1646928,55.0
1646960,49.0
1646960,44.0
1646960,56.0
1646976,41.0
1647040,35.0
1647056,36.0
1647200,41.0
1647328,39.0
1647328,41.0
1647376,26.0
1647392,35.0
1647456,31.0
1647488,78.0
1647536,39.0
1647552,37.0
1647584,45.0
1647616,40.0
1647664,29.0
1647680,47.0
1647696,41.0
1647776,45.0
1647840,32.0
1647968,40.0
1647984,31.0
1648016,87.0
1648032,83.0
1648144,33.0
1648224,48.0
1648256,35.0
1648304,57.0
1648352,42.0
1648352,61.0
1648432,37.0
1648432,55.0
1648432,53.0
1648592,51.0
1648608,22.0
1648624,37.0
1648624,41.0
1648688,42.0
1648720,36.0
1648784,78.0
1648912,78.0
1648992,40.0
1649008,36.0
1649056,39.0
1649184,52.0
1649200,61.0
1649312,44.0
1649312,45.0
1649360,86.0
1649408,43.0
1649408,61.0
1649552,40.0
1649584,33.0
1649648,40.0
1649664,55.0
1649664,42.0
1649712,68.0
1649728,65.0
1649792,38.0
1649792,24.0
1649872,42.0
1649904,100.0
1649968,24.0
1650000,86.0
1650064,47.0
1650080,45.0
1650304,62.0
1650352,35.0
1650352,59.0
1650480,52.0
1650512,28.0
1650528,50.0
1650528,54.0
1650576,36.0
1650672,20.0
1650784,57.0
1650848,71.0
1650864,75.0
1650912,59.0
1650976,29.0
1651008,58.0
1651104,50.0
1651120,76.0
1651184,20.0
1651264,107.0
1651264,92.0
1651296,45.0
1651392,54.0
1651600,47.0
1651600,37.0
1651632,41.0
1651648,73.0
1651728,66.0
1651760,77.0
1651776,32.0
1651888,61.0
1651936,40.0
1651968,44.0
1652000,103.0
1652048,28.0
1652160,61.0
1652176,36.0
1652224,29.0
1652240,37.0
1652304,57.0
1652304,36.0
1652352,78.0
1652512,46.0
1652544,41.0
1652672,42.0
1652688,66.0
1652720,35.0
1652736,48.0
1652736,27.0
1652816,48.0
1652832,56.0
1652848,34.0
1652864,32.0
1652896,132.0
1652976,116.0
1653120,24.0
1653136,60.0
1653232,45.0
1653232,35.0
1653328,38.0
1653360,24.0
1653376,35.0
1653392,53.0
1653472,49.0
1653536,44.0
1653536,82.0
1653600,47.0
1653616,47.0
1653680,59.0
1653808,98.0
1653808,43.0
1653904,63.0
1653936,35.0
1653952,51.0
1653968,46.0
1653968,38.0
1653984,28.0
1654096,54.0
1654112,36.0
1654192,50.0
1654304,43.0
1654368,35.0
1654368,56.0
1654384,66.0
1654400,31.0
1654512,52.0
1654544,36.0
1654560,28.0
1654576,38.0
1654688,47.0
1654736,40.0
1654736,58.0
1654736,34.0
1654752,23.0
1654864,35.0
1654880,58.0
1654928,24.0
1655040,40.0
1655056,20.0
1655056,19.0
1655088,32.0
1655104,46.0
1655136,28.0
1655280,57.0
1655280,34.0
1655280,45.0
1655312,50.0
1655328,108.0
1655488,38.0
1655536,97.0
1655600,31.0
1655632,48.0
1655632,36.0
1655648,45.0
1655664,38.0
1655808,42.0
1655808,45.0
1655856,70.0
1655872,34.0
1655888,25.0
1656080,28.0
1656080,50.0
1656096,49.0
1656112,67.0
1656176,40.0
1656272,62.0
1656288,27.0
1656352,44.0
1656384,49.0
1656384,45.0
1656464,36.0
1656480,75.0
1656496,43.0
1656544,57.0
1656592,45.0
1656640,33.0
1656704,39.0
1656816,45.0
1656864,49.0
1656880,38.0
1656912,46.0
1656976,32.0
1657008,45.0
1657184,50.0
1657280,46.0
1657344,40.0
1657408,64.0
1657408,34.0
1657424,59.0
1657488,71.0
1657520,64.0
1657600,45.0
1657616,113.0
1657648,63.0
1657696,45.0
1657744,25.0
1657760,47.0
1657840,58.0
1658000,24.0
1658016,31.0
1658048,54.0
1658048,48.0
1658144,46.0
1658144,41.0
1658160,98.0
1658192,28.0
1658304,44.0
1658304,41.0
1658336,57.0
1658384,98.0
1658496,21.0
1658528,52.0
1658544,71.0
1658592,34.0
1658608,38.0
1658672,33.0
1658704,35.0
1658752,35.0
1658768,58.0
1658800,47.0
1658816,50.0
1658880,36.0
1658944,26.0
1658992,41.0
1659008,32.0
1659008,39.0
1659072,82.0
1659088,49.0
1659152,38.0
1659200,24.0
1659264,32.0
1659360,48.0
1659376,24.0
1659424,39.0
1659456,49.0
1659504,39.0
1659504,50.0
1659504,56.0
1659520,47.0
1659664,45.0
1659728,45.0
1659856,49.0
1659904,56.0
1659904,24.0
1659920,29.0
1659936,36.0
1660000,50.0
1660016,37.0
1660016,58.0
1660160,27.0
1660192,43.0
1660192,58.0
1660224,67.0
1660256,47.0
1660256,37.0
1660336,30.0
1660384,63.0
1660384,55.0
1660464,33.0
1660496,37.0
1660640,45.0
1660656,29.0
1660656,41.0
1660736,52.0
1660768,47.0
1660816,41.0
1660864,38.0
1660912,43.0
1661056,65.0
1661136,55.0
1661152,26.0
1661168,42.0
1661216,52.0
1661216,25.0
1661280,26.0
1661296,40.0
1661344,36.0
1661376,45.0
1661472,63.0
1661488,81.0
1661552,57.0
1661600,76.0
1661696,30.0
1661728,37.0
1661776,39.0
1661792,55.0
1661824,93.0
1661840,39.0
1661840,35.0
1661840,42.0
1661904,33.0
1661968,23.0
1662112,66.0
1662160,24.0
1662208,46.0
1662256,60.0
1662304,60.0
1662368,40.0
1662384,56.0
1662464,48.0
1662496,37.0
1662512,42.0
1662544,36.0
1662576,29.0
1662784,25.0
1662832,42.0
1662848,37.0
1662848,64.0
1662864,64.0
1662880,65.0
1662896,69.0
1663008,44.0
1663008,34.0
1663008,29.0
1663008,31.0
1663152,59.0
1663248,106.0
1663248,42.0
1663264,30.0
1663328,20.0
1663376,23.0
1663408,65.0
1663440,35.0
1663456,60.0
1663472,39.0
1663568,42.0
1663584,45.0
1663632,30.0
1663648,50.0
1663744,57.0
1663840,52.0
1663872,26.0
1663920,32.0
1664000,39.0
1664032,48.0
1664080,27.0
1664080,52.0
1664096,53.0
1664096,68.0
1664096,48.0
1664288,51.0
1664304,54.0
1664384,40.0
1664384,50.0
1664400,52.0
1664400,35.0
1664448,23.0
1664464,24.0
1664576,44.0
1664688,66.0
1664704,44.0
1664928,40.0
1664992,56.0
1665008,38.0
1665040,59.0
1665088,44.0
1665136,76.0
1665152,48.0
1665184,68.0
1665184,45.0
1665216,48.0
1665328,81.0
1665328,40.0
1665392,62.0
1665408,69.0
1665440,46.0
1665552,34.0
1665584,63.0
1665664,32.0
1665696,44.0
1665712,39.0
1665728,37.0
1665840,41.0
1665856,58.0
1665872,43.0
1665936,56.0
1666000,37.0
1666080,54.0
1666112,49.0
1666192,50.0
1666256,51.0
1666272,38.0
1666272,36.0
1666336,38.0
1666400,51.0
1666464,38.0
1666480,48.0
1666528,75.0
1666560,28.0
1666608,38.0
1666752,42.0
1666800,60.0
1666816,59.0
1666848,37.0
1666848,57.0
1666928,41.0
1667008,51.0
1667136,42.0
1667152,55.0
1667264,28.0
1667328,62.0
1667376,56.0
1667424,117.0
1667456,20.0
1667536,43.0
1667552,50.0
1667552,72.0
1667568,35.0
1667696,23.0
1667712,57.0
1667712,72.0
1667728,50.0
1667744,71.0
1667808,60.0
1667840,82.0
1667936,35.0
1668096,42.0
1668112,36.0
1668144,62.0
1668160,56.0
1668224,30.0
1668240,32.0
1668320,54.0
1668336,25.0
1668416,54.0
1668480,24.0
1668512,50.0
1668576,48.0
1668624,49.0
1668640,67.0
1668720,24.0
1668752,40.0
1668752,65.0
1668832,38.0
1669008,54.0
1669104,59.0
1669104,29.0
1669216,44.0
1669248,39.0
1669312,110.0
1669328,31.0
1669328,63.0
1669344,58.0
1669344,37.0
1669344,39.0
1669360,49.0
1669376,39.0
1669488,24.0
1669648,40.0
1669696,37.0
1669744,26.0
1669776,25.0
1669888,25.0
1669888,137.0
1669936,38.0
1669952,46.0
1669984,46.0
1670128,51.0
1670208,53.0
1670224,55.0
1670256,57.0
1670320,115.0
1670320,61.0
1670384,43.0
1670400,47.0
1670480,37.0
1670560,49.0
1670560,39.0
1670592,24.0
1670704,47.0
1670720,25.0
1670720,37.0
1670784,33.0
1670832,162.0
1670864,70.0
1670896,63.0
1670896,57.0
1670928,44.0
1671184,54.0
1671264,44.0
1671280,35.0
1671296,25.0
1671312,47.0
1671344,54.0
1671392,33.0
1671392,43.0
1671408,39.0
1671424,65.0
1671424,37.0
1671472,47.0
1671536,71.0
1671536,38.0
1671552,60.0
1671664,20.0
1671760,54.0
1671808,26.0
1671984,50.0
1671984,37.0
1672000,45.0
1672064,48.0
1672096,52.0
1672192,55.0
1672208,46.0
1672224,50.0
1672288,47.0
1672304,56.0
1672352,34.0
1672400,54.0
1672400,40.0
1672416,54.0
1672432,63.0
1672608,59.0
1672624,33.0
1672656,23.0
1672736,46.0
1672752,48.0
1672784,45.0
1672784,37.0
1672944,37.0
1672976,47.0
1673088,43.0
1673136,58.0
1673136,52.0
1673152,45.0
1673184,28.0
1673232,52.0
1673248,19.0
1673264,40.0
1673328,36.0
1673376,87.0
1673472,51.0
1673520,57.0
1673648,32.0
1673648,35.0
1673664,33.0
1673744,60.0
1673808,64.0
1673824,37.0
1673888,44.0
1673920,94.0
1674064,46.0
1674064,37.0
1674112,54.0
1674192,65.0
1674320,66.0
1674336,42.0
1674368,35.0
1674416,48.0
1674464,59.0
1674480,52.0
1674576,100.0
1674656,52.0
1674736,39.0
1674816,47.0
1674848,58.0
1674912,53.0
1675040,24.0
1675040,42.0
1675136,50.0
1675168,89.0
1675296,45.0
1675296,55.0
1675344,54.0
1675344,31.0
1675360,65.0
1675376,93.0
1675392,126.0
1675408,76.0
1675504,48.0
1675632,51.0
1675632,37.0
1675664,47.0
1675712,26.0
1675808,40.0
1675872,33.0
1675888,47.0
1675984,38.0
1676096,50.0
1676112,67.0
1676112,47.0
1676160,48.0
1676160,41.0
1676320,41.0
1676384,42.0
1676416,27.0
1676432,50.0
1676432,50.0
1676464,37.0
1676560,131.0
1676640,47.0
1676672,35.0
1676768,41.0
1676800,91.0
1676816,24.0
1676864,44.0
1676880,92.0
1676896,32.0
1676896,27.0
1677008,57.0
1677168,31.0
1677184,64.0
1677200,20.0
1677216,50.0
1677232,89.0
1677312,55.0
1677328,32.0
1677392,67.0
1677392,39.0
1677392,47.0
1677568,48.0
1677584,45.0
1677584,26.0
1677648,47.0
1677728,45.0
1677824,39.0
1677840,32.0
1677856,60.0
1677936,47.0
1677968,47.0
1678048,51.0
1678096,44.0
1678192,21.0
1678224,57.0
1678240,53.0
1678256,54.0
1678288,45.0
1678336,38.0
1678336,25.0
1678400,51.0
1678480,120.0
1678496,41.0
1678544,45.0
1678592,34.0
1678608,24.0
1678624,65.0
1678704,26.0
1678736,40.0
1678800,52.0
1678960,23.0
1679040,87.0
1679072,52.0
1679088,24.0
1679200,44.0
1679232,52.0
1679248,57.0
1679264,41.0
1679376,65.0
1679392,37.0
1679456,61.0
1679456,75.0
1679472,25.0
1679472,24.0
1679504,48.0
1679568,19.0
1679584,24.0
1679664,44.0
1679824,49.0
1679840,103.0
1679856,39.0
1679920,29.0
1679984,38.0
1680016,34.0
1680064,35.0
1680064,95.0
1680160,31.0
1680192,98.0
1680288,51.0
1680304,66.0
1680368,34.0
1680416,53.0
1680448,54.0
1680496,65.0
1680560,73.0
1680592,47.0
1680656,42.0
1680688,42.0
1680720,35.0
1680752,56.0
1680848,49.0
1681008,44.0
1681008,51.0
1681040,42.0
1681088,25.0
1681088,42.0
1681152,37.0
1681184,43.0
1681232,59.0
1681408,43.0
1681408,41.0
1681472,64.0
1681488,56.0
1681488,25.0
1681504,31.0
1681536,92.0
1681552,102.0
1681584,46.0
1681776,39.0
1681792,44.0
1681824,40.0
1681824,73.0
1681840,52.0
1681984,36.0
1682048,32.0
1682048,51.0
1682096,66.0
1682112,39.0
1682144,40.0
1682176,24.0
1682288,46.0
1682304,45.0
1682320,52.0
1682464,40.0
1682592,38.0
1682672,35.0
1682704,41.0
1682784,60.0
1682832,34.0
1682832,41.0
1682864,64.0
1682944,73.0
1682976,98.0
1682992,95.0
1683008,54.0
1683024,58.0
1683120,67.0
1683184,54.0
1683184,45.0
1683264,37.0
1683328,34.0
1683392,25.0
1683456,47.0
1683504,31.0
1683520,21.0
1683536,35.0
1683552,45.0
1683568,46.0
1683696,52.0
1683728,44.0
1683776,24.0
1683856,42.0
1683904,60.0
1683920,50.0
1683952,39.0
1683984,30.0
1684032,108.0
1684144,26.0
1684160,40.0
1684224,60.0
1684224,43.0
1684256,44.0
1684288,52.0
1684288,23.0
1684368,111.0
1684400,52.0
1684432,41.0
1684432,28.0
1684448,37.0
1684528,39.0
1684624,25.0
1684720,64.0
1684784,39.0
1684800,48.0
1684800,34.0
1684800,53.0
1684848,35.0
1684912,30.0
1685056,57.0
1685072,40.0
1685088,45.0
1685168,23.0
1685184,46.0
1685184,35.0
1685312,57.0
1685376,41.0
1685424,39.0
1685456,42.0
1685520,38.0
1685536,29.0
1685568,84.0
1685680,23.0
1685712,54.0
1685728,34.0
1685776,78.0
1685952,49.0
1685984,50.0
1686000,57.0
1686016,76.0
1686032,61.0
1686048,32.0
1686368,40.0
1686400,45.0
1686400,61.0
1686416,56.0
1686432,54.0
1686448,42.0
1686464,63.0
1686560,142.0
1686592,37.0
1686592,76.0
1686592,36.0
1686656,39.0
1686848,50.0
1686896,30.0
1686912,60.0
1686912,58.0
1686928,21.0
1687024,39.0
1687072,85.0
1687136,48.0
1687216,49.0
1687280,51.0
1687280,23.0
1687408,60.0
1687456,50.0
1687488,40.0
1687504,59.0
1687536,29.0
1687584,42.0
1687584,74.0
1687632,22.0
1687712,70.0
1687728,37.0
1687808,57.0
1687872,29.0
1687936,27.0
1688048,21.0
1688064,33.0
1688080,31.0
1688096,67.0
1688144,26.0
1688160,77.0
1688176,37.0
1688192,57.0
1688256,48.0
1688288,52.0
1688416,34.0
1688448,22.0
1688464,24.0
1688544,22.0
1688560,32.0
1688624,51.0
1688672,65.0
1688720,133.0
1688816,40.0
1688864,58.0
1689024,36.0
1689024,38.0
1689040,55.0
1689072,28.0
1689184,29.0
1689184,123.0
1689392,52.0
1689456,57.0
1689472,63.0
1689488,75.0
1689568,33.0
1689584,90.0
1689632,86.0
1689680,54.0
1689712,33.0
1689712,65.0
1689728,34.0
1689840,51.0
1689856,112.0
1689920,66.0
1689952,35.0
1689968,59.0
1689984,26.0
1689984,57.0
1690016,19.0
1690080,28.0
1690096,40.0
1690112,33.0
1690240,48.0
1690256,34.0
1690272,37.0
1690336,53.0
1690416,35.0
1690624,24.0
1690640,57.0
1690672,45.0
1690736,45.0
1690832,57.0
1690880,38.0
1690896,50.0
1691008,58.0
1691200,59.0
1691200,49.0
1691216,77.0
1691264,58.0
1691280,73.0
1691344,45.0
1691360,95.0
1691488,94.0
1691584,24.0
1691616,38.0
1691648,51.0
1691664,58.0
1691696,64.0
1691744,25.0
1691824,29.0
1691840,59.0
1691840,36.0
1691872,119.0
1691920,44.0
1692016,51.0
1692032,24.0
1692160,36.0
1692224,35.0
1692240,85.0
1692272,36.0
1692320,105.0
1692336,45.0
1692368,34.0
1692416,42.0
1692480,16.0
1692496,39.0
1692528,38.0
1692608,83.0
1692640,50.0
1692736,36.0
1692784,59.0
1692800,33.0
1692960,58.0
1693120,55.0
1693136,70.0
1693184,53.0
1693200,55.0
1693232,109.0
1693248,48.0
1693264,33.0
1693376,37.0
1693392,61.0
1693424,66.0
1693488,53.0
1693520,64.0
1693536,58.0
1693632,52.0
1693648,43.0
1693696,32.0
1693696,73.0
1693792,37.0
1693808,35.0
1693968,53.0
1693984,29.0
1694000,48.0
1694032,25.0
1694240,54.0
1694368,55.0
1694384,43.0
1694416,45.0
1694496,53.0
1694512,33.0
1694576,65.0
1694592,37.0
1694592,75.0
1694688,45.0
1694720,91.0
1694736,58.0
1694816,36.0
1694912,31.0
1694976,30.0
1695008,99.0
1695040,28.0
1695120,46.0
1695216,33.0
1695232,45.0
1695264,133.0
1695328,38.0
1695328,46.0
1695472,90.0
1695520,49.0
1695536,39.0
1695552,46.0
1695568,33.0
1695616,25.0
1695680,42.0
1695680,69.0
1695696,83.0
1695872,40.0
1695904,27.0
1695920,37.0
1695920,50.0
1696016,28.0
1696064,46.0
1696064,24.0
1696192,58.0
1696192,42.0
1696272,36.0
1696272,41.0
1696352,51.0
1696384,52.0
1696400,31.0
1696416,31.0
1696448,33.0
1696480,168.0
1696560,43.0
1696656,37.0
1696672,14.0
1696800,114.0
1696816,50.0
1696864,37.0
1696880,75.0
1696960,56.0
1696960,43.0
1697056,40.0
1697216,34.0
1697248,37.0
1697248,48.0
1697280,55.0
1697296,69.0
1697424,54.0
1697424,77.0
1697456,40.0
1697488,71.0
1697504,16.0
1697536,42.0
1697536,41.0
1697648,43.0
1697696,82.0
1697744,31.0
1697744,59.0
1697840,49.0
1697856,36.0
1697872,24.0
1697936,25.0
1698032,46.0
1698064,53.0
1698128,44.0
1698176,27.0
1698208,35.0
1698240,51.0
1698384,58.0
1698384,89.0
1698416,55.0
1698528,22.0
1698528,42.0
1698576,55.0
1698624,43.0
1698640,56.0
1698640,48.0
1698656,72.0
1698704,40.0
1698720,55.0
1698800,35.0
1698816,27.0
1698896,43.0
1698928,56.0
1699040,26.0
1699088,44.0
1699104,36.0
1699136,63.0
1699168,33.0
1699216,32.0
1699248,20.0
1699280,47.0
1699312,56.0
1699360,34.0
1699440,49.0
1699472,36.0
1699536,51.0
1699568,22.0
1699632,34.0
1699664,54.0
1699744,36.0
1699744,69.0
1699744,38.0
1699776,75.0
1699824,49.0
1700000,56.0
1700032,35.0
1700144,44.0
1700144,52.0
1700160,33.0
1700224,61.0
1700240,60.0
1700304,35.0
1700368,50.0
1700384,45.0
1700384,40.0
1700400,36.0
1700448,42.0
1700512,61.0
1700544,32.0
1700640,80.0
1700752,24.0
1700752,23.0
1700752,47.0
1700768,64.0
1700896,37.0
1700896,47.0
1701008,39.0
1701040,55.0
1701056,51.0
1701072,35.0
1701104,44.0
1701360,38.0
1701376,46.0
1701440,76.0
1701456,57.0
1701472,64.0
1701520,39.0
1701536,40.0
1701616,34.0
1701648,34.0
1701744,46.0
1701808,66.0
1701840,68.0
1701936,55.0
1702000,60.0
1702032,41.0
1702048,27.0
1702096,46.0
1702096,40.0
1702192,41.0
1702192,128.0
1702256,51.0
1702336,54.0
1702368,100.0
1702496,35.0
1702624,49.0
1702656,63.0
1702672,54.0
1702736,43.0
1702752,45.0
1702768,42.0
1702768,36.0
1702880,55.0
1703056,50.0
1703072,25.0
1703168,52.0
1703184,68.0
1703200,91.0
1703216,28.0
1703264,38.0
1703296,35.0
1703408,40.0
1703408,41.0
1703408,118.0
1703488,81.0
1703632,79.0
1703696,39.0
1703696,40.0
1703728,33.0
1703776,35.0
1703792,57.0
1703808,74.0
1703872,86.0
1703952,48.0
1704032,34.0
1704048,47.0
1704064,41.0
1704112,53.0
1704160,47.0
1704160,47.0
1704224,66.0
1704320,39.0
1704368,35.0
1704432,13.0
1704592,45.0
1704704,34.0
1704768,38.0
1704816,70.0
1704832,49.0
1704832,48.0
1704848,33.0
1704848,66.0
1704864,68.0
1704960,83.0
1705008,36.0
1705040,63.0
1705072,70.0
1705136,48.0
1705168,36.0
1705168,22.0
1705184,91.0
1705184,67.0
1705312,34.0
1705344,32.0
1705408,34.0
1705440,37.0
1705488,41.0
1705600,56.0
1705648,30.0
1705680,23.0
1705712,36.0
1705728,24.0
1705760,37.0
1705776,51.0
1705824,61.0
1705856,42.0
1705872,50.0
1705888,30.0
1705904,26.0
1706000,62.0
1706016,52.0
1706160,32.0
1706160,70.0
1706272,26.0
1706368,37.0
1706400,45.0
1706464,47.0
1706512,38.0
1706544,51.0
1706544,33.0
1706576,71.0
1706624,29.0
1706704,69.0
1706704,27.0
1706704,44.0
1706752,58.0
1706800,65.0
1706896,64.0
1706976,27.0
1707056,56.0
1707104,37.0
1707104,25.0
1707280,36.0
1707312,89.0
1707328,47.0
1707344,34.0
1707344,45.0
1707360,51.0
1707440,61.0
1707472,48.0
1707488,68.0
1707520,72.0
1707616,32.0
1707680,36.0
1707792,56.0
1707792,30.0
1707808,52.0
1707856,24.0
1708016,46.0
1708048,43.0
1708080,40.0
1708272,58.0
1708288,42.0
1708320,52.0
1708384,33.0
1708416,104.0
1708416,46.0
1708448,41.0
1708480,71.0
1708624,81.0
1708640,22.0
1708640,99.0
1708736,45.0
1708768,61.0
1708800,45.0
1708816,31.0
1708832,82.0
1708848,65.0
1708848,36.0
1709008,35.0
1709200,45.0
1709200,35.0
1709216,24.0
1709232,51.0
1709232,53.0
1709360,46.0
1709376,46.0
1709376,38.0
1709440,87.0
1709520,44.0
1709552,47.0
1709568,45.0
1709600,54.0
1709664,41.0
1709728,23.0
1709792,59.0
1709840,89.0
1709968,33.0
1710000,49.0
1710064,52.0
1710144,57.0
1710144,59.0
1710160,37.0
1710192,40.0
1710320,50.0
1710320,70.0
1710400,35.0
1710400,46.0
1710416,22.0
1710416,65.0
1710480,69.0
1710544,25.0
1710592,37.0
1710656,54.0
1710752,38.0
1710768,65.0
1710784,39.0
1710800,30.0
1710848,55.0
1710864,42.0
1710928,83.0
1710960,40.0
1710960,26.0
1711072,41.0
1711104,32.0
1711184,48.0
1711200,28.0
1711216,23.0
1711360,60.0
1711440,42.0
1711456,50.0
1711472,34.0
1711504,34.0
1711536,36.0
1711584,74.0
1711584,23.0
1711616,26.0
1711616,47.0
1711648,73.0
1711648,36.0
1711824,45.0
1711920,70.0
1711984,28.0
1711984,33.0
1712048,43.0
1712064,37.0
1712160,34.0
1712208,35.0
1712240,41.0
1712256,67.0
1712288,40.0
1712304,24.0
1712352,98.0
1712368,47.0
1712384,35.0
1712560,25.0
1712576,37.0
1712592,72.0
1712640,24.0
1712656,37.0
1712656,72.0
1712704,70.0
1712752,25.0
1712816,28.0
1712848,50.0
1712912,33.0
1712960,45.0
1712976,43.0
1713008,26.0
1713056,25.0
1713200,62.0
1713200,40.0
1713232,78.0
1713232,41.0
1713248,34.0
1713376,29.0
1713472,51.0
1713488,40.0
1713504,34.0
1713504,28.0
1713568,51.0
1713600,49.0
1713728,68.0
1713856,41.0
1713888,41.0
1713888,24.0
1713920,57.0
1713952,61.0
1713968,104.0
1713984,24.0
1714000,39.0
1714016,34.0
1714080,52.0
1714096,37.0
1714128,40.0
1714272,26.0
1714288,68.0
1714288,45.0
1714336,38.0
1714432,26.0
1714528,34.0
1714544,37.0
1714576,30.0
1714592,85.0
1714608,40.0
1714640,47.0
1714720,27.0
1714736,41.0
1714752,47.0
1714768,55.0
1714768,53.0
1714800,42.0
1714864,37.0
1714992,44.0
1715040,29.0
1715152,22.0
1715184,27.0
1715280,40.0
1715280,46.0
1715312,49.0
1715328,35.0
1715376,38.0
1715456,64.0
1715488,56.0
1715520,49.0
1715568,53.0
1715648,38.0
1715744,71.0
1715792,58.0
1715808,39.0
1715888,56.0
1715968,32.0
1715984,103.0
1716144,39.0
1716240,54.0
1716272,29.0
1716272,44.0
1716304,51.0
1716336,28.0
1716352,38.0
1716368,68.0
1716400,68.0
1716544,56.0
1716624,81.0
1716640,85.0
1716720,47.0
1717024,45.0
1717040,44.0
1717040,40.0
1717040,25.0
1717088,51.0
1717104,54.0
1717152,38.0
1717184,75.0
1717248,56.0
1717312,73.0
1717328,136.0
1717328,66.0
1717472,28.0
1717616,36.0
1717632,37.0
1717696,83.0
1717696,67.0
1717696,38.0
1717792,47.0
1717792,67.0
1717872,25.0
1717904,50.0
1717904,45.0
1718016,43.0
1718048,50.0
1718080,58.0
1718128,50.0
1718208,56.0
1718288,42.0
1718336,44.0
1718352,41.0
1718352,35.0
1718368,161.0
1718384,37.0
1718400,44.0
1718576,55.0
1718624,45.0
1718656,33.0
1718672,37.0
1718736,43.0
1718768,30.0
1718784,48.0
1718864,33.0
1718864,60.0
1718928,35.0
1718960,47.0
1719024,42.0
1719072,75.0
1719232,52.0
1719296,39.0
1719328,29.0
1719360,63.0
1719360,37.0
1719376,40.0
1719408,34.0
1719504,53.0
1719552,73.0
1719568,49.0
1719616,65.0
1719632,35.0
1719664,65.0
1719840,57.0
1719968,46.0
1720000,40.0
1720016,22.0
1720064,28.0
1720080,66.0
1720096,37.0
1720096,43.0
1720112,47.0
1720144,37.0
1720256,39.0
1720320,47.0
1720368,65.0
1720400,64.0
1720464,39.0
1720576,38.0
1720592,32.0
1720704,38.0
1720704,109.0
1720720,22.0
1720768,42.0
1720880,55.0
1720880,46.0
1721024,27.0
1721024,39.0
1721040,45.0
1721040,49.0
1721072,66.0
1721152,43.0
1721200,39.0
1721264,35.0
1721296,37.0
1721312,27.0
1721328,79.0
1721376,38.0
1721440,134.0
1721504,49.0
1721504,29.0
1721616,37.0
1721712,42.0
1721728,41.0
1721760,38.0
1721856,61.0
1721872,110.0
1721904,40.0
1721936,35.0
1721936,40.0
1721968,33.0
1722000,31.0
1722016,51.0
1722048,45.0
1722064,47.0
1722112,68.0
1722176,28.0
1722336,36.0
1722384,20.0
1722400,49.0
1722416,32.0
1722480,61.0
1722528,35.0
1722544,38.0
1722560,53.0
1722624,28.0
1722720,49.0
1722720,38.0
1722752,23.0
1722768,48.0
1722784,46.0
1722800,29.0
1722848,52.0
1722912,24.0
1723056,41.0
1723120,78.0
1723184,40.0
1723232,51.0
1723248,31.0
1723248,39.0
1723296,28.0
1723312,25.0
1723344,93.0
1723360,40.0
1723376,51.0
1723408,38.0
1723440,42.0
1723520,65.0
1723536,51.0
1723648,54.0
1723680,28.0
1723824,44.0
1723856,38.0
1723872,51.0
1723872,35.0
1723936,43.0
1723968,39.0
1723968,38.0
1724032,53.0
1724112,46.0
1724192,47.0
1724336,50.0
1724384,54.0
1724416,46.0
1724480,74.0
1724512,41.0
1724512,54.0
1724528,70.0
1724544,42.0
1724576,38.0
1724624,37.0
1724672,44.0
1724672,53.0
1724832,56.0
1724944,47.0
1724992,70.0
1724992,36.0
1725088,47.0
1725152,40.0
1725152,42.0
1725200,51.0
1725200,39.0
1725200,36.0
1725232,45.0
1725264,27.0
1725408,29.0
1725440,48.0
1725472,59.0
1725472,24.0
1725504,52.0
1725584,37.0
1725616,39.0
1725744,34.0
1725824,42.0
1725840,108.0
1725856,41.0
1725856,41.0
1725856,82.0
1725936,44.0
1725952,28.0
1726048,36.0
1726080,58.0
1726096,41.0
1726128,45.0
1726224,38.0
1726368,32.0
1726368,32.0
1726384,27.0
1726464,38.0
1726496,26.0
1726560,46.0
1726592,83.0
1726640,66.0
1726672,52.0
1726832,68.0
1726848,57.0
1726880,52.0
1726880,88.0
1726992,39.0
1727024,33.0
1727072,38.0
1727120,47.0
1727152,37.0
1727168,49.0
1727200,67.0
1727248,41.0
1727296,41.0
1727360,32.0
1727456,39.0
1727504,22.0
1727520,53.0
1727552,91.0
1727584,44.0
1727616,87.0
1727664,37.0
1727760,35.0
1727776,20.0
1727856,38.0
1727872,62.0
1727888,56.0
1727920,56.0
1727920,50.0
1728048,47.0
1728080,36.0
1728176,51.0
1728240,41.0
1728304,43.0
1728336,51.0
1728400,53.0
1728416,47.0
1728432,42.0
1728464,34.0
1728464,81.0
1728640,48.0
1728640,49.0
1728720,40.0
1728736,51.0
1728816,24.0
1728896,45.0
1728992,37.0
1729024,49.0
1729024,45.0
1729104,40.0
1729120,41.0
1729152,32.0
1729168,52.0
1729184,48.0
1729408,42.0
1729440,50.0
1729456,46.0
1729536,103.0
1729632,30.0
1729632,46.0
1729712,56.0
1729728,34.0
1729760,46.0
1729792,48.0
1729872,131.0
1729920,51.0
1729984,36.0
1730016,36.0
1730032,36.0
1730208,28.0
1730240,28.0
1730336,26.0
1730336,39.0
1730352,144.0
1730384,32.0
1730416,49.0
1730432,79.0
1730448,57.0
1730480,53.0
1730656,96.0
1730736,63.0
1730752,25.0
1730768,111.0
1730800,29.0
1730880,56.0
1730960,34.0
1731040,64.0
1731040,41.0
1731056,64.0
1731088,55.0
1731088,47.0
1731200,47.0
1731200,45.0
1731312,67.0
1731328,56.0
1731360,35.0
1731392,41.0
1731456,44.0
1731520,54.0
1731584,51.0
1731616,36.0
1731648,37.0
1731696,51.0
1731792,47.0
1731792,37.0
1731824,39.0
1731904,51.0
1731920,37.0
1731920,52.0
1731952,27.0
1732080,48.0
1732112,45.0
1732144,33.0
1732160,23.0
1732240,55.0
1732240,41.0
1732320,42.0
1732320,31.0
1732352,28.0
1732496,22.0
1732576,101.0
1732592,42.0
1732704,24.0
1732736,51.0
1732752,32.0
1732784,83.0
1732816,44.0
1732848,66.0
1732864,39.0
1732880,50.0
1732912,76.0
1733008,43.0
1733024,67.0
1733072,57.0
1733104,38.0
1733216,27.0
1733296,28.0
1733312,60.0
1733328,32.0
1733360,49.0
1733376,32.0
1733392,40.0
1733424,52.0
1733488,38.0
1733600,56.0
1733728,62.0
1733744,42.0
1733792,48.0
1733792,23.0
1733792,55.0
1733840,46.0
1733840,39.0
1733840,33.0
1733904,36.0
1733936,58.0
1734112,51.0
1734176,24.0
1734208,52.0
1734208,29.0
1734240,55.0
1734320,52.0
1734352,39.0
1734368,48.0
1734416,39.0
1734480,40.0
1734496,37.0
1734496,41.0
1734512,19.0
1734544,47.0
1734576,23.0
1734608,27.0
1734736,39.0
1734752,51.0
1734800,88.0
1734816,25.0
1734880,25.0
1734896,66.0
1734944,36.0
1734976,25.0
1735040,45.0
1735040,34.0
1735040,33.0
1735104,47.0
1735152,22.0
1735200,37.0
1735424,34.0
1735472,77.0
1735472,33.0
1735520,30.0
1735552,36.0
1735664,48.0
1735680,40.0
1735696,41.0
1735712,38.0
1735712,61.0
1735792,40.0
1735824,80.0
1735888,26.0
1735936,90.0
1736032,35.0
1736128,26.0
1736176,32.0
1736208,63.0
1736208,91.0
1736288,48.0
1736304,47.0
1736304,93.0
1736400,44.0
1736464,65.0
1736528,44.0
1736528,51.0
1736560,55.0
1736608,45.0
1736656,39.0
1736656,45.0
1736688,35.0
1736720,32.0
1736736,59.0
1736752,28.0
1736800,39.0
1736816,38.0
1736848,34.0
1736992,37.0
1737040,36.0
1737040,32.0
1737088,25.0
1737200,40.0
1737216,58.0
1737264,28.0
1737312,49.0
1737360,44.0
1737408,43.0
1737424,24.0
1737456,23.0
1737504,44.0
1737536,55.0
1737552,59.0
1737568,36.0
1737616,54.0
1737744,56.0
1737808,28.0
1737856,40.0
1737888,53.0
1737888,22.0
1737904,44.0
1737920,29.0
1737984,45.0
1738016,44.0
1738112,43.0
1738144,36.0
1738144,40.0
1738272,54.0
1738304,98.0
1738352,50.0
1738384,48.0
1738384,40.0
1738416,32.0
1738528,42.0
1738528,24.0
1738544,41.0
1738640,41.0
1738672,41.0
1738736,51.0
1738768,60.0
1738784,40.0
1738944,42.0
1739072,43.0
1739168,33.0
1739168,39.0
1739168,31.0
1739248,54.0
1739264,57.0
1739264,86.0
1739296,35.0
1739344,51.0
1739344,58.0
1739344,25.0
1739424,82.0
1739440,41.0
1739584,80.0
1739664,23.0
1739696,58.0
1739808,46.0
1739808,29.0
1739808,23.0
1739936,42.0
1739952,49.0
1740032,94.0
1740112,48.0
1740192,24.0
1740208,60.0
1740224,35.0
1740272,69.0
1740288,30.0
1740336,57.0
1740368,64.0
1740448,74.0
1740464,81.0
1740560,47.0
1740608,26.0
1740624,65.0
1740656,44.0
1740672,40.0
1740704,31.0
1740784,68.0
1740848,25.0
1740880,34.0
1740896,27.0
1740912,61.0
1741008,24.0
1741104,52.0
1741168,55.0
1741184,39.0
1741200,26.0
1741248,40.0
1741264,72.0
1741280,66.0
1741280,38.0
1741296,58.0
1741408,35.0
1741472,35.0
1741552,42.0
1741632,61.0
1741792,49.0
1741824,39.0
1741840,46.0
1741840,37.0
1741872,61.0
1741888,74.0
1741936,41.0
1741952,49.0
1741984,36.0
1742016,52.0
1742192,45.0
1742208,59.0
1742336,49.0
1742352,25.0
1742416,37.0
1742480,53.0
1742544,41.0
1742576,37.0
1742592,45.0
1742624,26.0
1742672,55.0
1742800,60.0
1742816,96.0
1742816,55.0
1742816,95.0
1742896,55.0
1742928,32.0
1742992,50.0
1743040,75.0
1743200,41.0
1743248,56.0
1743264,37.0
1743312,24.0
1743376,36.0
1743376,65.0
1743424,38.0
1743472,56.0
1743568,68.0
1743584,48.0
1743600,49.0
1743600,44.0
1743632,65.0
1743648,64.0
1743648,17.0
1743680,23.0
1743840,26.0
1743840,36.0
1743856,30.0
1744144,72.0
1744144,31.0
1744224,39.0
1744320,40.0
1744336,71.0
1744416,53.0
1744432,60.0
1744448,38.0
1744480,40.0
1744480,39.0
1744480,55.0
1744480,77.0
1744560,58.0
1744656,101.0
1744720,71.0
1744768,39.0
1744880,28.0
1744896,47.0
1744912,79.0
1744992,41.0
1745056,31.0
1745168,45.0
1745200,55.0
1745216,62.0
1745296,24.0
1745328,53.0
1745360,55.0
1745392,31.0
1745568,32.0
1745568,50.0
1745632,61.0
1745680,79.0
1745680,75.0
1745696,61.0
1745792,25.0
1745840,40.0
1745872,19.0
1745888,56.0
1745888,63.0
1745888,45.0
1745904,89.0
1745952,46.0
1746144,32.0
1746176,55.0
1746272,44.0
1746320,23.0
1746400,32.0
1746400,65.0
1746416,45.0
1746432,33.0
1746464,49.0
1746512,39.0
1746560,48.0
1746624,46.0
1746720,28.0
1746720,65.0
1746752,89.0
1746848,24.0
1746912,32.0
1747120,38.0
1747152,52.0
1747184,47.0
1747200,83.0
1747216,41.0
1747248,88.0
1747264,54.0
1747312,37.0
1747344,39.0
1747360,38.0
1747376,77.0
1747408,31.0
1747440,51.0
1747584,27.0
1747632,76.0
1747712,37.0
1747808,38.0
1747808,37.0
1747824,40.0
1747952,37.0
1747984,71.0
1747984,113.0
1747984,46.0
1748000,41.0
1748032,37.0
1748192,24.0
1748224,57.0
1748256,55.0
1748304,45.0
1748336,22.0
1748352,40.0
1748544,80.0
1748576,73.0
1748592,37.0
1748592,35.0
1748720,26.0
1748768,49.0
1748768,59.0
1748784,50.0
1748800,62.0
1748880,41.0
1748896,19.0
1748912,45.0
1749088,47.0
1749104,53.0
1749104,92.0
1749168,76.0
1749168,37.0
1749232,32.0
1749248,41.0
1749344,62.0
1749408,54.0
1749488,24.0
1749552,48.0
1749568,30.0
1749600,31.0
1749632,47.0
1749632,52.0
1749648,30.0
1749680,57.0
1749712,51.0
1749712,34.0
1749744,61.0
1750016,48.0
1750048,30.0
1750080,73.0
1750112,35.0
1750160,47.0
1750160,51.0
1750224,37.0
1750256,64.0
1750304,44.0
1750304,41.0
1750400,48.0
1750432,45.0
1750480,62.0
1750704,37.0
1750800,34.0
1750800,40.0
1750816,41.0
1750848,39.0
1750912,38.0
1750912,77.0
1750928,55.0
1751056,84.0
1751104,64.0
1751184,90.0
1751200,48.0
1751296,37.0
1751344,59.0
1751360,84.0
1751456,40.0
1751536,43.0
1751648,37.0
1751648,46.0
1751664,46.0
1751728,78.0
1751808,94.0
1751856,31.0
1751952,38.0
1752032,77.0
1752048,71.0
1752080,56.0
1752128,37.0
1752176,55.0
1752224,64.0
1752256,38.0
1752288,35.0
1752304,41.0
1752304,75.0
1752336,96.0
1752336,30.0
1752384,21.0
1752464,63.0
1752528,25.0
1752800,36.0
1752816,32.0
1752848,32.0
1752848,56.0
1752864,36.0
1752896,45.0
1752976,37.0
1753040,46.0
1753072,46.0
1753072,79.0
1753136,92.0
1753216,47.0
1753312,80.0
1753376,35.0
1753584,43.0
1753600,95.0
1753600,35.0
1753616,34.0
1753632,48.0
1753648,87.0
1753680,29.0
1753776,50.0
1753824,61.0
1753840,82.0
1753888,36.0
1753904,48.0
1753952,72.0
1754144,23.0
1754176,83.0
1754208,39.0
1754240,54.0
1754288,38.0
1754304,41.0
1754304,29.0
1754304,44.0
1754336,79.0
1754464,40.0
1754496,37.0
1754656,66.0
1754736,53.0
1754768,71.0
1754768,30.0
1754912,48.0
1754960,41.0
1754992,41.0
1755072,48.0
1755120,94.0
1755152,59.0
1755232,48.0
1755232,58.0
1755312,71.0
1755424,48.0
1755456,76.0
1755504,97.0
1755600,54.0
1755616,70.0
1755632,54.0
1755648,33.0
1755712,30.0
1755712,47.0
1755744,47.0
1755760,53.0
1755808,41.0
1755888,51.0
1755888,27.0
1755984,47.0
1756080,48.0
1756192,48.0
1756288,40.0
1756336,98.0
1756336,52.0
1756384,40.0
1756464,53.0
1756480,53.0
1756512,39.0
1756544,35.0
1756576,48.0
1756576,18.0
1756592,55.0
1756640,55.0
1756656,48.0
1756752,35.0
1756768,24.0
1756896,51.0
1756928,83.0
1757056,36.0
1757088,47.0
1757104,37.0
1757136,42.0
1757136,35.0
1757232,36.0
1757248,44.0
1757360,49.0
1757360,64.0
1757376,38.0
1757408,106.0
1757504,54.0
1757552,41.0
1757664,33.0
1757680,27.0
1757696,35.0
1757696,59.0
1757712,38.0
1757936,44.0
1758048,43.0
1758064,22.0
1758096,43.0
1758144,40.0
1758176,51.0
1758256,44.0
1758352,81.0
1758400,113.0
1758400,44.0
1758432,47.0
1758464,96.0
1758480,69.0
1758528,29.0
1758592,94.0
1758624,33.0
1758640,44.0
1758640,59.0
1758736,21.0
1758736,37.0
1758832,41.0
1758880,26.0
1758896,40.0
1758912,32.0
1758976,58.0
1759040,86.0
1759168,34.0
1759280,47.0
1759296,54.0
1759312,42.0
1759344,62.0
1759392,57.0
1759472,40.0
1759520,49.0
1759584,42.0
1759616,40.0
1759664,24.0
1759680,65.0
1759712,52.0
1759728,62.0
1759760,45.0
1759776,55.0
1759808,32.0
1759952,30.0
1759968,24.0
1759968,36.0
1760048,55.0
1760064,45.0
1760112,95.0
1760128,51.0
1760320,44.0
1760320,40.0
1760352,36.0
1760384,41.0
1760400,40.0
1760448,30.0
1760496,49.0
1760496,24.0
1760656,43.0
1760672,20.0
1760720,75.0
1760752,50.0
1760784,41.0
1760832,48.0
1760848,33.0
1760864,75.0
1760912,54.0
1760944,31.0
1761040,34.0
1761072,26.0
1761120,25.0
1761216,52.0
1761248,58.0
1761264,91.0
1761296,50.0
1761312,35.0
1761360,26.0
1761360,43.0
1761392,34.0
1761408,21.0
1761408,63.0
1761424,40.0
1761536,26.0
1761600,21.0
1761616,47.0
1761680,53.0
1761728,26.0
1761792,47.0
1761888,37.0
1761888,33.0
1761920,24.0
1761936,33.0
1762000,68.0
1762000,38.0
1762016,50.0
1762048,40.0
1762080,52.0
1762176,24.0
1762224,34.0
1762240,40.0
1762288,42.0
1762304,36.0
1762336,28.0
1762416,66.0
1762576,43.0
1762576,36.0
1762576,35.0
1762592,73.0
1762640,40.0
1762656,38.0
1762656,45.0
1762656,27.0
1762800,45.0
1762976,66.0
1763008,44.0
1763056,51.0
1763136,34.0
1763152,54.0
1763184,38.0
1763216,35.0
1763216,50.0
1763264,68.0
1763328,47.0
1763344,23.0
1763408,47.0
1763408,38.0
1763440,69.0
1763472,51.0
1763472,56.0
1763488,53.0
1763792,40.0
1763824,40.0
1763824,35.0
1763856,40.0
1763856,50.0
1763888,25.0
1763888,55.0
1763968,31.0
1763968,47.0
1764112,40.0
1764176,24.0
1764176,48.0
1764192,49.0
1764224,55.0
1764240,50.0
1764400,32.0
1764480,72.0
1764528,44.0
1764544,45.0
1764624,48.0
1764736,48.0
1764752,33.0
1764784,51.0
1764832,41.0
1764864,47.0
1764944,44.0
1764944,47.0
1764960,35.0
1764976,68.0
1765040,54.0
1765104,39.0
1765120,79.0
1765168,39.0
1765248,132.0
1765312,36.0
1765424,37.0
1765504,47.0
1765552,38.0
1765552,48.0
1765584,29.0
1765600,40.0
1765648,25.0
1765728,54.0
1765792,51.0
1765840,46.0
1765856,77.0
1765856,19.0
1765872,52.0
1765936,48.0
1766064,70.0
1766144,52.0
1766224,22.0
1766288,40.0
1766304,55.0
1766320,46.0
1766320,30.0
1766336,52.0
1766336,38.0
1766528,42.0
1766528,46.0
1766592,19.0
1766784,35.0
1766784,74.0
1766784,40.0
1766800,46.0
1766816,143.0
1766848,62.0
1766880,35.0
1766912,38.0
1767104,48.0
1767152,51.0
1767184,24.0
1767184,102.0
1767232,81.0
1767248,45.0
1767248,41.0
1767344,51.0
1767344,33.0
1767376,33.0
1767440,41.0
1767440,41.0
1767456,34.0
1767504,45.0
1767648,83.0
1767680,28.0
1767776,56.0
1767776,37.0
1767792,22.0
1767840,41.0
1767904,41.0
1767936,52.0
1767984,38.0
1768000,41.0
1768128,43.0
1768224,67.0
1768256,57.0
1768384,46.0
1768528,37.0
1768544,65.0
1768560,49.0
1768592,38.0
1768624,45.0
1768656,25.0
1768688,77.0
1768720,45.0
1768720,65.0
1768752,61.0
1768800,36.0
1768864,101.0
1769104,82.0
1769328,50.0
1769344,34.0
1769344,60.0
1769344,45.0
1769360,51.0
1769376,43.0
1769376,39.0
1769392,97.0
1769392,79.0
1769440,45.0
1769504,57.0
1769536,42.0
1769792,77.0
1769824,69.0
1769920,33.0
1769952,35.0
1769952,38.0
1770000,56.0
1770112,49.0
1770128,47.0
1770208,53.0
1770208,97.0
1770240,56.0
1770240,50.0
1770240,56.0
1770256,47.0
1770416,39.0
1770512,35.0
1770592,76.0
1770720,38.0
1770736,46.0
1770752,52.0
1770848,82.0
1770864,38.0
1770880,47.0
1770976,48.0
1771008,66.0
1771024,49.0
1771040,50.0
1771040,52.0
1771232,32.0
1771264,33.0
1771280,48.0
1771312,93.0
1771472,38.0
1771472,37.0
1771504,31.0
1771536,70.0
1771536,49.0
1771600,63.0
1771616,22.0
1771632,41.0
1771680,40.0
1771888,54.0
1771888,103.0
1771904,39.0
1771936,56.0
1771968,70.0
1772032,45.0
1772128,41.0
1772160,33.0
1772176,42.0
1772240,40.0
1772240,44.0
1772272,50.0
1772320,44.0
1772336,69.0
1772352,51.0
1772448,26.0
1772560,55.0
1772560,20.0
1772592,39.0
1772656,47.0
1772672,34.0
1772768,52.0
1772832,41.0
1772880,38.0
1772880,27.0
1772912,64.0
1772928,38.0
1772960,67.0
1772992,40.0
1773056,51.0
1773072,57.0
1773184,53.0
1773232,42.0
1773328,31.0
1773328,35.0
1773360,30.0
1773552,62.0
1773568,43.0
1773584,58.0
1773600,33.0
1773600,34.0
1773632,65.0
1773632,60.0
1773792,52.0
1773856,54.0
1773904,62.0
1773968,40.0
1773968,40.0
1774032,69.0
1774064,32.0
1774144,60.0
1774208,61.0
1774256,56.0
1774256,39.0
1774272,44.0
1774368,21.0
1774512,55.0
1774528,58.0
1774608,40.0
1774624,30.0
1774656,37.0
1774656,25.0
1774736,55.0
1774784,62.0
1774784,51.0
1774800,34.0
1774816,38.0
1774816,76.0
1774896,39.0
1775040,24.0
1775072,35.0
1775104,23.0
1775120,96.0
1775152,49.0
1775232,83.0
1775248,45.0
1775248,40.0
1775280,29.0
1775424,48.0
1775472,43.0
1775536,57.0
1775616,50.0
1775616,34.0
1775632,52.0
1775648,54.0
1775648,25.0
1775680,40.0
1775712,38.0
1775760,40.0
1775792,56.0
1775840,37.0
1775872,25.0
1775936,49.0
1776032,47.0
1776208,37.0
1776272,27.0
1776320,49.0
1776336,43.0
1776384,46.0
1776400,33.0
1776576,72.0
1776576,23.0
1776608,86.0
1776672,40.0
1776736,70.0
1776784,69.0
1776832,32.0
1776864,67.0
1776864,69.0
1776960,36.0
1777008,86.0
1777072,42.0
1777088,72.0
1777120,49.0
1777216,94.0
1777232,35.0
1777344,48.0
1777344,21.0
1777408,71.0
1777440,41.0
1777488,47.0
1777488,25.0
1777520,59.0
1777520,35.0
1777552,27.0
1777584,45.0
1777616,47.0
1777728,56.0
1777888,41.0
1778048,38.0
1778064,36.0
1778080,63.0
1778144,41.0
1778224,38.0
1778240,56.0
1778256,53.0
1778256,57.0
1778272,24.0
1778416,75.0
1778416,54.0
1778480,56.0
1778528,63.0
1778640,24.0
1778688,130.0
1778704,30.0
1778832,82.0
1778864,45.0
1778864,38.0
1778880,38.0
1778912,24.0
1778944,54.0
1778960,45.0
1778976,58.0
1779120,66.0
1779136,41.0
1779136,45.0
1779184,34.0
1779264,36.0
1779328,26.0
1779376,42.0
1779424,63.0
1779456,36.0
1779456,108.0
1779552,43.0
1779568,44.0
1779584,38.0
1779616,42.0
1779680,53.0
1779712,47.0
1779792,29.0
1779808,42.0
1779824,23.0
1779952,48.0
1779952,24.0
1779968,11.0
1780000,46.0
1780016,35.0
1780048,58.0
1780048,42.0
1780064,40.0
1780176,65.0
1780224,42.0
1780256,40.0
1780336,47.0
1780416,44.0
1780592,37.0
1780672,38.0
1780672,41.0
1780688,32.0
1780720,65.0
1780784,52.0
1780784,61.0
1780848,37.0
1780848,64.0
1780864,57.0
1780912,54.0
1780912,59.0
1780928,55.0
1780960,46.0
1781072,46.0
1781168,36.0
1781168,20.0
1781184,48.0
1781264,36.0
1781280,35.0
1781280,38.0
1781344,42.0
1781440,41.0
1781472,35.0
1781488,26.0
1781536,47.0
1781552,24.0
1781680,52.0
1781728,54.0
1781760,37.0
1781760,52.0
1781808,56.0
1781888,44.0
1781904,23.0
1781904,39.0
1782208,46.0
1782208,41.0
1782256,48.0
1782272,52.0
1782304,60.0
1782416,41.0
1782480,75.0
1782496,37.0
1782544,49.0
1782640,57.0
1782656,47.0
1782704,51.0
1782768,94.0
1782848,36.0
1782912,41.0
1782944,71.0
1782992,32.0
1782992,82.0
1783056,131.0
1783216,63.0
1783264,60.0
1783280,54.0
1783296,47.0
1783344,40.0
1783392,74.0
1783440,42.0
1783472,61.0
1783520,54.0
1783568,36.0
1783680,46.0
1783712,54.0
1783776,49.0
1783792,55.0
1783808,73.0
1783824,24.0
1783840,23.0
1783872,51.0
1783920,36.0
1783936,34.0
1784080,32.0
1784112,52.0
1784176,55.0
1784304,37.0
1784320,40.0
1784352,52.0
1784352,34.0
1784400,71.0
1784400,39.0
1784416,30.0
1784432,38.0
1784544,83.0
1784576,44.0
1784624,34.0
1784656,34.0
1784672,47.0
1784720,58.0
1784800,23.0
1784880,44.0
1784896,66.0
1784928,36.0
1784944,37.0
1784976,25.0
1785056,40.0
1785072,47.0
1785104,50.0
1785168,23.0
1785232,52.0
1785264,38.0
1785328,58.0
1785376,44.0
1785408,33.0
1785424,44.0
1785440,56.0
1785440,32.0
1785456,25.0
1785616,28.0
1785616,45.0
1785712,40.0
1785792,73.0
1785808,30.0
1785856,57.0
1785920,51.0
1786016,36.0
1786016,49.0
1786032,39.0
1786080,39.0
1786112,43.0
1786192,58.0
1786192,51.0
1786256,28.0
1786272,30.0
1786288,82.0
1786304,54.0
1786352,46.0
1786432,26.0
1786464,38.0
1786496,55.0
1786512,50.0
1786608,37.0
1786704,37.0
1786784,33.0
1786800,32.0
1786816,49.0
1786816,34.0
1786960,55.0
1787056,35.0
1787056,34.0
1787136,59.0
1787136,22.0
1787184,62.0
1787200,46.0
1787216,32.0
1787312,44.0
1787408,37.0
1787408,37.0
1787424,94.0
1787424,70.0
1787520,73.0
1787568,27.0
1787664,28.0
1787664,38.0
1787664,77.0
1787728,58.0
1787760,50.0
1787808,39.0
1787952,34.0
1788064,31.0
1788112,50.0
1788160,64.0
1788176,48.0
1788224,35.0
1788224,35.0
1788272,76.0
1788320,56.0
1788368,38.0
1788464,41.0
1788464,25.0
1788496,48.0
1788528,63.0
1788544,37.0
1788608,88.0
1788720,38.0
1788816,40.0
1788864,37.0
1788880,22.0
1788944,49.0
1789024,50.0
1789072,38.0
1789072,36.0
1789088,104.0
1789184,60.0
1789200,55.0
1789328,104.0
1789408,37.0
1789456,68.0
1789504,65.0
1789536,42.0
1789536,58.0
1789568,31.0
1789648,44.0
1789696,23.0
1789728,41.0
1789792,67.0
1789872,43.0
1789952,26.0
1790016,38.0
1790016,51.0
1790112,68.0
1790176,38.0
1790208,104.0
1790224,43.0
1790320,42.0
1790400,42.0
1790512,35.0
1790544,47.0
1790560,43.0
1790576,106.0
1790640,74.0
1790672,35.0
1790688,100.0
1790688,23.0
1790704,75.0
1790800,39.0
1790800,37.0
1790800,49.0
1790848,52.0
1790944,34.0
1790992,48.0
1791040,84.0
1791072,35.0
1791104,25.0
1791104,33.0
1791200,25.0
1791200,40.0
1791312,32.0
1791328,41.0
1791360,42.0
1791408,48.0
1791424,39.0
1791424,36.0
1791440,47.0
1791520,36.0
1791776,36.0
1791824,49.0
1791888,33.0
1791904,57.0
1791952,55.0
1792016,38.0
1792016,57.0
1792032,93.0
1792048,39.0
1792096,56.0
1792160,45.0
1792272,73.0
1792288,54.0
1792336,63.0
1792352,33.0
1792368,66.0
1792432,41.0
1792480,37.0
1792512,26.0
1792528,63.0
1792624,36.0
1792816,50.0
1792912,39.0
1792928,26.0
1792976,34.0
1792992,68.0
1793008,33.0
1793024,47.0
1793168,72.0
1793168,52.0
1793184,64.0
1793216,53.0
1793264,40.0
1793360,63.0
1793360,34.0
1793504,97.0
1793552,95.0
1793568,35.0
1793600,39.0
1793648,27.0
1793696,73.0
1793808,39.0
1793872,32.0
1793888,61.0
1794064,56.0
1794080,32.0
1794128,30.0
1794160,29.0
1794176,74.0
1794240,61.0
1794272,84.0
1794320,60.0
1794336,33.0
1794368,51.0
1794416,87.0
1794528,25.0
1794544,41.0
1794576,88.0
1794672,27.0
1794704,52.0
1794768,37.0
1794800,45.0
1794816,82.0
1794832,77.0
1794928,38.0
1794976,40.0
1794976,35.0
1795040,23.0
1795088,45.0
1795216,59.0
1795232,67.0
1795264,27.0
1795280,44.0
1795376,52.0
1795392,36.0
1795440,86.0
1795536,52.0
1795552,49.0
1795632,41.0
1795632,69.0
1795664,39.0
1795728,28.0
1795744,41.0
1795840,57.0
1795840,54.0
1795952,46.0
1796048,51.0
1796064,33.0
1796080,43.0
1796080,40.0
1796128,31.0
1796224,24.0
1796224,60.0
1796368,51.0
1796384,45.0
1796576,52.0
1796624,49.0
1796640,43.0
1796720,41.0
1796768,71.0
1796864,129.0
1796912,34.0
1796912,74.0
1796944,51.0
1796960,46.0
1796992,57.0
1797040,26.0
1797056,63.0
1797088,54.0
1797168,37.0
1797296,76.0
1797360,37.0
1797376,21.0
1797408,34.0
1797456,25.0
1797504,37.0
1797520,50.0
1797568,74.0
1797616,33.0
1797632,42.0
1797696,145.0
1797728,46.0
1797744,69.0
1797920,61.0
1797936,64.0
1797984,43.0
1798000,39.0
1798048,40.0
1798048,55.0
1798176,51.0
1798192,42.0
1798192,43.0
1798288,41.0
1798304,24.0
1798384,40.0
1798416,60.0
1798432,27.0
1798560,52.0
1798560,24.0
1798576,60.0
1798608,65.0
1798656,38.0
1798720,49.0
1798720,64.0
1798736,27.0
1798752,35.0
1798752,44.0
1799008,37.0
1799072,55.0
1799120,35.0
1799152,73.0
1799216,30.0
1799264,52.0
1799264,44.0
1799312,44.0
1799312,64.0
1799376,62.0
1799392,46.0
1799504,31.0
1799504,27.0
1799552,52.0
1799712,25.0
1799728,29.0
1799744,62.0
1799760,34.0
1799760,38.0
1799808,66.0
1799824,69.0
1799888,39.0
1799920,38.0
1800096,34.0
1800176,50.0
1800224,52.0
1800288,49.0
1800384,55.0
1800384,42.0
1800448,39.0
1800544,49.0
1800560,42.0
1800592,23.0
1800672,47.0
1800672,58.0
1800768,63.0
1800848,108.0
1800848,142.0
1800864,71.0
1800912,51.0
1800944,35.0
1800976,37.0
1800992,51.0
1801024,30.0
1801120,35.0
1801184,46.0
1801232,59.0
1801312,29.0
1801440,53.0
1801456,29.0
1801472,50.0
1801536,39.0
1801584,111.0
1801632,43.0
1801696,42.0
1801696,52.0
1801712,65.0
1801744,61.0
1801744,39.0
1801904,58.0
1801984,50.0
1802096,29.0
1802128,51.0
1802144,44.0
1802176,45.0
1802192,41.0
1802224,30.0
1802240,34.0
1802288,37.0
1802352,40.0
1802400,51.0
1802464,77.0
1802512,48.0
1802528,24.0
1802544,35.0
1802768,30.0
1802832,44.0
1802848,41.0
1802912,43.0
1802912,129.0
1802912,42.0
1802928,64.0
1803008,34.0
1803008,41.0
1803024,39.0
1803184,107.0
1803264,22.0
1803296,49.0
1803312,71.0
1803344,36.0
1803344,51.0
1803440,56.0
1803600,36.0
1803616,38.0
1803664,51.0
1803680,53.0
1803712,49.0
1803776,29.0
1803808,56.0
1803808,50.0
1803920,36.0
1803952,116.0
1803968,42.0
1803968,66.0
1804000,35.0
1804080,56.0
1804096,47.0
1804128,33.0
1804288,39.0
1804288,32.0
1804400,49.0
1804416,44.0
1804480,50.0
1804544,39.0
1804576,36.0
1804640,34.0
1804672,54.0
1804672,88.0
1804784,41.0
1804800,32.0
1804832,54.0
1804848,56.0
1804928,24.0
1804976,25.0
1804976,73.0
1805024,66.0
1805040,47.0
1805088,28.0
1805104,39.0
1805328,57.0
1805344,34.0
1805344,42.0
1805440,26.0
1805472,87.0
1805488,40.0
1805488,68.0
1805504,45.0
1805568,46.0
1805584,31.0
1805712,42.0
1805776,50.0
1805856,24.0
1805904,35.0
1805952,38.0
1805968,40.0
1806000,64.0
1806112,74.0
1806112,34.0
1806144,92.0
1806208,48.0
1806224,45.0
1806336,23.0
1806336,53.0
1806400,51.0
1806432,45.0
1806528,47.0
1806560,44.0
1806576,39.0
1806640,46.0
1806656,41.0
1806736,78.0
1806816,42.0
1806912,50.0
1806960,39.0
1807024,37.0
1807040,52.0
1807072,53.0
1807104,125.0
1807168,33.0
1807184,53.0
1807184,49.0
1807376,79.0
1807408,42.0
1807440,49.0
1807456,56.0
1807568,65.0
1807712,43.0
1807712,56.0
1807744,40.0
1807744,44.0
1807776,75.0
1807840,58.0
1808016,38.0
1808064,55.0
1808080,23.0
1808112,46.0
1808128,59.0
1808144,67.0
1808192,46.0
1808208,27.0
1808256,68.0
1808320,85.0
1808336,39.0
1808368,50.0
1808384,59.0
1808400,41.0
1808464,25.0
1808512,31.0
1808576,28.0
1808592,25.0
1808672,21.0
1808720,25.0
1808736,33.0
1808800,43.0
1808816,61.0
1808928,53.0
1808928,33.0
1808960,36.0
1809024,80.0
1809040,56.0
1809104,24.0
1809120,38.0
1809200,46.0
1809232,31.0
1809232,40.0
1809296,58.0
1809328,47.0
1809344,68.0
1809376,22.0
1809408,30.0
1809424,38.0
1809456,33.0
1809552,28.0
1809568,38.0
1809584,22.0
1809584,34.0
1809600,50.0
1809808,71.0
1809824,39.0
1809840,24.0
1809872,47.0
1809920,34.0
1810000,41.0
1810016,38.0
1810080,41.0
1810096,50.0
1810128,56.0
1810160,37.0
1810368,48.0
1810384,14.0
1810432,69.0
1810464,41.0
1810464,55.0
1810576,62.0
1810576,46.0
1810624,67.0
1810672,47.0
1810720,37.0
1810768,47.0
1810800,44.0
1810816,59.0
1810864,65.0
1811072,28.0
1811152,24.0
1811168,46.0
1811248,55.0
1811248,49.0
1811264,55.0
1811296,39.0
1811360,80.0
1811360,49.0
1811360,49.0
1811440,39.0
1811472,25.0
1811584,70.0
1811712,62.0
1811808,113.0
1811856,37.0
1811888,40.0
1811920,70.0
1812128,52.0
1812176,51.0
1812208,46.0
1812272,57.0
1812416,38.0
1812416,79.0
1812496,57.0
1812512,72.0
1812528,40.0
1812560,70.0
1812576,83.0
1812608,90.0
1812704,49.0
1812784,58.0
1812864,125.0
1812864,43.0
1813056,33.0
1813072,29.0
1813152,64.0
1813232,41.0
1813248,61.0
1813264,44.0
1813264,25.0
1813280,67.0
1813312,56.0
1813328,51.0
1813456,42.0
1813456,37.0
1813536,24.0
1813664,37.0
1813728,126.0
1813744,65.0
1813776,85.0
1813792,81.0
1813824,48.0
1813840,38.0
1813936,41.0
1813968,45.0
1813968,41.0
1814080,39.0
1814112,53.0
1814144,51.0
1814160,56.0
1814192,46.0
1814224,43.0
1814320,24.0
1814352,39.0
1814368,44.0
1814416,37.0
1814448,30.0
1814496,41.0
1814688,29.0
1814704,39.0
1814704,34.0
1814848,46.0
1814864,45.0
1814880,68.0
1814896,33.0
1814992,64.0
1815024,36.0
1815040,45.0
1815040,79.0
1815056,44.0
1815120,86.0
1815184,62.0
1815200,44.0
1815248,24.0
1815248,34.0
1815264,36.0
1815424,63.0
1815440,35.0
1815488,40.0
1815504,20.0
1815584,34.0
1815744,47.0
1815760,45.0
1815776,47.0
1815808,35.0
1815840,37.0
1816016,33.0
1816176,66.0
1816176,57.0
1816208,94.0
1816240,50.0
1816272,48.0
1816288,68.0
1816336,90.0
1816352,38.0
1816384,60.0
1816576,51.0
1816624,38.0
1816640,52.0
1816672,29.0
1816720,104.0
1816736,60.0
1816752,25.0
1816800,39.0
1816864,39.0
1816896,39.0
1816960,39.0
1816976,37.0
1817008,52.0
1817024,46.0
1817136,32.0
1817136,35.0
1817200,101.0
1817312,92.0
1817408,43.0
1817472,52.0
1817488,51.0
1817504,44.0
1817504,48.0
1817568,38.0
1817584,38.0
1817712,53.0
1817728,52.0
1817824,50.0
1817824,32.0
1817840,40.0
1817872,70.0
1818016,63.0
1818016,12.0
1818032,56.0
1818176,65.0
1818192,43.0
1818192,38.0
1818208,46.0
1818304,30.0
1818304,51.0
1818352,53.0
1818384,51.0
1818448,45.0
1818560,45.0
1818656,40.0
1818672,30.0
1818752,45.0
1818768,56.0
1818768,37.0
1818816,69.0
1818864,42.0
1818896,55.0
1818944,46.0
1818960,41.0
1819040,43.0
1819104,45.0
1819152,37.0
1819168,54.0
1819216,113.0
1819296,33.0
1819360,37.0
1819392,59.0
1819424,38.0
1819632,46.0
1819648,62.0
1819696,64.0
1819728,35.0
1819744,37.0
1819744,55.0
1819760,50.0
1819840,34.0
1819952,46.0
1819952,75.0
1820000,56.0
1820080,21.0
1820096,23.0
1820208,32.0
1820224,37.0
1820224,36.0
1820272,27.0
1820272,33.0
1820288,33.0
1820384,62.0
1820448,68.0
1820464,32.0
1820480,30.0
1820544,28.0
1820608,33.0
1820672,78.0
1820704,104.0
1820720,27.0
1820784,36.0
1820832,35.0
1820880,38.0
1820896,42.0
1820944,35.0
1820976,64.0
1821008,25.0
1821056,132.0
1821120,42.0
1821232,48.0
1821264,49.0
1821360,36.0
1821376,72.0
1821376,52.0
1821392,35.0
1821504,39.0
1821552,34.0
1821616,45.0
1821616,42.0
1821664,60.0
1821680,28.0
1821744,64.0
1821808,43.0
1821888,39.0
1821952,36.0
1821968,26.0
1822000,39.0
1822016,39.0
1822096,89.0
1822144,33.0
1822208,72.0
1822256,40.0
1822256,36.0
1822288,39.0
1822352,62.0
1822400,41.0
1822480,61.0
1822592,40.0
1822608,38.0
1822624,26.0
1822640,42.0
1822656,53.0
1822688,27.0
1822816,42.0
1822848,117.0
1822848,31.0
1822896,40.0
1823024,71.0
1823024,39.0
1823072,49.0
1823232,34.0
1823264,78.0
1823264,40.0
1823328,46.0
1823344,28.0
1823424,25.0
1823504,56.0
1823520,89.0
1823648,63.0
1823696,55.0
1823792,48.0
1823984,45.0
1824048,61.0
1824064,50.0
1824080,47.0
1824080,53.0
1824096,90.0
1824128,44.0
1824144,81.0
1824208,32.0
1824256,46.0
1824320,33.0
1824352,63.0
1824400,120.0
1824464,25.0
1824608,33.0
1824656,72.0
1824672,114.0
1824736,47.0
1824736,68.0
1824816,38.0
1824832,43.0
1824848,47.0
1824880,39.0
1824944,51.0
1824976,56.0
1824976,41.0
1824976,32.0
1825152,30.0
1825248,56.0
1825328,58.0
1825360,30.0
1825376,83.0
1825424,30.0
1825488,41.0
1825504,48.0
1825568,37.0
1825584,27.0
1825648,52.0
1825664,43.0
1825712,66.0
1825712,22.0
1825728,47.0
1825728,70.0
1825728,62.0
1825760,32.0
1825808,27.0
1825904,25.0
1825984,41.0
1826064,76.0
1826112,39.0
1826144,24.0
1826208,39.0
1826256,37.0
1826304,37.0
1826320,42.0
1826368,50.0
1826400,61.0
1826416,27.0
1826592,24.0
1826656,59.0
1826656,58.0
1826704,25.0
1826736,63.0
1826736,21.0
1826768,25.0
1826816,57.0
1826832,36.0
1826864,50.0
1826944,50.0
1827072,60.0
1827088,80.0
1827120,50.0
1827136,34.0
1827152,26.0
1827168,29.0
1827216,50.0
1827296,35.0
1827296,40.0
1827376,35.0
1827408,29.0
1827440,49.0
1827472,38.0
1827568,46.0
1827680,35.0
1827696,30.0
1827728,36.0
1827824,47.0
1827840,44.0
1827888,45.0
1827904,38.0
1827920,39.0
1828112,64.0
1828224,91.0
1828256,158.0
1828352,55.0
1828368,28.0
1828400,62.0
1828416,45.0
1828432,38.0
1828464,46.0
1828672,81.0
1828688,78.0
1828688,50.0
1828688,63.0
1828752,57.0
1828800,24.0
1828912,50.0
1828928,36.0
1828944,32.0
1829088,25.0
1829088,25.0
1829120,97.0
1829136,48.0
1829168,59.0
1829232,35.0
1829296,87.0
1829312,57.0
1829344,68.0
1829488,35.0
1829552,68.0
1829600,57.0
1829680,37.0
1829680,58.0
1829776,61.0
1829840,31.0
1829840,38.0
1829968,50.0
1829984,31.0
1829984,67.0
1829984,53.0
1830000,25.0
1830016,58.0
1830048,23.0
1830064,59.0
1830256,60.0
1830352,65.0
1830480,58.0
1830576,37.0
1830592,57.0
1830592,38.0
1830640,50.0
1830672,42.0
1830688,44.0
1830720,47.0
1830736,112.0
1830752,44.0
1830880,54.0
1830880,65.0
1830976,45.0
1831024,34.0
1831104,47.0
1831232,91.0
1831248,36.0
1831280,37.0
1831360,38.0
1831360,48.0
1831424,85.0
1831456,54.0
1831584,59.0
1831600,54.0
1831696,42.0
1831712,52.0
1831760,41.0
1831840,54.0
1831920,42.0
1832016,90.0
1832016,49.0
1832128,48.0
1832160,46.0
1832176,26.0
1832176,29.0
1832176,37.0
1832272,42.0
1832320,25.0
1832432,26.0
1832544,26.0
1832544,79.0
1832576,76.0
1832608,57.0
1832656,51.0
1832672,122.0
1832672,31.0
1832816,31.0
1832832,122.0
1832864,53.0
1832896,39.0
1833024,53.0
1833232,36.0
1833232,67.0
1833248,67.0
1833264,28.0
1833312,40.0
1833344,57.0
1833360,51.0
1833392,53.0
1833424,35.0
1833472,126.0
1833536,54.0
1833616,23.0
1833632,50.0
1833808,49.0
1833808,36.0
1833856,60.0
1833856,27.0
1833888,33.0
1833936,29.0
1834048,44.0
1834208,102.0
1834208,51.0
1834208,61.0
1834208,36.0
1834240,58.0
1834256,103.0
1834384,36.0
1834416,38.0
1834432,34.0
1834448,32.0
1834480,59.0
1834512,56.0
1834592,34.0
1834640,27.0
1834672,29.0
1834688,89.0
1834752,56.0
1834784,34.0
1834912,66.0
1834928,45.0
1835024,40.0
1835024,38.0
1835040,37.0
1835072,35.0
1835088,55.0
1835152,56.0
1835184,44.0
1835216,49.0
1835344,44.0
1835360,38.0
1835376,49.0
1835440,26.0
1835456,48.0
1835456,26.0
1835536,38.0
1835568,49.0
1835584,31.0
1835632,38.0
1835648,27.0
1835664,47.0
1835792,45.0
1835888,34.0
1835904,47.0
1835904,34.0
1835952,24.0
1835952,48.0
1836096,89.0
1836144,38.0
1836224,53.0
1836224,49.0
1836256,37.0
1836416,52.0
1836416,60.0
1836432,61.0
1836464,52.0
1836464,51.0
1836480,36.0
1836496,34.0
1836544,25.0
1836656,44.0
1836688,50.0
1836688,56.0
1836704,18.0
1836720,31.0
1836768,54.0
1836832,23.0
1836944,25.0
1836944,33.0
1836976,45.0
1837104,40.0
1837136,57.0
1837152,66.0
1837184,33.0
1837232,47.0
1837280,49.0
1837312,38.0
1837328,56.0
1837488,50.0
1837488,48.0
1837536,35.0
1837536,48.0
1837632,50.0
1837648,32.0
1837648,26.0
1837680,33.0
1837904,50.0
1837920,40.0
1838000,51.0
1838080,37.0
1838096,49.0
1838112,89.0
1838128,40.0
1838128,37.0
1838128,37.0
1838288,40.0
1838400,31.0
1838416,26.0
1838480,96.0
1838560,40.0
1838576,102.0
1838624,32.0
1838704,36.0
1838736,21.0
1838736,66.0
1838736,40.0
1838784,72.0
1838800,42.0
1838880,37.0
1838912,31.0
1838928,53.0
1838928,80.0
1838992,32.0
1839056,108.0
1839072,59.0
1839104,34.0
1839104,30.0
1839168,29.0
1839168,37.0
1839296,32.0
1839328,25.0
1839408,33.0
1839488,26.0
1839520,49.0
1839680,39.0
1839728,39.0
1839728,51.0
1839760,37.0
1839792,66.0
1839808,63.0
1839824,68.0
1839856,47.0
1839872,44.0
1839936,59.0
1839984,66.0
1840032,44.0
1840128,25.0
1840144,41.0
1840176,48.0
1840176,55.0
1840192,24.0
1840208,33.0
1840224,25.0
1840240,45.0
1840272,26.0
1840304,34.0
1840368,36.0
1840400,26.0
1840464,37.0
1840688,41.0
1840752,34.0
1840768,52.0
1840800,41.0
1840832,40.0
1840864,71.0
1840864,40.0
1840880,38.0
1840928,47.0
1840992,54.0
1841008,40.0
1841024,45.0
1841104,54.0
1841120,41.0
1841120,59.0
1841184,24.0
1841216,22.0
1841328,58.0
1841344,32.0
1841536,32.0
1841536,53.0
1841664,50.0
1841696,59.0
1841728,39.0
1841744,46.0
1841792,38.0
1841840,67.0
1841904,57.0
1841904,61.0
1841920,65.0
1841936,51.0
1842000,41.0
1842016,56.0
1842048,52.0
1842048,24.0
1842208,26.0
1842224,56.0
1842256,45.0
1842336,38.0
1842432,26.0
1842480,46.0
1842608,44.0
1842640,59.0
1842656,51.0
1842672,48.0
1842688,40.0
1842688,47.0
1842688,40.0
1842720,32.0
1842736,51.0
1842832,52.0
1842848,39.0
1842992,41.0
1843008,47.0
1843024,93.0
1843056,23.0
1843072,37.0
1843200,37.0
1843216,30.0
1843264,39.0
1843360,42.0
1843408,26.0
1843424,47.0
1843456,28.0
1843472,49.0
1843520,50.0
1843552,70.0
1843568,57.0
1843632,26.0
1843696,31.0
1843696,27.0
1843712,12.0
1843808,49.0
1843824,61.0
1843856,49.0
1843952,33.0
1844000,73.0
1844048,22.0
1844096,39.0
1844112,26.0
1844128,42.0
1844160,38.0
1844160,50.0
1844272,29.0
1844288,77.0
1844304,30.0
1844320,43.0
1844400,62.0
1844480,39.0
1844544,34.0
1844576,29.0
1844720,48.0
1844768,38.0
1844800,44.0
1844832,34.0
1844848,50.0
1844864,72.0
1844944,42.0
1844992,52.0
1845056,30.0
1845136,46.0
1845152,38.0
1845200,56.0
1845216,22.0
1845280,72.0
1845312,29.0
1845360,55.0
1845408,115.0
1845408,38.0
1845424,44.0
1845472,26.0
1845520,33.0
1845536,48.0
1845584,47.0
1845616,25.0
1845696,47.0
1845712,32.0
1845824,34.0
1845856,96.0
1845888,47.0
1846016,37.0
1846080,24.0
1846080,45.0
1846128,61.0
1846240,58.0
1846288,55.0
1846304,48.0
1846304,37.0
1846320,46.0
1846400,24.0
1846400,49.0
1846480,63.0
1846512,69.0
1846560,42.0
1846576,31.0
1846624,50.0
1846672,34.0
1846720,26.0
1846832,82.0
1846960,41.0
1846976,36.0
1846992,44.0
1847024,39.0
1847088,48.0
1847120,31.0
1847136,35.0
1847184,39.0
1847200,70.0
1847248,26.0
1847248,87.0
1847296,49.0
1847312,67.0
1847440,29.0
1847440,45.0
1847472,62.0
1847536,54.0
1847536,34.0
1847616,41.0
1847648,39.0
1847712,36.0
1847712,29.0
1847760,29.0
1847872,27.0
1847936,43.0
1847968,31.0
1847968,55.0
1848000,55.0
1848096,35.0
1848224,65.0
1848256,40.0
1848272,46.0
1848352,40.0
1848384,39.0
1848448,36.0
1848464,64.0
1848464,79.0
1848544,56.0
1848592,31.0
1848624,41.0
1848624,25.0
1848656,84.0
1848736,46.0
1848784,53.0
1848784,67.0
1848864,38.0
1848992,40.0
1849008,39.0
1849024,66.0
1849072,33.0
1849136,42.0
1849136,22.0
1849200,58.0
1849248,50.0
1849280,43.0
1849360,46.0
1849360,46.0
1849392,46.0
1849408,26.0
1849424,40.0
1849424,60.0
1849504,40.0
1849632,24.0
1849680,38.0
1849744,38.0
1849744,63.0
1849760,46.0
1849808,24.0
1849824,34.0
1849904,48.0
1849904,44.0
1849984,36.0
1850064,35.0
1850096,46.0
1850192,23.0
1850192,48.0
1850224,76.0
1850272,37.0
1850352,60.0
1850368,63.0
1850384,39.0
1850480,53.0
1850512,48.0
1850528,39.0
1850544,46.0
1850576,52.0
1850624,40.0
1850736,52.0
1850736,42.0
1850784,25.0
1851008,49.0
1851072,37.0
1851072,61.0
1851072,45.0
1851088,56.0
1851104,52.0
1851104,46.0
1851200,41.0
1851264,67.0
1851280,41.0
1851328,47.0
1851360,52.0
1851392,41.0
1851536,50.0
1851568,49.0
1851664,37.0
1851728,33.0
1851728,41.0
1851776,42.0
1851824,46.0
1851872,30.0
1851920,37.0
1851968,56.0
1851968,44.0
1852080,45.0
1852128,101.0
1852160,39.0
1852304,40.0
1852336,83.0
1852368,37.0
1852368,31.0
1852400,70.0
1852416,43.0
1852432,22.0
1852480,32.0
1852512,49.0
1852528,44.0
1852544,90.0
1852688,45.0
1852688,35.0
1852752,52.0
1852832,42.0
1853040,46.0
1853056,34.0
1853056,43.0
1853152,46.0
1853152,51.0
1853184,31.0
1853184,44.0
1853216,53.0
1853216,49.0
1853232,43.0
1853280,107.0
1853344,59.0
1853456,48.0
1853504,61.0
1853568,51.0
1853568,46.0
1853568,33.0
1853696,34.0
1853712,30.0
1853744,35.0
1853824,38.0
1853904,39.0
1853904,45.0
1853936,55.0
1854080,46.0
1854144,43.0
1854224,67.0
1854256,43.0
1854336,25.0
1854352,49.0
1854352,33.0
1854368,72.0
1854400,52.0
1854480,36.0
1854528,64.0
1854544,53.0
1854544,50.0
1854688,34.0
1854688,49.0
1854720,31.0
1854736,41.0
1854864,29.0
1854896,35.0
1854912,116.0
1854912,41.0
1855056,44.0
1855104,35.0
1855104,47.0
1855104,36.0
1855120,88.0
1855136,26.0
1855200,29.0
1855312,12.0
1855344,41.0
1855392,57.0
1855440,47.0
1855456,34.0
1855472,35.0
1855552,74.0
1855600,46.0
1855648,34.0
1855648,69.0
1855696,50.0
1855744,38.0
1855760,41.0
1855792,46.0
1855824,23.0
1855840,33.0
1855840,46.0
1855936,29.0
1855984,21.0
1856096,56.0
1856112,32.0
1856112,22.0
1856112,42.0
1856144,28.0
1856240,53.0
1856320,24.0
1856336,31.0
1856416,42.0
1856416,67.0
1856432,49.0
1856528,61.0
1856624,52.0
1856640,25.0
1856736,40.0
1856768,41.0
1856768,41.0
1856832,62.0
1856848,20.0
1856848,64.0
1856864,33.0
1856928,49.0
1856928,51.0
1856928,59.0
1856992,35.0
1857056,14.0
1857056,46.0
1857264,53.0
1857312,29.0
1857344,22.0
1857456,43.0
1857456,45.0
1857488,53.0
1857536,42.0
1857584,46.0
1857616,35.0
1857648,45.0
1857664,65.0
1857712,41.0
1857728,82.0
1857824,66.0
1857856,34.0
1858080,51.0
1858112,24.0
1858112,41.0
1858224,38.0
1858224,48.0
1858288,47.0
1858368,45.0
1858368,64.0
1858480,51.0
1858480,41.0
1858512,58.0
1858528,42.0
1858560,102.0
1858736,39.0
1858864,22.0
1858880,87.0
1858896,42.0
1858896,38.0
1858944,126.0
1859024,41.0
1859120,65.0
1859136,64.0
1859152,49.0
1859168,40.0
1859232,42.0
1859264,65.0
1859296,51.0
1859392,33.0
1859408,106.0
1859504,39.0
1859552,41.0
1859568,34.0
1859584,69.0
1859648,57.0
1859712,34.0
1859744,30.0
1859744,38.0
1859792,53.0
1859856,44.0
1859936,34.0
1859936,51.0
1860000,26.0
1860080,49.0
1860240,46.0
1860256,38.0
1860272,35.0
1860288,45.0
1860352,38.0
1860496,59.0
1860528,102.0
1860576,45.0
1860592,50.0
1860608,75.0
1860624,34.0
1860672,90.0
1860720,61.0
1860736,50.0
1860752,29.0
1860784,53.0
1860880,55.0
1861008,47.0
1861040,34.0
1861040,48.0
1861056,51.0
1861200,36.0
1861200,39.0
1861232,31.0
1861232,44.0
1861280,58.0
1861312,37.0
1861328,41.0
1861392,38.0
1861424,12.0
1861456,54.0
1861504,47.0
1861632,37.0
1861632,64.0
1861664,38.0
1861744,27.0
1861872,62.0
1862000,48.0
1862016,51.0
1862064,38.0
1862064,66.0
1862096,44.0
1862128,29.0
1862176,61.0
1862176,34.0
1862208,49.0
1862336,37.0
1862336,52.0
1862432,50.0
1862464,37.0
1862464,89.0
1862464,71.0
1862512,31.0
1862688,30.0
1862704,40.0
1862736,38.0
1862848,98.0
1862864,54.0
1862880,26.0
1862928,37.0
1862976,50.0
1863024,37.0
1863056,55.0
1863264,73.0
1863408,35.0
1863440,36.0
1863488,89.0
1863488,38.0
1863520,37.0
1863520,74.0
1863536,67.0
1863552,36.0
1863552,53.0
1863600,54.0
1863680,39.0
1863808,25.0
1863824,85.0
1863856,37.0
1863984,31.0
1864016,33.0
1864032,63.0
1864032,95.0
1864112,37.0
1864112,37.0
1864192,47.0
1864192,24.0
1864208,38.0
1864208,41.0
1864256,45.0
1864448,56.0
1864464,40.0
1864528,31.0
1864528,115.0
1864640,41.0
1864720,44.0
1864752,35.0
1864768,57.0
1864800,70.0
1864816,49.0
1864848,46.0
1864992,29.0
1865024,51.0
1865104,53.0
1865216,43.0
1865360,40.0
1865392,80.0
1865424,61.0
1865440,42.0
1865440,40.0
1865552,68.0
1865552,84.0
1865744,97.0
1865744,56.0
1865760,34.0
1865760,23.0
1865776,60.0
1865840,46.0
1865840,68.0
1865904,29.0
1865936,57.0
1865968,34.0
1866016,29.0
1866096,41.0
1866112,92.0
1866128,23.0
1866208,28.0
1866240,78.0
1866352,62.0
1866368,37.0
1866416,36.0
1866512,42.0
1866624,31.0
1866640,27.0
1866656,57.0
1866672,46.0
1866768,33.0
1866832,80.0
1866848,55.0
1866848,46.0
1866976,39.0
1867056,43.0
1867120,38.0
1867264,73.0
1867312,30.0
1867344,42.0
1867344,58.0
1867408,104.0
1867424,36.0
1867440,89.0
1867504,53.0
1867536,102.0
1867600,60.0
1867616,35.0
1867824,75.0
1867856,68.0
1867888,48.0
1867952,69.0
1868080,69.0
1868096,41.0
1868128,44.0
1868144,34.0
1868176,52.0
1868192,21.0
1868208,54.0
1868224,57.0
1868288,25.0
1868288,64.0
1868288,55.0
1868352,46.0
1868400,54.0
1868448,31.0
1868544,26.0
1868672,24.0
1868704,35.0
1868736,40.0
1868832,83.0
1868928,40.0
1868944,46.0
1868960,55.0
1868992,73.0
1869024,18.0
1869040,54.0
1869104,51.0
1869216,51.0
1869232,49.0
1869264,35.0
1869296,39.0
1869328,71.0
1869360,71.0
1869488,41.0
1869536,37.0
1869552,75.0
1869600,19.0
1869648,34.0
1869680,28.0
1869792,48.0
1869824,52.0
1869872,83.0
1869888,39.0
1869936,25.0
1870016,50.0
1870032,69.0
1870128,68.0
1870128,73.0
1870160,32.0
1870160,38.0
1870288,43.0
1870288,58.0
1870352,54.0
1870416,34.0
1870432,38.0
1870448,32.0
1870480,20.0
1870528,31.0
1870640,82.0
1870720,65.0
1870800,42.0
1870800,28.0
1870848,52.0
1870880,37.0
1870880,68.0
1870912,47.0
1871008,23.0
1871152,46.0
1871184,66.0
1871232,84.0
1871248,51.0
1871248,50.0
1871280,27.0
1871280,23.0
1871280,30.0
1871408,58.0
1871552,42.0
1871568,65.0
1871600,50.0
1871632,24.0
1871728,34.0
1871744,91.0
1871760,65.0
1871904,42.0
1871920,40.0
1872096,51.0
1872096,59.0
1872112,54.0
1872128,70.0
1872176,26.0
1872176,56.0
1872304,89.0
1872352,38.0
1872368,12.0
1872448,56.0
1872464,52.0
1872496,36.0
1872496,37.0
1872496,58.0
1872752,72.0
1872816,68.0
1872896,45.0
1872944,53.0
1872960,53.0
1872992,56.0
1873104,47.0
1873136,43.0
1873232,114.0
1873232,46.0
1873280,61.0
1873296,21.0
1873376,78.0
1873408,57.0
1873424,60.0
1873440,39.0
1873584,43.0
1873632,55.0
1873648,44.0
1873664,81.0
1873664,35.0
1873776,40.0
1873840,38.0
1873920,39.0
1873920,43.0
1874000,36.0
1874048,48.0
1874064,67.0
1874064,39.0
1874080,44.0
1874128,102.0
1874128,45.0
1874224,35.0
1874240,38.0
1874256,37.0
1874400,51.0
1874416,48.0
1874576,41.0
1874576,33.0
1874608,52.0
1874656,51.0
1874752,52.0
1874784,41.0
1874816,37.0
1874848,49.0
1874944,55.0
1874944,23.0
1875008,58.0
1875024,64.0
1875072,59.0
1875168,37.0
1875184,48.0
1875232,28.0
1875264,63.0
1875344,33.0
1875408,63.0
1875456,38.0
1875536,49.0
1875616,38.0
1875664,66.0
1875696,91.0
1875728,20.0
1875728,49.0
1875760,36.0
1875968,59.0
1876000,52.0
1876000,41.0
1876016,59.0
1876032,68.0
1876064,50.0
1876128,92.0
1876144,24.0
1876176,40.0
1876224,62.0
1876272,34.0
1876272,36.0
1876400,42.0
1876400,25.0
1876432,51.0
1876624,37.0
1876640,42.0
1876656,30.0
1876736,37.0
1876768,48.0
1876832,44.0
1876848,39.0
1876912,40.0
1877056,65.0
1877136,54.0
1877136,46.0
1877184,35.0
1877264,33.0
1877280,55.0
1877360,45.0
1877488,66.0
1877504,128.0
1877520,47.0
1877536,92.0
1877632,61.0
1877664,33.0
1877680,48.0
1877696,21.0
1877760,58.0
1877840,62.0
1877872,38.0
1877920,54.0
1877984,53.0
1878016,21.0
1878048,54.0
1878080,36.0
1878080,151.0
1878112,37.0
1878144,28.0
1878208,36.0
1878224,59.0
1878384,45.0
1878400,35.0
1878432,35.0
1878496,46.0
1878512,64.0
1878544,39.0
1878608,33.0
1878608,31.0
1878656,27.0
1878672,71.0
1878720,42.0
1878736,37.0
1878992,57.0
1879008,50.0
1879024,65.0
1879088,34.0
1879088,67.0
1879216,44.0
1879264,34.0
1879280,42.0
1879280,55.0
1879296,43.0
1879312,41.0
1879424,65.0
1879424,62.0
1879472,24.0
1879536,54.0
1879552,66.0
1879568,35.0
1879648,39.0
1879728,40.0
1879776,29.0
1879808,67.0
1879824,34.0
1879840,39.0
1879888,56.0
1879904,40.0
1879920,39.0
1880048,39.0
1880080,38.0
1880112,52.0
1880144,36.0
1880208,23.0
1880320,56.0
1880320,34.0
1880368,45.0
1880400,42.0
1880416,23.0
1880432,34.0
1880448,56.0
1880656,52.0
1880672,35.0
1880784,78.0
1880848,25.0
1880864,34.0
1880864,49.0
1880864,60.0
1880928,63.0
1880944,32.0
1880976,41.0
1881136,46.0
1881280,38.0
1881280,54.0
1881376,73.0
1881376,77.0
1881392,33.0
1881408,39.0
1881424,66.0
1881440,36.0
1881536,43.0
1881600,112.0
1881760,52.0
1881808,26.0
1881872,27.0
1881904,48.0
1881920,61.0
1881936,35.0
1881984,70.0
1882016,46.0
1882016,65.0
1882032,38.0
1882032,39.0
1882144,54.0
1882160,25.0
1882192,51.0
1882192,96.0
1882240,44.0
1882432,39.0
1882528,39.0
1882560,43.0
1882592,35.0
1882608,42.0
1882608,37.0
1882624,30.0
1882688,68.0
1882720,35.0
1882736,45.0
1882752,45.0
1882768,53.0
1882784,37.0
1882848,26.0
1882880,43.0
1882928,43.0
1882992,63.0
1883024,26.0
1883120,27.0
1883152,33.0
1883184,39.0
1883296,44.0
1883312,49.0
1883344,38.0
1883376,41.0
1883408,24.0
1883504,47.0
1883520,25.0
1883584,46.0
1883664,55.0
1883712,59.0
1883808,19.0
1883824,30.0
1883872,35.0
1883920,46.0
1883968,85.0
1884000,37.0
1884016,71.0
1884048,42.0
1884112,37.0
1884208,80.0
1884336,74.0
1884336,84.0
1884368,41.0
1884416,70.0
1884544,36.0
1884576,33.0
1884624,50.0
1884656,46.0
1884688,36.0
1884800,76.0
1884800,71.0
1884896,35.0
1884944,71.0
1885024,63.0
1885040,73.0
1885072,31.0
1885120,70.0
1885232,36.0
1885280,67.0
1885280,46.0
1885296,58.0
1885360,46.0
1885376,36.0
1885392,37.0
1885424,63.0
1885552,54.0
1885632,46.0
1885760,89.0
1885792,32.0
1885824,44.0
1885824,50.0
1885872,50.0
1885920,55.0
1885936,41.0
1886128,36.0
1886128,44.0
1886160,49.0
1886208,51.0
1886224,37.0
1886288,29.0
1886320,12.0
1886320,64.0
1886464,77.0
1886464,44.0
1886480,43.0
1886480,35.0
1886592,48.0
1886672,108.0
1886704,52.0
1886800,37.0
1886816,22.0
1886864,40.0
1886880,26.0
1886928,28.0
1886928,98.0
1887072,49.0
1887136,34.0
1887216,80.0
1887232,26.0
1887360,65.0
1887392,43.0
1887440,82.0
1887440,70.0
1887488,35.0
1887504,40.0
1887552,55.0
1887552,26.0
1887584,44.0
1887712,77.0
1887776,34.0
1887824,64.0
1887856,49.0
1887920,110.0
1887952,37.0
1887968,33.0
1887984,30.0
1888064,53.0
1888080,31.0
1888080,33.0
1888128,40.0
1888192,40.0
1888208,51.0
1888272,52.0
1888288,23.0
1888352,40.0
1888448,95.0
1888496,26.0
1888496,42.0
1888624,26.0
1888784,51.0
1888800,64.0
1888800,53.0
1888896,28.0
1888928,53.0
1888944,55.0
1888976,62.0
1888992,40.0
1889008,46.0
1889024,56.0
1889120,79.0
1889200,25.0
1889200,57.0
1889328,33.0
1889584,68.0
1889632,63.0
1889744,47.0
1889760,35.0
1889792,49.0
1889904,58.0
1889904,44.0
1889920,62.0
1889968,64.0
1890000,113.0
1890000,55.0
1890064,65.0
1890176,53.0
1890224,40.0
1890272,93.0
1890368,29.0
1890368,36.0
1890448,122.0
1890464,34.0
1890528,49.0
1890576,42.0
1890624,54.0
1890656,37.0
1890704,33.0
1890784,51.0
1890848,76.0
1890880,38.0
1890960,24.0
1890992,39.0
1891024,133.0
1891040,37.0
1891088,54.0
1891104,25.0
1891136,38.0
1891168,50.0
1891216,23.0
1891264,79.0
1891280,41.0
1891328,42.0
1891440,41.0
1891472,23.0
1891504,34.0
1891552,26.0
1891568,36.0
1891600,24.0
1891744,30.0
1891776,31.0
1891792,44.0
1891792,112.0
1891808,48.0
1891888,63.0
1892000,31.0
1892016,34.0
1892112,68.0
1892160,62.0
1892160,37.0
1892176,53.0
1892240,111.0
1892272,52.0
1892432,55.0
1892464,43.0
1892512,57.0
1892528,45.0
1892528,23.0
1892544,23.0
1892640,56.0
1892768,47.0
1892768,38.0
1892816,58.0
1892848,36.0
1892864,54.0
1892896,23.0
1892896,69.0
1892928,51.0
1892960,28.0
1892960,33.0
1892976,46.0
1892992,75.0
1893152,24.0
1893200,42.0
1893248,38.0
1893280,51.0
1893376,24.0
1893408,35.0
1893424,55.0
1893440,42.0
1893488,21.0
1893520,44.0
1893536,38.0
1893568,42.0
1893584,43.0
1893584,39.0
1893680,45.0
1893856,62.0
1893936,60.0
1893968,25.0
1893984,36.0
1894112,46.0
1894304,45.0
1894368,73.0
1894368,52.0
1894384,54.0
1894400,72.0
1894400,51.0
1894464,74.0
1894464,38.0
1894480,23.0
1894496,63.0
1894528,34.0
1894528,68.0
1894592,39.0
1894624,59.0
1894736,21.0
1894800,27.0
1894848,28.0
1895024,34.0
1895040,101.0
1895088,39.0
1895152,48.0
1895216,45.0
1895264,56.0
1895312,53.0
1895344,65.0
1895376,47.0
1895424,56.0
1895456,45.0
1895536,63.0
1895568,61.0
1895632,49.0
1895696,42.0
1895744,25.0
1895776,32.0
1895808,48.0
1895840,65.0
1895856,34.0
1895920,52.0
1895936,125.0
1895952,24.0
1895952,46.0
1896032,55.0
1896048,42.0
1896080,39.0
1896144,28.0
1896160,24.0
1896352,38.0
1896448,37.0
1896448,57.0
1896496,43.0
1896544,57.0
1896560,38.0
1896560,39.0
1896624,36.0
1896624,75.0
1896624,37.0
1896656,36.0
1896752,52.0
1896768,58.0
1896784,52.0
1896864,44.0
1897056,38.0
1897104,60.0
1897168,45.0
1897168,24.0
1897200,36.0
1897280,45.0
1897344,50.0
1897360,63.0
1897360,54.0
1897376,47.0
1897392,40.0
1897520,54.0
1897536,42.0
1897600,65.0
1897776,38.0
1897776,42.0
1897824,34.0
1897888,52.0
1897904,80.0
1897920,35.0
1897936,34.0
1898080,45.0
1898096,36.0
1898112,84.0
1898176,63.0
1898176,50.0
1898288,29.0
1898464,35.0
1898480,24.0
1898528,62.0
1898560,24.0
1898576,50.0
1898608,42.0
1898720,38.0
1898720,52.0
1898816,56.0
1898864,49.0
1898864,104.0
1898896,81.0
1898912,71.0
1899024,46.0
1899072,56.0
1899136,42.0
1899152,113.0
1899232,47.0
1899232,44.0
1899248,43.0
1899296,36.0
1899376,48.0
1899392,30.0
1899456,35.0
1899456,40.0
1899520,24.0
1899536,51.0
1899616,47.0
1899648,36.0
1899680,41.0
1899712,21.0
1899776,57.0
1899776,30.0
1899856,25.0
1899856,38.0
1899904,42.0
1899920,48.0
1900032,40.0
1900160,99.0
1900160,40.0
1900208,27.0
1900256,38.0
1900272,26.0
1900320,54.0
1900352,46.0
1900368,43.0
1900368,21.0
1900384,72.0
1900544,24.0
1900592,66.0
1900608,28.0
1900704,53.0
1900720,50.0
1900752,65.0
1900768,62.0
1900768,54.0
1900928,41.0
1900928,35.0
1901008,47.0
1901024,51.0
1901152,52.0
1901232,32.0
1901248,54.0
1901280,32.0
1901296,34.0
1901296,33.0
1901376,52.0
1901440,32.0
1901456,53.0
1901472,34.0
1901520,51.0
1901520,72.0
1901600,22.0
1901648,40.0
1901856,44.0
1901872,95.0
1901888,38.0
1901888,41.0
1901936,35.0
1901984,34.0
1901984,33.0
1902112,68.0
1902208,43.0
1902208,38.0
1902224,44.0
1902288,25.0
1902336,43.0
1902336,65.0
1902400,26.0
1902416,30.0
1902432,115.0
1902464,73.0
1902480,39.0
1902512,39.0
1902560,22.0
1902624,25.0
1902656,28.0
1902672,21.0
1902704,37.0
1902736,79.0
1902800,23.0
1902848,21.0
1902864,62.0
1902864,28.0
1903008,38.0
1903024,23.0
1903040,44.0
1903184,44.0
1903200,57.0
1903408,89.0
1903408,42.0
1903440,37.0
1903488,39.0
1903520,53.0
1903520,41.0
1903600,37.0
1903664,75.0
1903680,61.0
1903776,36.0
1903792,47.0
1903856,28.0
1903904,26.0
1903936,71.0
1904032,23.0
1904048,33.0
1904048,89.0
1904080,56.0
1904080,66.0
1904144,44.0
1904144,99.0
1904176,31.0
1904256,29.0
1904320,45.0
1904496,26.0
1904608,68.0
1904624,36.0
1904656,50.0
1904656,32.0
1904688,38.0
1904752,45.0
1904752,61.0
1904784,40.0
1904832,41.0
1904848,50.0
1904880,24.0
1904912,41.0
1904912,63.0
1905024,101.0
1905152,34.0
1905152,33.0
1905168,53.0
1905200,32.0
1905232,36.0
1905248,82.0
1905280,28.0
1905408,41.0
1905456,42.0
1905488,36.0
1905600,43.0
1905680,41.0
1905680,28.0
1905744,62.0
1905760,38.0
1905792,37.0
1905824,36.0
1905840,74.0
1905856,43.0
1905936,68.0
1905936,41.0
1905984,36.0
1906112,60.0
1906144,20.0
1906224,48.0
1906224,34.0
1906240,35.0
1906320,90.0
1906352,37.0
1906368,36.0
1906432,59.0
1906432,52.0
1906432,36.0
1906448,29.0
1906464,39.0
1906560,28.0
1906592,41.0
1906656,21.0
1906672,46.0
1906816,24.0
1906816,36.0
1906960,31.0
1906976,77.0
1906976,47.0
1907040,38.0
1907072,32.0
1907136,57.0
1907216,67.0
1907248,36.0
1907280,29.0
1907312,59.0
1907360,57.0
1907360,48.0
1907392,36.0
1907440,68.0
1907536,55.0
1907648,36.0
1907648,38.0
1907696,79.0
1907712,22.0
1907856,40.0
1907888,36.0
1907904,39.0
1907920,35.0
1908016,55.0
1908032,66.0
1908096,71.0
1908112,54.0
1908128,30.0
1908192,47.0
1908240,37.0
1908288,25.0
1908352,40.0
1908400,24.0
1908416,64.0
1908432,56.0
1908432,46.0
1908528,39.0
1908608,47.0
1908672,35.0
1908736,110.0
1908768,46.0
1908768,53.0
1908848,26.0
1908976,39.0
1909168,61.0
1909184,56.0
1909184,49.0
1909264,73.0
1909312,74.0
1909344,57.0
1909440,57.0
1909488,78.0
1909488,67.0
1909520,47.0
1909552,59.0
1909600,52.0
1909632,56.0
1909760,68.0
1909792,30.0
1909808,39.0
1909824,35.0
1909888,45.0
1909904,66.0
1909984,63.0
1910000,51.0
1910048,38.0
1910144,50.0
1910240,47.0
1910256,46.0
1910272,32.0
1910320,43.0
1910368,35.0
1910416,54.0
1910592,62.0
1910592,37.0
1910688,44.0
1910736,52.0
1910800,57.0
1910832,29.0
1910912,70.0
1910960,45.0
1910960,34.0
1910976,52.0
1911024,48.0
1911056,77.0
1911152,35.0
1911168,70.0
1911168,30.0
1911232,60.0
1911264,19.0
1911344,34.0
1911376,29.0
1911456,27.0
1911456,39.0
1911632,56.0
1911632,41.0
1911648,26.0
1911664,31.0
1911808,22.0
1911808,76.0
1911872,57.0
1911888,45.0
1911904,33.0
1911936,55.0
1911936,37.0
1911984,156.0
1911984,52.0
1912208,59.0
1912304,124.0
1912320,32.0
1912368,57.0
1912416,27.0
1912432,31.0
1912432,48.0
1912464,51.0
1912464,36.0
1912512,55.0
1912576,40.0
1912576,48.0
1912624,47.0
1912656,47.0
1912832,23.0
1912832,13.0
1912864,35.0
1912864,28.0
1912880,42.0
1912896,57.0
1912976,41.0
1913040,36.0
1913088,36.0
1913152,45.0
1913216,22.0
1913312,46.0
1913328,31.0
1913392,33.0
1913440,63.0
1913488,52.0
1913504,38.0
1913504,117.0
1913520,30.0
1913536,28.0
1913600,45.0
1913616,49.0
1913696,34.0
1913776,75.0
1913888,36.0
1913888,35.0
1913968,62.0
1913984,34.0
1914080,34.0
1914096,38.0
1914128,46.0
1914128,39.0
1914208,27.0
1914224,116.0
1914224,45.0
1914304,43.0
1914384,26.0
1914480,79.0
1914512,51.0
1914528,34.0
1914528,63.0
1914544,41.0
1914592,62.0
1914704,38.0
1914800,37.0
1914816,37.0
1914864,61.0
1914944,40.0
1914944,51.0
1915072,53.0
1915088,35.0
1915120,65.0
1915136,38.0
1915168,29.0
1915168,39.0
1915184,42.0
1915216,68.0
1915264,55.0
1915344,34.0
1915440,23.0
1915456,61.0
1915552,43.0
1915568,39.0
1915680,31.0
1915712,37.0
1915728,29.0
1915808,29.0
1915808,62.0
1915824,41.0
1915920,44.0
1915968,52.0
1915984,65.0
1916048,23.0
1916160,67.0
1916224,49.0
1916288,52.0
1916304,107.0
1916432,45.0
1916448,39.0
1916448,33.0
1916464,31.0
1916480,58.0
1916544,46.0
1916544,51.0
1916576,48.0
1916640,37.0
1916640,41.0
1916864,40.0
1916864,27.0
1916864,36.0
1916880,82.0
1916880,45.0
1916896,22.0
1916896,108.0
1916928,30.0
1916944,31.0
1917056,47.0
1917232,41.0
1917264,25.0
1917392,58.0
1917488,34.0
1917488,39.0
1917488,53.0
1917520,55.0
1917584,44.0
1917584,69.0
1917584,41.0
1917616,46.0
1917696,50.0
1917792,46.0
1917920,66.0
1918016,27.0
1918032,34.0
1918048,41.0
1918080,37.0
1918096,75.0
1918112,39.0
1918128,27.0
1918272,47.0
1918320,66.0
1918368,49.0
1918400,73.0
1918416,50.0
1918416,117.0
1918448,33.0
1918624,32.0
1918704,39.0
1918736,59.0
1918736,40.0
1918800,48.0
1918880,81.0
1918880,47.0
1918896,39.0
1918912,34.0
1918960,40.0
1918992,59.0
1919120,24.0
1919184,49.0
1919328,27.0
1919376,60.0
1919376,60.0
1919392,27.0
1919440,35.0
1919472,30.0
1919472,37.0
1919504,37.0
1919584,71.0
1919632,63.0
1919632,58.0
1919664,103.0
1919680,59.0
1919840,65.0
1919968,33.0
1920064,37.0
1920080,43.0
1920128,29.0
1920176,37.0
1920272,27.0
1920304,61.0
1920304,74.0
1920368,56.0
1920416,65.0
1920416,49.0
1920512,83.0
1920672,81.0
1920688,35.0
1920704,67.0
1920784,51.0
1920832,83.0
1920928,47.0
1921040,85.0
1921072,50.0
1921168,50.0
1921200,71.0
1921296,38.0
1921328,64.0
1921344,52.0
1921344,58.0
1921344,65.0
1921376,81.0
1921392,43.0
1921520,43.0
1921552,39.0
1921664,62.0
1921664,39.0
1921744,34.0
1921872,36.0
1921888,51.0
1921968,97.0
1921984,37.0
1921984,41.0
1922000,21.0
1922032,54.0
1922064,45.0
1922176,52.0
1922176,39.0
1922208,34.0
1922272,33.0
1922368,24.0
1922400,64.0
1922464,37.0
1922480,60.0
1922480,71.0
1922592,35.0
1922656,30.0
1922672,25.0
1922768,50.0
1922784,38.0
1922784,56.0
1922848,23.0
1922928,45.0
1922992,32.0
1923008,34.0
1923024,60.0
1923040,66.0
1923056,29.0
1923072,42.0
1923088,26.0
1923104,46.0
1923264,79.0
1923376,162.0
1923440,49.0
1923520,37.0
1923584,34.0
1923600,51.0
1923664,38.0
1923680,41.0
1923856,48.0
1923856,47.0
1923904,56.0
1923984,38.0
1924048,29.0
1924048,49.0
1924080,77.0
1924080,68.0
1924096,64.0
1924176,36.0
1924192,47.0
1924224,35.0
1924256,46.0
1924384,100.0
1924400,34.0
1924560,29.0
1924608,35.0
1924640,117.0
1924656,42.0
1924672,62.0
1924688,27.0
1924720,40.0
1924720,40.0
1924768,36.0
1924848,59.0
1924864,63.0
1924944,48.0
1924960,35.0
1924992,27.0
1925072,53.0
1925232,74.0
1925312,29.0
1925312,40.0
1925312,34.0
1925328,42.0
1925536,56.0
1925552,54.0
1925552,52.0
1925616,41.0
1925680,43.0
1925696,68.0
1925712,62.0
1925808,54.0
1925840,48.0
1925872,63.0
1925984,42.0
1926000,48.0
1926080,47.0
1926080,48.0
1926096,34.0
1926128,51.0
1926240,43.0
1926304,39.0
1926320,44.0
1926352,51.0
1926368,41.0
1926560,30.0
1926688,51.0
1926720,64.0
1926752,47.0
1926768,40.0
1926816,31.0
1926816,45.0
1926832,47.0
1926848,38.0
1926864,66.0
1926960,70.0
1927040,42.0
1927056,167.0
1927120,48.0
1927152,37.0
1927200,32.0
1927232,25.0
1927232,32.0
1927312,63.0
1927328,32.0
1927456,44.0
1927488,23.0
1927504,29.0
1927504,95.0
1927616,53.0
1927680,51.0
1927712,56.0
1927744,37.0
1927760,44.0
1927792,59.0
1927872,57.0
1927904,42.0
1927936,28.0
1927952,31.0
1927952,40.0
1927968,29.0
1928048,45.0
1928144,40.0
1928176,31.0
1928208,37.0
1928256,32.0
1928352,72.0
1928416,74.0
1928448,32.0
1928528,36.0
1928528,24.0
1928544,42.0
1928560,48.0
1928608,40.0
1928608,35.0
1928672,26.0
1928784,64.0
1928784,52.0
1928832,70.0
1928944,37.0
1929056,55.0
1929120,36.0
1929200,33.0
1929232,42.0
1929232,28.0
1929280,86.0
1929328,50.0
1929360,47.0
1929472,43.0
1929536,68.0
1929568,72.0
1929808,80.0
1929872,65.0
1929936,44.0
1929952,56.0
1929968,85.0
1929968,64.0
1930048,48.0
1930064,54.0
1930144,42.0
1930288,47.0
1930336,61.0
1930336,69.0
1930352,19.0
1930384,136.0
1930480,33.0
1930496,86.0
1930496,39.0
1930608,40.0
1930704,46.0
1930704,35.0
1930720,72.0
1930784,19.0
1930784,28.0
1930816,93.0
1930864,58.0
1930896,35.0
1930912,35.0
1931104,13.0
1931104,65.0
1931216,27.0
1931248,60.0
1931248,33.0
1931264,55.0
1931312,51.0
1931408,44.0
1931504,37.0
1931520,64.0
1931584,55.0
1931584,45.0
1931728,30.0
1931728,120.0
1931824,35.0
1931952,28.0
1931952,46.0
1931968,54.0
1932048,90.0
1932128,55.0
1932192,88.0
1932240,71.0
1932240,45.0
1932384,61.0
1932400,99.0
1932400,42.0
1932416,37.0
1932480,73.0
1932544,60.0
1932592,63.0
1932640,57.0
1932752,39.0
1932752,50.0
1932768,51.0
1932832,26.0
1932848,41.0
1932880,40.0
1932976,36.0
1933040,41.0
1933104,29.0
1933120,40.0
1933184,71.0
1933216,78.0
1933216,61.0
1933248,44.0
1933312,57.0
1933392,40.0
1933440,35.0
1933456,43.0
1933472,55.0
1933664,51.0
1933664,52.0
1933728,38.0
1933776,42.0
1933792,51.0
1933840,39.0
1933952,75.0
1934032,40.0
1934160,23.0
1934160,70.0
1934176,58.0
1934320,71.0
1934352,43.0
1934352,71.0
1934384,59.0
1934464,72.0
1934496,64.0
1934544,48.0
1934640,57.0
1934640,29.0
1934672,63.0
1934736,36.0
1934768,82.0
1934768,38.0
1934784,47.0
1934944,39.0
1935008,66.0
1935008,41.0
1935008,73.0
1935120,41.0
1935200,35.0
1935216,42.0
1935216,36.0
1935248,47.0
1935264,55.0
1935280,58.0
1935296,35.0
1935376,37.0
1935424,41.0
1935504,31.0
1935504,35.0
1935568,56.0
1935584,51.0
1935664,28.0
1935664,41.0
1935696,36.0
1935728,32.0
1935728,45.0
1935808,38.0
1935856,38.0
1935904,25.0
1935936,32.0
1935984,43.0
1936048,48.0
1936160,41.0
1936288,45.0
1936320,41.0
1936320,39.0
1936336,30.0
1936368,35.0
1936384,63.0
1936384,45.0
1936416,32.0
1936544,60.0
1936576,53.0
1936720,24.0
1936848,70.0
1936880,45.0
1936896,38.0
1936944,63.0
1936960,57.0
1937008,43.0
1937008,27.0
1937008,64.0
1937024,38.0
1937056,42.0
1937104,49.0
1937168,119.0
1937328,59.0
1937536,51.0
1937552,34.0
1937552,74.0
1937568,43.0
1937648,40.0
1937664,48.0
1937696,43.0
1937696,37.0
1937728,55.0
1937744,49.0
1937760,46.0
1937808,40.0
1937888,84.0
1937920,23.0
1937936,25.0
1937952,56.0
1937984,65.0
1938128,50.0
1938176,23.0
1938176,39.0
1938256,43.0
1938272,34.0
1938272,39.0
1938352,37.0
1938352,41.0
1938496,50.0
1938528,37.0
1938560,40.0
1938592,38.0
1938608,45.0
1938640,43.0
1938640,61.0
1938720,37.0
1938832,30.0
1938832,41.0
1938848,36.0
1938848,42.0
1938864,70.0
1938944,42.0
1938960,27.0
1938960,38.0
1939056,26.0
1939120,54.0
1939152,37.0
1939248,47.0
1939392,35.0
1939440,38.0
1939472,32.0
1939472,52.0
1939488,40.0
1939520,42.0
1939552,60.0
1939600,62.0
1939616,41.0
1939680,39.0
1939680,51.0
1939712,48.0
1939904,27.0
1939920,75.0
1939984,24.0
1940032,49.0
1940032,40.0
1940048,56.0
1940096,34.0
1940192,30.0
1940192,45.0
1940192,32.0
1940192,42.0
1940224,38.0
1940256,14.0
1940416,81.0
1940560,70.0
1940576,41.0
1940608,35.0
1940688,49.0
1940720,33.0
1940768,80.0
1940848,41.0
1940864,42.0
1940912,31.0
1940944,47.0
1941008,57.0
1941072,51.0
1941120,68.0
1941136,91.0
1941168,30.0
1941344,39.0
1941360,86.0
1941376,50.0
1941392,24.0
1941408,40.0
1941440,33.0
1941504,35.0
1941504,41.0
1941536,61.0
1941584,61.0
1941600,86.0
1941728,38.0
1941840,48.0
1941936,37.0
1941952,32.0
1941984,53.0
1942016,32.0
1942080,57.0
1942080,44.0
1942096,43.0
1942112,78.0
1942208,30.0
1942304,59.0
1942400,35.0
1942464,58.0
1942480,68.0
1942480,56.0
1942528,32.0
1942544,38.0
1942560,38.0
1942576,67.0
1942672,67.0
1942688,38.0
1942704,37.0
1942864,41.0
1942896,23.0
1942960,54.0
1942992,37.0
1943040,31.0
1943152,67.0
1943184,44.0
1943216,57.0
1943232,42.0
1943296,38.0
1943424,53.0
1943488,49.0
1943536,97.0
1943552,25.0
1943648,29.0
1943648,41.0
1943696,29.0
1943696,52.0
1943728,52.0
1943792,52.0
1943808,71.0
1943872,36.0
1943904,89.0
1943920,24.0
1943984,35.0
1943984,95.0
1944032,24.0
1944048,15.0
1944096,55.0
1944112,67.0
1944224,42.0
1944352,27.0
1944384,46.0
1944384,56.0
1944448,41.0
1944480,49.0
1944496,37.0
1944608,36.0
1944656,49.0
1944672,43.0
1944672,43.0
1944688,37.0
1944704,63.0
1944752,44.0
1944832,28.0
1944880,41.0
1944928,75.0
1945072,60.0
1945088,44.0
1945120,48.0
1945136,40.0
1945136,41.0
1945200,34.0
1945216,48.0
1945264,41.0
1945280,38.0
1945344,37.0
1945408,36.0
1945536,29.0
1945536,25.0
1945552,54.0
1945568,43.0
1945584,57.0
1945600,56.0
1945712,23.0
1945776,35.0
1945792,41.0
1945824,44.0
1945824,35.0
1945824,34.0
1945840,57.0
1945872,49.0
1945888,22.0
1945968,24.0
1945984,36.0
1945984,49.0
1946128,36.0
1946144,34.0
1946448,42.0
1946480,41.0
1946496,49.0
1946544,35.0
1946544,61.0
1946592,50.0
1946592,39.0
1946672,53.0
1946736,38.0
1946768,39.0
1946848,16.0
1946864,61.0
1946896,85.0
1946928,30.0
1947008,73.0
1947024,65.0
1947168,81.0
1947184,32.0
1947216,46.0
1947216,45.0
1947216,42.0
1947312,48.0
1947312,24.0
1947456,28.0
1947488,104.0
1947488,56.0
1947520,49.0
1947552,43.0
1947552,23.0
1947584,26.0
1947584,51.0
1947632,49.0
1947664,40.0
1947728,52.0
1947824,38.0
1947936,45.0
1948016,50.0
1948128,51.0
1948128,38.0
1948144,43.0
1948160,38.0
1948176,34.0
1948256,59.0
1948272,38.0
1948320,52.0
1948368,51.0
1948416,43.0
1948416,37.0
1948432,53.0
1948528,37.0
1948592,69.0
1948608,64.0
1948656,24.0
1948752,36.0
1948784,41.0
1948800,34.0
1948848,43.0
1948880,46.0
1948992,54.0
1949008,36.0
1949008,40.0
1949056,25.0
1949120,37.0
1949152,46.0
1949296,28.0
1949312,62.0
1949328,82.0
1949328,57.0
1949408,51.0
1949424,39.0
1949424,51.0
1949472,37.0
1949488,31.0
1949536,33.0
1949680,42.0
1949712,37.0
1949808,64.0
1949808,41.0
1949808,32.0
1949888,71.0
1949920,38.0
1950000,59.0
1950032,35.0
1950064,41.0
1950080,47.0
1950176,40.0
1950352,42.0
1950384,36.0
1950464,41.0
1950480,35.0
1950480,30.0
1950528,45.0
1950640,29.0
1950688,50.0
1950864,96.0
1950928,36.0
1950944,91.0
1950960,27.0
1950976,32.0
1950976,56.0
1951136,41.0
1951184,110.0
1951264,21.0
1951280,78.0
1951280,37.0
1951312,28.0
1951328,101.0
1951328,119.0
1951408,84.0
1951456,32.0
1951520,24.0
1951552,57.0
1951584,69.0
1951600,39.0
1951600,39.0
1951696,46.0
1951728,84.0
1951824,40.0
1951920,41.0
1951920,38.0
1952016,29.0
1952016,31.0
1952032,47.0
1952032,28.0
1952064,46.0
1952160,35.0
1952208,55.0
1952240,40.0
1952336,58.0
1952448,27.0
1952528,52.0
1952544,79.0
1952544,39.0
1952576,53.0
1952592,35.0
1952640,38.0
1952672,76.0
1952720,35.0
1952784,48.0
1952816,56.0
1952896,35.0
1952928,25.0
1952928,54.0
1952960,47.0
1953168,39.0
1953184,25.0
1953232,62.0
1953248,44.0
1953280,40.0
1953344,39.0
1953392,59.0
1953440,34.0
1953440,32.0
1953584,41.0
1953600,63.0
1953616,50.0
1953616,23.0
1953664,115.0
1953680,69.0
1953728,48.0
1953808,39.0
1953824,41.0
1953952,32.0
1953984,34.0
1954032,27.0
1954080,53.0
1954112,45.0
1954208,54.0
1954224,97.0
1954256,42.0
1954272,41.0
1954368,47.0
1954400,70.0
1954416,47.0
1954560,52.0
1954608,31.0
1954656,61.0
1954704,47.0
1954704,27.0
1954720,57.0
1954720,20.0
1954768,43.0
1954800,51.0
1954816,35.0
1954864,65.0
1954944,57.0
1955040,52.0
1955088,42.0
1955152,27.0
1955168,28.0
1955200,31.0
1955200,37.0
1955248,64.0
1955280,39.0
1955296,31.0
1955392,39.0
1955440,39.0
1955440,55.0
1955488,49.0
1955680,46.0
1955760,42.0
1955808,40.0
1955824,42.0
1955888,95.0
1955888,43.0
1955920,40.0
1955920,55.0
1955968,36.0
1956000,44.0
1956032,49.0
1956096,38.0
1956176,82.0
1956192,47.0
1956192,12.0
1956272,52.0
1956368,28.0
1956400,45.0
1956448,26.0
1956480,80.0
1956480,41.0
1956528,48.0
1956592,49.0
1956640,47.0
1956656,48.0
1956784,43.0
1956848,42.0
1956912,40.0
1956928,63.0
1956944,34.0
1956960,27.0
1957008,23.0
1957040,67.0
1957104,28.0
1957136,59.0
1957136,41.0
1957136,41.0
1957184,25.0
1957248,50.0
1957344,25.0
1957376,63.0
1957376,33.0
1957392,22.0
1957440,53.0
1957552,85.0
1957632,39.0
1957664,44.0
1957824,43.0
1957824,36.0
1957840,41.0
1957904,29.0
1957952,64.0
1957968,66.0
1957984,53.0
1958064,42.0
1958112,63.0
1958128,47.0
1958192,40.0
1958256,57.0
1958272,28.0
1958416,47.0
1958432,50.0
1958448,82.0
1958512,25.0
1958512,24.0
1958592,39.0
1958608,48.0
1958688,54.0
1958752,43.0
1958816,90.0
1958832,40.0
1958880,29.0
1958928,64.0
1959008,47.0
1959072,40.0
1959120,71.0
1959136,43.0
1959216,38.0
1959248,41.0
1959248,61.0
1959280,48.0
1959360,88.0
1959440,47.0
1959456,40.0
1959504,27.0
1959504,42.0
1959536,38.0
1959568,43.0
1959616,69.0
1959808,66.0
1959824,51.0
1959840,39.0
1959888,47.0
1959888,24.0
1959936,20.0
1959952,42.0
1960016,56.0
1960048,32.0
1960048,43.0
1960064,31.0
1960224,21.0
1960240,50.0
1960272,48.0
1960320,23.0
1960400,36.0
1960416,38.0
1960448,32.0
1960480,27.0
1960496,78.0
1960624,35.0
1960672,27.0
1960768,47.0
1960784,46.0
1960848,25.0
1960864,40.0
1960912,37.0
1960928,105.0
1960976,95.0
1961040,75.0
1961040,39.0
1961040,72.0
1961104,38.0
1961264,40.0
1961344,31.0
1961360,24.0
1961376,38.0
1961408,39.0
1961408,71.0
1961440,25.0
1961440,48.0
1961456,61.0
1961504,37.0
1961616,22.0
1961648,38.0
1961744,55.0
1961760,52.0
1961792,26.0
1961792,47.0
1961888,24.0
1962000,35.0
1962032,39.0
1962096,21.0
1962128,48.0
1962128,21.0
1962176,67.0
1962256,57.0
1962272,117.0
1962304,32.0
1962304,56.0
1962384,58.0
1962496,53.0
1962512,26.0
1962544,50.0
1962640,38.0
1962736,35.0
1962736,29.0
1962816,51.0
1962832,18.0
1962848,45.0
1962880,36.0
1962896,48.0
1962896,37.0
1962912,81.0
1963040,100.0
1963056,73.0
1963072,21.0
1963120,38.0
1963136,55.0
1963216,52.0
1963280,49.0
1963360,29.0
1963456,39.0
1963472,36.0
1963520,55.0
1963584,33.0
1963584,32.0
1963584,46.0
1963600,35.0
1963680,59.0
1963696,26.0
1963776,60.0
1963872,25.0
1963936,64.0
1963952,52.0
1963952,31.0
1963952,46.0
1963968,52.0
1964032,32.0
1964064,44.0
1964080,75.0
1964272,43.0
1964272,43.0
1964352,41.0
1964352,47.0
1964400,51.0
1964416,30.0
1964432,35.0
1964448,23.0
1964480,50.0
1964544,36.0
1964576,39.0
1964608,52.0
1964608,36.0
1964688,26.0
1964768,51.0
1964912,35.0
1964992,37.0
1965056,49.0
1965104,47.0
1965168,47.0
1965232,41.0
1965248,35.0
1965264,49.0
1965264,75.0
1965280,83.0
1965296,47.0
1965344,56.0
1965392,49.0
1965424,12.0
1965440,63.0
1965488,27.0
1965520,33.0
1965584,21.0
1965648,46.0
1965664,25.0
1965696,68.0
1965904,39.0
1965904,30.0
1965984,43.0
1965984,37.0
1966048,80.0
1966144,28.0
1966160,62.0
1966160,40.0
1966176,33.0
1966192,47.0
1966208,19.0
1966208,45.0
1966224,40.0
1966240,61.0
1966272,58.0
1966544,90.0
1966544,31.0
1966560,36.0
1966656,42.0
1966656,26.0
1966688,49.0
1966736,32.0
1966752,38.0
1966768,35.0
1966816,38.0
1966816,40.0
1966976,51.0
1967024,30.0
1967040,55.0
1967072,33.0
1967168,56.0
1967184,62.0
1967200,34.0
1967200,34.0
1967248,99.0
1967280,19.0
1967392,20.0
1967408,45.0
1967520,44.0
1967648,39.0
1967664,58.0
1967680,30.0
1967792,47.0
1967808,39.0
1967888,83.0
1967936,73.0
1967952,49.0
1967968,36.0
1967984,36.0
1968048,77.0
1968080,35.0
1968208,91.0
1968288,68.0
1968336,42.0
1968352,44.0
1968368,70.0
1968480,42.0
1968528,53.0
1968592,39.0
1968672,55.0
1968752,51.0
1968816,54.0
1968880,37.0
1968896,43.0
1968896,35.0
1968912,102.0
1968944,56.0
1968976,68.0
1969104,64.0
1969120,47.0
1969136,49.0
1969200,45.0
1969280,81.0
1969280,24.0
1969296,44.0
1969296,34.0
1969408,31.0
1969456,58.0
1969584,43.0
1969712,32.0
1969792,32.0
1969808,32.0
1969824,53.0
1969872,75.0
1969952,63.0
1969968,54.0
1969984,36.0
1970016,46.0
1970064,30.0
1970096,61.0
1970096,60.0
1970096,50.0
1970192,82.0
1970288,29.0
1970384,37.0
1970400,43.0
1970416,100.0
1970496,39.0
1970496,65.0
1970592,40.0
1970736,47.0
1970752,41.0
1970768,42.0
1970800,49.0
1970816,47.0
1970848,28.0
1970944,28.0
1971024,52.0
1971040,47.0
1971184,50.0
1971184,24.0
1971216,88.0
1971232,26.0
1971248,52.0
1971280,82.0
1971312,35.0
1971376,55.0
1971504,48.0
1971520,89.0
1971520,47.0
1971536,43.0
1971632,38.0
1971792,35.0
1971904,37.0
1971904,54.0
1971952,48.0
1971952,28.0
1971984,38.0
1972000,47.0
1972032,51.0
1972032,47.0
1972032,53.0
1972064,34.0
1972064,70.0
1972128,38.0
1972160,39.0
1972256,104.0
1972288,24.0
1972368,46.0
1972416,27.0
1972576,39.0
1972624,52.0
1972624,29.0
1972640,36.0
1972736,44.0
1972768,54.0
1972784,47.0
1972848,53.0
1972864,28.0
1972864,52.0
1972896,48.0
1972912,34.0
1972912,41.0
1973008,24.0
1973104,65.0
1973152,36.0
1973408,39.0
1973440,34.0
1973440,72.0
1973472,46.0
1973520,42.0
1973600,60.0
1973616,53.0
1973616,32.0
1973632,105.0
1973664,41.0
1973664,47.0
1973712,68.0
1973728,54.0
1973808,41.0
1973920,32.0
1973936,64.0
1974000,35.0
1974016,36.0
1974144,27.0
1974176,82.0
1974208,37.0
1974304,42.0
1974336,54.0
1974400,46.0
1974448,52.0
1974624,44.0
1974624,38.0
1974640,29.0
1974672,54.0
1974720,45.0
1974752,34.0
1974752,38.0
1974784,66.0
1974896,81.0
1974944,31.0
1974976,91.0
1974992,41.0
1975104,44.0
1975104,90.0
1975120,74.0
1975280,38.0
1975280,61.0
1975328,44.0
1975392,25.0
1975456,35.0
1975552,28.0
1975568,53.0
1975600,41.0
1975632,41.0
1975632,63.0
1975744,62.0
1975776,41.0
1975856,69.0
1975872,37.0
1975920,37.0
1976064,42.0
1976064,49.0
1976064,80.0
1976096,62.0
1976096,91.0
1976128,31.0
1976160,44.0
1976192,40.0
1976256,12.0
1976304,42.0
1976320,36.0
1976336,48.0
1976352,27.0
1976464,38.0
1976480,24.0
1976496,56.0
1976592,33.0
1976656,55.0
1976672,38.0
1976672,36.0
1976752,55.0
1976832,40.0
1976848,45.0
1976848,33.0
1976928,48.0
1976944,37.0
1976992,31.0
1977040,46.0
1977072,37.0
1977104,27.0
1977104,53.0
1977136,24.0
1977168,32.0
1977408,51.0
1977424,36.0
1977472,50.0
1977536,44.0
1977680,36.0
1977712,40.0
1977712,42.0
1977712,78.0
1977776,38.0
1977840,57.0
1977888,56.0
1977936,68.0
1977968,102.0
1977984,55.0
1978048,40.0
1978064,70.0
1978080,34.0
1978080,38.0
1978112,43.0
1978208,31.0
1978288,36.0
1978304,73.0
1978320,34.0
1978368,33.0
1978384,44.0
1978560,22.0
1978688,40.0
1978704,37.0
1978768,29.0
1978800,46.0
1978800,54.0
1978832,70.0
1978832,32.0
1978896,51.0
1978960,67.0
1978960,55.0
1979120,52.0
1979120,72.0
1979216,32.0
1979248,79.0
1979248,28.0
1979280,30.0
1979440,47.0
1979440,66.0
1979472,69.0
1979600,40.0
1979600,65.0
1979616,25.0
1979696,50.0
1979776,41.0
1979792,42.0
1979824,62.0
1979824,36.0
1979872,39.0
1979920,30.0
1979920,68.0
1979936,73.0
1979968,63.0
1980160,34.0
1980224,49.0
1980240,48.0
1980240,60.0
1980384,38.0
1980432,52.0
1980432,46.0
1980496,42.0
1980496,36.0
1980512,57.0
1980576,47.0
1980576,41.0
1980688,45.0
1980736,59.0
1980784,57.0
1980784,39.0
1981008,36.0
1981008,49.0
1981040,34.0
1981056,35.0
1981104,42.0
1981136,75.0
1981168,37.0
1981200,43.0
1981216,52.0
1981216,40.0
1981296,35.0
1981376,43.0
1981408,25.0
1981504,79.0
1981520,46.0
1981520,30.0
1981632,39.0
1981696,37.0
1981728,27.0
1981808,38.0
1981808,37.0
1981872,68.0
1981888,45.0
1981920,105.0
1981968,47.0
1982000,59.0
1982128,62.0
1982192,42.0
1982272,48.0
1982288,55.0
1982288,41.0
1982400,25.0
1982416,56.0
1982416,38.0
1982464,48.0
1982544,41.0
1982640,42.0
1982640,48.0
1982800,25.0
1982848,35.0
1982848,65.0
1982896,44.0
1982944,51.0
1982976,32.0
1983024,38.0
1983024,46.0
1983152,111.0
1983184,57.0
1983216,23.0
1983264,23.0
1983312,56.0
1983344,89.0
1983344,101.0
1983376,52.0
1983392,47.0
1983488,53.0
1983504,35.0
1983520,42.0
1983584,35.0
1983744,59.0
1983760,46.0
1983776,29.0
1983840,54.0
1983856,42.0
1983952,43.0
1983968,51.0
1983968,30.0
1984000,26.0
1984256,55.0
1984288,34.0
1984304,60.0
1984352,22.0
1984368,54.0
1984416,35.0
1984496,41.0
1984528,48.0
1984560,49.0
1984608,41.0
1984640,81.0
1984752,28.0
1984752,96.0
1984768,78.0
1984784,33.0
1984816,89.0
1984816,29.0
1984864,56.0
1984896,25.0
1984912,39.0
1985088,45.0
1985184,36.0
1985184,48.0
1985216,25.0
1985232,79.0
1985296,46.0
1985392,54.0
1985440,42.0
1985440,41.0
1985456,44.0
1985520,38.0
1985712,53.0
1985712,39.0
1985712,33.0
1985776,60.0
1985856,76.0
1985984,34.0
1986000,49.0
1986064,48.0
1986064,73.0
1986112,55.0
1986112,42.0
1986192,50.0
1986240,45.0
1986240,33.0
1986288,32.0
1986288,52.0
1986400,76.0
1986496,49.0
1986608,47.0
1986736,124.0
1986768,30.0
1986784,67.0
1986800,46.0
1986816,39.0
1986848,46.0
1986864,47.0
1986912,26.0
1986928,43.0
1986944,41.0
1987008,38.0
1987024,64.0
1987072,52.0
1987136,67.0
1987136,72.0
1987520,46.0
1987536,37.0
1987632,39.0
1987664,56.0
1987664,37.0
1987680,55.0
1987696,53.0
1987808,42.0
1987840,51.0
1987984,66.0
1988000,87.0
1988048,57.0
1988064,83.0
1988224,26.0
1988288,39.0
1988336,50.0
1988352,90.0
1988448,49.0
1988464,49.0
1988464,52.0
1988560,106.0
1988576,46.0
1988608,39.0
1988624,69.0
1988736,46.0
1988816,125.0
1988832,49.0
1988864,40.0
1988880,51.0
1988928,40.0
1988992,33.0
1989024,25.0
1989072,45.0
1989088,47.0
1989120,41.0
1989120,34.0
1989136,90.0
1989136,25.0
1989360,47.0
1989424,54.0
1989472,40.0
1989568,31.0
1989680,35.0
1989680,51.0
1989696,78.0
1989696,44.0
1989776,60.0
1989888,33.0
1989936,51.0
1989952,54.0
1989984,69.0
1990000,61.0
1990032,35.0
1990224,68.0
1990256,43.0
1990304,86.0
1990320,40.0
1990320,56.0
1990352,42.0
1990384,38.0
1990384,24.0
1990400,79.0
1990496,50.0
1990512,35.0
1990576,37.0
1990672,40.0
1990736,50.0
1990864,38.0
1990912,43.0
1991024,83.0
1991088,49.0
1991120,38.0
1991152,47.0
1991216,52.0
1991248,42.0
1991280,58.0
1991360,43.0
1991424,69.0
1991520,64.0
1991552,51.0
1991568,41.0
1991664,40.0
1991680,35.0
1991696,82.0
1991792,40.0
1991824,29.0
1991936,43.0
1991984,44.0
1992048,108.0
1992096,42.0
1992160,40.0
1992192,33.0
1992192,144.0
1992256,43.0
1992400,82.0
1992432,47.0
1992496,50.0
1992528,82.0
1992560,23.0
1992592,41.0
1992704,55.0
1992720,42.0
1992736,74.0
1992736,36.0
1992768,61.0
1992848,54.0
1992864,48.0
1992896,127.0
1992960,35.0
1993008,36.0
1993152,37.0
1993168,42.0
1993168,27.0
1993248,32.0
1993280,20.0
1993296,44.0
1993392,39.0
1993472,76.0
1993488,81.0
1993488,39.0
1993488,49.0
1993504,41.0
1993584,27.0
1993584,54.0
1993648,70.0
1993792,49.0
1993792,31.0
1993792,56.0
1993824,34.0
1993872,23.0
1993920,28.0
1993952,35.0
1994064,26.0
1994256,68.0
1994272,49.0
1994416,34.0
1994416,52.0
1994416,39.0
1994432,59.0
1994448,31.0
1994448,39.0
1994464,76.0
1994480,62.0
1994576,88.0
1994624,52.0
1994704,28.0
1994816,47.0
1994832,25.0
1994832,65.0
1994848,58.0
1994928,41.0
1995008,34.0
1995056,40.0
1995104,41.0
1995216,37.0
1995360,57.0
1995360,59.0
1995376,56.0
1995440,38.0
1995440,54.0
1995456,47.0
1995488,67.0
1995520,43.0
1995600,49.0
1995600,37.0
1995616,32.0
1995632,49.0
1995680,47.0
1995792,138.0
1995920,25.0
1995936,35.0
1995984,19.0
1995984,39.0
1996000,49.0
1996000,59.0
1996128,21.0
1996208,38.0
1996208,48.0
1996272,49.0
1996304,59.0
1996304,53.0
1996320,12.0
1996512,32.0
1996624,44.0
1996704,67.0
1996704,44.0
1996736,27.0
1996752,82.0
1996768,52.0
1996848,40.0
1996880,79.0
1996992,87.0
1996992,43.0
1997104,30.0
1997120,71.0
1997216,30.0
1997216,32.0
1997248,58.0
1997248,65.0
1997280,81.0
1997344,40.0
1997440,43.0
1997488,45.0
1997632,85.0
1997664,28.0
1997712,45.0
1997728,38.0
1997744,56.0
1997792,34.0
1997824,38.0
1997888,40.0
1997936,52.0
1997936,89.0
1998128,29.0
1998128,71.0
1998128,49.0
1998176,27.0
1998224,37.0
1998256,86.0
1998320,24.0
1998400,70.0
1998432,34.0
1998480,48.0
1998496,35.0
1998528,65.0
1998544,14.0
1998560,70.0
1998608,49.0
1998624,31.0
1998704,57.0
1998784,41.0
1998784,41.0
1998816,35.0
1998832,25.0
1998864,21.0
1998880,30.0
1998896,73.0
1998960,49.0
1998976,47.0
1999216,38.0
1999232,42.0
1999232,38.0
1999232,46.0
1999264,45.0
1999328,53.0
1999328,39.0
1999376,37.0
1999424,37.0
1999488,42.0
1999584,44.0
1999648,47.0
1999680,26.0
1999744,55.0
1999744,48.0
1999760,61.0
1999840,39.0
1999888,41.0
2000000,42.0
2000016,40.0
2000064,26.0
2000096,42.0
2000112,55.0
2000128,73.0
2000224,30.0
2000240,57.0
2000384,34.0
2000432,42.0
2000464,36.0
2000464,55.0
2000528,65.0
2000528,33.0
2000608,34.0
2000688,63.0
2000784,34.0
2000800,49.0
2000816,67.0
2000912,43.0
2001008,56.0
2001024,58.0
2001072,38.0
2001104,40.0
2001120,37.0
2001216,52.0
2001248,40.0
2001280,37.0
2001456,58.0
2001568,41.0
2001600,37.0
2001616,51.0
2001616,34.0
2001680,27.0
2001680,35.0
2001696,98.0
2001760,41.0
2001856,164.0
2001904,39.0
2001984,23.0
2002016,28.0
2002016,35.0
2002048,28.0
2002160,59.0
2002208,87.0
2002240,34.0
2002288,79.0
2002288,33.0
2002304,95.0
2002320,40.0
2002448,34.0
2002464,53.0
2002480,39.0
2002544,54.0
2002624,38.0
2002752,44.0
2002768,29.0
2002784,50.0
2002816,23.0
2002832,37.0
2002864,41.0
2002864,44.0
2002880,153.0
2002976,22.0
2002976,41.0
2003008,45.0
2003040,64.0
2003072,37.0
2003344,66.0
2003344,55.0
2003344,50.0
2003424,37.0
2003456,36.0
2003488,39.0
2003488,46.0
2003520,32.0
2003552,48.0
2003568,37.0
2003664,39.0
2003712,40.0
2003712,53.0
2003776,27.0
2003824,53.0
2003872,33.0
2003888,27.0
2003984,40.0
2004016,37.0
2004016,78.0
2004064,36.0
2004176,29.0
2004208,41.0
2004256,30.0
2004272,28.0
2004272,38.0
2004384,51.0
2004448,60.0
2004544,108.0
2004544,64.0
2004560,53.0
2004608,39.0
2004704,43.0
2004720,53.0
2004784,48.0
2004800,39.0
2004944,43.0
2004992,28.0
2005008,46.0
2005072,43.0
2005088,64.0
2005104,52.0
2005152,27.0
2005216,42.0
2005248,85.0
2005312,54.0
2005328,20.0
2005328,70.0
2005440,55.0
2005504,32.0
2005536,29.0
2005568,39.0
2005600,51.0
2005696,68.0
2005696,38.0
2005712,25.0
2005728,30.0
2005840,71.0
2005856,66.0
2005888,46.0
2006048,22.0
2006080,36.0
2006096,25.0
2006128,50.0
2006208,69.0
2006336,50.0
2006368,41.0
2006384,59.0
2006432,36.0
2006464,36.0
2006464,78.0
2006496,23.0
2006560,60.0
2006560,77.0
2006592,64.0
2006624,34.0
2006624,49.0
2006736,40.0
2006784,22.0
2006800,67.0
2006832,39.0
2006848,50.0
2006848,32.0
2007024,27.0
2007136,47.0
2007168,44.0
2007168,42.0
2007216,24.0
2007280,34.0
2007296,28.0
2007360,56.0
2007392,34.0
2007456,52.0
2007456,41.0
2007520,60.0
2007520,24.0
2007568,75.0
2007568,59.0
2007600,51.0
2007760,75.0
2007792,48.0
2007792,31.0
2007808,40.0
2007904,34.0
2008000,34.0
2008096,44.0
2008112,56.0
2008112,22.0
2008128,38.0
2008192,25.0
2008272,44.0
2008288,45.0
2008288,63.0
2008304,49.0
2008304,25.0
2008352,56.0
2008400,37.0
2008512,45.0
2008576,36.0
2008672,36.0
2008688,36.0
2008784,101.0
2008800,75.0
2008864,42.0
2008864,36.0
2008912,40.0
2008912,38.0
2008928,50.0
2008960,53.0
2009072,48.0
2009088,25.0
2009280,48.0
2009312,40.0
2009344,59.0
2009344,30.0
2009360,49.0
2009504,37.0
2009584,50.0
2009632,52.0
2009712,53.0
2009728,51.0
2009744,42.0
2009792,28.0
2009792,27.0
2009872,49.0
2009968,105.0
2010016,66.0
2010080,108.0
2010096,51.0
2010160,77.0
2010192,35.0
2010304,50.0
2010432,35.0
2010448,71.0
2010448,41.0
2010464,55.0
2010496,48.0
2010576,54.0
2010592,78.0
2010624,52.0
2010736,40.0
2010752,46.0
2010928,48.0
2010944,32.0
2011040,67.0
2011216,57.0
2011248,94.0
2011264,40.0
2011264,74.0
2011312,53.0
2011344,56.0
2011360,48.0
2011360,39.0
2011520,37.0
2011680,58.0
2011696,27.0
2011712,31.0
2011776,80.0
2011776,26.0
2011776,46.0
2011808,77.0
2011824,32.0
2011856,104.0
2011952,63.0
2012096,26.0
2012112,53.0
2012160,107.0
2012176,41.0
2012256,28.0
2012368,70.0
2012416,67.0
2012432,30.0
2012464,47.0
2012544,48.0
2012576,76.0
2012672,56.0
2012720,56.0
2012736,36.0
2012752,40.0
2012784,43.0
2012800,59.0
2012832,66.0
2012912,28.0
2013024,38.0
2013040,49.0
2013040,54.0
2013088,87.0
2013120,23.0
2013248,36.0
2013264,34.0
2013280,57.0
2013312,36.0
2013424,37.0
2013552,47.0
2013584,21.0
2013744,82.0
2013760,61.0
2013776,54.0
2013824,35.0
2013904,39.0
2013968,58.0
2014016,92.0
2014016,44.0
2014080,66.0
2014128,36.0
2014224,69.0
2014256,76.0
2014288,75.0
2014304,33.0
2014320,36.0
2014432,53.0
2014480,36.0
2014512,34.0
2014624,54.0
2014704,25.0
2014704,80.0
2014768,40.0
2014768,59.0
2014784,44.0
2014832,32.0
2014880,37.0
2014912,56.0
2014960,44.0
2015024,37.0
2015152,58.0
2015200,26.0
2015232,166.0
2015248,39.0
2015360,41.0
2015392,43.0
2015408,58.0
2015456,43.0
2015472,40.0
2015600,43.0
2015632,42.0
2015696,51.0
2015728,107.0
2015744,77.0
2015792,40.0
2015792,20.0
2015824,37.0
2015920,35.0
2015920,45.0
2015984,76.0
2016080,30.0
2016112,68.0
2016144,43.0
2016208,36.0
2016208,30.0
2016272,64.0
2016304,38.0
2016336,34.0
2016368,60.0
2016464,30.0
2016496,44.0
2016624,77.0
2016624,32.0
2016768,27.0
2016768,53.0
2016784,30.0
2016848,64.0
2016912,52.0
2016912,48.0
2016944,30.0
2017040,70.0
2017072,50.0
2017216,53.0
2017216,37.0
2017264,48.0
2017280,67.0
2017296,68.0
2017344,31.0
2017376,21.0
2017488,26.0
2017504,35.0
2017584,42.0
2017680,25.0
2017712,21.0
2017712,58.0
2017760,71.0
2017776,127.0
2017776,54.0
2017776,63.0
2017792,33.0
2017840,39.0
2017872,24.0
2018128,85.0
2018208,33.0
2018336,36.0
2018368,37.0
2018384,55.0
2018432,45.0
2018512,42.0
2018544,42.0
2018576,62.0
2018640,84.0
2018656,54.0
2018768,97.0
2018784,36.0
2018800,64.0
2019024,41.0
2019056,39.0
2019072,43.0
2019072,31.0
2019088,82.0
2019104,110.0
2019152,64.0
2019216,55.0
2019280,40.0
2019296,49.0
2019376,37.0
2019440,108.0
2019440,42.0
2019456,24.0
2019600,66.0
2019616,60.0
2019680,25.0
2019696,56.0
2019760,42.0
2019760,34.0
2019776,44.0
2019808,47.0
2019856,52.0
2019936,52.0
2019952,50.0
2020064,38.0
2020080,40.0
2020080,49.0
2020144,28.0
2020144,48.0
2020144,44.0
2020160,30.0
2020288,32.0
2020304,23.0
2020304,44.0
2020448,52.0
2020464,25.0
2020512,23.0
2020544,49.0
2020560,38.0
2020608,28.0
2020656,56.0
2020736,37.0
2020752,38.0
2020848,34.0
2020880,36.0
2020944,24.0
2020944,54.0
2021024,26.0
2021072,39.0
2021104,37.0
2021216,35.0
2021264,50.0
2021280,34.0
2021328,92.0
2021360,26.0
2021392,11.0
2021424,71.0
2021424,25.0
2021472,33.0
2021616,46.0
2021632,49.0
2021664,57.0
2021712,119.0
2021728,29.0
2021760,76.0
2021856,29.0
2021888,35.0
2021888,26.0
2022000,58.0
2022048,26.0
2022080,29.0
2022096,62.0
2022128,44.0
2022160,46.0
2022224,35.0
2022288,33.0
2022384,144.0
2022416,43.0
2022416,33.0
2022464,38.0
2022544,79.0
2022672,42.0
2022688,38.0
2022720,39.0
2022736,38.0
2022752,37.0
2022768,66.0
2022848,93.0
2022848,39.0
2022928,55.0
2022992,69.0
2023040,36.0
2023136,47.0
2023168,47.0
2023184,26.0
2023264,61.0
2023328,57.0
2023392,41.0
2023440,56.0
2023488,51.0
2023504,47.0
2023584,56.0
2023680,40.0
2023712,54.0
2023776,28.0
2023808,55.0
2023824,41.0
2023856,26.0
2023856,54.0
2023872,72.0
2023904,32.0
2023968,49.0
2023984,53.0
2024000,31.0
2024208,39.0
2024288,38.0
2024288,32.0
2024368,69.0
2024448,34.0
2024464,31.0
2024480,39.0
2024480,42.0
2024480,41.0
2024560,36.0
2024640,40.0
2024656,49.0
2024672,51.0
2024864,36.0
2024880,25.0
2025008,40.0
2025024,136.0
2025024,34.0
2025024,46.0
2025072,38.0
2025088,55.0
2025216,21.0
2025232,35.0
2025248,96.0
2025408,48.0
2025424,61.0
2025440,36.0
2025440,26.0
2025440,122.0
2025472,24.0
2025488,52.0
2025520,32.0
2025552,62.0
2025664,37.0
2025728,30.0
2025776,81.0
2025792,35.0
2025808,49.0
2025872,27.0
2025888,28.0
2025920,56.0
2025968,35.0
2026032,51.0
2026096,41.0
2026128,38.0
2026224,47.0
2026288,50.0
2026368,37.0
2026368,25.0
2026384,41.0
2026448,49.0
2026464,42.0
2026480,35.0
2026560,33.0
2026624,67.0
2026640,52.0
2026672,49.0
2026704,36.0
2026800,86.0
2026848,35.0
2026912,65.0
2026944,53.0
2026992,34.0
2027072,43.0
2027168,38.0
2027200,35.0
2027216,53.0
2027296,67.0
2027328,44.0
2027360,56.0
2027376,56.0
2027408,38.0
2027440,67.0
2027488,34.0
2027568,56.0
2027616,44.0
2027616,39.0
2027664,60.0
2027696,53.0
2027760,37.0
2027808,38.0
2027856,49.0
2027872,24.0
2027888,35.0
2028048,27.0
2028048,47.0
2028064,28.0
2028096,14.0
2028160,49.0
2028240,36.0
2028304,59.0
2028304,54.0
2028336,58.0
2028480,45.0
2028512,41.0
2028624,36.0
2028672,38.0
2028704,51.0
2028720,72.0
2028720,64.0
2028736,36.0
2028960,41.0
2028976,42.0
2028992,56.0
2029008,75.0
2029024,113.0
2029024,25.0
2029072,46.0
2029152,57.0
2029232,35.0
2029296,36.0
2029296,35.0
2029312,37.0
2029408,58.0
2029472,29.0
2029504,30.0
2029504,50.0
2029600,39.0
2029600,68.0
2029648,39.0
2029760,107.0
2029760,38.0
2029792,45.0
2029840,53.0
2030128,41.0
2030192,49.0
2030208,61.0
2030208,56.0
2030272,30.0
2030272,42.0
2030288,49.0
2030288,62.0
2030320,64.0
2030368,38.0
2030400,90.0
2030464,51.0
2030528,25.0
2030560,45.0
2030672,73.0
2030672,25.0
2030768,63.0
2030880,30.0
2030896,38.0
2030896,39.0
2030960,37.0
2031008,43.0
2031072,38.0
2031088,55.0
2031136,36.0
2031232,35.0
2031264,104.0
2031296,68.0
2031376,53.0
2031552,41.0
2031584,81.0
