Timestep,Reward
160,10.0
160,10.0
192,12.0
208,13.0
224,14.0
240,15.0
272,17.0
288,18.0
368,23.0
400,25.0
416,16.0
416,14.0
432,17.0
480,30.0
480,30.0
496,18.0
512,18.0
528,33.0
608,20.0
624,9.0
624,39.0
640,13.0
672,27.0
688,10.0
704,27.0
752,47.0
768,18.0
768,16.0
784,10.0
816,13.0
848,13.0
896,30.0
976,13.0
992,14.0
992,31.0
1008,40.0
1008,14.0
1024,64.0
1040,39.0
1088,25.0
1088,43.0
1136,29.0
1152,16.0
1168,11.0
1168,26.0
1232,14.0
1248,13.0
1264,16.0
1264,15.0
1280,19.0
1280,27.0
1280,12.0
1344,13.0
1344,11.0
1360,34.0
1376,14.0
1376,24.0
1376,42.0
1408,15.0
1408,11.0
1408,10.0
1456,52.0
1456,11.0
1504,14.0
1520,27.0
1520,11.0
1536,16.0
1536,11.0
1600,21.0
1600,12.0
1648,17.0
1664,13.0
1664,18.0
1680,21.0
1696,20.0
1696,15.0
1696,10.0
1760,31.0
1808,19.0
1824,26.0
1824,19.0
1840,20.0
1856,28.0
1888,18.0
1936,11.0
1952,26.0
1968,17.0
1968,17.0
1984,24.0
1984,20.0
1984,19.0
2016,10.0
2048,25.0
2176,12.0
2176,21.0
2192,11.0
2192,13.0
2224,15.0
2224,25.0
2240,36.0
2288,21.0
2304,21.0
2320,39.0
2320,17.0
2384,13.0
2400,29.0
2416,37.0
2464,31.0
2496,13.0
2512,44.0
2512,20.0
2528,22.0
2592,44.0
2592,23.0
2592,17.0
2608,19.0
2656,16.0
2688,29.0
2704,11.0
2752,10.0
2784,17.0
2784,20.0
2800,35.0
2800,13.0
2816,25.0
2832,15.0
2832,20.0
2848,33.0
2896,13.0
2912,13.0
2928,34.0
3024,33.0
3024,14.0
3040,13.0
3072,18.0
3072,16.0
3072,14.0
3104,31.0
3136,21.0
3200,17.0
3216,24.0
3216,12.0
3248,22.0
3248,11.0
3264,38.0
3280,33.0
3312,13.0
3328,34.0
3344,17.0
3392,12.0
3424,13.0
3456,20.0
3488,17.0
3520,17.0
3552,19.0
3552,15.0
3584,16.0
3600,20.0
3648,24.0
3680,48.0
3696,15.0
3808,13.0
3808,101.0
3840,20.0
3856,17.0
3872,20.0
3904,16.0
3904,55.0
4032,40.0
4080,46.0
4096,12.0
4112,65.0
4144,45.0
4160,16.0
4176,21.0
4192,40.0
4192,31.0
4208,45.0
4208,25.0
4224,23.0
4256,14.0
4320,14.0
4336,16.0
4336,11.0
4352,42.0
4384,10.0
4384,13.0
4400,12.0
4432,18.0
4480,38.0
4496,19.0
4496,24.0
4512,10.0
4528,45.0
4544,21.0
4560,14.0
4560,14.0
4576,16.0
4576,12.0
4592,13.0
4608,11.0
4656,101.0
4688,27.0
4736,15.0
4736,8.0
4800,14.0
4800,17.0
4800,16.0
4832,21.0
4848,28.0
4944,27.0
4944,29.0
4960,48.0
4976,18.0
4976,11.0
4992,27.0
4992,12.0
5024,11.0
5104,23.0
5120,29.0
5120,11.0
5152,10.0
5168,38.0
5168,27.0
5232,18.0
5232,17.0
5264,27.0
5264,43.0
5280,43.0
5280,10.0
5280,10.0
5280,18.0
5296,9.0
5312,32.0
5328,19.0
5440,29.0
5472,19.0
5504,25.0
5504,33.0
5504,17.0
5520,18.0
5584,16.0
5616,20.0
5632,22.0
5632,22.0
5648,23.0
5664,31.0
5680,15.0
5680,11.0
5680,26.0
5712,28.0
5712,15.0
5728,14.0
5760,28.0
5792,32.0
5824,20.0
5840,11.0
5872,15.0
5872,22.0
5888,11.0
5888,13.0
5904,18.0
5984,14.0
6000,20.0
6000,13.0
6000,20.0
6048,11.0
6048,26.0
6064,11.0
6064,22.0
6144,20.0
6144,15.0
6160,18.0
6176,28.0
6240,16.0
6272,43.0
6304,15.0
6304,26.0
6368,20.0
6384,14.0
6384,20.0
6416,17.0
6448,17.0
6464,26.0
6480,13.0
6544,34.0
6560,20.0
6592,37.0
6592,14.0
6592,47.0
6592,18.0
6624,20.0
6640,31.0
6688,14.0
6736,11.0
6752,23.0
6768,70.0
6784,25.0
6848,27.0
6848,19.0
6880,18.0
6896,13.0
6896,19.0
6928,28.0
6944,13.0
6960,23.0
6976,12.0
6992,34.0
7008,24.0
7024,64.0
7104,29.0
7120,23.0
7120,17.0
7152,19.0
7200,27.0
7216,21.0
7232,18.0
7232,17.0
7264,15.0
7264,21.0
7280,19.0
7280,17.0
7312,26.0
7312,20.0
7328,13.0
7392,18.0
7408,16.0
7440,13.0
7456,21.0
7488,14.0
7504,12.0
7520,18.0
7520,12.0
7536,21.0
7536,59.0
7552,17.0
7600,21.0
7600,13.0
7648,8.0
7664,14.0
7664,48.0
7696,24.0
7744,13.0
7744,18.0
7808,10.0
7824,38.0
7856,16.0
7872,24.0
7904,24.0
7904,13.0
7936,17.0
8016,13.0
8016,10.0
8032,18.0
8032,33.0
8048,48.0
8096,12.0
8112,28.0
8160,18.0
8176,48.0
8176,40.0
8176,36.0
8208,17.0
8208,12.0
8208,11.0
8288,24.0
8288,29.0
8304,16.0
8320,19.0
8352,11.0
8432,17.0
8448,15.0
8448,26.0
8464,45.0
8480,12.0
8496,12.0
8496,9.0
8496,13.0
8512,19.0
8528,20.0
8576,25.0
8672,22.0
8672,12.0
8688,32.0
8688,14.0
8720,17.0
8720,17.0
8736,14.0
8752,75.0
8752,40.0
8768,21.0
8784,13.0
8784,18.0
8816,45.0
8832,21.0
8832,10.0
8848,20.0
8864,12.0
8896,11.0
8912,26.0
8912,14.0
9024,18.0
9040,18.0
9056,17.0
9056,14.0
9056,14.0
9072,24.0
9104,24.0
9104,12.0
9104,18.0
9136,17.0
9152,16.0
9168,25.0
9200,10.0
9248,21.0
9280,11.0
9280,11.0
9296,34.0
9296,15.0
9312,18.0
9344,13.0
9360,18.0
9360,19.0
9360,16.0
9360,19.0
9440,10.0
9456,38.0
9520,13.0
9520,17.0
9536,21.0
9536,24.0
9568,17.0
9632,17.0
9632,22.0
9648,18.0
9664,23.0
9696,57.0
9760,25.0
9776,38.0
9808,17.0
9824,24.0
9824,19.0
9856,32.0
9888,16.0
9936,17.0
9968,28.0
9984,22.0
10000,22.0
10000,12.0
10016,12.0
10080,19.0
10080,20.0
10080,24.0
10128,37.0
10128,35.0
10176,11.0
10192,16.0
10240,26.0
10240,16.0
10256,11.0
10320,60.0
10320,20.0
10336,10.0
10352,17.0
10352,14.0
10384,23.0
10416,35.0
10416,11.0
10448,30.0
10480,25.0
10512,17.0
10528,67.0
10544,18.0
10592,17.0
10608,45.0
10608,14.0
10640,32.0
10656,19.0
10720,15.0
10736,20.0
10752,9.0
10768,10.0
10768,11.0
10784,27.0
10784,37.0
10784,15.0
10784,17.0
10784,23.0
10800,22.0
10864,13.0
10944,39.0
10960,14.0
10960,39.0
10960,11.0
10976,14.0
10976,13.0
10992,29.0
10992,14.0
11040,15.0
11040,25.0
11056,17.0
11056,17.0
11152,11.0
11168,19.0
11184,14.0
11232,28.0
11232,15.0
11248,33.0
11264,13.0
11280,21.0
11312,17.0
11312,33.0
11328,22.0
11344,24.0
11360,13.0
11376,21.0
11488,20.0
11488,33.0
11488,10.0
11504,16.0
11520,18.0
11536,11.0
11536,22.0
11568,32.0
11568,18.0
11584,17.0
11616,19.0
11616,17.0
11728,12.0
11744,13.0
11776,17.0
11808,51.0
11808,20.0
11808,20.0
11808,14.0
11824,19.0
11904,18.0
11920,19.0
11936,42.0
11952,13.0
11952,24.0
12000,39.0
12032,19.0
12128,20.0
12144,12.0
12144,20.0
12160,22.0
12160,42.0
12176,59.0
12208,13.0
12208,25.0
12208,25.0
12208,19.0
12256,30.0
12304,46.0
12336,26.0
12368,14.0
12368,13.0
12400,16.0
12416,13.0
12432,19.0
12480,17.0
12528,10.0
12528,37.0
12544,32.0
12544,23.0
12560,38.0
12592,11.0
12624,26.0
12640,19.0
12640,13.0
12704,10.0
12752,22.0
12768,32.0
12784,19.0
12784,14.0
12816,14.0
12832,12.0
12848,30.0
12880,21.0
12896,46.0
12928,39.0
12928,45.0
12944,10.0
13008,19.0
13024,17.0
13040,12.0
13072,12.0
13072,11.0
13088,35.0
13168,34.0
13200,42.0
13200,23.0
13200,12.0
13232,19.0
13280,13.0
13296,23.0
13312,33.0
13312,23.0
13328,43.0
13376,21.0
13424,12.0
13472,12.0
13472,19.0
13488,45.0
13504,19.0
13536,15.0
13552,46.0
13568,34.0
13600,32.0
13600,14.0
13616,18.0
13632,10.0
13648,28.0
13664,37.0
13664,12.0
13712,14.0
13712,13.0
13744,9.0
13760,10.0
13776,29.0
13824,16.0
13824,25.0
13856,20.0
13872,35.0
13872,13.0
13872,42.0
13888,15.0
13904,18.0
13904,17.0
13936,24.0
13952,11.0
13984,14.0
14000,11.0
14016,10.0
14016,17.0
14016,19.0
14064,22.0
14064,10.0
14080,13.0
14080,26.0
14112,15.0
14224,20.0
14240,19.0
14240,15.0
14256,12.0
14304,26.0
14304,18.0
14336,22.0
14368,26.0
14384,23.0
14400,10.0
14448,27.0
14464,13.0
14512,28.0
14528,14.0
14544,45.0
14576,21.0
14576,15.0
14608,46.0
14608,33.0
14608,19.0
14608,31.0
14672,13.0
14736,21.0
14736,23.0
14752,15.0
14752,19.0
14768,10.0
14768,43.0
14784,25.0
14800,14.0
14800,16.0
14848,15.0
14864,18.0
14896,9.0
14912,15.0
14912,24.0
14960,14.0
15008,15.0
15024,26.0
15024,15.0
15056,28.0
15056,16.0
15072,11.0
15072,20.0
15072,21.0
15104,15.0
15168,59.0
15168,23.0
15184,10.0
15232,14.0
15232,10.0
15264,13.0
15280,11.0
15312,15.0
15344,11.0
15344,27.0
15376,38.0
15376,19.0
15392,14.0
15408,14.0
15440,33.0
15440,11.0
15456,38.0
15472,12.0
15504,17.0
15504,17.0
15520,13.0
15568,12.0
15632,38.0
15712,23.0
15728,24.0
15776,21.0
15792,17.0
15792,18.0
15808,22.0
15808,26.0
15824,28.0
15856,28.0
15936,29.0
15952,24.0
15968,11.0
15968,15.0
15984,34.0
15984,22.0
16032,14.0
16112,72.0
16128,17.0
16160,69.0
16208,27.0
16240,19.0
16256,18.0
16272,35.0
16272,18.0
16288,21.0
16304,32.0
16304,50.0
16336,13.0
16368,34.0
16400,26.0
16400,23.0
16432,20.0
16496,12.0
16496,14.0
16512,15.0
16528,45.0
16528,14.0
16560,12.0
16576,18.0
16624,23.0
16656,20.0
16656,31.0
16688,12.0
16704,9.0
16720,12.0
16768,33.0
16768,17.0
16832,20.0
16832,19.0
16864,9.0
16864,56.0
16880,12.0
16928,17.0
16960,35.0
16960,21.0
17024,16.0
17024,12.0
17024,51.0
17040,21.0
17056,39.0
17056,12.0
17072,19.0
17120,15.0
17120,16.0
17152,36.0
17248,11.0
17248,18.0
17264,13.0
17296,29.0
17296,9.0
17312,18.0
17312,16.0
17360,25.0
17360,27.0
17376,16.0
17392,23.0
17408,47.0
17456,66.0
17488,15.0
17504,30.0
17520,16.0
17536,15.0
17536,15.0
17536,14.0
17552,11.0
17552,27.0
17584,21.0
17584,14.0
17600,15.0
17648,21.0
17680,18.0
17712,19.0
17728,11.0
17744,13.0
17760,13.0
17776,46.0
17776,20.0
17792,17.0
17792,13.0
17856,23.0
17872,21.0
17888,13.0
17904,16.0
17904,20.0
17936,14.0
17952,28.0
18016,30.0
18048,28.0
18064,17.0
18064,19.0
18080,18.0
18096,12.0
18096,13.0
18128,24.0
18144,18.0
18192,26.0
18304,27.0
18304,25.0
18336,20.0
18368,26.0
18368,18.0
18400,21.0
18416,14.0
18432,44.0
18432,24.0
18464,20.0
18496,45.0
18496,12.0
18496,35.0
18528,25.0
18592,33.0
18608,13.0
18624,20.0
18624,16.0
18656,35.0
18656,14.0
18672,15.0
18736,17.0
18768,42.0
18768,11.0
18816,10.0
18832,13.0
18832,21.0
18848,12.0
18880,13.0
18880,29.0
18880,22.0
18896,10.0
18912,26.0
18912,19.0
18944,11.0
19008,12.0
19024,16.0
19024,41.0
19040,44.0
19056,10.0
19072,12.0
19104,12.0
19120,39.0
19120,13.0
19184,11.0
19184,35.0
19200,16.0
19248,14.0
19248,14.0
19264,24.0
19280,27.0
19312,15.0
19344,32.0
19360,30.0
19360,10.0
19376,20.0
19376,16.0
19440,16.0
19440,16.0
19504,15.0
19504,16.0
19520,26.0
19552,13.0
19552,17.0
19568,13.0
19568,12.0
19584,29.0
19632,37.0
19696,12.0
19760,12.0
19808,14.0
19808,19.0
19856,31.0
19872,65.0
19872,11.0
19888,23.0
19920,10.0
19968,33.0
19968,26.0
20000,12.0
20032,14.0
20032,45.0
20048,50.0
20112,46.0
20112,35.0
20176,13.0
20192,17.0
20224,16.0
20240,24.0
20240,38.0
20304,16.0
20320,27.0
20336,14.0
20464,10.0
20464,56.0
20480,30.0
20480,16.0
20480,28.0
20496,66.0
20512,17.0
20512,30.0
20560,24.0
20576,44.0
20592,22.0
20608,17.0
20608,31.0
20656,11.0
20672,13.0
20720,14.0
20720,13.0
20736,14.0
20736,10.0
20736,16.0
20752,17.0
20832,32.0
20848,11.0
20864,16.0
20864,19.0
20864,42.0
20880,14.0
20912,19.0
20944,30.0
20976,15.0
20976,16.0
21008,17.0
21024,72.0
21040,11.0
21104,17.0
21120,24.0
21200,11.0
21232,23.0
21232,22.0
21232,20.0
21280,19.0
21280,21.0
21296,44.0
21328,22.0
21328,38.0
21344,37.0
21376,21.0
21376,33.0
21456,14.0
21456,21.0
21488,16.0
21488,12.0
21504,19.0
21504,17.0
21568,44.0
21632,11.0
21632,19.0
21664,21.0
21696,20.0
21696,13.0
21712,21.0
21728,15.0
21744,29.0
21744,29.0
21744,15.0
21760,41.0
21776,13.0
21792,10.0
21792,28.0
21840,9.0
21856,53.0
21872,23.0
21888,14.0
21920,11.0
21920,14.0
21920,11.0
21952,14.0
22000,18.0
22064,18.0
22064,17.0
22112,20.0
22128,24.0
22160,18.0
22192,17.0
22192,17.0
22192,46.0
22224,17.0
22224,37.0
22256,21.0
22304,15.0
22304,19.0
22304,26.0
22336,11.0
22336,9.0
22368,16.0
22368,11.0
22368,38.0
22400,35.0
22400,17.0
22400,11.0
22432,13.0
22480,14.0
22496,12.0
22496,27.0
22544,15.0
22560,10.0
22576,45.0
22608,17.0
22704,13.0
22704,19.0
22704,32.0
22736,23.0
22752,26.0
22768,23.0
22784,18.0
22784,30.0
22816,28.0
22880,19.0
22896,26.0
22912,23.0
22960,14.0
23104,34.0
23120,21.0
23152,12.0
23152,16.0
23152,21.0
23168,16.0
23184,51.0
23216,38.0
23296,26.0
23328,9.0
23328,34.0
23344,14.0
23344,40.0
23376,42.0
23392,15.0
23408,12.0
23408,15.0
23424,41.0
23440,9.0
23456,19.0
23488,66.0
23488,10.0
23584,10.0
23616,8.0
23616,17.0
23632,16.0
23648,31.0
23648,15.0
23696,13.0
23696,59.0
23696,16.0
23712,38.0
23744,22.0
23744,18.0
23776,23.0
23792,13.0
23808,12.0
23872,33.0
23888,17.0
23888,35.0
23888,16.0
23904,16.0
23920,14.0
23984,17.0
24016,17.0
24032,15.0
24080,13.0
24096,25.0
24112,26.0
24144,23.0
24176,18.0
24176,17.0
24192,24.0
24256,23.0
24272,98.0
24336,14.0
24336,37.0
24384,31.0
24400,16.0
24400,26.0
24416,10.0
24432,22.0
24448,50.0
24480,13.0
24496,30.0
24512,20.0
24544,23.0
24592,31.0
24608,10.0
24608,12.0
24624,37.0
24624,28.0
24672,18.0
24672,17.0
24688,18.0
24704,23.0
24704,23.0
24736,19.0
24752,17.0
24752,10.0
24768,14.0
24768,53.0
24784,18.0
24896,12.0
24912,15.0
24912,13.0
24976,23.0
24992,19.0
24992,15.0
24992,30.0
25024,17.0
25040,27.0
25088,20.0
25104,12.0
25120,21.0
25120,14.0
25184,35.0
25200,13.0
25200,27.0
25216,15.0
25232,31.0
25232,38.0
25232,15.0
25312,17.0
25328,15.0
25344,27.0
25392,10.0
25392,25.0
25456,27.0
25472,23.0
25472,22.0
25488,10.0
25488,16.0
25504,18.0
25520,20.0
25600,23.0
25616,31.0
25632,28.0
25712,20.0
25728,15.0
25792,21.0
25792,30.0
25792,19.0
25808,19.0
25840,20.0
25840,73.0
25888,31.0
25920,19.0
25984,40.0
26000,13.0
26000,18.0
26016,11.0
26016,34.0
26064,14.0
26080,12.0
26144,42.0
26176,24.0
26176,11.0
26192,29.0
26208,12.0
26224,9.0
26224,37.0
26272,22.0
26320,16.0
26320,45.0
26336,34.0
26384,36.0
26384,74.0
26400,14.0
26416,17.0
26416,15.0
26448,15.0
26560,34.0
26576,19.0
26592,9.0
26592,37.0
26624,27.0
26640,16.0
26640,14.0
26640,26.0
26688,22.0
26736,26.0
26752,48.0
26768,34.0
26800,26.0
26800,11.0
26800,24.0
26800,15.0
26816,26.0
26832,16.0
26832,9.0
26848,33.0
26880,18.0
26896,16.0
26992,10.0
26992,12.0
27024,18.0
27024,14.0
27056,26.0
27056,16.0
27056,19.0
27056,18.0
27072,30.0
27168,11.0
27200,25.0
27216,20.0
27264,26.0
27280,16.0
27280,25.0
27280,14.0
27280,14.0
27312,16.0
27408,36.0
27408,26.0
27440,26.0
27456,25.0
27472,13.0
27472,17.0
27472,10.0
27488,20.0
27520,55.0
27520,19.0
27536,16.0
27600,49.0
27616,34.0
27648,15.0
27664,12.0
27696,14.0
27728,18.0
27744,29.0
27760,15.0
27760,19.0
27760,17.0
27808,33.0
27840,15.0
27840,19.0
27888,15.0
27920,19.0
27920,25.0
27968,19.0
27984,14.0
28000,19.0
28016,38.0
28032,19.0
28048,18.0
28064,11.0
28096,22.0
28144,54.0
28144,24.0
28144,14.0
28160,20.0
28192,22.0
28192,45.0
28240,16.0
28288,20.0
28304,18.0
28336,19.0
28336,12.0
28352,34.0
28432,18.0
28480,18.0
28528,15.0
28544,28.0
28560,14.0
28576,17.0
28576,21.0
28592,16.0
28592,33.0
28608,38.0
28640,31.0
28656,19.0
28672,12.0
28736,34.0
28752,11.0
28752,37.0
28816,11.0
28848,50.0
28896,61.0
28896,18.0
28928,24.0
28928,31.0
28928,25.0
28944,22.0
28944,24.0
28960,9.0
28960,23.0
29008,16.0
29072,26.0
29072,31.0
29088,21.0
29088,12.0
29120,17.0
29152,14.0
29152,12.0
29152,13.0
29168,27.0
29168,15.0
29200,15.0
29248,20.0
29264,16.0
29280,21.0
29296,25.0
29312,40.0
29312,14.0
29360,13.0
29424,21.0
29424,22.0
29440,17.0
29472,22.0
29472,19.0
29488,13.0
29488,26.0
29488,14.0
29504,22.0
29520,20.0
29536,18.0
29552,15.0
29664,22.0
29696,17.0
29696,25.0
29744,16.0
29760,18.0
29760,17.0
29792,19.0
29792,17.0
29792,40.0
29792,27.0
29856,19.0
29856,10.0
29872,13.0
29904,27.0
29920,14.0
29920,24.0
29936,32.0
29984,12.0
29984,14.0
30000,9.0
30016,36.0
30048,18.0
30080,18.0
30128,12.0
30128,21.0
30144,25.0
30160,18.0
30176,17.0
30224,19.0
30224,45.0
30240,12.0
30240,16.0
30272,16.0
30272,17.0
30352,12.0
30368,36.0
30416,17.0
30416,21.0
30432,12.0
30448,33.0
30464,12.0
30464,15.0
30512,15.0
30528,22.0
30544,26.0
30576,14.0
30624,16.0
30656,12.0
30656,13.0
30688,9.0
30688,10.0
30720,16.0
30752,20.0
30768,9.0
30832,26.0
30880,23.0
30880,56.0
30896,42.0
30912,31.0
30944,44.0
31024,73.0
31040,22.0
31088,20.0
31088,60.0
31120,15.0
31120,23.0
31152,15.0
31168,32.0
31168,18.0
31168,21.0
31216,35.0
31264,14.0
31280,16.0
31296,38.0
31312,46.0
31328,11.0
31328,24.0
31360,15.0
31360,29.0
31360,17.0
31376,41.0
31392,19.0
31440,17.0
31440,20.0
31440,10.0
31456,15.0
31472,19.0
31520,16.0
31552,24.0
31568,17.0
31584,13.0
31600,17.0
31632,15.0
31648,13.0
31648,13.0
31744,19.0
31760,25.0
31760,15.0
31776,28.0
31808,11.0
31856,19.0
31856,17.0
31872,32.0
31936,23.0
31952,11.0
31968,20.0
31968,38.0
31984,15.0
31984,33.0
32000,15.0
32064,47.0
32096,10.0
32112,19.0
32128,33.0
32128,10.0
32144,17.0
32176,44.0
32224,15.0
32240,30.0
32256,25.0
32272,20.0
32288,18.0
32336,12.0
32336,14.0
32352,18.0
32368,32.0
32400,17.0
32432,16.0
32464,13.0
32464,15.0
32480,31.0
32544,26.0
32544,9.0
32576,18.0
32576,19.0
32608,60.0
32608,40.0
32624,24.0
32672,21.0
32688,20.0
32704,14.0
32736,17.0
32832,30.0
32848,47.0
32848,26.0
32864,15.0
32880,34.0
32912,23.0
33056,23.0
33056,37.0
33152,17.0
33168,35.0
33216,40.0
33280,34.0
33344,42.0
33344,31.0
33456,19.0
33472,54.0
33488,17.0
33488,49.0
33488,9.0
33504,37.0
33504,28.0
33536,16.0
33536,60.0
33616,28.0
33680,51.0
33712,13.0
33712,16.0
33744,16.0
33856,20.0
33888,25.0
33904,18.0
33936,28.0
33968,70.0
34032,31.0
34032,33.0
34064,37.0
34096,97.0
34112,16.0
34160,12.0
34160,26.0
34160,83.0
34176,15.0
34208,20.0
34240,21.0
34240,56.0
34272,37.0
34272,35.0
34320,16.0
34336,39.0
34416,19.0
34416,13.0
34464,19.0
34496,14.0
34496,25.0
34496,21.0
34512,17.0
34576,19.0
34592,11.0
34592,27.0
34640,38.0
34736,15.0
34736,15.0
34784,13.0
34784,20.0
34816,14.0
34816,11.0
34832,37.0
34944,13.0
34960,119.0
35008,14.0
35024,33.0
35056,40.0
35104,9.0
35184,42.0
35184,63.0
35200,24.0
35216,55.0
35232,75.0
35328,63.0
35344,38.0
35360,16.0
35376,20.0
35376,22.0
35376,49.0
35408,37.0
35424,30.0
35440,15.0
35440,27.0
35456,39.0
35488,17.0
35552,11.0
35616,15.0
35616,16.0
35728,20.0
35728,18.0
35744,18.0
35760,26.0
35760,13.0
35824,40.0
35840,22.0
35888,10.0
35904,36.0
35920,30.0
35936,12.0
35968,13.0
35968,22.0
35984,38.0
36016,11.0
36032,17.0
36064,11.0
36096,57.0
36144,57.0
36224,16.0
36224,15.0
36240,13.0
36256,22.0
36256,21.0
36304,30.0
36336,25.0
36352,18.0
36384,23.0
36400,27.0
36496,16.0
36512,16.0
36528,19.0
36544,58.0
36576,53.0
36624,33.0
36624,30.0
36656,77.0
36704,19.0
36736,122.0
36784,15.0
36800,29.0
36832,30.0
36912,38.0
36928,17.0
36960,36.0
36960,29.0
36976,22.0
36992,26.0
36992,16.0
36992,48.0
37008,13.0
37024,15.0
37040,49.0
37040,32.0
37264,35.0
37296,21.0
37296,19.0
37296,18.0
37344,19.0
37376,24.0
37392,25.0
37408,9.0
37408,56.0
37440,26.0
37472,40.0
37504,33.0
37504,37.0
37552,13.0
37568,17.0
37600,40.0
37632,21.0
37632,21.0
37760,22.0
37760,71.0
37792,24.0
37792,14.0
37808,13.0
37808,23.0
37824,20.0
37888,24.0
37984,37.0
38000,23.0
38000,23.0
38048,31.0
38048,18.0
38048,15.0
38064,37.0
38080,72.0
38080,17.0
38096,45.0
38128,19.0
38160,11.0
38176,26.0
38192,72.0
38192,19.0
38240,28.0
38256,13.0
38272,13.0
38288,15.0
38304,14.0
38352,19.0
38352,17.0
38368,36.0
38416,14.0
38432,21.0
38448,18.0
38528,22.0
38528,33.0
38560,19.0
38576,24.0
38640,21.0
38688,35.0
38704,21.0
38736,20.0
38736,19.0
38768,26.0
38768,15.0
38784,34.0
38800,50.0
38832,19.0
38896,34.0
38896,16.0
38912,11.0
38944,41.0
38944,24.0
38976,13.0
39008,17.0
39072,18.0
39136,54.0
39184,31.0
39184,30.0
39184,38.0
39280,19.0
39280,17.0
39344,34.0
39392,31.0
39440,19.0
39504,46.0
39504,66.0
39584,25.0
39600,26.0
39648,19.0
39680,53.0
39680,11.0
39696,12.0
39696,39.0
39744,52.0
39840,56.0
39904,39.0
39952,35.0
39952,19.0
39984,18.0
40016,67.0
40032,47.0
40064,24.0
40080,11.0
40096,32.0
40112,76.0
40144,34.0
40192,15.0
40208,64.0
40240,13.0
40320,15.0
40320,19.0
40336,56.0
40352,15.0
40384,18.0
40400,21.0
40464,20.0
40496,47.0
40528,34.0
40528,18.0
40544,13.0
40560,55.0
40560,54.0
40640,11.0
40640,16.0
40704,19.0
40736,15.0
40736,11.0
40736,13.0
40816,31.0
40880,11.0
40912,60.0
40928,24.0
40928,23.0
40944,46.0
40976,41.0
40992,50.0
41056,20.0
41056,26.0
41152,14.0
41200,29.0
41216,14.0
41296,24.0
41312,36.0
41360,63.0
41408,98.0
41488,21.0
41504,13.0
41552,36.0
41552,15.0
41568,65.0
41568,58.0
41648,52.0
41648,44.0
41664,49.0
41760,13.0
41760,13.0
41776,45.0
41776,36.0
41872,14.0
41904,21.0
41968,47.0
41968,35.0
41968,20.0
42000,31.0
42048,17.0
42112,15.0
42128,29.0
42176,26.0
42224,81.0
42240,42.0
42256,13.0
42256,31.0
42336,21.0
42336,53.0
42352,14.0
42352,24.0
42384,26.0
42432,29.0
42448,68.0
42448,87.0
42464,18.0
42464,13.0
42640,19.0
42656,55.0
42688,28.0
42688,29.0
42704,22.0
42704,50.0
42720,21.0
42720,16.0
42832,24.0
42864,47.0
42864,13.0
42912,12.0
42912,14.0
42912,13.0
42960,44.0
42976,21.0
43008,11.0
43040,38.0
43088,25.0
43120,16.0
43168,44.0
43248,21.0
43296,18.0
43296,13.0
43312,17.0
43344,62.0
43360,31.0
43376,25.0
43392,59.0
43408,31.0
43424,45.0
43456,13.0
43504,34.0
43520,11.0
43536,23.0
43584,12.0
43600,18.0
43648,82.0
43648,46.0
43680,11.0
43712,18.0
43728,63.0
43728,38.0
43760,29.0
43760,22.0
43792,27.0
43792,21.0
43824,19.0
43840,16.0
43872,12.0
43968,27.0
43984,12.0
44032,10.0
44032,27.0
44064,14.0
44080,16.0
44112,46.0
44128,30.0
44128,25.0
44144,26.0
44224,12.0
44240,37.0
44288,19.0
44320,35.0
44336,12.0
44352,66.0
44416,21.0
44448,30.0
44512,24.0
44512,45.0
44528,31.0
44560,21.0
44624,35.0
44624,13.0
44688,23.0
44704,23.0
44736,14.0
44768,26.0
44784,42.0
44816,43.0
44832,17.0
44880,70.0
44896,12.0
44944,16.0
45008,35.0
45088,13.0
45168,14.0
45168,58.0
45168,40.0
45184,18.0
45216,37.0
45216,13.0
45232,25.0
45264,40.0
45264,33.0
45328,10.0
45360,36.0
45376,12.0
45376,38.0
45424,13.0
45440,22.0
45472,16.0
45472,19.0
45504,43.0
45504,62.0
45616,16.0
45664,31.0
45664,14.0
45712,13.0
45744,30.0
45744,32.0
45760,27.0
45776,19.0
45856,27.0
45856,22.0
45856,30.0
45920,16.0
45952,30.0
45984,15.0
46016,47.0
46016,19.0
46048,27.0
46080,26.0
46080,14.0
46096,11.0
46096,149.0
46192,28.0
46192,27.0
46208,12.0
46272,124.0
46272,14.0
46272,16.0
46352,36.0
46368,32.0
46368,32.0
46368,18.0
46400,64.0
46400,13.0
46480,24.0
46528,10.0
46528,11.0
46528,36.0
46576,31.0
46624,22.0
46656,24.0
46752,22.0
46768,49.0
46768,25.0
46800,17.0
46880,22.0
46896,50.0
46912,16.0
46944,20.0
46960,30.0
46992,15.0
47040,42.0
47056,30.0
47104,21.0
47104,52.0
47136,21.0
47168,40.0
47216,63.0
47216,11.0
47248,66.0
47280,23.0
47344,11.0
47360,16.0
47376,20.0
47408,33.0
47424,27.0
47440,30.0
47456,66.0
47472,14.0
47536,40.0
47568,18.0
47584,15.0
47584,40.0
47616,32.0
47632,17.0
47664,15.0
47728,22.0
47760,34.0
47776,35.0
47808,22.0
47840,16.0
47872,29.0
47920,72.0
47920,22.0
47968,27.0
48048,20.0
48112,22.0
48160,43.0
48192,66.0
48192,22.0
48208,36.0
48240,41.0
48272,38.0
48400,49.0
48448,40.0
48464,31.0
48496,16.0
48560,49.0
48576,41.0
48608,26.0
48624,47.0
48624,32.0
48640,28.0
48720,50.0
48800,11.0
48864,37.0
48864,44.0
48880,17.0
48880,19.0
48896,31.0
48912,12.0
48928,30.0
48944,24.0
48944,94.0
48960,31.0
48976,21.0
49072,28.0
49088,14.0
49104,13.0
49120,15.0
49136,16.0
49232,18.0
49264,12.0
49280,23.0
49328,33.0
49328,24.0
49456,88.0
49552,37.0
49568,67.0
49616,24.0
49648,23.0
49680,37.0
49712,36.0
49712,16.0
49712,94.0
49728,54.0
49840,45.0
49840,32.0
49856,55.0
49872,38.0
49920,17.0
49920,22.0
49952,25.0
49984,17.0
50032,12.0
50032,44.0
50080,25.0
50192,68.0
50224,12.0
50272,84.0
50288,36.0
50368,18.0
50368,32.0
50400,30.0
50464,47.0
50496,48.0
50512,15.0
50560,33.0
50576,41.0
50608,20.0
50608,48.0
50624,40.0
50640,26.0
50656,18.0
50672,17.0
50704,52.0
50704,68.0
50720,16.0
50752,15.0
50752,35.0
50800,27.0
50800,11.0
50848,15.0
50880,58.0
50896,20.0
50928,14.0
50944,21.0
50960,10.0
50960,18.0
50960,15.0
51008,22.0
51008,16.0
51088,12.0
51120,10.0
51120,10.0
51120,10.0
51136,12.0
51136,16.0
51168,33.0
51200,40.0
51280,17.0
51296,11.0
51312,32.0
51360,38.0
51360,27.0
51360,17.0
51440,20.0
51440,19.0
51504,31.0
51616,16.0
51632,20.0
51648,72.0
51664,19.0
51680,11.0
51680,52.0
51728,18.0
51728,33.0
51760,39.0
51824,34.0
51856,43.0
51856,13.0
51904,34.0
51904,49.0
51904,17.0
51936,17.0
51936,20.0
52000,15.0
52000,11.0
52160,30.0
52176,92.0
52192,16.0
52224,20.0
52224,23.0
52288,22.0
52304,19.0
52336,65.0
52368,32.0
52432,62.0
52448,48.0
52512,18.0
52512,38.0
52512,32.0
52544,20.0
52544,23.0
52560,23.0
52560,52.0
52576,15.0
52608,20.0
52624,16.0
52672,59.0
52720,26.0
52736,14.0
52800,16.0
52848,14.0
52848,21.0
52864,22.0
52896,62.0
52928,20.0
52992,35.0
53056,31.0
53056,10.0
53072,22.0
53136,37.0
53152,30.0
53184,39.0
53200,13.0
53248,28.0
53248,11.0
53376,20.0
53408,22.0
53424,43.0
53424,31.0
53456,63.0
53488,39.0
53584,24.0
53584,46.0
53616,27.0
53728,37.0
53776,20.0
53808,20.0
53840,26.0
53904,31.0
53936,20.0
53952,33.0
53952,11.0
53984,52.0
54000,89.0
54032,19.0
54032,12.0
54176,17.0
54208,85.0
54240,62.0
54240,41.0
54256,131.0
54272,43.0
54288,21.0
54336,68.0
54400,23.0
54400,23.0
54416,65.0
54416,13.0
54416,10.0
54448,17.0
54496,31.0
54496,16.0
54496,14.0
54528,37.0
54560,20.0
54592,12.0
54640,14.0
54672,54.0
54720,20.0
54736,15.0
54752,19.0
54832,12.0
54848,56.0
54864,12.0
54896,30.0
54976,14.0
54976,40.0
54976,43.0
54976,15.0
54992,17.0
55008,28.0
55024,27.0
55024,33.0
55024,65.0
55088,15.0
55152,11.0
55232,14.0
55248,17.0
55280,24.0
55312,14.0
55312,10.0
55328,19.0
55344,20.0
55360,52.0
55376,60.0
55424,37.0
55536,11.0
55648,42.0
55664,73.0
55744,26.0
55744,55.0
55760,24.0
55776,29.0
55776,29.0
55792,50.0
55792,51.0
55808,36.0
55824,36.0
55824,30.0
55872,53.0
55936,17.0
55952,13.0
55968,12.0
55968,13.0
55968,10.0
55984,44.0
56096,19.0
56128,10.0
56144,11.0
56144,23.0
56256,20.0
56272,30.0
56304,48.0
56352,14.0
56368,14.0
56464,40.0
56480,46.0
56480,38.0
56480,52.0
56576,17.0
56592,31.0
56624,42.0
56640,18.0
56656,11.0
56672,33.0
56704,14.0
56704,28.0
56720,81.0
56784,50.0
56816,28.0
56832,12.0
56880,18.0
56896,17.0
56928,69.0
56992,33.0
57040,67.0
57056,11.0
57056,17.0
57072,11.0
57072,22.0
57120,12.0
57120,34.0
57136,30.0
57200,45.0
57232,35.0
57280,15.0
57296,29.0
57312,16.0
57328,13.0
57328,66.0
57408,21.0
57472,22.0
57504,27.0
57504,17.0
57504,28.0
57520,14.0
57600,56.0
57616,39.0
57616,18.0
57648,52.0
57664,22.0
57664,33.0
57712,12.0
57712,32.0
57776,11.0
57776,67.0
57904,39.0
57904,36.0
57904,15.0
57920,32.0
57936,14.0
57968,22.0
57984,30.0
57984,32.0
58000,22.0
58032,33.0
58064,25.0
58224,32.0
58272,19.0
58272,22.0
58272,13.0
58336,25.0
58336,27.0
58352,36.0
58368,21.0
58416,40.0
58416,32.0
58432,51.0
58480,31.0
58480,16.0
58480,31.0
58528,16.0
58640,23.0
58704,23.0
58736,20.0
58768,18.0
58768,25.0
58768,18.0
58784,32.0
58784,80.0
58800,20.0
58912,30.0
58912,9.0
58928,10.0
58976,35.0
59008,41.0
59040,32.0
59072,46.0
59072,19.0
59088,74.0
59104,23.0
59216,19.0
59248,17.0
59248,78.0
59264,22.0
59264,39.0
59328,18.0
59344,16.0
59360,41.0
59408,39.0
59408,21.0
59408,30.0
59424,39.0
59472,23.0
59488,14.0
59520,11.0
59536,20.0
59536,33.0
59568,31.0
59568,19.0
59616,18.0
59728,15.0
59776,16.0
59808,64.0
59840,37.0
59936,43.0
59984,36.0
60096,39.0
60112,31.0
60112,21.0
60128,12.0
60128,18.0
60128,48.0
60144,46.0
60192,41.0
60192,13.0
60208,49.0
60256,53.0
60256,43.0
60336,13.0
60368,14.0
60384,16.0
60400,13.0
60432,44.0
60448,21.0
60464,58.0
60480,57.0
60480,17.0
60496,25.0
60560,23.0
60560,19.0
60624,51.0
60656,10.0
60688,15.0
60688,16.0
60688,18.0
60720,15.0
60784,20.0
60800,20.0
60816,35.0
60816,28.0
60848,45.0
60928,15.0
60960,17.0
60976,54.0
61008,20.0
61008,12.0
61040,30.0
61056,17.0
61056,45.0
61072,17.0
61088,17.0
61104,34.0
61200,15.0
61200,30.0
61264,12.0
61280,14.0
61344,21.0
61376,11.0
61408,49.0
61408,35.0
61424,24.0
61456,25.0
61552,73.0
61616,38.0
61648,24.0
61648,12.0
61648,42.0
61664,16.0
61680,25.0
61680,21.0
61696,18.0
61696,65.0
61696,17.0
61760,35.0
61776,10.0
61840,57.0
61840,47.0
61856,47.0
61904,9.0
61920,14.0
61952,18.0
61952,19.0
61984,18.0
62000,22.0
62112,35.0
62144,29.0
62144,29.0
62192,13.0
62192,31.0
62192,34.0
62272,23.0
62352,27.0
62352,25.0
62384,12.0
62400,64.0
62432,15.0
62464,20.0
62480,39.0
62496,19.0
62560,45.0
62592,20.0
62592,15.0
62608,14.0
62624,49.0
62624,53.0
62640,40.0
62656,14.0
62736,39.0
62736,17.0
62736,9.0
62784,24.0
62784,19.0
62816,29.0
62864,57.0
62896,16.0
62928,19.0
62960,14.0
62976,12.0
63008,14.0
63040,26.0
63056,20.0
63136,25.0
63168,32.0
63168,35.0
63248,24.0
63248,12.0
63280,15.0
63280,24.0
63280,20.0
63296,30.0
63312,45.0
63344,13.0
63360,54.0
63408,25.0
63456,11.0
63472,14.0
63488,13.0
63568,63.0
63600,20.0
63664,20.0
63664,43.0
63664,13.0
63712,14.0
63712,19.0
63744,100.0
63760,32.0
63760,25.0
63856,12.0
63872,25.0
63888,37.0
63920,22.0
63936,17.0
63952,15.0
63984,66.0
64016,16.0
64096,11.0
64096,31.0
64096,24.0
64112,28.0
64160,62.0
64160,62.0
64176,54.0
64176,26.0
64208,14.0
64256,25.0
64304,22.0
64368,17.0
64384,23.0
64384,13.0
64400,19.0
64432,11.0
64512,25.0
64512,40.0
64528,37.0
64560,42.0
64704,25.0
64736,14.0
64736,22.0
64736,19.0
64736,13.0
64736,33.0
64752,37.0
64768,13.0
64816,27.0
64848,30.0
64880,45.0
64912,11.0
64976,50.0
64976,15.0
65008,57.0
65024,39.0
65056,15.0
65072,20.0
65152,11.0
65168,27.0
65168,89.0
65216,30.0
65216,44.0
65280,14.0
65296,35.0
65360,24.0
65360,12.0
65376,33.0
65392,11.0
65456,15.0
65488,49.0
65488,38.0
65568,12.0
65568,31.0
65584,51.0
65600,28.0
65648,23.0
65776,24.0
65792,27.0
65808,56.0
65840,42.0
65856,25.0
65952,37.0
65984,13.0
65984,43.0
66000,27.0
66032,63.0
66064,31.0
66064,36.0
66112,20.0
66176,11.0
66192,15.0
66224,12.0
66224,26.0
66352,44.0
66384,13.0
66384,49.0
66416,19.0
66416,58.0
66496,93.0
66512,33.0
66656,17.0
66672,68.0
66720,23.0
66736,55.0
66752,43.0
66768,22.0
66800,38.0
66848,39.0
66912,25.0
66960,29.0
66976,71.0
66992,17.0
66992,58.0
67008,16.0
67136,21.0
67152,31.0
67152,15.0
67152,46.0
67248,25.0
67280,18.0
67280,18.0
67296,39.0
67296,20.0
67328,23.0
67408,25.0
67440,42.0
67520,15.0
67584,21.0
67664,16.0
67712,24.0
67744,85.0
67760,15.0
67776,112.0
67792,40.0
67824,42.0
67840,101.0
67856,45.0
67872,36.0
67920,30.0
68032,81.0
68032,28.0
68032,20.0
68048,48.0
68064,48.0
68064,57.0
68160,20.0
68160,21.0
68208,26.0
68240,13.0
68240,20.0
68272,13.0
68320,36.0
68320,28.0
68320,17.0
68352,37.0
68400,12.0
68416,24.0
68464,27.0
68512,22.0
68528,16.0
68528,29.0
68544,43.0
68592,22.0
68640,18.0
68736,67.0
68880,35.0
68896,16.0
68912,11.0
68960,31.0
68992,47.0
69024,44.0
69040,45.0
69088,12.0
69104,36.0
69136,61.0
69184,48.0
69232,91.0
69264,17.0
69296,12.0
69312,57.0
69328,50.0
69344,29.0
69392,16.0
69440,56.0
69456,31.0
69488,19.0
69568,61.0
69616,69.0
69648,26.0
69680,37.0
69712,28.0
69760,29.0
69760,53.0
69776,46.0
69776,24.0
69792,19.0
69792,30.0
69808,29.0
69872,53.0
69936,20.0
70048,18.0
70160,30.0
70160,28.0
70160,32.0
70176,23.0
70192,26.0
70208,55.0
70240,23.0
70320,35.0
70320,47.0
70352,57.0
70368,12.0
70384,11.0
70400,38.0
70528,46.0
70576,21.0
70608,18.0
70656,29.0
70720,35.0
70832,27.0
70832,49.0
70848,29.0
70880,59.0
70880,45.0
70992,76.0
71024,98.0
71040,20.0
71072,57.0
71104,16.0
71216,21.0
71232,55.0
71232,36.0
71280,57.0
71312,44.0
71328,19.0
71360,23.0
71376,66.0
71456,39.0
71456,55.0
71472,40.0
71488,11.0
71520,62.0
71632,17.0
71632,16.0
71680,13.0
71696,41.0
71808,46.0
71808,22.0
71808,44.0
71808,37.0
71872,24.0
71872,26.0
71888,63.0
71952,45.0
71984,19.0
72048,22.0
72176,19.0
72288,25.0
72304,31.0
72304,27.0
72336,44.0
72352,67.0
72352,34.0
72368,20.0
72384,36.0
72416,74.0
72432,30.0
72512,55.0
72528,9.0
72528,22.0
72560,77.0
72592,67.0
72608,20.0
72688,21.0
72688,55.0
72720,12.0
72736,27.0
72736,24.0
72848,15.0
72864,35.0
72864,28.0
72976,16.0
73024,21.0
73040,44.0
73088,15.0
73104,70.0
73152,37.0
73232,40.0
73248,35.0
73248,55.0
73280,26.0
73312,14.0
73424,43.0
73488,24.0
73504,17.0
73520,15.0
73584,45.0
73584,67.0
73600,54.0
73600,67.0
73616,19.0
73696,11.0
73728,36.0
73728,47.0
73728,44.0
73760,32.0
73840,21.0
73888,91.0
73888,12.0
73904,20.0
73904,54.0
73904,30.0
73936,22.0
74000,25.0
74000,15.0
74128,25.0
74128,32.0
74160,20.0
74192,18.0
74192,18.0
74224,61.0
74272,21.0
74304,19.0
74336,11.0
74368,55.0
74480,37.0
74480,47.0
74512,18.0
74528,25.0
74544,15.0
74576,13.0
74608,45.0
74640,28.0
74656,41.0
74672,59.0
74736,16.0
74736,71.0
74784,15.0
74848,15.0
74864,42.0
74880,61.0
74976,31.0
75088,51.0
75136,38.0
75200,33.0
75216,15.0
75216,21.0
75296,27.0
75296,73.0
75392,34.0
75392,41.0
75408,39.0
75408,17.0
75408,20.0
75472,17.0
75472,46.0
75488,72.0
75504,58.0
75552,65.0
75616,61.0
75648,27.0
75648,22.0
75664,16.0
75680,17.0
75680,18.0
75680,64.0
75808,19.0
75920,32.0
75968,22.0
76080,38.0
76160,42.0
76240,59.0
76256,65.0
76256,28.0
76272,37.0
76304,52.0
76384,26.0
76416,16.0
76432,65.0
76448,23.0
76464,50.0
76496,15.0
76528,55.0
76544,17.0
76608,58.0
76624,67.0
76800,12.0
76848,14.0
76880,75.0
76896,27.0
76896,37.0
76912,24.0
76912,29.0
76944,32.0
76976,83.0
77104,74.0
77120,17.0
77120,55.0
77152,38.0
77184,50.0
77264,20.0
77344,14.0
77376,31.0
77376,55.0
77440,21.0
77536,40.0
77584,13.0
77616,22.0
77616,15.0
77648,47.0
77680,31.0
77776,54.0
77808,41.0
77840,99.0
77856,20.0
77904,62.0
77904,93.0
77920,17.0
77968,53.0
77984,34.0
78016,27.0
78064,16.0
78096,81.0
78144,19.0
78144,18.0
78160,16.0
78272,37.0
78272,18.0
78320,19.0
78320,84.0
78576,19.0
78608,18.0
78640,81.0
78656,24.0
78736,52.0
78736,51.0
78800,64.0
78848,49.0
78864,78.0
78928,38.0
78944,18.0
78960,51.0
78976,55.0
79072,21.0
79072,31.0
79120,94.0
79120,60.0
79152,14.0
79168,19.0
79184,34.0
79184,15.0
79312,22.0
79312,36.0
79424,91.0
79536,87.0
79568,60.0
79664,22.0
79680,33.0
79744,13.0
79744,42.0
79744,39.0
79744,35.0
79760,40.0
79776,13.0
79776,22.0
79792,39.0
79856,34.0
79872,43.0
79904,14.0
79968,62.0
80000,16.0
80016,59.0
80048,12.0
80048,18.0
80160,12.0
80208,29.0
80240,15.0
80256,30.0
80272,33.0
80304,35.0
80368,20.0
80432,17.0
80464,50.0
80464,26.0
80464,12.0
80544,109.0
80592,45.0
80656,22.0
80656,28.0
80672,15.0
80672,48.0
80688,115.0
80688,14.0
80784,20.0
80816,22.0
80848,37.0
80880,14.0
80928,43.0
80960,17.0
81056,25.0
81072,18.0
81104,14.0
81136,37.0
81168,36.0
81328,17.0
81328,12.0
81360,62.0
81360,84.0
81376,99.0
81424,47.0
81504,52.0
81552,46.0
81584,113.0
81584,39.0
81664,31.0
81680,20.0
81712,22.0
81728,14.0
81744,40.0
81792,69.0
81840,29.0
81856,19.0
81920,53.0
81920,31.0
82000,72.0
82048,23.0
82064,20.0
82112,33.0
82160,15.0
82208,31.0
82272,14.0
82320,25.0
82352,31.0
82352,22.0
82432,94.0
82528,46.0
82528,75.0
82560,31.0
82608,18.0
82624,12.0
82624,29.0
82688,30.0
82704,61.0
82704,65.0
82720,87.0
82768,74.0
82848,63.0
82992,18.0
83040,32.0
83056,27.0
83056,59.0
83056,44.0
83072,32.0
83072,50.0
83152,29.0
83280,14.0
83280,27.0
83296,14.0
83344,46.0
83344,17.0
83472,47.0
83504,50.0
83504,61.0
83520,33.0
83600,52.0
83616,79.0
83632,30.0
83696,67.0
83712,23.0
83712,13.0
83728,42.0
83760,16.0
83792,47.0
83808,18.0
83872,37.0
83920,13.0
83952,21.0
83952,20.0
83968,57.0
83984,17.0
84016,13.0
84064,49.0
84144,24.0
84144,12.0
84176,44.0
84176,19.0
84224,27.0
84240,56.0
84272,19.0
84304,38.0
84352,25.0
84368,67.0
84384,25.0
84416,25.0
84432,12.0
84448,45.0
84496,17.0
84528,38.0
84528,24.0
84544,59.0
84576,25.0
84624,17.0
84624,11.0
84704,27.0
84768,37.0
84800,31.0
84816,25.0
84864,18.0
84880,31.0
84928,25.0
84944,50.0
85024,10.0
85024,13.0
85056,18.0
85136,21.0
85136,38.0
85184,40.0
85216,45.0
85248,55.0
85312,55.0
85344,80.0
85376,47.0
85376,42.0
85440,32.0
85488,29.0
85568,27.0
85584,60.0
85632,43.0
85696,30.0
85712,41.0
85728,18.0
85760,12.0
85808,42.0
85824,32.0
85856,38.0
85920,12.0
86064,36.0
86112,46.0
86160,19.0
86192,35.0
86192,63.0
86192,53.0
86208,74.0
86208,83.0
86288,37.0
86368,34.0
86384,39.0
86384,29.0
86384,14.0
86416,44.0
86496,70.0
86512,25.0
86592,63.0
86656,17.0
86720,41.0
86768,30.0
86800,13.0
86848,40.0
86880,43.0
86896,44.0
86912,12.0
86960,47.0
86976,38.0
86992,50.0
87184,21.0
87184,18.0
87232,36.0
87232,53.0
87280,54.0
87328,26.0
87360,53.0
87440,13.0
87456,43.0
87472,12.0
87504,32.0
87568,24.0
87632,52.0
87648,43.0
87696,75.0
87712,119.0
87728,23.0
87728,18.0
87744,85.0
87856,39.0
87920,22.0
87936,18.0
88000,64.0
88000,42.0
88032,72.0
88064,35.0
88064,38.0
88128,25.0
88128,41.0
88176,34.0
88208,32.0
88224,30.0
88288,27.0
88304,15.0
88336,26.0
88416,15.0
88416,18.0
88416,77.0
88416,44.0
88432,25.0
88448,24.0
88496,18.0
88592,10.0
88656,58.0
88704,18.0
88800,32.0
88816,55.0
88816,14.0
88832,26.0
88912,49.0
88912,31.0
88928,58.0
88928,39.0
88976,17.0
89024,13.0
89024,38.0
89056,16.0
89104,69.0
89168,52.0
89184,46.0
89232,46.0
89232,26.0
89264,38.0
89280,66.0
89344,18.0
89392,23.0
89392,26.0
89504,17.0
89520,38.0
89616,17.0
89680,28.0
89728,39.0
89744,52.0
89760,37.0
89760,52.0
89776,53.0
89776,37.0
89792,25.0
89872,22.0
89888,66.0
89936,57.0
89968,18.0
90032,16.0
90032,17.0
90112,38.0
90160,34.0
90160,26.0
90176,25.0
90192,50.0
90224,27.0
90320,65.0
90336,36.0
90368,69.0
90432,13.0
90560,23.0
90624,37.0
90672,49.0
90672,59.0
90688,33.0
90688,16.0
90704,34.0
90736,44.0
90784,57.0
90816,40.0
90896,35.0
90912,14.0
90928,38.0
90944,61.0
90992,66.0
91040,14.0
91072,21.0
91152,30.0
91168,50.0
91168,24.0
91184,32.0
91200,19.0
91392,28.0
91392,29.0
91488,31.0
91568,23.0
91632,35.0
91648,31.0
91664,97.0
91792,68.0
91840,58.0
91856,13.0
91920,81.0
91952,48.0
92048,24.0
92128,98.0
92144,12.0
92144,36.0
92144,47.0
92144,32.0
92272,99.0
92288,50.0
92288,78.0
92320,29.0
92352,60.0
92368,75.0
92368,14.0
92384,34.0
92432,32.0
92448,10.0
92528,46.0
92544,31.0
92560,26.0
92560,27.0
92560,12.0
92576,18.0
92608,90.0
92640,18.0
92672,33.0
92800,41.0
92816,17.0
92832,24.0
92832,14.0
92848,29.0
92880,20.0
92880,35.0
92928,23.0
92928,31.0
92928,25.0
93008,28.0
93008,13.0
93104,46.0
93184,16.0
93216,36.0
93248,26.0
93248,42.0
93344,29.0
93392,32.0
93408,19.0
93408,46.0
93424,36.0
93440,27.0
93568,40.0
93600,49.0
93696,22.0
93712,29.0
93728,91.0
93744,22.0
93776,35.0
93872,39.0
93872,59.0
93888,28.0
93952,13.0
94048,22.0
94096,57.0
94256,23.0
94272,42.0
94288,36.0
94320,28.0
94384,60.0
94464,66.0
94480,67.0
94496,14.0
94544,31.0
94544,42.0
94576,53.0
94592,64.0
94800,44.0
94800,30.0
94800,112.0
94800,53.0
94816,27.0
94816,65.0
94832,15.0
94880,128.0
94928,40.0
95008,34.0
95008,12.0
95024,33.0
95040,13.0
95120,20.0
95168,43.0
95200,17.0
95232,14.0
95280,44.0
95328,13.0
95376,36.0
95376,70.0
95408,38.0
95408,54.0
95408,23.0
95440,35.0
95504,14.0
95536,19.0
95600,66.0
95632,14.0
95664,40.0
95712,57.0
95728,33.0
95776,23.0
95792,39.0
95872,21.0
95936,33.0
95984,61.0
96032,33.0
96064,46.0
96080,26.0
96160,49.0
96160,23.0
96192,16.0
96192,35.0
96224,49.0
96256,41.0
96272,34.0
96272,18.0
96304,93.0
96384,38.0
96432,25.0
96448,16.0
96464,19.0
96464,17.0
96480,26.0
96576,75.0
96592,18.0
96640,26.0
96672,37.0
96736,54.0
96784,20.0
96800,21.0
96832,35.0
96880,38.0
96880,73.0
96880,39.0
96944,35.0
97024,27.0
97024,54.0
97040,16.0
97168,21.0
97200,20.0
97200,29.0
97200,48.0
97200,39.0
97264,51.0
97328,53.0
97392,47.0
97408,46.0
97456,27.0
97472,27.0
97472,42.0
97472,13.0
97504,39.0
97568,23.0
97680,13.0
97712,32.0
97712,32.0
97728,16.0
97760,12.0
97760,37.0
97776,23.0
97776,17.0
97808,54.0
97824,31.0
97824,23.0
97920,56.0
97984,49.0
98016,19.0
98064,37.0
98128,19.0
98128,26.0
98256,33.0
98256,31.0
98272,16.0
98272,31.0
98288,32.0
98352,23.0
98448,39.0
98448,11.0
98448,33.0
98480,22.0
98560,55.0
98624,51.0
98704,82.0
98736,18.0
98736,28.0
98736,11.0
98784,45.0
98832,24.0
98880,33.0
98896,40.0
98928,128.0
99008,35.0
99024,34.0
99088,22.0
99088,10.0
99136,63.0
99136,25.0
99184,25.0
99264,62.0
99328,19.0
99344,68.0
99376,31.0
99408,44.0
99456,23.0
99472,40.0
99488,19.0
99536,25.0
99568,113.0
99568,59.0
99776,43.0
99792,14.0
99792,16.0
99808,42.0
99856,23.0
99872,31.0
99936,23.0
99952,59.0
100016,35.0
100032,14.0
100048,36.0
100064,12.0
100080,42.0
100144,78.0
100144,22.0
100160,52.0
100256,62.0
100304,15.0
100368,36.0
100384,27.0
100416,21.0
100496,29.0
100592,46.0
100592,34.0
100624,118.0
100624,13.0
100656,22.0
100784,25.0
100800,13.0
100816,55.0
100816,14.0
100864,44.0
100960,59.0
101040,49.0
101088,14.0
101104,46.0
101120,29.0
101168,42.0
101184,23.0
101216,37.0
101232,38.0
101312,31.0
101456,82.0
101472,106.0
101472,18.0
101488,28.0
101552,37.0
101568,48.0
101648,94.0
101664,12.0
101680,32.0
101744,27.0
101744,150.0
101760,61.0
101840,47.0
101936,16.0
102032,34.0
102048,59.0
102064,26.0
102080,21.0
102160,14.0
102160,31.0
102160,65.0
102352,56.0
102352,19.0
102368,13.0
102384,57.0
102384,72.0
102400,52.0
102400,40.0
102416,42.0
102464,39.0
102560,84.0
102576,12.0
102592,15.0
102672,32.0
102672,37.0
102736,23.0
102800,48.0
102848,16.0
102848,81.0
102880,29.0
102912,32.0
102912,47.0
102976,26.0
103168,12.0
103200,51.0
103248,21.0
103264,33.0
103328,79.0
103344,42.0
103376,61.0
103408,38.0
103456,36.0
103488,64.0
103520,22.0
103520,42.0
103600,47.0
103616,65.0
103696,64.0
103776,16.0
103792,34.0
103840,32.0
103856,94.0
103856,59.0
103888,43.0
103904,33.0
103920,19.0
103984,45.0
104048,37.0
104048,12.0
104080,46.0
104112,21.0
104208,50.0
104256,48.0
104256,13.0
104256,26.0
104256,9.0
104272,18.0
104272,36.0
104288,13.0
104384,49.0
104400,32.0
104496,14.0
104496,61.0
104512,16.0
104544,40.0
104560,19.0
104592,19.0
104608,25.0
104656,16.0
104752,56.0
104752,16.0
104784,25.0
104800,15.0
104832,11.0
104832,20.0
104864,59.0
104896,53.0
104960,44.0
105056,35.0
105232,40.0
105232,39.0
105280,64.0
105472,105.0
105488,33.0
105536,19.0
105552,50.0
105616,21.0
105664,50.0
105712,55.0
105760,33.0
105808,79.0
105840,49.0
105856,69.0
105888,62.0
105936,24.0
106016,30.0
106048,111.0
106160,85.0
106192,36.0
106208,23.0
106224,23.0
106240,27.0
106256,49.0
106288,25.0
106304,18.0
106320,96.0
106368,41.0
106432,100.0
106528,65.0
106528,13.0
106576,22.0
106576,26.0
106624,23.0
106640,55.0
106672,63.0
106704,41.0
106720,26.0
106800,32.0
106816,39.0
106880,13.0
106928,19.0
106992,47.0
107024,19.0
107120,57.0
107152,32.0
107216,53.0
107216,49.0
107232,13.0
107248,82.0
107280,47.0
107312,12.0
107328,32.0
107392,32.0
107408,52.0
107424,13.0
107552,61.0
107552,53.0
107616,51.0
107632,25.0
107632,44.0
107648,16.0
107728,28.0
107744,27.0
107776,10.0
107920,44.0
107968,21.0
108016,38.0
108096,29.0
108144,37.0
108144,62.0
108160,102.0
108176,13.0
108192,48.0
108272,59.0
108288,81.0
108288,34.0
108352,13.0
108480,58.0
108496,53.0
108656,29.0
108704,22.0
108704,49.0
108720,28.0
108752,29.0
108768,42.0
108816,98.0
108880,37.0
108912,46.0
108976,75.0
108976,31.0
108976,60.0
109040,82.0
109104,25.0
109120,61.0
109152,27.0
109200,44.0
109248,31.0
109280,11.0
109344,43.0
109376,31.0
109440,25.0
109488,83.0
109520,15.0
109520,38.0
109616,40.0
109632,54.0
109680,15.0
109712,12.0
109792,37.0
109808,41.0
109824,30.0
109840,71.0
109920,69.0
109936,20.0
110016,40.0
110032,32.0
110048,14.0
110096,19.0
110096,70.0
110112,71.0
110112,39.0
110208,60.0
110224,32.0
110240,70.0
110304,29.0
110352,15.0
110352,16.0
110416,12.0
110448,15.0
110560,40.0
110576,48.0
110576,29.0
110608,16.0
110672,62.0
110688,66.0
110736,44.0
110784,27.0
110816,45.0
110848,50.0
110896,55.0
111024,28.0
111072,25.0
111088,72.0
111104,23.0
111200,37.0
111200,32.0
111296,14.0
111296,32.0
111328,64.0
111328,27.0
111344,31.0
111392,52.0
111424,38.0
111472,24.0
111568,83.0
111680,24.0
111712,71.0
111776,36.0
111792,25.0
111808,29.0
111824,33.0
111840,89.0
111872,34.0
111936,23.0
111984,17.0
112016,14.0
112032,99.0
112048,14.0
112080,17.0
112096,39.0
112128,22.0
112176,61.0
112240,13.0
112288,13.0
112304,29.0
112384,80.0
112464,90.0
112512,26.0
112544,31.0
112576,72.0
112608,80.0
112704,43.0
112736,54.0
112768,68.0
112784,34.0
112800,39.0
112816,52.0
112832,34.0
112848,29.0
112880,36.0
112976,17.0
112976,23.0
113024,18.0
113104,18.0
113104,73.0
113104,37.0
113168,37.0
113200,25.0
113216,42.0
113280,32.0
113312,53.0
113360,36.0
113376,25.0
113424,16.0
113488,85.0
113520,31.0
113680,36.0
113696,26.0
113760,34.0
113776,58.0
113792,57.0
113824,45.0
113840,29.0
113872,48.0
113888,57.0
113920,68.0
113920,35.0
114080,37.0
114112,37.0
114192,23.0
114240,58.0
114240,30.0
114240,51.0
114256,29.0
114368,33.0
114480,15.0
114512,16.0
114528,83.0
114544,53.0
114560,49.0
114560,55.0
114624,34.0
114736,12.0
114752,52.0
114784,37.0
114800,35.0
114880,20.0
114912,62.0
114928,28.0
115024,71.0
115104,37.0
115120,15.0
115168,40.0
115184,25.0
115232,27.0
115248,32.0
115280,45.0
115344,61.0
115392,72.0
115536,32.0
115568,29.0
115584,42.0
115616,94.0
115680,28.0
115696,48.0
115744,39.0
115760,30.0
115776,64.0
115840,16.0
115920,128.0
115936,48.0
115984,23.0
116128,55.0
116176,38.0
116208,32.0
116256,36.0
116288,59.0
116304,57.0
116368,27.0
116464,58.0
116480,44.0
116640,45.0
116688,44.0
116704,130.0
116784,30.0
116832,12.0
116832,68.0
116848,45.0
116864,69.0
116880,11.0
116928,68.0
116928,47.0
117104,26.0
117104,14.0
117152,14.0
117216,24.0
117232,59.0
117248,129.0
117280,11.0
117328,60.0
117328,25.0
117360,13.0
117392,34.0
117408,75.0
117440,14.0
117456,39.0
117600,84.0
117648,49.0
117680,20.0
117696,77.0
117712,58.0
117792,22.0
117808,30.0
117856,86.0
117904,36.0
117920,13.0
118016,38.0
118032,36.0
118080,61.0
118096,51.0
118096,53.0
118144,57.0
118240,14.0
118272,11.0
118336,34.0
118400,47.0
118416,45.0
118448,48.0
118544,72.0
118592,49.0
118592,32.0
118704,19.0
118784,21.0
118784,55.0
118816,14.0
118816,45.0
118832,37.0
118896,35.0
118912,55.0
118960,85.0
119024,47.0
119024,13.0
119056,15.0
119088,12.0
119136,45.0
119168,39.0
119200,66.0
119312,38.0
119344,16.0
119440,30.0
119456,39.0
119472,43.0
119488,29.0
119504,57.0
119568,14.0
119648,21.0
119664,13.0
119680,114.0
119696,42.0
119728,51.0
119744,114.0
119824,11.0
119840,49.0
119856,45.0
119952,18.0
119968,50.0
120064,36.0
120096,37.0
120096,17.0
120128,41.0
120192,22.0
120192,47.0
120208,32.0
120256,18.0
120384,12.0
120400,17.0
120400,101.0
120416,20.0
120448,45.0
120448,15.0
120496,25.0
120496,81.0
120608,58.0
120864,50.0
120912,84.0
120992,31.0
120992,37.0
121024,80.0
121024,40.0
121056,38.0
121216,85.0
121232,80.0
121232,39.0
121232,46.0
121344,27.0
121408,63.0
121424,35.0
121424,27.0
121504,82.0
121536,19.0
121600,74.0
121696,78.0
121712,41.0
121712,91.0
121760,26.0
121776,47.0
121872,29.0
121904,57.0
121936,21.0
122032,31.0
122080,11.0
122112,56.0
122224,75.0
122240,23.0
122256,47.0
122304,67.0
122304,55.0
122384,72.0
122448,21.0
122464,65.0
122512,50.0
122624,54.0
122672,46.0
122688,57.0
122688,15.0
122768,33.0
122864,25.0
122880,41.0
122960,79.0
122960,36.0
122976,19.0
123072,51.0
123088,86.0
123200,70.0
123264,25.0
123264,77.0
123280,48.0
123376,43.0
123392,48.0
123440,71.0
123456,72.0
123536,41.0
123536,36.0
123552,22.0
123616,22.0
123648,24.0
123680,25.0
123744,61.0
123840,24.0
123888,31.0
123952,62.0
124000,57.0
124032,31.0
124096,35.0
124128,30.0
124128,66.0
124160,74.0
124240,97.0
124368,58.0
124400,45.0
124416,18.0
124464,23.0
124560,33.0
124560,59.0
124560,42.0
124576,11.0
124656,33.0
124720,45.0
124768,58.0
124784,14.0
124800,53.0
124848,81.0
124848,27.0
124880,20.0
125120,55.0
125152,36.0
125296,33.0
125328,13.0
125328,34.0
125328,30.0
125376,33.0
125424,128.0
125456,56.0
125472,51.0
125584,16.0
125600,116.0
125680,55.0
125776,88.0
125776,20.0
125840,86.0
126016,43.0
126016,45.0
126128,47.0
126176,21.0
126240,40.0
126256,42.0
126256,58.0
126304,89.0
126320,53.0
126320,135.0
126336,35.0
126544,87.0
126544,14.0
126576,35.0
126576,72.0
126592,18.0
126640,29.0
126640,120.0
126640,39.0
126672,34.0
126720,30.0
126928,78.0
126992,46.0
127008,43.0
127008,27.0
127056,21.0
127072,25.0
127104,29.0
127184,34.0
127264,45.0
127264,42.0
127280,40.0
127328,62.0
127360,22.0
127408,102.0
127424,31.0
127440,11.0
127536,33.0
127664,19.0
127680,22.0
127760,41.0
127760,31.0
127776,77.0
127808,46.0
127824,40.0
127904,30.0
127968,27.0
127984,108.0
127984,44.0
128000,12.0
128048,38.0
128176,13.0
128208,72.0
128240,35.0
128272,80.0
128288,18.0
128352,59.0
128400,46.0
128400,26.0
128416,41.0
128464,30.0
128480,44.0
128544,23.0
128560,13.0
128672,27.0
128688,25.0
128720,60.0
128752,22.0
128768,59.0
128896,31.0
129024,17.0
129040,154.0
129040,39.0
129040,23.0
129104,21.0
129104,52.0
129120,40.0
129120,57.0
129216,11.0
129360,91.0
129360,40.0
129440,87.0
129488,24.0
129536,26.0
129552,62.0
129600,44.0
129600,66.0
129632,38.0
129696,21.0
129696,30.0
129728,65.0
129792,15.0
129904,13.0
129920,30.0
129952,20.0
129984,28.0
130112,24.0
130128,11.0
130144,22.0
130160,29.0
130192,37.0
130240,55.0
130288,43.0
130288,9.0
130336,26.0
130352,118.0
130432,59.0
130448,29.0
130512,88.0
130528,21.0
130608,98.0
130608,30.0
130640,18.0
130672,97.0
130752,15.0
130912,30.0
130912,117.0
130976,43.0
130992,68.0
131024,57.0
131040,55.0
131072,27.0
131184,36.0
131200,13.0
131248,57.0
131264,15.0
131296,48.0
131328,45.0
131440,62.0
131440,33.0
131504,47.0
131520,12.0
131520,80.0
131552,22.0
131616,11.0
131728,34.0
131760,45.0
131776,93.0
131808,23.0
131808,56.0
131840,54.0
131904,41.0
131920,10.0
131952,21.0
131984,29.0
131984,82.0
132000,44.0
132032,14.0
132032,33.0
132160,40.0
132192,70.0
132272,29.0
132272,18.0
132304,25.0
132368,26.0
132400,13.0
132416,72.0
132416,27.0
132528,47.0
132528,61.0
132544,15.0
132656,58.0
132704,54.0
132720,28.0
132832,29.0
132880,45.0
132896,54.0
132928,41.0
132992,36.0
133072,22.0
133088,34.0
133136,27.0
133136,71.0
133152,70.0
133152,31.0
133168,18.0
133328,50.0
133392,61.0
133408,93.0
133424,33.0
133536,44.0
133568,73.0
133632,69.0
133648,32.0
133664,37.0
133760,27.0
133824,26.0
133920,33.0
133952,51.0
133968,34.0
134048,70.0
134128,35.0
134144,12.0
134192,14.0
134256,73.0
134256,31.0
134288,81.0
134304,72.0
134368,52.0
134416,49.0
134416,47.0
134432,32.0
134464,26.0
134608,90.0
134624,50.0
134672,26.0
134768,30.0
134784,23.0
134848,41.0
134864,38.0
134976,13.0
135008,116.0
135056,58.0
135088,29.0
135200,97.0
135200,12.0
135280,42.0
135280,53.0
135312,33.0
135424,60.0
135440,67.0
135456,82.0
135456,23.0
135536,35.0
135552,43.0
135552,44.0
135600,18.0
135648,77.0
135664,15.0
135680,30.0
135712,32.0
135792,46.0
135808,16.0
135824,34.0
135856,13.0
135872,20.0
135872,98.0
135952,31.0
136080,18.0
136144,17.0
136160,44.0
136208,16.0
136224,25.0
136224,35.0
136240,60.0
136256,99.0
136288,38.0
136336,30.0
136336,46.0
136384,11.0
136448,40.0
136480,38.0
136480,65.0
136704,29.0
136720,15.0
136768,39.0
136848,48.0
136864,83.0
136864,40.0
136880,34.0
136896,32.0
136928,14.0
136928,40.0
136976,31.0
137008,53.0
137040,51.0
137136,13.0
137264,58.0
137280,22.0
137296,28.0
137312,100.0
137376,70.0
137440,29.0
137472,38.0
137584,36.0
137616,45.0
137632,31.0
137712,79.0
137712,59.0
137776,12.0
137776,29.0
137808,34.0
137808,33.0
137888,63.0
137936,56.0
137936,67.0
137968,12.0
138064,27.0
138096,45.0
138160,90.0
138240,11.0
138432,31.0
138432,71.0
138576,38.0
138576,60.0
138608,50.0
138608,50.0
138624,53.0
138640,73.0
138672,46.0
138720,30.0
138736,64.0
138800,23.0
138912,30.0
138976,68.0
138992,26.0
139088,18.0
139120,24.0
139232,67.0
139248,96.0
139296,13.0
139296,39.0
139328,44.0
139328,38.0
139360,15.0
139376,24.0
139392,122.0
139408,82.0
139440,33.0
139472,31.0
139632,62.0
139744,23.0
139760,33.0
139856,33.0
139872,36.0
139872,27.0
139888,80.0
139904,31.0
139920,82.0
139936,36.0
139952,30.0
140064,42.0
140112,54.0
140128,14.0
140144,53.0
140192,35.0
140208,102.0
140288,25.0
140304,12.0
140320,36.0
140368,28.0
140368,19.0
140512,40.0
140528,14.0
140544,42.0
140624,54.0
140640,32.0
140640,44.0
140704,53.0
140704,11.0
140816,28.0
140832,94.0
140864,41.0
140880,58.0
140912,17.0
140944,15.0
140976,52.0
140992,11.0
141024,52.0
141136,37.0
141184,51.0
141232,33.0
141248,46.0
141264,59.0
141360,30.0
141376,25.0
141408,70.0
141424,32.0
141488,54.0
141520,24.0
141568,58.0
141632,50.0
141696,32.0
141712,45.0
141760,32.0
141792,48.0
141792,14.0
141840,29.0
141840,13.0
141920,13.0
141920,31.0
141936,62.0
141968,69.0
141968,38.0
141984,31.0
142128,56.0
142144,55.0
142240,16.0
142272,19.0
142320,25.0
142320,50.0
142336,36.0
142336,40.0
142384,16.0
142512,42.0
142528,38.0
142528,70.0
142560,26.0
142560,48.0
142624,19.0
142624,49.0
142736,11.0
142752,60.0
142768,31.0
142832,54.0
142960,25.0
142992,42.0
142992,47.0
143040,41.0
143056,33.0
143072,28.0
143152,51.0
143232,81.0
143232,15.0
143328,31.0
143360,25.0
143440,28.0
143456,43.0
143488,28.0
143568,59.0
143584,22.0
143648,71.0
143696,29.0
143712,74.0
143760,89.0
144032,17.0
144032,61.0
144032,28.0
144048,82.0
144112,85.0
144128,40.0
144128,48.0
144128,43.0
144224,12.0
144224,56.0
144272,14.0
144288,10.0
144352,49.0
144352,20.0
144384,17.0
144384,42.0
144448,47.0
144448,50.0
144544,20.0
144560,88.0
144656,27.0
144768,26.0
144816,33.0
144816,16.0
144864,13.0
144896,90.0
144912,49.0
145088,14.0
145104,13.0
145120,42.0
145216,134.0
145264,55.0
145344,62.0
145344,16.0
145376,52.0
145424,87.0
145440,33.0
145664,35.0
145680,81.0
145680,54.0
145712,56.0
145712,31.0
145824,97.0
145856,12.0
145856,68.0
145856,46.0
145936,113.0
146000,46.0
146016,21.0
146112,104.0
146128,12.0
146160,49.0
146272,58.0
146352,42.0
146400,66.0
146416,35.0
146512,32.0
146608,56.0
146608,21.0
146688,54.0
146704,53.0
146736,20.0
146768,47.0
146784,24.0
146848,71.0
146880,48.0
146912,14.0
146912,93.0
146944,94.0
146960,69.0
147040,12.0
147072,29.0
147104,61.0
147120,60.0
147136,39.0
147136,22.0
147168,35.0
147312,25.0
147328,24.0
147344,11.0
147376,64.0
147440,46.0
147472,32.0
147504,24.0
147536,29.0
147552,40.0
147568,27.0
147584,13.0
147584,51.0
147600,29.0
147632,18.0
147696,37.0
147760,64.0
147888,28.0
147936,39.0
147936,27.0
148000,29.0
148080,47.0
148144,28.0
148192,12.0
148304,45.0
148352,55.0
148400,48.0
148416,21.0
148448,56.0
148448,98.0
148496,35.0
148496,56.0
148544,41.0
148608,64.0
148608,13.0
148672,69.0
148672,46.0
148672,11.0
148832,33.0
148864,23.0
149056,38.0
149104,31.0
149120,48.0
149184,32.0
149200,63.0
149232,92.0
149248,69.0
149280,54.0
149360,16.0
149376,52.0
149408,148.0
149504,52.0
149600,23.0
149680,27.0
149728,42.0
149728,33.0
149808,27.0
149872,47.0
149888,18.0
149936,79.0
150000,51.0
150032,89.0
150080,102.0
150112,44.0
150112,24.0
150160,18.0
150224,59.0
150352,26.0
150432,20.0
150464,100.0
150512,27.0
150512,10.0
150720,52.0
150736,63.0
150752,15.0
150768,68.0
150816,82.0
150848,93.0
150928,48.0
150944,52.0
150960,12.0
150960,46.0
151008,61.0
151056,21.0
151184,42.0
151184,45.0
151280,53.0
151328,23.0
151360,158.0
151392,24.0
151392,13.0
151408,30.0
151472,41.0
151472,45.0
151552,109.0
151664,17.0
151712,61.0
151728,108.0
151728,25.0
151792,52.0
151872,43.0
151936,68.0
152000,59.0
152016,67.0
152016,18.0
152064,41.0
152112,52.0
152144,27.0
152160,48.0
152160,14.0
152288,58.0
152288,51.0
152336,21.0
152384,41.0
152432,17.0
152560,63.0
152656,49.0
152656,14.0
152672,32.0
152688,64.0
152720,36.0
152736,25.0
152752,23.0
152864,47.0
152912,70.0
152960,59.0
152992,27.0
152992,44.0
153040,11.0
153040,22.0
153072,49.0
153088,26.0
153136,25.0
153152,12.0
153216,72.0
153232,36.0
153328,116.0
153376,19.0
153392,11.0
153392,46.0
153408,23.0
153408,87.0
153440,28.0
153488,46.0
153568,36.0
153600,55.0
153600,12.0
153616,11.0
153632,34.0
153648,38.0
153760,39.0
153792,29.0
153808,26.0
153824,14.0
153904,26.0
153984,36.0
154000,53.0
154096,31.0
154112,75.0
154208,14.0
154224,14.0
154224,53.0
154272,11.0
154432,54.0
154464,42.0
154480,42.0
154496,69.0
154512,47.0
154560,46.0
154640,33.0
154656,89.0
154864,76.0
154912,27.0
154944,32.0
154960,31.0
154992,49.0
155120,94.0
155120,53.0
155120,56.0
155312,12.0
155344,70.0
155344,107.0
155376,92.0
155392,56.0
155456,56.0
155504,34.0
155520,36.0
155568,28.0
155616,31.0
155648,46.0
155760,56.0
155792,18.0
155792,30.0
155808,73.0
155856,25.0
155904,57.0
155952,38.0
155968,82.0
155968,13.0
156000,22.0
156080,35.0
156192,12.0
156224,41.0
156256,29.0
156256,54.0
156256,18.0
156272,29.0
156288,57.0
156336,24.0
156384,117.0
156448,23.0
156480,32.0
156496,15.0
156544,16.0
156640,24.0
156672,11.0
156704,50.0
156736,55.0
156784,19.0
156864,67.0
156912,15.0
156960,43.0
156976,37.0
156992,103.0
157008,49.0
157040,89.0
157120,54.0
157248,50.0
157264,30.0
157296,47.0
157392,30.0
157392,33.0
157408,26.0
157504,50.0
157520,55.0
157552,32.0
157600,30.0
157616,22.0
157648,25.0
157664,16.0
157680,84.0
157776,24.0
157808,26.0
157824,17.0
157856,56.0
157856,53.0
158064,18.0
158096,36.0
158176,33.0
158192,43.0
158208,22.0
158224,38.0
158272,96.0
158272,29.0
158304,132.0
158480,16.0
158480,55.0
158512,52.0
158576,30.0
158576,23.0
158608,59.0
158624,27.0
158624,28.0
158640,23.0
158656,105.0
158832,63.0
158864,37.0
158928,28.0
158960,24.0
159008,31.0
159104,78.0
159120,32.0
159152,53.0
159216,24.0
159280,50.0
159328,42.0
159344,45.0
159360,31.0
159376,82.0
159520,35.0
159536,60.0
159648,27.0
159648,19.0
159664,35.0
159680,47.0
159824,42.0
159840,76.0
159856,20.0
159856,33.0
159952,42.0
159968,83.0
159984,168.0
160096,61.0
160096,26.0
160096,28.0
160128,30.0
160128,18.0
160256,78.0
160272,19.0
160320,60.0
160352,43.0
160480,69.0
160512,35.0
160512,33.0
160512,41.0
160528,27.0
160592,29.0
160688,37.0
160752,56.0
160768,40.0
160976,28.0
160976,29.0
161008,43.0
161056,60.0
161072,35.0
161088,79.0
161088,46.0
161136,23.0
161152,42.0
161152,25.0
161168,41.0
161264,11.0
161264,62.0
161312,45.0
161312,14.0
161344,114.0
161392,44.0
161456,30.0
161488,21.0
161536,30.0
161648,42.0
161696,33.0
161696,90.0
161808,31.0
161840,22.0
161872,14.0
161920,48.0
161968,52.0
162064,33.0
162064,66.0
162128,54.0
162144,50.0
162144,28.0
162160,44.0
162224,26.0
162272,22.0
162304,57.0
162336,17.0
162352,80.0
162432,70.0
162432,37.0
162448,19.0
162528,23.0
162544,12.0
162560,18.0
162592,18.0
162656,43.0
162672,15.0
162720,36.0
162736,92.0
162736,32.0
162784,28.0
162784,21.0
162896,21.0
162896,19.0
162912,53.0
162992,54.0
163008,30.0
163072,86.0
163168,11.0
163232,14.0
163232,35.0
163248,37.0
163296,35.0
163328,16.0
163360,93.0
163392,41.0
163504,49.0
163504,45.0
163520,61.0
163600,13.0
163632,25.0
163632,29.0
163664,55.0
163696,11.0
163728,51.0
163792,35.0
163792,85.0
163840,21.0
163920,39.0
163936,65.0
163984,39.0
164096,29.0
164096,75.0
164192,54.0
164208,26.0
164208,23.0
164288,31.0
164304,13.0
164320,43.0
164352,41.0
164464,50.0
164464,34.0
164496,25.0
164592,68.0
164672,29.0
164704,48.0
164704,24.0
164736,47.0
164800,75.0
164816,98.0
164912,15.0
164960,38.0
165040,53.0
165104,38.0
165152,43.0
165200,46.0
165232,31.0
165248,27.0
165280,61.0
165328,46.0
165328,65.0
165344,101.0
165408,75.0
165472,27.0
165488,24.0
165504,44.0
165600,40.0
165680,61.0
165776,28.0
165776,36.0
165904,75.0
165920,36.0
166000,33.0
166064,41.0
166080,25.0
166096,59.0
166096,38.0
166128,50.0
166192,17.0
166192,60.0
166256,47.0
166336,89.0
166336,68.0
166336,46.0
166368,11.0
166368,37.0
166528,21.0
166576,32.0
166608,52.0
166640,24.0
166880,32.0
166896,33.0
166912,17.0
166960,39.0
167072,59.0
167104,48.0
167152,78.0
167312,27.0
167344,78.0
167392,66.0
167472,137.0
167488,55.0
167520,62.0
167568,42.0
167568,92.0
167600,31.0
167728,26.0
167776,75.0
167808,29.0
167904,52.0
167936,64.0
167952,117.0
168000,33.0
168000,65.0
168032,34.0
168096,44.0
168128,38.0
168144,34.0
168256,28.0
168288,71.0
168288,24.0
168304,46.0
168320,145.0
168368,23.0
168368,40.0
168640,22.0
168640,43.0
168640,31.0
168656,39.0
168688,27.0
168752,74.0
168784,26.0
168848,12.0
169024,56.0
169088,49.0
169120,64.0
169120,47.0
169136,85.0
169264,79.0
169296,38.0
169376,68.0
169376,39.0
169392,38.0
169440,94.0
169472,52.0
169472,22.0
169504,74.0
169552,27.0
169584,35.0
169600,47.0
169632,62.0
169712,67.0
169888,39.0
169920,28.0
169952,51.0
169984,25.0
170000,25.0
170016,36.0
170080,62.0
170096,45.0
170096,44.0
170352,61.0
170368,30.0
170384,25.0
170544,39.0
170576,30.0
170592,65.0
170656,44.0
170656,35.0
170688,61.0
170688,38.0
170720,76.0
170736,90.0
170800,16.0
170816,15.0
170816,50.0
170832,75.0
170864,31.0
171072,26.0
171088,23.0
171120,46.0
171152,26.0
171168,30.0
171232,55.0
171296,30.0
171296,40.0
171296,31.0
171312,30.0
171408,34.0
171424,89.0
171440,123.0
171472,41.0
171568,61.0
171600,19.0
171600,28.0
171760,29.0
171792,45.0
171872,74.0
171904,19.0
171904,31.0
171920,31.0
171936,40.0
171952,52.0
171968,46.0
172128,33.0
172176,15.0
172176,24.0
172208,19.0
172224,71.0
172240,50.0
172304,34.0
172416,32.0
172416,29.0
172496,36.0
172544,19.0
172592,11.0
172656,49.0
172704,33.0
172736,33.0
172736,89.0
172752,80.0
172848,80.0
172880,29.0
172896,58.0
172976,15.0
173040,28.0
173056,55.0
173152,124.0
173184,66.0
173232,31.0
173280,36.0
173344,31.0
173376,72.0
173504,22.0
173504,53.0
173504,20.0
173584,15.0
173600,69.0
173616,45.0
173728,28.0
173808,48.0
173824,67.0
173904,58.0
173984,105.0
174080,75.0
174096,23.0
174144,40.0
174192,38.0
174208,61.0
174224,20.0
174256,40.0
174336,112.0
174384,55.0
174384,55.0
174384,35.0
174432,39.0
174464,88.0
174544,59.0
174592,13.0
174624,78.0
174640,31.0
174816,38.0
174896,51.0
174928,42.0
174960,36.0
174992,35.0
174992,63.0
175008,39.0
175040,25.0
175056,60.0
175056,52.0
175104,57.0
175136,34.0
175280,29.0
175360,23.0
175392,48.0
175440,61.0
175440,25.0
175456,35.0
175472,12.0
175616,35.0
175632,68.0
175776,49.0
175856,14.0
175920,51.0
175936,63.0
175936,50.0
175984,32.0
176000,35.0
176016,25.0
176064,13.0
176064,42.0
176112,72.0
176288,77.0
176352,62.0
176560,139.0
176608,38.0
176608,52.0
176624,74.0
176640,74.0
176688,39.0
176768,41.0
176832,114.0
176896,55.0
176928,20.0
177136,75.0
177152,24.0
177184,70.0
177184,31.0
177184,79.0
177296,46.0
177360,67.0
177360,27.0
177376,34.0
177424,33.0
177520,24.0
177536,74.0
177712,69.0
177744,24.0
177904,80.0
177936,47.0
177936,125.0
177984,38.0
178000,51.0
178064,130.0
178096,50.0
178128,38.0
178176,40.0
178208,17.0
178288,34.0
178304,55.0
178400,29.0
178400,31.0
178432,80.0
178448,79.0
178464,29.0
178464,47.0
178560,22.0
178560,27.0
178576,32.0
178640,13.0
178704,38.0
178768,133.0
178768,49.0
178784,89.0
178800,25.0
178992,51.0
179056,37.0
179120,20.0
179120,35.0
179136,31.0
179152,36.0
179152,43.0
179152,54.0
179184,55.0
179200,27.0
179232,29.0
179264,30.0
179296,46.0
179360,41.0
179376,58.0
179424,27.0
179488,23.0
179488,22.0
179568,26.0
179712,18.0
179712,28.0
179776,25.0
179792,40.0
179808,39.0
179808,38.0
179824,21.0
179888,25.0
179920,95.0
179952,15.0
179968,42.0
179968,51.0
179984,54.0
180048,51.0
180080,12.0
180128,48.0
180144,22.0
180160,28.0
180224,73.0
180240,42.0
180304,31.0
180416,27.0
180528,38.0
180528,47.0
180592,34.0
180768,43.0
180768,50.0
180816,36.0
180848,20.0
180896,37.0
180976,52.0
181024,31.0
181024,76.0
181088,71.0
181088,54.0
181088,79.0
181184,64.0
181216,23.0
181216,28.0
181328,75.0
181360,59.0
181376,88.0
181376,49.0
181376,25.0
181392,23.0
181440,26.0
181456,23.0
181520,47.0
181632,51.0
181696,30.0
181712,24.0
181856,40.0
181872,27.0
181968,38.0
182016,70.0
182080,44.0
182128,59.0
182160,67.0
182192,51.0
182192,42.0
182224,53.0
182256,34.0
182352,31.0
182432,46.0
182496,65.0
182512,27.0
182592,60.0
182608,37.0
182624,77.0
182640,32.0
182672,44.0
182672,30.0
182704,30.0
182800,107.0
182832,36.0
183024,27.0
183024,33.0
183088,26.0
183088,76.0
183120,48.0
183136,27.0
183136,61.0
183184,35.0
183216,64.0
183280,40.0
183328,45.0
183376,36.0
183456,20.0
183504,24.0
183520,53.0
183584,72.0
183584,67.0
183632,38.0
183904,20.0
183952,42.0
184048,76.0
184048,42.0
184064,38.0
184128,59.0
184192,73.0
184256,42.0
184304,76.0
184304,50.0
184336,51.0
184368,46.0
184448,34.0
184464,83.0
184624,27.0
184688,40.0
184736,88.0
184768,25.0
184784,46.0
184800,31.0
184832,23.0
184848,49.0
184896,113.0
184896,48.0
185040,68.0
185056,50.0
185200,47.0
185280,34.0
185296,33.0
185328,44.0
185360,134.0
185360,64.0
185536,43.0
185552,41.0
185600,57.0
185616,21.0
185632,83.0
185632,17.0
185632,53.0
185680,55.0
185680,39.0
185760,58.0
185776,36.0
185776,46.0
185792,12.0
185808,57.0
185888,16.0
185888,13.0
185920,37.0
185952,41.0
186240,20.0
186256,39.0
186352,51.0
186384,52.0
186432,51.0
186448,51.0
186448,68.0
186480,50.0
186480,43.0
186656,26.0
186656,25.0
186704,47.0
186752,54.0
186800,22.0
186832,24.0
186864,66.0
186864,13.0
186896,70.0
186896,63.0
186928,28.0
186960,36.0
187056,80.0
187088,83.0
187152,20.0
187184,47.0
187312,26.0
187344,62.0
187344,54.0
187408,41.0
187472,24.0
187472,51.0
187504,40.0
187536,30.0
187552,41.0
187600,50.0
187664,44.0
187696,32.0
187776,57.0
187776,39.0
187840,23.0
187984,36.0
188048,36.0
188096,73.0
188112,26.0
188144,23.0
188224,45.0
188240,36.0
188304,47.0
188368,64.0
188480,11.0
188496,41.0
188528,24.0
188544,59.0
188544,63.0
188560,78.0
188688,29.0
188688,36.0
188688,57.0
188720,42.0
188768,129.0
188816,92.0
188912,58.0
188992,28.0
188992,56.0
188992,27.0
189088,25.0
189200,44.0
189232,54.0
189296,36.0
189312,20.0
189328,35.0
189344,51.0
189360,70.0
189424,32.0
189488,31.0
189584,56.0
189600,49.0
189712,26.0
189760,33.0
189776,12.0
189904,76.0
189952,60.0
189968,48.0
190000,32.0
190080,48.0
190160,51.0
190272,35.0
190304,44.0
190336,61.0
190336,112.0
190496,34.0
190560,92.0
190560,41.0
190640,19.0
190768,62.0
190784,51.0
190800,50.0
190800,145.0
190816,66.0
190848,48.0
190896,35.0
190928,39.0
191072,103.0
191088,37.0
191104,29.0
191424,41.0
191440,39.0
191504,45.0
191648,68.0
191696,50.0
191696,71.0
191712,38.0
191760,60.0
191856,49.0
191952,28.0
191952,54.0
191968,70.0
192064,19.0
192112,43.0
192112,74.0
192112,42.0
192128,83.0
192192,34.0
192208,32.0
192224,32.0
192288,37.0
192320,128.0
192384,26.0
192528,36.0
192544,27.0
192560,28.0
192576,32.0
192608,25.0
192624,154.0
192624,21.0
192672,35.0
192768,24.0
192816,54.0
192832,219.0
192864,19.0
192864,40.0
192864,34.0
193008,72.0
193008,27.0
193056,58.0
193216,64.0
193232,25.0
193264,46.0
193312,43.0
193360,34.0
193440,42.0
193472,58.0
193584,33.0
193632,23.0
193648,40.0
193664,28.0
193904,65.0
193936,83.0
193968,46.0
194016,34.0
194048,46.0
194080,40.0
194192,74.0
194208,35.0
194256,99.0
194320,106.0
194320,19.0
194336,61.0
194336,18.0
194416,97.0
194432,50.0
194608,17.0
194640,35.0
194656,47.0
194720,116.0
194816,38.0
194864,58.0
194880,43.0
194960,19.0
195008,18.0
195056,46.0
195136,51.0
195136,45.0
195152,74.0
195168,57.0
195296,60.0
195344,57.0
195376,14.0
195408,48.0
195440,116.0
195552,42.0
195552,46.0
195600,16.0
195664,50.0
195680,126.0
195760,44.0
195824,26.0
195840,44.0
195856,26.0
195904,59.0
195968,85.0
195968,50.0
196032,64.0
196048,31.0
196048,47.0
196080,14.0
196272,19.0
196352,50.0
196480,27.0
196496,70.0
196512,15.0
196528,30.0
196592,91.0
196624,54.0
196640,42.0
196704,69.0
196704,64.0
196800,56.0
196800,13.0
196800,28.0
196816,61.0
196896,12.0
196944,57.0
197024,85.0
197056,77.0
197136,38.0
197152,67.0
197152,32.0
197376,36.0
197408,37.0
197424,33.0
197424,18.0
197424,23.0
197472,62.0
197488,43.0
197520,63.0
197552,53.0
197648,44.0
197744,70.0
197872,24.0
197904,47.0
197920,56.0
197936,18.0
197968,35.0
197984,35.0
198112,60.0
198128,41.0
198160,15.0
198176,47.0
198192,48.0
198224,42.0
198224,108.0
198272,47.0
198336,96.0
198384,32.0
198496,37.0
198528,72.0
198544,36.0
198560,36.0
198608,27.0
198624,32.0
198752,63.0
198768,34.0
198768,40.0
198800,38.0
198896,35.0
199008,25.0
199072,57.0
199120,31.0
199168,25.0
199184,57.0
199200,28.0
199200,25.0
199216,41.0
199216,45.0
199248,44.0
199376,53.0
199408,12.0
199472,78.0
199552,23.0
199584,43.0
199600,27.0
199648,25.0
199712,44.0
199776,41.0
199792,24.0
199840,39.0
199904,33.0
199920,23.0
199984,76.0
200000,33.0
200000,14.0
200080,134.0
200080,63.0
200160,111.0
200224,27.0
200240,16.0
200320,20.0
200336,31.0
200352,48.0
200416,51.0
200496,36.0
200528,55.0
200544,84.0
200560,21.0
200560,14.0
200608,88.0
200640,30.0
200656,59.0
200672,48.0
200672,37.0
200784,34.0
200800,45.0
200800,28.0
200912,26.0
200944,26.0
201120,32.0
201120,20.0
201120,28.0
201248,28.0
201280,23.0
201280,38.0
201296,40.0
201328,13.0
201344,58.0
201424,69.0
201600,30.0
201600,22.0
201648,103.0
201664,64.0
201680,70.0
201728,49.0
201744,60.0
201776,27.0
201840,32.0
201872,36.0
201936,87.0
201936,16.0
201968,20.0
202016,46.0
202272,38.0
202320,65.0
202384,32.0
202400,115.0
202432,52.0
202496,30.0
202528,49.0
202528,43.0
202560,49.0
202672,67.0
202784,32.0
202800,52.0
202816,31.0
202848,108.0
202864,71.0
202880,28.0
202896,60.0
202992,38.0
203072,14.0
203104,20.0
203120,39.0
203136,17.0
203152,108.0
203216,14.0
203424,54.0
203440,40.0
203504,98.0
203520,24.0
203568,73.0
203600,44.0
203616,68.0
203648,31.0
203712,65.0
203776,17.0
203776,42.0
203824,13.0
203824,47.0
203936,18.0
204000,25.0
204016,31.0
204032,51.0
204144,64.0
204256,90.0
204304,33.0
204304,55.0
204304,54.0
204400,95.0
204432,119.0
204528,51.0
204768,52.0
204816,42.0
204832,66.0
204832,63.0
204848,20.0
204896,37.0
204912,57.0
205024,75.0
205024,45.0
205120,13.0
205200,56.0
205264,52.0
205312,57.0
205312,26.0
205408,86.0
205424,25.0
205440,42.0
205472,91.0
205488,41.0
205584,29.0
205584,46.0
205648,39.0
205664,14.0
205696,90.0
205728,16.0
205760,35.0
205936,69.0
206032,76.0
206064,50.0
206064,47.0
206144,41.0
206176,47.0
206208,30.0
206272,36.0
206304,171.0
206352,59.0
206416,47.0
206464,44.0
206464,25.0
206496,14.0
206560,61.0
206672,31.0
206720,49.0
206736,42.0
206768,39.0
206848,24.0
206848,79.0
206944,40.0
206976,30.0
207056,53.0
207072,41.0
207072,65.0
207152,43.0
207184,28.0
207232,120.0
207312,40.0
207344,62.0
207392,34.0
207472,39.0
207488,45.0
207504,49.0
207504,116.0
207536,35.0
207536,30.0
207552,30.0
207616,24.0
207616,29.0
207696,39.0
207712,33.0
207744,74.0
207792,16.0
207872,21.0
208048,27.0
208048,41.0
208144,40.0
208160,51.0
208208,46.0
208304,50.0
208368,55.0
208400,68.0
208448,15.0
208560,43.0
208640,68.0
208656,65.0
208800,31.0
208800,63.0
208816,42.0
208880,30.0
208928,35.0
208944,77.0
208992,27.0
208992,34.0
209056,63.0
209072,57.0
209184,71.0
209216,14.0
209232,143.0
209248,97.0
209328,33.0
209440,39.0
209456,41.0
209504,53.0
209632,44.0
209808,47.0
209856,42.0
209888,78.0
209888,28.0
209984,30.0
209984,65.0
209984,33.0
210016,59.0
210064,46.0
210080,52.0
210176,74.0
210224,84.0
210304,67.0
210400,74.0
210400,32.0
210432,13.0
210560,36.0
210624,62.0
210656,42.0
210656,42.0
210672,17.0
210672,51.0
210736,58.0
210768,189.0
210800,39.0
210816,50.0
210880,14.0
210880,14.0
210880,51.0
210976,34.0
211088,29.0
211168,23.0
211168,12.0
211296,88.0
211440,48.0
211472,57.0
211488,38.0
211504,69.0
211504,52.0
211520,40.0
211584,94.0
211664,85.0
211680,54.0
211776,63.0
211856,17.0
211920,52.0
212000,35.0
212016,53.0
212048,47.0
212064,25.0
212064,24.0
212080,36.0
212160,41.0
212320,99.0
212352,52.0
212368,32.0
212416,78.0
212512,32.0
212576,69.0
212608,37.0
212656,46.0
212704,12.0
212736,41.0
212944,129.0
212976,41.0
213008,59.0
213056,62.0
213056,43.0
213056,40.0
213120,24.0
213168,29.0
213168,63.0
213232,55.0
213248,92.0
213312,114.0
213360,19.0
213392,46.0
213408,52.0
213424,23.0
213424,30.0
213456,28.0
213504,33.0
213616,31.0
213680,39.0
213696,17.0
213712,30.0
213760,28.0
213808,28.0
213840,28.0
213872,114.0
213888,29.0
213888,24.0
213920,47.0
214096,24.0
214240,22.0
214304,38.0
214336,73.0
214496,65.0
214544,46.0
214560,42.0
214592,61.0
214608,23.0
214640,127.0
214720,55.0
214736,83.0
214736,93.0
214848,61.0
214848,73.0
214912,72.0
214976,66.0
214976,30.0
215040,30.0
215072,30.0
215168,52.0
215200,56.0
215232,32.0
215232,37.0
215232,24.0
215344,23.0
215424,16.0
215440,29.0
215472,58.0
215552,44.0
215584,22.0
215584,22.0
215712,42.0
215728,62.0
215744,52.0
215840,25.0
215872,50.0
216016,11.0
216032,35.0
216032,28.0
216064,32.0
216096,85.0
216128,49.0
216160,28.0
216160,60.0
216432,146.0
216480,117.0
216480,29.0
216496,57.0
216544,82.0
216624,35.0
216624,55.0
216624,37.0
216720,81.0
216784,41.0
216864,71.0
216880,53.0
217040,73.0
217056,60.0
217104,30.0
217104,59.0
217120,21.0
217136,40.0
217152,62.0
217312,52.0
217312,37.0
217360,46.0
217360,51.0
217616,30.0
217664,77.0
217696,34.0
217712,38.0
217760,28.0
217840,85.0
217872,52.0
217904,65.0
218064,44.0
218128,32.0
218176,67.0
218240,74.0
218368,63.0
218400,44.0
218448,98.0
218448,17.0
218496,74.0
218592,45.0
218640,12.0
218640,50.0
218672,57.0
218688,98.0
218752,53.0
218816,72.0
218880,32.0
218960,52.0
219056,84.0
219072,63.0
219136,24.0
219216,36.0
219296,26.0
219328,55.0
219376,172.0
219408,17.0
219456,54.0
219504,52.0
219552,54.0
219584,33.0
219664,44.0
219664,73.0
219792,72.0
219920,105.0
219936,24.0
219968,98.0
219968,35.0
219984,25.0
219984,57.0
220080,26.0
220128,47.0
220160,41.0
220240,64.0
220272,12.0
220288,92.0
220448,49.0
220464,31.0
220576,49.0
220592,71.0
220640,82.0
220656,46.0
220816,95.0
220864,39.0
220880,56.0
220912,29.0
220912,61.0
220976,25.0
221072,30.0
221072,57.0
221088,70.0
221088,27.0
221280,72.0
221344,55.0
221344,44.0
221440,33.0
221472,74.0
221504,77.0
221584,31.0
221648,104.0
221744,29.0
221776,50.0
221904,62.0
221904,52.0
221936,37.0
222000,22.0
222064,37.0
222096,37.0
222160,45.0
222160,14.0
222192,69.0
222208,54.0
222256,87.0
222256,86.0
222288,92.0
222288,76.0
222400,51.0
222448,42.0
222560,25.0
222656,41.0
222704,26.0
222704,40.0
222720,51.0
222816,35.0
222864,70.0
223072,16.0
223088,40.0
223168,61.0
223216,66.0
223248,37.0
223264,44.0
223280,64.0
223280,36.0
223280,55.0
223344,66.0
223360,72.0
223424,45.0
223456,11.0
223472,98.0
223520,50.0
223552,19.0
223632,26.0
223664,50.0
223664,13.0
223680,32.0
223840,48.0
223920,40.0
223984,27.0
224000,41.0
224000,20.0
224032,23.0
224032,23.0
224064,37.0
224096,63.0
224160,129.0
224224,59.0
224272,22.0
224320,20.0
224416,56.0
224544,70.0
224560,58.0
224608,12.0
224704,40.0
224736,47.0
224752,47.0
224848,93.0
224864,34.0
224896,21.0
224928,41.0
224976,59.0
225008,53.0
225024,11.0
225088,54.0
225200,69.0
225248,31.0
225248,76.0
225264,33.0
225280,46.0
225344,28.0
225488,139.0
225488,39.0
225520,15.0
225616,38.0
225712,63.0
225728,24.0
225776,53.0
225872,42.0
225872,49.0
225888,39.0
225888,25.0
225920,42.0
226064,51.0
226112,68.0
226176,25.0
226192,29.0
226256,151.0
226336,29.0
226368,31.0
226448,58.0
226448,115.0
226528,40.0
226544,58.0
226624,57.0
226656,73.0
226800,38.0
226848,58.0
226848,42.0
226848,14.0
226864,61.0
226896,33.0
226912,53.0
226944,52.0
226976,33.0
227056,33.0
227168,45.0
227216,140.0
227328,24.0
227472,39.0
227520,42.0
227536,80.0
227584,78.0
227632,68.0
227664,48.0
227680,48.0
227696,23.0
227744,68.0
227856,43.0
227904,58.0
227904,53.0
227936,19.0
227952,46.0
227952,68.0
227952,72.0
228016,73.0
228032,35.0
228112,26.0
228224,23.0
228256,45.0
228400,31.0
228448,27.0
228512,58.0
228544,64.0
228560,51.0
228576,56.0
228608,36.0
228624,42.0
228672,26.0
228736,67.0
228752,51.0
228864,20.0
228960,66.0
229072,42.0
229120,73.0
229120,34.0
229120,28.0
229152,58.0
229168,13.0
229184,67.0
229280,48.0
229312,54.0
229344,46.0
229408,49.0
229456,56.0
229472,38.0
229568,52.0
229600,103.0
229616,31.0
229728,61.0
229952,38.0
229984,42.0
230000,45.0
230016,56.0
230032,29.0
230128,63.0
230144,42.0
230160,35.0
230176,14.0
230192,36.0
230208,65.0
230240,66.0
230368,81.0
230560,25.0
230576,70.0
230592,28.0
230640,77.0
230656,94.0
230720,43.0
230816,50.0
230864,54.0
230896,33.0
230928,45.0
231088,27.0
231104,61.0
231152,27.0
231232,40.0
231312,99.0
231328,14.0
231360,74.0
231392,15.0
231472,24.0
231488,58.0
231536,97.0
231552,39.0
231568,62.0
231600,60.0
231632,51.0
231824,99.0
231840,38.0
231856,34.0
231872,30.0
231872,61.0
232080,47.0
232128,36.0
232144,41.0
232144,32.0
232192,125.0
232208,46.0
232224,41.0
232320,49.0
232368,48.0
232448,37.0
232448,68.0
232528,104.0
232528,44.0
232704,31.0
232704,39.0
232736,37.0
232944,69.0
232976,41.0
232976,69.0
232976,69.0
233040,51.0
233152,39.0
233232,69.0
233264,56.0
233264,18.0
233296,53.0
233312,70.0
233344,38.0
233584,38.0
233600,56.0
233648,31.0
233696,78.0
233792,53.0
233824,53.0
233840,106.0
234016,93.0
234064,85.0
234064,45.0
234080,48.0
234112,53.0
234128,52.0
234128,54.0
234144,20.0
234272,65.0
234320,16.0
234400,51.0
234416,51.0
234448,38.0
234496,22.0
234576,35.0
234752,60.0
234880,50.0
234896,31.0
234912,29.0
234928,22.0
235072,59.0
235104,22.0
235136,63.0
235200,58.0
235232,57.0
235248,100.0
235280,25.0
235344,26.0
235344,80.0
235424,149.0
235488,22.0
235536,70.0
235648,72.0
235680,98.0
235680,49.0
235680,38.0
235776,42.0
235792,35.0
235792,32.0
235808,132.0
235840,31.0
235920,42.0
236032,70.0
236224,34.0
236240,47.0
236240,44.0
236288,38.0
236336,62.0
236368,28.0
236384,44.0
236448,40.0
236560,85.0
236608,60.0
236656,55.0
236656,23.0
236720,81.0
236800,35.0
236816,28.0
236848,66.0
236864,52.0
236896,66.0
236976,47.0
237008,25.0
237040,78.0
237056,45.0
237136,47.0
237200,24.0
237248,50.0
237344,21.0
237408,53.0
237424,74.0
237504,49.0
237568,37.0
237632,31.0
237648,49.0
237680,64.0
237696,53.0
237776,55.0
237824,73.0
237856,32.0
237872,12.0
237936,71.0
237984,36.0
238112,34.0
238144,20.0
238160,57.0
238192,31.0
238240,46.0
238288,77.0
238336,57.0
238336,11.0
238368,27.0
238464,51.0
238512,33.0
238560,49.0
238592,60.0
238608,98.0
238640,49.0
238672,92.0
238800,21.0
238880,43.0
238880,34.0
239024,55.0
239056,74.0
239088,30.0
239120,52.0
239184,37.0
239200,43.0
239216,61.0
239216,34.0
239296,41.0
239328,33.0
239360,50.0
239392,21.0
239408,81.0
239456,27.0
239504,26.0
239552,14.0
239632,26.0
239648,28.0
239680,31.0
239680,82.0
239744,54.0
239744,33.0
239744,88.0
239760,16.0
239760,19.0
239776,23.0
239920,15.0
239984,37.0
240000,70.0
240080,33.0
240144,53.0
240304,42.0
240304,35.0
240320,25.0
240336,76.0
240336,43.0
240432,27.0
240448,43.0
240512,46.0
240512,27.0
240592,77.0
240608,58.0
240640,56.0
240784,22.0
240864,35.0
240896,47.0
240944,39.0
241040,80.0
241040,44.0
241056,34.0
241056,12.0
241072,48.0
241184,90.0
241216,11.0
241232,40.0
241280,40.0
241280,59.0
241328,34.0
241392,31.0
241392,55.0
241424,15.0
241424,90.0
241456,25.0
241504,66.0
241552,59.0
241696,41.0
241744,43.0
241776,52.0
241792,29.0
241840,48.0
241872,37.0
242048,34.0
242048,41.0
242064,53.0
242064,52.0
242080,50.0
242112,23.0
242176,39.0
242432,63.0
242448,41.0
242512,66.0
242512,42.0
242512,21.0
242560,30.0
242608,57.0
242640,76.0
242672,39.0
242672,39.0
242704,40.0
242800,46.0
242880,28.0
243216,90.0
243328,39.0
243328,41.0
243344,46.0
243344,34.0
243408,60.0
243408,56.0
243456,129.0
243536,56.0
243584,67.0
243616,109.0
243632,18.0
243712,100.0
243728,73.0
243776,79.0
243808,37.0
243824,15.0
243856,20.0
244064,87.0
244080,47.0
244224,48.0
244256,40.0
244256,33.0
244272,54.0
244320,90.0
244352,33.0
244432,45.0
244480,42.0
244640,82.0
244640,13.0
244656,25.0
244688,27.0
244720,68.0
244720,86.0
244720,54.0
244752,43.0
244848,39.0
244992,40.0
245008,100.0
245056,36.0
245072,47.0
245072,62.0
245120,25.0
245200,22.0
245216,59.0
245248,38.0
245360,38.0
245456,48.0
245472,52.0
245520,109.0
245552,56.0
245568,36.0
245632,57.0
245632,39.0
245648,36.0
245664,29.0
245680,39.0
245760,65.0
245872,50.0
245904,41.0
245904,49.0
245968,32.0
246128,31.0
246144,58.0
246272,45.0
246320,47.0
246336,43.0
246368,46.0
246400,40.0
246416,34.0
246448,49.0
246560,27.0
246576,76.0
246608,68.0
246656,16.0
246704,27.0
246720,65.0
246800,56.0
246864,34.0
246912,31.0
246944,36.0
246960,51.0
246992,34.0
247040,71.0
247072,100.0
247104,48.0
247104,12.0
247152,31.0
247184,36.0
247216,31.0
247312,47.0
247504,29.0
247520,41.0
247536,52.0
247600,26.0
247728,49.0
247792,76.0
247792,114.0
247840,46.0
247888,46.0
247920,24.0
247984,48.0
248016,66.0
248048,46.0
248080,63.0
248176,21.0
248176,28.0
248224,89.0
248272,42.0
248304,32.0
248368,28.0
248400,55.0
248448,17.0
248448,84.0
248464,60.0
248544,97.0
248592,50.0
248736,53.0
248848,52.0
248864,31.0
248928,55.0
249008,46.0
249024,59.0
249088,34.0
249120,51.0
249152,47.0
249248,64.0
249248,41.0
249264,68.0
249328,37.0
249344,85.0
249440,62.0
249600,37.0
249632,49.0
249632,24.0
249680,47.0
249760,27.0
249872,63.0
249920,42.0
250064,59.0
250064,61.0
250080,58.0
250112,103.0
250144,106.0
250208,38.0
250224,75.0
250224,37.0
250256,36.0
250256,57.0
250304,42.0
250512,40.0
250640,35.0
250640,36.0
250704,12.0
250720,60.0
250784,95.0
250816,56.0
250832,36.0
250896,37.0
250976,45.0
251008,23.0
251024,50.0
251040,61.0
251184,25.0
251264,70.0
251312,30.0
251312,69.0
251344,40.0
251456,35.0
251456,30.0
251504,31.0
251568,84.0
251632,62.0
251680,26.0
251760,45.0
251776,13.0
251776,60.0
251824,32.0
251872,43.0
251920,29.0
251968,32.0
251968,39.0
251984,60.0
252000,118.0
252080,48.0
252288,33.0
252336,29.0
252400,27.0
252416,46.0
252432,27.0
252432,41.0
252464,189.0
252480,32.0
252480,25.0
252496,54.0
252496,42.0
252544,48.0
252768,128.0
252864,23.0
252928,63.0
252944,32.0
252992,33.0
253024,46.0
253056,39.0
253088,99.0
253216,77.0
253360,26.0
253376,56.0
253392,57.0
253440,65.0
253440,64.0
253440,69.0
253520,27.0
253664,50.0
253664,14.0
253712,12.0
253840,51.0
253856,85.0
253872,27.0
253872,30.0
253872,55.0
253904,85.0
253952,56.0
253968,37.0
254096,15.0
254128,16.0
254128,75.0
254224,54.0
254240,36.0
254256,37.0
254256,24.0
254272,66.0
254368,58.0
254384,16.0
254384,101.0
254752,39.0
254768,58.0
254784,25.0
254816,36.0
254832,60.0
254832,36.0
254848,29.0
254848,47.0
254928,61.0
255040,42.0
255104,87.0
255104,55.0
255104,21.0
255152,78.0
255152,74.0
255184,23.0
255184,22.0
255200,58.0
255248,25.0
255264,10.0
255328,30.0
255456,75.0
255488,14.0
255504,45.0
255568,26.0
255616,27.0
255632,37.0
255696,37.0
255728,61.0
255760,36.0
255792,18.0
255824,42.0
255824,31.0
255936,46.0
256016,74.0
256032,58.0
256096,29.0
256208,47.0
256224,41.0
256432,94.0
256480,54.0
256528,52.0
256592,50.0
256608,42.0
256624,56.0
256640,51.0
256656,73.0
256656,52.0
256720,92.0
256752,45.0
256816,37.0
256832,67.0
257040,59.0
257104,28.0
257120,40.0
257248,39.0
257328,42.0
257344,83.0
257344,57.0
257344,32.0
257360,52.0
257408,37.0
257408,75.0
257456,53.0
257472,45.0
257536,26.0
257552,12.0
257552,52.0
257568,29.0
257744,26.0
257824,36.0
257824,26.0
257840,27.0
257856,32.0
258016,42.0
258048,32.0
258080,90.0
258128,19.0
258176,39.0
258272,51.0
258288,34.0
258352,82.0
258352,32.0
258368,50.0
258448,56.0
258464,62.0
258464,28.0
258480,118.0
258512,41.0
258560,24.0
258560,76.0
258640,32.0
258672,12.0
258720,28.0
258768,20.0
258768,25.0
258848,35.0
258880,52.0
259024,42.0
259120,35.0
259120,38.0
259120,41.0
259184,45.0
259184,85.0
259200,35.0
259280,75.0
259312,40.0
259312,12.0
259392,52.0
259568,45.0
259568,53.0
259584,25.0
259632,47.0
259680,35.0
259696,26.0
259728,26.0
259824,16.0
259824,66.0
259840,93.0
259840,67.0
259872,18.0
260000,61.0
260048,58.0
260128,25.0
260176,19.0
260176,31.0
260208,36.0
260224,25.0
260336,72.0
260352,72.0
260480,49.0
260512,75.0
260560,24.0
260576,28.0
260592,75.0
260720,55.0
260800,60.0
260800,37.0
260816,15.0
260832,79.0
260880,44.0
260896,11.0
260944,59.0
261008,33.0
261008,60.0
261040,44.0
261040,30.0
261104,37.0
261216,21.0
261216,24.0
261264,65.0
261296,12.0
261328,33.0
261328,46.0
261344,28.0
261648,24.0
261696,30.0
261728,86.0
261728,57.0
261744,44.0
261760,47.0
261888,68.0
261920,131.0
261968,42.0
261984,59.0
262016,50.0
262080,47.0
262096,48.0
262112,48.0
262160,27.0
262192,74.0
262208,30.0
262352,41.0
262400,41.0
262448,30.0
262512,27.0
262560,50.0
262592,36.0
262656,35.0
262672,32.0
262736,112.0
262752,69.0
262832,27.0
262896,44.0
262928,51.0
263024,51.0
263152,50.0
263184,42.0
263232,40.0
263232,35.0
263264,44.0
263296,53.0
263312,87.0
263328,31.0
263376,30.0
263664,57.0
263744,45.0
263744,116.0
263760,31.0
263760,38.0
263808,55.0
263920,43.0
264064,88.0
264112,46.0
264144,51.0
264176,23.0
264240,94.0
264256,59.0
264304,34.0
264384,29.0
264416,77.0
264416,74.0
264416,152.0
264432,48.0
264544,78.0
264576,51.0
264592,33.0
264608,54.0
264656,22.0
264800,26.0
264848,27.0
264864,45.0
264864,70.0
264960,53.0
265056,40.0
265072,51.0
265104,28.0
265120,59.0
265136,34.0
265152,36.0
265184,48.0
265216,42.0
265232,62.0
265312,44.0
265328,33.0
265440,24.0
265488,26.0
265600,73.0
265632,33.0
265648,43.0
265664,50.0
265744,56.0
265760,38.0
265856,40.0
265872,47.0
265952,45.0
265984,50.0
266064,36.0
266080,59.0
266160,45.0
266208,56.0
266240,24.0
266288,40.0
266352,47.0
266368,44.0
266384,27.0
266464,100.0
266464,52.0
266464,24.0
266704,26.0
266720,87.0
266752,48.0
266768,26.0
266816,47.0
266848,61.0
266848,29.0
266944,74.0
266992,39.0
267040,21.0
267056,37.0
267072,54.0
267072,57.0
267120,55.0
267280,27.0
267344,55.0
267344,39.0
267408,29.0
267504,65.0
267520,42.0
267520,11.0
267520,48.0
267552,30.0
267568,47.0
267696,39.0
267744,43.0
267872,29.0
267952,74.0
268032,32.0
268096,36.0
268128,39.0
268176,152.0
268192,40.0
268192,67.0
268224,22.0
268336,51.0
268352,49.0
268352,85.0
268368,42.0
268432,87.0
268528,49.0
268592,25.0
268624,33.0
268656,29.0
268656,82.0
268768,93.0
268832,41.0
268832,55.0
268848,45.0
268848,51.0
269024,50.0
269056,29.0
269088,27.0
269104,30.0
269136,23.0
269168,40.0
269184,47.0
269200,54.0
269328,60.0
269408,47.0
269472,26.0
269488,24.0
269536,28.0
269568,46.0
269616,30.0
269680,41.0
269680,83.0
269712,34.0
269792,60.0
269872,64.0
269888,43.0
269936,99.0
270000,29.0
270016,52.0
270080,42.0
270192,30.0
270208,33.0
270208,55.0
270224,41.0
270256,48.0
270400,29.0
270432,35.0
270448,48.0
270512,45.0
270512,65.0
270640,47.0
270720,29.0
270752,34.0
270768,23.0
270848,39.0
270928,26.0
270928,130.0
270944,83.0
271024,24.0
271120,69.0
271200,27.0
271216,64.0
271328,83.0
271456,59.0
271472,65.0
271504,41.0
271536,38.0
271584,54.0
271584,71.0
271600,53.0
271616,31.0
271808,38.0
271808,108.0
271808,100.0
271872,59.0
271952,30.0
272032,44.0
272080,34.0
272128,57.0
272128,42.0
272144,75.0
272160,13.0
272464,90.0
272480,55.0
272512,56.0
272528,25.0
272640,66.0
272656,33.0
272688,51.0
272704,70.0
272720,76.0
272784,47.0
272816,63.0
272976,56.0
273088,58.0
273136,39.0
273152,31.0
273200,31.0
273200,35.0
273280,47.0
273296,36.0
273312,73.0
273344,54.0
273408,100.0
273472,17.0
273504,65.0
273600,112.0
273760,49.0
273920,52.0
273936,37.0
273968,43.0
274048,57.0
274064,78.0
274080,36.0
274160,63.0
274240,59.0
274272,12.0
274304,52.0
274352,104.0
274384,100.0
274400,62.0
274416,23.0
274432,52.0
274512,13.0
274528,35.0
274528,83.0
274576,40.0
274656,16.0
274656,84.0
274656,24.0
274672,27.0
274768,53.0
274960,36.0
274976,39.0
275056,62.0
275056,81.0
275072,26.0
275152,46.0
275184,38.0
275216,49.0
275232,45.0
275248,37.0
275344,36.0
275408,47.0
275552,31.0
275616,68.0
275632,69.0
275696,45.0
275712,33.0
275840,43.0
275856,15.0
275872,33.0
275920,53.0
276000,83.0
276016,116.0
276064,51.0
276064,27.0
276064,53.0
276080,64.0
276192,60.0
276240,15.0
276240,52.0
276272,26.0
276368,41.0
276560,45.0
276672,38.0
276672,107.0
276736,41.0
276768,53.0
276800,33.0
276816,36.0
276848,72.0
276848,38.0
276912,65.0
277136,67.0
277200,52.0
277296,24.0
277328,48.0
277344,112.0
277424,43.0
277600,29.0
277600,52.0
277632,19.0
277632,27.0
277664,62.0
277664,51.0
277680,52.0
277776,60.0
277808,101.0
277872,75.0
277904,30.0
277904,69.0
277936,40.0
277984,123.0
278048,44.0
278080,28.0
278096,26.0
278304,44.0
278320,28.0
278336,18.0
278352,43.0
278432,28.0
278448,34.0
278496,54.0
278576,50.0
278576,57.0
278688,47.0
278736,26.0
278752,59.0
278800,31.0
278832,31.0
278864,60.0
278880,176.0
278896,50.0
278944,37.0
278944,32.0
279056,61.0
279136,35.0
279424,61.0
279472,56.0
279504,42.0
279536,53.0
279552,26.0
279568,48.0
279568,51.0
279648,48.0
279696,131.0
279696,52.0
279712,51.0
279760,44.0
279840,84.0
279904,60.0
279920,22.0
279936,24.0
279952,30.0
280016,80.0
280064,70.0
280144,28.0
280144,15.0
280192,31.0
280336,24.0
280416,62.0
280464,20.0
280480,61.0
280496,53.0
280544,49.0
280560,53.0
280640,69.0
280704,15.0
280768,75.0
280784,23.0
280832,48.0
280864,24.0
280928,46.0
280928,68.0
281088,47.0
281120,39.0
281296,80.0
281312,24.0
281344,89.0
281376,37.0
281456,56.0
281504,40.0
281568,30.0
281600,66.0
281696,110.0
281696,58.0
281712,23.0
281712,49.0
281760,70.0
281824,44.0
281888,11.0
281904,28.0
281984,72.0
282144,36.0
282160,41.0
282160,126.0
282192,93.0
282240,40.0
282240,54.0
282288,62.0
282384,42.0
282400,36.0
282432,46.0
282448,71.0
282464,44.0
282480,37.0
282480,21.0
282704,26.0
282720,64.0
282800,25.0
282816,41.0
282880,61.0
282896,41.0
283008,39.0
283024,34.0
283088,23.0
283088,39.0
283168,58.0
283168,74.0
283264,23.0
283296,69.0
283456,36.0
283488,25.0
283520,44.0
283600,72.0
283600,37.0
283600,36.0
283664,60.0
283680,32.0
283696,56.0
283744,30.0
283776,11.0
283824,33.0
284064,102.0
284080,21.0
284080,24.0
284128,33.0
284176,31.0
284176,68.0
284224,48.0
284256,111.0
284320,41.0
284336,53.0
284448,53.0
284464,144.0
284544,45.0
284576,31.0
284624,28.0
284656,12.0
284704,30.0
284784,44.0
284800,34.0
284864,33.0
284880,51.0
284880,85.0
284912,46.0
284928,110.0
285008,24.0
285024,56.0
285024,78.0
285136,30.0
285280,46.0
285344,64.0
285360,28.0
285392,32.0
285408,30.0
285440,35.0
285472,29.0
285504,50.0
285536,46.0
285744,22.0
285760,56.0
285840,30.0
285856,26.0
285872,53.0
285888,69.0
285904,35.0
285936,27.0
285984,14.0
286016,34.0
286048,64.0
286240,112.0
286304,48.0
286368,60.0
286416,80.0
286512,29.0
286560,43.0
286592,126.0
286624,49.0
286672,27.0
286672,48.0
286704,51.0
286736,55.0
286768,64.0
286800,54.0
286832,53.0
286912,38.0
286944,104.0
286960,37.0
286976,22.0
287056,65.0
287120,44.0
287136,21.0
287184,39.0
287200,27.0
287216,44.0
287232,35.0
287232,35.0
287312,25.0
287360,15.0
287392,50.0
287440,24.0
287456,47.0
287488,32.0
287600,13.0
287600,40.0
287728,32.0
287760,64.0
287808,54.0
287856,25.0
287856,41.0
287936,44.0
287936,39.0
287984,14.0
288000,73.0
288096,46.0
288144,57.0
288160,22.0
288160,14.0
288256,48.0
288288,43.0
288336,30.0
288480,31.0
288496,31.0
288528,68.0
288528,87.0
288528,37.0
288608,28.0
288688,34.0
288688,33.0
288720,62.0
288720,96.0
288832,77.0
288880,22.0
288944,43.0
289008,45.0
289072,36.0
289168,21.0
289248,35.0
289264,73.0
289424,34.0
289504,21.0
289600,62.0
289648,58.0
289696,85.0
289712,64.0
289760,47.0
289824,25.0
289872,84.0
289936,91.0
289984,133.0
290144,40.0
290160,76.0
290208,60.0
290240,107.0
290400,33.0
290432,52.0
290512,50.0
290528,52.0
290608,25.0
290624,97.0
290672,32.0
290688,89.0
290704,124.0
290736,50.0
290752,62.0
290832,53.0
290944,50.0
291152,40.0
291168,34.0
291344,69.0
291360,96.0
291488,47.0
291568,54.0
291568,46.0
291568,60.0
291664,71.0
291696,59.0
291712,82.0
291712,48.0
291776,84.0
291776,13.0
291808,135.0
291840,73.0
292016,19.0
292112,48.0
292208,66.0
292224,41.0
292224,32.0
292240,67.0
292272,99.0
292320,52.0
292368,33.0
292384,64.0
292432,54.0
292608,52.0
292704,56.0
292736,23.0
292800,43.0
292848,36.0
292880,42.0
292912,33.0
292944,45.0
292944,44.0
292992,42.0
293072,12.0
293072,66.0
293088,41.0
293104,90.0
293120,20.0
293136,33.0
293248,97.0
293296,24.0
293312,29.0
293312,68.0
293424,22.0
293504,27.0
293536,27.0
293696,62.0
293712,61.0
293712,25.0
293792,41.0
293856,130.0
293872,11.0
293888,48.0
293920,38.0
294016,64.0
294048,16.0
294096,42.0
294160,76.0
294288,36.0
294304,85.0
294336,65.0
294352,29.0
294400,34.0
294544,63.0
294608,32.0
294608,37.0
294656,59.0
294672,73.0
294800,31.0
294800,107.0
294864,44.0
294864,51.0
294864,59.0
294880,102.0
294928,40.0
294960,38.0
294992,70.0
295088,14.0
295136,33.0
295200,25.0
295360,30.0
295408,26.0
295408,34.0
295408,38.0
295424,51.0
295552,37.0
295584,57.0
295584,31.0
295600,75.0
295680,71.0
295952,22.0
295984,70.0
296080,59.0
296080,109.0
296096,32.0
296128,36.0
296192,48.0
296208,50.0
296240,41.0
296272,18.0
296304,56.0
296576,24.0
296624,123.0
296656,78.0
296688,37.0
296736,113.0
296752,42.0
296784,99.0
296896,48.0
297040,52.0
297072,70.0
297088,88.0
297088,32.0
297184,28.0
297184,57.0
297248,118.0
297280,65.0
297376,81.0
297392,40.0
297536,22.0
297584,60.0
297584,43.0
297600,57.0
297616,82.0
297696,28.0
297792,25.0
297856,48.0
297888,51.0
297904,51.0
297984,75.0
298000,39.0
298032,28.0
298048,54.0
298128,34.0
298144,69.0
298368,29.0
298384,108.0
298432,56.0
298496,44.0
298592,37.0
298592,62.0
298640,59.0
298672,40.0
298688,50.0
298720,46.0
298736,70.0
298752,20.0
298976,52.0
299088,21.0
299120,115.0
299120,39.0
299120,46.0
299136,68.0
299216,85.0
299216,30.0
299360,40.0
299360,15.0
299376,43.0
299376,44.0
299424,49.0
299504,23.0
299520,58.0
299536,73.0
299600,39.0
299616,25.0
299648,35.0
299744,13.0
299760,21.0
299760,25.0
299776,35.0
299808,76.0
299936,11.0
299984,24.0
300000,39.0
300048,19.0
300080,122.0
300192,27.0
300256,55.0
300288,30.0
300304,19.0
300320,34.0
300368,63.0
300368,78.0
300384,48.0
300416,81.0
300464,11.0
300528,37.0
300528,30.0
300528,28.0
300560,65.0
300592,38.0
300848,24.0
300864,85.0
300864,35.0
300880,43.0
300896,33.0
300960,34.0
301024,29.0
301056,88.0
301088,35.0
301184,41.0
301200,42.0
301392,32.0
301408,68.0
301520,41.0
301520,72.0
301568,44.0
301600,12.0
301616,27.0
301680,41.0
301696,90.0
301872,49.0
301904,66.0
301920,54.0
301920,25.0
301920,83.0
302000,25.0
302112,31.0
302128,58.0
302160,40.0
302160,75.0
302192,81.0
302256,24.0
302416,53.0
302416,31.0
302480,35.0
302576,137.0
302592,27.0
302624,31.0
302640,46.0
302672,80.0
302688,43.0
302688,17.0
302752,67.0
302768,53.0
302816,35.0
302816,39.0
302960,79.0
303008,15.0
303184,32.0
303248,27.0
303248,42.0
303312,72.0
303344,44.0
303360,78.0
303392,40.0
303408,45.0
303456,48.0
303456,52.0
303456,28.0
303584,73.0
303632,51.0
303696,46.0
303728,78.0
303872,80.0
303888,40.0
303936,30.0
303984,40.0
304016,39.0
304016,38.0
304192,59.0
304224,54.0
304384,28.0
304384,47.0
304416,69.0
304432,35.0
304544,68.0
304560,69.0
304576,55.0
304592,38.0
304688,31.0
304688,94.0
304688,19.0
304688,69.0
304768,21.0
304784,48.0
304816,68.0
304912,64.0
304960,25.0
305008,39.0
305104,20.0
305216,25.0
305280,43.0
305344,48.0
305344,70.0
305376,52.0
305392,44.0
305392,44.0
305424,41.0
305440,89.0
305440,47.0
305504,68.0
305568,38.0
305712,64.0
305744,15.0
305776,25.0
305792,43.0
305824,27.0
305872,27.0
305936,32.0
305936,31.0
305952,59.0
305984,67.0
306112,52.0
306144,36.0
306144,47.0
306288,36.0
306304,27.0
306304,60.0
306320,11.0
306336,70.0
306352,33.0
306368,39.0
306400,38.0
306464,32.0
306608,52.0
306640,44.0
306656,19.0
306720,49.0
306752,28.0
306960,41.0
306992,37.0
307024,24.0
307056,48.0
307056,43.0
307072,26.0
307168,28.0
307184,75.0
307296,15.0
307328,62.0
307472,26.0
307520,66.0
307520,88.0
307520,75.0
307536,32.0
307648,94.0
307648,29.0
307728,25.0
307808,51.0
307824,22.0
307888,23.0
307904,46.0
307936,61.0
308016,45.0
308064,82.0
308080,34.0
308112,173.0
308144,67.0
308400,24.0
308432,31.0
308464,59.0
308608,125.0
308672,72.0
308704,66.0
308704,40.0
308720,62.0
308768,41.0
308832,63.0
308928,70.0
308928,80.0
309136,62.0
309200,31.0
309216,82.0
309216,38.0
309264,86.0
309376,38.0
309408,43.0
309456,47.0
309520,70.0
309536,21.0
309536,38.0
309568,56.0
309568,71.0
309664,75.0
309856,45.0
309872,112.0
309920,16.0
309968,71.0
310000,49.0
310032,41.0
310048,49.0
310064,38.0
310144,38.0
310208,50.0
310224,22.0
310224,63.0
310256,83.0
310272,47.0
310320,49.0
310416,53.0
310480,57.0
310544,34.0
310576,38.0
310592,24.0
310624,48.0
310624,30.0
310640,20.0
310672,28.0
310704,49.0
310720,42.0
310768,31.0
310896,12.0
310944,25.0
310944,45.0
311024,25.0
311072,63.0
311072,30.0
311136,55.0
311168,17.0
311184,72.0
311344,13.0
311392,28.0
311424,47.0
311424,59.0
311472,66.0
311552,58.0
311568,53.0
311584,32.0
311584,35.0
311808,39.0
311808,29.0
311872,25.0
311904,30.0
311920,61.0
311968,87.0
312032,60.0
312128,60.0
312208,39.0
312256,54.0
312272,94.0
312288,44.0
312304,47.0
312320,105.0
312352,34.0
312448,36.0
312464,56.0
312480,66.0
312528,35.0
312560,47.0
312848,25.0
312864,60.0
312912,37.0
312944,41.0
312944,64.0
312976,45.0
312992,33.0
313024,31.0
313088,60.0
313088,38.0
313120,53.0
313168,54.0
313232,55.0
313248,21.0
313280,27.0
313392,52.0
313440,26.0
313536,42.0
313552,29.0
313552,38.0
313600,87.0
313696,104.0
313696,38.0
313776,50.0
313776,38.0
313808,33.0
313856,57.0
313936,31.0
313936,44.0
314032,30.0
314096,69.0
314144,64.0
314144,28.0
314160,24.0
314192,59.0
314304,47.0
314336,15.0
314432,52.0
314464,48.0
314512,30.0
314528,71.0
314560,64.0
314688,47.0
314720,49.0
314736,11.0
314880,69.0
314880,67.0
314896,47.0
314992,17.0
314992,43.0
315040,36.0
315088,58.0
315136,38.0
315152,60.0
315248,51.0
315264,58.0
315280,24.0
315312,91.0
315360,53.0
315472,46.0
315552,42.0
315568,43.0
315712,25.0
315760,39.0
315824,49.0
315856,38.0
315936,49.0
315968,80.0
316064,49.0
316080,32.0
316128,65.0
316192,45.0
316208,59.0
316224,42.0
316240,78.0
316304,34.0
316304,37.0
316528,42.0
316624,43.0
316688,45.0
316704,160.0
316752,28.0
316784,35.0
316816,62.0
316880,40.0
316896,51.0
316944,99.0
316960,47.0
316992,58.0
317040,46.0
317088,60.0
317280,31.0
317280,68.0
317296,26.0
317360,42.0
317520,44.0
317536,49.0
317536,159.0
317568,65.0
317680,61.0
317712,47.0
317728,40.0
317760,51.0
317760,25.0
317760,54.0
317776,72.0
317808,18.0
317808,32.0
317920,10.0
318000,60.0
318096,26.0
318160,22.0
318176,26.0
318224,31.0
318272,80.0
318304,48.0
318416,71.0
318432,56.0
318496,12.0
318528,22.0
318592,49.0
318640,26.0
318704,62.0
318752,47.0
318768,75.0
318816,65.0
318848,36.0
318864,28.0
318864,59.0
318928,48.0
319008,57.0
319072,82.0
319104,29.0
319104,38.0
319168,46.0
319184,119.0
319200,38.0
319232,44.0
319344,40.0
319472,25.0
319504,31.0
319536,27.0
319568,29.0
319584,51.0
319632,48.0
319680,31.0
319680,51.0
319696,29.0
319744,34.0
319760,57.0
319888,13.0
320064,37.0
320080,46.0
320144,83.0
320208,65.0
320272,44.0
320272,95.0
320304,45.0
320336,36.0
320352,41.0
320480,53.0
320512,61.0
320736,66.0
320736,29.0
320752,26.0
320752,30.0
320768,64.0
320848,120.0
320880,23.0
320896,47.0
320944,90.0
320960,56.0
320976,31.0
321104,47.0
321136,58.0
321168,12.0
321360,39.0
321376,39.0
321392,32.0
321456,35.0
321456,86.0
321472,45.0
321680,59.0
321696,53.0
321744,17.0
321760,37.0
321792,53.0
321808,26.0
321824,121.0
321840,67.0
321984,19.0
322016,107.0
322144,25.0
322176,45.0
322208,78.0
322288,52.0
322384,35.0
322400,44.0
322416,36.0
322448,43.0
322464,30.0
322528,45.0
322592,91.0
322768,39.0
322800,106.0
322848,92.0
322928,71.0
322976,36.0
323056,106.0
323072,56.0
323168,72.0
323216,52.0
323216,39.0
323232,59.0
323360,57.0
323488,40.0
323520,34.0
323552,49.0
323600,87.0
323632,44.0
323664,78.0
323696,30.0
323760,37.0
323872,51.0
323968,23.0
324048,35.0
324064,62.0
324080,54.0
324128,29.0
324160,50.0
324240,34.0
324240,107.0
324288,93.0
324352,45.0
324384,72.0
324416,41.0
324480,20.0
324496,61.0
324576,32.0
324608,134.0
324704,46.0
324752,21.0
324784,57.0
324784,46.0
324880,11.0
324960,52.0
325040,47.0
325088,44.0
325120,32.0
325152,67.0
325152,100.0
325168,13.0
325280,65.0
325344,53.0
325360,30.0
325376,16.0
325392,38.0
325392,72.0
325392,65.0
325456,55.0
325520,48.0
325552,17.0
325632,15.0
325632,53.0
325664,31.0
325680,33.0
325744,22.0
325856,44.0
325872,12.0
325952,92.0
326064,27.0
326080,43.0
326096,63.0
326128,29.0
326160,70.0
326160,44.0
326176,27.0
326192,20.0
326208,43.0
326336,60.0
326416,20.0
326464,38.0
326528,56.0
326576,31.0
326608,41.0
326608,66.0
326624,79.0
326640,27.0
326656,37.0
326816,92.0
326912,45.0
326960,34.0
327008,34.0
327024,56.0
327136,61.0
327136,32.0
327152,34.0
327296,70.0
327408,52.0
327456,70.0
327472,59.0
327568,27.0
327648,43.0
327648,65.0
327664,47.0
327808,73.0
327824,73.0
327936,57.0
328000,62.0
328032,36.0
328080,79.0
328240,68.0
328368,35.0
328384,35.0
328416,70.0
328480,34.0
328496,53.0
328512,69.0
328608,14.0
328688,65.0
328704,42.0
328784,70.0
328800,45.0
328864,28.0
328880,32.0
328912,57.0
328912,84.0
328944,44.0
328992,31.0
329024,179.0
329040,27.0
329168,43.0
329184,42.0
329264,133.0
329440,123.0
329440,16.0
329536,46.0
329568,36.0
329568,44.0
329616,46.0
329616,11.0
329648,44.0
329712,50.0
329792,33.0
329856,67.0
329872,16.0
329872,53.0
329936,20.0
329936,77.0
329984,34.0
330096,33.0
330112,25.0
330128,90.0
330144,69.0
330208,81.0
330336,12.0
330384,28.0
330384,33.0
330432,79.0
330480,52.0
330528,25.0
330544,63.0
330624,52.0
330672,29.0
330688,70.0
330720,46.0
330880,49.0
330992,70.0
331120,78.0
331136,26.0
331312,39.0
331312,43.0
331376,15.0
331376,56.0
331488,86.0
331552,63.0
331568,74.0
331616,68.0
331632,32.0
331664,83.0
331712,45.0
331728,66.0
331760,55.0
331840,91.0
331856,34.0
331968,41.0
332000,24.0
332032,34.0
332176,39.0
332288,36.0
332304,42.0
332320,59.0
332336,19.0
332368,38.0
332400,14.0
332400,52.0
332432,156.0
332448,126.0
332464,68.0
332480,47.0
332512,41.0
332560,35.0
332608,18.0
332640,42.0
332672,52.0
332736,67.0
332752,12.0
332816,26.0
332912,32.0
332960,41.0
332976,33.0
333008,25.0
333024,13.0
333056,45.0
333088,38.0
333168,27.0
333280,40.0
333312,53.0
333312,50.0
333392,23.0
333392,69.0
333456,25.0
333584,57.0
333616,38.0
333680,48.0
333680,44.0
333728,35.0
333760,50.0
333856,34.0
333952,31.0
334064,82.0
334080,31.0
334096,108.0
334128,53.0
334176,49.0
334240,113.0
334320,63.0
334320,23.0
334352,42.0
334400,40.0
334480,50.0
334512,28.0
334688,37.0
334720,40.0
334864,111.0
334992,86.0
334992,42.0
335040,40.0
335040,74.0
335056,23.0
335072,105.0
335120,48.0
335264,59.0
335264,12.0
335456,59.0
335488,27.0
335504,86.0
335504,79.0
335568,19.0
335600,30.0
335712,28.0
335728,14.0
335824,84.0
335888,56.0
335936,76.0
335984,33.0
336000,60.0
336064,22.0
336080,147.0
336112,34.0
336176,74.0
336256,17.0
336256,23.0
336352,11.0
336352,136.0
336384,49.0
336384,28.0
336448,59.0
336496,63.0
336544,94.0
336560,106.0
336720,45.0
336720,62.0
336768,41.0
336784,25.0
336784,60.0
336832,21.0
336832,24.0
336864,50.0
336880,50.0
336944,37.0
336992,38.0
336992,40.0
337024,48.0
337168,28.0
337200,40.0
337248,26.0
337392,28.0
337408,24.0
337424,27.0
337536,47.0
337552,45.0
337600,51.0
337648,48.0
337680,43.0
337696,90.0
337696,72.0
337728,54.0
337728,63.0
337728,19.0
337760,62.0
337776,38.0
337856,38.0
337888,43.0
338128,27.0
338240,44.0
338256,35.0
338336,59.0
338352,37.0
338384,52.0
338400,42.0
338400,62.0
338496,53.0
338496,48.0
338656,17.0
338720,54.0
338784,34.0
338800,25.0
338800,57.0
338800,42.0
338944,43.0
339056,44.0
339056,21.0
339056,25.0
339056,86.0
339072,84.0
339088,93.0
339232,27.0
339248,11.0
339280,30.0
339296,31.0
339312,51.0
339376,61.0
339392,21.0
339440,41.0
339488,62.0
339552,31.0
339552,20.0
339568,77.0
339600,19.0
339632,36.0
339632,15.0
339824,48.0
339856,30.0
339904,133.0
339984,44.0
340000,66.0
340048,60.0
340064,47.0
340112,54.0
340160,38.0
340192,44.0
340256,51.0
340336,49.0
340352,33.0
340432,52.0
340640,40.0
340688,70.0
340720,24.0
340720,68.0
340720,41.0
340784,58.0
340816,74.0
340848,43.0
340912,35.0
341024,61.0
341040,53.0
341072,27.0
341152,56.0
341152,19.0
341168,30.0
341184,25.0
341216,31.0
341264,22.0
341280,35.0
341280,35.0
341296,54.0
341344,77.0
341344,85.0
341456,19.0
341488,26.0
341568,47.0
341744,37.0
341808,39.0
341824,35.0
341856,40.0
341872,36.0
341904,55.0
341968,129.0
342048,48.0
342112,39.0
342112,48.0
342192,53.0
342240,27.0
342384,40.0
342400,85.0
342400,77.0
342480,18.0
342576,45.0
342592,22.0
342720,79.0
342736,73.0
342784,94.0
342816,48.0
342880,57.0
342880,48.0
342960,24.0
342976,67.0
343056,20.0
343104,39.0
343168,84.0
343200,68.0
343200,50.0
343280,88.0
343296,26.0
343344,29.0
343376,61.0
343392,42.0
343392,38.0
343440,66.0
343488,56.0
343616,21.0
343648,42.0
343648,28.0
343664,53.0
343792,43.0
343872,57.0
343984,37.0
344048,41.0
344064,56.0
344112,42.0
344144,59.0
344160,42.0
344240,36.0
344256,38.0
344256,60.0
344288,59.0
344352,46.0
344352,81.0
344400,38.0
344432,23.0
344512,40.0
344528,17.0
344544,73.0
344576,29.0
344608,35.0
344736,12.0
344752,37.0
344784,34.0
344832,53.0
344896,40.0
344896,29.0
344960,27.0
344960,35.0
344960,82.0
344992,44.0
345008,41.0
345024,17.0
345072,45.0
345120,21.0
345184,18.0
345360,18.0
345504,20.0
345520,86.0
345536,26.0
345552,45.0
345584,53.0
345600,38.0
345648,39.0
345696,46.0
345728,48.0
345728,23.0
345760,72.0
345776,79.0
345904,25.0
345968,27.0
346016,66.0
346048,22.0
346128,70.0
346144,11.0
346224,44.0
346224,83.0
346272,43.0
346288,17.0
346288,24.0
346288,33.0
346304,41.0
346336,110.0
346384,52.0
346576,61.0
346640,32.0
346656,38.0
346688,29.0
346784,66.0
346832,12.0
346832,34.0
346928,49.0
346928,37.0
346928,72.0
346960,19.0
346976,37.0
346992,44.0
347152,29.0
347216,27.0
347232,63.0
347248,20.0
347264,96.0
347280,28.0
347312,24.0
347456,31.0
347488,76.0
347504,58.0
347520,76.0
347600,39.0
347616,49.0
347632,30.0
347664,10.0
347696,48.0
347728,46.0
347744,29.0
347840,36.0
347840,97.0
347904,37.0
347904,13.0
348048,37.0
348064,28.0
348064,29.0
348112,55.0
348160,27.0
348192,35.0
348240,47.0
348272,64.0
348304,35.0
348400,55.0
348496,37.0
348528,43.0
348544,24.0
348592,47.0
348688,36.0
348688,92.0
348720,33.0
348928,24.0
348992,59.0
349040,61.0
349104,44.0
349168,79.0
349264,34.0
349264,46.0
349264,17.0
349296,77.0
349328,52.0
349360,66.0
349488,28.0
349504,57.0
349520,52.0
349536,53.0
349632,44.0
349696,37.0
349728,91.0
349808,30.0
349840,42.0
349968,44.0
350000,146.0
350112,36.0
350256,39.0
350304,49.0
350336,38.0
350368,42.0
350400,25.0
350448,40.0
350448,38.0
350448,59.0
350464,75.0
350496,33.0
350528,77.0
350528,12.0
350592,69.0
350592,21.0
350704,21.0
350720,91.0
350752,19.0
350848,163.0
350896,25.0
350912,28.0
350928,25.0
350944,52.0
350976,24.0
351120,42.0
351152,27.0
351152,44.0
351152,28.0
351216,57.0
351248,53.0
351344,47.0
351360,32.0
351408,128.0
351504,61.0
351504,22.0
351520,11.0
351520,37.0
351584,23.0
351632,43.0
351696,50.0
351888,33.0
351920,73.0
351952,27.0
352016,48.0
352048,34.0
352064,68.0
352080,60.0
352096,37.0
352112,60.0
352128,76.0
352160,63.0
352176,37.0
352400,62.0
352608,33.0
352720,52.0
352720,48.0
352736,65.0
352784,79.0
352832,75.0
352896,50.0
352912,62.0
352992,59.0
353056,59.0
353136,63.0
353184,25.0
353232,73.0
353328,38.0
353360,33.0
353456,46.0
353552,35.0
353584,61.0
353600,90.0
353664,93.0
353664,103.0
353760,64.0
353760,36.0
353840,32.0
353840,38.0
353936,65.0
354128,76.0
354144,109.0
354240,43.0
354240,55.0
354352,48.0
354448,38.0
354448,87.0
354464,50.0
354496,46.0
354608,30.0
354720,99.0
354752,62.0
354896,34.0
354896,66.0
354912,42.0
355104,94.0
355200,96.0
355232,49.0
355328,74.0
355360,29.0
355392,18.0
355408,50.0
355440,94.0
355440,61.0
355440,75.0
355456,125.0
355472,64.0
355600,53.0
355664,16.0
355760,79.0
355840,70.0
355856,39.0
355888,62.0
355904,29.0
355920,45.0
355984,41.0
356000,40.0
356128,23.0
356160,35.0
356192,50.0
356224,48.0
356256,37.0
356320,30.0
356352,55.0
356384,92.0
356384,59.0
356560,41.0
356592,72.0
356688,35.0
356768,55.0
356800,36.0
356816,27.0
356816,51.0
356896,44.0
357024,73.0
357024,44.0
357024,42.0
357040,41.0
357152,62.0
357152,56.0
357216,12.0
357232,34.0
357248,14.0
357392,92.0
357408,11.0
357440,18.0
357568,33.0
357600,28.0
357632,52.0
357632,46.0
357648,104.0
357680,68.0
357792,61.0
357792,77.0
357824,24.0
357856,40.0
357888,15.0
357952,58.0
357952,74.0
357984,37.0
358064,78.0
358064,27.0
358096,43.0
358128,17.0
358256,27.0
358256,19.0
358272,30.0
358432,28.0
358432,50.0
358448,48.0
358592,62.0
358592,33.0
358624,66.0
358704,28.0
358800,13.0
358800,42.0
358832,65.0
358848,60.0
358944,55.0
359008,47.0
359008,35.0
359024,37.0
359104,72.0
359200,69.0
359296,42.0
359328,31.0
359328,33.0
359344,21.0
359472,33.0
359616,37.0
359632,27.0
359632,58.0
359632,52.0
359888,37.0
359920,28.0
359952,69.0
359952,39.0
359968,40.0
360016,89.0
360032,43.0
360096,68.0
360112,30.0
360208,36.0
360320,118.0
360368,131.0
360400,48.0
360448,15.0
360464,23.0
360656,39.0
360672,45.0
360704,21.0
360720,217.0
360880,35.0
360880,54.0
360880,26.0
360896,58.0
360960,35.0
360992,65.0
361136,15.0
361200,80.0
361216,21.0
361248,34.0
361312,106.0
361408,43.0
361456,63.0
361472,32.0
361616,46.0
361616,46.0
361632,158.0
361728,67.0
361744,47.0
361776,29.0
361808,35.0
361872,41.0
361904,77.0
361920,45.0
361936,50.0
361968,130.0
362000,37.0
362080,21.0
362112,21.0
362176,17.0
362288,52.0
362288,51.0
362336,139.0
362368,46.0
362592,42.0
362608,62.0
362704,26.0
362720,62.0
362752,51.0
362784,44.0
362816,28.0
362848,65.0
362896,56.0
362912,59.0
362912,65.0
362912,36.0
363024,11.0
363088,11.0
363120,63.0
363184,25.0
363184,36.0
363200,38.0
363264,22.0
363264,68.0
363408,31.0
363408,43.0
363456,73.0
363472,48.0
363504,43.0
363584,20.0
363632,46.0
363648,29.0
363728,29.0
363840,13.0
363888,54.0
363904,28.0
363936,33.0
364016,51.0
364032,59.0
364112,156.0
364160,43.0
364240,66.0
364336,28.0
364336,58.0
364384,50.0
364400,56.0
364512,31.0
364528,88.0
364608,60.0
364624,43.0
364688,60.0
364704,37.0
364800,56.0
364800,128.0
364848,28.0
364896,13.0
364976,51.0
364992,12.0
365136,56.0
365216,74.0
365248,40.0
365248,88.0
365248,45.0
365312,58.0
365328,51.0
365360,32.0
365408,67.0
365408,17.0
365584,23.0
365600,79.0
365632,63.0
365696,44.0
365760,28.0
365760,27.0
365824,12.0
365840,59.0
365840,37.0
365856,16.0
365856,38.0
365936,71.0
366064,30.0
366112,88.0
366144,46.0
366176,26.0
366288,58.0
366352,32.0
366416,45.0
366416,36.0
366448,92.0
366464,40.0
366560,82.0
366624,13.0
366656,50.0
366672,79.0
366784,53.0
366816,40.0
366912,72.0
366944,37.0
366960,19.0
366960,53.0
366976,70.0
366992,44.0
367056,62.0
367328,23.0
367344,49.0
367344,58.0
367424,80.0
367456,40.0
367504,37.0
367504,45.0
367520,56.0
367584,70.0
367632,42.0
367728,66.0
367728,46.0
367744,50.0
367792,84.0
367856,32.0
367872,56.0
368016,14.0
368064,38.0
368096,42.0
368128,49.0
368160,41.0
368272,76.0
368336,51.0
368368,54.0
368368,39.0
368416,43.0
368496,27.0
368512,58.0
368528,41.0
368560,44.0
368720,44.0
368768,42.0
368816,68.0
368832,94.0
368832,29.0
368944,38.0
368944,51.0
368960,83.0
368992,11.0
369088,51.0
369088,42.0
369104,24.0
369152,62.0
369184,51.0
369200,23.0
369312,50.0
369376,26.0
369376,51.0
369456,60.0
369568,50.0
369600,14.0
369696,54.0
369728,49.0
369840,82.0
369840,40.0
369904,11.0
370000,53.0
370016,26.0
370368,89.0
370384,23.0
370400,59.0
370480,87.0
370512,59.0
370544,97.0
370560,92.0
370592,88.0
370624,49.0
370704,21.0
370720,64.0
370784,59.0
370800,106.0
370800,89.0
370816,51.0
370848,14.0
370848,96.0
370976,27.0
371056,29.0
371072,14.0
371168,38.0
371216,32.0
371264,55.0
371280,29.0
371328,33.0
371568,37.0
371568,73.0
371568,66.0
371648,24.0
371696,61.0
371712,41.0
371760,30.0
371776,13.0
371872,44.0
371888,65.0
371904,89.0
371904,12.0
372000,49.0
372032,21.0
372080,11.0
372080,136.0
372160,32.0
372240,57.0
372256,16.0
372320,96.0
372400,52.0
372416,53.0
372464,37.0
372464,27.0
372480,88.0
372496,45.0
372544,29.0
372656,116.0
372736,52.0
372736,26.0
372800,57.0
372928,27.0
373008,34.0
373072,82.0
373088,34.0
373104,28.0
373120,40.0
373136,66.0
373168,27.0
373168,58.0
373312,14.0
373408,62.0
373408,63.0
373456,75.0
373536,33.0
373600,54.0
373616,31.0
373744,59.0
373808,103.0
373840,42.0
373856,47.0
373904,90.0
373952,64.0
374080,63.0
374112,44.0
374240,58.0
374320,30.0
374384,58.0
374384,48.0
374416,51.0
374576,65.0
374736,49.0
374784,103.0
374784,101.0
374848,46.0
374864,91.0
374880,50.0
374880,64.0
374960,24.0
374992,36.0
375008,48.0
375040,41.0
375088,44.0
375136,18.0
375200,21.0
375312,98.0
375344,22.0
375408,33.0
375440,96.0
375440,70.0
375552,37.0
375552,51.0
375568,49.0
375616,52.0
375712,44.0
375776,23.0
375824,46.0
375936,24.0
375936,39.0
376000,137.0
376048,31.0
376144,44.0
376160,80.0
376192,53.0
376240,50.0
376320,34.0
376336,75.0
376400,43.0
376480,41.0
376576,24.0
376608,28.0
376640,67.0
376656,38.0
376816,55.0
376832,37.0
376832,27.0
376896,60.0
376928,58.0
376944,39.0
376960,20.0
377088,47.0
377136,35.0
377136,62.0
377152,14.0
377280,130.0
377280,28.0
377296,30.0
377328,42.0
377328,31.0
377408,50.0
377440,31.0
377504,22.0
377552,157.0
377552,29.0
377616,41.0
377776,81.0
377840,27.0
377840,35.0
377872,27.0
377936,65.0
377984,53.0
378000,10.0
378000,149.0
378032,30.0
378208,14.0
378224,59.0
378304,43.0
378352,30.0
378384,68.0
378432,69.0
378432,37.0
378496,45.0
378512,60.0
378656,17.0
378688,43.0
378720,76.0
378784,47.0
378816,32.0
378848,40.0
378864,54.0
378912,30.0
378912,30.0
378960,28.0
378992,48.0
379008,41.0
379040,107.0
379168,127.0
379312,41.0
379440,33.0
379456,34.0
379456,38.0
379536,53.0
379568,53.0
379568,49.0
379584,68.0
379632,39.0
379648,49.0
379648,43.0
379648,52.0
379824,118.0
379824,11.0
379856,13.0
379936,56.0
379952,60.0
379984,42.0
380048,37.0
380080,34.0
380080,57.0
380112,33.0
380160,37.0
380160,44.0
380336,56.0
380352,45.0
380432,24.0
380512,43.0
380544,37.0
380640,62.0
380656,31.0
380736,47.0
380736,57.0
380768,38.0
380784,27.0
380896,35.0
381024,37.0
381024,16.0
381056,75.0
381104,62.0
381136,39.0
381216,42.0
381248,82.0
381296,76.0
381344,79.0
381488,47.0
381568,32.0
381568,42.0
381600,36.0
381600,36.0
381632,61.0
381632,62.0
381648,54.0
381680,29.0
381808,11.0
381808,20.0
381904,50.0
381936,40.0
381984,53.0
382016,42.0
382080,157.0
382128,30.0
382208,40.0
382208,25.0
382240,19.0
382272,64.0
382320,32.0
382480,50.0
382496,58.0
382528,39.0
382576,59.0
382672,37.0
382752,72.0
382816,38.0
382848,33.0
382912,49.0
382992,32.0
383024,13.0
383104,22.0
383120,57.0
383136,96.0
383168,42.0
383296,28.0
383296,45.0
383344,42.0
383360,86.0
383376,53.0
383424,25.0
383440,75.0
383456,90.0
383488,23.0
383584,26.0
383632,45.0
383696,35.0
383728,187.0
383744,40.0
383776,22.0
383840,98.0
383968,30.0
383968,32.0
384000,39.0
384032,37.0
384064,48.0
384064,27.0
384064,44.0
384176,25.0
384224,30.0
384240,59.0
384256,35.0
384320,30.0
384400,42.0
384400,88.0
384448,28.0
384560,37.0
384624,41.0
384720,41.0
384768,44.0
384784,90.0
384816,77.0
384848,25.0
384928,44.0
384960,49.0
385008,38.0
385120,25.0
385184,14.0
385200,40.0
385200,36.0
385360,83.0
385376,11.0
385376,70.0
385392,72.0
385472,34.0
385504,74.0
385504,46.0
385504,90.0
385520,32.0
385536,47.0
385568,47.0
385600,26.0
385616,31.0
385648,78.0
385808,27.0
385856,63.0
385904,21.0
385984,30.0
386096,56.0
386112,38.0
386160,32.0
386160,41.0
386256,41.0
386256,45.0
386272,26.0
386400,58.0
386432,11.0
386448,34.0
386528,73.0
386608,68.0
386704,83.0
386720,35.0
386720,38.0
386832,35.0
386864,16.0
386864,48.0
386912,41.0
386976,99.0
386976,17.0
387040,77.0
387040,38.0
387056,41.0
387072,57.0
387136,43.0
387168,28.0
387424,56.0
387424,90.0
387424,35.0
387488,41.0
387488,26.0
387488,28.0
387504,40.0
387552,121.0
387648,14.0
387696,45.0
387712,42.0
387728,63.0
387856,50.0
387856,45.0
387984,21.0
388016,32.0
388080,69.0
388080,33.0
388096,38.0
388128,26.0
388208,22.0
388224,46.0
388336,30.0
388400,57.0
388400,77.0
388496,67.0
388688,30.0
388688,79.0
388704,39.0
388720,64.0
388768,34.0
388784,50.0
388800,45.0
388832,27.0
388896,124.0
388896,50.0
388960,35.0
389040,22.0
389168,90.0
389184,26.0
389232,69.0
389232,56.0
389248,77.0
389312,51.0
389344,40.0
389440,47.0
389472,43.0
389488,19.0
389584,22.0
389648,47.0
389680,53.0
389696,56.0
389696,61.0
389792,47.0
389792,35.0
389824,15.0
389856,34.0
389872,61.0
389984,46.0
389984,31.0
390176,30.0
390208,65.0
390224,27.0
390224,79.0
390320,21.0
390352,33.0
390448,36.0
390464,62.0
390496,66.0
390496,51.0
390512,73.0
390544,56.0
390560,54.0
390640,41.0
390656,54.0
390720,13.0
390752,34.0
390896,34.0
390912,28.0
390960,13.0
390992,48.0
391008,32.0
391120,36.0
391152,41.0
391152,61.0
391152,37.0
391184,29.0
391184,60.0
391184,46.0
391200,34.0
391376,30.0
391408,13.0
391440,50.0
391456,100.0
391536,22.0
391536,33.0
391568,41.0
391600,40.0
391632,30.0
391632,40.0
391648,31.0
391744,39.0
392000,39.0
392064,39.0
392128,59.0
392144,38.0
392320,73.0
392336,44.0
392336,126.0
392336,37.0
392384,75.0
392416,51.0
392464,51.0
392496,68.0
392544,61.0
392544,26.0
392576,59.0
392704,24.0
392800,84.0
392848,32.0
392864,18.0
392880,29.0
392912,23.0
392912,28.0
393088,34.0
393120,39.0
393168,52.0
393184,24.0
393232,77.0
393264,11.0
393296,77.0
393328,74.0
393376,62.0
393376,42.0
393600,43.0
393696,51.0
393728,29.0
393728,22.0
393856,145.0
393904,62.0
393904,98.0
393920,50.0
393936,47.0
393952,68.0
393968,46.0
394016,73.0
394128,50.0
394176,50.0
394176,30.0
394272,34.0
394304,71.0
394384,29.0
394544,43.0
394560,41.0
394576,40.0
394624,38.0
394704,69.0
394784,51.0
394880,47.0
394896,59.0
394944,23.0
394992,28.0
395008,52.0
395104,52.0
395104,86.0
395120,51.0
395184,118.0
395232,42.0
395264,55.0
395312,43.0
395376,16.0
395408,25.0
395456,80.0
395472,37.0
395504,32.0
395568,16.0
395568,42.0
395616,42.0
395728,34.0
395808,36.0
395904,125.0
395936,30.0
396016,57.0
396032,39.0
396048,34.0
396096,62.0
396112,24.0
396128,47.0
396192,11.0
396256,62.0
396304,43.0
396320,17.0
396384,36.0
396544,27.0
396608,65.0
396640,121.0
396656,47.0
396736,79.0
396752,45.0
396752,74.0
396800,42.0
396800,54.0
396880,36.0
396896,50.0
396896,44.0
397056,25.0
397072,43.0
397120,146.0
397136,37.0
397168,53.0
397376,40.0
397424,49.0
397520,57.0
397536,46.0
397552,81.0
397600,11.0
397712,36.0
397728,38.0
397744,54.0
397760,37.0
397776,44.0
397824,64.0
397856,50.0
397920,64.0
397920,73.0
397952,26.0
398032,32.0
398128,26.0
398208,91.0
398240,24.0
398288,87.0
398304,58.0
398384,52.0
398384,27.0
398400,50.0
398432,43.0
398432,41.0
398432,42.0
398480,41.0
398512,37.0
398528,31.0
398592,54.0
398624,44.0
398640,16.0
398768,35.0
398800,42.0
398912,38.0
398944,34.0
398960,20.0
398960,36.0
398976,34.0
399072,40.0
399072,52.0
399120,43.0
399168,43.0
399200,42.0
399216,37.0
399232,59.0
399344,52.0
399360,25.0
399488,26.0
399552,36.0
399632,43.0
399664,67.0
399776,61.0
399776,44.0
399824,44.0
399840,67.0
399856,43.0
399920,63.0
399936,46.0
399936,36.0
399952,45.0
399968,30.0
400000,49.0
400000,65.0
400048,13.0
400080,26.0
400128,11.0
400160,24.0
400192,53.0
400320,43.0
400320,25.0
400336,49.0
400352,26.0
400368,13.0
400528,44.0
400560,35.0
400592,37.0
400608,52.0
400672,44.0
400672,51.0
400704,24.0
400736,13.0
400768,43.0
400768,28.0
400768,52.0
400768,36.0
400880,34.0
400896,14.0
400976,53.0
401248,30.0
401248,55.0
401264,23.0
401264,31.0
401296,33.0
401312,40.0
401312,38.0
401360,30.0
401408,42.0
401408,40.0
401520,73.0
401664,67.0
401712,69.0
401728,26.0
401792,51.0
401808,34.0
401824,26.0
401888,83.0
401888,39.0
401904,38.0
401952,37.0
401968,19.0
402128,130.0
402160,57.0
402160,23.0
402208,56.0
402256,28.0
402272,19.0
402304,37.0
402336,68.0
402368,60.0
402432,30.0
402608,45.0
402640,70.0
402672,48.0
402688,33.0
402768,65.0
402928,41.0
402960,47.0
403024,21.0
403072,59.0
403104,76.0
403168,54.0
403184,26.0
403264,69.0
403280,91.0
403280,53.0
403328,62.0
403392,27.0
403408,14.0
403424,66.0
403456,27.0
403616,63.0
403760,70.0
403968,35.0
404000,45.0
404016,43.0
404048,61.0
404096,21.0
404128,54.0
404256,52.0
404272,100.0
404288,63.0
404288,56.0
404304,86.0
404320,129.0
404336,77.0
404448,28.0
404480,27.0
404608,40.0
404624,91.0
404656,40.0
404672,24.0
404800,42.0
404800,31.0
404944,83.0
404944,39.0
404944,38.0
404976,45.0
405024,26.0
405088,50.0
405104,10.0
405168,23.0
405200,34.0
405216,110.0
405264,29.0
405344,56.0
405376,69.0
405392,57.0
405424,30.0
405488,51.0
405616,12.0
405648,39.0
405680,99.0
405728,47.0
405856,47.0
405936,46.0
405952,83.0
406080,44.0
406160,48.0
406256,38.0
406256,62.0
406352,71.0
406368,75.0
406400,91.0
406432,22.0
406464,32.0
406480,14.0
406528,50.0
406560,12.0
406624,43.0
406688,100.0
406688,75.0
406752,37.0
406752,88.0
406784,22.0
406832,72.0
406912,41.0
406928,15.0
406976,31.0
406992,71.0
407024,17.0
407088,29.0
407104,36.0
407120,23.0
407136,95.0
407200,46.0
407216,54.0
407248,43.0
407296,13.0
407360,33.0
407456,33.0
407472,67.0
407552,28.0
407568,34.0
407584,56.0
407632,11.0
407824,53.0
407920,39.0
407936,46.0
407936,36.0
407984,53.0
408064,32.0
408064,80.0
408128,31.0
408128,71.0
408160,59.0
408208,40.0
408352,27.0
408368,56.0
408384,92.0
408400,15.0
408448,39.0
408448,24.0
408512,79.0
408544,26.0
408592,15.0
408656,96.0
408720,49.0
408736,72.0
408768,44.0
408816,55.0
408816,43.0
408864,41.0
408880,31.0
408928,24.0
408944,36.0
408976,36.0
409088,40.0
409168,41.0
409168,45.0
409200,76.0
409344,38.0
409408,27.0
409456,37.0
409504,49.0
409504,43.0
409552,38.0
409616,53.0
409712,34.0
409760,26.0
409776,60.0
409792,39.0
409856,41.0
409920,62.0
409968,55.0
409984,87.0
410176,42.0
410288,52.0
410368,47.0
410368,25.0
410384,33.0
410384,94.0
410448,41.0
410480,48.0
410480,44.0
410512,37.0
410672,70.0
410704,21.0
410768,132.0
410832,28.0
410848,29.0
410848,68.0
410896,93.0
410912,88.0
410928,26.0
410976,31.0
411104,25.0
411120,52.0
411120,59.0
411136,48.0
411152,44.0
411200,27.0
411216,77.0
411248,36.0
411392,31.0
411408,58.0
411552,44.0
411600,30.0
411616,43.0
411632,41.0
411680,48.0
411696,53.0
411744,57.0
411760,39.0
411808,13.0
411856,44.0
412000,56.0
412192,28.0
412208,25.0
412224,63.0
412224,69.0
412272,40.0
412272,64.0
412288,55.0
412352,42.0
412416,12.0
412464,79.0
412496,46.0
412640,40.0
412672,70.0
412688,81.0
412688,62.0
412768,36.0
412768,34.0
412880,12.0
413008,50.0
413024,42.0
413056,11.0
413152,41.0
413184,57.0
413280,51.0
413408,97.0
413456,43.0
413520,77.0
413520,47.0
413520,55.0
413536,54.0
413552,23.0
413568,122.0
413584,33.0
413600,28.0
413680,88.0
413712,81.0
413744,45.0
413808,50.0
413920,40.0
413920,21.0
413952,31.0
414144,91.0
414144,39.0
414160,40.0
414160,37.0
414176,31.0
414192,42.0
414240,33.0
414288,30.0
414304,44.0
414368,28.0
414432,30.0
414544,15.0
414560,12.0
414592,65.0
414640,31.0
414672,47.0
414752,63.0
414768,37.0
414800,32.0
414800,13.0
414832,42.0
414912,30.0
414928,87.0
414944,50.0
415136,108.0
415200,63.0
415216,66.0
415312,25.0
415344,34.0
415376,34.0
415408,30.0
415408,53.0
415440,42.0
415456,57.0
415456,32.0
415616,54.0
415648,53.0
415824,99.0
415840,12.0
415840,24.0
415840,25.0
415984,82.0
416000,37.0
416000,41.0
416064,14.0
416080,55.0
416128,32.0
416176,96.0
416272,60.0
416288,67.0
416288,14.0
416304,56.0
416368,62.0
416432,61.0
416544,45.0
416640,40.0
416672,42.0
416688,16.0
416720,55.0
416720,46.0
416864,43.0
416928,40.0
416960,41.0
417056,76.0
417120,53.0
417168,13.0
417248,33.0
417296,47.0
417424,46.0
417440,85.0
417456,37.0
417472,34.0
417552,57.0
417584,26.0
417648,61.0
417776,93.0
417776,30.0
417904,96.0
417968,32.0
418000,59.0
418112,35.0
418128,187.0
418128,43.0
418128,125.0
418144,56.0
418224,28.0
418304,41.0
418416,81.0
418560,49.0
418576,22.0
418592,28.0
418624,31.0
418672,122.0
418688,49.0
418688,36.0
418704,36.0
418736,79.0
418752,73.0
418848,53.0
418848,10.0
418864,35.0
418992,54.0
419056,102.0
419136,29.0
419152,35.0
419168,27.0
419232,79.0
419248,34.0
419312,43.0
419392,25.0
419408,62.0
419408,53.0
419456,38.0
419584,56.0
419664,32.0
419696,33.0
419712,29.0
419728,72.0
419744,32.0
419744,21.0
419856,69.0
419952,51.0
420000,34.0
420032,20.0
420144,46.0
420144,28.0
420208,56.0
420240,87.0
420272,38.0
420336,80.0
420384,33.0
420416,42.0
420448,28.0
420496,10.0
420512,35.0
420544,51.0
420560,18.0
420672,33.0
420704,29.0
420736,44.0
420784,25.0
420784,120.0
420832,43.0
421040,30.0
421120,44.0
421120,86.0
421184,40.0
421200,101.0
421232,115.0
421312,33.0
421424,15.0
421440,62.0
421456,42.0
421472,40.0
421600,58.0
421600,54.0
421616,88.0
421616,31.0
421776,67.0
421840,33.0
421872,86.0
421968,33.0
421968,46.0
422000,33.0
422016,26.0
422032,27.0
422128,68.0
422288,42.0
422288,73.0
422304,53.0
422384,38.0
422512,31.0
422512,30.0
422528,69.0
422608,20.0
422640,42.0
422672,34.0
422672,23.0
422720,27.0
422848,55.0
422848,11.0
422880,105.0
422976,61.0
422992,38.0
422992,155.0
423024,74.0
423152,80.0
423216,44.0
423248,33.0
423264,41.0
423312,29.0
423360,52.0
423392,111.0
423424,57.0
423424,34.0
423520,53.0
423584,37.0
423664,51.0
423728,36.0
423760,34.0
423760,21.0
423984,84.0
424048,64.0
424208,60.0
424208,14.0
424272,47.0
424352,43.0
424368,66.0
424432,73.0
424464,44.0
424480,56.0
424544,70.0
424560,99.0
424640,55.0
424656,24.0
424736,43.0
424816,29.0
424832,69.0
424848,93.0
424864,24.0
425024,51.0
425056,13.0
425072,105.0
425104,15.0
425248,65.0
425360,148.0
425376,51.0
425408,37.0
425424,43.0
425440,61.0
425504,53.0
425520,31.0
425520,61.0
425520,55.0
425536,69.0
425600,34.0
425712,40.0
425728,30.0
425808,18.0
425856,31.0
425856,28.0
425888,49.0
425952,26.0
425952,70.0
426128,47.0
426128,43.0
426144,27.0
426304,50.0
426320,23.0
426336,38.0
426352,25.0
426384,33.0
426432,57.0
426512,39.0
426528,25.0
426544,26.0
426560,47.0
426640,49.0
426640,65.0
426848,31.0
426912,87.0
426928,38.0
426992,43.0
427008,99.0
427024,24.0
427056,34.0
427072,46.0
427184,65.0
427232,44.0
427248,180.0
427280,16.0
427360,23.0
427440,55.0
427488,36.0
427488,40.0
427520,71.0
427536,38.0
427584,36.0
427744,69.0
427760,30.0
427792,46.0
427824,18.0
427824,24.0
428000,51.0
428032,13.0
428112,47.0
428224,61.0
428224,62.0
428224,72.0
428336,53.0
428352,37.0
428368,36.0
428400,57.0
428400,36.0
428416,124.0
428432,57.0
428448,21.0
428640,26.0
428640,13.0
428640,131.0
428656,27.0
428864,26.0
428912,43.0
428912,83.0
428944,34.0
429008,63.0
429008,40.0
429104,85.0
429120,48.0
429136,12.0
429168,48.0
429184,72.0
429216,36.0
429248,52.0
429296,27.0
429376,65.0
429424,48.0
429440,33.0
429472,21.0
429504,21.0
429616,38.0
429648,63.0
429664,35.0
429680,29.0
429792,31.0
429808,73.0
429920,57.0
429920,42.0
430064,40.0
430080,56.0
430096,41.0
430176,66.0
430240,54.0
430256,28.0
430368,44.0
430368,28.0
430384,46.0
430384,92.0
430464,24.0
430480,24.0
430608,34.0
430704,68.0
430720,34.0
430720,21.0
430720,78.0
430768,79.0
430832,57.0
430880,39.0
430928,35.0
430944,72.0
431040,17.0
431088,53.0
431200,20.0
431248,40.0
431440,32.0
431456,46.0
431504,65.0
431520,51.0
431520,65.0
431520,71.0
431568,23.0
431584,34.0
431616,42.0
431744,86.0
431872,72.0
431952,54.0
432000,145.0
432016,81.0
432016,27.0
432032,33.0
432096,53.0
432160,44.0
432176,41.0
432192,42.0
432240,88.0
432272,47.0
432352,38.0
432448,31.0
432528,68.0
432528,27.0
432576,44.0
432624,38.0
432688,32.0
432736,45.0
432768,46.0
432848,36.0
432848,77.0
432928,85.0
432928,25.0
432944,37.0
433024,54.0
433120,55.0
433152,14.0
433296,69.0
433312,34.0
433360,85.0
433360,26.0
433392,54.0
433408,35.0
433456,48.0
433584,60.0
433584,12.0
433632,56.0
433632,32.0
433776,53.0
434016,41.0
434032,99.0
434032,28.0
434048,92.0
434112,41.0
434128,69.0
434160,63.0
434176,54.0
434224,37.0
434240,87.0
434256,53.0
434368,20.0
434368,63.0
434384,22.0
434400,14.0
434416,24.0
434416,70.0
434448,54.0
434560,34.0
434672,16.0
434736,39.0
434768,71.0
434784,21.0
434800,42.0
434832,29.0
434880,40.0
434896,32.0
434960,34.0
434976,75.0
435024,54.0
435104,44.0
435184,51.0
435184,26.0
435216,27.0
435264,37.0
435296,46.0
435344,70.0
435344,68.0
435392,23.0
435392,18.0
435424,43.0
435456,36.0
435632,42.0
435680,49.0
435696,30.0
435760,49.0
435952,41.0
435968,32.0
436048,39.0
436064,42.0
436096,52.0
436128,49.0
436144,50.0
436160,48.0
436176,62.0
436176,86.0
436352,13.0
436400,27.0
436400,44.0
436576,59.0
436592,40.0
436656,30.0
436672,62.0
436704,41.0
436832,46.0
436912,46.0
436976,112.0
437024,137.0
437040,61.0
437088,46.0
437216,40.0
437248,70.0
437264,54.0
437312,57.0
437376,101.0
437424,11.0
437424,52.0
437472,31.0
437488,29.0
437584,31.0
437712,50.0
437728,19.0
437792,68.0
437840,26.0
437856,64.0
437872,107.0
437968,30.0
437984,82.0
438016,44.0
438032,51.0
438064,37.0
438080,65.0
438160,36.0
438192,58.0
438288,26.0
438304,103.0
438400,42.0
438432,25.0
438560,44.0
438608,56.0
438608,48.0
438720,84.0
438752,28.0
438816,41.0
438832,53.0
438848,66.0
438912,32.0
438976,26.0
439072,69.0
439072,63.0
439088,63.0
439104,31.0
439152,15.0
439184,62.0
439216,58.0
439328,82.0
439488,40.0
439552,46.0
439600,73.0
439792,45.0
439808,45.0
439872,56.0
439936,45.0
439952,50.0
439968,30.0
440016,52.0
440016,74.0
440016,81.0
440016,88.0
440096,18.0
440112,63.0
440144,51.0
440256,24.0
440288,76.0
440416,54.0
440448,32.0
440464,23.0
440560,34.0
440576,61.0
440624,32.0
440624,21.0
440704,43.0
440720,36.0
440800,22.0
440832,65.0
440848,52.0
440912,135.0
441024,28.0
441056,69.0
441232,51.0
441232,20.0
441248,33.0
441296,29.0
441328,44.0
441360,87.0
441392,37.0
441472,57.0
441472,26.0
441504,55.0
441552,53.0
441584,98.0
441584,22.0
441808,49.0
441824,36.0
441904,22.0
442080,38.0
442112,49.0
442144,105.0
442160,36.0
442288,90.0
442288,56.0
442352,131.0
442368,54.0
442384,57.0
442400,51.0
442560,30.0
442624,51.0
442624,50.0
442704,88.0
442816,41.0
442816,99.0
442928,51.0
442992,44.0
443008,38.0
443056,44.0
443088,50.0
443104,45.0
443120,110.0
443248,43.0
443264,40.0
443280,71.0
443296,13.0
443312,59.0
443376,35.0
443552,27.0
443648,52.0
443664,65.0
443744,30.0
443760,52.0
443808,35.0
443856,50.0
443920,39.0
443984,20.0
444016,44.0
444064,19.0
444080,136.0
444096,68.0
444144,37.0
444208,94.0
444240,71.0
444368,45.0
444400,20.0
444400,70.0
444448,27.0
444512,28.0
444544,46.0
444560,98.0
444656,35.0
444688,20.0
444736,62.0
444832,39.0
444880,30.0
445008,48.0
445024,55.0
445040,104.0
445152,44.0
445200,41.0
445264,84.0
445392,96.0
445456,27.0
445520,63.0
445584,64.0
445600,54.0
445648,40.0
445744,66.0
445760,58.0
445760,55.0
445872,76.0
445888,31.0
445904,54.0
445936,26.0
445984,45.0
446128,61.0
446208,47.0
446320,146.0
446336,37.0
446336,25.0
446368,45.0
446368,123.0
446432,53.0
446448,53.0
446544,21.0
446624,40.0
446688,35.0
446784,64.0
446832,60.0
446848,33.0
446848,26.0
446896,33.0
446912,36.0
446960,32.0
446960,110.0
447008,69.0
447136,28.0
447200,90.0
447248,57.0
447280,87.0
447328,26.0
447344,45.0
447536,73.0
447536,43.0
447568,23.0
447616,49.0
447712,23.0
447792,52.0
447824,51.0
447840,19.0
447856,45.0
447904,39.0
447952,66.0
448224,43.0
448256,58.0
448304,91.0
448304,110.0
448464,47.0
448480,54.0
448480,57.0
448512,97.0
448592,48.0
448640,116.0
448704,14.0
448720,58.0
448784,33.0
448800,21.0
448816,14.0
448816,61.0
448832,55.0
448880,15.0
448928,28.0
448976,67.0
449008,110.0
449024,45.0
449056,34.0
449168,54.0
449344,70.0
449360,35.0
449360,34.0
449392,35.0
449440,26.0
449472,47.0
449472,43.0
449504,10.0
449520,10.0
449552,34.0
449568,25.0
449616,35.0
449744,51.0
449776,26.0
449856,29.0
449872,66.0
449888,127.0
449904,27.0
449904,64.0
449920,25.0
449952,78.0
450032,35.0
450032,29.0
450128,72.0
450208,48.0
450256,30.0
450304,43.0
450304,24.0
450336,19.0
450352,53.0
450352,38.0
450368,32.0
450512,35.0
450624,45.0
450704,72.0
450704,31.0
450848,37.0
450864,35.0
450896,63.0
450896,64.0
450912,49.0
450928,37.0
450928,36.0
450928,36.0
451024,41.0
451216,32.0
451216,23.0
451232,83.0
451296,17.0
451328,51.0
451392,68.0
451408,30.0
451472,34.0
451536,38.0
451776,55.0
451808,57.0
451824,27.0
451824,38.0
451856,28.0
451872,40.0
451968,121.0
452016,87.0
452048,52.0
452272,46.0
452272,88.0
452352,31.0
452384,105.0
452464,73.0
452464,12.0
452496,64.0
452512,100.0
452528,75.0
452560,49.0
452560,37.0
452704,55.0
452784,25.0
452848,65.0
452928,57.0
452960,25.0
453040,48.0
453120,37.0
453136,49.0
453152,43.0
453248,86.0
453328,80.0
453328,51.0
453328,52.0
453376,37.0
453424,18.0
453536,36.0
453584,64.0
453696,41.0
453712,37.0
453904,61.0
453936,68.0
453936,22.0
453984,38.0
454032,55.0
454048,84.0
454144,45.0
454160,57.0
454176,53.0
454304,23.0
454320,156.0
454368,119.0
454400,54.0
454416,68.0
454512,30.0
454544,40.0
454576,78.0
454608,42.0
454624,29.0
454640,29.0
454672,39.0
454720,36.0
454720,63.0
454768,67.0
454864,22.0
454928,13.0
454976,25.0
455056,46.0
455184,51.0
455216,38.0
455216,37.0
455232,52.0
455248,38.0
455296,39.0
455328,49.0
455344,65.0
455456,43.0
455520,41.0
455648,29.0
455712,26.0
455760,34.0
455856,117.0
455904,43.0
455920,43.0
455984,98.0
456096,65.0
456112,48.0
456128,30.0
456144,43.0
456176,58.0
456176,75.0
456256,46.0
456288,24.0
456352,89.0
456416,27.0
456576,27.0
456720,34.0
456752,39.0
456832,70.0
456864,28.0
456864,36.0
456880,70.0
456912,62.0
456944,53.0
456944,37.0
456944,48.0
456960,140.0
456960,69.0
457072,13.0
457088,110.0
457216,29.0
457312,75.0
457312,22.0
457344,29.0
457408,34.0
457408,31.0
457456,39.0
457552,38.0
457584,54.0
457616,65.0
457648,44.0
457712,25.0
457792,24.0
457840,48.0
457904,59.0
457936,37.0
457936,53.0
457952,23.0
457984,42.0
458000,37.0
458000,34.0
458192,78.0
458208,37.0
458400,28.0
458400,29.0
458432,31.0
458496,32.0
458528,39.0
458528,142.0
458624,57.0
458720,45.0
458752,75.0
458768,35.0
458992,72.0
458992,31.0
459008,76.0
459008,85.0
459008,30.0
459040,40.0
459040,65.0
459056,54.0
459088,21.0
459168,25.0
459200,42.0
459232,32.0
459296,130.0
459312,55.0
459408,49.0
459456,28.0
459488,28.0
459520,33.0
459600,37.0
459616,76.0
459776,48.0
459808,31.0
459824,52.0
459888,53.0
459888,37.0
459920,43.0
460064,61.0
460080,30.0
460160,21.0
460192,71.0
460192,49.0
460224,66.0
460240,39.0
460320,54.0
460352,52.0
460384,38.0
460416,58.0
460464,79.0
460560,40.0
460608,33.0
460624,35.0
460656,48.0
460720,52.0
460752,59.0
460768,33.0
460768,36.0
460864,28.0
460960,31.0
460976,51.0
461120,48.0
461216,28.0
461280,45.0
461312,12.0
461344,36.0
461344,64.0
461392,42.0
461408,34.0
461472,78.0
461472,54.0
461472,51.0
461488,32.0
461504,70.0
461520,48.0
461872,25.0
461920,36.0
461920,108.0
461936,45.0
461968,29.0
462032,39.0
462048,41.0
462080,46.0
462096,38.0
462128,41.0
462144,74.0
462144,14.0
462192,17.0
462480,63.0
462592,80.0
462592,35.0
462656,43.0
462704,74.0
462720,36.0
462768,52.0
462768,56.0
462944,145.0
462944,54.0
462960,48.0
462960,105.0
462960,51.0
462992,25.0
463072,37.0
463200,31.0
463280,39.0
463328,75.0
463392,28.0
463392,50.0
463488,48.0
463520,92.0
463680,38.0
463744,61.0
463760,50.0
463776,105.0
463856,56.0
463856,54.0
463968,63.0
464000,66.0
464016,21.0
464016,51.0
464144,39.0
464192,57.0
464192,89.0
464240,30.0
464288,56.0
464288,34.0
464320,29.0
464400,24.0
464528,32.0
464544,72.0
464544,36.0
464560,67.0
464576,78.0
464592,37.0
464640,54.0
464656,50.0
464768,36.0
464784,37.0
464912,48.0
464960,42.0
464976,41.0
465008,48.0
465040,47.0
465056,41.0
465152,36.0
465152,31.0
465168,39.0
465248,38.0
465280,20.0
465312,49.0
465360,50.0
465392,50.0
465424,24.0
465424,26.0
465472,44.0
465504,60.0
465568,32.0
465664,55.0
465728,19.0
465840,42.0
465856,12.0
465872,60.0
465872,25.0
466160,63.0
466160,55.0
466160,74.0
466176,51.0
466176,64.0
466320,67.0
466400,34.0
466400,68.0
466480,40.0
466528,41.0
466576,44.0
466608,65.0
466656,31.0
466656,72.0
466720,62.0
466768,37.0
466816,41.0
466816,26.0
466848,43.0
466864,90.0
466976,50.0
466976,28.0
467040,40.0
467280,44.0
467312,41.0
467408,35.0
467488,131.0
467488,48.0
467536,48.0
467552,17.0
467584,61.0
467600,70.0
467600,46.0
467664,53.0
467728,57.0
467856,16.0
467888,36.0
467920,23.0
468000,37.0
468016,33.0
468016,65.0
468096,23.0
468128,17.0
468192,37.0
468208,118.0
468368,52.0
468384,24.0
468400,85.0
468432,48.0
468464,28.0
468528,25.0
468608,122.0
468640,66.0
468672,49.0
468688,107.0
468720,39.0
468720,50.0
468784,81.0
468880,32.0
468880,26.0
468992,38.0
469136,44.0
469184,36.0
469216,27.0
469312,27.0
469328,38.0
469344,29.0
469344,83.0
469408,45.0
469472,80.0
469536,51.0
469616,88.0
469648,61.0
469760,26.0
469872,77.0
469904,94.0
469968,61.0
470016,52.0
470032,35.0
470160,52.0
470240,52.0
470256,59.0
470288,67.0
470336,62.0
470352,37.0
470368,25.0
470432,119.0
470448,50.0
470480,28.0
470576,60.0
470592,66.0
470608,92.0
470688,27.0
470768,47.0
470800,40.0
470896,38.0
471024,42.0
471024,41.0
471088,30.0
471088,76.0
471168,58.0
471344,41.0
471392,39.0
471424,95.0
471584,63.0
471632,74.0
471648,39.0
471776,43.0
471792,44.0
471888,54.0
471904,20.0
471920,90.0
472016,42.0
472080,74.0
472128,31.0
472144,97.0
472240,51.0
472240,28.0
472272,121.0
472304,41.0
472368,15.0
472416,32.0
472448,19.0
472576,88.0
472608,113.0
472688,57.0
472800,35.0
472864,39.0
472912,40.0
472928,96.0
472960,37.0
472976,56.0
472976,66.0
473008,70.0
473024,63.0
473168,30.0
473184,46.0
473264,21.0
473328,181.0
473328,29.0
473376,50.0
473472,73.0
473536,58.0
473584,73.0
473584,42.0
473632,42.0
473632,39.0
473664,21.0
473696,56.0
473760,49.0
473904,45.0
473920,41.0
473936,19.0
473968,40.0
474064,30.0
474080,26.0
474080,57.0
474144,73.0
474160,43.0
474160,49.0
474256,77.0
474272,12.0
474384,50.0
474400,16.0
474416,49.0
474496,36.0
474496,60.0
474656,60.0
474688,39.0
474688,38.0
474768,54.0
474768,32.0
474864,69.0
474880,31.0
474896,58.0
474944,18.0
474976,44.0
475136,45.0
475152,24.0
475152,29.0
475168,30.0
475200,65.0
475248,17.0
475328,87.0
475376,30.0
475504,63.0
475520,64.0
475568,44.0
475712,52.0
475728,83.0
475744,99.0
475744,34.0
475856,38.0
475856,44.0
475920,61.0
475936,35.0
475952,27.0
476080,57.0
476096,48.0
476176,42.0
476192,66.0
476208,66.0
476304,37.0
476304,96.0
476432,31.0
476432,43.0
476432,36.0
476512,26.0
476512,49.0
476592,42.0
476624,66.0
476672,45.0
476704,12.0
476816,39.0
476848,26.0
476912,52.0
476928,45.0
476944,32.0
477040,23.0
477120,51.0
477168,62.0
477280,27.0
477408,56.0
477456,100.0
477520,76.0
477520,68.0
477536,112.0
477600,61.0
477728,38.0
477744,65.0
477792,39.0
477808,76.0
478032,62.0
478064,33.0
478096,23.0
478112,75.0
478112,37.0
478128,42.0
478144,76.0
478256,61.0
478320,32.0
478336,95.0
478672,55.0
478704,37.0
478736,38.0
478736,76.0
478768,28.0
478784,33.0
478800,43.0
478816,49.0
478896,14.0
478912,48.0
478960,14.0
479072,83.0
479120,21.0
479200,71.0
479216,30.0
479360,29.0
479552,122.0
479600,24.0
479616,57.0
479664,54.0
479712,22.0
479728,57.0
479728,38.0
479744,52.0
479792,64.0
479856,182.0
479904,156.0
479936,115.0
480048,68.0
480176,39.0
480288,24.0
480320,37.0
480464,79.0
480528,42.0
480608,62.0
480624,52.0
480624,56.0
480672,24.0
480704,24.0
480704,69.0
480816,40.0
480816,55.0
480848,157.0
480864,70.0
480992,23.0
481024,61.0
481040,86.0
481088,24.0
481104,25.0
481168,22.0
481168,131.0
481280,11.0
481280,38.0
481328,45.0
481376,13.0
481392,33.0
481424,107.0
481440,61.0
481504,26.0
481552,64.0
481648,52.0
481696,26.0
481792,48.0
481824,27.0
481824,28.0
481904,29.0
481936,18.0
481952,28.0
481984,59.0
482016,20.0
482032,88.0
482128,36.0
482304,71.0
482304,82.0
482304,23.0
482320,31.0
482320,56.0
482352,25.0
482384,35.0
482464,28.0
482480,75.0
482496,37.0
482656,113.0
482768,29.0
482768,40.0
482784,47.0
482864,34.0
482896,57.0
482912,38.0
482928,28.0
482944,35.0
482992,33.0
483184,87.0
483232,29.0
483344,35.0
483360,37.0
483360,66.0
483376,45.0
483376,27.0
483440,59.0
483440,36.0
483456,33.0
483520,21.0
483632,144.0
483664,20.0
483744,47.0
483920,98.0
483936,101.0
483936,65.0
484016,36.0
484032,42.0
484064,38.0
484064,43.0
484144,14.0
484192,51.0
484208,43.0
484272,57.0
484288,22.0
484304,23.0
484320,55.0
484336,69.0
484384,92.0
484544,16.0
484560,16.0
484576,59.0
484576,23.0
484624,35.0
484752,26.0
484768,39.0
484784,70.0
484832,50.0
484880,31.0
484896,20.0
484976,49.0
485024,25.0
485024,29.0
485056,82.0
485200,58.0
485216,42.0
485424,37.0
485488,46.0
485504,74.0
485552,33.0
485568,50.0
485584,43.0
485632,66.0
485696,17.0
485696,102.0
485712,52.0
485728,107.0
485792,63.0
485840,21.0
485856,14.0
485888,43.0
485984,48.0
486000,27.0
486080,31.0
486080,22.0
486128,72.0
486128,26.0
486272,36.0
486384,56.0
486400,26.0
486448,37.0
486448,87.0
486464,21.0
486592,44.0
486688,53.0
486720,40.0
486832,113.0
486912,85.0
486944,31.0
486960,43.0
487056,23.0
487152,64.0
487184,46.0
487216,51.0
487232,77.0
487296,76.0
487312,45.0
487376,57.0
487424,29.0
487456,67.0
487488,106.0
487616,49.0
487680,60.0
487728,26.0
487728,49.0
487760,29.0
487776,54.0
487888,27.0
487904,42.0
488000,59.0
488016,52.0
488144,29.0
488176,60.0
488192,18.0
488208,52.0
488224,158.0
488224,46.0
488272,70.0
488512,31.0
488528,47.0
488528,57.0
488592,25.0
488704,61.0
488736,32.0
488768,16.0
488832,69.0
488864,43.0
488864,41.0
488864,54.0
488960,75.0
489008,99.0
489040,11.0
489072,30.0
489120,56.0
489120,37.0
489168,56.0
489200,66.0
489264,46.0
489296,27.0
489408,34.0
489488,100.0
489616,38.0
489680,24.0
489712,37.0
489712,40.0
489712,37.0
489728,56.0
489792,24.0
489792,66.0
489808,48.0
489888,43.0
490048,49.0
490096,30.0
490192,77.0
490224,34.0
490224,66.0
490304,37.0
490320,37.0
490448,46.0
490448,25.0
490544,52.0
490576,43.0
490576,117.0
490592,25.0
490672,36.0
490704,121.0
490736,59.0
490784,29.0
490784,35.0
490800,31.0
490816,37.0
491072,33.0
491136,34.0
491168,37.0
491232,41.0
491232,49.0
491376,37.0
491408,44.0
491440,122.0
491440,44.0
491440,62.0
491456,49.0
491552,46.0
491696,16.0
491696,39.0
491760,39.0
491760,24.0
491792,124.0
491856,66.0
491984,75.0
491984,51.0
492000,138.0
492000,48.0
492016,38.0
492032,37.0
492160,58.0
492176,46.0
492224,29.0
492368,13.0
492400,44.0
492416,39.0
492432,55.0
492448,62.0
492592,38.0
492656,27.0
492784,21.0
492800,65.0
492960,58.0
492976,20.0
492992,62.0
492992,12.0
493008,62.0
493040,84.0
493056,75.0
493072,44.0
493120,70.0
493184,48.0
493200,64.0
493488,44.0
493504,27.0
493520,96.0
493600,63.0
493648,43.0
493760,48.0
493824,51.0
493824,89.0
493872,42.0
493888,53.0
493888,48.0
494000,64.0
494080,103.0
494128,39.0
494208,64.0
494224,39.0
494240,15.0
494256,23.0
494336,29.0
494352,81.0
494496,42.0
494592,44.0
494624,50.0
494688,27.0
494704,29.0
494704,107.0
494736,25.0
494784,41.0
494800,65.0
494864,41.0
494864,76.0
494944,37.0
494992,57.0
495008,95.0
495120,100.0
495136,40.0
495280,37.0
495328,20.0
495360,46.0
495392,73.0
495408,44.0
495472,33.0
495472,55.0
495520,41.0
495632,56.0
495680,61.0
495760,39.0
495840,66.0
495920,58.0
495920,50.0
495936,34.0
495952,68.0
496032,35.0
496128,41.0
496144,49.0
496208,55.0
496288,38.0
496384,29.0
496432,42.0
496576,27.0
496592,41.0
496608,113.0
496608,25.0
496704,47.0
496704,26.0
496768,46.0
496832,97.0
496896,29.0
496912,49.0
496928,88.0
497024,69.0
497072,77.0
497120,93.0
497232,39.0
497328,31.0
497376,42.0
497440,54.0
497488,69.0
497568,31.0
497600,63.0
497600,30.0
497616,138.0
497632,54.0
497728,70.0
497744,51.0
497856,52.0
497952,39.0
497984,68.0
497984,23.0
498128,56.0
498144,25.0
498192,80.0
498256,41.0
498288,57.0
498368,48.0
498400,52.0
498416,43.0
498416,107.0
498448,63.0
498512,33.0
498544,35.0
498560,23.0
498608,61.0
498672,51.0
498784,21.0
498800,53.0
499008,40.0
499056,50.0
499056,31.0
499056,58.0
499104,60.0
499120,38.0
499136,45.0
499168,47.0
499312,57.0
499312,64.0
499360,51.0
499408,120.0
499472,43.0
499504,56.0
499536,23.0
499568,32.0
499648,33.0
499664,41.0
499744,27.0
499744,43.0
499808,44.0
499936,36.0
500064,33.0
500112,40.0
500160,32.0
500160,37.0
500192,43.0
500288,72.0
500304,40.0
500352,81.0
500368,13.0
500368,106.0
500480,46.0
500496,43.0
500576,29.0
500720,88.0
500736,28.0
500976,98.0
500992,137.0
501008,53.0
501008,33.0
501024,60.0
501088,49.0
501328,47.0
501424,105.0
501472,46.0
501488,71.0
501536,65.0
501568,30.0
501680,12.0
501712,95.0
501728,47.0
501808,49.0
501824,118.0
501840,70.0
501872,12.0
501904,27.0
501984,35.0
502048,105.0
502176,74.0
502304,30.0
502352,34.0
502400,42.0
502400,127.0
502416,44.0
502432,54.0
502448,90.0
502544,96.0
502720,46.0
502880,52.0
502880,33.0
502896,62.0
502928,30.0
502944,69.0
503008,71.0
503024,39.0
503056,55.0
503120,99.0
503184,47.0
503200,49.0
503232,52.0
503248,44.0
503312,27.0
503376,128.0
503440,45.0
503520,76.0
503584,43.0
503600,36.0
503616,31.0
503664,41.0
503696,29.0
503744,43.0
503888,60.0
503888,36.0
503920,45.0
503936,22.0
504000,70.0
504016,31.0
504080,12.0
504176,32.0
504192,37.0
504480,37.0
504576,60.0
504592,53.0
504608,33.0
504640,40.0
504688,82.0
504704,43.0
504720,50.0
504736,65.0
504896,122.0
504960,64.0
505008,26.0
505104,116.0
505120,105.0
505152,34.0
505152,27.0
505168,43.0
505216,20.0
505344,72.0
505488,50.0
505504,50.0
505584,30.0
505632,42.0
505664,64.0
505728,35.0
505728,97.0
505824,68.0
505824,78.0
505872,41.0
505904,15.0
505984,16.0
506000,32.0
506016,32.0
506032,64.0
506032,57.0
506080,181.0
506096,59.0
506096,32.0
506176,64.0
506208,36.0
506272,58.0
506448,29.0
506528,20.0
506544,33.0
506544,45.0
506576,30.0
506672,42.0
506768,46.0
506800,58.0
506864,60.0
506960,71.0
507040,48.0
507088,85.0
507088,63.0
507088,20.0
507088,32.0
507216,70.0
507312,40.0
507408,34.0
507568,70.0
507600,67.0
507616,99.0
507760,76.0
507872,52.0
507936,21.0
508016,25.0
508016,44.0
508096,81.0
508176,68.0
508240,52.0
508240,42.0
508272,32.0
508336,20.0
508352,79.0
508368,137.0
508528,27.0
508624,88.0
508640,44.0
508672,99.0
508768,113.0
508768,33.0
508816,108.0
508928,41.0
508992,51.0
508992,70.0
509056,45.0
509056,43.0
509104,68.0
509120,48.0
509136,31.0
509184,12.0
509200,27.0
509392,48.0
509424,41.0
509456,182.0
509504,61.0
509568,83.0
509616,50.0
509632,28.0
509680,43.0
509760,41.0
509808,43.0
509856,50.0
509856,45.0
509904,25.0
509984,37.0
510064,71.0
510064,27.0
510144,21.0
510192,13.0
510384,39.0
510432,54.0
510496,81.0
510496,40.0
510576,32.0
510592,57.0
510656,100.0
510672,78.0
510688,126.0
510736,42.0
510928,22.0
511040,71.0
511072,26.0
511184,62.0
511200,99.0
511200,44.0
511216,110.0
511392,41.0
511456,67.0
511472,83.0
511504,19.0
511536,31.0
511552,106.0
511568,56.0
511584,41.0
511712,80.0
511792,37.0
511792,38.0
511824,83.0
511920,77.0
511936,34.0
512144,35.0
512144,97.0
512144,27.0
512160,38.0
512208,71.0
512240,64.0
512256,43.0
512272,48.0
512320,24.0
512400,54.0
512464,40.0
512496,36.0
512496,22.0
512640,53.0
512752,60.0
512784,83.0
512832,43.0
512880,45.0
513040,45.0
513040,40.0
513088,59.0
513152,59.0
513152,56.0
513168,33.0
513184,107.0
513184,45.0
513264,48.0
513280,65.0
513328,66.0
513360,38.0
513408,23.0
513440,59.0
513520,43.0
513632,47.0
513792,44.0
513824,29.0
513872,52.0
513936,41.0
513952,27.0
513952,39.0
513984,12.0
513984,75.0
514000,52.0
514080,58.0
514128,16.0
514176,46.0
514272,28.0
514320,21.0
514416,72.0
514432,30.0
514432,28.0
514464,66.0
514464,80.0
514560,86.0
514592,29.0
514624,42.0
514624,19.0
514736,99.0
514880,50.0
514928,29.0
514992,25.0
514992,66.0
515056,31.0
515152,45.0
515232,100.0
515296,81.0
515408,77.0
515504,55.0
515504,77.0
515568,69.0
515600,34.0
515680,59.0
515696,44.0
515744,51.0
515760,83.0
515792,73.0
515792,86.0
515840,43.0
515936,27.0
516000,44.0
516016,49.0
516064,74.0
516144,24.0
516256,41.0
516272,13.0
516288,49.0
516336,37.0
516384,44.0
516464,39.0
516496,58.0
516592,28.0
516624,76.0
516672,46.0
516720,24.0
516720,64.0
516736,29.0
516864,67.0
516880,68.0
516896,119.0
516912,39.0
516912,12.0
516960,44.0
517008,63.0
517072,28.0
517120,13.0
517168,42.0
517216,39.0
517248,54.0
517280,79.0
517504,24.0
517520,41.0
517552,24.0
517600,55.0
517600,22.0
517696,30.0
517744,52.0
517792,45.0
517904,56.0
517984,68.0
518000,16.0
518096,85.0
518128,78.0
518272,30.0
518304,47.0
518304,49.0
518320,51.0
518384,49.0
518400,44.0
518592,82.0
518640,136.0
518656,33.0
518736,26.0
518752,130.0
518752,112.0
518784,12.0
518848,53.0
518848,12.0
518960,66.0
518976,42.0
519008,16.0
519120,71.0
519136,54.0
519168,26.0
519216,30.0
519264,26.0
519296,75.0
519296,56.0
519392,26.0
519520,120.0
519536,36.0
519584,80.0
519600,24.0
519696,53.0
519712,83.0
519760,23.0
519840,45.0
519888,45.0
519952,26.0
519984,43.0
519984,24.0
520032,56.0
520032,64.0
520048,22.0
520096,91.0
520144,85.0
520192,30.0
520304,26.0
520352,48.0
520400,40.0
520464,59.0
520464,30.0
520512,23.0
520544,32.0
520656,51.0
520688,40.0
520768,46.0
520816,54.0
520816,52.0
520832,40.0
520848,99.0
520864,29.0
520928,39.0
520960,104.0
521104,15.0
521168,30.0
521200,69.0
521248,27.0
521280,48.0
521280,46.0
521280,58.0
521296,28.0
521392,27.0
521408,30.0
521456,50.0
521632,51.0
521680,32.0
521776,33.0
521776,82.0
521808,44.0
521856,64.0
521872,15.0
521920,32.0
521920,40.0
521952,74.0
522016,51.0
522016,21.0
522080,101.0
522192,26.0
522320,32.0
522336,66.0
522352,31.0
522400,70.0
522448,42.0
522496,36.0
522496,26.0
522528,38.0
522560,38.0
522608,82.0
522624,77.0
522704,43.0
522752,55.0
522816,50.0
522880,33.0
522928,92.0
523024,36.0
523088,29.0
523104,38.0
523120,49.0
523136,40.0
523216,56.0
523232,42.0
523248,66.0
523328,58.0
523360,41.0
523376,53.0
523392,18.0
523424,42.0
523456,53.0
523536,45.0
523632,47.0
523680,34.0
523712,39.0
523712,31.0
523888,48.0
523904,61.0
523936,38.0
523968,46.0
524016,41.0
524160,28.0
524176,72.0
524272,40.0
524272,56.0
524288,47.0
524304,39.0
524304,21.0
524336,68.0
524368,57.0
524416,44.0
524416,25.0
524432,63.0
524512,39.0
524656,47.0
524768,86.0
524848,26.0
524864,36.0
524864,37.0
524896,60.0
524896,46.0
524944,48.0
524976,40.0
524976,29.0
524992,45.0
525024,23.0
525024,38.0
525072,48.0
525088,15.0
525312,63.0
525344,25.0
525392,33.0
525408,32.0
525536,48.0
525552,41.0
525552,74.0
525568,37.0
525632,76.0
525664,37.0
525840,28.0
525872,33.0
525888,54.0
525904,51.0
525920,56.0
525984,42.0
526160,39.0
526176,34.0
526224,41.0
526384,52.0
526400,53.0
526400,46.0
526432,37.0
526496,37.0
526512,103.0
526544,35.0
526560,40.0
526592,74.0
526624,47.0
527008,70.0
527088,41.0
527120,56.0
527136,61.0
527168,42.0
527216,44.0
527312,48.0
527392,76.0
527424,52.0
527472,68.0
527488,23.0
527504,158.0
527536,57.0
527552,21.0
527616,12.0
527616,66.0
527632,77.0
527664,79.0
527696,169.0
527696,33.0
527744,27.0
527792,44.0
528128,39.0
528144,37.0
528208,67.0
528240,53.0
528288,41.0
528336,83.0
528336,54.0
528352,41.0
528368,44.0
528608,25.0
528608,70.0
528672,55.0
528720,69.0
528720,27.0
528768,26.0
528784,78.0
528816,67.0
528848,30.0
528960,79.0
529072,91.0
529104,54.0
529152,63.0
529152,27.0
529248,40.0
529280,27.0
529296,60.0
529360,34.0
529408,39.0
529424,47.0
529424,68.0
529488,24.0
529616,34.0
529648,43.0
529712,69.0
529776,26.0
529824,106.0
529920,72.0
529952,41.0
529968,51.0
530016,23.0
530112,52.0
530128,26.0
530224,38.0
530288,65.0
530304,33.0
530320,31.0
530512,12.0
530544,66.0
530608,40.0
530624,44.0
530656,94.0
530656,44.0
530672,79.0
530752,46.0
530784,42.0
530816,87.0
530848,39.0
530896,24.0
530960,96.0
530992,44.0
530992,142.0
531088,27.0
531104,30.0
531136,33.0
531136,37.0
531152,30.0
531216,23.0
531312,63.0
531312,26.0
531376,78.0
531552,48.0
531552,35.0
531568,36.0
531600,32.0
531600,31.0
531600,29.0
531664,63.0
531744,37.0
531808,31.0
531920,73.0
531984,53.0
532048,28.0
532112,35.0
532112,35.0
532128,57.0
532160,49.0
532224,26.0
532304,46.0
532368,28.0
532480,51.0
532496,74.0
532592,62.0
532608,103.0
532608,28.0
532608,63.0
532640,37.0
532784,41.0
532864,40.0
532864,47.0
532880,36.0
532912,131.0
533056,67.0
533088,30.0
533088,61.0
533200,52.0
533280,25.0
533296,50.0
533312,45.0
533376,48.0
533376,37.0
533568,60.0
533632,34.0
533664,74.0
533744,41.0
533776,54.0
533808,27.0
533840,34.0
533840,61.0
533856,76.0
533920,54.0
533984,42.0
533984,140.0
534064,75.0
534080,32.0
534176,61.0
534208,34.0
534240,31.0
534304,24.0
534320,59.0
534336,66.0
534352,45.0
534400,34.0
534416,36.0
534448,38.0
534528,11.0
534544,29.0
534672,43.0
534720,32.0
534736,58.0
534768,29.0
534784,34.0
534800,39.0
534816,31.0
534928,24.0
534976,13.0
534992,34.0
534992,41.0
535040,79.0
535040,61.0
535152,39.0
535184,24.0
535312,17.0
535328,57.0
535360,34.0
535376,24.0
535456,46.0
535472,67.0
535488,51.0
535552,51.0
535600,26.0
535648,54.0
535808,52.0
535824,42.0
535888,53.0
535952,22.0
535968,30.0
535968,41.0
536096,73.0
536192,52.0
536256,79.0
536288,46.0
536336,147.0
536464,71.0
536592,59.0
536672,24.0
536672,44.0
536768,55.0
536784,83.0
536896,68.0
536944,92.0
536976,64.0
537008,42.0
537024,58.0
537056,105.0
537104,53.0
537168,44.0
537184,85.0
537280,68.0
537296,39.0
537296,44.0
537344,86.0
537472,44.0
537552,41.0
537616,52.0
537680,44.0
537696,25.0
537712,43.0
537760,41.0
537824,72.0
537840,52.0
537840,56.0
537856,35.0
537872,37.0
537872,43.0
538096,65.0
538128,41.0
538128,28.0
538176,63.0
538192,30.0
538224,22.0
538272,27.0
538304,38.0
538368,34.0
538416,35.0
538432,68.0
538528,57.0
538576,30.0
538624,67.0
538656,29.0
538672,57.0
538688,26.0
538752,55.0
538800,36.0
538832,41.0
538944,51.0
539008,24.0
539040,42.0
539056,58.0
539152,25.0
539280,53.0
539296,62.0
539328,40.0
539360,95.0
539408,38.0
539504,52.0
539568,39.0
539632,30.0
539648,70.0
539728,67.0
539728,42.0
539872,37.0
539872,14.0
539984,88.0
539984,59.0
540000,62.0
540000,42.0
540032,75.0
540096,37.0
540192,29.0
540208,57.0
540336,29.0
540336,58.0
540352,45.0
540448,45.0
540448,55.0
540464,30.0
540464,37.0
540496,18.0
540496,31.0
540528,73.0
540592,136.0
540640,28.0
540656,42.0
540768,19.0
540912,24.0
540976,40.0
540992,62.0
540992,34.0
541024,35.0
541024,43.0
541120,68.0
541200,69.0
541264,42.0
541328,42.0
541360,37.0
541392,59.0
541392,56.0
541472,35.0
541648,81.0
541696,19.0
541728,68.0
541776,28.0
541776,24.0
541792,51.0
541824,22.0
541872,42.0
541920,50.0
541936,59.0
542016,62.0
542192,73.0
542240,26.0
542256,62.0
542272,80.0
542368,42.0
542416,120.0
542432,32.0
542496,39.0
542496,30.0
542544,38.0
542560,49.0
542592,25.0
542592,59.0
542608,78.0
542656,54.0
542832,26.0
542912,41.0
542944,28.0
542960,43.0
542976,75.0
543008,25.0
543008,29.0
543024,49.0
543200,52.0
543200,48.0
543232,40.0
543232,94.0
543280,45.0
543280,39.0
543296,50.0
543504,31.0
543536,59.0
543552,45.0
543648,22.0
543696,31.0
543728,31.0
543744,48.0
543808,38.0
543808,50.0
543840,55.0
543904,39.0
543904,55.0
543984,44.0
544064,33.0
544080,33.0
544160,32.0
544208,79.0
544224,33.0
544240,46.0
544272,34.0
544304,67.0
544448,40.0
544496,41.0
544496,47.0
544592,43.0
544592,32.0
544672,110.0
544784,39.0
544816,23.0
544832,53.0
544864,35.0
544928,64.0
544960,45.0
544960,23.0
545056,49.0
545056,78.0
545120,57.0
545264,75.0
545328,17.0
545424,58.0
545456,39.0
545488,33.0
545488,35.0
545520,53.0
545648,33.0
545648,12.0
545680,51.0
545728,71.0
545792,98.0
545808,64.0
545824,54.0
545888,87.0
545888,23.0
546080,41.0
546096,65.0
546128,50.0
546128,40.0
546160,56.0
546192,44.0
546272,39.0
546288,29.0
546304,39.0
546368,36.0
546528,50.0
546656,48.0
546656,115.0
546688,35.0
546720,26.0
546784,56.0
546832,42.0
546864,66.0
547120,53.0
547136,53.0
547152,60.0
547152,67.0
547168,67.0
547216,43.0
547232,99.0
547488,39.0
547488,23.0
547488,52.0
547600,29.0
547648,27.0
547712,84.0
547728,100.0
547744,68.0
547744,64.0
547776,59.0
547824,65.0
547824,41.0
548048,51.0
548080,58.0
548096,88.0
548160,42.0
548160,63.0
548208,38.0
548208,30.0
548256,11.0
548288,50.0
548368,39.0
548368,37.0
548432,45.0
548496,53.0
548592,27.0
548624,55.0
548624,26.0
548656,35.0
548688,25.0
548832,42.0
548832,39.0
548864,13.0
548976,58.0
548992,46.0
549184,106.0
549200,52.0
549232,88.0
549264,52.0
549328,31.0
549360,33.0
549376,55.0
549392,64.0
549424,52.0
549456,48.0
549632,63.0
549680,44.0
549792,73.0
549792,35.0
549840,28.0
549872,28.0
549888,44.0
549936,42.0
549968,134.0
550000,34.0
550112,30.0
550128,28.0
550160,52.0
550208,84.0
550272,80.0
550272,57.0
550288,22.0
550400,27.0
550432,35.0
550448,67.0
550464,36.0
550624,39.0
550656,33.0
550736,29.0
550752,60.0
550752,34.0
550864,27.0
550880,45.0
550928,68.0
550976,14.0
550992,34.0
551008,38.0
551056,48.0
551072,38.0
551120,63.0
551184,57.0
551184,87.0
551184,20.0
551200,28.0
551216,126.0
551248,39.0
551536,22.0
551632,24.0
551648,28.0
551648,42.0
551712,61.0
551744,47.0
551824,51.0
551824,44.0
551824,11.0
551888,52.0
551936,80.0
552032,60.0
552176,29.0
552192,28.0
552192,41.0
552208,83.0
552336,28.0
552368,34.0
552576,34.0
552592,60.0
552608,60.0
552688,54.0
552736,113.0
552752,26.0
552752,24.0
552832,103.0
552832,63.0
552912,106.0
552960,48.0
552992,26.0
553040,28.0
553088,55.0
553136,59.0
553168,77.0
553216,24.0
553248,31.0
553264,68.0
553344,37.0
553344,27.0
553456,39.0
553456,142.0
553504,51.0
553552,59.0
553600,38.0
553824,54.0
553824,38.0
553840,36.0
553856,51.0
553888,40.0
553936,37.0
554064,13.0
554096,40.0
554160,44.0
554176,90.0
554208,65.0
554320,31.0
554384,55.0
554384,52.0
554400,50.0
554464,83.0
554560,76.0
554576,30.0
554656,51.0
554672,49.0
554896,67.0
554928,115.0
554976,19.0
554976,65.0
555136,35.0
555136,47.0
555136,47.0
555152,59.0
555200,55.0
555328,48.0
555392,26.0
555440,80.0
555472,88.0
555488,64.0
555504,83.0
555520,37.0
555536,40.0
555584,28.0
555616,40.0
555696,12.0
555712,36.0
555856,75.0
555904,26.0
555904,94.0
556000,50.0
556080,43.0
556128,43.0
556128,38.0
556176,35.0
556272,43.0
556336,75.0
556352,14.0
556416,32.0
556432,80.0
556432,46.0
556448,28.0
556448,57.0
556496,64.0
556496,40.0
556512,74.0
556592,43.0
556704,33.0
556768,27.0
556864,26.0
556976,33.0
557152,40.0
557184,43.0
557200,44.0
557200,67.0
557216,71.0
557296,59.0
557328,56.0
557392,39.0
557424,52.0
557472,31.0
557504,50.0
557536,114.0
557584,24.0
557648,11.0
557712,81.0
557792,95.0
557792,58.0
557824,87.0
557888,42.0
557904,23.0
557904,30.0
557920,45.0
558016,43.0
558032,46.0
558240,41.0
558288,25.0
558320,42.0
558384,29.0
558464,82.0
558480,43.0
558512,43.0
558560,86.0
558592,35.0
558608,37.0
558624,77.0
558704,26.0
558752,27.0
558816,64.0
558912,75.0
558976,46.0
558992,33.0
559008,69.0
559104,32.0
559216,107.0
559232,83.0
559248,48.0
559264,28.0
559264,40.0
559312,44.0
559328,48.0
559408,27.0
559488,61.0
559504,37.0
559600,53.0
559664,60.0
559728,45.0
559856,39.0
559856,38.0
559856,28.0
559888,94.0
560016,47.0
560032,58.0
560048,66.0
560112,56.0
560160,27.0
560160,52.0
560160,56.0
560304,44.0
560336,64.0
560432,58.0
560480,39.0
560576,35.0
560592,69.0
560640,61.0
560736,55.0
560768,45.0
560800,29.0
560880,64.0
560880,45.0
560928,39.0
560992,60.0
561056,59.0
561056,30.0
561088,41.0
561216,66.0
561280,70.0
561280,40.0
561344,26.0
561376,49.0
561408,95.0
561440,44.0
561440,24.0
561552,49.0
561600,32.0
561648,48.0
561776,61.0
561824,59.0
561840,27.0
561856,40.0
561904,29.0
561952,42.0
562032,65.0
562080,50.0
562096,34.0
562112,46.0
562176,70.0
562256,27.0
562272,31.0
562304,29.0
562416,61.0
562496,56.0
562512,127.0
562544,75.0
562640,33.0
562736,68.0
562736,40.0
562800,53.0
562896,25.0
562928,56.0
562928,64.0
562960,69.0
563120,53.0
563184,58.0
563280,61.0
563296,47.0
563344,79.0
563424,31.0
563456,45.0
563456,33.0
563472,52.0
563504,62.0
563552,47.0
563568,24.0
563568,28.0
563792,56.0
563856,36.0
563856,18.0
563920,109.0
563952,25.0
563952,28.0
563952,76.0
564000,34.0
564016,37.0
564112,41.0
564160,19.0
564192,45.0
564400,34.0
564448,72.0
564544,37.0
564544,75.0
564560,34.0
564704,57.0
564736,51.0
564736,145.0
564768,48.0
564768,14.0
564848,56.0
564912,45.0
564960,35.0
564992,127.0
565024,67.0
565088,61.0
565104,41.0
565152,62.0
565200,40.0
565296,108.0
565376,38.0
565456,45.0
565456,57.0
565472,46.0
565488,49.0
565504,41.0
565584,35.0
565680,57.0
565680,37.0
565808,53.0
565824,57.0
565904,25.0
565920,48.0
565920,27.0
565936,22.0
565984,43.0
566000,50.0
566032,41.0
566080,25.0
566096,40.0
566112,41.0
566192,32.0
566256,28.0
566272,22.0
566288,81.0
566400,58.0
566416,82.0
566496,37.0
566576,37.0
566608,31.0
566608,20.0
566656,16.0
566688,48.0
566784,32.0
566864,48.0
567008,25.0
567040,69.0
567088,79.0
567152,67.0
567184,58.0
567232,75.0
567280,49.0
567296,55.0
567376,48.0
567456,23.0
567504,51.0
567520,41.0
567536,47.0
567536,55.0
567632,28.0
567744,15.0
567808,50.0
567808,48.0
567856,35.0
567904,119.0
567904,39.0
568064,57.0
568096,40.0
568160,123.0
568160,40.0
568224,103.0
568304,35.0
568352,28.0
568368,46.0
568368,71.0
568384,63.0
568496,27.0
568544,46.0
568592,46.0
568640,69.0
568672,32.0
568736,40.0
568736,75.0
568800,62.0
568864,23.0
568864,31.0
568896,34.0
568976,19.0
568992,52.0
569072,44.0
569104,23.0
569152,38.0
569152,58.0
569200,81.0
569312,45.0
569328,37.0
569344,65.0
569424,17.0
569504,22.0
569520,55.0
569536,72.0
569600,46.0
569696,50.0
569728,58.0
569792,45.0
569808,51.0
569824,18.0
569856,62.0
569904,37.0
569904,58.0
570000,36.0
570064,45.0
570096,36.0
570160,66.0
570192,62.0
570272,29.0
570288,24.0
570288,35.0
570320,39.0
570384,55.0
570416,39.0
570432,36.0
570432,69.0
570496,42.0
570528,39.0
570592,62.0
570640,40.0
570656,35.0
570784,23.0
570864,42.0
570880,45.0
570880,37.0
570896,39.0
570960,40.0
571040,24.0
571056,35.0
571072,63.0
571104,15.0
571136,44.0
571184,25.0
571184,37.0
571200,48.0
571200,51.0
571296,41.0
571376,26.0
571408,55.0
571440,35.0
571472,74.0
571488,26.0
571600,45.0
571712,33.0
571744,40.0
571744,53.0
571744,43.0
571760,39.0
571936,46.0
571936,46.0
571952,41.0
572048,21.0
572080,21.0
572096,45.0
572112,42.0
572224,47.0
572272,42.0
572336,24.0
572368,55.0
572384,40.0
572448,88.0
572528,49.0
572592,88.0
572656,35.0
572704,37.0
572832,56.0
572976,40.0
573024,31.0
573072,62.0
573136,47.0
573152,69.0
573152,87.0
573168,110.0
573200,58.0
573200,47.0
573312,38.0
573312,68.0
573424,48.0
573440,94.0
573440,38.0
573696,35.0
573712,35.0
573712,70.0
573728,47.0
573744,45.0
573808,31.0
573824,91.0
573872,45.0
573888,45.0
573968,33.0
573968,56.0
574128,26.0
574160,60.0
574208,32.0
574208,30.0
574224,64.0
574256,59.0
574416,61.0
574432,38.0
574528,51.0
574592,24.0
574608,40.0
574656,49.0
574672,49.0
574720,81.0
574720,47.0
574768,40.0
574784,22.0
574800,34.0
574864,21.0
574864,41.0
574976,51.0
575008,37.0
575072,53.0
575168,24.0
575184,29.0
575216,22.0
575312,45.0
575312,40.0
575344,100.0
575360,44.0
575424,41.0
575440,52.0
575456,41.0
575488,105.0
575648,42.0
575712,34.0
575728,23.0
575744,42.0
575776,35.0
575792,58.0
575808,50.0
575920,36.0
575984,42.0
576032,37.0
576064,47.0
576112,19.0
576208,93.0
576240,37.0
576368,74.0
576432,45.0
576496,47.0
576528,65.0
576560,52.0
576560,69.0
576560,28.0
576576,37.0
576576,34.0
576592,51.0
576672,38.0
576688,79.0
576816,64.0
576864,59.0
576944,23.0
576960,47.0
577024,29.0
577040,42.0
577104,54.0
577152,36.0
577328,52.0
577360,43.0
577376,59.0
577440,55.0
577472,57.0
577680,36.0
577856,57.0
577856,51.0
577904,55.0
577952,68.0
577968,86.0
578000,40.0
578016,40.0
578032,94.0
578176,44.0
578192,65.0
578224,49.0
578256,36.0
578320,94.0
578368,21.0
578384,26.0
578416,35.0
578448,110.0
578448,93.0
578496,37.0
578688,31.0
578816,60.0
578896,42.0
578896,40.0
578912,60.0
578928,58.0
578928,47.0
578992,42.0
579072,24.0
579184,73.0
579280,122.0
579344,56.0
579344,61.0
579392,31.0
579424,65.0
579456,35.0
579568,67.0
579648,36.0
579728,50.0
579776,85.0
579984,50.0
580016,98.0
580064,72.0
580064,42.0
580096,40.0
580224,31.0
580240,37.0
580272,58.0
580336,95.0
580432,28.0
580448,27.0
580480,66.0
580528,47.0
580624,18.0
580736,42.0
580752,32.0
580784,45.0
580800,117.0
580848,94.0
580896,42.0
580896,28.0
580928,103.0
581088,41.0
581088,38.0
581104,96.0
581200,58.0
581216,27.0
581360,29.0
581408,38.0
581456,58.0
581520,48.0
581568,29.0
581568,45.0
581616,62.0
581728,62.0
581744,41.0
581840,57.0
581888,27.0
581968,25.0
581968,67.0
582048,122.0
582064,28.0
582160,37.0
582224,64.0
582272,34.0
582304,59.0
582304,76.0
582336,37.0
582352,71.0
582448,58.0
582448,38.0
582480,32.0
582528,29.0
582576,26.0
582608,35.0
582608,45.0
582640,26.0
582688,231.0
582832,54.0
582848,34.0
582864,32.0
582880,92.0
582896,23.0
582896,37.0
582912,40.0
583072,29.0
583088,32.0
583200,23.0
583216,48.0
583232,56.0
583280,25.0
583312,54.0
583392,31.0
583392,34.0
583392,47.0
583424,14.0
583424,22.0
583536,58.0
583568,30.0
583568,41.0
583680,23.0
583808,57.0
583824,34.0
583888,31.0
583888,31.0
583952,45.0
583952,24.0
584080,41.0
584112,56.0
584160,48.0
584240,44.0
584272,53.0
584272,24.0
584320,102.0
584336,33.0
584368,50.0
584400,28.0
584448,39.0
584560,106.0
584624,24.0
584624,59.0
584624,134.0
584752,30.0
584752,54.0
584768,43.0
584800,53.0
584848,36.0
584880,27.0
585008,38.0
585120,31.0
585120,49.0
585264,40.0
585296,28.0
585312,47.0
585312,72.0
585376,63.0
585456,21.0
585536,46.0
585600,93.0
585600,52.0
585648,64.0
585760,28.0
585792,92.0
585808,32.0
585824,44.0
585872,38.0
585936,66.0
585952,36.0
586144,20.0
586192,34.0
586224,48.0
586224,43.0
586240,30.0
586272,95.0
586320,45.0
586480,73.0
586544,47.0
586576,98.0
586624,51.0
586640,44.0
586672,67.0
586704,29.0
586720,31.0
586800,128.0
586816,37.0
586896,26.0
586912,60.0
586960,43.0
587024,25.0
587024,72.0
587040,29.0
587072,47.0
587104,57.0
587152,38.0
587264,39.0
587456,82.0
587520,23.0
587536,39.0
587680,26.0
587696,56.0
587728,64.0
587744,49.0
587760,65.0
587808,46.0
587856,60.0
587888,49.0
587936,79.0
587952,71.0
588000,29.0
588048,64.0
588112,26.0
588144,70.0
588352,82.0
588384,58.0
588432,44.0
588448,40.0
588688,63.0
588688,73.0
588704,37.0
588720,42.0
588736,50.0
588784,52.0
588896,63.0
588992,77.0
589024,55.0
589040,22.0
589056,21.0
589088,25.0
589424,33.0
589472,64.0
589488,102.0
589504,45.0
589568,114.0
589584,77.0
589600,54.0
589600,36.0
589600,73.0
589648,103.0
589680,61.0
589696,44.0
589744,41.0
589824,49.0
589840,91.0
589872,51.0
590000,31.0
590080,30.0
590144,35.0
590160,46.0
590208,46.0
590272,39.0
590272,49.0
590272,42.0
590320,40.0
590352,47.0
590448,28.0
590480,46.0
590512,59.0
590544,25.0
590608,46.0
590688,53.0
590784,17.0
590816,21.0
590832,30.0
590848,33.0
590864,65.0
590912,52.0
591008,82.0
591024,47.0
591056,56.0
591136,54.0
591168,20.0
591168,56.0
591200,18.0
591296,32.0
591424,25.0
591440,77.0
591616,26.0
591632,29.0
591712,79.0
591712,53.0
591808,61.0
591840,44.0
591856,65.0
591920,54.0
592048,85.0
592048,12.0
592048,38.0
592080,41.0
592080,67.0
592144,21.0
592176,98.0
592192,56.0
592272,69.0
592320,44.0
592352,27.0
592384,42.0
592416,23.0
592432,118.0
592528,30.0
592624,34.0
592736,35.0
592768,24.0
592784,67.0
592800,11.0
592800,60.0
592848,26.0
592848,44.0
592848,50.0
592992,40.0
593024,87.0
593024,31.0
593088,63.0
593088,48.0
593248,66.0
593264,62.0
593280,54.0
593312,36.0
593424,39.0
593456,43.0
593520,31.0
593568,36.0
593600,50.0
593664,51.0
593696,24.0
593728,40.0
593824,46.0
593920,31.0
593968,44.0
594016,73.0
594048,22.0
594080,22.0
594096,40.0
594112,32.0
594144,81.0
594160,57.0
594208,40.0
594240,26.0
594240,91.0
594256,61.0
594288,48.0
594432,88.0
594528,28.0
594544,31.0
594592,28.0
594608,59.0
594640,25.0
594688,33.0
594768,53.0
594768,30.0
594800,52.0
594832,37.0
594912,30.0
595040,28.0
595184,36.0
595232,29.0
595232,37.0
595312,69.0
595328,49.0
595376,36.0
595376,80.0
595456,75.0
595488,28.0
595616,58.0
595744,102.0
595840,38.0
595872,40.0
595872,65.0
595936,35.0
595936,73.0
595952,39.0
595952,40.0
596000,68.0
596000,51.0
596080,44.0
596208,29.0
596416,58.0
596432,31.0
596448,23.0
596448,31.0
596480,40.0
596496,55.0
596704,52.0
596784,53.0
596800,24.0
596880,27.0
596912,57.0
596928,58.0
596960,32.0
596960,94.0
597104,193.0
597152,75.0
597152,28.0
597216,84.0
597280,31.0
597312,55.0
597424,76.0
597424,181.0
597440,30.0
597536,24.0
597536,38.0
597584,44.0
597744,49.0
597808,56.0
597824,25.0
597872,45.0
597968,93.0
598000,29.0
598016,30.0
598128,51.0
598160,26.0
598160,66.0
598240,109.0
598272,52.0
598304,68.0
598400,70.0
598400,51.0
598400,33.0
598432,26.0
598432,38.0
598432,29.0
598480,20.0
598544,46.0
598560,35.0
598576,72.0
598752,22.0
598880,40.0
598896,37.0
598960,50.0
598976,25.0
599024,29.0
599040,140.0
599088,41.0
599104,22.0
599104,39.0
599200,58.0
599264,52.0
599296,56.0
599392,23.0
599392,62.0
599424,81.0
599568,29.0
599616,67.0
599632,41.0
599696,31.0
599712,47.0
599728,40.0
599728,81.0
599744,44.0
599936,20.0
599952,16.0
599968,44.0
600048,41.0
600048,41.0
600064,27.0
600096,62.0
600128,35.0
600256,60.0
600304,21.0
600304,35.0
600352,14.0
600352,39.0
600480,100.0
600496,35.0
600624,75.0
600656,35.0
600832,33.0
600832,36.0
600848,71.0
600928,54.0
601072,45.0
601072,48.0
601088,29.0
601104,39.0
601120,67.0
601136,68.0
601152,75.0
601344,101.0
601360,154.0
601472,39.0
601504,27.0
601568,46.0
601600,30.0
601616,34.0
601680,47.0
601744,38.0
601808,45.0
601840,46.0
601856,85.0
601936,37.0
601968,71.0
602016,26.0
602160,50.0
602192,43.0
602192,22.0
602208,40.0
602288,27.0
602304,23.0
602368,22.0
602368,25.0
602432,60.0
602448,40.0
602448,48.0
602480,54.0
602512,22.0
602592,53.0
602608,122.0
602656,94.0
602832,25.0
602880,158.0
602928,35.0
602960,48.0
603024,52.0
603072,49.0
603120,47.0
603152,42.0
603152,35.0
603216,48.0
603312,22.0
603376,54.0
603440,49.0
603456,24.0
603488,80.0
603504,56.0
603520,23.0
603568,28.0
603600,48.0
603680,23.0
603680,86.0
603712,35.0
603776,83.0
603808,55.0
603920,26.0
603968,68.0
604064,43.0
604080,54.0
604112,37.0
604144,29.0
604176,72.0
604240,35.0
604240,49.0
604384,29.0
604384,38.0
604496,43.0
604528,28.0
604576,21.0
604608,70.0
604640,75.0
604656,30.0
604672,35.0
604720,36.0
604752,72.0
604912,26.0
604928,20.0
604928,43.0
604944,61.0
604960,24.0
604992,58.0
605008,90.0
605040,41.0
605040,32.0
605136,31.0
605344,43.0
605344,102.0
605440,45.0
605440,33.0
605488,35.0
605504,47.0
605536,72.0
605584,34.0
605616,38.0
605680,43.0
605712,36.0
605776,53.0
605904,35.0
605936,62.0
605968,29.0
605984,82.0
606064,30.0
606080,46.0
606128,32.0
606128,43.0
606144,41.0
606176,46.0
606288,78.0
606336,25.0
606352,36.0
606448,23.0
606544,54.0
606560,100.0
606560,41.0
606592,66.0
606592,39.0
606656,59.0
606688,39.0
606928,17.0
606944,25.0
606976,26.0
607072,49.0
607088,69.0
607152,51.0
607232,49.0
607232,66.0
607264,71.0
607296,23.0
607312,21.0
607312,74.0
607344,62.0
607360,48.0
607424,54.0
607472,55.0
607504,85.0
607552,54.0
607648,19.0
607648,24.0
607744,32.0
607760,51.0
607968,41.0
607984,57.0
608016,49.0
608032,45.0
608032,42.0
608096,42.0
608096,34.0
608128,65.0
608432,80.0
608512,54.0
608512,31.0
608544,28.0
608544,26.0
608592,38.0
608608,36.0
608640,42.0
608768,64.0
608784,43.0
608800,83.0
608832,12.0
608896,54.0
608896,100.0
608960,26.0
609072,98.0
609072,89.0
609088,34.0
609104,42.0
609120,32.0
609184,89.0
609232,45.0
609424,40.0
609456,23.0
609536,22.0
609632,65.0
609664,35.0
609760,43.0
609776,61.0
609904,63.0
609920,53.0
609984,68.0
610000,73.0
610032,67.0
610096,99.0
610112,41.0
610112,28.0
610128,37.0
610240,38.0
610256,71.0
610416,41.0
610480,31.0
610480,66.0
610576,42.0
610624,53.0
610640,33.0
610640,40.0
610640,88.0
610656,33.0
610688,37.0
610800,43.0
610816,25.0
610880,39.0
610880,60.0
611088,38.0
611120,40.0
611168,150.0
611168,33.0
611328,44.0
611360,49.0
611376,31.0
611376,35.0
611424,74.0
611552,54.0
611600,27.0
611632,34.0
611664,63.0
611664,64.0
611824,44.0
611856,66.0
611856,114.0
611872,62.0
611904,33.0
611920,80.0
611936,38.0
612000,40.0
612016,29.0
612016,37.0
612080,44.0
612144,61.0
612176,34.0
612272,26.0
612288,39.0
612336,26.0
612368,48.0
612416,47.0
612464,40.0
612480,29.0
612496,22.0
612560,44.0
612560,43.0
612752,47.0
612752,42.0
612816,55.0
612848,30.0
612864,60.0
612944,24.0
613024,29.0
613040,36.0
613120,53.0
613168,26.0
613184,63.0
613232,51.0
613264,32.0
613280,15.0
613280,62.0
613376,32.0
613440,26.0
613552,67.0
613600,27.0
613616,48.0
613680,54.0
613824,34.0
613888,59.0
613888,117.0
613888,44.0
613888,97.0
613920,89.0
614064,50.0
614096,45.0
614160,21.0
614224,39.0
614224,59.0
614240,35.0
614272,45.0
614304,24.0
614336,69.0
614416,81.0
614416,33.0
614528,40.0
614560,42.0
614752,37.0
614768,42.0
614768,27.0
614784,34.0
614784,45.0
614896,80.0
614960,46.0
614976,96.0
615008,37.0
615024,38.0
615216,57.0
615312,65.0
615328,36.0
615360,36.0
615408,40.0
615408,40.0
615424,28.0
615440,76.0
615440,57.0
615680,45.0
615744,116.0
615776,76.0
615840,32.0
615920,44.0
615920,71.0
616080,15.0
616080,74.0
616080,45.0
616192,49.0
616352,36.0
616352,59.0
616384,85.0
616400,68.0
616400,41.0
616464,64.0
616480,92.0
616480,66.0
616496,66.0
616528,53.0
616544,12.0
616768,43.0
616848,41.0
616880,60.0
617024,69.0
617088,34.0
617088,43.0
617104,45.0
617120,40.0
617136,40.0
617232,52.0
617264,49.0
617280,25.0
617344,55.0
617520,90.0
617568,93.0
617584,30.0
617616,68.0
617616,22.0
617632,34.0
617776,31.0
617808,42.0
617824,92.0
617920,50.0
617952,45.0
618080,77.0
618096,20.0
618112,31.0
618128,65.0
618224,25.0
618240,38.0
618256,21.0
618304,80.0
618304,22.0
618336,45.0
618400,51.0
618400,102.0
618480,71.0
618512,25.0
618528,60.0
618592,67.0
618608,50.0
618624,24.0
618672,23.0
618688,27.0
618688,37.0
618784,41.0
618944,40.0
619024,43.0
619152,47.0
619152,47.0
619168,41.0
619248,29.0
619328,41.0
619376,53.0
619520,23.0
619520,52.0
619520,57.0
619536,66.0
619552,54.0
619584,21.0
619648,44.0
619664,21.0
619728,94.0
619744,72.0
619840,51.0
619888,113.0
619904,80.0
619952,27.0
619968,50.0
620080,58.0
620112,36.0
620224,40.0
620240,37.0
620272,23.0
620288,21.0
620304,40.0
620432,34.0
620480,40.0
620592,67.0
620640,23.0
620656,26.0
620720,73.0
620736,62.0
620768,87.0
620832,22.0
620864,36.0
620864,71.0
620896,51.0
621104,23.0
621104,71.0
621184,26.0
621200,38.0
621232,70.0
621264,109.0
621312,68.0
621392,68.0
621408,48.0
621440,45.0
621456,50.0
621488,41.0
621648,49.0
621840,27.0
621856,60.0
621920,51.0
621936,44.0
621936,52.0
621968,32.0
621984,70.0
621984,45.0
622000,43.0
622048,35.0
622080,103.0
622160,60.0
622224,52.0
622288,69.0
622368,27.0
622384,59.0
622384,24.0
622400,22.0
622448,33.0
622496,26.0
622528,43.0
622560,57.0
622576,40.0
622592,38.0
622608,47.0
622608,39.0
622720,35.0
622784,25.0
622832,29.0
622912,24.0
622912,39.0
622960,35.0
623120,25.0
623152,37.0
623152,23.0
623232,40.0
623248,47.0
623280,52.0
623312,58.0
623392,35.0
623488,55.0
623504,96.0
623568,26.0
623664,44.0
623680,48.0
623792,30.0
623888,25.0
623888,46.0
623952,86.0
623968,109.0
623968,66.0
624128,56.0
624144,40.0
624208,60.0
624272,104.0
624272,24.0
624368,68.0
624368,50.0
624384,62.0
624400,46.0
624576,38.0
624576,43.0
624608,58.0
624640,53.0
624768,51.0
624784,40.0
624928,50.0
624976,116.0
624976,23.0
625088,70.0
625152,49.0
625200,51.0
625248,61.0
625248,42.0
625248,30.0
625280,63.0
625296,45.0
625408,27.0
625424,11.0
625488,32.0
625552,57.0
625728,50.0
625872,36.0
625888,30.0
626000,36.0
626048,56.0
626128,58.0
626176,87.0
626176,58.0
626192,59.0
626240,60.0
626240,32.0
626288,118.0
626304,51.0
626336,78.0
626384,21.0
626384,126.0
626448,35.0
626464,57.0
626656,26.0
626672,21.0
626688,43.0
626736,158.0
626768,40.0
626768,30.0
626800,39.0
626816,32.0
626816,27.0
626992,38.0
627056,37.0
627232,65.0
627264,37.0
627264,68.0
627280,88.0
627280,52.0
627312,41.0
627408,37.0
627440,42.0
627488,47.0
627584,22.0
627648,52.0
627664,56.0
627712,64.0
627728,26.0
627776,49.0
627776,61.0
627952,56.0
627968,44.0
627984,109.0
628016,47.0
628048,24.0
628048,40.0
628096,51.0
628208,45.0
628224,36.0
628304,37.0
628400,42.0
628416,52.0
628448,73.0
628640,75.0
628704,58.0
628736,47.0
628768,23.0
628800,44.0
628880,69.0
628896,55.0
628896,58.0
628896,37.0
628992,34.0
629072,23.0
629104,66.0
629184,61.0
629296,41.0
629296,33.0
629296,55.0
629312,20.0
629392,73.0
629392,20.0
629440,44.0
629616,45.0
629648,47.0
629760,28.0
629808,32.0
629824,111.0
629888,121.0
630096,13.0
630112,45.0
630112,63.0
630176,22.0
630224,26.0
630256,54.0
630304,43.0
630336,65.0
630336,90.0
630400,60.0
630400,76.0
630432,42.0
630528,27.0
630592,26.0
630704,37.0
630736,68.0
630816,126.0
630880,30.0
630880,36.0
630960,130.0
630976,40.0
631008,38.0
631056,110.0
631168,59.0
631200,68.0
631200,54.0
631200,38.0
631280,53.0
631328,28.0
631408,44.0
631552,64.0
631584,53.0
631632,36.0
631680,50.0
631728,92.0
631744,58.0
631776,36.0
631776,28.0
631936,58.0
631984,44.0
631984,25.0
632032,22.0
632064,68.0
632080,21.0
632128,60.0
632160,60.0
632192,40.0
632208,78.0
632272,67.0
632384,47.0
632384,61.0
632400,29.0
632688,44.0
632704,45.0
632784,37.0
632816,65.0
632832,47.0
632880,38.0
633024,56.0
633104,83.0
633168,49.0
633232,25.0
633264,77.0
633296,77.0
633360,41.0
633376,43.0
633392,63.0
633440,35.0
633488,68.0
633536,32.0
633552,46.0
633584,86.0
633584,50.0
633648,93.0
633728,35.0
633760,25.0
633888,28.0
634000,44.0
634032,58.0
634048,35.0
634048,51.0
634064,50.0
634112,46.0
634128,30.0
634224,43.0
634240,41.0
634272,43.0
634288,25.0
634304,47.0
634352,164.0
634368,38.0
634480,68.0
634592,30.0
634608,35.0
634688,35.0
634688,40.0
634688,29.0
634752,47.0
634800,67.0
634800,33.0
634912,42.0
634928,54.0
635104,39.0
635152,49.0
635248,56.0
635248,60.0
635264,60.0
635312,39.0
635408,50.0
635456,41.0
635520,58.0
635600,53.0
635696,24.0
635728,58.0
635744,107.0
635792,17.0
635824,45.0
635872,59.0
635904,76.0
635920,42.0
636048,56.0
636064,86.0
636080,52.0
636128,76.0
636208,50.0
636368,36.0
636416,37.0
636432,32.0
636496,77.0
636512,66.0
636576,61.0
636752,66.0
636752,24.0
636768,35.0
636880,51.0
636896,53.0
636912,73.0
637040,39.0
637088,76.0
637120,76.0
637152,67.0
637200,67.0
637264,31.0
637520,63.0
637568,26.0
637584,72.0
637600,53.0
637664,48.0
637776,128.0
637792,44.0
637808,43.0
637856,69.0
637872,42.0
637888,82.0
637952,65.0
637984,69.0
638064,98.0
638144,69.0
638160,56.0
638192,39.0
638240,41.0
638320,45.0
638368,30.0
638464,38.0
638480,26.0
638480,44.0
638512,40.0
638624,51.0
638672,43.0
638720,30.0
638736,67.0
638768,78.0
638768,39.0
638784,26.0
639008,66.0
639040,35.0
639056,36.0
639072,47.0
639104,30.0
639136,84.0
639232,65.0
639328,41.0
639440,41.0
639456,25.0
639488,48.0
639584,51.0
639584,53.0
639664,41.0
639712,59.0
639776,79.0
639776,46.0
639872,48.0
639888,89.0
640016,116.0
640048,35.0
640144,43.0
640160,52.0
640160,36.0
640176,37.0
640192,26.0
640240,73.0
640320,68.0
640432,34.0
640432,41.0
640448,36.0
640464,17.0
640464,64.0
640480,84.0
640496,49.0
640640,37.0
640736,36.0
640816,50.0
640864,26.0
640880,44.0
640960,29.0
641024,35.0
641072,57.0
641088,41.0
641120,50.0
641216,22.0
641264,70.0
641264,49.0
641296,54.0
641328,23.0
641360,56.0
641504,54.0
641568,43.0
641568,28.0
641632,38.0
641712,40.0
641760,95.0
641904,40.0
641920,22.0
641984,145.0
642000,49.0
642032,44.0
642096,46.0
642112,64.0
642112,86.0
642176,55.0
642208,40.0
642448,51.0
642464,16.0
642464,75.0
642496,24.0
642512,47.0
642544,52.0
642608,27.0
642672,116.0
642832,83.0
642848,54.0
642896,62.0
642928,58.0
642928,29.0
642960,28.0
642976,54.0
642992,67.0
643008,57.0
643056,35.0
643152,38.0
643264,50.0
643296,53.0
643360,27.0
643424,26.0
643472,54.0
643504,36.0
643536,44.0
643568,38.0
643728,29.0
643744,11.0
643792,110.0
643808,32.0
643808,57.0
643824,53.0
643872,51.0
643888,24.0
643904,47.0
643968,61.0
643968,27.0
644080,38.0
644320,37.0
644352,28.0
644368,95.0
644384,19.0
644448,64.0
644464,45.0
644560,37.0
644592,49.0
644608,51.0
644640,52.0
644688,45.0
644720,56.0
644736,53.0
644912,29.0
644944,35.0
644960,37.0
644960,143.0
644976,101.0
644992,33.0
645072,45.0
645120,78.0
645136,25.0
645312,62.0
645344,27.0
645360,25.0
645424,19.0
645504,51.0
645520,35.0
645536,59.0
645552,59.0
645664,42.0
645792,45.0
645920,24.0
645920,61.0
645984,39.0
645984,40.0
646048,57.0
646176,91.0
646208,103.0
646240,51.0
646240,43.0
646336,85.0
646432,48.0
646448,59.0
646464,26.0
646480,31.0
646496,74.0
646560,36.0
646624,24.0
646704,129.0
646720,15.0
646784,54.0
646800,37.0
646864,67.0
646880,44.0
646960,25.0
647008,42.0
647056,39.0
647056,71.0
647136,32.0
647136,40.0
647248,28.0
647280,35.0
647296,111.0
647360,56.0
647408,73.0
647584,50.0
647600,34.0
647616,23.0
647616,46.0
647760,82.0
647760,39.0
647856,28.0
647872,57.0
647952,42.0
647984,80.0
647984,58.0
648032,56.0
648080,76.0
648112,51.0
648144,71.0
648192,27.0
648192,37.0
648256,40.0
648304,45.0
648304,59.0
648448,29.0
648528,48.0
648560,26.0
648576,45.0
648640,38.0
648704,37.0
648720,33.0
648736,70.0
648784,52.0
648848,34.0
648864,55.0
648896,51.0
648944,43.0
648960,48.0
649072,48.0
649312,47.0
649376,50.0
649392,95.0
649408,43.0
649456,37.0
649488,53.0
649488,60.0
649504,50.0
649504,34.0
649504,66.0
649536,47.0
649568,39.0
649600,54.0
649776,23.0
649840,29.0
649872,30.0
649872,61.0
649936,27.0
649968,70.0
650048,35.0
650064,38.0
650096,35.0
650208,56.0
650304,77.0
650320,52.0
650448,32.0
650528,58.0
650528,41.0
650688,57.0
650720,76.0
650752,41.0
650768,44.0
650864,34.0
650864,51.0
650896,83.0
651040,73.0
651056,47.0
651136,102.0
651232,44.0
651296,38.0
651296,68.0
651376,96.0
651408,60.0
651472,59.0
651504,38.0
651504,46.0
651648,49.0
651664,59.0
651760,18.0
651808,19.0
651824,43.0
651872,36.0
651904,31.0
652000,39.0
652000,78.0
652208,57.0
652304,34.0
652336,148.0
652336,80.0
652384,24.0
652400,73.0
652432,98.0
652448,50.0
652512,53.0
652624,50.0
652672,73.0
652704,104.0
652736,52.0
652768,60.0
652832,24.0
652880,34.0
652880,13.0
652928,66.0
652944,32.0
652976,37.0
653008,50.0
653056,41.0
653056,34.0
653120,22.0
653248,57.0
653328,22.0
653408,33.0
653424,70.0
653440,46.0
653456,33.0
653472,46.0
653488,27.0
653536,41.0
653552,27.0
653712,48.0
653712,107.0
653984,35.0
653984,34.0
654048,21.0
654160,72.0
654176,40.0
654304,53.0
654320,106.0
654320,52.0
654368,96.0
654496,32.0
654512,91.0
654592,70.0
654640,58.0
654672,43.0
654688,24.0
654752,94.0
654784,91.0
654800,87.0
654928,38.0
655056,63.0
655136,99.0
655152,35.0
655184,51.0
655248,35.0
655264,37.0
655264,47.0
655296,70.0
655328,11.0
655392,40.0
655440,50.0
655552,47.0
655600,42.0
655728,88.0
655744,26.0
655792,34.0
655808,47.0
655824,83.0
655840,41.0
655904,48.0
655904,109.0
655952,41.0
656080,30.0
656144,55.0
656304,35.0
656368,61.0
656496,107.0
656496,26.0
656672,55.0
656672,23.0
656688,71.0
656768,54.0
656784,66.0
656800,61.0
656832,55.0
656848,44.0
656864,100.0
656928,70.0
656944,65.0
656960,70.0
657104,38.0
657136,13.0
657232,24.0
657280,38.0
657376,63.0
657392,27.0
657392,44.0
657472,127.0
657504,25.0
657520,45.0
657552,49.0
657680,74.0
657696,64.0
657712,27.0
657728,56.0
657776,34.0
657808,42.0
657856,67.0
658000,30.0
658048,34.0
658064,70.0
658064,32.0
658112,45.0
658128,25.0
658256,35.0
658320,53.0
658400,43.0
658400,96.0
658416,46.0
658464,25.0
658480,44.0
658528,33.0
658528,25.0
658624,78.0
658672,39.0
658768,44.0
658816,12.0
658832,45.0
658848,91.0
658960,72.0
658960,44.0
659088,35.0
659120,37.0
659200,50.0
659280,38.0
659376,66.0
659392,58.0
659392,62.0
659424,36.0
659456,43.0
659472,66.0
659584,39.0
659600,49.0
659616,71.0
659664,34.0
659680,45.0
659808,61.0
659888,127.0
659920,45.0
659920,33.0
659984,32.0
660016,35.0
660016,39.0
660240,40.0
660256,23.0
660304,64.0
660384,60.0
660416,50.0
660480,87.0
660592,42.0
660688,27.0
660720,50.0
660752,73.0
660752,86.0
660816,32.0
660832,53.0
660832,64.0
660992,38.0
661072,66.0
661136,70.0
661152,92.0
661184,37.0
661216,50.0
661264,32.0
661328,38.0
661344,37.0
661424,110.0
661472,40.0
661552,54.0
661584,84.0
661760,58.0
661840,64.0
661872,55.0
661920,44.0
661936,38.0
661968,26.0
661968,52.0
661984,25.0
662000,46.0
662080,46.0
662144,67.0
662160,43.0
662304,55.0
662352,32.0
662416,79.0
662432,78.0
662448,123.0
662448,30.0
662496,39.0
662560,26.0
662560,50.0
662560,36.0
662784,39.0
662864,56.0
662864,26.0
662928,62.0
662960,41.0
662960,55.0
663024,37.0
663136,76.0
663152,23.0
663216,48.0
663232,42.0
663248,43.0
663360,25.0
663392,33.0
663440,59.0
663520,35.0
663584,99.0
663616,66.0
663696,28.0
663776,57.0
663872,53.0
663888,47.0
663936,44.0
663968,38.0
663968,97.0
664016,104.0
664016,50.0
664048,29.0
664096,41.0
664160,29.0
664256,40.0
664320,24.0
664384,91.0
664416,64.0
664464,36.0
664576,35.0
664640,48.0
664672,39.0
664688,27.0
664720,75.0
664736,99.0
664752,46.0
664880,45.0
664960,24.0
664992,64.0
665104,49.0
665168,27.0
665232,48.0
665248,80.0
665296,26.0
665360,38.0
665424,49.0
665440,104.0
665440,45.0
665472,68.0
665504,17.0
665536,54.0
665568,72.0
665648,97.0
665648,43.0
665728,65.0
665808,44.0
665952,37.0
665952,32.0
665984,32.0
666000,36.0
666064,31.0
666096,53.0
666208,35.0
666224,36.0
666256,68.0
666272,34.0
666304,82.0
666352,57.0
666400,69.0
666496,34.0
666528,19.0
666720,76.0
666816,80.0
666832,27.0
666880,33.0
666896,37.0
666928,70.0
666944,46.0
667072,63.0
667136,74.0
667136,54.0
667296,50.0
667392,71.0
667392,28.0
667408,30.0
667424,90.0
667440,38.0
667504,27.0
667536,41.0
667568,53.0
667584,93.0
667712,51.0
667712,107.0
667792,41.0
667888,67.0
667888,85.0
667936,34.0
668032,31.0
668032,40.0
668144,35.0
668176,47.0
668192,47.0
668224,58.0
668240,46.0
668320,38.0
668320,33.0
668432,25.0
668464,66.0
668544,32.0
668560,39.0
668592,25.0
668592,44.0
668704,71.0
668768,33.0
668800,41.0
668992,25.0
669040,28.0
669040,72.0
669104,25.0
669216,56.0
669232,48.0
669280,98.0
669328,72.0
669376,66.0
669456,145.0
669536,31.0
669536,82.0
669568,50.0
669600,20.0
669680,71.0
669776,84.0
669792,77.0
669808,36.0
669872,52.0
669872,41.0
669904,33.0
670000,34.0
670048,78.0
670112,36.0
670112,63.0
670160,73.0
670208,42.0
670224,28.0
670304,27.0
670352,64.0
670368,35.0
670496,31.0
670512,52.0
670544,61.0
670544,42.0
670560,48.0
670592,24.0
670592,30.0
670672,67.0
670704,50.0
670704,34.0
670768,34.0
670832,49.0
670912,35.0
670944,40.0
671104,62.0
671120,33.0
671152,24.0
671232,54.0
671232,43.0
671264,48.0
671344,42.0
671440,46.0
671440,53.0
671456,59.0
671488,49.0
671536,44.0
671584,29.0
671632,45.0
671680,28.0
671728,74.0
671776,27.0
671872,45.0
671936,52.0
671984,28.0
671984,34.0
672016,67.0
672032,36.0
672080,40.0
672128,56.0
672144,26.0
672160,56.0
672192,26.0
672224,40.0
672320,52.0
672336,41.0
672448,118.0
672544,38.0
672576,34.0
672624,40.0
672640,35.0
672720,35.0
672752,13.0
672992,41.0
673056,54.0
673152,44.0
673184,97.0
673184,35.0
673344,83.0
673344,75.0
673424,75.0
673424,44.0
673520,96.0
673568,58.0
673568,32.0
673584,27.0
673600,80.0
673664,68.0
673776,49.0
673792,38.0
673792,120.0
673808,29.0
673984,35.0
674016,52.0
674048,33.0
674080,26.0
674080,30.0
674128,49.0
674208,25.0
674208,130.0
674304,46.0
674352,48.0
674448,41.0
674512,29.0
674576,37.0
674608,116.0
674656,36.0
674656,68.0
674720,58.0
674736,60.0
674752,34.0
674880,27.0
674928,45.0
674928,53.0
675040,46.0
675040,101.0
675040,64.0
675072,35.0
675088,27.0
675136,26.0
675184,52.0
675344,46.0
675504,36.0
675520,37.0
675552,42.0
675568,57.0
675568,51.0
675616,36.0
675696,41.0
675712,42.0
675728,41.0
675760,102.0
675808,39.0
675808,67.0
675824,78.0
675824,43.0
675888,50.0
676096,47.0
676176,30.0
676176,42.0
676208,24.0
676208,28.0
676240,32.0
676288,45.0
676288,48.0
676448,46.0
676464,56.0
676496,55.0
676592,65.0
676624,50.0
676752,59.0
676768,55.0
676880,44.0
676880,42.0
676912,42.0
676928,52.0
677088,31.0
677120,82.0
677216,58.0
677216,65.0
677216,45.0
677248,39.0
677312,24.0
677504,76.0
677568,69.0
677600,24.0
677664,49.0
677680,29.0
677680,48.0
677744,81.0
677776,98.0
677792,36.0
677792,65.0
677824,59.0
677872,49.0
677984,26.0
678032,49.0
678032,79.0
678048,28.0
678048,58.0
678144,29.0
678144,40.0
678240,12.0
678368,39.0
678384,38.0
678400,68.0
678400,26.0
678416,34.0
678496,51.0
678512,45.0
678624,50.0
678672,63.0
678688,28.0
678704,57.0
678768,46.0
678784,46.0
678800,26.0
678816,42.0
678928,56.0
678960,51.0
678960,21.0
679008,38.0
679040,40.0
679104,20.0
679216,26.0
679312,34.0
679376,63.0
679472,32.0
679488,49.0
679616,38.0
679616,69.0
679648,77.0
679680,63.0
679712,56.0
679712,47.0
679728,43.0
679776,35.0
679936,39.0
679968,37.0
679968,22.0
679984,93.0
680032,24.0
680128,64.0
680176,29.0
680208,80.0
680320,44.0
680416,40.0
680432,59.0
680448,45.0
680496,113.0
680592,55.0
680608,40.0
680720,37.0
680784,69.0
680896,45.0
680976,65.0
680976,41.0
681056,67.0
681184,61.0
681248,50.0
681280,78.0
681280,54.0
681280,43.0
681312,21.0
681328,56.0
681344,46.0
681392,56.0
681440,45.0
681440,34.0
681568,131.0
681664,24.0
681728,110.0
681744,29.0
681744,48.0
681888,40.0
682016,39.0
682080,50.0
682096,65.0
682192,55.0
682192,53.0
682336,48.0
682448,104.0
682480,47.0
682480,72.0
682496,82.0
682544,55.0
682592,72.0
682624,38.0
682624,55.0
682736,12.0
682752,42.0
682768,36.0
682800,44.0
682832,87.0
682864,23.0
682960,76.0
683008,51.0
683136,32.0
683152,42.0
683200,29.0
683264,49.0
683264,58.0
683328,44.0
683360,22.0
683392,39.0
683408,95.0
683408,51.0
683488,22.0
683600,48.0
683600,50.0
683648,28.0
683664,25.0
683744,24.0
683760,38.0
683792,52.0
683904,19.0
683920,33.0
683968,35.0
684048,81.0
684064,46.0
684080,20.0
684224,39.0
684240,37.0
684240,28.0
684288,34.0
684320,41.0
684320,25.0
684320,52.0
684480,127.0
684496,68.0
684512,18.0
684576,107.0
684592,33.0
684672,88.0
684672,48.0
684688,40.0
684800,32.0
684816,36.0
684864,23.0
684944,27.0
685008,21.0
685056,36.0
685072,24.0
685120,72.0
685168,53.0
685184,54.0
685232,35.0
685232,62.0
685296,76.0
685360,49.0
685472,55.0
685488,73.0
685520,21.0
685520,28.0
685600,50.0
685744,14.0
685760,56.0
685776,34.0
685776,26.0
685824,63.0
685888,59.0
685904,49.0
685936,40.0
686032,54.0
686048,62.0
686048,35.0
686048,65.0
686128,56.0
686176,25.0
686208,29.0
686416,56.0
686496,37.0
686544,38.0
686560,60.0
686560,50.0
686704,41.0
686736,57.0
686752,45.0
686768,35.0
686832,26.0
686928,55.0
686960,93.0
686960,25.0
686976,26.0
686992,51.0
686992,31.0
687072,64.0
687184,88.0
687184,16.0
687328,35.0
687392,79.0
687408,95.0
687408,36.0
687520,61.0
687520,33.0
687568,36.0
687760,66.0
687776,50.0
687808,25.0
687840,48.0
687856,56.0
687888,23.0
687920,46.0
687936,61.0
688000,78.0
688000,27.0
688032,81.0
688192,50.0
688208,50.0
688256,23.0
688336,30.0
688352,37.0
688400,25.0
688448,28.0
688576,41.0
688624,53.0
688624,51.0
688672,40.0
688688,22.0
688688,21.0
688688,31.0
688752,51.0
688768,58.0
688784,33.0
688848,40.0
688880,106.0
688944,34.0
688960,90.0
689152,114.0
689152,36.0
689184,46.0
689216,28.0
689216,21.0
689232,38.0
689312,29.0
689360,46.0
689392,44.0
689424,47.0
689488,50.0
689504,35.0
689664,61.0
689680,58.0
689712,58.0
689712,30.0
689808,41.0
689808,39.0
689840,39.0
689872,45.0
689888,25.0
689920,35.0
690016,50.0
690016,39.0
690096,24.0
690128,51.0
690176,23.0
690192,77.0
690192,33.0
690240,35.0
690288,23.0
690352,58.0
690416,38.0
690496,39.0
690592,55.0
690624,31.0
690624,28.0
690640,39.0
690736,53.0
690768,42.0
690864,53.0
690896,25.0
690960,21.0
690976,39.0
691008,37.0
691088,99.0
691120,24.0
691136,53.0
691136,59.0
691168,34.0
691184,62.0
691184,84.0
691216,39.0
691344,23.0
691344,30.0
691408,25.0
691408,32.0
691488,53.0
691536,23.0
691728,60.0
691744,38.0
691792,36.0
691840,31.0
691840,55.0
691840,27.0
691856,28.0
691904,104.0
691904,35.0
691936,47.0
691984,56.0
692000,51.0
692032,56.0
692128,40.0
692144,38.0
692160,27.0
692288,28.0
692288,24.0
692304,25.0
692448,38.0
692464,84.0
692512,41.0
692704,60.0
692704,57.0
692864,64.0
692928,58.0
692976,42.0
693056,48.0
693088,59.0
693104,51.0
693136,42.0
693136,27.0
693136,72.0
693184,72.0
693200,67.0
693264,83.0
693360,27.0
693424,28.0
693472,64.0
693536,86.0
693648,32.0
693872,85.0
693904,65.0
693936,36.0
693952,56.0
693984,80.0
694080,56.0
694176,61.0
694288,47.0
694288,64.0
694320,74.0
694400,79.0
694496,88.0
694592,38.0
694608,42.0
694624,42.0
694656,47.0
694656,63.0
694768,81.0
694816,107.0
694896,51.0
694896,45.0
694976,20.0
694976,97.0
695008,38.0
695024,25.0
695056,48.0
695200,55.0
695216,45.0
695232,36.0
695232,39.0
695232,85.0
695280,24.0
695360,37.0
695440,72.0
695568,42.0
695568,23.0
695600,37.0
695680,68.0
695792,35.0
695808,62.0
695840,39.0
695856,18.0
695920,59.0
696032,66.0
696032,42.0
696128,56.0
696144,36.0
696160,71.0
696272,26.0
696320,79.0
696368,36.0
696368,68.0
696384,49.0
696416,31.0
696416,36.0
696432,62.0
696464,41.0
696464,27.0
696592,85.0
696720,25.0
696768,68.0
696800,48.0
696896,29.0
696896,47.0
696928,29.0
696944,36.0
696992,45.0
697072,57.0
697104,40.0
697168,23.0
697168,49.0
697216,68.0
697232,54.0
697232,51.0
697312,56.0
697328,25.0
697360,37.0
697376,30.0
697392,25.0
697504,57.0
697568,31.0
697632,20.0
697744,64.0
697760,23.0
697840,38.0
697856,47.0
697904,43.0
697904,46.0
697904,60.0
697952,36.0
697968,50.0
698032,29.0
698064,44.0
698080,53.0
698176,42.0
698256,31.0
698400,14.0
698416,35.0
698416,24.0
698416,49.0
698432,37.0
698448,24.0
698576,52.0
698608,44.0
698640,42.0
698784,91.0
698800,53.0
698816,57.0
698848,27.0
698880,29.0
698896,51.0
698944,65.0
698960,20.0
698992,36.0
699008,35.0
699008,132.0
699104,33.0
699360,47.0
699360,60.0
699376,70.0
699376,59.0
699424,29.0
699488,37.0
699744,60.0
699744,56.0
699760,59.0
699824,29.0
699856,66.0
699856,54.0
699872,58.0
699952,59.0
699984,69.0
700080,45.0
700128,40.0
700128,47.0
700176,47.0
700336,37.0
700336,30.0
700352,38.0
700384,33.0
700400,40.0
700480,38.0
700528,25.0
700656,36.0
700672,53.0
700704,83.0
700720,12.0
700736,102.0
700864,57.0
700912,46.0
700976,39.0
700992,54.0
701040,66.0
701056,25.0
701072,43.0
701248,57.0
701424,64.0
701424,43.0
701472,27.0
701504,64.0
701536,158.0
701584,37.0
701600,39.0
701696,40.0
701760,68.0
701776,67.0
701824,25.0
701872,72.0
701920,66.0
701984,14.0
702000,104.0
702016,30.0
702048,36.0
702080,24.0
702096,37.0
702240,73.0
702256,84.0
702352,33.0
702384,50.0
702416,62.0
702496,25.0
702528,33.0
702544,81.0
702576,35.0
702608,33.0
702624,40.0
702688,57.0
702704,20.0
702736,43.0
702784,74.0
702880,39.0
702976,46.0
703008,41.0
703024,30.0
703040,32.0
703120,34.0
703184,82.0
703184,48.0
703216,81.0
703280,34.0
703296,26.0
703296,20.0
703328,39.0
703408,39.0
703408,57.0
703520,52.0
703552,32.0
703568,60.0
703616,38.0
703616,27.0
703824,40.0
703904,39.0
703920,25.0
703968,59.0
703984,43.0
703984,36.0
704000,44.0
704016,43.0
704032,39.0
704240,42.0
704240,39.0
704272,45.0
704272,41.0
704320,69.0
704432,38.0
704432,33.0
704576,37.0
704624,40.0
704752,133.0
704752,45.0
704768,28.0
704768,50.0
704768,53.0
704880,55.0
704944,58.0
704960,24.0
704992,45.0
704992,45.0
705200,28.0
705200,60.0
705216,49.0
705280,65.0
705296,26.0
705312,55.0
705328,35.0
705344,45.0
705408,143.0
705456,44.0
705488,34.0
705504,46.0
705520,20.0
705696,46.0
705696,44.0
705712,45.0
705904,39.0
705920,29.0
705936,38.0
705952,38.0
705952,47.0
706064,48.0
706064,41.0
706080,54.0
706096,38.0
706096,37.0
706128,13.0
706128,51.0
706176,29.0
706208,90.0
706320,39.0
706432,57.0
706464,32.0
706624,31.0
706656,47.0
706688,23.0
706688,37.0
706736,41.0
706768,40.0
706864,25.0
706880,74.0
706880,51.0
706928,52.0
706944,55.0
706992,65.0
707056,55.0
707056,25.0
707120,43.0
707216,63.0
707248,30.0
707296,26.0
707296,35.0
707312,86.0
707312,39.0
707456,52.0
707584,44.0
707632,48.0
707664,38.0
707664,42.0
707680,62.0
707696,30.0
707696,47.0
707696,48.0
707744,28.0
707824,44.0
707872,39.0
707888,36.0
707920,54.0
707968,41.0
708000,34.0
708016,20.0
708064,27.0
708240,31.0
708240,59.0
708416,37.0
708448,49.0
708448,48.0
708480,56.0
708624,58.0
708672,61.0
708672,49.0
708736,48.0
708800,49.0
708832,48.0
708880,25.0
708960,65.0
709056,24.0
709056,66.0
709088,42.0
709104,77.0
709280,34.0
709408,109.0
709424,50.0
709440,40.0
709440,75.0
709488,51.0
709552,82.0
709600,34.0
709616,73.0
709632,33.0
709680,53.0
709856,88.0
709920,32.0
709968,68.0
710032,25.0
710048,39.0
710064,39.0
710112,64.0
710144,37.0
710224,39.0
710304,84.0
710352,46.0
710448,26.0
710464,88.0
710480,62.0
710608,34.0
710736,48.0
710752,40.0
710768,39.0
710832,87.0
710944,79.0
710960,65.0
710976,39.0
710992,107.0
711008,44.0
711168,45.0
711248,64.0
711344,25.0
711376,57.0
711376,40.0
711408,58.0
711536,93.0
711536,34.0
711584,108.0
711584,36.0
711584,38.0
711616,63.0
711616,54.0
711744,57.0
711920,24.0
711936,37.0
712096,58.0
712224,40.0
712240,54.0
712272,41.0
712304,66.0
712352,61.0
712384,61.0
712432,53.0
712448,93.0
712496,55.0
712528,110.0
712576,62.0
712688,72.0
712800,33.0
712864,58.0
712880,40.0
712912,30.0
712928,27.0
712928,74.0
712960,54.0
713072,72.0
713088,54.0
713104,50.0
713136,28.0
713168,45.0
713200,51.0
713264,46.0
713376,36.0
713424,34.0
713520,38.0
713536,74.0
713600,40.0
713648,32.0
713712,39.0
713760,35.0
713792,76.0
713824,60.0
713840,57.0
713840,42.0
713888,23.0
713904,40.0
713984,55.0
714032,38.0
714064,62.0
714144,76.0
714144,31.0
714144,34.0
714144,22.0
714224,53.0
714240,33.0
714480,26.0
714480,59.0
714560,46.0
714576,46.0
714672,33.0
714736,61.0
714768,58.0
714800,41.0
714800,35.0
714816,58.0
714880,41.0
714960,51.0
714960,66.0
714976,31.0
715040,56.0
715296,21.0
715344,82.0
715360,43.0
715360,34.0
715376,56.0
715392,37.0
715408,42.0
715456,43.0
715456,41.0
715472,56.0
715488,94.0
715520,60.0
715536,36.0
715552,42.0
715600,35.0
715824,53.0
715824,28.0
716016,34.0
716032,34.0
716080,45.0
716160,54.0
716208,47.0
716256,45.0
716320,18.0
716368,61.0
716384,35.0
716384,23.0
716464,70.0
716512,57.0
716528,73.0
716528,70.0
716560,22.0
716736,76.0
716784,83.0
716896,33.0
716912,37.0
716912,68.0
717024,40.0
717056,34.0
717056,42.0
717104,23.0
717120,65.0
717136,61.0
717200,42.0
717216,41.0
717232,105.0
717408,72.0
717536,25.0
717584,33.0
717632,45.0
717744,39.0
717760,81.0
717776,36.0
717792,48.0
717824,58.0
717856,83.0
717888,52.0
718064,80.0
718128,34.0
718176,25.0
718176,67.0
718224,51.0
718240,30.0
718288,66.0
718352,29.0
718400,48.0
718496,40.0
718528,29.0
718544,83.0
718560,64.0
718624,50.0
718688,32.0
718816,64.0
718864,46.0
718944,24.0
718960,128.0
718960,42.0
718960,46.0
718976,46.0
719024,25.0
719024,53.0
719040,34.0
719072,42.0
719152,38.0
719232,44.0
719264,36.0
719328,32.0
719408,28.0
719440,26.0
719456,31.0
719472,38.0
719488,26.0
719536,31.0
719568,37.0
719584,115.0
719696,47.0
719760,33.0
719824,54.0
719856,24.0
719920,41.0
719936,49.0
719936,99.0
720192,41.0
720224,48.0
720224,51.0
720240,26.0
720320,39.0
720320,62.0
720464,64.0
720480,62.0
720512,36.0
720592,64.0
720592,52.0
720592,46.0
720672,103.0
720672,28.0
720736,51.0
720816,55.0
720864,39.0
720896,36.0
720960,40.0
721056,36.0
721184,23.0
721200,33.0
721280,34.0
721328,27.0
721392,27.0
721408,56.0
721424,60.0
721472,55.0
721488,119.0
721584,87.0
721616,87.0
721632,48.0
721664,67.0
721664,38.0
721744,72.0
721824,25.0
721888,43.0
721904,36.0
721904,39.0
721920,11.0
721968,19.0
722000,51.0
722048,41.0
722080,88.0
722288,51.0
722448,51.0
722608,45.0
722608,44.0
722640,72.0
722720,69.0
722768,48.0
722768,45.0
722784,86.0
722784,51.0
722896,62.0
722992,88.0
723072,29.0
723104,90.0
723200,35.0
723200,27.0
723216,58.0
723376,24.0
723376,48.0
723392,59.0
723408,43.0
723456,86.0
723456,96.0
723504,45.0
723664,18.0
723664,29.0
723680,116.0
723744,53.0
723840,27.0
723856,49.0
723888,69.0
723888,49.0
723920,34.0
723968,36.0
724080,39.0
724208,90.0
724208,23.0
724224,45.0
724288,34.0
724320,41.0
724368,43.0
724544,41.0
724560,56.0
724656,75.0
724736,96.0
724768,43.0
724800,52.0
724864,41.0
724880,60.0
724896,22.0
724944,68.0
724944,39.0
724992,69.0
725008,28.0
725056,52.0
725120,52.0
725184,123.0
725216,26.0
725360,62.0
725392,28.0
725408,29.0
725520,32.0
725536,83.0
725680,31.0
725776,56.0
725808,37.0
725824,52.0
725840,30.0
725872,69.0
725904,32.0
726032,86.0
726064,41.0
726096,65.0
726160,65.0
726256,46.0
726384,93.0
726400,36.0
726528,43.0
726688,122.0
726720,74.0
726736,66.0
726816,26.0
726832,48.0
726880,39.0
726896,54.0
726960,54.0
727008,71.0
727056,78.0
727120,141.0
727136,11.0
727184,80.0
727232,21.0
727264,55.0
727312,31.0
727424,56.0
727456,105.0
727456,46.0
727456,81.0
727488,50.0
727552,42.0
727568,52.0
727568,24.0
727664,13.0
727696,54.0
727776,14.0
727840,49.0
727904,37.0
727936,30.0
727984,26.0
728128,54.0
728192,67.0
728192,46.0
728272,71.0
728272,36.0
728320,68.0
728320,21.0
728384,45.0
728384,60.0
728608,42.0
728688,70.0
728736,52.0
728768,58.0
728784,29.0
728848,36.0
728896,118.0
728912,89.0
728912,45.0
729024,56.0
729040,79.0
729200,58.0
729216,38.0
729232,29.0
729232,28.0
729248,21.0
729280,24.0
729296,57.0
729392,63.0
729408,68.0
729424,43.0
729440,26.0
729520,52.0
729568,41.0
729696,94.0
729808,24.0
729856,28.0
729904,38.0
729920,25.0
729920,43.0
729968,43.0
729984,48.0
730048,50.0
730192,62.0
730208,73.0
730208,85.0
730352,34.0
730352,70.0
730448,55.0
730480,27.0
730512,41.0
730528,20.0
730608,39.0
730624,44.0
730688,62.0
730736,52.0
730800,52.0
730976,31.0
731008,68.0
731040,33.0
731120,27.0
731120,32.0
731136,25.0
731216,64.0
731248,56.0
731328,61.0
731360,72.0
731424,13.0
731440,57.0
731552,47.0
731568,28.0
731600,37.0
731632,41.0
731728,146.0
731808,85.0
731840,44.0
731840,50.0
731856,26.0
731920,35.0
732016,24.0
732096,33.0
732112,43.0
732256,44.0
732320,37.0
732336,76.0
732368,28.0
732432,187.0
732528,58.0
732624,125.0
732624,81.0
732672,22.0
732768,95.0
732848,47.0
732960,70.0
732976,73.0
733040,44.0
733120,63.0
733248,39.0
733264,89.0
733312,66.0
733344,42.0
733344,31.0
733392,64.0
733424,50.0
733472,22.0
733520,68.0
733568,97.0
733600,40.0
733632,54.0
733664,25.0
733664,20.0
733712,42.0
733728,117.0
734016,65.0
734032,49.0
734048,41.0
734080,46.0
734080,32.0
734176,103.0
734208,56.0
734224,39.0
734272,40.0
734320,41.0
734400,22.0
734432,44.0
734464,16.0
734720,43.0
734816,84.0
734848,26.0
734912,52.0
734960,90.0
735040,48.0
735120,59.0
735136,42.0
735168,59.0
735184,92.0
735296,61.0
735328,104.0
735376,26.0
735408,87.0
735552,40.0
735568,53.0
735632,77.0
735664,53.0
735680,24.0
735696,23.0
735712,102.0
735728,55.0
735872,46.0
735872,43.0
736032,163.0
736064,59.0
736224,66.0
736304,36.0
736336,39.0
736336,41.0
736352,43.0
736352,41.0
736432,35.0
736512,40.0
736560,58.0
736576,96.0
736688,22.0
736688,39.0
736688,71.0
736848,80.0
736880,92.0
736880,53.0
736928,97.0
736928,44.0
737040,43.0
737104,50.0
737104,42.0
737216,44.0
737216,33.0
737264,26.0
737280,44.0
737296,38.0
737408,67.0
737424,34.0
737472,23.0
737536,38.0
737648,48.0
737696,63.0
737712,18.0
737744,33.0
737776,89.0
737776,31.0
737840,80.0
737888,42.0
737904,38.0
737920,28.0
737920,55.0
738016,38.0
738032,69.0
738144,55.0
738160,39.0
738240,29.0
738288,37.0
738320,38.0
738352,29.0
738480,36.0
738496,45.0
738496,47.0
738544,24.0
738688,41.0
738736,24.0
738736,51.0
738752,46.0
738864,45.0
738912,62.0
738928,80.0
738944,28.0
739040,121.0
739056,48.0
739120,13.0
739120,50.0
739216,61.0
739248,47.0
739264,45.0
739488,35.0
739488,103.0
739536,42.0
739632,72.0
739712,41.0
739728,38.0
739824,68.0
739856,69.0
739872,58.0
739872,71.0
739888,22.0
739968,58.0
740016,48.0
740048,49.0
740064,53.0
740144,26.0
740160,28.0
740288,50.0
740320,28.0
740336,28.0
740464,61.0
740496,86.0
740528,56.0
740560,26.0
740576,47.0
740640,42.0
740816,31.0
740960,57.0
740960,20.0
740960,39.0
741104,38.0
741104,151.0
741120,52.0
741136,70.0
741184,82.0
741200,71.0
741232,86.0
741264,46.0
741264,69.0
741296,12.0
741360,50.0
741360,34.0
741568,62.0
741680,76.0
741696,46.0
741712,28.0
741712,32.0
741792,52.0
741808,43.0
741840,10.0
741888,41.0
741888,47.0
741920,39.0
741936,23.0
742048,54.0
742128,21.0
742160,50.0
742208,53.0
742256,34.0
742288,28.0
742336,25.0
742384,89.0
742480,49.0
742496,28.0
742496,38.0
742528,45.0
742544,41.0
742624,31.0
742640,58.0
742720,50.0
742720,91.0
742848,23.0
742864,23.0
742880,42.0
742944,38.0
742960,42.0
742992,22.0
743008,32.0
743024,30.0
743088,52.0
743088,124.0
743248,45.0
743248,54.0
743248,24.0
743248,33.0
743280,21.0
743360,75.0
743504,34.0
743568,30.0
743600,45.0
743616,62.0
743648,40.0
743728,40.0
743760,32.0
743936,41.0
743984,79.0
744064,67.0
744080,45.0
744208,44.0
744224,29.0
744240,76.0
744304,44.0
744464,46.0
744512,59.0
744512,104.0
744544,58.0
744576,83.0
744656,36.0
744688,28.0
744704,66.0
744736,93.0
744800,46.0
744960,64.0
745056,67.0
745072,38.0
745184,42.0
745184,55.0
745200,32.0
745280,46.0
745296,49.0
745312,68.0
745392,74.0
745456,47.0
745456,50.0
745680,55.0
745712,61.0
745728,155.0
745776,20.0
745888,38.0
745904,44.0
745952,40.0
745952,35.0
745984,58.0
746000,44.0
746176,62.0
746208,31.0
746224,103.0
746256,67.0
746272,51.0
746352,36.0
746512,97.0
746512,49.0
746512,33.0
746576,43.0
746576,42.0
746672,100.0
746704,28.0
746768,48.0
746800,36.0
746864,10.0
746896,59.0
746928,26.0
746944,79.0
746960,38.0
746992,30.0
747040,54.0
747088,71.0
747184,38.0
747232,60.0
747280,12.0
747296,22.0
747312,40.0
747360,72.0
747456,43.0
747504,38.0
747536,38.0
747536,60.0
747552,37.0
747728,43.0
747728,23.0
747728,28.0
747760,56.0
747760,36.0
747776,79.0
747856,66.0
747952,60.0
748000,43.0
748080,22.0
748208,41.0
748256,45.0
748272,61.0
748336,35.0
748416,26.0
748432,56.0
748480,39.0
748480,61.0
748528,50.0
748544,51.0
748608,53.0
748624,87.0
748800,24.0
748880,58.0
748912,91.0
748944,54.0
748976,48.0
748992,29.0
749072,37.0
749120,54.0
749184,53.0
749232,20.0
749296,51.0
749360,68.0
749376,25.0
749456,29.0
749488,34.0
749584,44.0
749680,78.0
749760,76.0
749760,71.0
749760,24.0
749776,126.0
749808,46.0
749840,77.0
749872,43.0
749936,51.0
750016,33.0
750096,26.0
750112,82.0
750160,54.0
750336,36.0
750400,40.0
750464,37.0
750480,70.0
750528,67.0
750608,37.0
750608,64.0
750640,55.0
750656,45.0
750704,92.0
750720,24.0
750752,22.0
750768,38.0
750784,63.0
750848,47.0
751136,41.0
751232,70.0
751280,39.0
751296,37.0
751360,52.0
751360,97.0
751392,58.0
751504,56.0
751552,57.0
751568,60.0
751568,108.0
751648,55.0
751648,54.0
751680,58.0
751696,53.0
751712,62.0
751824,34.0
751840,38.0
751856,29.0
751856,31.0
752032,56.0
752112,47.0
752224,41.0
752288,27.0
752304,63.0
752336,52.0
752368,51.0
752416,35.0
752496,42.0
752512,54.0
752544,54.0
752592,64.0
752656,59.0
752704,63.0
752768,30.0
752800,60.0
752912,36.0
752944,81.0
753040,21.0
753056,47.0
753120,68.0
753152,40.0
753312,56.0
753328,42.0
753424,41.0
753536,59.0
753568,15.0
753648,80.0
753696,99.0
753712,50.0
753744,43.0
753776,39.0
753808,63.0
754000,14.0
754032,57.0
754048,114.0
754064,47.0
754112,34.0
754240,37.0
754352,113.0
754352,58.0
754384,22.0
754400,54.0
754416,86.0
754448,122.0
754560,35.0
754608,50.0
754656,60.0
754704,20.0
754720,61.0
754720,38.0
754736,112.0
754880,30.0
754880,51.0
754880,52.0
754880,73.0
754944,33.0
755120,25.0
755152,44.0
755168,58.0
755200,30.0
755280,58.0
755360,44.0
755392,43.0
755408,33.0
755504,56.0
755536,50.0
755536,41.0
755568,43.0
755648,48.0
755776,41.0
755776,38.0
755776,26.0
755792,40.0
755792,53.0
755840,35.0
755920,85.0
755920,32.0
755936,99.0
756000,31.0
756032,40.0
756128,22.0
756160,24.0
756160,37.0
756288,23.0
756288,40.0
756400,38.0
756448,32.0
756480,80.0
756480,12.0
756496,60.0
756576,65.0
756720,59.0
756752,37.0
756800,48.0
756848,63.0
756864,67.0
756864,46.0
756880,60.0
756992,34.0
757152,72.0
757168,43.0
757232,59.0
757248,24.0
757280,49.0
757280,55.0
757296,36.0
757296,34.0
757344,74.0
757408,38.0
757552,67.0
757648,67.0
757664,23.0
757728,53.0
757760,22.0
757792,39.0
757808,41.0
757824,61.0
757856,54.0
757888,34.0
757984,27.0
757984,70.0
758000,45.0
758112,51.0
758144,26.0
758160,57.0
758208,28.0
758224,62.0
758272,62.0
758464,40.0
758480,42.0
758496,53.0
758528,54.0
758576,36.0
758640,49.0
758656,24.0
758800,36.0
758816,52.0
758848,23.0
758848,46.0
758880,62.0
758896,46.0
758912,44.0
758928,25.0
759008,76.0
759072,27.0
759104,40.0
759104,28.0
759152,41.0
759216,67.0
759296,14.0
759376,31.0
759392,30.0
759392,24.0
759392,34.0
759488,40.0
759600,24.0
759616,102.0
759696,55.0
759696,37.0
759712,38.0
759744,37.0
759760,52.0
759824,28.0
759840,28.0
759888,31.0
759904,63.0
759936,28.0
760048,92.0
760064,79.0
760192,56.0
760224,52.0
760256,40.0
760416,45.0
760448,25.0
760464,25.0
760480,41.0
760560,39.0
760624,58.0
760656,27.0
760656,57.0
760672,52.0
760688,58.0
760864,25.0
760880,29.0
760928,76.0
761008,69.0
761040,49.0
761088,33.0
761136,43.0
761184,33.0
761232,36.0
761264,40.0
761280,38.0
761312,107.0
761376,93.0
761392,57.0
761392,44.0
761424,24.0
761440,78.0
761536,42.0
761680,25.0
761696,20.0
761776,43.0
761840,57.0
761856,45.0
761856,39.0
761872,38.0
761952,48.0
761968,60.0
761984,37.0
762128,46.0
762176,31.0
762240,51.0
762240,58.0
762240,50.0
762272,46.0
762416,36.0
762448,37.0
762512,102.0
762560,43.0
762640,25.0
762656,50.0
762768,40.0
762768,37.0
762768,50.0
762832,71.0
762880,29.0
763024,16.0
763088,53.0
763104,70.0
763168,41.0
763216,61.0
763232,80.0
763328,43.0
763344,98.0
763456,43.0
763520,31.0
763536,27.0
763536,61.0
763568,57.0
763696,89.0
763760,62.0
763824,37.0
763840,32.0
763984,26.0
763984,40.0
764000,30.0
764000,29.0
764016,71.0
764048,52.0
764112,59.0
764128,105.0
764160,39.0
764208,86.0
764336,13.0
764336,40.0
764512,31.0
764640,37.0
764688,44.0
764720,13.0
764752,62.0
764752,104.0
764880,65.0
764912,36.0
764976,40.0
764976,61.0
765008,97.0
765088,25.0
765248,89.0
765296,74.0
765376,39.0
765376,87.0
765392,77.0
765456,46.0
765504,39.0
765552,50.0
765552,40.0
765616,38.0
765648,42.0
765728,30.0
765744,69.0
765792,99.0
765808,113.0
765856,48.0
765952,31.0
766128,47.0
766128,36.0
766144,37.0
766176,75.0
766192,50.0
766192,28.0
766288,31.0
766288,57.0
766288,62.0
766336,52.0
766416,35.0
766608,62.0
766720,19.0
766752,29.0
766784,41.0
766800,32.0
766816,40.0
766832,31.0
766880,72.0
766912,49.0
766960,48.0
766960,42.0
766976,83.0
767120,32.0
767152,75.0
767232,89.0
767248,23.0
767360,76.0
767440,43.0
767472,32.0
767472,43.0
767504,33.0
767536,46.0
767552,52.0
767552,40.0
767696,55.0
767712,55.0
767792,22.0
767824,102.0
767872,57.0
767872,32.0
767904,49.0
768048,36.0
768112,35.0
768192,25.0
768192,31.0
768192,45.0
768256,63.0
768336,50.0
768480,38.0
768576,24.0
768576,67.0
768592,90.0
768608,26.0
768608,46.0
768672,39.0
768688,49.0
768784,19.0
768864,72.0
769024,112.0
769056,50.0
769056,28.0
769088,79.0
769136,64.0
769184,102.0
769312,45.0
769408,76.0
769488,39.0
769488,27.0
769504,26.0
769536,54.0
769568,62.0
769584,61.0
769600,57.0
769664,68.0
769712,86.0
769824,65.0
769888,47.0
769904,19.0
769904,55.0
769904,53.0
770000,32.0
770032,28.0
770064,41.0
770160,61.0
770192,44.0
770192,41.0
770192,43.0
770208,56.0
770224,20.0
770288,45.0
770464,47.0
770560,56.0
770624,39.0
770704,42.0
770720,56.0
770768,54.0
770784,37.0
770816,39.0
770832,39.0
770864,50.0
770944,20.0
770960,46.0
770976,43.0
771024,54.0
771024,52.0
771072,38.0
771088,23.0
771136,78.0
771184,80.0
771312,33.0
771392,19.0
771424,28.0
771440,39.0
771456,47.0
771488,34.0
771520,43.0
771600,36.0
771648,68.0
771648,49.0
771728,37.0
771888,44.0
771888,36.0
771888,23.0
771904,28.0
771936,54.0
771952,62.0
771968,75.0
772000,22.0
772080,30.0
772208,49.0
772224,52.0
772240,76.0
772288,35.0
772320,42.0
772336,23.0
772416,61.0
772432,13.0
772432,27.0
772512,35.0
772528,39.0
772592,44.0
772720,77.0
772800,29.0
772816,24.0
772944,44.0
772960,67.0
772960,34.0
773040,45.0
773056,33.0
773168,68.0
773200,62.0
773296,30.0
773328,46.0
773424,93.0
773472,42.0
773472,65.0
773504,76.0
773504,62.0
773552,104.0
773600,35.0
773600,40.0
773856,43.0
773856,35.0
773904,44.0
773936,62.0
773968,78.0
774048,62.0
774192,54.0
774208,44.0
774304,52.0
774368,51.0
774416,35.0
774448,32.0
774464,54.0
774496,37.0
774560,60.0
774576,67.0
774592,73.0
774608,103.0
774688,76.0
774768,57.0
774848,40.0
774928,39.0
775008,60.0
775040,34.0
775088,39.0
775248,40.0
775248,41.0
775264,51.0
775312,24.0
775312,84.0
775392,75.0
775408,25.0
775456,23.0
775472,66.0
775472,57.0
775536,43.0
775536,31.0
775728,26.0
775744,27.0
775792,89.0
775824,66.0
775856,25.0
775968,80.0
776000,89.0
776000,37.0
776080,51.0
776096,39.0
776256,32.0
776304,48.0
776336,38.0
776368,56.0
776384,62.0
776384,53.0
776496,42.0
776576,83.0
776624,48.0
776640,40.0
776720,40.0
776736,27.0
776752,24.0
776816,51.0
776896,32.0
776928,71.0
776992,41.0
777088,62.0
777120,117.0
777152,56.0
777168,49.0
777184,28.0
777200,44.0
777216,25.0
777280,22.0
777296,42.0
777344,22.0
777360,40.0
777360,38.0
777424,49.0
777472,94.0
777552,23.0
777696,70.0
777744,12.0
777776,35.0
777856,32.0
777856,48.0
777872,44.0
777920,64.0
777952,37.0
777984,49.0
778016,54.0
778016,56.0
778048,48.0
778048,39.0
778208,22.0
778224,54.0
778224,58.0
778304,52.0
778352,23.0
778416,45.0
778560,49.0
778640,26.0
778656,57.0
778672,45.0
778688,40.0
778736,51.0
778848,40.0
778912,17.0
778912,56.0
778928,57.0
778944,45.0
778944,68.0
779040,73.0
779088,27.0
779104,43.0
779136,52.0
779264,36.0
779360,50.0
779392,84.0
779424,43.0
779440,31.0
779456,38.0
779488,36.0
779536,37.0
779552,39.0
779616,44.0
779792,27.0
779792,22.0
779840,46.0
779840,47.0
779840,50.0
779888,31.0
780048,57.0
780048,37.0
780064,50.0
780112,90.0
780256,23.0
780320,52.0
780336,124.0
780400,53.0
780464,39.0
780480,43.0
780496,67.0
780576,33.0
780656,70.0
780656,65.0
780704,41.0
780736,56.0
780768,44.0
780784,29.0
780800,60.0
780832,36.0
780880,68.0
780912,36.0
781056,25.0
781072,36.0
781104,23.0
781104,20.0
781120,41.0
781248,71.0
781312,57.0
781344,36.0
781344,54.0
781360,44.0
781376,31.0
781472,35.0
781520,43.0
781552,30.0
781632,66.0
781664,34.0
781696,62.0
781744,31.0
781760,24.0
781792,43.0
781808,28.0
781872,22.0
781904,37.0
781968,73.0
782000,41.0
782032,21.0
782048,44.0
782128,67.0
782240,71.0
782256,31.0
782416,42.0
782416,54.0
782496,52.0
782528,66.0
782560,37.0
782608,61.0
782640,37.0
782688,55.0
782704,50.0
782704,44.0
782800,58.0
782848,45.0
782864,39.0
782928,27.0
782944,24.0
782976,28.0
783024,62.0
783024,38.0
783072,41.0
783120,83.0
783120,26.0
783376,43.0
783392,29.0
783408,50.0
783488,43.0
783520,79.0
783536,26.0
783648,42.0
783680,41.0
783680,46.0
783728,55.0
783888,30.0
783984,70.0
784080,66.0
784128,38.0
784160,42.0
784176,96.0
784208,71.0
784240,54.0
784240,53.0
784336,102.0
784384,25.0
784432,49.0
784624,59.0
784624,59.0
784704,29.0
784784,25.0
784864,71.0
784944,51.0
785040,72.0
785040,26.0
785056,39.0
785104,56.0
785152,57.0
785200,70.0
785248,34.0
785376,141.0
785392,15.0
785408,78.0
785424,68.0
785456,120.0
785536,42.0
785552,32.0
785568,59.0
785584,40.0
785696,28.0
785728,33.0
785792,24.0
785840,46.0
785840,104.0
785840,66.0
785968,34.0
786016,61.0
786032,29.0
786032,31.0
786048,42.0
786144,37.0
786176,21.0
786192,11.0
786208,51.0
786320,33.0
786368,82.0
786480,64.0
786512,51.0
786544,44.0
786704,70.0
786704,42.0
786720,32.0
786752,38.0
786864,43.0
786960,77.0
786992,50.0
787024,61.0
787040,21.0
787056,64.0
787136,73.0
787168,53.0
787168,41.0
787216,53.0
787328,39.0
787408,54.0
787440,36.0
787488,31.0
787536,25.0
787536,49.0
787600,110.0
787616,37.0
787632,29.0
787664,44.0
787696,40.0
787840,39.0
787952,57.0
787968,27.0
787984,51.0
788080,34.0
788144,30.0
788160,90.0
788240,47.0
788240,39.0
788336,116.0
788352,45.0
788384,61.0
788400,67.0
788416,45.0
788432,62.0
788512,42.0
788512,34.0
788752,50.0
788800,45.0
788944,49.0
788944,38.0
788944,60.0
788960,45.0
788976,52.0
788976,34.0
789008,37.0
789056,34.0
789136,12.0
789168,98.0
789200,60.0
789296,56.0
789376,62.0
789376,25.0
789456,69.0
789472,42.0
789504,31.0
789600,25.0
789616,69.0
789696,59.0
789760,50.0
789776,50.0
789792,46.0
789840,56.0
789856,57.0
789952,36.0
789968,23.0
790064,48.0
790096,45.0
790192,64.0
790208,37.0
790224,68.0
790400,44.0
790448,41.0
790448,62.0
790464,44.0
790544,37.0
790592,25.0
790704,53.0
790768,81.0
790816,38.0
790864,64.0
790928,44.0
790928,54.0
790976,24.0
791024,35.0
791104,41.0
791120,72.0
791168,48.0
791200,27.0
791216,32.0
791216,48.0
791264,28.0
791296,95.0
791392,23.0
791456,33.0
791504,125.0
791552,21.0
791584,38.0
791696,27.0
791712,49.0
791728,74.0
791744,55.0
791760,104.0
791856,41.0
791904,50.0
791920,47.0
792048,47.0
792160,26.0
792256,44.0
792272,48.0
792288,67.0
792288,33.0
792304,74.0
792336,39.0
792384,62.0
792384,33.0
792384,58.0
792432,53.0
792560,54.0
792608,11.0
792624,56.0
792640,45.0
792688,25.0
792704,50.0
792784,39.0
792960,43.0
792992,38.0
793024,40.0
793024,45.0
793040,25.0
793056,22.0
793136,68.0
793312,18.0
793328,45.0
793360,42.0
793440,72.0
793456,70.0
793632,36.0
793632,63.0
793648,87.0
793696,42.0
793728,46.0
793744,38.0
793760,61.0
793872,57.0
794032,21.0
794096,46.0
794128,68.0
794128,42.0
794144,32.0
794160,52.0
794176,112.0
794208,29.0
794208,35.0
794288,108.0
794352,45.0
794368,58.0
794496,48.0
794560,33.0
794560,27.0
794560,50.0
794704,31.0
794704,52.0
794704,87.0
794816,42.0
794928,45.0
794944,53.0
794944,48.0
794976,51.0
794992,40.0
795008,28.0
795184,15.0
795184,39.0
795232,46.0
795264,35.0
795296,63.0
795344,40.0
795360,24.0
795376,78.0
795376,63.0
795376,23.0
795392,52.0
795664,42.0
795744,58.0
795760,36.0
795792,26.0
795792,26.0
795872,30.0
795872,38.0
795888,59.0
795904,33.0
796080,86.0
796160,77.0
796176,59.0
796416,39.0
796448,69.0
796448,43.0
796480,46.0
796528,46.0
796560,86.0
796608,59.0
796640,35.0
796720,53.0
796768,92.0
796784,11.0
796784,57.0
796864,43.0
796880,62.0
796880,45.0
796896,96.0
796976,31.0
797136,77.0
797184,29.0
797200,40.0
797216,43.0
797248,50.0
797360,57.0
797440,41.0
797504,68.0
797536,41.0
797616,26.0
797728,60.0
797776,40.0
797808,58.0
797824,38.0
797968,49.0
797984,28.0
798096,82.0
798176,28.0
798208,53.0
798208,48.0
798224,28.0
798272,88.0
798368,35.0
798416,111.0
798480,54.0
798544,81.0
798640,104.0
798688,20.0
798688,112.0
798720,39.0
798768,79.0
798880,42.0
798944,29.0
798960,71.0
798960,12.0
799024,24.0
799104,58.0
799104,55.0
799120,27.0
799280,63.0
799312,83.0
799344,24.0
799360,25.0
799440,31.0
799488,13.0
799536,98.0
799536,62.0
799568,43.0
799616,37.0
799648,90.0
799712,81.0
799776,42.0
799776,68.0
799840,46.0
799872,32.0
799936,39.0
800064,31.0
800176,25.0
800272,27.0
800304,51.0
800416,44.0
800448,36.0
800496,111.0
800512,46.0
800544,38.0
800576,77.0
800576,71.0
800592,92.0
800688,72.0
800800,79.0
800880,36.0
800928,41.0
800944,83.0
800976,33.0
801264,21.0
801280,102.0
801344,41.0
801440,54.0
801504,83.0
801536,41.0
801600,68.0
801616,40.0
801696,56.0
801712,70.0
801728,77.0
801840,81.0
801872,37.0
801904,115.0
801920,94.0
802048,13.0
802048,49.0
802096,31.0
802112,48.0
802192,30.0
802208,48.0
802224,45.0
802256,105.0
802288,35.0
802400,44.0
802448,34.0
802480,27.0
802512,37.0
802576,65.0
802608,104.0
802656,49.0
802656,28.0
802672,36.0
802784,42.0
802912,81.0
802912,45.0
802960,46.0
803168,41.0
803168,70.0
803168,43.0
803184,33.0
803312,66.0
803440,54.0
803488,33.0
803520,38.0
803520,70.0
803536,23.0
803600,58.0
803600,51.0
803680,32.0
803680,48.0
803728,90.0
803776,38.0
803872,79.0
803872,76.0
803888,23.0
803904,19.0
803920,92.0
804000,32.0
804048,23.0
804112,50.0
804144,39.0
804240,21.0
804304,44.0
804352,51.0
804464,64.0
804512,23.0
804544,39.0
804624,47.0
804624,47.0
804624,90.0
804736,12.0
804880,40.0
804880,72.0
804880,52.0
804896,76.0
804960,53.0
804976,75.0
805072,38.0
805088,29.0
805088,46.0
805136,39.0
805296,88.0
805312,63.0
805344,84.0
805456,36.0
805504,39.0
805520,34.0
805536,57.0
805536,57.0
805552,29.0
805664,49.0
805824,58.0
805920,60.0
805968,26.0
806016,58.0
806048,82.0
806128,52.0
806128,38.0
806144,52.0
806192,66.0
806192,70.0
806304,48.0
806336,42.0
806448,25.0
806448,69.0
806448,59.0
806528,67.0
806560,40.0
806832,54.0
806864,42.0
806896,44.0
806912,38.0
806992,27.0
807056,58.0
807120,69.0
807136,43.0
807152,51.0
807152,39.0
807216,48.0
807232,88.0
807264,108.0
807312,26.0
807360,15.0
807408,80.0
807424,80.0
807472,38.0
807536,68.0
807712,36.0
807712,35.0
807792,35.0
807808,41.0
807840,49.0
807888,42.0
808080,38.0
808096,46.0
808112,44.0
808144,77.0
808176,47.0
808224,87.0
808320,38.0
808320,30.0
808352,65.0
808528,62.0
808528,46.0
808640,26.0
808656,59.0
808688,89.0
808688,106.0
808704,39.0
808720,57.0
808848,42.0
808864,34.0
808880,48.0
808960,27.0
809024,71.0
809056,23.0
809056,44.0
809120,50.0
809136,62.0
809248,45.0
809296,41.0
809296,38.0
809360,32.0
809376,80.0
809408,43.0
809456,36.0
809472,26.0
809504,53.0
809536,52.0
809680,27.0
809856,45.0
809872,25.0
809888,64.0
809888,27.0
809920,56.0
809936,61.0
810112,51.0
810112,46.0
810176,42.0
810176,48.0
810224,21.0
810256,71.0
810368,32.0
810384,64.0
810400,45.0
810416,55.0
810432,35.0
810480,37.0
810496,90.0
810672,46.0
810736,51.0
810848,42.0
810848,97.0
810960,44.0
810976,34.0
811168,47.0
811184,44.0
811200,51.0
811264,54.0
811296,74.0
811344,24.0
811440,67.0
811520,20.0
811552,83.0
811552,51.0
811616,48.0
811632,49.0
811664,31.0
811664,43.0
811872,75.0
811888,87.0
811920,109.0
811920,46.0
811968,33.0
811968,42.0
812032,48.0
812256,40.0
812288,39.0
812320,61.0
812352,43.0
812368,51.0
812432,57.0
812464,34.0
812480,35.0
812544,62.0
812576,59.0
812672,19.0
812736,44.0
812736,53.0
812816,31.0
812896,26.0
812944,177.0
812960,24.0
812976,43.0
812976,63.0
813056,39.0
813104,71.0
813152,56.0
813184,14.0
813200,46.0
813216,30.0
813360,24.0
813376,94.0
813552,63.0
813568,56.0
813600,44.0
813712,85.0
813728,42.0
813760,59.0
813760,64.0
813776,37.0
813792,43.0
813840,56.0
813936,45.0
813952,47.0
814080,33.0
814160,28.0
814240,68.0
814432,91.0
814496,71.0
814496,44.0
814512,49.0
814688,68.0
814736,60.0
814768,58.0
814928,43.0
814928,48.0
814960,63.0
814960,75.0
815008,36.0
815072,82.0
815120,65.0
815200,27.0
815216,115.0
815248,35.0
815408,42.0
815488,97.0
815520,37.0
815584,39.0
815648,25.0
815648,36.0
815680,30.0
815744,77.0
815840,84.0
815872,12.0
815888,48.0
815904,61.0
815904,146.0
816000,30.0
816080,99.0
816096,28.0
816096,68.0
816192,49.0
816208,78.0
816208,62.0
816384,56.0
816432,43.0
816432,33.0
816480,38.0
816528,28.0
816544,60.0
816688,49.0
816704,44.0
816736,40.0
816736,33.0
816800,60.0
816816,21.0
816848,41.0
816880,42.0
816880,77.0
817088,34.0
817104,23.0
817136,44.0
817216,33.0
817248,85.0
817328,56.0
817472,46.0
817520,27.0
817536,45.0
817552,28.0
817584,46.0
817680,50.0
817712,57.0
817760,32.0
817792,68.0
817792,88.0
817824,108.0
817840,18.0
817840,44.0
817856,83.0
817872,62.0
818000,29.0
818064,46.0
818080,54.0
818192,25.0
818304,49.0
818320,29.0
818320,38.0
818336,41.0
818528,48.0
818544,44.0
818576,24.0
818608,51.0
818688,54.0
818720,53.0
818736,26.0
818800,83.0
818864,64.0
818896,35.0
818944,40.0
818992,28.0
818992,62.0
819056,30.0
819056,23.0
819120,50.0
819184,100.0
819200,70.0
819344,80.0
819376,48.0
819392,54.0
819424,43.0
819456,35.0
819504,28.0
819504,49.0
819584,29.0
819728,24.0
819744,43.0
819760,60.0
819792,58.0
819808,51.0
819872,55.0
820112,46.0
820144,40.0
820160,46.0
820224,31.0
820256,66.0
820288,49.0
820336,47.0
820368,35.0
820400,33.0
820416,42.0
820464,80.0
820496,97.0
820624,54.0
820688,33.0
820752,85.0
820816,28.0
820848,22.0
820880,37.0
821008,97.0
821008,49.0
821040,49.0
821088,39.0
821088,81.0
821088,59.0
821120,45.0
821136,50.0
821344,58.0
821520,88.0
821520,30.0
821536,28.0
821552,42.0
821584,52.0
821616,33.0
821616,58.0
821712,36.0
821776,41.0
821792,49.0
821888,65.0
821904,68.0
821936,26.0
821936,82.0
821968,55.0
822064,34.0
822064,45.0
822208,41.0
822224,43.0
822240,77.0
822288,42.0
822416,52.0
822496,27.0
822512,46.0
822528,29.0
822624,63.0
822656,45.0
822672,44.0
822736,20.0
822800,37.0
822816,36.0
822832,34.0
822896,25.0
823008,69.0
823008,70.0
823024,77.0
823040,69.0
823104,30.0
823152,90.0
823168,59.0
823280,39.0
823392,55.0
823424,33.0
823536,32.0
823552,24.0
823568,56.0
823568,52.0
823632,69.0
823648,52.0
823664,41.0
823728,56.0
823744,37.0
823792,14.0
823840,65.0
823840,46.0
823920,57.0
823968,36.0
824000,36.0
824016,30.0
824128,29.0
824144,32.0
824256,43.0
824384,69.0
824464,45.0
824480,58.0
824480,40.0
824480,29.0
824512,49.0
824688,14.0
824704,57.0
824736,106.0
824736,68.0
824752,39.0
824784,25.0
824832,54.0
824848,44.0
824848,21.0
824864,64.0
824864,11.0
824976,61.0
824976,45.0
825040,12.0
825120,40.0
825200,29.0
825232,47.0
825248,17.0
825264,26.0
825280,50.0
825312,87.0
825328,18.0
825504,48.0
825504,12.0
825664,50.0
825680,35.0
825696,54.0
825776,67.0
825808,35.0
825840,40.0
825872,56.0
825920,66.0
826064,52.0
826112,27.0
826128,29.0
826144,23.0
826160,55.0
826240,93.0
826288,60.0
826336,97.0
826336,67.0
826368,28.0
826384,43.0
826448,59.0
826480,26.0
826528,45.0
826528,64.0
826544,42.0
826688,19.0
826768,30.0
826768,38.0
826768,27.0
826848,20.0
826944,36.0
826992,32.0
827024,43.0
827072,52.0
827136,43.0
827152,39.0
827200,27.0
827296,47.0
827328,75.0
827376,79.0
827440,26.0
827456,101.0
827488,45.0
827536,43.0
827584,40.0
827616,58.0
827616,92.0
827696,44.0
827840,22.0
827920,39.0
827936,50.0
827968,51.0
828112,46.0
828176,35.0
828192,38.0
828224,72.0
828224,56.0
828336,55.0
828368,58.0
828416,45.0
828432,104.0
828432,77.0
828464,53.0
828544,44.0
828544,63.0
828624,28.0
828656,43.0
828672,30.0
828832,56.0
828832,25.0
828864,59.0
828928,31.0
828976,47.0
828976,40.0
828992,33.0
829184,60.0
829248,44.0
829248,37.0
829248,39.0
829248,52.0
829280,73.0
829296,47.0
829456,39.0
829504,13.0
829504,32.0
829520,34.0
829584,38.0
829712,84.0
829712,53.0
829792,38.0
829824,72.0
829856,64.0
829872,39.0
829952,15.0
830016,46.0
830032,13.0
830080,36.0
830128,39.0
830176,20.0
830192,59.0
830288,36.0
830304,53.0
830304,66.0
830432,53.0
830464,28.0
830528,36.0
830624,21.0
830672,50.0
830688,56.0
830720,112.0
830752,28.0
830912,24.0
830960,49.0
831040,46.0
831104,42.0
831136,69.0
831168,103.0
831168,120.0
831248,73.0
831264,67.0
831280,72.0
831312,13.0
831328,38.0
831376,57.0
831392,44.0
831472,27.0
831568,38.0
831616,62.0
831632,29.0
831680,34.0
831744,67.0
831792,25.0
831840,42.0
831872,39.0
831888,38.0
831904,14.0
831936,38.0
831936,64.0
831968,41.0
831984,26.0
831984,45.0
832160,49.0
832256,29.0
832272,27.0
832336,44.0
832368,25.0
832448,12.0
832496,32.0
832512,36.0
832528,40.0
832544,67.0
832544,35.0
832576,52.0
832672,48.0
832704,27.0
832720,12.0
832720,123.0
832928,35.0
833088,92.0
833120,74.0
833152,40.0
833216,66.0
833216,42.0
833280,46.0
833312,90.0
833360,57.0
833360,40.0
833392,45.0
833504,24.0
833568,62.0
833728,36.0
833744,33.0
833776,29.0
833840,71.0
833840,57.0
833872,32.0
833872,96.0
833904,34.0
834064,12.0
834064,18.0
834128,65.0
834224,45.0
834256,110.0
834272,34.0
834320,47.0
834352,102.0
834368,33.0
834384,62.0
834400,70.0
834400,74.0
834560,41.0
834608,48.0
834752,63.0
834896,32.0
834976,41.0
834992,40.0
835024,48.0
835088,60.0
835120,66.0
835152,16.0
835168,38.0
835184,51.0
835200,37.0
835280,55.0
835376,82.0
835456,44.0
835472,24.0
835584,74.0
835680,88.0
835696,92.0
835744,45.0
835744,37.0
835744,47.0
835760,30.0
835920,45.0
836000,51.0
836016,65.0
836112,27.0
836112,140.0
836192,31.0
836224,66.0
836256,49.0
836416,42.0
836448,44.0
836464,55.0
836480,45.0
836496,70.0
836496,65.0
836496,47.0
836512,87.0
836640,28.0
836688,36.0
836752,21.0
836768,48.0
836832,24.0
836944,52.0
837040,64.0
837056,50.0
837056,71.0
837088,54.0
837216,33.0
837248,47.0
837264,47.0
837280,51.0
837280,50.0
837360,37.0
837360,54.0
837392,21.0
837408,48.0
837440,43.0
837456,60.0
837488,34.0
837520,43.0
837584,34.0
837616,14.0
837632,36.0
837792,44.0
837840,35.0
837888,40.0
837904,28.0
837920,27.0
837968,43.0
837968,35.0
838000,35.0
838000,24.0
838000,49.0
838032,32.0
838176,37.0
838176,51.0
838240,61.0
838240,13.0
838304,42.0
838400,25.0
838464,35.0
838560,48.0
838576,25.0
838720,30.0
838768,50.0
838784,30.0
838784,34.0
838832,41.0
838848,60.0
838864,54.0
838896,66.0
838960,25.0
838992,64.0
839040,40.0
839136,71.0
839152,24.0
839152,112.0
839184,12.0
839312,53.0
839392,92.0
839408,39.0
839456,37.0
839520,59.0
839536,40.0
839680,52.0
839712,47.0
839760,38.0
839776,37.0
839792,25.0
839840,66.0
839904,67.0
839968,41.0
840144,62.0
840176,45.0
840176,40.0
840192,26.0
840208,93.0
840224,34.0
840256,22.0
840304,34.0
840368,41.0
840400,85.0
840432,37.0
840480,67.0
840544,47.0
840608,24.0
840608,29.0
840624,28.0
840736,76.0
840752,35.0
840864,41.0
840928,39.0
841024,39.0
841024,53.0
841040,38.0
841056,50.0
841088,70.0
841152,42.0
841152,126.0
841200,28.0
841248,39.0
841344,46.0
841392,64.0
841392,41.0
841408,20.0
841552,63.0
841600,25.0
841616,37.0
841712,42.0
841712,69.0
841792,40.0
841840,37.0
841872,29.0
841904,32.0
841984,37.0
842016,72.0
842112,32.0
842128,32.0
842192,40.0
842192,65.0
842256,26.0
842288,79.0
842400,43.0
842416,67.0
842464,37.0
842560,34.0
842576,42.0
842608,26.0
842688,31.0
842736,105.0
842784,41.0
842800,51.0
842832,119.0
842848,27.0
842880,12.0
842944,43.0
842992,12.0
843024,57.0
843136,46.0
843232,90.0
843248,49.0
843296,45.0
843312,100.0
843424,71.0
843440,26.0
843520,43.0
843536,37.0
843568,43.0
843600,65.0
843632,49.0
843648,41.0
843712,58.0
843744,13.0
843808,32.0
843872,28.0
843904,37.0
843968,33.0
843984,86.0
844080,84.0
844096,53.0
844208,36.0
844224,16.0
844272,39.0
844448,76.0
844464,59.0
844496,58.0
844528,41.0
844576,61.0
844608,92.0
844704,31.0
844720,61.0
844720,40.0
844736,40.0
844768,60.0
844896,74.0
844992,68.0
844992,63.0
845040,51.0
845056,37.0
845104,52.0
845136,26.0
845200,31.0
845216,48.0
845296,48.0
845312,44.0
845360,37.0
845424,14.0
845440,28.0
845456,46.0
845520,49.0
845520,24.0
845520,59.0
845712,22.0
845760,44.0
845792,56.0
845824,24.0
845952,57.0
845952,27.0
845984,93.0
846016,44.0
846032,58.0
846144,72.0
846256,19.0
846272,66.0
846320,50.0
846336,39.0
846368,59.0
846368,36.0
846400,40.0
846544,64.0
846656,40.0
846672,33.0
846704,88.0
846720,11.0
846768,46.0
846768,59.0
846816,28.0
846832,86.0
846880,58.0
846896,35.0
846960,37.0
846976,62.0
847008,38.0
847040,45.0
847136,55.0
847296,64.0
847296,37.0
847328,27.0
847344,42.0
847408,37.0
847424,44.0
847504,46.0
847520,34.0
847536,25.0
847568,57.0
847632,47.0
847664,39.0
847760,26.0
847840,63.0
847856,53.0
847872,36.0
847888,70.0
847904,24.0
848000,42.0
848032,67.0
848032,33.0
848080,26.0
848112,51.0
848128,44.0
848176,40.0
848192,12.0
848256,22.0
848304,46.0
848368,31.0
848368,60.0
848400,40.0
848448,26.0
848560,44.0
848576,13.0
848720,40.0
848736,44.0
848784,37.0
848864,43.0
848864,77.0
848944,43.0
848960,67.0
848976,54.0
849024,36.0
849024,39.0
849136,52.0
849136,81.0
849248,55.0
849328,29.0
849328,34.0
849408,29.0
849456,37.0
849568,62.0
849568,63.0
849680,41.0
849680,45.0
849776,65.0
849824,23.0
849888,47.0
849904,74.0
849968,115.0
850000,20.0
850016,48.0
850128,50.0
850144,63.0
850224,51.0
850224,75.0
850256,58.0
850304,46.0
850432,91.0
850464,36.0
850528,24.0
850592,29.0
850624,59.0
850640,46.0
850688,45.0
850768,29.0
850800,36.0
850944,73.0
850944,45.0
850960,87.0
851024,25.0
851072,67.0
851120,69.0
851184,31.0
851216,43.0
851216,49.0
851296,31.0
851328,54.0
851344,36.0
851376,97.0
851392,23.0
851440,74.0
851472,55.0
851568,28.0
851568,39.0
851600,24.0
851600,60.0
851712,26.0
851936,23.0
851936,38.0
851952,36.0
851968,36.0
851968,63.0
852128,41.0
852144,50.0
852176,36.0
852192,30.0
852224,72.0
852240,81.0
852336,48.0
852400,76.0
852448,30.0
852544,83.0
852608,27.0
852624,43.0
852688,68.0
852688,35.0
852720,48.0
852896,60.0
852944,47.0
852960,39.0
852960,62.0
853008,54.0
853072,39.0
853104,26.0
853184,60.0
853216,61.0
853264,41.0
853328,118.0
853392,27.0
853392,24.0
853392,62.0
853408,49.0
853456,35.0
853488,48.0
853504,35.0
853632,42.0
853648,36.0
853664,70.0
853680,36.0
853680,29.0
853824,27.0
853856,42.0
853920,77.0
853936,42.0
854000,37.0
854000,23.0
854032,36.0
854096,27.0
854176,33.0
854240,53.0
854256,54.0
854368,65.0
854368,27.0
854368,32.0
854432,59.0
854464,60.0
854496,31.0
854544,54.0
854720,22.0
854736,57.0
854736,35.0
854736,46.0
854768,25.0
854800,70.0
854832,57.0
854864,38.0
854880,49.0
854912,55.0
854912,34.0
855056,51.0
855072,22.0
855088,20.0
855120,43.0
855152,38.0
855200,18.0
855248,32.0
855376,40.0
855376,55.0
855424,37.0
855440,40.0
855456,62.0
855568,41.0
855616,35.0
855680,27.0
855680,33.0
855712,52.0
855808,59.0
855872,31.0
856000,35.0
856160,37.0
856192,67.0
856224,72.0
856240,39.0
856352,101.0
856400,61.0
856416,26.0
856464,79.0
856544,54.0
856544,91.0
856560,25.0
856608,72.0
856672,81.0
856704,64.0
856800,36.0
856816,36.0
856896,68.0
856928,32.0
856928,33.0
856944,47.0
856976,69.0
857008,29.0
857024,26.0
857088,46.0
857120,88.0
857120,36.0
857168,38.0
857184,45.0
857216,26.0
857344,26.0
857344,28.0
857408,29.0
857600,36.0
857600,56.0
857664,62.0
857808,55.0
857968,62.0
857968,49.0
857984,56.0
858016,42.0
858032,43.0
858048,40.0
858064,66.0
858176,63.0
858192,37.0
858240,70.0
858256,28.0
858304,74.0
858304,44.0
858400,74.0
858432,29.0
858480,31.0
858544,55.0
858608,23.0
858608,34.0
858752,28.0
858832,126.0
858976,50.0
859008,61.0
859008,33.0
859040,38.0
859168,57.0
859168,70.0
859200,74.0
859216,29.0
859232,79.0
859312,44.0
859440,38.0
859472,80.0
859488,30.0
859536,71.0
859568,60.0
859648,84.0
859680,32.0
859680,40.0
859728,45.0
859920,30.0
859920,45.0
859936,44.0
859952,40.0
860000,64.0
860304,52.0
860304,39.0
860336,48.0
860400,74.0
860464,58.0
860528,55.0
860576,56.0
860608,43.0
860624,43.0
860704,47.0
860752,52.0
860816,83.0
860928,29.0
860944,111.0
861008,44.0
861072,158.0
861152,34.0
861200,92.0
861232,77.0
861248,39.0
861328,47.0
861424,30.0
861440,32.0
861488,42.0
861536,71.0
861552,53.0
861584,78.0
861600,37.0
861712,88.0
861760,35.0
861776,78.0
861824,42.0
861888,28.0
861888,51.0
861920,37.0
861968,24.0
862000,47.0
862096,38.0
862128,36.0
862192,41.0
862224,50.0
862256,64.0
862384,24.0
862432,105.0
862432,34.0
862544,45.0
862544,41.0
862624,27.0
862640,32.0
862640,65.0
862656,43.0
862848,39.0
862864,68.0
862864,38.0
862896,71.0
862960,78.0
862960,36.0
863040,31.0
863072,40.0
863104,28.0
863120,75.0
863376,46.0
863520,89.0
863520,56.0
863536,69.0
863600,30.0
863600,46.0
863696,53.0
863760,50.0
863920,60.0
863936,81.0
863952,57.0
863968,28.0
864064,62.0
864160,81.0
864208,52.0
864208,43.0
864304,88.0
864400,40.0
864544,59.0
864592,66.0
864656,60.0
864736,48.0
864752,51.0
864752,50.0
864768,53.0
864816,26.0
864832,48.0
864848,109.0
864896,46.0
864896,43.0
864992,49.0
864992,28.0
865024,45.0
865120,161.0
865136,96.0
865152,35.0
865296,34.0
865344,37.0
865392,41.0
865408,37.0
865552,41.0
865600,48.0
865616,31.0
865616,45.0
865664,42.0
865776,39.0
865808,26.0
865824,73.0
865872,46.0
865952,34.0
866000,63.0
866064,45.0
866144,20.0
866240,87.0
866256,44.0
866368,48.0
866368,67.0
866368,47.0
866384,36.0
866416,50.0
866432,48.0
866480,107.0
866528,29.0
866560,43.0
866560,49.0
866624,23.0
866704,44.0
866800,41.0
866848,26.0
866896,21.0
866992,36.0
867024,29.0
867040,35.0
867040,42.0
867040,126.0
867056,33.0
867104,46.0
867312,67.0
867328,39.0
867328,44.0
867344,34.0
867360,62.0
867392,63.0
867408,23.0
867424,33.0
867520,42.0
867584,102.0
867664,22.0
867680,43.0
867712,38.0
867728,23.0
867728,44.0
867760,27.0
867792,28.0
867808,26.0
867888,53.0
867904,24.0
867952,14.0
868192,27.0
868240,51.0
868256,75.0
868304,32.0
868320,27.0
868320,80.0
868416,52.0
868448,48.0
868512,38.0
868544,46.0
868720,25.0
868752,31.0
868832,89.0
868832,94.0
868864,57.0
868880,76.0
868896,73.0
869008,51.0
869024,12.0
869040,46.0
869136,26.0
869152,52.0
869184,40.0
869312,100.0
869328,68.0
869344,52.0
869360,30.0
869376,39.0
869536,70.0
869632,38.0
869712,36.0
869728,34.0
869744,37.0
869792,58.0
869792,28.0
869840,50.0
869840,33.0
869856,60.0
869888,33.0
870000,62.0
870064,43.0
870080,78.0
870128,24.0
870160,39.0
870240,25.0
870448,23.0
870448,37.0
870560,77.0
870576,43.0
870624,35.0
870624,136.0
870688,60.0
870704,16.0
870704,54.0
870720,63.0
870720,35.0
870800,63.0
870912,57.0
870960,25.0
871072,24.0
871088,91.0
871248,39.0
871264,19.0
871296,36.0
871392,37.0
871424,44.0
871424,102.0
871456,55.0
871488,54.0
871488,85.0
871504,26.0
871568,54.0
871680,27.0
871680,38.0
871760,21.0
871760,66.0
871792,25.0
871856,88.0
871856,27.0
871936,106.0
871984,31.0
872064,50.0
872144,40.0
872240,59.0
872240,49.0
872256,31.0
872288,38.0
872384,28.0
872416,41.0
872496,27.0
872528,46.0
872640,31.0
872656,109.0
872672,62.0
872800,59.0
872816,78.0
872848,22.0
872880,37.0
872896,30.0
872944,44.0
872960,69.0
872976,45.0
873056,25.0
873072,27.0
873088,26.0
873120,55.0
873280,24.0
873424,65.0
873440,37.0
873456,40.0
873504,27.0
873584,100.0
873584,31.0
873632,69.0
873664,38.0
873728,140.0
873760,55.0
873808,23.0
873872,28.0
874032,68.0
874064,25.0
874144,24.0
874176,76.0
874192,76.0
874192,38.0
874208,58.0
874208,88.0
874304,50.0
874400,51.0
874544,46.0
874624,47.0
874624,56.0
874656,75.0
874736,37.0
874800,37.0
874880,78.0
874896,54.0
874928,113.0
874928,19.0
874960,56.0
875152,53.0
875216,30.0
875232,52.0
875248,66.0
875312,41.0
875328,44.0
875328,33.0
875360,74.0
875360,73.0
875440,35.0
875472,58.0
875600,42.0
875808,53.0
875824,31.0
875840,32.0
875920,107.0
875952,45.0
876032,27.0
876128,61.0
876128,57.0
876160,50.0
876160,43.0
876256,21.0
876288,61.0
876288,87.0
876320,67.0
876320,12.0
876336,88.0
876400,37.0
876448,68.0
876672,32.0
876736,57.0
876736,26.0
876752,26.0
876768,38.0
876784,29.0
876816,61.0
876816,35.0
876880,58.0
876896,91.0
877136,25.0
877136,53.0
877152,47.0
877168,55.0
877216,48.0
877264,33.0
877296,34.0
877328,81.0
877360,36.0
877424,47.0
877568,26.0
877568,42.0
877648,32.0
877728,60.0
877776,28.0
877776,56.0
877856,45.0
877856,65.0
877904,68.0
877968,42.0
878016,50.0
878032,42.0
878048,49.0
878064,31.0
878144,126.0
878160,27.0
878224,28.0
878272,23.0
878288,27.0
878288,54.0
878320,47.0
878384,26.0
878432,79.0
878448,24.0
878528,42.0
878560,32.0
878640,54.0
878672,24.0
878672,28.0
878720,36.0
878752,69.0
878816,27.0
878896,54.0
878896,55.0
878928,38.0
878992,44.0
879008,30.0
879040,23.0
879152,62.0
879184,47.0
879312,47.0
879344,44.0
879344,33.0
879440,28.0
879456,63.0
879488,30.0
879504,52.0
879504,29.0
879504,47.0
879600,83.0
879600,55.0
879648,29.0
879664,48.0
879728,50.0
879824,42.0
880016,36.0
880032,33.0
880048,46.0
880064,45.0
880096,40.0
880112,48.0
880144,34.0
880176,42.0
880448,59.0
880448,39.0
880464,98.0
880464,22.0
880480,47.0
880496,29.0
880496,53.0
880624,71.0
880672,41.0
880688,40.0
880704,69.0
880784,40.0
880912,29.0
880992,23.0
881056,55.0
881056,22.0
881104,39.0
881152,93.0
881184,45.0
881232,71.0
881280,49.0
881312,53.0
881424,58.0
881584,95.0
881632,59.0
881744,27.0
881760,61.0
881760,68.0
881776,49.0
881792,46.0
881840,58.0
881888,52.0
881888,38.0
881984,35.0
882016,49.0
882032,58.0
882048,26.0
882096,59.0
882144,24.0
882288,44.0
882400,122.0
882416,39.0
882432,34.0
882480,81.0
882528,32.0
882528,24.0
882656,38.0
882688,50.0
882704,58.0
882704,60.0
882784,59.0
882816,66.0
882896,30.0
882912,30.0
882928,25.0
882928,52.0
883056,67.0
883072,49.0
883088,38.0
883200,26.0
883216,33.0
883280,78.0
883376,53.0
883392,62.0
883456,47.0
883472,36.0
883488,26.0
883488,52.0
883584,33.0
883600,25.0
883792,36.0
883920,76.0
883920,63.0
883952,64.0
884032,28.0
884032,40.0
884144,41.0
884160,43.0
884192,46.0
884288,50.0
884288,23.0
884384,81.0
884464,27.0
884480,55.0
884512,37.0
884528,107.0
884608,51.0
884656,86.0
884704,26.0
884752,38.0
884816,41.0
884896,24.0
884928,46.0
885088,35.0
885184,50.0
885200,142.0
885232,59.0
885280,119.0
885312,52.0
885360,34.0
885392,49.0
885424,87.0
885504,47.0
885600,44.0
885616,14.0
885664,36.0
885760,66.0
885808,12.0
885840,41.0
885888,29.0
885888,77.0
885952,37.0
886016,51.0
886048,99.0
886096,134.0
886112,28.0
886160,77.0
886160,53.0
886208,44.0
886208,38.0
886240,63.0
886304,26.0
886496,30.0
886544,24.0
886576,48.0
886592,52.0
886592,34.0
886608,48.0
886624,84.0
886624,26.0
886704,29.0
886752,41.0
886752,37.0
886784,42.0
886832,59.0
886976,30.0
886992,65.0
887072,28.0
887104,30.0
887136,27.0
887152,53.0
887232,30.0
887296,47.0
887360,49.0
887360,36.0
887392,50.0
887440,53.0
887472,79.0
887472,45.0
887552,45.0
887584,27.0
887584,18.0
887744,32.0
887776,44.0
887776,50.0
887856,54.0
887888,26.0
887952,53.0
888064,32.0
888096,41.0
888144,49.0
888240,29.0
888288,44.0
888320,36.0
888352,62.0
888352,31.0
888384,111.0
888496,45.0
888528,66.0
888576,43.0
888608,41.0
888896,38.0
888912,95.0
888976,46.0
888976,28.0
889040,43.0
889056,46.0
889088,30.0
889088,94.0
889136,40.0
889184,128.0
889216,40.0
889232,53.0
889280,74.0
889360,81.0
889472,36.0
889616,79.0
889632,45.0
889648,35.0
889664,43.0
889680,28.0
889680,29.0
889760,36.0
889808,104.0
889840,47.0
889856,36.0
890000,23.0
890064,64.0
890080,38.0
890128,20.0
890144,63.0
890176,51.0
890272,37.0
890432,86.0
890480,51.0
890480,25.0
890576,100.0
890736,68.0
890736,38.0
890768,68.0
890784,59.0
890800,50.0
890816,34.0
890864,50.0
890896,47.0
890976,34.0
891024,53.0
891040,11.0
891056,30.0
891088,38.0
891280,104.0
891376,101.0
891392,41.0
891408,23.0
891440,42.0
891456,40.0
891536,28.0
891552,51.0
891568,42.0
891568,49.0
891632,111.0
891664,38.0
891712,43.0
891792,25.0
892032,41.0
892032,23.0
892048,67.0
892144,37.0
892160,45.0
892192,39.0
892240,42.0
892320,33.0
892320,49.0
892368,41.0
892432,24.0
892432,25.0
892448,51.0
892480,18.0
892528,67.0
892560,110.0
892672,79.0
892720,90.0
892784,22.0
892976,52.0
893008,43.0
893040,30.0
893136,44.0
893152,44.0
893248,55.0
893264,77.0
893312,177.0
893360,70.0
893376,53.0
893392,24.0
893520,53.0
893552,87.0
893568,49.0
893584,54.0
893664,84.0
893776,40.0
893872,38.0
894000,43.0
894048,63.0
894064,44.0
894096,53.0
894144,37.0
894176,41.0
894208,52.0
894208,108.0
894208,51.0
894352,43.0
894400,52.0
894448,24.0
894464,37.0
894528,47.0
894656,67.0
894688,96.0
894720,109.0
894800,50.0
894816,45.0
894864,41.0
894912,35.0
895056,23.0
895056,12.0
895104,44.0
895104,58.0
895120,37.0
895168,44.0
895184,61.0
895200,30.0
895216,25.0
895344,27.0
895360,72.0
895408,60.0
895504,53.0
895536,87.0
895568,48.0
895568,29.0
895632,36.0
895712,31.0
895712,34.0
895792,46.0
895888,43.0
895920,50.0
895936,23.0
895936,25.0
895936,47.0
895952,119.0
895984,40.0
895984,36.0
896096,37.0
896208,20.0
896256,43.0
896272,35.0
896528,73.0
896544,38.0
896688,99.0
896704,47.0
896880,42.0
896912,40.0
896944,72.0
896976,55.0
896976,79.0
897024,68.0
897040,70.0
897072,90.0
897088,34.0
897168,40.0
897232,61.0
897296,85.0
897328,39.0
897472,49.0
897488,94.0
897600,39.0
897664,39.0
897696,47.0
897728,44.0
897744,28.0
897744,41.0
897856,59.0
897888,45.0
897952,123.0
898112,39.0
898144,25.0
898208,61.0
898224,39.0
898224,23.0
898288,51.0
898400,89.0
898416,68.0
898448,47.0
898512,48.0
898512,49.0
898528,36.0
898624,46.0
898800,37.0
898848,39.0
898880,37.0
898896,24.0
899072,88.0
899088,59.0
899152,33.0
899248,46.0
899296,48.0
899328,69.0
899360,57.0
899376,61.0
899520,27.0
899520,153.0
899536,41.0
899584,73.0
899600,93.0
899632,172.0
899712,29.0
899808,46.0
899824,42.0
899872,67.0
899888,65.0
899920,25.0
899920,37.0
899936,65.0
900128,47.0
900144,38.0
900176,55.0
900224,54.0
900368,46.0
900400,55.0
900400,43.0
900400,30.0
900448,39.0
900560,27.0
900592,41.0
900688,48.0
900768,23.0
900800,57.0
900816,26.0
900912,43.0
901056,41.0
901120,42.0
901136,97.0
901136,36.0
901136,34.0
901168,64.0
901216,101.0
901264,91.0
901280,30.0
901296,58.0
901312,39.0
901360,74.0
901392,39.0
901632,51.0
901632,110.0
901680,32.0
901728,23.0
901776,30.0
901808,37.0
901840,36.0
901872,46.0
901872,37.0
901984,58.0
902096,60.0
902144,47.0
902176,34.0
902240,70.0
902352,39.0
902384,34.0
902512,46.0
902544,25.0
902544,77.0
902688,111.0
902736,58.0
902752,55.0
902752,41.0
902816,59.0
902816,36.0
902880,33.0
902960,83.0
902976,37.0
903008,83.0
903040,31.0
903152,21.0
903184,75.0
903264,45.0
903328,51.0
903376,23.0
903488,147.0
903504,47.0
903632,91.0
903664,44.0
903696,63.0
903728,47.0
903744,54.0
903808,39.0
903840,68.0
903856,37.0
903872,45.0
903920,55.0
904032,81.0
904128,27.0
904192,24.0
904192,29.0
904208,21.0
904240,47.0
904256,47.0
904256,55.0
904272,59.0
904304,93.0
904384,16.0
904416,49.0
904624,55.0
904672,26.0
904672,51.0
904688,41.0
904752,31.0
904784,70.0
904832,26.0
904848,38.0
904928,45.0
904976,37.0
905072,55.0
905168,54.0
905168,78.0
905184,62.0
905248,88.0
905328,41.0
905376,69.0
905456,18.0
905536,53.0
905632,53.0
905648,64.0
905712,65.0
905744,57.0
905744,36.0
905760,32.0
905760,24.0
905776,53.0
905808,52.0
905840,32.0
905856,42.0
905904,52.0
905952,69.0
906016,79.0
906096,22.0
906208,23.0
906224,29.0
906288,52.0
906320,36.0
906336,44.0
906352,36.0
906368,32.0
906448,34.0
906576,35.0
906576,48.0
906592,66.0
906720,67.0
906768,30.0
906848,39.0
906880,49.0
906944,38.0
906960,78.0
906976,25.0
906976,48.0
906976,64.0
907056,81.0
907168,51.0
907280,19.0
907360,32.0
907392,26.0
907440,70.0
907456,55.0
907568,53.0
907584,40.0
907632,54.0
907712,47.0
907744,43.0
907840,92.0
907840,35.0
907888,11.0
907888,45.0
907952,37.0
908000,38.0
908032,99.0
908064,27.0
908080,39.0
908128,78.0
908144,44.0
908192,19.0
908224,102.0
908416,53.0
908464,93.0
908480,25.0
908528,25.0
908592,37.0
908592,35.0
908720,55.0
908768,58.0
908768,51.0
908864,80.0
908864,70.0
908864,24.0
908880,43.0
908896,42.0
908992,58.0
909008,37.0
909072,58.0
909264,46.0
909296,44.0
909360,30.0
909408,43.0
909440,42.0
909440,28.0
909472,36.0
909520,41.0
909552,30.0
909600,71.0
909696,25.0
909728,54.0
909744,55.0
909904,56.0
909904,82.0
910032,39.0
910064,81.0
910064,37.0
910144,37.0
910176,143.0
910224,54.0
910240,50.0
910368,58.0
910432,33.0
910464,45.0
910464,75.0
910480,26.0
910624,37.0
910688,62.0
910848,59.0
910928,54.0
910960,31.0
910992,39.0
911008,54.0
911088,85.0
911120,55.0
911168,98.0
911168,103.0
911184,45.0
911232,66.0
911264,19.0
911264,49.0
911264,65.0
911408,45.0
911456,64.0
911504,41.0
911504,32.0
911520,56.0
911552,23.0
911696,43.0
911744,39.0
911856,39.0
911984,33.0
912016,53.0
912048,49.0
912064,35.0
912080,72.0
912096,43.0
912208,70.0
912240,46.0
912240,61.0
912256,44.0
912272,63.0
912304,35.0
912432,23.0
912528,85.0
912736,65.0
912752,77.0
912784,46.0
912784,36.0
912800,34.0
912864,55.0
912896,51.0
912944,44.0
912992,61.0
912992,35.0
912992,45.0
913072,61.0
913088,35.0
913184,59.0
913184,83.0
913216,57.0
913408,38.0
913424,40.0
913504,38.0
913568,52.0
913584,32.0
913584,25.0
913696,44.0
913744,62.0
913744,35.0
913760,34.0
913792,58.0
913792,24.0
913920,52.0
913968,74.0
914000,66.0
914032,65.0
914080,68.0
914160,41.0
914224,27.0
914256,32.0
914272,32.0
914320,25.0
914496,57.0
914528,60.0
914576,52.0
914608,74.0
914624,52.0
914640,40.0
914672,61.0
914672,26.0
914720,43.0
914784,39.0
914816,31.0
914832,12.0
914832,35.0
914976,19.0
914976,56.0
915008,32.0
915024,19.0
915056,68.0
915120,96.0
915296,45.0
915296,48.0
915296,39.0
915408,50.0
915456,77.0
915600,30.0
915648,22.0
915696,45.0
915696,25.0
915712,58.0
915712,68.0
915776,47.0
915808,52.0
916032,27.0
916112,21.0
916144,71.0
916272,51.0
916304,92.0
916384,83.0
916416,63.0
916448,102.0
916464,27.0
916480,103.0
916496,50.0
916512,54.0
916560,53.0
916688,36.0
916688,24.0
916768,18.0
916784,25.0
916800,69.0
916800,21.0
916816,69.0
916944,71.0
916960,51.0
917024,38.0
917040,109.0
917072,32.0
917072,36.0
917088,40.0
917280,21.0
917296,49.0
917328,33.0
917408,71.0
917536,53.0
917632,52.0
917648,39.0
917664,23.0
917696,57.0
917728,28.0
917728,40.0
917760,67.0
917792,29.0
917824,66.0
917840,50.0
917872,50.0
917888,51.0
917920,60.0
917984,36.0
918064,78.0
918144,28.0
918208,36.0
918240,25.0
918256,23.0
918416,37.0
918464,34.0
918480,47.0
918528,46.0
918608,39.0
918608,60.0
918608,59.0
918608,46.0
918624,26.0
918720,62.0
919024,31.0
919024,60.0
919056,28.0
919104,84.0
919136,33.0
919152,46.0
919184,59.0
919200,36.0
919216,105.0
919216,12.0
919232,48.0
919328,45.0
919344,68.0
919648,65.0
919760,35.0
919760,65.0
919776,42.0
919808,37.0
919824,84.0
919856,40.0
919872,43.0
919888,47.0
919920,48.0
919952,58.0
920144,20.0
920192,128.0
920208,55.0
920208,72.0
920208,54.0
920352,30.0
920400,32.0
920416,31.0
920416,40.0
920464,51.0
920608,50.0
920624,54.0
920752,56.0
920816,66.0
920832,55.0
920832,26.0
920832,40.0
920848,44.0
920960,47.0
921008,50.0
921024,112.0
921104,56.0
921136,45.0
921136,49.0
921264,50.0
921328,44.0
921408,36.0
921424,37.0
921552,45.0
921552,33.0
921568,45.0
921632,51.0
921632,23.0
921664,44.0
921712,36.0
921760,47.0
921824,45.0
921872,92.0
921904,36.0
922096,29.0
922112,85.0
922128,23.0
922224,50.0
922224,41.0
922288,41.0
922336,108.0
922352,59.0
922384,52.0
922384,52.0
922384,78.0
922464,50.0
922480,22.0
922496,42.0
922528,41.0
922544,40.0
922624,57.0
922688,25.0
922736,32.0
922752,40.0
922848,29.0
922928,29.0
922928,24.0
922960,46.0
923008,41.0
923056,33.0
923120,27.0
923152,51.0
923168,49.0
923168,49.0
923232,71.0
923248,31.0
923248,39.0
923296,51.0
923392,41.0
923424,58.0
923456,38.0
923568,40.0
923648,43.0
923808,36.0
923808,32.0
923840,57.0
923856,44.0
923856,29.0
923904,30.0
923952,44.0
923952,52.0
923984,26.0
924064,56.0
924096,65.0
924128,70.0
924192,64.0
924192,22.0
924256,50.0
924320,23.0
924336,68.0
924384,25.0
924384,33.0
924400,34.0
924416,48.0
924480,36.0
924496,43.0
924576,48.0
924736,42.0
924848,23.0
924928,37.0
924976,64.0
924976,35.0
925040,41.0
925072,55.0
925168,67.0
925216,60.0
925248,70.0
925280,56.0
925280,44.0
925408,76.0
925424,69.0
925504,48.0
925616,48.0
925632,41.0
925648,25.0
925664,79.0
925664,15.0
925744,29.0
925792,51.0
925920,40.0
925936,33.0
925968,47.0
926048,27.0
926112,38.0
926272,75.0
926384,46.0
926416,47.0
926432,40.0
926448,80.0
926512,48.0
926576,130.0
926592,60.0
926640,42.0
926672,35.0
926688,19.0
926736,67.0
926736,29.0
926752,52.0
926784,109.0
926896,60.0
926944,13.0
926960,23.0
927008,130.0
927024,32.0
927024,28.0
927040,39.0
927056,63.0
927136,25.0
927200,47.0
927248,35.0
927264,39.0
927264,52.0
927504,29.0
927552,55.0
927568,39.0
927600,37.0
927616,26.0
927664,38.0
927760,61.0
927888,54.0
927888,47.0
927920,41.0
927952,75.0
927968,63.0
928000,46.0
928000,24.0
928016,29.0
928160,57.0
928176,38.0
928288,87.0
928336,42.0
928384,23.0
928512,37.0
928528,48.0
928592,37.0
928640,43.0
928688,33.0
928752,108.0
928784,74.0
928928,65.0
928944,61.0
928944,12.0
928976,43.0
928992,62.0
929152,39.0
929184,105.0
929200,51.0
929344,63.0
929360,74.0
929488,50.0
929536,59.0
929536,56.0
929552,104.0
929552,35.0
929568,66.0
929632,43.0
929680,47.0
929744,60.0
929776,39.0
929776,52.0
929872,43.0
929936,24.0
929952,38.0
929984,26.0
930096,70.0
930176,27.0
930192,62.0
930224,54.0
930240,29.0
930288,50.0
930320,43.0
930320,48.0
930416,30.0
930416,40.0
930496,51.0
930496,60.0
930496,60.0
930624,25.0
930752,50.0
930784,43.0
930832,53.0
931024,38.0
931040,45.0
931040,73.0
931088,37.0
931104,51.0
931120,44.0
931136,40.0
931152,52.0
931152,25.0
931216,37.0
931248,47.0
931248,26.0
931360,21.0
931472,27.0
931552,82.0
931648,38.0
931680,37.0
931680,33.0
931712,96.0
931744,38.0
931792,42.0
931920,42.0
931952,37.0
932000,20.0
932016,54.0
932112,54.0
932128,57.0
932240,37.0
932240,128.0
932352,50.0
932400,81.0
932400,41.0
932432,27.0
932496,36.0
932528,32.0
932560,48.0
932624,59.0
932672,60.0
932704,36.0
932704,17.0
932752,32.0
932848,22.0
932880,48.0
932976,17.0
932976,137.0
933056,41.0
933088,24.0
933120,23.0
933136,56.0
933184,52.0
933184,77.0
933200,40.0
933248,39.0
933248,111.0
933312,27.0
933408,63.0
933472,39.0
933520,24.0
933584,38.0
933600,26.0
933600,34.0
933728,75.0
933744,34.0
933760,40.0
933920,78.0
933984,63.0
934000,51.0
934080,62.0
934080,21.0
934080,30.0
934096,49.0
934096,53.0
934160,40.0
934272,54.0
934320,53.0
934416,73.0
934432,42.0
934496,25.0
934544,39.0
934560,60.0
934592,38.0
934640,35.0
934640,40.0
934656,58.0
934672,36.0
934752,30.0
934992,57.0
935104,32.0
935120,28.0
935120,96.0
935264,69.0
935264,59.0
935344,43.0
935424,49.0
935456,65.0
935456,57.0
935584,37.0
935584,72.0
935648,98.0
935664,73.0
935728,29.0
935744,74.0
935840,68.0
935872,38.0
935888,78.0
935952,52.0
935968,32.0
935968,20.0
935984,33.0
936000,56.0
936112,62.0
936256,57.0
936416,34.0
936416,28.0
936448,64.0
936448,38.0
936496,57.0
936544,36.0
936544,51.0
936608,59.0
936624,40.0
936656,25.0
936672,68.0
936688,36.0
936928,27.0
936928,58.0
936960,63.0
937040,39.0
937088,84.0
937104,43.0
937168,45.0
937216,37.0
937360,51.0
937376,45.0
937376,44.0
937472,64.0
937568,60.0
937600,42.0
937616,28.0
937648,110.0
937680,62.0
937712,39.0
937744,49.0
937808,44.0
937840,23.0
937888,32.0
938000,40.0
938016,50.0
938048,30.0
938096,97.0
938160,77.0
938208,25.0
938256,36.0
938272,42.0
938288,40.0
938320,44.0
938320,38.0
938400,35.0
938400,85.0
938480,27.0
938480,37.0
938496,15.0
938576,75.0
938576,23.0
938720,27.0
938720,35.0
938784,49.0
939056,46.0
939056,65.0
939104,85.0
939136,26.0
939136,40.0
939136,41.0
939184,25.0
939200,30.0
939248,61.0
939328,53.0
939344,48.0
939344,64.0
939376,61.0
939408,22.0
939488,22.0
939568,29.0
939664,29.0
939696,40.0
939712,23.0
939728,25.0
939760,36.0
939760,74.0
939776,105.0
939872,39.0
939952,24.0
940096,47.0
940128,62.0
940128,108.0
940144,48.0
940160,47.0
940224,68.0
940224,35.0
940336,53.0
940352,39.0
940384,42.0
940400,28.0
940448,20.0
940496,46.0
940496,22.0
940544,24.0
940544,28.0
940592,56.0
940624,54.0
940640,48.0
940864,26.0
940912,43.0
940992,38.0
941008,29.0
941056,44.0
941168,33.0
941200,61.0
941232,52.0
941296,50.0
941296,50.0
941328,75.0
941376,100.0
941392,30.0
941408,51.0
941424,26.0
941456,18.0
941488,54.0
941568,44.0
941600,38.0
941648,28.0
941648,69.0
941680,17.0
941776,24.0
941904,26.0
941936,44.0
941984,43.0
942064,63.0
942096,110.0
942112,27.0
942160,54.0
942192,39.0
942288,57.0
942304,44.0
942320,62.0
942368,45.0
942560,69.0
942560,57.0
942592,25.0
942592,14.0
942656,23.0
942688,47.0
942688,39.0
942736,36.0
942752,48.0
942768,41.0
942960,40.0
943040,59.0
943120,23.0
943120,33.0
943152,37.0
943168,109.0
943200,56.0
943248,35.0
943296,38.0
943328,37.0
943440,53.0
943456,43.0
943472,27.0
943536,61.0
943584,58.0
943632,27.0
943648,117.0
943664,34.0
943760,40.0
943792,34.0
943872,25.0
943952,49.0
943952,128.0
944000,42.0
944064,39.0
944064,69.0
944144,62.0
944192,41.0
944208,47.0
944288,62.0
944368,44.0
944432,50.0
944432,23.0
944464,51.0
944496,57.0
944592,52.0
944608,46.0
944704,57.0
944752,38.0
944848,56.0
944864,27.0
944864,50.0
944992,35.0
944992,50.0
945008,25.0
945008,26.0
945088,37.0
945104,51.0
945120,26.0
945120,23.0
945216,53.0
945280,80.0
945504,65.0
945568,36.0
945584,36.0
945600,87.0
945632,48.0
945680,52.0
945712,31.0
945712,38.0
945776,41.0
945808,45.0
945840,35.0
945904,65.0
945936,124.0
946000,26.0
946016,64.0
946128,22.0
946208,33.0
946224,39.0
946240,70.0
946256,43.0
946272,23.0
946352,45.0
946544,65.0
946576,21.0
946768,40.0
946768,58.0
946768,52.0
946800,68.0
946928,120.0
946928,57.0
946976,44.0
946976,39.0
947008,27.0
947040,49.0
947056,66.0
947072,33.0
947184,92.0
947216,15.0
947264,31.0
947424,41.0
947520,30.0
947536,35.0
947568,40.0
947632,114.0
947680,47.0
947728,60.0
947824,35.0
947824,100.0
947856,42.0
947856,49.0
947888,23.0
947920,57.0
948000,75.0
948096,29.0
948128,67.0
948176,38.0
948176,60.0
948272,53.0
948304,28.0
948320,132.0
948320,31.0
948384,41.0
948400,14.0
948464,38.0
948592,66.0
948608,45.0
948608,49.0
948736,40.0
948736,46.0
948752,28.0
948768,24.0
948784,69.0
948816,22.0
948832,32.0
948928,41.0
948992,13.0
949040,45.0
949056,14.0
949104,23.0
949408,42.0
949472,81.0
949488,55.0
949584,61.0
949584,37.0
949632,44.0
949648,37.0
949648,55.0
949680,40.0
949728,100.0
949808,44.0
949872,66.0
949872,122.0
949968,86.0
950000,37.0
950064,37.0
950096,29.0
950112,39.0
950160,36.0
950224,36.0
950224,22.0
950240,115.0
950256,38.0
950272,95.0
950336,47.0
950480,50.0
950480,42.0
950592,39.0
950624,33.0
950688,29.0
950736,63.0
950752,47.0
950816,41.0
950832,48.0
950912,42.0
950944,45.0
950960,39.0
951008,56.0
951056,36.0
951104,77.0
951200,29.0
951296,30.0
951328,67.0
951344,54.0
951392,30.0
951472,49.0
951520,48.0
951568,38.0
951584,47.0
951584,82.0
951680,66.0
951712,23.0
951728,42.0
951840,78.0
951856,57.0
951904,56.0
951920,25.0
952032,58.0
952032,28.0
952064,54.0
952112,40.0
952112,25.0
952192,56.0
952416,43.0
952432,25.0
952560,41.0
952576,78.0
952576,29.0
952592,75.0
952640,60.0
952640,67.0
952656,67.0
952672,51.0
952672,52.0
952848,51.0
952896,61.0
952928,22.0
952928,54.0
952928,46.0
952960,33.0
953088,28.0
953120,35.0
953232,35.0
953296,74.0
953392,51.0
953424,47.0
953504,57.0
953536,56.0
953584,58.0
953648,33.0
953680,28.0
953776,55.0
953776,53.0
953808,55.0
953824,33.0
953872,49.0
953872,59.0
953904,59.0
954064,40.0
954064,76.0
954144,38.0
954192,111.0
954240,35.0
954272,31.0
954304,41.0
954320,51.0
954512,43.0
954544,40.0
954560,47.0
954608,46.0
954608,52.0
954640,28.0
954656,67.0
954704,52.0
954736,84.0
954928,54.0
954928,39.0
955072,50.0
955184,59.0
955184,36.0
955296,61.0
955328,37.0
955376,45.0
955376,51.0
955392,55.0
955456,53.0
955536,38.0
955584,95.0
955600,66.0
955712,67.0
955728,99.0
955840,41.0
955856,30.0
955952,48.0
956032,40.0
956032,27.0
956048,42.0
956112,25.0
956112,49.0
956144,53.0
956144,67.0
956224,40.0
956256,83.0
956336,55.0
956352,103.0
956432,30.0
956448,38.0
956464,58.0
956512,29.0
956576,53.0
956624,32.0
956656,32.0
956768,57.0
956800,48.0
956960,53.0
956976,32.0
957040,49.0
957072,65.0
957072,58.0
957104,42.0
957136,50.0
957184,46.0
957344,52.0
957376,64.0
957408,38.0
957456,50.0
957536,60.0
957584,85.0
957584,38.0
957648,43.0
957792,64.0
957808,42.0
957872,48.0
957872,78.0
957904,54.0
957936,54.0
958064,62.0
958080,42.0
958096,32.0
958112,33.0
958128,47.0
958240,49.0
958256,38.0
958272,23.0
958416,77.0
958416,55.0
958480,71.0
958512,36.0
958512,44.0
958576,49.0
958592,45.0
958720,41.0
958816,45.0
958880,47.0
958896,41.0
958912,65.0
958944,23.0
958992,46.0
959056,36.0
959072,41.0
959168,28.0
959168,41.0
959200,68.0
959216,71.0
959296,26.0
959296,24.0
959360,53.0
959552,80.0
959584,48.0
959600,34.0
959616,25.0
959664,42.0
959696,33.0
959760,54.0
959840,78.0
959952,49.0
960000,44.0
960032,60.0
960064,32.0
960080,49.0
960096,72.0
960112,32.0
960128,58.0
960128,27.0
960192,52.0
960240,114.0
960272,43.0
960304,40.0
960384,27.0
960448,38.0
960608,53.0
960624,63.0
960640,28.0
960704,36.0
960752,45.0
960768,40.0
960800,46.0
960880,49.0
961040,37.0
961072,67.0
961088,51.0
961136,33.0
961200,20.0
961280,40.0
961296,42.0
961344,65.0
961408,44.0
961424,42.0
961424,24.0
961440,75.0
961456,86.0
961536,89.0
961632,54.0
961680,37.0
961792,41.0
961824,90.0
961824,34.0
961904,52.0
961936,71.0
962048,39.0
962096,35.0
962256,50.0
962272,58.0
962288,54.0
962320,55.0
962336,71.0
962352,59.0
962416,49.0
962464,23.0
962496,35.0
962544,47.0
962560,79.0
962576,47.0
962608,21.0
962624,45.0
962688,27.0
962704,64.0
962720,42.0
962864,34.0
962896,35.0
962992,73.0
962992,27.0
963040,34.0
963072,45.0
963184,45.0
963184,31.0
963216,40.0
963424,63.0
963456,29.0
963472,38.0
963584,34.0
963632,68.0
963632,84.0
963680,67.0
963728,63.0
963776,55.0
963840,26.0
963840,39.0
963840,71.0
963872,25.0
963888,44.0
963968,84.0
964128,42.0
964208,71.0
964288,28.0
964368,37.0
964384,87.0
964432,35.0
964448,79.0
964464,55.0
964480,32.0
964480,53.0
964512,42.0
964528,56.0
964576,56.0
964640,22.0
964784,36.0
964784,66.0
964848,45.0
964944,69.0
964992,39.0
965056,38.0
965072,74.0
965088,28.0
965088,44.0
965104,39.0
965104,40.0
965152,23.0
965312,50.0
965360,49.0
965360,55.0
965392,54.0
965472,23.0
965552,29.0
965584,33.0
965648,21.0
965664,36.0
965664,42.0
965680,52.0
965728,59.0
965728,36.0
965792,85.0
965808,46.0
965808,44.0
965840,56.0
965872,32.0
966096,39.0
966112,35.0
966160,50.0
966240,36.0
966240,41.0
966320,32.0
966400,63.0
966432,35.0
966448,50.0
966464,49.0
966528,54.0
966576,29.0
966592,54.0
966736,36.0
966752,59.0
966832,46.0
966848,38.0
966864,64.0
967104,41.0
967120,87.0
967200,38.0
967200,48.0
967344,64.0
967360,49.0
967440,37.0
967456,44.0
967552,68.0
967568,23.0
967600,113.0
967616,76.0
967632,32.0
967680,59.0
967680,30.0
967696,91.0
967824,81.0
967856,25.0
967904,65.0
968032,30.0
968112,27.0
968128,31.0
968144,82.0
968160,66.0
968256,35.0
968288,53.0
968288,27.0
968384,64.0
968480,71.0
968576,61.0
968576,63.0
968592,28.0
968592,35.0
968640,51.0
968656,65.0
968672,26.0
968736,66.0
968752,53.0
968768,40.0
968784,31.0
968848,46.0
968944,41.0
968992,26.0
969040,23.0
969088,38.0
969168,37.0
969216,28.0
969232,36.0
969280,56.0
969392,77.0
969424,27.0
969568,51.0
969632,37.0
969680,56.0
969696,38.0
969696,53.0
969792,66.0
969856,76.0
969920,47.0
969920,40.0
969984,65.0
970000,88.0
970000,49.0
970048,39.0
970128,21.0
970192,32.0
970272,44.0
970352,110.0
970560,83.0
970656,64.0
970656,41.0
970736,29.0
970768,48.0
970800,69.0
970832,40.0
970832,61.0
970864,55.0
970944,64.0
970960,52.0
970992,100.0
971008,41.0
971088,73.0
971168,92.0
971168,32.0
971216,22.0
971248,26.0
971296,40.0
971376,51.0
971536,34.0
971616,41.0
971616,38.0
971632,43.0
971648,51.0
971712,57.0
971712,34.0
971744,28.0
971792,64.0
971856,70.0
971872,21.0
971936,48.0
971968,37.0
971984,21.0
972016,50.0
972048,60.0
972080,127.0
972160,34.0
972224,27.0
972256,39.0
972320,38.0
972336,39.0
972464,19.0
972512,48.0
972624,47.0
972624,40.0
972688,90.0
972704,48.0
972720,40.0
972768,28.0
972784,28.0
972832,76.0
972912,41.0
972960,59.0
972976,70.0
973056,68.0
973104,26.0
973120,67.0
973152,12.0
973184,35.0
973184,26.0
973328,54.0
973328,51.0
973344,35.0
973376,42.0
973440,29.0
973472,40.0
973616,35.0
973696,61.0
973744,26.0
973760,38.0
973776,41.0
973808,23.0
973824,45.0
973872,31.0
973936,64.0
974000,86.0
974000,51.0
974096,48.0
974208,27.0
974256,32.0
974256,67.0
974288,26.0
974320,39.0
974368,27.0
974448,28.0
974512,65.0
974512,73.0
974528,33.0
974560,59.0
974624,23.0
974704,155.0
974784,60.0
974832,19.0
974832,64.0
974960,16.0
975008,57.0
975008,35.0
975072,49.0
975088,45.0
975088,83.0
975104,53.0
975104,37.0
975168,21.0
975280,48.0
975328,48.0
975392,48.0
975424,26.0
975440,77.0
975440,30.0
975472,23.0
975536,28.0
975552,45.0
975584,36.0
975648,83.0
975712,40.0
975744,41.0
975840,28.0
975856,47.0
975888,69.0
975888,45.0
975936,38.0
975984,32.0
976048,48.0
976112,36.0
976144,27.0
976224,50.0
976304,35.0
976368,32.0
976432,34.0
976432,53.0
976448,21.0
976464,39.0
976464,30.0
976496,35.0
976512,23.0
976512,67.0
976544,20.0
976560,57.0
976576,64.0
976784,46.0
976880,90.0
976944,28.0
977056,32.0
977120,47.0
977136,42.0
977168,80.0
977232,42.0
977312,27.0
977312,50.0
977328,64.0
977328,55.0
977392,51.0
977440,41.0
977520,68.0
977536,64.0
977584,28.0
977600,71.0
977664,27.0
977744,36.0
977824,31.0
977904,37.0
977904,92.0
978000,59.0
978032,32.0
978080,60.0
978080,47.0
978128,74.0
978208,48.0
978240,36.0
978304,30.0
978368,52.0
978416,52.0
978432,33.0
978480,68.0
978512,38.0
978624,34.0
978688,28.0
978688,68.0
978704,42.0
978720,32.0
978736,89.0
978784,26.0
978880,25.0
978944,32.0
978976,42.0
978976,35.0
978976,56.0
979072,67.0
979104,30.0
979136,87.0
979184,31.0
979248,70.0
979328,51.0
979360,39.0
979408,29.0
979552,52.0
979568,55.0
979616,40.0
979680,44.0
979728,37.0
979744,35.0
979792,51.0
979808,69.0
979952,39.0
980016,59.0
980016,38.0
980048,50.0
980064,60.0
980160,86.0
980176,81.0
980256,40.0
980288,46.0
980336,37.0
980368,40.0
980512,52.0
980576,63.0
980592,27.0
980592,40.0
980592,49.0
980688,42.0
980800,39.0
980832,49.0
980912,41.0
980928,57.0
981040,105.0
981072,30.0
981072,46.0
981104,37.0
981120,12.0
981152,85.0
981168,37.0
981184,24.0
981200,38.0
981360,28.0
981360,67.0
981440,53.0
981440,47.0
981456,39.0
981504,27.0
981536,73.0
981664,34.0
981744,37.0
981760,36.0
981856,41.0
981856,51.0
981888,45.0
981920,30.0
981952,28.0
981984,120.0
982016,41.0
982016,35.0
982144,38.0
982288,39.0
982304,24.0
982384,59.0
982448,84.0
982448,27.0
982496,89.0
982592,46.0
982624,30.0
982656,57.0
982720,46.0
982864,57.0
982864,26.0
982880,95.0
983008,62.0
983024,33.0
983056,81.0
983120,77.0
983152,35.0
983168,54.0
983232,32.0
983264,55.0
983264,40.0
983264,88.0
983296,63.0
983344,56.0
983360,31.0
983504,40.0
983568,34.0
983600,59.0
983616,38.0
983712,30.0
983712,28.0
983744,43.0
983760,25.0
983840,36.0
983888,39.0
983904,46.0
983936,51.0
984032,55.0
984080,75.0
984208,57.0
984208,54.0
984288,24.0
984352,47.0
984416,53.0
984480,34.0
984496,41.0
984576,60.0
984672,57.0
984720,63.0
984752,34.0
984752,42.0
984784,80.0
984832,34.0
984880,73.0
984992,40.0
985008,79.0
985088,37.0
985120,77.0
985152,36.0
985280,67.0
985344,35.0
985376,41.0
985488,25.0
985504,92.0
985504,47.0
985504,52.0
985504,47.0
985584,29.0
985696,43.0
985728,82.0
985744,29.0
985776,56.0
985824,42.0
985872,65.0
985936,27.0
985984,62.0
986032,43.0
986208,45.0
986288,57.0
986336,116.0
986352,53.0
986368,40.0
986368,37.0
986368,54.0
986400,44.0
986432,58.0
986464,40.0
986672,50.0
986720,49.0
986864,41.0
987024,42.0
987024,43.0
987040,47.0
987056,39.0
987056,82.0
987088,69.0
987136,48.0
987232,103.0
987312,80.0
987360,43.0
987504,40.0
987584,35.0
987680,76.0
987712,82.0
987744,86.0
987808,90.0
987872,32.0
987904,74.0
987920,49.0
987920,52.0
988016,32.0
988016,62.0
988064,63.0
988112,50.0
988160,36.0
988192,32.0
988224,26.0
988288,66.0
988304,35.0
988352,30.0
988368,83.0
988464,34.0
988496,24.0
988496,30.0
988640,99.0
988784,67.0
988832,51.0
988864,44.0
988912,38.0
989024,52.0
989056,62.0
989152,50.0
989168,44.0
989168,78.0
989200,35.0
989216,45.0
989232,28.0
989232,59.0
989312,68.0
989344,32.0
989424,25.0
989472,69.0
989648,30.0
989664,28.0
989744,43.0
989776,34.0
989776,38.0
989792,40.0
989792,35.0
989888,64.0
989920,63.0
989920,89.0
990032,43.0
990064,47.0
990128,22.0
990176,24.0
990208,49.0
990304,69.0
990304,41.0
990304,52.0
990576,41.0
990624,20.0
990656,54.0
990768,64.0
990784,30.0
990784,54.0
990784,56.0
990800,64.0
990816,182.0
990864,50.0
990960,47.0
991152,31.0
991168,54.0
991200,24.0
991216,74.0
991216,97.0
991312,46.0
991360,74.0
991392,38.0
991440,41.0
991456,42.0
991456,52.0
991488,85.0
991600,52.0
991664,28.0
991728,35.0
991760,25.0
991776,36.0
991792,62.0
991840,33.0
991840,55.0
991936,45.0
992032,37.0
992032,36.0
992176,82.0
992192,65.0
992272,34.0
992320,34.0
992336,59.0
992416,47.0
992480,40.0
992496,41.0
992560,67.0
992576,24.0
992592,50.0
992640,14.0
992640,38.0
992768,63.0
992912,37.0
992976,40.0
993072,50.0
993088,72.0
993168,36.0
993184,108.0
993248,38.0
993248,47.0
993264,77.0
993360,55.0
993440,50.0
993440,33.0
993488,118.0
993552,61.0
993568,37.0
993664,36.0
993680,31.0
993696,28.0
993712,40.0
993744,98.0
993760,32.0
993824,41.0
993840,67.0
993888,83.0
993968,38.0
993968,19.0
993984,45.0
994112,39.0
994192,40.0
994304,21.0
994320,35.0
994320,31.0
994336,56.0
994400,41.0
994480,32.0
994496,58.0
994544,54.0
994736,47.0
994736,39.0
994752,66.0
994784,59.0
994960,48.0
995008,42.0
995072,47.0
995088,48.0
995184,55.0
995200,45.0
995248,47.0
995360,120.0
995424,55.0
995456,109.0
995456,45.0
995504,69.0
995552,34.0
995664,55.0
995680,37.0
995680,59.0
995696,28.0
995744,62.0
995760,36.0
995760,43.0
995968,48.0
996000,21.0
996112,47.0
996128,42.0
996256,36.0
996272,32.0
996288,54.0
996320,39.0
996320,85.0
996368,51.0
996400,45.0
996544,14.0
996560,167.0
996576,51.0
996576,38.0
996608,69.0
996672,35.0
996832,27.0
996848,30.0
996880,38.0
996944,41.0
996944,39.0
997088,60.0
997104,31.0
997104,53.0
997152,38.0
997168,73.0
997200,109.0
997248,42.0
997280,96.0
997424,54.0
997440,35.0
997440,54.0
997456,38.0
997520,43.0
997568,25.0
997616,32.0
997616,42.0
997696,38.0
997744,40.0
997744,37.0
997792,32.0
997792,23.0
997824,36.0
997824,55.0
997840,73.0
998096,56.0
998112,34.0
998256,32.0
998384,48.0
998464,40.0
998480,46.0
998480,43.0
998624,58.0
998640,50.0
998672,72.0
998720,58.0
998736,39.0
998784,73.0
998848,47.0
998896,91.0
998912,28.0
998944,93.0
998976,45.0
999040,35.0
999072,78.0
999088,44.0
999232,112.0
999232,35.0
999264,34.0
999376,33.0
999408,42.0
999424,50.0
999488,28.0
999504,38.0
999536,56.0
999600,70.0
999632,45.0
999696,39.0
999744,23.0
999744,41.0
999776,52.0
999888,39.0
999936,44.0
1000016,24.0
1000128,39.0
1000160,74.0
1000176,48.0
1000224,30.0
1000240,63.0
1000256,30.0
1000320,36.0
1000448,57.0
1000496,67.0
1000528,52.0
1000544,41.0
1000560,34.0
1000592,29.0
1000720,25.0
1000752,37.0
1000784,53.0
1000816,40.0
1000832,36.0
1000880,80.0
1000912,43.0
1000992,94.0
1001056,38.0
1001120,33.0
1001168,22.0
1001280,35.0
1001280,46.0
1001296,50.0
1001344,51.0
1001408,164.0
1001584,52.0
1001632,22.0
1001648,51.0
1001744,94.0
1001760,48.0
1001856,28.0
1001872,33.0
1001888,45.0
1001904,64.0
1002016,24.0
1002016,46.0
1002032,57.0
1002048,79.0
1002064,48.0
1002080,95.0
1002240,83.0
1002352,48.0
1002384,33.0
1002400,41.0
1002416,32.0
1002448,27.0
1002512,28.0
1002560,32.0
1002672,49.0
1002704,43.0
1002704,66.0
1002720,20.0
1002784,57.0
1002864,26.0
1002976,76.0
1003008,48.0
1003056,42.0
1003136,45.0
1003248,56.0
1003264,47.0
1003312,38.0
1003360,80.0
1003440,48.0
1003456,42.0
1003504,153.0
1003616,40.0
1003728,45.0
1003744,64.0
1003760,39.0
1003776,33.0
1003776,26.0
1003792,46.0
1003952,87.0
1003968,32.0
1003984,70.0
1004080,36.0
1004080,18.0
1004096,52.0
1004112,23.0
1004144,44.0
1004240,138.0
1004288,35.0
1004304,62.0
1004448,42.0
1004480,25.0
1004544,58.0
1004640,41.0
1004656,122.0
1004672,36.0
1004688,46.0
1004768,63.0
1004768,33.0
1004832,45.0
1004848,55.0
1005024,55.0
1005024,36.0
1005072,49.0
1005088,26.0
1005184,34.0
1005200,27.0
1005264,45.0
1005280,94.0
1005296,76.0
1005472,73.0
1005552,44.0
1005600,25.0
1005648,35.0
1005664,12.0
1005664,52.0
1005680,57.0
1005712,77.0
1005744,28.0
1005792,45.0
1005808,70.0
1005824,40.0
1005824,50.0
1005856,75.0
1005872,38.0
1005888,38.0
1005888,13.0
1005936,57.0
1006160,26.0
1006208,26.0
1006240,36.0
1006320,48.0
1006416,47.0
1006432,36.0
1006464,37.0
1006528,37.0
1006544,41.0
1006560,42.0
1006576,54.0
1006592,49.0
1006592,27.0
1006640,51.0
1006704,29.0
1006736,57.0
1006736,68.0
1006768,73.0
1006912,44.0
1006912,37.0
1006976,28.0
1007072,41.0
1007120,35.0
1007168,27.0
1007184,40.0
1007200,46.0
1007392,60.0
1007392,51.0
1007424,41.0
1007552,40.0
1007584,38.0
1007600,43.0
1007616,55.0
1007648,66.0
1007648,66.0
1007776,37.0
1007920,80.0
1007952,78.0
1007984,57.0
1008112,57.0
1008192,50.0
1008192,64.0
1008224,50.0
1008256,38.0
1008272,41.0
1008304,33.0
1008352,44.0
1008384,52.0
1008400,28.0
1008416,51.0
1008432,28.0
1008464,84.0
1008688,27.0
1008704,37.0
1008736,51.0
1008768,36.0
1008816,77.0
1008864,37.0
1008976,99.0
1009056,37.0
1009104,45.0
1009136,44.0
1009200,32.0
1009248,27.0
1009296,56.0
1009312,38.0
1009360,73.0
1009360,37.0
1009376,32.0
1009392,26.0
1009456,72.0
1009504,72.0
1009568,32.0
1009632,33.0
1009680,79.0
1009712,29.0
1009728,94.0
1009808,31.0
1009840,24.0
1009952,41.0
1009968,29.0
1010000,50.0
1010032,81.0
1010048,43.0
1010048,41.0
1010080,44.0
1010080,28.0
1010192,66.0
1010208,30.0
1010304,39.0
1010320,60.0
1010384,51.0
1010384,26.0
1010480,30.0
1010480,25.0
1010496,49.0
1010704,41.0
1010768,24.0
1010784,59.0
1010800,37.0
1010848,33.0
1010896,53.0
1010944,71.0
1010992,57.0
1011040,63.0
1011120,40.0
1011184,62.0
1011184,77.0
1011264,26.0
1011360,35.0
1011392,43.0
1011408,58.0
1011488,44.0
1011536,48.0
1011568,79.0
1011568,28.0
1011600,76.0
1011600,26.0
1011648,47.0
1011664,42.0
1011680,74.0
1011728,49.0
1011760,36.0
1011792,47.0
1011808,25.0
1011888,39.0
1012000,40.0
1012080,22.0
1012176,38.0
1012272,46.0
1012288,39.0
1012288,56.0
1012416,39.0
1012512,52.0
1012576,25.0
1012576,61.0
1012608,50.0
1012624,71.0
1012624,46.0
1012656,63.0
1012784,76.0
1012864,79.0
1012896,39.0
1012992,23.0
1013024,46.0
1013024,59.0
1013056,48.0
1013056,28.0
1013072,41.0
1013152,33.0
1013200,39.0
1013264,47.0
1013312,33.0
1013360,31.0
1013376,45.0
1013392,102.0
1013440,26.0
1013440,24.0
1013456,35.0
1013536,60.0
1013568,31.0
1013600,38.0
1013792,37.0
1013808,113.0
1013904,55.0
1013984,38.0
1014048,46.0
1014128,67.0
1014160,35.0
1014176,38.0
1014176,46.0
1014240,27.0
1014256,56.0
1014256,54.0
1014256,51.0
1014272,30.0
1014320,21.0
1014368,29.0
1014384,53.0
1014400,71.0
1014640,24.0
1014720,20.0
1014768,32.0
1014784,83.0
1014864,43.0
1014944,56.0
1014960,36.0
1014992,52.0
1015056,46.0
1015120,123.0
1015136,54.0
1015136,56.0
1015328,38.0
1015328,35.0
1015424,73.0
1015488,53.0
1015504,45.0
1015552,86.0
1015568,75.0
1015584,37.0
1015600,30.0
1015648,44.0
1015680,34.0
1015760,39.0
1015904,21.0
1015920,112.0
1015936,28.0
1015952,62.0
1016112,43.0
1016112,27.0
1016160,69.0
1016192,27.0
1016240,37.0
1016256,87.0
1016336,63.0
1016352,47.0
1016352,53.0
1016368,51.0
1016400,51.0
1016512,25.0
1016528,38.0
1016640,46.0
1016656,83.0
1016656,45.0
1016784,37.0
1016880,40.0
1016928,42.0
1016944,37.0
1016944,52.0
1016960,63.0
1017008,53.0
1017024,24.0
1017184,42.0
1017200,34.0
1017264,46.0
1017328,23.0
1017424,34.0
1017456,42.0
1017472,71.0
1017488,35.0
1017504,30.0
1017536,73.0
1017552,75.0
1017648,62.0
1017776,52.0
1017824,89.0
1017888,59.0
1017936,27.0
1017968,40.0
1017968,44.0
1018064,40.0
1018080,37.0
1018096,39.0
1018208,47.0
1018256,66.0
1018304,47.0
1018304,70.0
1018464,25.0
1018496,26.0
1018592,39.0
1018640,44.0
1018704,46.0
1018720,52.0
1018736,40.0
1018784,33.0
1018800,31.0
1018896,118.0
1018992,73.0
1019024,27.0
1019024,45.0
1019024,93.0
1019088,23.0
1019120,57.0
1019136,93.0
1019184,28.0
1019200,89.0
1019312,53.0
1019360,29.0
1019424,39.0
1019472,28.0
1019472,43.0
1019488,49.0
1019520,31.0
1019568,58.0
1019664,36.0
1019728,77.0
1019760,40.0
1019808,38.0
1019840,30.0
1019840,22.0
1019920,38.0
1019920,56.0
1020000,33.0
1020032,56.0
1020064,37.0
1020064,40.0
1020144,72.0
1020160,61.0
1020288,48.0
1020304,24.0
1020496,52.0
1020544,30.0
1020608,43.0
1020640,38.0
1020656,41.0
1020704,59.0
1020768,38.0
1020784,76.0
1020960,42.0
1020992,53.0
1021088,34.0
1021216,57.0
1021216,45.0
1021216,72.0
1021232,37.0
1021328,42.0
1021344,35.0
1021376,96.0
1021536,34.0
1021568,54.0
1021616,63.0
1021680,45.0
1021696,118.0
1021712,124.0
1021728,40.0
1021840,39.0
1021856,40.0
1021872,127.0
1021936,38.0
1021952,26.0
1022016,78.0
1022016,49.0
1022048,52.0
1022128,49.0
1022144,33.0
1022240,23.0
1022256,34.0
1022416,53.0
1022464,32.0
1022496,48.0
1022496,51.0
1022512,41.0
1022560,45.0
1022576,21.0
1022608,37.0
1022752,51.0
1022800,49.0
1022816,70.0
1022864,38.0
1022864,25.0
1022944,28.0
1022976,53.0
1022992,53.0
1023024,103.0
1023040,33.0
1023152,36.0
1023200,25.0
1023248,24.0
1023280,26.0
1023328,57.0
1023344,53.0
1023408,85.0
1023424,54.0
1023424,42.0
1023424,51.0
1023472,30.0
1023632,41.0
1023728,57.0
1023760,51.0
1023792,34.0
1023824,49.0
1023920,48.0
1023984,14.0
1024032,35.0
1024048,64.0
1024048,39.0
1024128,25.0
1024144,32.0
1024144,59.0
1024256,13.0
1024384,65.0
1024464,40.0
1024480,67.0
1024480,66.0
1024480,43.0
1024560,26.0
1024560,77.0
1024736,91.0
1024784,33.0
1024784,85.0
1024816,56.0
1024848,23.0
1024864,55.0
1024912,54.0
1024944,35.0
1024976,26.0
1025120,40.0
1025184,39.0
1025200,45.0
1025408,86.0
1025408,42.0
1025424,81.0
1025488,42.0
1025616,44.0
1025616,52.0
1025680,35.0
1025696,77.0
1025744,60.0
1025760,49.0
1025760,35.0
1025840,62.0
1025888,109.0
1025952,34.0
1026112,58.0
1026112,43.0
1026112,22.0
1026128,79.0
1026144,33.0
1026160,42.0
1026192,78.0
1026272,27.0
1026304,39.0
1026400,40.0
1026512,51.0
1026528,26.0
1026560,51.0
1026576,60.0
1026576,73.0
1026624,42.0
1026656,22.0
1026704,35.0
1026704,36.0
1026768,41.0
1026864,42.0
1026960,27.0
1026976,54.0
1027040,33.0
1027072,57.0
1027104,52.0
1027136,27.0
1027200,39.0
1027344,49.0
1027408,63.0
1027440,49.0
1027504,40.0
1027520,47.0
1027552,37.0
1027568,59.0
1027568,62.0
1027696,35.0
1027776,44.0
1027776,27.0
1027808,52.0
1027872,73.0
1028160,142.0
1028208,27.0
1028208,40.0
1028240,65.0
1028288,53.0
1028288,49.0
1028304,56.0
1028352,78.0
1028496,45.0
1028560,47.0
1028576,66.0
1028608,46.0
1028624,26.0
1028672,70.0
1028704,25.0
1028720,64.0
1028752,74.0
1028784,36.0
1028880,33.0
1028976,43.0
1029024,124.0
1029040,47.0
1029056,28.0
1029072,36.0
1029104,24.0
1029120,35.0
1029152,28.0
1029200,36.0
1029280,38.0
1029376,37.0
1029520,85.0
1029616,46.0
1029664,39.0
1029728,38.0
1029744,48.0
1029776,45.0
1029776,42.0
1029808,98.0
1029840,43.0
1029856,41.0
1029920,84.0
1029952,58.0
1030096,51.0
1030144,39.0
1030144,30.0
1030224,72.0
1030256,94.0
1030320,25.0
1030400,34.0
1030400,39.0
1030416,36.0
1030496,48.0
1030512,71.0
1030544,25.0
1030560,59.0
1030704,35.0
1030720,59.0
1030736,62.0
1030752,27.0
1030832,64.0
1030848,39.0
1031056,32.0
1031056,34.0
1031072,41.0
1031072,42.0
1031072,61.0
1031088,21.0
1031104,72.0
1031136,25.0
1031216,51.0
1031312,37.0
1031328,31.0
1031456,24.0
1031504,59.0
1031600,69.0
1031600,34.0
1031680,52.0
1031680,37.0
1031712,25.0
1031856,72.0
1031872,23.0
1031872,50.0
1031888,27.0
1031888,102.0
1031952,53.0
1031952,51.0
1032288,43.0
1032432,47.0
1032448,77.0
1032448,37.0
1032512,50.0
1032576,78.0
1032576,56.0
1032624,46.0
1032656,44.0
1032752,55.0
1032832,111.0
1032848,25.0
1032912,65.0
1032928,31.0
1033168,45.0
1033200,100.0
1033200,34.0
1033232,41.0
1033280,83.0
1033280,23.0
1033312,24.0
1033344,66.0
1033344,48.0
1033376,93.0
1033392,55.0
1033488,40.0
1033504,55.0
1033504,152.0
1033536,44.0
1033744,62.0
1033808,40.0
1033808,33.0
1033808,17.0
1033920,26.0
1033952,47.0
1034000,43.0
1034000,38.0
1034000,32.0
1034000,48.0
1034128,58.0
1034144,50.0
1034160,22.0
1034192,53.0
1034288,63.0
1034336,24.0
1034368,23.0
1034400,56.0
1034400,41.0
1034544,39.0
1034592,49.0
1034608,38.0
1034624,39.0
1034736,37.0
1034784,41.0
1034816,41.0
1034848,53.0
1034896,68.0
1034896,44.0
1034976,40.0
1035008,38.0
1035088,107.0
1035104,35.0
1035184,49.0
1035200,57.0
1035552,59.0
1035632,39.0
1035648,52.0
1035664,51.0
1035696,67.0
1035712,61.0
1035712,51.0
1035808,52.0
1035808,45.0
1035920,83.0
1036032,71.0
1036064,32.0
1036064,80.0
1036112,30.0
1036176,32.0
1036192,68.0
1036224,64.0
1036320,42.0
1036416,38.0
1036544,52.0
1036544,52.0
1036624,35.0
1036624,141.0
1036640,26.0
1036640,45.0
1036720,64.0
1036736,34.0
1036752,36.0
1036992,42.0
1037200,126.0
1037200,71.0
1037360,45.0
1037376,40.0
1037424,44.0
1037472,58.0
1037488,59.0
1037520,55.0
1037552,71.0
1037552,58.0
1037568,91.0
1037824,52.0
1037840,68.0
1037840,76.0
1037888,43.0
1037888,116.0
1037984,26.0
1037984,49.0
1037984,29.0
1038048,31.0
1038064,141.0
1038192,52.0
1038256,52.0
1038464,40.0
1038528,34.0
1038560,42.0
1038560,36.0
1038560,32.0
1038576,24.0
1038592,38.0
1038656,69.0
1038736,85.0
1038752,79.0
1038800,60.0
1038800,57.0
1038816,61.0
1038832,48.0
1038912,90.0
1039024,28.0
1039168,38.0
1039200,46.0
1039232,42.0
1039232,30.0
1039312,41.0
1039376,36.0
1039456,54.0
1039472,42.0
1039472,28.0
1039504,37.0
1039792,60.0
1039808,27.0
1039856,65.0
1039856,24.0
1039888,36.0
1039904,42.0
1039952,76.0
1039984,91.0
1039984,32.0
1040080,55.0
1040112,59.0
1040144,18.0
1040320,51.0
1040336,130.0
1040400,59.0
1040416,29.0
1040448,76.0
1040480,42.0
1040512,41.0
1040560,48.0
1040592,38.0
1040704,50.0
1040704,51.0
1040704,134.0
1040800,45.0
1040816,52.0
1040848,44.0
1040976,29.0
1041056,59.0
1041088,24.0
1041120,45.0
1041232,56.0
1041264,59.0
1041344,31.0
1041344,56.0
1041376,42.0
1041392,37.0
1041568,54.0
1041600,65.0
1041648,35.0
1041648,42.0
1041664,53.0
1041712,41.0
1041728,29.0
1041856,79.0
1041872,40.0
1041952,52.0
1041968,93.0
1042032,41.0
1042048,102.0
1042064,45.0
1042080,43.0
1042176,33.0
1042208,38.0
1042256,43.0
1042336,38.0
1042352,63.0
1042416,35.0
1042432,23.0
1042512,40.0
1042544,56.0
1042544,52.0
1042592,58.0
1042608,27.0
1042608,40.0
1042688,41.0
1042704,47.0
1042720,40.0
1042736,25.0
1043008,25.0
1043056,50.0
1043088,31.0
1043232,51.0
1043280,77.0
1043296,43.0
1043312,36.0
1043328,38.0
1043328,39.0
1043360,58.0
1043392,44.0
1043456,28.0
1043488,59.0
1043568,64.0
1043632,70.0
1043696,29.0
1043792,32.0
1043808,45.0
1043856,50.0
1044048,106.0
1044064,116.0
1044080,48.0
1044096,40.0
1044096,48.0
1044240,28.0
1044256,39.0
1044288,50.0
1044320,58.0
1044336,40.0
1044384,66.0
1044416,35.0
1044528,27.0
1044544,74.0
1044560,47.0
1044704,39.0
1044720,39.0
1044784,93.0
1044784,29.0
1044864,33.0
1044944,55.0
1045120,67.0
1045136,37.0
1045280,107.0
1045296,46.0
1045328,38.0
1045360,52.0
1045376,71.0
1045440,41.0
1045440,72.0
1045488,69.0
1045520,51.0
1045632,53.0
1045696,47.0
1045712,37.0
1045776,95.0
1045792,58.0
1045856,90.0
1045920,39.0
1045920,49.0
1045952,36.0
1045952,42.0
1046048,38.0
1046064,36.0
1046064,39.0
1046208,55.0
1046256,35.0
1046288,23.0
1046368,46.0
1046496,36.0
1046528,63.0
1046592,51.0
1046656,25.0
1046688,83.0
1046704,40.0
1046704,62.0
1046736,59.0
1046736,49.0
1046752,56.0
1046816,38.0
1046880,52.0
1046896,52.0
1046896,33.0
1047136,40.0
1047152,16.0
1047200,57.0
1047264,36.0
1047280,47.0
1047296,44.0
1047296,35.0
1047328,42.0
1047440,35.0
1047456,40.0
1047520,48.0
1047600,44.0
1047648,57.0
1047664,13.0
1047792,31.0
1047808,69.0
1047840,35.0
1047856,44.0
1047888,35.0
1047920,76.0
1047936,31.0
1047936,50.0
1047984,43.0
1048000,25.0
1048112,57.0
1048224,142.0
1048288,25.0
1048288,39.0
1048288,28.0
1048288,64.0
1048336,33.0
1048368,36.0
1048384,46.0
1048448,33.0
1048448,32.0
1048464,22.0
1048480,60.0
1048576,40.0
1048608,39.0
1048656,50.0
1048752,26.0
1048768,34.0
1048848,35.0
1048928,40.0
1049008,35.0
1049056,28.0
1049120,42.0
1049136,30.0
1049152,72.0
1049184,50.0
1049184,56.0
1049232,47.0
1049408,35.0
1049408,41.0
1049424,53.0
1049472,69.0
1049488,75.0
1049536,38.0
1049552,68.0
1049616,38.0
1049696,36.0
1049744,38.0
1049776,34.0
1049824,40.0
1049824,66.0
1049840,49.0
1049888,46.0
1049904,45.0
1050048,27.0
1050048,14.0
1050064,41.0
1050112,23.0
1050128,36.0
1050192,48.0
1050288,24.0
1050304,30.0
1050368,37.0
1050384,57.0
1050448,65.0
1050448,25.0
1050512,29.0
1050544,63.0
1050560,31.0
1050640,33.0
1050672,52.0
1050672,74.0
1050688,62.0
1050832,28.0
1050848,30.0
1050928,30.0
1050976,18.0
1051024,45.0
1051040,53.0
1051104,29.0
1051120,77.0
1051152,38.0
1051264,61.0
1051280,38.0
1051328,51.0
1051424,81.0
1051520,67.0
1051552,33.0
1051568,37.0
1051648,68.0
1051664,62.0
1051680,33.0
1051712,42.0
1051760,57.0
1051808,61.0
1051856,58.0
1051920,51.0
1052032,29.0
1052112,35.0
1052160,31.0
1052256,25.0
1052272,62.0
1052368,65.0
1052368,43.0
1052384,39.0
1052416,81.0
1052448,74.0
1052480,66.0
1052560,57.0
1052608,68.0
1052624,51.0
1052720,63.0
1052720,43.0
1052816,28.0
1052832,57.0
1052864,28.0
1052880,39.0
1052912,50.0
1052912,29.0
1052928,28.0
1052944,35.0
1053008,53.0
1053216,59.0
1053312,28.0
1053360,34.0
1053376,51.0
1053408,30.0
1053440,38.0
1053488,34.0
1053488,70.0
1053552,58.0
1053568,35.0
1053568,53.0
1053584,54.0
1053664,47.0
1053760,72.0
1053808,56.0
1053856,23.0
1053888,33.0
1053904,43.0
1054016,27.0
1054016,36.0
1054048,73.0
1054080,42.0
1054224,41.0
1054224,57.0
1054272,38.0
1054272,49.0
1054272,26.0
1054288,13.0
1054288,45.0
1054352,50.0
1054448,40.0
1054480,69.0
1054496,30.0
1054608,24.0
1054624,22.0
1054672,24.0
1054688,21.0
1054816,48.0
1054832,59.0
1054896,39.0
1054960,43.0
1054976,60.0
1055008,25.0
1055024,70.0
1055072,37.0
1055088,83.0
1055120,42.0
1055152,58.0
1055264,27.0
1055328,44.0
1055360,29.0
1055376,43.0
1055408,37.0
1055408,57.0
1055472,74.0
1055536,29.0
1055568,37.0
1055584,39.0
1055648,40.0
1055648,15.0
1055696,36.0
1055712,22.0
1055760,38.0
1055808,34.0
1055968,55.0
1056000,83.0
1056000,37.0
1056000,27.0
1056016,43.0
1056032,35.0
1056128,23.0
1056176,50.0
1056256,35.0
1056448,50.0
1056496,33.0
1056576,97.0
1056624,65.0
1056640,52.0
1056640,40.0
1056656,63.0
1056688,72.0
1056704,36.0
1056864,38.0
1056864,54.0
1056896,74.0
1056912,56.0
1056928,56.0
1056976,50.0
1057040,37.0
1057120,39.0
1057152,29.0
1057232,37.0
1057248,34.0
1057296,23.0
1057312,42.0
1057392,46.0
1057440,36.0
1057440,25.0
1057488,39.0
1057536,60.0
1057600,28.0
1057616,45.0
1057616,101.0
1057632,45.0
1057632,41.0
1057712,68.0
1057824,36.0
1057904,23.0
1057920,50.0
1057968,30.0
1058080,49.0
1058096,29.0
1058112,12.0
1058144,44.0
1058192,23.0
1058192,50.0
1058288,61.0
1058288,24.0
1058304,44.0
1058352,57.0
1058352,40.0
1058448,52.0
1058560,83.0
1058640,31.0
1058672,65.0
1058688,25.0
1058704,68.0
1058784,27.0
1058816,46.0
1058880,48.0
1058976,39.0
1058992,34.0
1059024,22.0
1059056,68.0
1059152,66.0
1059200,40.0
1059312,38.0
1059360,66.0
1059424,71.0
1059456,79.0
1059536,35.0
1059568,86.0
1059632,36.0
1059680,65.0
1059696,55.0
1059712,45.0
1059712,64.0
1059728,33.0
1059744,27.0
1059824,23.0
1059968,74.0
1060000,61.0
1060048,73.0
1060048,43.0
1060080,34.0
1060128,26.0
1060288,71.0
1060400,61.0
1060400,41.0
1060416,28.0
1060416,37.0
1060448,47.0
1060480,48.0
1060480,57.0
1060544,34.0
1060656,58.0
1060672,24.0
1060688,66.0
1060752,67.0
1060800,47.0
1060832,47.0
1060944,33.0
1061008,37.0
1061008,60.0
1061072,26.0
1061072,59.0
1061120,40.0
1061184,32.0
1061248,44.0
1061312,54.0
1061328,36.0
1061344,41.0
1061424,39.0
1061504,31.0
1061520,70.0
1061584,29.0
1061600,70.0
1061664,26.0
1061760,26.0
1061776,29.0
1061792,38.0
1061840,56.0
1061984,24.0
1062032,102.0
1062112,80.0
1062112,49.0
1062128,70.0
1062144,23.0
1062176,37.0
1062192,70.0
1062208,43.0
1062208,49.0
1062224,72.0
1062240,46.0
1062496,44.0
1062512,33.0
1062608,59.0
1062656,33.0
1062720,38.0
1062784,36.0
1062848,42.0
1062864,52.0
1062960,46.0
1062960,47.0
1063024,52.0
1063104,84.0
1063136,40.0
1063136,39.0
1063168,64.0
1063200,68.0
1063200,37.0
1063248,37.0
1063296,91.0
1063424,44.0
1063440,19.0
1063440,19.0
1063456,38.0
1063488,39.0
1063536,36.0
1063632,87.0
1063648,30.0
1063760,35.0
1063776,47.0
1063792,31.0
1063872,48.0
1063904,28.0
1064000,36.0
1064048,79.0
1064080,37.0
1064160,75.0
1064208,60.0
1064320,33.0
1064336,44.0
1064352,57.0
1064432,56.0
1064448,28.0
1064608,53.0
1064688,57.0
1064736,52.0
1064768,98.0
1064864,51.0
1064880,90.0
1064880,28.0
1064928,38.0
1064928,53.0
1065040,55.0
1065040,73.0
1065040,87.0
1065184,53.0
1065280,52.0
1065328,25.0
1065360,30.0
1065392,49.0
1065424,35.0
1065424,34.0
1065440,77.0
1065456,26.0
1065488,28.0
1065600,78.0
1065632,59.0
1065872,43.0
1065888,72.0
1065888,25.0
1065904,29.0
1065952,64.0
1065952,37.0
1066080,39.0
1066128,53.0
1066160,46.0
1066160,46.0
1066272,25.0
1066304,79.0
1066336,59.0
1066384,47.0
1066544,41.0
1066544,41.0
1066560,41.0
1066608,63.0
1066656,31.0
1066656,83.0
1066672,119.0
1066704,27.0
1066816,46.0
1066992,41.0
1066992,65.0
1067088,34.0
1067104,50.0
1067120,62.0
1067168,49.0
1067200,34.0
1067200,40.0
1067248,68.0
1067280,38.0
1067328,42.0
1067328,39.0
1067392,49.0
1067392,36.0
1067424,55.0
1067472,95.0
1067616,32.0
1067648,41.0
1067712,20.0
1067744,34.0
1067744,34.0
1067792,42.0
1067824,41.0
1067904,39.0
1067952,39.0
1068000,33.0
1068112,49.0
1068112,70.0
1068144,47.0
1068176,27.0
1068192,69.0
1068224,32.0
1068288,65.0
1068288,54.0
1068336,43.0
1068416,50.0
1068464,29.0
1068464,40.0
1068528,39.0
1068544,47.0
1068608,54.0
1068640,33.0
1068688,36.0
1068688,31.0
1068832,23.0
1068880,34.0
1068960,63.0
1068976,35.0
1069088,39.0
1069184,41.0
1069184,56.0
1069344,41.0
1069408,79.0
1069424,37.0
1069424,55.0
1069520,81.0
1069536,56.0
1069568,80.0
1069600,89.0
1069616,41.0
1069616,27.0
1069696,63.0
1069728,24.0
1069792,57.0
1069824,76.0
1069856,55.0
1070000,51.0
1070000,37.0
1070032,27.0
1070032,59.0
1070064,34.0
1070064,40.0
1070144,38.0
1070176,11.0
1070176,38.0
1070272,28.0
1070336,34.0
1070400,21.0
1070416,50.0
1070432,51.0
1070544,53.0
1070592,35.0
1070704,80.0
1070848,51.0
1070880,72.0
1070880,64.0
1070896,45.0
1071056,40.0
1071056,41.0
1071056,11.0
1071104,65.0
1071184,53.0
1071344,40.0
1071392,78.0
1071424,78.0
1071472,75.0
1071536,59.0
1071600,34.0
1071664,51.0
1071664,104.0
1071664,49.0
1071664,38.0
1071776,77.0
1071792,56.0
1071872,30.0
1071984,28.0
1072000,59.0
1072000,51.0
1072032,100.0
1072224,39.0
1072224,22.0
1072240,71.0
1072432,40.0
1072448,49.0
1072448,64.0
1072464,50.0
1072576,57.0
1072592,78.0
1072736,32.0
1072832,73.0
1072864,52.0
1072912,42.0
1072928,58.0
1072928,72.0
1072960,23.0
1073056,38.0
1073056,66.0
1073136,57.0
1073136,72.0
1073200,39.0
1073264,51.0
1073280,113.0
1073312,53.0
1073488,27.0
1073536,30.0
1073632,50.0
1073648,45.0
1073664,77.0
1073728,28.0
1073776,54.0
1073824,54.0
1073824,56.0
1073840,61.0
1073984,53.0
1074016,80.0
1074096,52.0
1074128,62.0
1074144,38.0
1074144,30.0
1074240,32.0
1074304,29.0
1074304,42.0
1074432,38.0
1074448,71.0
1074464,51.0
1074528,25.0
1074528,34.0
1074544,33.0
1074544,66.0
1074656,32.0
1074656,55.0
1074672,92.0
1074736,27.0
1074816,32.0
1074832,63.0
1074912,30.0
1075024,55.0
1075104,54.0
1075200,42.0
1075264,46.0
1075296,39.0
1075312,41.0
1075344,43.0
1075408,82.0
1075424,60.0
1075456,34.0
1075552,33.0
1075632,51.0
1075632,74.0
1075712,32.0
1075744,63.0
1075760,76.0
1075792,60.0
1075888,84.0
1075920,38.0
1075936,33.0
1076016,57.0
1076048,39.0
1076080,51.0
1076128,36.0
1076144,50.0
1076240,59.0
1076288,36.0
1076384,47.0
1076416,49.0
1076464,24.0
1076464,45.0
1076480,64.0
1076528,48.0
1076640,53.0
1076736,38.0
1076784,25.0
1076816,50.0
1076832,59.0
1076832,49.0
1076976,35.0
1076992,33.0
1077024,31.0
1077104,60.0
1077120,75.0
1077168,77.0
1077296,52.0
1077344,44.0
1077392,69.0
1077456,39.0
1077520,65.0
1077568,25.0
1077568,83.0
1077568,49.0
1077616,55.0
1077808,29.0
1077840,51.0
1077856,47.0
1077920,68.0
1078000,74.0
1078032,36.0
1078032,29.0
1078144,39.0
1078160,37.0
1078176,21.0
1078208,57.0
1078352,31.0
1078368,87.0
1078464,34.0
1078496,43.0
1078544,97.0
1078640,67.0
1078688,34.0
1078704,34.0
1078800,37.0
1078800,88.0
1078928,82.0
1078944,37.0
1078976,61.0
1078992,28.0
1078992,60.0
1079104,67.0
1079120,39.0
1079168,33.0
1079232,132.0
1079248,20.0
1079296,70.0
1079312,53.0
1079344,61.0
1079360,41.0
1079408,38.0
1079424,27.0
1079536,18.0
1079552,47.0
1079568,36.0
1079568,25.0
1079600,57.0
1079824,53.0
1079840,31.0
1079840,56.0
1079856,27.0
1079888,41.0
1079888,36.0
1079968,53.0
1079968,25.0
1080048,30.0
1080064,44.0
1080112,63.0
1080128,33.0
1080224,43.0
1080224,24.0
1080384,26.0
1080400,69.0
1080416,37.0
1080448,65.0
1080448,24.0
1080512,42.0
1080576,64.0
1080608,45.0
1080672,44.0
1080672,39.0
1080704,30.0
1080752,21.0
1080896,48.0
1080976,14.0
1081008,72.0
1081056,73.0
1081072,53.0
1081136,46.0
1081136,33.0
1081216,48.0
1081264,43.0
1081264,13.0
1081280,48.0
1081376,42.0
1081408,46.0
1081456,11.0
1081488,86.0
1081504,27.0
1081536,54.0
1081536,40.0
1081552,73.0
1081696,78.0
1081696,43.0
1081776,25.0
1081872,38.0
1081888,39.0
1081888,42.0
1081904,48.0
1082000,34.0
1082000,32.0
1082048,34.0
1082096,13.0
1082144,38.0
1082160,74.0
1082176,48.0
1082240,34.0
1082256,70.0
1082256,24.0
1082272,24.0
1082384,24.0
1082416,55.0
1082544,62.0
1082544,34.0
1082624,36.0
1082704,63.0
1082704,38.0
1082720,59.0
1082736,30.0
1082736,35.0
1082768,33.0
1082896,32.0
1082976,52.0
1083008,37.0
1083120,53.0
1083136,25.0
1083152,78.0
1083184,30.0
1083232,67.0
1083280,46.0
1083296,42.0
1083344,23.0
1083376,42.0
1083392,71.0
1083536,62.0
1083552,23.0
1083568,53.0
1083632,56.0
1083632,25.0
1083648,23.0
1083696,50.0
1083744,38.0
1083792,64.0
1083920,36.0
1083952,41.0
1084080,21.0
1084080,58.0
1084112,36.0
1084192,51.0
1084192,67.0
1084208,36.0
1084272,79.0
1084304,42.0
1084368,36.0
1084400,52.0
1084464,51.0
1084640,33.0
1084656,36.0
1084672,29.0
1084688,26.0
1084704,47.0
1084736,84.0
1084768,67.0
1084800,38.0
1084832,80.0
1084912,62.0
1084928,46.0
1084976,42.0
1085040,23.0
1085104,40.0
1085136,46.0
1085168,27.0
1085200,52.0
1085328,78.0
1085328,31.0
1085424,49.0
1085456,33.0
1085488,52.0
1085584,51.0
1085600,27.0
1085632,59.0
1085648,34.0
1085680,55.0
1085712,63.0
1085744,44.0
1085776,36.0
1085840,54.0
1085904,19.0
1086000,54.0
1086064,40.0
1086096,74.0
1086144,43.0
1086160,42.0
1086240,25.0
1086256,42.0
1086272,35.0
1086288,60.0
1086320,62.0
1086560,55.0
1086560,51.0
1086608,52.0
1086624,62.0
1086656,47.0
1086688,43.0
1086704,38.0
1086720,35.0
1086736,28.0
1086880,46.0
1086896,41.0
1086928,23.0
1087120,50.0
1087152,37.0
1087168,95.0
1087232,73.0
1087232,60.0
1087248,62.0
1087376,40.0
1087456,50.0
1087472,37.0
1087552,52.0
1087568,54.0
1087568,59.0
1087600,62.0
1087616,31.0
1087632,44.0
1087744,53.0
1087920,77.0
1087984,51.0
1088032,50.0
1088064,31.0
1088224,38.0
1088304,52.0
1088320,59.0
1088352,56.0
1088368,48.0
1088432,55.0
1088464,45.0
1088544,81.0
1088560,36.0
1088608,43.0
1088624,62.0
1088640,93.0
1088688,70.0
1088688,39.0
1088736,24.0
1088752,24.0
1088928,44.0
1088928,56.0
1088944,24.0
1089040,46.0
1089088,41.0
1089184,40.0
1089312,35.0
1089344,55.0
1089376,48.0
1089392,44.0
1089424,69.0
1089504,48.0
1089520,11.0
1089536,56.0
1089568,40.0
1089600,42.0
1089680,46.0
1089728,69.0
1089760,45.0
1089824,162.0
1089824,71.0
1089888,29.0
1090080,44.0
1090096,31.0
1090128,59.0
1090144,47.0
1090144,52.0
1090144,66.0
1090176,41.0
1090192,41.0
1090272,28.0
1090320,37.0
1090384,39.0
1090384,19.0
1090432,58.0
1090688,50.0
1090752,35.0
1090752,23.0
1090768,37.0
1090800,77.0
1090848,44.0
1090912,77.0
1090928,52.0
1090944,42.0
1090944,70.0
1090976,52.0
1091008,39.0
1091120,50.0
1091216,33.0
1091232,69.0
1091280,33.0
1091328,24.0
1091328,33.0
1091344,75.0
1091600,42.0
1091600,73.0
1091600,43.0
1091680,22.0
1091840,67.0
1091856,63.0
1091872,54.0
1091904,58.0
1091920,37.0
1091936,37.0
1092000,66.0
1092000,48.0
1092032,51.0
1092048,81.0
1092048,58.0
1092144,34.0
1092256,41.0
1092272,25.0
1092288,22.0
1092432,24.0
1092464,34.0
1092496,29.0
1092528,30.0
1092576,42.0
1092592,57.0
1092608,83.0
1092752,56.0
1092816,76.0
1092864,64.0
1092944,50.0
1092992,62.0
1093024,35.0
1093088,52.0
1093168,55.0
1093216,59.0
1093264,43.0
1093328,52.0
1093360,26.0
1093376,35.0
1093392,49.0
1093504,67.0
1093520,41.0
1093616,68.0
1093616,64.0
1093632,102.0
1093680,29.0
1093744,62.0
1093776,32.0
1093920,47.0
1093968,21.0
1094112,46.0
1094144,39.0
1094160,34.0
1094176,42.0
1094192,52.0
1094240,72.0
1094240,57.0
1094272,55.0
1094336,23.0
1094448,91.0
1094576,52.0
1094720,30.0
1094736,29.0
1094960,80.0
1094976,66.0
1095008,77.0
1095024,52.0
1095040,89.0
1095056,20.0
1095056,51.0
1095056,57.0
1095120,49.0
1095200,65.0
1095232,66.0
1095408,60.0
1095440,151.0
1095488,86.0
1095568,37.0
1095680,39.0
1095696,61.0
1095760,46.0
1095792,46.0
1095824,44.0
1095840,55.0
1095888,82.0
1095904,53.0
1095984,49.0
1096016,63.0
1096032,37.0
1096048,40.0
1096064,23.0
1096064,36.0
1096096,26.0
1096096,66.0
1096128,35.0
1096144,57.0
1096384,25.0
1096464,35.0
1096544,49.0
1096544,47.0
1096544,30.0
1096592,35.0
1096608,45.0
1096640,34.0
1096656,52.0
1096720,44.0
1096832,43.0
1096848,63.0
1096896,52.0
1097072,43.0
1097104,24.0
1097152,35.0
1097184,68.0
1097184,71.0
1097248,40.0
1097280,72.0
1097296,47.0
1097296,47.0
1097344,43.0
1097360,51.0
1097440,38.0
1097472,52.0
1097504,38.0
1097568,69.0
1097600,47.0
1097712,38.0
1097728,27.0
1097728,23.0
1097744,35.0
1097792,32.0
1097904,47.0
1097952,41.0
1098000,47.0
1098032,33.0
1098224,41.0
1098224,72.0
1098240,21.0
1098304,44.0
1098320,61.0
1098320,37.0
1098320,71.0
1098352,39.0
1098432,62.0
1098512,48.0
1098528,31.0
1098544,52.0
1098560,48.0
1098576,39.0
1098592,70.0
1098736,46.0
1098896,34.0
1098912,37.0
1098944,23.0
1098976,47.0
1099024,50.0
1099056,32.0
1099056,39.0
1099120,24.0
1099248,46.0
1099312,67.0
1099344,64.0
1099440,29.0
1099456,71.0
1099488,27.0
1099520,39.0
1099536,63.0
1099536,77.0
1099680,27.0
1099680,39.0
1099808,56.0
1099840,78.0
1099856,57.0
1099872,82.0
1099920,27.0
1099968,41.0
1100144,50.0
1100144,38.0
1100256,51.0
1100304,80.0
1100304,53.0
1100320,75.0
1100336,41.0
1100400,55.0
1100448,38.0
1100528,24.0
1100528,38.0
1100528,53.0
1100624,68.0
1100704,46.0
1100736,30.0
1100768,56.0
1100800,31.0
1100864,35.0
1101088,80.0
1101136,51.0
1101152,26.0
1101152,63.0
1101184,24.0
1101184,83.0
1101296,42.0
1101312,57.0
1101312,38.0
1101392,54.0
1101408,55.0
1101408,60.0
1101440,36.0
1101520,74.0
1101632,34.0
1101728,36.0
1101728,34.0
1101744,61.0
1101776,24.0
1101808,25.0
1101952,41.0
1101984,34.0
1102016,44.0
1102048,95.0
1102080,58.0
1102144,52.0
1102272,34.0
1102288,55.0
1102304,42.0
1102336,51.0
1102336,22.0
1102416,80.0
1102432,41.0
1102464,80.0
1102480,33.0
1102496,48.0
1102576,33.0
1102624,34.0
1102656,40.0
1102688,55.0
1102704,27.0
1102736,62.0
1102848,23.0
1102864,45.0
1102896,35.0
1102912,30.0
1102976,25.0
1103168,44.0
1103168,52.0
1103184,55.0
1103296,27.0
1103312,38.0
1103344,43.0
1103440,44.0
1103472,74.0
1103472,53.0
1103488,36.0
1103504,41.0
1103600,57.0
1103616,75.0
1103712,51.0
1103856,35.0
1103872,33.0
1103888,25.0
1103904,88.0
1103920,46.0
1103984,34.0
1104016,65.0
1104080,57.0
1104112,25.0
1104224,23.0
1104224,66.0
1104336,46.0
1104336,52.0
1104400,68.0
1104416,25.0
1104464,53.0
1104528,66.0
1104576,41.0
1104576,43.0
1104640,41.0
1104720,40.0
1104720,24.0
1104816,59.0
1104896,35.0
1104944,34.0
1104992,68.0
1105040,51.0
1105136,104.0
1105200,42.0
1105248,64.0
1105264,50.0
1105296,36.0
1105360,78.0
1105456,55.0
1105520,36.0
1105552,57.0
1105632,57.0
1105680,54.0
1105744,24.0
1105792,33.0
1105888,27.0
1105920,49.0
1105952,27.0
1105952,44.0
1105984,59.0
1105984,43.0
1106048,72.0
1106096,95.0
1106176,24.0
1106192,62.0
1106240,43.0
1106256,36.0
1106304,35.0
1106320,119.0
1106352,45.0
1106400,30.0
1106416,89.0
1106512,33.0
1106528,34.0
1106544,28.0
1106560,38.0
1106608,45.0
1106704,47.0
1106704,29.0
1106704,28.0
1106720,26.0
1106784,37.0
1106880,21.0
1106960,35.0
1107136,51.0
1107152,37.0
1107168,29.0
1107216,43.0
1107232,74.0
1107248,56.0
1107280,31.0
1107312,38.0
1107376,48.0
1107504,50.0
1107520,40.0
1107584,73.0
1107600,55.0
1107696,20.0
1107728,28.0
1107728,35.0
1107728,76.0
1107744,98.0
1107824,43.0
1107872,23.0
1107984,42.0
1107984,64.0
1108144,26.0
1108272,42.0
1108288,26.0
1108336,38.0
1108336,68.0
1108384,54.0
1108432,28.0
1108432,80.0
1108512,80.0
1108512,23.0
1108512,51.0
1108528,82.0
1108640,56.0
1108784,60.0
1108800,67.0
1108800,26.0
1108816,77.0
1108912,36.0
1108944,41.0
1108992,35.0
1109088,35.0
1109104,37.0
1109120,71.0
1109152,51.0
1109216,59.0
1109216,27.0
1109248,46.0
1109248,38.0
1109264,29.0
1109264,29.0
1109392,60.0
1109456,32.0
1109456,22.0
1109504,43.0
1109520,33.0
1109600,68.0
1109616,44.0
1109712,28.0
1109744,33.0
1109856,48.0
1109920,42.0
1110000,49.0
1110032,27.0
1110080,23.0
1110080,36.0
1110096,44.0
1110112,53.0
1110176,64.0
1110256,50.0
1110384,40.0
1110432,57.0
1110448,52.0
1110448,23.0
1110480,23.0
1110496,78.0
1110608,93.0
1110720,39.0
1110720,34.0
1110768,20.0
1110768,82.0
1110768,48.0
1110832,22.0
1110912,66.0
1110944,54.0
1110976,37.0
1111008,47.0
1111056,39.0
1111120,68.0
1111152,41.0
1111152,27.0
1111200,47.0
1111280,85.0
1111280,32.0
1111328,35.0
1111344,32.0
1111360,37.0
1111408,43.0
1111488,23.0
1111568,26.0
1111648,23.0
1111664,66.0
1111712,46.0
1111728,36.0
1111728,45.0
1111728,49.0
1111760,44.0
1111792,24.0
1111856,41.0
1111904,34.0
1111984,67.0
1112144,30.0
1112160,25.0
1112160,55.0
1112176,17.0
1112176,38.0
1112272,39.0
1112304,36.0
1112352,39.0
1112352,63.0
1112432,59.0
1112512,41.0
1112544,47.0
1112544,51.0
1112672,60.0
1112720,34.0
1112752,48.0
1112768,38.0
1112800,40.0
1112832,18.0
1112896,29.0
1112896,24.0
1112976,103.0
1112992,40.0
1113024,55.0
1113024,53.0
1113200,41.0
1113312,60.0
1113312,40.0
1113360,68.0
1113392,26.0
1113424,42.0
1113440,40.0
1113456,35.0
1113520,50.0
1113536,44.0
1113840,53.0
1113856,26.0
1113920,29.0
1113968,67.0
1113968,41.0
1113984,49.0
1114016,78.0
1114016,31.0
1114032,108.0
1114080,66.0
1114176,47.0
1114288,79.0
1114336,59.0
1114336,61.0
1114368,28.0
1114368,32.0
1114368,66.0
1114448,38.0
1114496,60.0
1114656,40.0
1114720,43.0
1114768,43.0
1114768,50.0
1114768,47.0
1114784,26.0
1114880,34.0
1114912,39.0
1114960,49.0
1114960,32.0
1114960,29.0
1115024,43.0
1115104,70.0
1115152,24.0
1115200,77.0
1115280,57.0
1115296,36.0
1115408,40.0
1115456,42.0
1115520,31.0
1115536,36.0
1115600,40.0
1115744,54.0
1115744,61.0
1115824,57.0
1115888,46.0
1116000,102.0
1116000,50.0
1116048,48.0
1116048,68.0
1116048,59.0
1116128,92.0
1116176,55.0
1116176,36.0
1116224,44.0
1116304,26.0
1116304,53.0
1116336,37.0
1116432,56.0
1116448,25.0
1116464,40.0
1116592,37.0
1116784,49.0
1116800,66.0
1116864,43.0
1116864,35.0
1116880,47.0
1116928,55.0
1116992,99.0
1117072,46.0
1117104,58.0
1117152,43.0
1117184,47.0
1117264,76.0
1117344,35.0
1117456,54.0
1117504,44.0
1117536,34.0
1117552,83.0
1117600,81.0
1117648,29.0
1117680,33.0
1117680,51.0
1117728,80.0
1117760,43.0
1117840,46.0
1117936,67.0
1117952,28.0
1117968,23.0
1118048,44.0
1118096,23.0
1118240,82.0
1118272,37.0
1118288,46.0
1118288,52.0
1118320,23.0
1118352,26.0
1118448,30.0
1118464,75.0
1118528,53.0
1118544,44.0
1118608,60.0
1118704,27.0
1118800,28.0
1118816,66.0
1118816,80.0
1118928,40.0
1118944,129.0
1119008,25.0
1119024,61.0
1119040,47.0
1119072,23.0
1119072,52.0
1119152,44.0
1119184,45.0
1119232,71.0
1119360,22.0
1119376,27.0
1119392,37.0
1119424,56.0
1119424,55.0
1119568,31.0
1119616,81.0
1119632,37.0
1119744,24.0
1119744,45.0
1119792,40.0
1119840,48.0
1119920,43.0
1119968,21.0
1119968,65.0
1120000,38.0
1120048,54.0
1120112,81.0
1120208,29.0
1120224,50.0
1120352,96.0
1120384,60.0
1120384,51.0
1120432,37.0
1120448,30.0
1120464,53.0
1120560,51.0
1120608,77.0
1120608,51.0
1120704,31.0
1120768,48.0
1120800,43.0
1120816,48.0
1120816,27.0
1120816,37.0
1120848,58.0
1120848,55.0
1120928,20.0
1120976,37.0
1121056,38.0
1121216,41.0
1121232,50.0
1121264,28.0
1121376,57.0
1121376,64.0
1121424,36.0
1121440,37.0
1121488,55.0
1121504,50.0
1121520,45.0
1121536,35.0
1121568,50.0
1121744,33.0
1121808,20.0
1121904,68.0
1121936,44.0
1122096,36.0
1122096,41.0
1122096,45.0
1122112,53.0
1122128,67.0
1122160,84.0
1122240,51.0
1122320,59.0
1122352,89.0
1122368,54.0
1122400,41.0
1122432,33.0
1122560,25.0
1122640,34.0
1122640,67.0
1122688,72.0
1122688,28.0
1122688,36.0
1122704,56.0
1122768,42.0
1122784,41.0
1122800,54.0
1122896,36.0
1122992,35.0
1123120,27.0
1123168,51.0
1123168,38.0
1123168,67.0
1123232,54.0
1123328,43.0
1123376,43.0
1123440,34.0
1123456,66.0
1123472,44.0
1123584,59.0
1123632,32.0
1123648,54.0
1123648,59.0
1123648,53.0
1123744,23.0
1123776,38.0
1123776,49.0
1123872,44.0
1124048,26.0
1124064,86.0
1124080,47.0
1124080,57.0
1124112,55.0
1124160,43.0
1124176,33.0
1124336,37.0
1124384,46.0
1124512,58.0
1124592,27.0
1124640,36.0
1124656,55.0
1124688,65.0
1124752,55.0
1124768,83.0
1124784,63.0
1124784,46.0
1124912,52.0
1124928,51.0
1124944,35.0
1125024,98.0
1125024,24.0
1125088,36.0
1125120,65.0
1125200,28.0
1125232,56.0
1125248,29.0
1125296,70.0
1125344,47.0
1125376,37.0
1125408,45.0
1125520,36.0
1125536,38.0
1125632,38.0
1125632,45.0
1125664,36.0
1125776,36.0
1125776,63.0
1125808,72.0
1125904,42.0
1125968,28.0
1125984,60.0
1126000,37.0
1126016,40.0
1126112,62.0
1126160,51.0
1126208,60.0
1126288,24.0
1126304,40.0
1126352,34.0
1126400,69.0
1126416,55.0
1126560,49.0
1126608,52.0
1126624,62.0
1126624,38.0
1126688,25.0
1126720,38.0
1126784,49.0
1126848,34.0
1126912,35.0
1126928,45.0
1126960,83.0
1127168,48.0
1127200,49.0
1127232,32.0
1127232,78.0
1127296,46.0
1127312,29.0
1127392,77.0
1127424,51.0
1127584,18.0
1127600,61.0
1127696,108.0
1127696,49.0
1127728,69.0
1127744,51.0
1127856,34.0
1127968,46.0
1128000,52.0
1128000,82.0
1128000,76.0
1128016,49.0
1128048,39.0
1128048,41.0
1128224,79.0
1128240,40.0
1128256,35.0
1128288,37.0
1128384,40.0
1128448,54.0
1128480,30.0
1128528,50.0
1128576,36.0
1128576,21.0
1128608,38.0
1128672,44.0
1128752,56.0
1128880,54.0
1128912,41.0
1128928,55.0
1128944,45.0
1128976,58.0
1129008,113.0
1129088,32.0
1129136,47.0
1129152,54.0
1129152,11.0
1129184,41.0
1129248,48.0
1129328,36.0
1129456,55.0
1129488,55.0
1129552,40.0
1129616,42.0
1129616,46.0
1129632,34.0
1129648,61.0
1129664,46.0
1129680,77.0
1129808,41.0
1129840,22.0
1129840,44.0
1129920,48.0
1129968,40.0
1130016,63.0
1130208,47.0
1130224,24.0
1130256,44.0
1130288,38.0
1130304,41.0
1130304,24.0
1130336,42.0
1130352,45.0
1130384,71.0
1130416,25.0
1130432,39.0
1130544,36.0
1130560,86.0
1130640,24.0
1130688,29.0
1130736,27.0
1130768,72.0
1130784,30.0
1130784,73.0
1130784,23.0
1130880,42.0
1130928,37.0
1130944,69.0
1131120,36.0
1131120,35.0
1131152,48.0
1131200,26.0
1131216,28.0
1131248,32.0
1131296,59.0
1131328,65.0
1131392,44.0
1131440,50.0
1131488,44.0
1131568,49.0
1131664,77.0
1131680,47.0
1131728,36.0
1131776,41.0
1131808,54.0
1131824,39.0
1131872,47.0
1131936,43.0
1131984,69.0
1132000,38.0
1132016,45.0
1132016,33.0
1132032,51.0
1132272,44.0
1132272,31.0
1132304,27.0
1132320,55.0
1132368,21.0
1132384,23.0
1132400,45.0
1132416,37.0
1132448,70.0
1132496,52.0
1132544,33.0
1132560,39.0
1132592,49.0
1132704,61.0
1132736,29.0
1132768,23.0
1132848,34.0
1132944,28.0
1132960,61.0
1133008,35.0
1133104,23.0
1133184,54.0
1133248,43.0
1133312,56.0
1133392,64.0
1133392,53.0
1133456,43.0
1133472,39.0
1133488,34.0
1133488,56.0
1133488,49.0
1133552,80.0
1133568,35.0
1133568,38.0
1133600,26.0
1133632,33.0
1133760,32.0
1133824,114.0
1133888,25.0
1133920,33.0
1134032,103.0
1134064,38.0
1134080,37.0
1134112,45.0
1134112,30.0
1134128,35.0
1134272,32.0
1134336,46.0
1134384,52.0
1134416,53.0
1134592,69.0
1134608,31.0
1134640,35.0
1134640,73.0
1134656,24.0
1134672,38.0
1134720,50.0
1134800,93.0
1134800,61.0
1134848,45.0
1134864,47.0
1135040,39.0
1135072,25.0
1135088,31.0
1135200,82.0
1135200,37.0
1135312,58.0
1135344,34.0
1135456,50.0
1135472,90.0
1135520,42.0
1135520,45.0
1135520,28.0
1135536,42.0
1135616,56.0
1135680,65.0
1135712,39.0
1135808,38.0
1135840,20.0
1135904,44.0
1135904,98.0
1135920,28.0
1135920,55.0
1135936,39.0
1135952,21.0
1135984,40.0
1135984,29.0
1136048,15.0
1136064,33.0
1136112,37.0
1136224,48.0
1136304,37.0
1136448,113.0
1136464,49.0
1136512,38.0
1136528,43.0
1136544,40.0
1136640,41.0
1136688,46.0
1136784,54.0
1136800,54.0
1136800,55.0
1136832,23.0
1136896,52.0
1136944,60.0
1137008,60.0
1137056,34.0
1137072,24.0
1137104,29.0
1137232,25.0
1137280,66.0
1137280,73.0
1137344,51.0
1137456,41.0
1137472,58.0
1137472,42.0
1137504,66.0
1137600,44.0
1137616,52.0
1137616,38.0
1137664,85.0
1137712,40.0
1137856,39.0
1137888,34.0
1137984,32.0
1138016,26.0
1138048,69.0
1138096,51.0
1138144,40.0
1138144,42.0
1138176,56.0
1138176,45.0
1138336,45.0
1138432,28.0
1138448,25.0
1138528,40.0
1138528,54.0
1138672,101.0
1138704,53.0
1138752,103.0
1138768,37.0
1138816,42.0
1138832,70.0
1138832,51.0
1138832,41.0
1138928,37.0
1139008,87.0
1139056,38.0
1139232,44.0
1139360,41.0
1139376,59.0
1139424,80.0
1139456,49.0
1139504,43.0
1139536,44.0
1139616,53.0
1139632,50.0
1139648,56.0
1139664,71.0
1139728,50.0
1139824,28.0
1139840,63.0
1140000,34.0
1140016,22.0
1140016,37.0
1140016,49.0
1140032,25.0
1140064,33.0
1140160,50.0
1140240,39.0
1140256,47.0
1140272,34.0
1140368,23.0
1140464,91.0
1140464,40.0
1140560,34.0
1140560,94.0
1140672,40.0
1140720,29.0
1140736,45.0
1140800,169.0
1140800,46.0
1140800,72.0
1140816,41.0
1141040,48.0
1141072,38.0
1141072,52.0
1141120,25.0
1141152,71.0
1141264,29.0
1141296,30.0
1141328,60.0
1141344,49.0
1141360,35.0
1141392,22.0
1141408,38.0
1141504,52.0
1141664,114.0
1141680,70.0
1141712,22.0
1141744,42.0
1141744,30.0
1141872,34.0
1141872,88.0
1141904,38.0
1141920,36.0
1141936,75.0
1141952,52.0
1142096,64.0
1142192,32.0
1142192,49.0
1142224,32.0
1142240,18.0
1142240,53.0
1142288,34.0
1142288,23.0
1142288,71.0
1142288,49.0
1142368,39.0
1142512,38.0
1142544,22.0
1142640,61.0
1142640,26.0
1142640,34.0
1142672,50.0
1142736,28.0
1142816,28.0
1142864,42.0
1142864,58.0
1143008,45.0
1143008,71.0
1143072,52.0
1143120,36.0
1143168,55.0
1143184,34.0
1143232,37.0
1143248,32.0
1143296,27.0
1143360,22.0
1143360,70.0
1143376,46.0
1143520,53.0
1143520,28.0
1143552,65.0
1143600,22.0
1143712,53.0
1143728,90.0
1143728,23.0
1143776,38.0
1143808,39.0
1143856,35.0
1143920,43.0
1143936,35.0
1143936,36.0
1144016,63.0
1144032,76.0
1144096,61.0
1144112,35.0
1144192,42.0
1144304,36.0
1144336,39.0
1144368,40.0
1144512,36.0
1144528,63.0
1144576,61.0
1144672,56.0
1144688,55.0
1144704,42.0
1144704,48.0
1144704,53.0
1144960,54.0
1145024,52.0
1145024,43.0
1145072,44.0
1145232,35.0
1145248,83.0
1145264,60.0
1145344,52.0
1145408,44.0
1145440,54.0
1145456,48.0
1145488,86.0
1145552,37.0
1145680,38.0
1145696,62.0
1145744,76.0
1145792,33.0
1145792,68.0
1145888,54.0
1146032,43.0
1146048,40.0
1146160,30.0
1146192,44.0
1146192,136.0
1146256,51.0
1146256,64.0
1146272,24.0
1146320,81.0
1146320,36.0
1146400,38.0
1146416,23.0
1146416,73.0
1146464,57.0
1146608,51.0
1146656,25.0
1146672,76.0
1146784,33.0
1146800,48.0
1146800,69.0
1146816,26.0
1146928,46.0
1146976,23.0
1146976,51.0
1146976,49.0
1147072,47.0
1147088,42.0
1147120,50.0
1147216,25.0
1147232,48.0
1147376,36.0
1147408,39.0
1147440,40.0
1147488,76.0
1147552,36.0
1147568,37.0
1147600,39.0
1147696,48.0
1147728,40.0
1147728,66.0
1147744,42.0
1147856,75.0
1147904,22.0
1148096,54.0
1148192,51.0
1148192,67.0
1148224,46.0
1148224,63.0
1148256,33.0
1148288,24.0
1148352,121.0
1148368,42.0
1148384,40.0
1148432,64.0
1148480,57.0
1148656,50.0
1148672,59.0
1148800,27.0
1148864,36.0
1148912,43.0
1148944,47.0
1148960,54.0
1148960,46.0
1148992,97.0
1149008,47.0
1149008,88.0
1149040,38.0
1149072,55.0
1149376,45.0
1149440,40.0
1149440,48.0
1149440,27.0
1149488,39.0
1149568,36.0
1149600,76.0
1149648,46.0
1149664,37.0
1149760,88.0
1149760,50.0
1149776,21.0
1149856,56.0
1149872,54.0
1149936,56.0
1149968,64.0
1149984,94.0
1150112,46.0
1150176,46.0
1150368,55.0
1150400,40.0
1150400,47.0
1150432,31.0
1150432,62.0
1150464,50.0
1150480,55.0
1150544,43.0
1150560,50.0
1150640,54.0
1150736,35.0
1150784,22.0
1150848,54.0
1150880,63.0
1150960,26.0
1150976,88.0
1150976,34.0
1151056,41.0
1151056,59.0
1151104,29.0
1151152,37.0
1151184,25.0
1151232,16.0
1151328,58.0
1151376,63.0
1151440,44.0
1151488,38.0
1151664,74.0
1151680,76.0
1151712,38.0
1151744,56.0
1151840,38.0
1151856,44.0
1151920,54.0
1151968,62.0
1152160,137.0
1152208,52.0
1152240,80.0
1152304,35.0
1152304,78.0
1152336,39.0
1152384,56.0
1152448,37.0
1152480,35.0
1152528,43.0
1152560,70.0
1152624,90.0
1152624,24.0
1152656,62.0
1152672,29.0
1152768,27.0
1152816,53.0
1152832,42.0
1153088,26.0
1153152,53.0
1153200,42.0
1153216,37.0
1153232,58.0
1153248,120.0
1153248,98.0
1153328,59.0
1153376,51.0
1153408,60.0
1153408,49.0
1153440,60.0
1153472,41.0
1153488,25.0
1153600,28.0
1153696,58.0
1153744,32.0
1153776,35.0
1153776,36.0
1153872,29.0
1154112,40.0
1154128,40.0
1154176,53.0
1154208,52.0
1154208,27.0
1154224,61.0
1154352,59.0
1154368,48.0
1154448,75.0
1154464,64.0
1154480,114.0
1154496,47.0
1154576,44.0
1154624,28.0
1154704,63.0
1154704,117.0
1154752,40.0
1154752,61.0
1154992,49.0
1155024,56.0
1155024,36.0
1155040,51.0
1155040,26.0
1155120,40.0
1155152,28.0
1155264,56.0
1155312,69.0
1155328,61.0
1155376,42.0
1155408,24.0
1155408,52.0
1155408,57.0
1155488,28.0
1155504,47.0
1155616,36.0
1155616,72.0
1155728,20.0
1155744,62.0
1155808,41.0
1155824,52.0
1155888,54.0
1155904,49.0
1156032,26.0
1156080,51.0
1156080,48.0
1156096,30.0
1156192,51.0
1156208,50.0
1156256,53.0
1156288,24.0
1156384,36.0
1156400,36.0
1156432,69.0
1156528,50.0
1156576,43.0
1156592,24.0
1156800,66.0
1156944,41.0
1156976,55.0
1156992,35.0
1157008,51.0
1157040,28.0
1157056,98.0
1157152,67.0
1157216,51.0
1157280,111.0
1157328,81.0
1157536,72.0
1157552,21.0
1157568,65.0
1157568,37.0
1157568,82.0
1157648,31.0
1157648,37.0
1157680,40.0
1157840,53.0
1157904,83.0
1157936,41.0
1157984,74.0
1158080,71.0
1158080,32.0
1158128,128.0
1158160,30.0
1158208,35.0
1158240,42.0
1158288,60.0
1158320,82.0
1158400,53.0
1158432,28.0
1158528,55.0
1158528,39.0
1158576,63.0
1158624,29.0
1158736,56.0
1158800,45.0
1158800,42.0
1158816,55.0
1158896,38.0
1158944,46.0
1159072,42.0
1159072,52.0
1159136,100.0
1159168,40.0
1159200,70.0
1159200,24.0
1159296,54.0
1159312,36.0
1159392,67.0
1159440,54.0
1159472,36.0
1159536,46.0
1159552,64.0
1159632,43.0
1159712,68.0
1159728,41.0
1159728,33.0
1159840,34.0
1159888,51.0
1159888,68.0
1159920,38.0
1159920,30.0
1159984,53.0
1160064,42.0
1160096,56.0
1160304,36.0
1160304,42.0
1160368,40.0
1160368,56.0
1160400,53.0
1160400,54.0
1160464,36.0
1160480,37.0
1160672,47.0
1160688,48.0
1160720,41.0
1160736,47.0
1160736,27.0
1160736,64.0
1160752,41.0
1160800,102.0
1160816,28.0
1161040,40.0
1161072,77.0
1161088,38.0
1161120,47.0
1161280,38.0
1161280,34.0
1161296,31.0
1161312,39.0
1161408,43.0
1161424,43.0
1161552,72.0
1161616,55.0
1161696,59.0
1161696,38.0
1161792,45.0
1161872,29.0
1161920,40.0
1161936,32.0
1162000,60.0
1162048,48.0
1162080,79.0
1162080,111.0
1162096,50.0
1162112,26.0
1162144,64.0
1162224,33.0
1162320,63.0
1162352,118.0
1162496,26.0
1162512,56.0
1162592,50.0
1162624,36.0
1162624,44.0
1162672,42.0
1162688,37.0
1162816,44.0
1162864,82.0
1162976,22.0
1162992,53.0
1163152,33.0
1163200,44.0
1163232,55.0
1163264,74.0
1163264,37.0
1163280,60.0
1163296,85.0
1163296,67.0
1163376,43.0
1163376,54.0
1163408,96.0
1163440,36.0
1163456,54.0
1163792,40.0
1163824,53.0
1163840,34.0
1163856,26.0
1163888,39.0
1163904,68.0
1163952,41.0
1164000,63.0
1164032,39.0
1164096,54.0
1164176,50.0
1164400,25.0
1164400,64.0
1164416,39.0
1164480,80.0
1164496,76.0
1164512,26.0
1164528,39.0
1164560,81.0
1164624,73.0
1164640,50.0
1164848,23.0
1164864,29.0
1164960,34.0
1164976,64.0
1165008,70.0
1165040,76.0
1165152,39.0
1165184,83.0
1165248,46.0
1165264,54.0
1165360,24.0
1165424,58.0
1165456,52.0
1165472,81.0
1165520,60.0
1165584,45.0
1165728,48.0
1165744,30.0
1165744,56.0
1165776,48.0
1165776,46.0
1165904,117.0
1166000,30.0
1166048,43.0
1166096,39.0
1166112,58.0
1166240,21.0
1166240,32.0
1166304,104.0
1166336,37.0
1166432,53.0
1166480,77.0
1166480,83.0
1166496,45.0
1166528,27.0
1166592,73.0
1166624,55.0
1166688,36.0
1166720,59.0
1166832,86.0
1166912,38.0
1166928,58.0
1166960,45.0
1167056,36.0
1167072,46.0
1167136,44.0
1167168,43.0
1167200,60.0
1167408,45.0
1167424,37.0
1167552,39.0
1167632,57.0
1167648,72.0
1167648,46.0
1167680,39.0
1167680,38.0
1167824,25.0
1167856,41.0
1167872,80.0
1167904,46.0
1168064,27.0
1168064,126.0
1168064,58.0
1168176,48.0
1168192,104.0
1168208,35.0
1168208,78.0
1168240,35.0
1168288,27.0
1168368,109.0
1168448,24.0
1168480,26.0
1168496,53.0
1168608,27.0
1168640,68.0
1168640,60.0
1168672,38.0
1168752,34.0
1168800,61.0
1168848,40.0
1168896,41.0
1168992,44.0
1169024,52.0
1169120,39.0
1169136,48.0
1169168,33.0
1169200,25.0
1169248,31.0
1169360,57.0
1169408,35.0
1169488,51.0
1169488,63.0
1169520,55.0
1169520,103.0
1169584,26.0
1169632,38.0
1169664,110.0
1169760,72.0
1169760,32.0
1169792,50.0
1169792,27.0
1169856,60.0
1169952,34.0
1169984,53.0
1169984,49.0
1170064,30.0
1170208,45.0
1170256,31.0
1170272,47.0
1170336,53.0
1170336,76.0
1170416,27.0
1170448,51.0
1170496,40.0
1170496,52.0
1170528,63.0
1170640,53.0
1170656,42.0
1170784,45.0
1170848,68.0
1170944,46.0
1170960,73.0
1171040,44.0
1171088,37.0
1171184,58.0
1171216,79.0
1171216,36.0
1171232,51.0
1171376,55.0
1171376,65.0
1171472,39.0
1171488,33.0
1171504,61.0
1171600,72.0
1171616,36.0
1171616,24.0
1171616,33.0
1171744,60.0
1171872,41.0
1171920,34.0
1171936,62.0
1171936,28.0
1171952,36.0
1172016,52.0
1172032,110.0
1172048,36.0
1172096,30.0
1172128,39.0
1172272,66.0
1172288,43.0
1172336,45.0
1172368,26.0
1172384,21.0
1172400,109.0
1172448,32.0
1172592,41.0
1172656,23.0
1172720,37.0
1172736,40.0
1172752,22.0
1172784,57.0
1172800,33.0
1172864,59.0
1172912,73.0
1172928,82.0
1172976,60.0
1173056,38.0
1173136,26.0
1173200,54.0
1173376,62.0
1173392,64.0
1173424,48.0
1173504,40.0
1173568,41.0
1173568,52.0
1173600,53.0
1173648,45.0
1173696,56.0
1173744,43.0
1173872,23.0
1173904,70.0
1173936,60.0
1173984,122.0
1174048,53.0
1174048,41.0
1174048,57.0
1174080,27.0
1174096,25.0
1174096,45.0
1174256,52.0
1174288,43.0
1174352,38.0
1174352,49.0
1174368,31.0
1174480,118.0
1174496,26.0
1174512,59.0
1174560,32.0
1174624,45.0
1174640,24.0
1174656,38.0
1174736,43.0
1174784,18.0
1174864,58.0
1174864,48.0
1174864,48.0
1174880,33.0
1174896,57.0
1174960,38.0
1174992,32.0
1175024,46.0
1175024,41.0
1175104,34.0
1175264,39.0
1175344,30.0
1175344,52.0
1175376,40.0
1175408,34.0
1175424,40.0
1175504,30.0
1175696,44.0
1175696,37.0
1175760,22.0
1175808,34.0
1175824,73.0
1175840,61.0
1175856,56.0
1175872,53.0
1175936,65.0
1175968,39.0
1176032,38.0
1176048,42.0
1176080,24.0
1176080,46.0
1176208,44.0
1176256,28.0
1176256,24.0
1176288,104.0
1176368,25.0
1176448,98.0
1176560,50.0
1176576,55.0
1176640,51.0
1176656,39.0
1176736,41.0
1176784,26.0
1176832,36.0
1176832,62.0
1176848,37.0
1176912,61.0
1176912,29.0
1177056,75.0
1177072,27.0
1177104,66.0
1177184,28.0
1177216,63.0
1177232,25.0
1177344,35.0
1177408,83.0
1177472,35.0
1177472,51.0
1177552,79.0
1177600,26.0
1177696,54.0
1177712,31.0
1177744,74.0
1177776,58.0
1177840,58.0
1177872,81.0
1177872,50.0
1177936,37.0
1177984,58.0
1178080,53.0
1178128,64.0
1178192,37.0
1178208,46.0
1178208,21.0
1178288,46.0
1178304,29.0
1178400,43.0
1178416,59.0
1178480,67.0
1178512,51.0
1178528,47.0
1178560,30.0
1178576,40.0
1178704,60.0
1178800,25.0
1178832,39.0
1178864,42.0
1178864,55.0
1178928,40.0
1178928,32.0
1179024,72.0
1179056,33.0
1179120,57.0
1179152,64.0
1179184,55.0
1179184,20.0
1179200,39.0
1179200,23.0
1179216,22.0
1179264,49.0
1179344,40.0
1179472,26.0
1179488,43.0
1179536,20.0
1179616,66.0
1179712,43.0
1179744,51.0
1179760,38.0
1179856,23.0
1179872,42.0
1179968,44.0
1179984,49.0
1180064,55.0
1180064,59.0
1180160,103.0
1180208,80.0
1180208,42.0
1180224,47.0
1180256,57.0
1180400,34.0
1180400,40.0
1180416,22.0
1180544,52.0
1180576,52.0
1180608,28.0
1180608,46.0
1180736,33.0
1180768,49.0
1180800,101.0
1180832,76.0
1180928,44.0
1180960,35.0
1181024,39.0
1181040,52.0
1181040,27.0
1181056,50.0
1181072,41.0
1181184,26.0
1181216,42.0
1181232,39.0
1181328,23.0
1181408,38.0
1181440,86.0
1181456,93.0
1181456,55.0
1181584,41.0
1181760,64.0
1181776,47.0
1181808,37.0
1181856,33.0
1181888,51.0
1181904,54.0
1181904,67.0
1181920,43.0
1182064,64.0
1182096,40.0
1182128,67.0
1182224,51.0
1182320,55.0
1182352,34.0
1182384,33.0
1182480,24.0
1182512,66.0
1182576,41.0
1182672,22.0
1182688,49.0
1182688,58.0
1182848,49.0
1182880,41.0
1182896,107.0
1182896,34.0
1183008,55.0
1183040,79.0
1183072,37.0
1183120,27.0
1183216,40.0
1183296,38.0
1183360,43.0
1183376,23.0
1183504,70.0
1183520,101.0
1183568,124.0
1183680,52.0
1183744,53.0
1183776,35.0
1183776,118.0
1183824,82.0
1183824,28.0
1183904,52.0
1183952,41.0
1183968,68.0
1184048,72.0
1184080,45.0
1184160,21.0
1184176,66.0
1184256,46.0
1184320,80.0
1184320,26.0
1184352,24.0
1184352,36.0
1184400,28.0
1184496,47.0
1184640,60.0
1184704,75.0
1184800,64.0
1184816,62.0
1184880,45.0
1184912,37.0
1184976,45.0
1185040,60.0
1185040,25.0
1185088,95.0
1185120,48.0
1185136,60.0
1185168,53.0
1185184,43.0
1185232,33.0
1185232,27.0
1185376,64.0
1185520,44.0
1185568,28.0
1185680,48.0
1185744,48.0
1185760,33.0
1185856,48.0
1185888,32.0
1185888,23.0
1185936,56.0
1186048,51.0
1186096,58.0
1186128,24.0
1186208,28.0
1186224,84.0
1186240,66.0
1186272,139.0
1186352,82.0
1186448,55.0
1186480,34.0
1186512,41.0
1186544,31.0
1186560,42.0
1186704,51.0
1186832,37.0
1186880,21.0
1186896,42.0
1186912,49.0
1186992,45.0
1187024,29.0
1187040,37.0
1187040,85.0
1187104,39.0
1187152,172.0
1187232,64.0
1187264,57.0
1187280,74.0
1187376,22.0
1187408,56.0
1187408,44.0
1187472,40.0
1187504,14.0
1187552,151.0
1187552,35.0
1187600,31.0
1187808,58.0
1187824,49.0
1187856,44.0
1187872,60.0
1187920,23.0
1187968,44.0
1187984,36.0
1188192,51.0
1188192,43.0
1188304,88.0
1188336,23.0
1188368,24.0
1188448,61.0
1188496,91.0
1188512,40.0
1188528,81.0
1188672,70.0
1188816,23.0
1188816,39.0
1188848,58.0
1188928,95.0
1188928,37.0
1188976,73.0
1189008,44.0
1189008,74.0
1189104,57.0
1189104,46.0
1189136,80.0
1189200,44.0
1189312,21.0
1189440,48.0
1189472,34.0
1189472,39.0
1189504,62.0
1189536,38.0
1189552,64.0
1189552,46.0
1189584,24.0
1189632,51.0
1189648,34.0
1189728,45.0
1189744,40.0
1189904,48.0
1189936,29.0
1189968,60.0
1190048,153.0
1190112,38.0
1190192,55.0
1190208,46.0
1190240,43.0
1190288,22.0
1190352,57.0
1190400,54.0
1190400,41.0
1190432,53.0
1190480,52.0
1190592,24.0
1190624,36.0
1190752,75.0
1190800,28.0
1190800,38.0
1190832,75.0
1190880,61.0
1190912,42.0
1190912,74.0
1190928,60.0
1191008,26.0
1191104,44.0
1191152,42.0
1191216,26.0
1191264,54.0
1191392,29.0
1191424,34.0
1191424,39.0
1191504,42.0
1191536,57.0
1191568,51.0
1191584,30.0
1191664,86.0
1191696,49.0
1191696,30.0
1191728,29.0
1191744,52.0
1191776,84.0
1191792,49.0
1191824,25.0
1191856,44.0
1191952,24.0
1192032,31.0
1192240,41.0
1192256,47.0
1192272,53.0
1192272,135.0
1192288,56.0
1192368,26.0
1192400,46.0
1192432,43.0
1192432,46.0
1192464,38.0
1192592,48.0
1192608,36.0
1192640,57.0
1192688,28.0
1192720,58.0
1192816,26.0
1192960,37.0
1192976,44.0
1192992,76.0
1193040,84.0
1193088,31.0
1193152,55.0
1193216,38.0
1193328,56.0
1193344,39.0
1193360,67.0
1193408,26.0
1193424,38.0
1193488,53.0
1193520,79.0
1193568,37.0
1193696,34.0
1193728,43.0
1193744,26.0
1193744,49.0
1193760,67.0
1193888,25.0
1193904,92.0
1193936,33.0
1193936,53.0
1194064,31.0
1194112,43.0
1194144,39.0
1194192,28.0
1194208,54.0
1194320,37.0
1194368,39.0
1194400,121.0
1194496,27.0
1194496,71.0
1194496,24.0
1194512,39.0
1194672,57.0
1194704,48.0
1194736,52.0
1194848,102.0
1194880,24.0
1194928,27.0
1194976,52.0
1195008,51.0
1195056,35.0
1195056,41.0
1195072,44.0
1195168,60.0
1195168,53.0
1195200,79.0
1195216,44.0
1195264,35.0
1195328,37.0
1195392,45.0
1195424,36.0
1195440,24.0
1195504,21.0
1195520,37.0
1195568,43.0
1195584,118.0
1195680,44.0
1195680,30.0
1195712,40.0
1195712,34.0
1195728,45.0
1195856,50.0
1196064,50.0
1196064,46.0
1196064,34.0
1196080,43.0
1196128,44.0
1196144,40.0
1196240,50.0
1196256,43.0
1196352,42.0
1196400,43.0
1196432,76.0
1196560,31.0
1196576,62.0
1196608,58.0
1196640,58.0
1196704,36.0
1196736,41.0
1196784,24.0
1196832,37.0
1196864,50.0
1196880,20.0
1196928,75.0
1196992,26.0
1197024,37.0
1197056,50.0
1197072,63.0
1197136,62.0
1197312,91.0
1197312,42.0
1197376,64.0
1197408,39.0
1197440,52.0
1197472,46.0
1197504,39.0
1197520,29.0
1197552,53.0
1197568,40.0
1197616,39.0
1197808,21.0
1197824,62.0
1197824,60.0
1197856,26.0
1197968,52.0
1198016,29.0
1198064,28.0
1198128,47.0
1198176,69.0
1198192,55.0
1198192,55.0
1198208,44.0
1198240,42.0
1198352,52.0
1198384,61.0
1198480,41.0
1198496,92.0
1198576,21.0
1198688,31.0
1198800,62.0
1198816,50.0
1198816,62.0
1198816,43.0
1198816,60.0
1198832,40.0
1198880,25.0
1198896,58.0
1198944,48.0
1199008,41.0
1199024,60.0
1199168,49.0
1199216,45.0
1199312,23.0
1199392,36.0
1199408,45.0
1199456,40.0
1199488,42.0
1199504,44.0
1199536,83.0
1199584,48.0
1199632,66.0
1199728,53.0
1199760,46.0
1199760,28.0
1199760,58.0
1199792,49.0
1199824,58.0
1199840,22.0
1199920,24.0
1199984,22.0
1200032,54.0
1200096,40.0
1200112,56.0
1200112,45.0
1200128,34.0
1200160,15.0
1200240,26.0
1200304,34.0
1200352,59.0
1200384,37.0
1200384,55.0
1200448,43.0
1200512,25.0
1200528,34.0
1200528,50.0
1200608,53.0
1200704,36.0
1200800,44.0
1200896,23.0
1200928,68.0
1200976,39.0
1200976,33.0
1201040,21.0
1201056,51.0
1201056,47.0
1201120,63.0
1201168,71.0
1201248,46.0
1201280,70.0
1201424,65.0
1201504,56.0
1201520,25.0
1201552,32.0
1201584,41.0
1201584,43.0
1201760,77.0
1201792,88.0
1201872,67.0
1201888,45.0
1201904,24.0
1201936,60.0
1202000,45.0
1202112,33.0
1202144,40.0
1202144,68.0
1202192,48.0
1202240,62.0
1202352,48.0
1202448,92.0
1202464,37.0
1202480,36.0
1202512,47.0
1202528,61.0
1202544,34.0
1202560,42.0
1202720,38.0
1202816,36.0
1202896,44.0
1202960,73.0
1202960,38.0
1203008,122.0
1203024,29.0
1203040,37.0
1203152,42.0
1203168,39.0
1203216,67.0
1203248,82.0
1203264,46.0
1203344,33.0
1203376,77.0
1203408,56.0
1203408,23.0
1203504,49.0
1203536,40.0
1203536,67.0
1203536,36.0
1203648,19.0
1203680,45.0
1203680,41.0
1203696,27.0
1203744,36.0
1204016,40.0
1204064,41.0
1204096,68.0
1204128,24.0
1204176,40.0
1204224,45.0
1204224,34.0
1204304,39.0
1204336,43.0
1204336,58.0
1204368,52.0
1204496,80.0
1204544,28.0
1204544,63.0
1204576,89.0
1204576,55.0
1204640,39.0
1204720,41.0
1204720,92.0
1204768,25.0
1204816,30.0
1204912,23.0
1204960,52.0
1205008,52.0
1205024,50.0
1205056,32.0
1205072,31.0
1205120,34.0
1205152,21.0
1205264,65.0
1205264,39.0
1205328,64.0
1205360,54.0
1205392,66.0
1205392,39.0
1205504,31.0
1205504,49.0
1205568,53.0
1205584,42.0
1205664,21.0
1205696,42.0
1205696,46.0
1205712,35.0
1205824,35.0
1205888,48.0
1205904,34.0
1205936,54.0
1205968,36.0
1206064,31.0
1206080,23.0
1206112,53.0
1206144,40.0
1206176,37.0
1206208,51.0
1206240,46.0
1206352,41.0
1206368,42.0
1206384,35.0
1206464,50.0
1206480,37.0
1206512,38.0
1206624,32.0
1206704,39.0
1206720,36.0
1206720,47.0
1206768,33.0
1206832,48.0
1206912,44.0
1206912,116.0
1206928,47.0
1206992,39.0
1207072,37.0
1207104,47.0
1207152,40.0
1207168,44.0
1207248,54.0
1207312,30.0
1207424,45.0
1207536,38.0
1207680,27.0
1207680,57.0
1207696,49.0
1207712,40.0
1207712,62.0
1207728,63.0
1207744,40.0
1207744,47.0
1207808,41.0
1207904,123.0
1207920,81.0
1207952,40.0
1208048,71.0
1208064,56.0
1208096,42.0
1208208,29.0
1208208,33.0
1208240,44.0
1208272,35.0
1208384,30.0
1208416,29.0
1208544,31.0
1208560,47.0
1208688,60.0
1208688,59.0
1208704,40.0
1208752,65.0
1208800,37.0
1208816,71.0
1208816,38.0
1208880,40.0
1208880,31.0
1208880,74.0
1209104,63.0
1209168,18.0
1209184,79.0
1209248,61.0
1209248,44.0
1209296,31.0
1209408,53.0
1209440,46.0
1209536,53.0
1209568,47.0
1209568,43.0
1209632,76.0
1209648,34.0
1209680,62.0
1209728,57.0
1209808,66.0
1209840,41.0
1209888,28.0
1209888,63.0
1209888,40.0
1209936,48.0
1210096,50.0
1210192,35.0
1210208,40.0
1210256,36.0
1210352,29.0
1210368,40.0
1210448,55.0
1210464,23.0
1210576,48.0
1210624,46.0
1210624,49.0
1210640,44.0
1210752,34.0
1210784,78.0
1210848,90.0
1210960,24.0
1210976,33.0
1211024,48.0
1211024,111.0
1211040,42.0
1211072,28.0
1211088,39.0
1211088,75.0
1211120,48.0
1211120,30.0
1211312,104.0
1211312,70.0
1211344,35.0
1211440,22.0
1211504,41.0
1211520,56.0
1211568,37.0
1211584,31.0
1211632,42.0
1211712,25.0
1211776,47.0
1211792,65.0
1211824,44.0
1211824,49.0
1212032,15.0
1212144,36.0
1212192,43.0
1212208,36.0
1212320,75.0
1212384,38.0
1212400,83.0
1212432,38.0
1212448,54.0
1212464,40.0
1212544,77.0
1212560,33.0
1212576,66.0
1212592,98.0
1212608,56.0
1212672,33.0
1212720,32.0
1212784,24.0
1212800,38.0
1212848,94.0
1212944,23.0
1212960,36.0
1212976,33.0
1213088,26.0
1213200,110.0
1213216,41.0
1213216,49.0
1213280,60.0
1213408,38.0
1213472,54.0
1213520,61.0
1213536,67.0
1213536,51.0
1213600,25.0
1213600,51.0
1213760,73.0
1213792,51.0
1213840,62.0
1213840,39.0
1213952,42.0
1214064,61.0
1214080,34.0
1214096,21.0
1214112,36.0
1214160,40.0
1214176,76.0
1214256,41.0
1214288,55.0
1214320,23.0
1214352,88.0
1214416,21.0
1214464,62.0
1214672,91.0
1214704,38.0
1214800,60.0
1214816,61.0
1214816,33.0
1214864,67.0
1214928,38.0
1214928,83.0
1214928,51.0
1214960,44.0
1215056,44.0
1215088,26.0
1215168,63.0
1215408,59.0
1215408,28.0
1215488,82.0
1215504,50.0
1215520,29.0
1215584,73.0
1215616,50.0
1215648,45.0
1215648,45.0
1215728,57.0
1215824,41.0
1215840,47.0
1215856,66.0
1215888,60.0
1215936,20.0
1216000,31.0
1216080,76.0
1216176,41.0
1216224,46.0
1216272,54.0
1216400,146.0
1216400,25.0
1216496,40.0
1216624,65.0
1216640,51.0
1216640,62.0
1216640,47.0
1216688,80.0
1216848,75.0
1216864,64.0
1216944,28.0
1216976,65.0
1217008,52.0
1217056,26.0
1217088,43.0
1217088,63.0
1217184,21.0
1217216,36.0
1217232,52.0
1217264,39.0
1217408,49.0
1217472,26.0
1217472,78.0
1217520,41.0
1217600,24.0
1217648,35.0
1217680,28.0
1217712,64.0
1217776,32.0
1217792,95.0
1217888,57.0
1217920,46.0
1217968,64.0
1217968,35.0
1218016,58.0
1218080,147.0
1218144,39.0
1218224,76.0
1218416,40.0
1218416,44.0
1218432,26.0
1218432,40.0
1218528,66.0
1218528,53.0
1218544,56.0
1218560,37.0
1218576,38.0
1218624,46.0
1218640,35.0
1218688,29.0
1218784,54.0
1218848,86.0
1218864,28.0
1219008,36.0
1219008,54.0
1219088,15.0
1219088,32.0
1219120,27.0
1219168,40.0
1219200,40.0
1219200,49.0
1219232,43.0
1219376,53.0
1219376,46.0
1219440,115.0
1219488,25.0
1219536,23.0
1219584,72.0
1219600,25.0
1219664,41.0
1219696,52.0
1219760,47.0
1219872,40.0
1219952,36.0
1219952,29.0
1219968,84.0
1219968,53.0
1220064,61.0
1220080,81.0
1220208,16.0
1220208,42.0
1220240,41.0
1220240,40.0
1220368,58.0
1220416,76.0
1220432,14.0
1220528,41.0
1220544,36.0
1220592,24.0
1220640,55.0
1220704,46.0
1220720,22.0
1220784,34.0
1220800,69.0
1220832,48.0
1220848,74.0
1220864,93.0
1220880,50.0
1220896,59.0
1221104,35.0
1221152,57.0
1221152,46.0
1221168,40.0
1221232,50.0
1221248,34.0
1221312,42.0
1221312,37.0
1221440,35.0
1221456,41.0
1221472,55.0
1221632,53.0
1221648,31.0
1221664,26.0
1221760,28.0
1221792,58.0
1221888,46.0
1221936,30.0
1221936,65.0
1221936,44.0
1221952,53.0
1221952,49.0
1222048,76.0
1222160,32.0
1222176,54.0
1222192,45.0
1222192,84.0
1222240,38.0
1222352,57.0
1222432,24.0
1222432,40.0
1222480,33.0
1222560,39.0
1222624,42.0
1222704,51.0
1222752,36.0
1222768,36.0
1222784,53.0
1222880,43.0
1222928,73.0
1222944,49.0
1223056,51.0
1223072,37.0
1223120,48.0
1223184,47.0
1223312,86.0
1223312,55.0
1223312,103.0
1223328,48.0
1223376,37.0
1223472,34.0
1223504,35.0
1223568,12.0
1223648,36.0
1223648,56.0
1223680,61.0
1223744,26.0
1223808,58.0
1223840,67.0
1223920,38.0
1223952,48.0
1224016,34.0
1224096,37.0
1224192,55.0
1224320,106.0
1224336,64.0
1224336,33.0
1224384,44.0
1224416,42.0
1224448,31.0
1224512,54.0
1224608,60.0
1224624,94.0
1224672,69.0
1224720,55.0
1224768,28.0
1224816,13.0
1224848,47.0
1224880,34.0
1225056,54.0
1225088,40.0
1225104,74.0
1225184,35.0
1225216,52.0
1225216,135.0
1225280,54.0
1225296,28.0
1225408,87.0
1225424,47.0
1225440,69.0
1225536,20.0
1225552,65.0
1225648,14.0
1225664,56.0
1225664,59.0
1225712,39.0
1225728,28.0
1225744,43.0
1225824,59.0
1225872,43.0
1225952,71.0
1226032,23.0
1226064,33.0
1226096,62.0
1226096,41.0
1226112,25.0
1226128,36.0
1226144,58.0
1226240,26.0
1226304,35.0
1226320,57.0
1226336,38.0
1226336,65.0
1226336,42.0
1226480,28.0
1226496,53.0
1226576,21.0
1226688,35.0
1226704,38.0
1226704,37.0
1226736,37.0
1226752,26.0
1226848,34.0
1226880,49.0
1226944,55.0
1226960,40.0
1226976,69.0
1226992,41.0
1227040,68.0
1227056,23.0
1227168,52.0
1227216,40.0
1227264,49.0
1227312,27.0
1227392,43.0
1227424,58.0
1227440,44.0
1227488,31.0
1227488,34.0
1227584,26.0
1227600,53.0
1227648,42.0
1227696,40.0
1227760,50.0
1227808,31.0
1227840,36.0
1227856,72.0
1227904,43.0
1228048,41.0
1228064,64.0
1228112,39.0
1228144,28.0
1228160,42.0
1228304,54.0
1228336,47.0
1228368,59.0
1228400,97.0
1228448,40.0
1228528,39.0
1228576,51.0
1228624,35.0
1228624,61.0
1228704,21.0
1228720,24.0
1228880,65.0
1228896,47.0
1228912,47.0
1229008,72.0
1229104,66.0
1229120,63.0
1229152,39.0
1229248,53.0
1229264,35.0
1229280,105.0
1229296,42.0
1229312,54.0
1229328,27.0
1229408,43.0
1229440,51.0
1229504,11.0
1229552,27.0
1229568,35.0
1229792,93.0
1229808,41.0
1229824,57.0
1229824,45.0
1229936,43.0
1229968,33.0
1230016,46.0
1230016,38.0
1230016,71.0
1230048,46.0
1230256,15.0
1230304,46.0
1230352,50.0
1230368,112.0
1230368,69.0
1230368,34.0
1230400,69.0
1230512,29.0
1230528,32.0
1230560,66.0
1230560,46.0
1230560,39.0
1230576,48.0
1230720,22.0
1230800,49.0
1231056,43.0
1231168,86.0
1231200,43.0
1231264,56.0
1231264,44.0
1231280,64.0
1231296,56.0
1231296,46.0
1231328,50.0
1231344,86.0
1231376,41.0
1231456,41.0
1231472,70.0
1231472,73.0
1231552,62.0
1231648,67.0
1231760,24.0
1231792,46.0
1231872,36.0
1231872,42.0
1231888,26.0
1231968,42.0
1232016,43.0
1232032,24.0
1232032,35.0
1232128,49.0
1232192,46.0
1232336,23.0
1232352,67.0
1232368,38.0
1232448,41.0
1232464,37.0
1232480,37.0
1232512,40.0
1232560,33.0
1232608,66.0
1232640,38.0
1232800,102.0
1232816,50.0
1232832,24.0
1232864,100.0
1232944,37.0
1233008,34.0
1233008,55.0
1233008,28.0
1233024,34.0
1233040,111.0
1233136,50.0
1233216,25.0
1233376,46.0
1233392,37.0
1233424,30.0
1233488,17.0
1233504,82.0
1233504,56.0
1233568,33.0
1233584,35.0
1233632,48.0
1233632,50.0
1233648,80.0
1233712,44.0
1233760,47.0
1233776,79.0
1233872,46.0
1234016,32.0
1234080,41.0
1234096,29.0
1234128,47.0
1234176,38.0
1234208,75.0
1234256,47.0
1234336,39.0
1234352,30.0
1234352,60.0
1234416,52.0
1234448,50.0
1234560,67.0
1234592,24.0
1234640,35.0
1234672,56.0
1234688,21.0
1234704,36.0
1234752,46.0
1234784,38.0
1234832,46.0
1234848,76.0
1234848,32.0
1234944,43.0
1235008,26.0
1235008,41.0
1235024,29.0
1235040,39.0
1235088,26.0
1235232,33.0
1235280,37.0
1235328,55.0
1235424,37.0
1235424,36.0
1235504,109.0
1235536,33.0
1235584,52.0
1235600,41.0
1235680,56.0
1235760,57.0
1235792,72.0
1235808,36.0
1235808,33.0
1235904,54.0
1236080,25.0
1236080,41.0
1236144,21.0
1236192,37.0
1236208,49.0
1236240,28.0
1236352,83.0
1236400,37.0
1236448,90.0
1236464,58.0
1236576,67.0
1236624,96.0
1236672,48.0
1236736,41.0
1236752,73.0
1236768,39.0
1236864,96.0
1236896,34.0
1236912,72.0
1236912,42.0
1236944,46.0
1236976,22.0
1237008,38.0
1237088,26.0
1237152,26.0
1237200,46.0
1237216,40.0
1237232,72.0
1237248,19.0
1237248,30.0
1237408,31.0
1237504,26.0
1237520,67.0
1237536,84.0
1237584,43.0
1237584,38.0
1237648,25.0
1237696,28.0
1237696,43.0
1237744,52.0
1237840,20.0
1238032,28.0
1238048,56.0
1238064,35.0
1238080,83.0
1238128,24.0
1238160,32.0
1238256,53.0
1238304,69.0
1238384,95.0
1238384,53.0
1238448,38.0
1238512,51.0
1238528,52.0
1238624,65.0
1238672,34.0
1238672,37.0
1238752,28.0
1238784,21.0
1238832,101.0
1238832,49.0
1238864,102.0
1238992,30.0
1239072,51.0
1239136,29.0
1239184,64.0
1239200,28.0
1239200,71.0
1239264,40.0
1239296,57.0
1239488,41.0
1239504,92.0
1239520,53.0
1239568,24.0
1239616,77.0
1239616,34.0
1239696,44.0
1239696,35.0
1239696,52.0
1239728,33.0
1239760,17.0
1239808,38.0
1239808,61.0
1239808,32.0
1239888,23.0
1239936,20.0
1239952,43.0
1240032,94.0
1240064,23.0
1240144,28.0
1240144,85.0
1240160,34.0
1240224,41.0
1240320,35.0
1240352,34.0
1240368,54.0
1240368,35.0
1240384,31.0
1240496,27.0
1240688,41.0
1240720,36.0
1240720,62.0
1240720,48.0
1240816,63.0
1240832,43.0
1240880,59.0
1240880,45.0
1240896,25.0
1240928,34.0
1240944,36.0
1241040,43.0
1241072,53.0
1241104,88.0
1241216,56.0
1241280,35.0
1241296,26.0
1241328,38.0
1241392,42.0
1241392,44.0
1241424,66.0
1241488,42.0
1241520,39.0
1241584,32.0
1241584,40.0
1241680,40.0
1241792,57.0
1241840,34.0
1241856,64.0
1241888,49.0
1241904,61.0
1241936,41.0
1241984,37.0
1241984,25.0
1242032,51.0
1242080,35.0
1242128,46.0
1242144,15.0
1242160,42.0
1242160,23.0
1242192,38.0
1242256,23.0
1242368,59.0
1242368,65.0
1242368,33.0
1242560,55.0
1242656,32.0
1242672,43.0
1242736,41.0
1242784,53.0
1242800,40.0
1242864,55.0
1242880,53.0
1243040,53.0
1243056,25.0
1243104,46.0
1243136,36.0
1243168,24.0
1243184,66.0
1243200,65.0
1243312,59.0
1243344,42.0
1243376,70.0
1243456,25.0
1243552,24.0
1243568,33.0
1243664,22.0
1243664,81.0
1243696,35.0
1243744,118.0
1243792,57.0
1243872,48.0
1243888,72.0
1243904,65.0
1244064,25.0
1244096,56.0
1244144,37.0
1244320,27.0
1244336,29.0
1244400,52.0
1244400,44.0
1244400,59.0
1244464,70.0
1244592,112.0
1244672,58.0
1244672,55.0
1244672,63.0
1244752,53.0
1244752,98.0
1244848,47.0
1244912,96.0
1244928,33.0
1245024,39.0
1245040,56.0
1245168,44.0
1245168,52.0
1245184,54.0
1245296,56.0
1245456,33.0
1245472,45.0
1245520,91.0
1245520,53.0
1245568,56.0
1245600,63.0
1245616,54.0
1245632,38.0
1245712,50.0
1245728,35.0
1245984,50.0
1246112,37.0
1246144,53.0
1246144,92.0
1246160,28.0
1246208,46.0
1246304,49.0
1246352,45.0
1246448,53.0
1246464,46.0
1246496,58.0
1246560,87.0
1246640,74.0
1246704,35.0
1246704,34.0
1246752,38.0
1246784,121.0
1246800,110.0
1246816,75.0
1246832,53.0
1246864,47.0
1247056,37.0
1247104,19.0
1247168,42.0
1247232,58.0
1247248,38.0
1247248,34.0
1247312,54.0
1247392,43.0
1247408,34.0
1247408,41.0
1247488,27.0
1247520,82.0
1247520,44.0
1247584,47.0
1247616,66.0
1247728,86.0
1247776,33.0
1247776,62.0
1247808,44.0
1247888,40.0
1247904,46.0
1248128,45.0
1248160,53.0
1248208,43.0
1248224,52.0
1248240,47.0
1248320,50.0
1248336,28.0
1248400,37.0
1248448,76.0
1248464,43.0
1248496,55.0
1248512,58.0
1248528,47.0
1248544,71.0
1248608,44.0
1248800,40.0
1248848,28.0
1248864,40.0
1248960,45.0
1248992,28.0
1249072,84.0
1249184,36.0
1249184,41.0
1249248,50.0
1249264,59.0
1249312,69.0
1249360,64.0
1249408,59.0
1249504,62.0
1249536,88.0
1249584,46.0
1249600,50.0
1249632,42.0
1249696,44.0
1249744,35.0
1249776,33.0
1249792,81.0
1249808,25.0
1249824,35.0
1249840,61.0
1249920,20.0
1250064,47.0
1250144,38.0
1250160,26.0
1250256,67.0
1250304,24.0
1250336,32.0
1250368,36.0
1250384,82.0
1250416,49.0
1250464,48.0
1250512,46.0
1250544,46.0
1250544,44.0
1250624,65.0
1250656,81.0
1250784,80.0
1250816,25.0
1250896,32.0
1250944,50.0
1250960,21.0
1251088,27.0
1251120,54.0
1251168,63.0
1251184,53.0
1251296,21.0
1251312,63.0
1251376,52.0
1251424,57.0
1251456,23.0
1251456,62.0
1251472,69.0
1251552,93.0
1251568,47.0
1251568,49.0
1251616,28.0
1251664,45.0
1251664,34.0
1251696,72.0
1251840,24.0
1251872,43.0
1251888,62.0
1252016,35.0
1252032,46.0
1252032,30.0
1252176,30.0
1252240,36.0
1252256,59.0
1252320,56.0
1252320,27.0
1252400,49.0
1252416,25.0
1252416,59.0
1252496,70.0
1252544,61.0
1252656,39.0
1252704,52.0
1252736,73.0
1252736,44.0
1252800,71.0
1252848,27.0
1252864,64.0
1252880,35.0
1252896,40.0
1252976,46.0
1252976,41.0
1252976,50.0
1253008,37.0
1253056,25.0
1253088,43.0
1253104,35.0
1253152,41.0
1253168,27.0
1253328,28.0
1253360,24.0
1253440,46.0
1253456,25.0
1253504,38.0
1253520,27.0
1253584,38.0
1253600,46.0
1253632,41.0
1253632,49.0
1253776,38.0
1253808,28.0
1253856,47.0
1253888,46.0
1253904,73.0
1253952,72.0
1253968,24.0
1254032,44.0
1254080,67.0
1254112,38.0
1254128,15.0
1254160,35.0
1254192,42.0
1254224,20.0
1254256,39.0
1254304,54.0
1254336,23.0
1254352,56.0
1254480,42.0
1254528,31.0
1254576,45.0
1254608,22.0
1254624,27.0
1254624,53.0
1254656,20.0
1254704,67.0
1254768,26.0
1254784,35.0
1254848,56.0
1254880,25.0
1255008,58.0
1255040,21.0
1255072,60.0
1255120,60.0
1255184,26.0
1255200,56.0
1255248,70.0
1255264,43.0
1255344,45.0
1255360,36.0
1255392,32.0
1255392,48.0
1255456,58.0
1255696,36.0
1255760,72.0
1255792,47.0
1255840,41.0
1255888,65.0
1255904,78.0
1255904,35.0
1255984,46.0
1256096,56.0
1256192,74.0
1256256,50.0
1256272,55.0
1256320,39.0
1256352,62.0
1256432,73.0
1256464,87.0
1256480,43.0
1256496,19.0
1256496,69.0
1256496,37.0
1256592,52.0
1256624,45.0
1256624,49.0
1256768,21.0
1256768,55.0
1256864,34.0
1256896,25.0
1257008,47.0
1257024,42.0
1257200,45.0
1257248,30.0
1257264,40.0
1257280,41.0
1257344,55.0
1257344,78.0
1257392,24.0
1257408,57.0
1257424,90.0
1257424,58.0
1257472,75.0
1257520,47.0
1257520,58.0
1257760,46.0
1257904,40.0
1257968,69.0
1257984,68.0
1257984,36.0
1258032,52.0
1258048,48.0
1258048,33.0
1258048,41.0
1258080,46.0
1258208,60.0
1258240,51.0
1258288,19.0
1258336,51.0
1258368,64.0
1258432,33.0
1258480,45.0
1258480,63.0
1258592,73.0
1258656,28.0
1258768,49.0
1258784,46.0
1258800,48.0
1258800,45.0
1258816,48.0
1258832,22.0
1258880,34.0
1258960,37.0
1259040,35.0
1259120,29.0
1259136,44.0
1259216,24.0
1259216,39.0
1259264,64.0
1259296,33.0
1259376,88.0
1259424,24.0
1259472,42.0
1259472,74.0
1259488,42.0
1259664,33.0
1259760,50.0
1259856,46.0
1259872,41.0
1259888,37.0
1259904,64.0
1259920,71.0
1259952,46.0
1259984,45.0
1260032,38.0
1260160,43.0
1260192,45.0
1260208,28.0
1260256,55.0
1260432,28.0
1260448,36.0
1260464,34.0
1260512,39.0
1260656,39.0
1260672,51.0
1260688,49.0
1260736,34.0
1260736,49.0
1260752,122.0
1260864,22.0
1260944,46.0
1261008,95.0
1261072,25.0
1261184,27.0
1261200,34.0
1261216,97.0
1261248,200.0
1261296,65.0
1261344,38.0
1261392,33.0
1261424,43.0
1261456,48.0
1261472,63.0
1261504,35.0
1261536,33.0
1261552,30.0
1261616,74.0
1261616,91.0
1261760,82.0
1261776,35.0
1261872,23.0
1261936,24.0
1261984,33.0
1262032,38.0
1262032,43.0
1262048,32.0
1262096,57.0
1262128,55.0
1262128,58.0
1262128,32.0
1262192,45.0
1262272,41.0
1262272,55.0
1262336,35.0
1262400,40.0
1262512,40.0
1262512,20.0
1262528,77.0
1262672,34.0
1262720,43.0
1262784,43.0
1263008,64.0
1263072,59.0
1263104,44.0
1263152,39.0
1263200,79.0
1263200,58.0
1263216,27.0
1263296,73.0
1263344,82.0
1263376,65.0
1263456,49.0
1263456,28.0
1263472,89.0
1263488,76.0
1263648,58.0
1263648,36.0
1263664,72.0
1263680,21.0
1263712,32.0
1263728,27.0
1263920,45.0
1263920,51.0
1263936,49.0
1263952,31.0
1264064,97.0
1264112,41.0
1264112,40.0
1264288,40.0
1264320,59.0
1264336,53.0
1264416,44.0
1264432,76.0
1264544,51.0
1264560,56.0
1264608,43.0
1264688,46.0
1264736,26.0
1264752,40.0
1264800,72.0
1264848,73.0
1264864,59.0
1264864,28.0
1264928,40.0
1264960,25.0
1264992,55.0
1265024,30.0
1265024,43.0
1265168,30.0
1265232,39.0
1265344,80.0
1265424,93.0
1265472,42.0
1265488,66.0
1265504,48.0
1265648,56.0
1265696,42.0
1265696,52.0
1265728,48.0
1265776,22.0
1265792,39.0
1265792,59.0
1265792,54.0
1265920,28.0
1265936,57.0
1265936,59.0
1265984,70.0
1266112,55.0
1266112,29.0
1266160,41.0
1266256,35.0
1266272,58.0
1266336,53.0
1266368,40.0
1266432,40.0
1266448,41.0
1266464,48.0
1266496,44.0
1266640,41.0
1266704,37.0
1266720,49.0
1266848,57.0
1266848,24.0
1266896,33.0
1266896,39.0
1266928,63.0
1266960,39.0
1267056,35.0
1267136,55.0
1267152,28.0
1267296,15.0
1267296,74.0
1267296,25.0
1267312,96.0
1267392,47.0
1267408,32.0
1267424,44.0
1267472,64.0
1267632,42.0
1267680,33.0
1267728,50.0
1267744,82.0
1267744,56.0
1267776,29.0
1267808,60.0
1267936,40.0
1268016,37.0
1268032,46.0
1268048,47.0
1268048,41.0
1268048,40.0
1268144,63.0
1268144,42.0
1268208,128.0
1268240,35.0
1268320,36.0
1268352,34.0
1268352,21.0
1268368,39.0
1268416,49.0
1268768,35.0
1268768,45.0
1268800,67.0
1268816,65.0
1268848,44.0
1268896,36.0
1268912,55.0
1268992,59.0
1269120,55.0
1269248,56.0
1269312,79.0
1269344,27.0
1269392,39.0
1269392,65.0
1269408,65.0
1269408,37.0
1269472,39.0
1269488,45.0
1269536,70.0
1269536,100.0
1269712,37.0
1269776,102.0
1269856,29.0
1269872,29.0
1269936,39.0
1269984,68.0
1270048,35.0
1270048,66.0
1270112,45.0
1270128,37.0
1270160,39.0
1270192,45.0
1270208,22.0
1270224,51.0
1270336,96.0
1270432,28.0
1270448,32.0
1270464,37.0
1270464,47.0
1270640,37.0
1270688,29.0
1270688,31.0
1270768,95.0
1270784,28.0
1270816,41.0
1270848,45.0
1270896,29.0
1270992,49.0
1271184,23.0
1271200,27.0
1271216,90.0
1271296,41.0
1271360,82.0
1271424,61.0
1271424,60.0
1271488,50.0
1271504,65.0
1271504,41.0
1271536,47.0
1271552,54.0
1271712,100.0
1271760,35.0
1271792,50.0
1271840,34.0
1271840,41.0
1271888,33.0
1271984,31.0
1271984,35.0
1272080,34.0
1272096,75.0
1272096,37.0
1272144,45.0
1272160,28.0
1272192,61.0
1272352,35.0
1272464,44.0
1272512,42.0
1272592,68.0
1272672,43.0
1272672,36.0
1272672,49.0
1272688,37.0
1272704,39.0
1272784,50.0
1272784,39.0
1272800,38.0
1272928,49.0
1272928,86.0
1272960,38.0
1273072,77.0
1273168,41.0
1273248,41.0
1273264,29.0
1273280,38.0
1273408,44.0
1273456,42.0
1273456,49.0
1273520,261.0
1273584,41.0
1273600,42.0
1273632,59.0
1273712,78.0
1273728,59.0
1273728,48.0
1273776,69.0
1273840,42.0
1273904,40.0
1273920,29.0
1273984,36.0
1274224,61.0
1274288,44.0
1274336,38.0
1274368,48.0
1274368,81.0
1274384,25.0
1274432,61.0
1274432,32.0
1274496,37.0
1274496,41.0
1274512,55.0
1274528,50.0
1274576,54.0
1274640,70.0
1274688,57.0
1274752,24.0
1274816,30.0
1274848,30.0
1274848,39.0
1274912,24.0
1274944,104.0
1274992,35.0
1274992,38.0
1275008,45.0
1275120,23.0
1275168,46.0
1275344,52.0
1275360,54.0
1275456,48.0
1275504,58.0
1275520,42.0
1275568,35.0
1275616,50.0
1275616,48.0
1275616,42.0
1275616,39.0
1275648,72.0
1275680,43.0
1275856,25.0
1275888,78.0
1276000,24.0
1276000,68.0
1276064,59.0
1276080,35.0
1276080,32.0
1276080,45.0
1276112,31.0
1276128,32.0
1276320,51.0
1276400,49.0
1276496,53.0
1276512,84.0
1276512,52.0
1276512,27.0
1276752,42.0
1276784,58.0
1276864,23.0
1276896,56.0
1277008,70.0
1277024,44.0
1277024,39.0
1277040,106.0
1277072,60.0
1277120,62.0
1277168,41.0
1277216,27.0
1277296,49.0
1277376,30.0
1277392,82.0
1277424,57.0
1277488,39.0
1277504,94.0
1277536,23.0
1277552,27.0
1277600,36.0
1277712,26.0
1277712,31.0
1277728,61.0
1277744,46.0
1277792,108.0
1277840,28.0
1277872,31.0
1277888,54.0
1277952,15.0
1277968,27.0
1278048,63.0
1278064,32.0
1278144,41.0
1278176,42.0
1278256,29.0
1278288,54.0
1278304,26.0
1278320,45.0
1278336,79.0
1278336,37.0
1278640,58.0
1278640,48.0
1278656,32.0
1278688,40.0
1278736,49.0
1278752,36.0
1278976,40.0
1279024,81.0
1279040,44.0
1279040,75.0
1279056,25.0
1279104,65.0
1279152,54.0
1279168,57.0
1279168,54.0
1279216,33.0
1279344,37.0
1279440,70.0
1279568,33.0
1279616,40.0
1279648,57.0
1279680,65.0
1279760,45.0
1279808,37.0
1279824,116.0
1279824,45.0
1279856,44.0
1279856,76.0
1279936,37.0
1279968,50.0
1280128,28.0
1280128,35.0
1280160,69.0
1280208,74.0
1280272,52.0
1280352,44.0
1280400,34.0
1280480,39.0
1280512,36.0
1280528,44.0
1280672,53.0
1280704,36.0
1280736,48.0
1280784,64.0
1280784,41.0
1280800,102.0
1280816,63.0
1280864,78.0
1280912,44.0
1280944,49.0
1281136,54.0
1281152,40.0
1281152,47.0
1281184,44.0
1281200,21.0
1281264,29.0
1281280,36.0
1281328,61.0
1281360,52.0
1281376,44.0
1281536,50.0
1281584,40.0
1281584,48.0
1281728,51.0
1281760,38.0
1281776,62.0
1281808,38.0
1281888,46.0
1281920,41.0
1281968,38.0
1281984,44.0
1282112,33.0
1282160,61.0
1282176,40.0
1282208,25.0
1282304,34.0
1282304,61.0
1282320,96.0
1282320,37.0
1282432,81.0
1282592,51.0
1282656,46.0
1282656,80.0
1282704,25.0
1282720,32.0
1282736,72.0
1282784,12.0
1282832,59.0
1282832,42.0
1282864,34.0
1282912,59.0
1282944,40.0
1283088,23.0
1283088,27.0
1283120,26.0
1283168,53.0
1283216,49.0
1283232,70.0
1283296,29.0
1283296,35.0
1283312,83.0
1283312,23.0
1283568,41.0
1283568,28.0
1283600,51.0
1283616,20.0
1283632,34.0
1283808,72.0
1283824,37.0
1283856,105.0
1283888,66.0
1283968,69.0
1283984,23.0
1284000,44.0
1284144,66.0
1284160,62.0
1284320,21.0
1284320,69.0
1284384,67.0
1284384,51.0
1284416,53.0
1284576,26.0
1284576,59.0
1284592,37.0
1284656,52.0
1284688,52.0
1284736,71.0
1284752,59.0
1284752,54.0
1284768,24.0
1284816,42.0
1284896,32.0
1284896,58.0
1284912,21.0
1284928,38.0
1285136,28.0
1285280,43.0
1285296,34.0
1285296,40.0
1285392,31.0
1285440,133.0
1285520,38.0
1285568,78.0
1285584,41.0
1285600,52.0
1285632,55.0
1285648,67.0
1285664,58.0
1285712,56.0
1285744,11.0
1285904,93.0
1285936,40.0
1285968,67.0
1285968,42.0
1286064,25.0
1286160,16.0
1286176,65.0
1286256,61.0
1286256,54.0
1286336,56.0
1286400,50.0
1286416,44.0
1286480,46.0
1286480,53.0
1286496,33.0
1286560,25.0
1286640,42.0
1286640,62.0
1286672,68.0
1286704,74.0
1286784,33.0
1286864,43.0
1286960,34.0
1287040,61.0
1287040,49.0
1287040,69.0
1287056,35.0
1287216,51.0
1287248,36.0
1287344,44.0
1287344,63.0
1287392,57.0
1287424,49.0
1287488,28.0
1287584,39.0
1287632,37.0
1287680,51.0
1287760,26.0
1287792,68.0
1287792,82.0
1287808,64.0
1287888,40.0
1287968,34.0
1288000,60.0
1288064,45.0
1288080,43.0
1288080,31.0
1288112,66.0
1288144,58.0
1288160,33.0
1288256,36.0
1288272,30.0
1288288,108.0
1288352,37.0
1288448,41.0
1288496,26.0
1288608,38.0
1288720,52.0
1288736,29.0
1288800,82.0
1288880,45.0
1288896,49.0
1288912,48.0
1288944,71.0
1288944,21.0
1288960,55.0
1288960,62.0
1288992,46.0
1289008,41.0
1289072,36.0
1289120,24.0
1289280,35.0
1289360,57.0
1289360,25.0
1289424,26.0
1289440,40.0
1289504,35.0
1289520,38.0
1289568,42.0
1289792,45.0
1289840,30.0
1289872,62.0
1289872,99.0
1290032,32.0
1290064,70.0
1290096,46.0
1290096,127.0
1290160,37.0
1290224,59.0
1290368,88.0
1290384,34.0
1290400,60.0
1290400,56.0
1290512,68.0
1290560,48.0
1290592,92.0
1290608,36.0
1290608,46.0
1290704,34.0
1290752,41.0
1290768,44.0
1290784,57.0
1290880,32.0
1290928,121.0
1290992,56.0
1291088,44.0
1291248,64.0
1291296,33.0
1291328,58.0
1291328,51.0
1291440,28.0
1291536,47.0
1291600,65.0
1291632,47.0
1291648,65.0
1291712,49.0
1291728,40.0
1291760,73.0
1291872,21.0
1291904,38.0
1291952,97.0
1292016,36.0
1292016,48.0
1292160,91.0
1292176,98.0
1292320,37.0
1292336,99.0
1292384,66.0
1292480,72.0
1292496,53.0
1292560,53.0
1292736,45.0
1292752,36.0
1292800,53.0
1292864,34.0
1292880,54.0
1292944,35.0
1292976,30.0
1293008,69.0
1293024,87.0
1293152,42.0
1293168,52.0
1293168,38.0
1293264,69.0
1293360,110.0
1293552,51.0
1293568,39.0
1293584,49.0
1293584,35.0
1293600,27.0
1293760,38.0
1293808,121.0
1293856,55.0
1293888,133.0
1293888,55.0
1293968,69.0
1293984,69.0
1294032,80.0
1294192,52.0
1294208,59.0
1294224,42.0
1294240,67.0
1294256,42.0
1294272,29.0
1294336,28.0
1294336,47.0
1294336,28.0
1294400,40.0
1294464,56.0
1294480,55.0
1294496,33.0
1294544,32.0
1294752,33.0
1294800,33.0
1294848,32.0
1294848,41.0
1294864,29.0
1294880,24.0
1294912,42.0
1294960,69.0
1295088,47.0
1295104,56.0
1295152,56.0
1295152,38.0
1295200,54.0
1295248,79.0
1295344,37.0
1295344,31.0
1295392,58.0
1295424,59.0
1295456,41.0
1295472,20.0
1295536,43.0
1295536,42.0
1295568,43.0
1295808,41.0
1295808,35.0
1295808,44.0
1295808,56.0
1295936,53.0
1295936,34.0
1296000,50.0
1296032,43.0
1296048,44.0
1296192,46.0
1296208,42.0
1296208,25.0
1296272,44.0
1296304,84.0
1296336,54.0
1296432,39.0
1296496,28.0
1296592,49.0
1296704,31.0
1296704,42.0
1296848,34.0
1296864,41.0
1296960,64.0
1296976,90.0
1296992,50.0
1297040,77.0
1297104,48.0
1297104,25.0
1297120,74.0
1297136,71.0
1297168,109.0
1297232,33.0
1297280,43.0
1297360,54.0
1297408,28.0
1297408,27.0
1297440,21.0
1297456,26.0
1297456,64.0
1297648,33.0
1297696,89.0
1297792,41.0
1297792,50.0
1297792,24.0
1297808,33.0
1297808,25.0
1297840,42.0
1297904,28.0
1298000,71.0
1298000,35.0
1298048,25.0
1298112,47.0
1298144,65.0
1298240,63.0
1298288,30.0
1298304,53.0
1298416,39.0
1298432,24.0
1298528,43.0
1298560,107.0
1298688,43.0
1298704,35.0
1298736,52.0
1298848,34.0
1298896,41.0
1298928,71.0
1298992,74.0
1298992,75.0
1299024,38.0
1299056,48.0
1299120,43.0
1299184,41.0
1299264,26.0
1299312,38.0
1299328,76.0
1299328,102.0
1299344,26.0
1299360,42.0
1299408,32.0
1299504,94.0
1299584,37.0
1299680,70.0
1299680,39.0
1299712,33.0
1299776,27.0
1299824,26.0
1299840,21.0
1299904,73.0
1299952,39.0
1299968,40.0
1299968,61.0
1300144,52.0
1300208,23.0
1300224,40.0
1300256,62.0
1300288,79.0
1300304,74.0
1300368,43.0
1300496,22.0
1300544,54.0
1300608,49.0
1300608,40.0
1300624,53.0
1300720,85.0
1300736,49.0
1300784,31.0
1300800,34.0
1300944,40.0
1300976,67.0
1301008,81.0
1301104,31.0
1301232,28.0
1301264,45.0
1301376,72.0
1301392,49.0
1301424,58.0
1301440,77.0
1301472,33.0
1301504,71.0
1301568,59.0
1301616,103.0
1301616,51.0
1301744,40.0
1301840,70.0
1301856,70.0
1301872,40.0
1301920,59.0
1301952,33.0
1301968,60.0
1302160,37.0
1302176,13.0
1302304,27.0
1302304,43.0
1302384,63.0
1302432,58.0
1302496,20.0
1302512,41.0
1302528,79.0
1302624,63.0
1302640,56.0
1302688,78.0
1302688,46.0
1302752,57.0
1302784,87.0
1302816,18.0
1302880,28.0
1302944,49.0
1303072,24.0
1303104,102.0
1303136,47.0
1303184,55.0
1303216,57.0
1303264,36.0
1303344,52.0
1303344,89.0
1303376,39.0
1303456,60.0
1303456,36.0
1303504,55.0
1303504,54.0
1303520,28.0
1303536,37.0
1303648,54.0
1303808,44.0
1303808,42.0
1303872,41.0
1303936,47.0
1304048,44.0
1304112,41.0
1304112,81.0
1304144,48.0
1304192,24.0
1304288,64.0
1304288,59.0
1304368,57.0
1304416,48.0
1304528,62.0
1304576,24.0
1304576,44.0
1304592,49.0
1304608,20.0
1304672,73.0
1304688,34.0
1304688,73.0
1304784,53.0
1304800,47.0
1304928,51.0
1304976,43.0
1304976,25.0
1305056,40.0
1305056,43.0
1305088,31.0
1305104,26.0
1305136,102.0
1305200,68.0
1305232,44.0
1305296,45.0
1305344,23.0
1305392,37.0
1305424,46.0
1305536,54.0
1305648,54.0
1305728,70.0
1305760,26.0
1305824,46.0
1305904,44.0
1305984,66.0
1305984,58.0
1305984,58.0
1306048,59.0
1306176,65.0
1306240,53.0
1306368,67.0
1306384,60.0
1306400,89.0
1306448,45.0
1306448,34.0
1306560,36.0
1306640,62.0
1306688,44.0
1306720,42.0
1306720,34.0
1306720,93.0
1306800,61.0
1306832,53.0
1306880,27.0
1306880,40.0
1306896,32.0
1306944,74.0
1306992,37.0
1307024,41.0
1307264,108.0
1307296,36.0
1307360,40.0
1307360,45.0
1307392,25.0
1307456,41.0
1307488,65.0
1307536,41.0
1307616,66.0
1307632,50.0
1307648,60.0
1307648,58.0
1307728,27.0
1307728,49.0
1307824,58.0
1307856,61.0
1307920,35.0
1308032,31.0
1308080,39.0
1308096,52.0
1308144,26.0
1308208,37.0
1308256,56.0
1308288,56.0
1308304,80.0
1308464,38.0
1308512,54.0
1308544,25.0
1308592,48.0
1308592,35.0
1308624,23.0
1308640,57.0
1308656,28.0
1308688,48.0
1308752,70.0
1308768,42.0
1308816,73.0
1308896,51.0
1308992,23.0
1309008,44.0
1309008,95.0
1309072,38.0
1309120,36.0
1309136,34.0
1309152,54.0
1309184,42.0
1309280,24.0
1309344,41.0
1309424,52.0
1309440,28.0
1309504,46.0
1309504,23.0
1309504,53.0
1309536,49.0
1309552,57.0
1309568,35.0
1309712,37.0
1309744,37.0
1309824,47.0
1309872,54.0
1309904,68.0
1309968,43.0
1309984,27.0
1310032,37.0
1310064,55.0
1310112,34.0
1310208,31.0
1310320,56.0
1310336,52.0
1310384,53.0
1310416,28.0
1310448,59.0
1310480,71.0
1310496,62.0
1310512,48.0
1310560,41.0
1310704,40.0
1310704,52.0
1310736,44.0
1310800,43.0
1310832,63.0
1310864,55.0
1311072,43.0
1311184,39.0
1311248,46.0
1311312,61.0
1311360,72.0
1311408,57.0
1311408,68.0
1311440,46.0
1311504,66.0
1311616,55.0
1311632,52.0
1311680,79.0
1311728,64.0
1311776,81.0
1311776,37.0
1311808,46.0
1311824,29.0
1311856,38.0
1311872,63.0
1311872,35.0
1311968,71.0
1311984,34.0
1312064,41.0
1312272,54.0
1312272,40.0
1312400,42.0
1312400,56.0
1312464,37.0
1312496,45.0
1312512,44.0
1312528,44.0
1312608,52.0
1312624,35.0
1312624,59.0
1312784,51.0
1312800,25.0
1312800,58.0
1312832,35.0
1312864,55.0
1312928,82.0
1312944,68.0
1313088,37.0
1313232,38.0
1313280,41.0
1313280,47.0
1313328,51.0
1313360,56.0
1313408,38.0
1313440,52.0
1313520,27.0
1313536,37.0
1313536,79.0
1313568,49.0
1313568,44.0
1313696,29.0
1313696,56.0
1313728,50.0
1313744,29.0
1313776,86.0
1313904,67.0
1313904,34.0
1313904,21.0
1313904,31.0
1313968,33.0
1314016,43.0
1314064,23.0
1314080,50.0
1314192,39.0
1314256,30.0
1314304,25.0
1314336,37.0
1314384,53.0
1314432,29.0
1314448,47.0
1314528,50.0
1314544,30.0
1314576,66.0
1314576,42.0
1314576,65.0
1314688,27.0
1314784,44.0
1314800,49.0
1314816,30.0
1314880,36.0
1314912,63.0
1314912,45.0
1315008,36.0
1315088,25.0
1315136,77.0
1315216,43.0
1315216,42.0
1315232,53.0
1315312,54.0
1315328,26.0
1315344,35.0
1315520,45.0
1315520,59.0
1315520,24.0
1315520,40.0
1315680,28.0
1315744,27.0
1315760,42.0
1315760,74.0
1315856,40.0
1315872,33.0
1315952,27.0
1315984,29.0
1315984,29.0
1316080,79.0
1316096,68.0
1316128,97.0
1316288,38.0
1316320,62.0
1316352,37.0
1316400,55.0
1316432,36.0
1316496,26.0
1316576,52.0
1316672,91.0
1316816,52.0
1316816,119.0
1316832,46.0
1316848,68.0
1316864,62.0
1316880,30.0
1316880,24.0
1316976,25.0
1316976,39.0
1317088,26.0
1317088,60.0
1317088,50.0
1317104,70.0
1317104,49.0
1317168,46.0
1317376,31.0
1317552,46.0
1317616,40.0
1317616,33.0
1317632,41.0
1317632,50.0
1317648,48.0
1317696,53.0
1317776,42.0
1317824,41.0
1317936,52.0
1317936,67.0
1318000,57.0
1318032,130.0
1318128,47.0
1318144,31.0
1318160,33.0
1318192,23.0
1318192,35.0
1318288,75.0
1318384,52.0
1318432,51.0
1318480,104.0
1318528,57.0
1318544,34.0
1318624,43.0
1318656,55.0
1318688,47.0
1318688,62.0
1318768,40.0
1318848,51.0
1318896,38.0
1318992,53.0
1319040,31.0
1319072,26.0
1319104,30.0
1319136,44.0
1319136,41.0
1319312,70.0
1319312,49.0
1319328,40.0
1319456,38.0
1319488,83.0
1319504,46.0
1319568,86.0
1319568,42.0
1319584,16.0
1319600,38.0
1319632,59.0
1319680,38.0
1319744,27.0
1319872,46.0
1319872,52.0
1319904,50.0
1320048,26.0
1320048,29.0
1320128,39.0
1320144,63.0
1320192,55.0
1320272,49.0
1320272,51.0
1320400,45.0
1320416,53.0
1320448,44.0
1320464,56.0
1320496,37.0
1320560,26.0
1320576,137.0
1320608,30.0
1320624,36.0
1320672,39.0
1320688,26.0
1320704,69.0
1320736,21.0
1320816,39.0
1320864,62.0
1320912,65.0
1320912,40.0
1320976,22.0
1321088,26.0
1321184,45.0
1321216,45.0
1321280,45.0
1321280,54.0
1321296,43.0
1321392,59.0
1321440,46.0
1321440,33.0
1321472,24.0
1321520,52.0
1321552,46.0
1321584,53.0
1321616,40.0
1321920,39.0
1321952,65.0
1321952,46.0
1322000,71.0
1322032,53.0
1322048,38.0
1322064,93.0
1322080,38.0
1322096,44.0
1322144,35.0
1322144,33.0
1322176,39.0
1322224,49.0
1322240,45.0
1322240,60.0
1322352,25.0
1322560,33.0
1322576,81.0
1322640,25.0
1322656,30.0
1322704,40.0
1322736,41.0
1322768,53.0
1322864,54.0
1322880,49.0
1322912,48.0
1322928,61.0
1322928,36.0
1322992,26.0
1323024,61.0
1323040,50.0
1323072,58.0
1323088,54.0
1323104,29.0
1323136,36.0
1323216,32.0
1323296,33.0
1323296,26.0
1323360,28.0
1323376,45.0
1323456,29.0
1323456,45.0
1323456,33.0
1323472,28.0
1323504,36.0
1323520,28.0
1323568,33.0
1323696,37.0
1323728,27.0
1323760,24.0
1323840,44.0
1323856,25.0
1323904,25.0
1324000,44.0
1324016,72.0
1324064,44.0
1324080,54.0
1324096,40.0
1324192,69.0
1324288,37.0
1324384,41.0
1324432,61.0
1324480,63.0
1324496,40.0
1324608,38.0
1324624,54.0
1324640,70.0
1324688,53.0
1324704,43.0
1324720,51.0
1324912,45.0
1324960,87.0
1324992,57.0
1325104,38.0
1325104,39.0
1325168,49.0
1325184,34.0
1325184,47.0
1325232,71.0
1325280,76.0
1325280,62.0
1325296,36.0
1325360,25.0
1325376,48.0
1325456,52.0
1325488,36.0
1325552,53.0
1325616,32.0
1325680,31.0
1325728,23.0
1325744,40.0
1325776,38.0
1325856,36.0
1325856,73.0
1325920,46.0
1325984,44.0
1326176,45.0
1326176,43.0
1326176,31.0
1326192,40.0
1326256,64.0
1326256,79.0
1326304,63.0
1326304,35.0
1326368,47.0
1326496,40.0
1326512,16.0
1326528,42.0
1326544,35.0
1326624,44.0
1326640,79.0
1326720,34.0
1326784,38.0
1326816,65.0
1326816,35.0
1326880,36.0
1327056,27.0
1327072,84.0
1327120,37.0
1327136,52.0
1327184,34.0
1327216,65.0
1327248,27.0
1327376,35.0
1327392,38.0
1327440,56.0
1327472,80.0
1327552,52.0
1327568,67.0
1327568,75.0
1327600,45.0
1327632,70.0
1327696,39.0
1327712,36.0
1327712,37.0
1327760,36.0
1327904,32.0
1328064,63.0
1328112,56.0
1328144,42.0
1328144,48.0
1328240,33.0
1328272,45.0
1328288,37.0
1328304,46.0
1328368,38.0
1328432,52.0
1328432,54.0
1328448,34.0
1328592,28.0
1328592,84.0
1328592,60.0
1328624,57.0
1328672,77.0
1328704,40.0
1328944,42.0
1328960,41.0
1328992,53.0
1328992,25.0
1329008,45.0
1329040,37.0
1329056,51.0
1329072,60.0
1329088,24.0
1329168,46.0
1329200,38.0
1329232,54.0
1329376,24.0
1329488,20.0
1329632,60.0
1329648,44.0
1329648,66.0
1329680,38.0
1329680,45.0
1329776,48.0
1329792,50.0
1329888,52.0
1329904,51.0
1329920,93.0
1329984,12.0
1330016,49.0
1330064,26.0
1330128,68.0
1330160,49.0
1330256,102.0
1330352,54.0
1330352,44.0
1330448,20.0
1330448,33.0
1330448,42.0
1330464,52.0
1330480,50.0
1330496,32.0
1330672,48.0
1330672,41.0
1330912,107.0
1330960,56.0
1331024,36.0
1331024,54.0
1331088,88.0
1331120,48.0
1331152,30.0
1331152,56.0
1331232,48.0
1331296,50.0
1331328,61.0
1331344,56.0
1331408,24.0
1331408,60.0
1331440,97.0
1331472,62.0
1331488,23.0
1331536,28.0
1331568,56.0
1331744,37.0
1331760,26.0
1331808,25.0
1331808,53.0
1331920,63.0
1331920,48.0
1332000,29.0
1332064,52.0
1332176,46.0
1332192,39.0
1332208,57.0
1332240,52.0
1332256,32.0
1332320,25.0
1332336,36.0
1332448,33.0
1332480,26.0
1332512,44.0
1332608,71.0
1332704,32.0
1332720,45.0
1332800,82.0
1332800,30.0
1332848,37.0
1332944,46.0
1332992,32.0
1333088,40.0
1333088,36.0
1333152,84.0
1333168,20.0
1333200,60.0
1333312,61.0
1333376,48.0
1333424,45.0
1333456,133.0
1333504,44.0
1333520,22.0
1333568,53.0
1333616,33.0
1333632,30.0
1333664,54.0
1333760,42.0
1333920,25.0
1333968,64.0
1334112,70.0
1334144,48.0
1334192,27.0
1334208,56.0
1334256,202.0
1334256,40.0
1334272,38.0
1334288,45.0
1334400,75.0
1334512,146.0
1334528,56.0
1334528,38.0
1334608,69.0
1334624,73.0
1334640,42.0
1334672,78.0
1334784,33.0
1334784,40.0
1334912,44.0
1334944,41.0
1334960,53.0
1334960,27.0
1335040,23.0
1335088,28.0
1335088,43.0
1335152,39.0
1335168,35.0
1335200,63.0
1335216,44.0
1335264,22.0
1335360,46.0
1335376,37.0
1335392,38.0
1335424,72.0
1335440,17.0
1335600,25.0
1335600,28.0
1335712,39.0
1335840,28.0
1335840,50.0
1335936,53.0
1335952,62.0
1335984,35.0
1336048,49.0
1336064,53.0
1336064,39.0
1336112,73.0
1336160,75.0
1336320,30.0
1336320,21.0
1336352,47.0
1336448,53.0
1336464,22.0
1336496,41.0
1336608,56.0
1336656,37.0
1336656,37.0
1336672,32.0
1336736,17.0
1336768,28.0
1336800,89.0
1336832,161.0
1336880,24.0
1336896,34.0
1336928,17.0
1336944,63.0
1336944,17.0
1337152,69.0
1337248,81.0
1337280,60.0
1337296,53.0
1337328,33.0
1337424,51.0
1337440,44.0
1337440,42.0
1337472,51.0
1337520,36.0
1337552,42.0
1337600,44.0
1337616,43.0
1337632,142.0
1337696,47.0
1337728,30.0
1337872,34.0
1337904,67.0
1337936,41.0
1338000,25.0
1338016,29.0
1338080,58.0
1338144,53.0
1338176,46.0
1338208,48.0
1338256,39.0
1338320,53.0
1338320,56.0
1338416,25.0
1338496,35.0
1338608,46.0
1338608,68.0
1338640,64.0
1338704,33.0
1338800,24.0
1338848,53.0
1338848,72.0
1338928,45.0
1338976,67.0
1339024,24.0
1339040,82.0
1339040,27.0
1339072,62.0
1339136,55.0
1339200,55.0
1339248,25.0
1339248,47.0
1339440,32.0
1339488,29.0
1339504,74.0
1339504,50.0
1339664,26.0
1339696,35.0
1339728,70.0
1339776,58.0
1339808,46.0
1339808,48.0
1339872,39.0
1339920,111.0
1339984,34.0
1340064,35.0
1340112,24.0
1340128,39.0
1340208,73.0
1340224,64.0
1340240,90.0
1340272,29.0
1340288,82.0
1340352,41.0
1340352,34.0
1340448,60.0
1340560,40.0
1340576,37.0
1340656,49.0
1340672,27.0
1340704,58.0
1340800,37.0
1340832,38.0
1340848,74.0
1340848,31.0
1340864,50.0
1340976,39.0
1341040,12.0
1341088,26.0
1341088,51.0
1341120,52.0
1341136,63.0
1341200,39.0
1341200,68.0
1341456,47.0
1341456,26.0
1341488,52.0
1341520,42.0
1341520,60.0
1341520,41.0
1341536,68.0
1341568,23.0
1341600,39.0
1341744,34.0
1341760,42.0
1341808,63.0
1342080,30.0
1342080,37.0
1342096,63.0
1342128,35.0
1342160,44.0
1342224,43.0
1342256,70.0
1342272,47.0
1342320,93.0
1342320,75.0
1342544,64.0
1342544,68.0
1342560,25.0
1342608,22.0
1342608,32.0
1342624,54.0
1342736,26.0
1342800,42.0
1342832,82.0
1342848,48.0
1342896,72.0
1343040,51.0
1343040,27.0
1343072,62.0
1343136,54.0
1343168,35.0
1343280,60.0
1343296,47.0
1343312,43.0
1343344,34.0
1343360,33.0
1343376,51.0
1343536,29.0
1343616,113.0
1343648,69.0
1343728,35.0
1343744,53.0
1343824,68.0
1343872,37.0
1343888,53.0
1343920,55.0
1343920,35.0
1343920,39.0
1344112,61.0
1344128,49.0
1344192,19.0
1344256,27.0
1344304,48.0
1344320,59.0
1344560,40.0
1344592,42.0
1344592,59.0
1344608,46.0
1344624,32.0
1344656,25.0
1344656,57.0
1344688,67.0
1344720,88.0
1344752,27.0
1344784,37.0
1344816,123.0
1344832,44.0
1344976,24.0
1345040,46.0
1345104,18.0
1345120,75.0
1345136,33.0
1345264,32.0
1345280,41.0
1345280,45.0
1345312,37.0
1345312,45.0
1345312,33.0
1345488,110.0
1345632,22.0
1345680,62.0
1345744,68.0
1345744,27.0
1345792,41.0
1345824,45.0
1345888,39.0
1345936,41.0
1345968,53.0
1346000,32.0
1346096,79.0
1346240,58.0
1346272,81.0
1346320,27.0
1346368,83.0
1346416,69.0
1346432,31.0
1346432,50.0
1346496,51.0
1346512,26.0
1346544,50.0
1346608,122.0
1346624,41.0
1346624,52.0
1346736,62.0
1346784,49.0
1346800,35.0
1346848,26.0
1346880,66.0
1346992,42.0
1347024,26.0
1347056,40.0
1347104,37.0
1347216,49.0
1347232,46.0
1347280,31.0
1347344,67.0
1347472,39.0
1347488,29.0
1347520,72.0
1347568,59.0
1347568,48.0
1347568,52.0
1347600,45.0
1347632,25.0
1347632,36.0
1347664,35.0
1347760,71.0
1347904,27.0
1347920,27.0
1348048,24.0
1348080,35.0
1348080,30.0
1348128,49.0
1348192,61.0
1348192,57.0
1348208,36.0
1348208,40.0
1348352,49.0
1348416,21.0
1348512,95.0
1348528,39.0
1348608,53.0
1348640,35.0
1348704,49.0
1348768,35.0
1348896,48.0
1348928,36.0
1349008,86.0
1349056,54.0
1349072,158.0
1349136,33.0
1349216,50.0
1349280,32.0
1349344,111.0
1349408,32.0
1349424,23.0
1349424,77.0
1349440,77.0
1349472,34.0
1349520,32.0
1349552,64.0
1349584,55.0
1349584,96.0
1349632,70.0
1349648,23.0
1349808,24.0
1349872,77.0
1350048,57.0
1350048,25.0
1350080,42.0
1350096,32.0
1350128,38.0
1350208,39.0
1350208,54.0
1350320,78.0
1350336,44.0
1350400,37.0
1350432,62.0
1350448,56.0
1350512,68.0
1350560,22.0
1350592,45.0
1350704,93.0
1350720,40.0
1350752,26.0
1350752,34.0
1350816,43.0
1350848,50.0
1350944,56.0
1350944,92.0
1351024,36.0
1351024,39.0
1351104,25.0
1351136,39.0
1351248,41.0
1351312,47.0
1351392,81.0
1351408,41.0
1351488,66.0
1351504,25.0
1351520,36.0
1351584,48.0
1351584,79.0
1351600,29.0
1351664,40.0
1351712,54.0
1351728,49.0
1351808,66.0
1351936,43.0
1352016,62.0
1352064,47.0
1352064,41.0
1352112,33.0
1352192,44.0
1352208,93.0
1352320,32.0
1352352,39.0
1352400,55.0
1352400,24.0
1352432,65.0
1352432,53.0
1352464,47.0
1352464,50.0
1352560,28.0
1352592,33.0
1352592,24.0
1352608,34.0
1352624,64.0
1352688,47.0
1352736,77.0
1352768,26.0
1352832,27.0
1353024,52.0
1353104,40.0
1353136,46.0
1353136,51.0
1353168,36.0
1353216,41.0
1353280,16.0
1353360,33.0
1353360,39.0
1353424,52.0
1353488,54.0
1353600,62.0
1353616,58.0
1353648,76.0
1353680,76.0
1353680,32.0
1353760,30.0
1353776,84.0
1353808,65.0
1353824,38.0
1353904,50.0
1353920,49.0
1353920,31.0
1354032,22.0
1354032,42.0
1354240,20.0
1354240,35.0
1354256,41.0
1354288,50.0
1354288,33.0
1354320,31.0
1354320,60.0
1354336,35.0
1354352,28.0
1354496,55.0
1354576,21.0
1354688,97.0
1354704,24.0
1354704,42.0
1354800,32.0
1354848,58.0
1354864,34.0
1354928,80.0
1354944,38.0
1354944,37.0
1354960,42.0
1355008,47.0
1355056,78.0
1355184,38.0
1355200,44.0
1355248,76.0
1355392,28.0
1355392,33.0
1355408,44.0
1355456,47.0
1355456,33.0
1355488,50.0
1355520,80.0
1355776,23.0
1355824,54.0
1355856,23.0
1355872,39.0
1355888,55.0
1355984,65.0
1356016,51.0
1356192,63.0
1356224,48.0
1356224,52.0
1356256,88.0
1356288,56.0
1356464,104.0
1356496,39.0
1356512,66.0
1356512,41.0
1356592,67.0
1356592,44.0
1356608,37.0
1356624,53.0
1356656,27.0
1356688,27.0
1356736,57.0
1356880,41.0
1356944,27.0
1357008,45.0
1357072,36.0
1357088,36.0
1357104,128.0
1357232,34.0
1357248,79.0
1357360,16.0
1357536,33.0
1357536,57.0
1357616,55.0
1357648,62.0
1357696,68.0
1357776,43.0
1357776,99.0
1357792,27.0
1357808,76.0
1357904,64.0
1357904,60.0
1357920,53.0
1358032,98.0
1358080,34.0
1358128,56.0
1358144,22.0
1358192,100.0
1358240,21.0
1358272,46.0
1358304,66.0
1358320,34.0
1358464,48.0
1358496,45.0
1358512,54.0
1358528,31.0
1358624,51.0
1358640,45.0
1358672,25.0
1358672,37.0
1358688,28.0
1358704,68.0
1358736,52.0
1358896,48.0
1358912,37.0
1359104,38.0
1359168,54.0
1359232,37.0
1359264,46.0
1359328,54.0
1359344,27.0
1359408,46.0
1359408,32.0
1359424,47.0
1359440,78.0
1359456,59.0
1359488,49.0
1359552,54.0
1359568,89.0
1359712,34.0
1359792,23.0
1359856,26.0
1359872,38.0
1359936,23.0
1359936,38.0
1359968,84.0
1359984,33.0
1360032,39.0
1360128,64.0
1360128,45.0
1360144,41.0
1360176,52.0
1360256,44.0
1360272,25.0
1360352,24.0
1360432,31.0
1360464,108.0
1360480,48.0
1360496,40.0
1360544,38.0
1360560,83.0
1360576,28.0
1360576,37.0
1360736,30.0
1360784,47.0
1360912,48.0
1360928,71.0
1360960,43.0
1360976,53.0
1361056,37.0
1361072,45.0
1361088,38.0
1361088,34.0
1361120,24.0
1361152,41.0
1361184,38.0
1361280,14.0
1361328,72.0
1361472,25.0
1361488,66.0
1361504,59.0
1361696,45.0
1361712,50.0
1361808,19.0
1361824,54.0
1361856,48.0
1361856,58.0
1361856,46.0
1361920,84.0
1361952,54.0
1362064,55.0
1362176,56.0
1362288,27.0
1362336,39.0
1362336,54.0
1362352,31.0
1362416,45.0
1362416,102.0
1362416,68.0
1362432,39.0
1362448,60.0
1362464,34.0
1362480,26.0
1362544,87.0
1362624,21.0
1362656,50.0
1362736,24.0
1362752,58.0
1362800,24.0
1362912,60.0
1362928,28.0
1362944,38.0
1362960,39.0
1362992,35.0
1363056,27.0
1363088,42.0
1363216,48.0
1363232,51.0
1363296,35.0
1363360,25.0
1363360,56.0
1363424,39.0
1363488,46.0
1363568,21.0
1363568,39.0
1363584,65.0
1363584,42.0
1363632,44.0
1363712,96.0
1363776,70.0
1363808,45.0
1363856,31.0
1363856,27.0
1363888,33.0
1363888,52.0
1363968,42.0
1364096,32.0
1364144,58.0
1364288,45.0
1364288,44.0
1364304,46.0
1364384,26.0
1364464,92.0
1364496,54.0
1364512,44.0
1364512,26.0
1364528,40.0
1364656,50.0
1364672,60.0
1364672,56.0
1364688,52.0
1364912,39.0
1365024,22.0
1365024,55.0
1365024,45.0
1365040,72.0
1365040,41.0
1365104,37.0
1365152,41.0
1365152,40.0
1365344,42.0
1365392,46.0
1365408,70.0
1365456,58.0
1365520,38.0
1365536,67.0
1365552,33.0
1365600,36.0
1365648,34.0
1365648,39.0
1365664,39.0
1365696,138.0
1365760,38.0
1365792,47.0
1365968,20.0
1366032,30.0
1366048,33.0
1366064,57.0
1366064,25.0
1366080,39.0
1366176,33.0
1366208,50.0
1366240,56.0
1366256,98.0
1366352,20.0
1366368,61.0
1366384,49.0
1366432,46.0
1366512,27.0
1366592,50.0
1366640,37.0
1366672,57.0
1366672,38.0
1366720,34.0
1366736,42.0
1366848,82.0
1366864,41.0
1366880,31.0
1366992,20.0
1367008,48.0
1367104,37.0
1367120,30.0
1367376,31.0
1367392,45.0
1367440,92.0
1367440,28.0
1367488,48.0
1367536,50.0
1367568,82.0
1367584,76.0
1367712,85.0
1367744,46.0
1367792,43.0
1367808,86.0
1367872,63.0
1367904,49.0
1367984,31.0
1368048,41.0
1368096,45.0
1368192,84.0
1368256,104.0
1368320,36.0
1368336,48.0
1368352,51.0
1368448,63.0
1368464,37.0
1368496,66.0
1368560,61.0
1368592,25.0
1368656,42.0
1368688,61.0
1368704,56.0
1368832,36.0
1368896,50.0
1368912,70.0
1369232,42.0
1369264,50.0
1369280,59.0
1369376,29.0
1369408,85.0
1369424,48.0
1369440,59.0
1369440,96.0
1369488,56.0
1369600,72.0
1369616,49.0
1369696,62.0
1369824,94.0
1369920,43.0
1369936,65.0
1370000,36.0
1370064,86.0
1370064,43.0
1370080,40.0
1370144,55.0
1370176,48.0
1370256,51.0
1370288,121.0
1370352,41.0
1370368,47.0
1370384,56.0
1370448,28.0
1370512,57.0
1370608,83.0
1370672,38.0
1370688,47.0
1370736,57.0
1370752,52.0
1370768,39.0
1370784,44.0
1370832,48.0
1371024,36.0
1371040,23.0
1371072,21.0
1371136,47.0
1371136,48.0
1371168,57.0
1371200,27.0
1371280,69.0
1371296,29.0
1371296,43.0
1371328,51.0
1371392,40.0
1371424,24.0
1371440,68.0
1371520,46.0
1371536,32.0
1371568,27.0
1371584,18.0
1371664,61.0
1371712,27.0
1371792,41.0
1371856,98.0
1371904,23.0
1371904,44.0
1372048,47.0
1372096,44.0
1372160,40.0
1372176,46.0
1372192,33.0
1372240,67.0
1372304,77.0
1372384,66.0
1372432,40.0
1372464,35.0
1372528,69.0
1372592,55.0
1372608,47.0
1372624,33.0
1372624,29.0
1372656,26.0
1372704,71.0
1372800,47.0
1372832,58.0
1372896,44.0
1372912,38.0
1372928,84.0
1373024,20.0
1373136,38.0
1373248,40.0
1373248,54.0
1373280,41.0
1373280,53.0
1373328,46.0
1373424,39.0
1373456,62.0
1373456,34.0
1373488,82.0
1373504,23.0
1373520,43.0
1373712,68.0
1373728,28.0
1373856,38.0
1373856,27.0
1373888,38.0
1373904,41.0
1373904,55.0
1373920,79.0
1373952,64.0
1373968,28.0
1373984,68.0
1374032,34.0
1374032,36.0
1374112,41.0
1374320,51.0
1374400,67.0
1374416,44.0
1374496,33.0
1374496,36.0
1374512,41.0
1374560,42.0
1374640,49.0
1374640,38.0
1374768,65.0
1374816,57.0
1374816,25.0
1374816,31.0
1374928,59.0
1374928,33.0
1375008,69.0
1375024,32.0
1375104,62.0
1375120,30.0
1375120,73.0
1375264,48.0
1375296,30.0
1375312,51.0
1375360,45.0
1375392,29.0
1375424,38.0
1375456,28.0
1375472,34.0
1375488,91.0
1375536,26.0
1375600,49.0
1375760,62.0
1375776,41.0
1375824,22.0
1375824,35.0
1375840,51.0
1375904,50.0
1375936,28.0
1376000,38.0
1376000,43.0
1376080,30.0
1376096,50.0
1376112,41.0
1376128,98.0
1376144,45.0
1376240,55.0
1376336,50.0
1376432,27.0
1376464,39.0
1376528,26.0
1376576,36.0
1376656,52.0
1376656,33.0
1376672,37.0
1376704,48.0
1376720,56.0
1376800,41.0
1376816,30.0
1376864,39.0
1376864,68.0
1376880,49.0
1376896,62.0
1377008,27.0
1377040,80.0
1377040,36.0
1377168,40.0
1377200,34.0
1377248,24.0
1377312,37.0
1377344,34.0
1377440,49.0
1377504,67.0
1377552,34.0
1377552,43.0
1377632,46.0
1377680,40.0
1377728,66.0
1377824,39.0
1377856,72.0
1377888,24.0
1377920,69.0
1377968,50.0
1377984,34.0
1378064,32.0
1378128,78.0
1378144,52.0
1378160,27.0
1378208,54.0
1378336,23.0
1378352,82.0
1378400,45.0
1378448,56.0
1378480,41.0
1378496,54.0
1378496,22.0
1378512,79.0
1378576,43.0
1378608,47.0
1378640,30.0
1378704,36.0
1378816,29.0
1378832,48.0
1378864,26.0
1378864,55.0
1378880,24.0
1378912,36.0
1378912,32.0
1378976,66.0
1378992,49.0
1379024,26.0
1379120,38.0
1379136,40.0
1379200,39.0
1379232,37.0
1379232,47.0
1379232,22.0
1379296,37.0
1379312,30.0
1379488,32.0
1379488,42.0
1379504,32.0
1379520,38.0
1379536,14.0
1379664,50.0
1379728,51.0
1379776,57.0
1379792,35.0
1379792,41.0
1379824,44.0
1379856,39.0
1379872,40.0
1379904,44.0
1380016,33.0
1380096,37.0
1380096,36.0
1380160,71.0
1380368,55.0
1380368,34.0
1380368,44.0
1380400,54.0
1380400,38.0
1380512,46.0
1380512,26.0
1380544,78.0
1380560,25.0
1380624,48.0
1380672,59.0
1380704,52.0
1380720,58.0
1380784,43.0
1380816,57.0
1380816,50.0
1380928,35.0
1380960,28.0
1381072,44.0
1381152,47.0
1381184,42.0
1381232,43.0
1381248,27.0
1381344,61.0
1381360,36.0
1381360,46.0
1381440,39.0
1381456,33.0
1381504,59.0
1381632,28.0
1381648,13.0
1381664,62.0
1381664,60.0
1381664,79.0
1381712,62.0
1381808,35.0
1381856,39.0
1381872,50.0
1381920,35.0
1382096,71.0
1382160,50.0
1382224,37.0
1382272,51.0
1382288,49.0
1382352,75.0
1382368,44.0
1382464,51.0
1382496,43.0
1382512,53.0
1382608,46.0
1382640,58.0
1382672,47.0
1382688,84.0
1382688,64.0
1382752,25.0
1382800,27.0
1382896,46.0
1382976,30.0
1383088,77.0
1383136,33.0
1383152,43.0
1383280,33.0
1383312,76.0
1383328,27.0
1383488,51.0
1383600,82.0
1383616,69.0
1383616,61.0
1383616,40.0
1383648,35.0
1383680,91.0
1383696,89.0
1383776,68.0
1383824,42.0
1383968,43.0
1384000,42.0
1384048,57.0
1384096,88.0
1384256,38.0
1384368,66.0
1384368,55.0
1384496,55.0
1384496,56.0
1384528,44.0
1384576,56.0
1384608,57.0
1384640,34.0
1384672,56.0
1384704,44.0
1384816,53.0
1384880,79.0
1384912,41.0
1384944,28.0
1384960,24.0
1385072,23.0
1385088,143.0
1385120,39.0
1385120,32.0
1385152,49.0
1385264,39.0
1385280,104.0
1385312,40.0
1385344,29.0
1385360,34.0
1385408,85.0
1385568,28.0
1385664,71.0
1385664,44.0
1385696,49.0
1385712,22.0
1385744,50.0
1385824,47.0
1385824,44.0
1385888,39.0
1385904,51.0
1385936,49.0
1385952,99.0
1385984,44.0
1386032,45.0
1386064,41.0
1386080,46.0
1386160,31.0
1386208,24.0
1386224,25.0
1386272,23.0
1386304,37.0
1386352,49.0
1386464,50.0
1386496,27.0
1386560,51.0
1386560,13.0
1386608,41.0
1386608,36.0
1386720,49.0
1386832,47.0
1386864,40.0
1386896,39.0
1386928,48.0
1386976,26.0
1387040,84.0
1387056,47.0
1387104,56.0
1387120,39.0
1387168,74.0
1387264,41.0
1387264,86.0
1387280,42.0
1387328,48.0
1387344,39.0
1387440,38.0
1387456,30.0
1387552,14.0
1387552,32.0
1387584,70.0
1387696,40.0
1387728,54.0
1387792,56.0
1387792,39.0
1387808,43.0
1387872,33.0
1387872,37.0
1387904,28.0
1387984,45.0
1388064,39.0
1388080,24.0
1388112,53.0
1388112,35.0
1388112,33.0
1388144,15.0
1388192,79.0
1388320,33.0
1388384,32.0
1388432,83.0
1388560,52.0
1388640,53.0
1388656,69.0
1388672,50.0
1388688,36.0
1388800,26.0
1388864,45.0
1388864,66.0
1388880,48.0
1388944,54.0
1389008,56.0
1389072,68.0
1389104,26.0
1389152,60.0
1389168,53.0
1389216,34.0
1389280,53.0
1389328,79.0
1389360,35.0
1389376,46.0
1389424,35.0
1389440,18.0
1389520,32.0
1389600,46.0
1389760,43.0
1389792,53.0
1389824,41.0
1389856,40.0
1389856,61.0
1389936,41.0
1389952,33.0
1390000,35.0
1390016,31.0
1390048,42.0
1390048,45.0
1390192,96.0
1390240,26.0
1390368,36.0
1390368,113.0
1390384,80.0
1390416,29.0
1390432,67.0
1390464,38.0
1390512,29.0
1390544,33.0
1390608,42.0
1390640,37.0
1390656,66.0
1390672,42.0
1390704,53.0
1390960,36.0
1390992,39.0
1391024,49.0
1391072,29.0
1391104,57.0
1391248,51.0
1391264,38.0
1391344,61.0
1391392,23.0
1391392,102.0
1391440,50.0
1391456,29.0
1391504,60.0
1391600,56.0
1391696,64.0
1391760,19.0
1391776,51.0
1391776,79.0
1391872,30.0
1391872,91.0
1391936,52.0
1392016,47.0
1392080,43.0
1392080,46.0
1392224,28.0
1392240,30.0
1392256,51.0
1392336,52.0
1392416,84.0
1392512,27.0
1392544,42.0
1392560,82.0
1392576,21.0
1392656,25.0
1392656,36.0
1392672,50.0
1392672,138.0
1392704,48.0
1392736,60.0
1392848,78.0
1392912,25.0
1393008,82.0
1393024,29.0
1393024,30.0
1393072,41.0
1393152,26.0
1393168,29.0
1393200,34.0
1393200,61.0
1393488,92.0
1393504,41.0
1393504,37.0
1393520,53.0
1393536,32.0
1393568,57.0
1393584,26.0
1393616,34.0
1393664,40.0
1393664,29.0
1393728,33.0
1393776,75.0
1393808,50.0
1393824,93.0
1393888,25.0
1394112,90.0
1394128,39.0
1394144,36.0
1394160,31.0
1394176,41.0
1394208,39.0
1394224,25.0
1394256,69.0
1394288,47.0
1394320,44.0
1394336,42.0
1394448,40.0
1394464,60.0
1394592,23.0
1394704,34.0
1394720,17.0
1394736,38.0
1394768,37.0
1394784,42.0
1394848,70.0
1394880,26.0
1394880,39.0
1394960,42.0
1395040,45.0
1395120,49.0
1395168,60.0
1395200,66.0
1395232,31.0
1395296,33.0
1395344,40.0
1395488,28.0
1395520,25.0
1395552,42.0
1395600,107.0
1395680,50.0
1395712,47.0
1395792,75.0
1395792,63.0
1395792,31.0
1395808,29.0
1395824,128.0
1395856,41.0
1395952,49.0
1396064,36.0
1396112,55.0
1396112,37.0
1396144,37.0
1396176,36.0
1396240,24.0
1396368,95.0
1396512,45.0
1396512,35.0
1396608,50.0
1396608,27.0
1396656,59.0
1396672,62.0
1396688,34.0
1396736,126.0
1396752,58.0
1396752,40.0
1396864,67.0
1396880,40.0
1396912,25.0
1396928,54.0
1397104,22.0
1397152,34.0
1397184,87.0
1397232,39.0
1397312,75.0
1397312,59.0
1397328,40.0
1397424,57.0
1397440,21.0
1397584,45.0
1397632,28.0
1397632,55.0
1397648,46.0
1397712,61.0
1397728,66.0
1397744,51.0
1397760,21.0
1397824,59.0
1397888,77.0
1397888,46.0
1398096,28.0
1398176,18.0
1398192,38.0
1398208,55.0
1398240,58.0
1398304,42.0
1398368,46.0
1398464,36.0
1398464,44.0
1398480,41.0
1398528,50.0
1398560,24.0
1398832,29.0
1398832,33.0
1398896,99.0
1398928,106.0
1398992,97.0
1399008,33.0
1399024,35.0
1399040,53.0
1399120,64.0
1399120,57.0
1399248,96.0
1399264,64.0
1399280,51.0
1399456,39.0
1399584,35.0
1399616,68.0
1399616,66.0
1399680,43.0
1399696,54.0
1399696,50.0
1399760,126.0
1399792,49.0
1399920,50.0
1399936,30.0
1399936,41.0
1399984,46.0
1399984,66.0
1400064,50.0
1400112,67.0
1400272,36.0
1400352,46.0
1400368,49.0
1400416,39.0
1400416,22.0
1400496,50.0
1400512,36.0
1400512,33.0
1400512,52.0
1400528,37.0
1400672,57.0
1400672,66.0
1400688,98.0
1400880,48.0
1400896,30.0
1400928,36.0
1400960,34.0
1401008,31.0
1401072,36.0
1401072,72.0
1401088,26.0
1401232,44.0
1401248,35.0
1401248,46.0
1401280,48.0
1401488,94.0
1401552,30.0
1401600,42.0
1401616,78.0
1401632,42.0
1401680,63.0
1401728,30.0
1401792,56.0
1401808,50.0
1401840,60.0
1401888,38.0
1401904,51.0
1401904,41.0
1401920,27.0
1401952,55.0
1402032,22.0
1402080,113.0
1402128,32.0
1402256,44.0
1402256,23.0
1402304,67.0
1402336,13.0
1402352,25.0
1402400,50.0
1402576,42.0
1402624,52.0
1402640,24.0
1402656,53.0
1402720,24.0
1402752,53.0
1402784,24.0
1402848,37.0
1402848,70.0
1402880,78.0
1402912,62.0
1403024,62.0
1403104,64.0
1403168,51.0
1403248,33.0
1403296,34.0
1403312,25.0
1403376,96.0
1403392,51.0
1403408,35.0
1403424,36.0
1403488,38.0
1403664,85.0
1403760,69.0
1403776,30.0
1403792,72.0
1403888,49.0
1404112,93.0
1404112,59.0
1404176,49.0
1404256,59.0
1404272,54.0
1404336,36.0
1404336,97.0
1404368,84.0
1404400,57.0
1404432,34.0
1404448,42.0
1404448,64.0
1404560,56.0
1404592,76.0
1404624,86.0
1404720,24.0
1404768,32.0
1404816,34.0
1404816,23.0
1404832,45.0
1404832,31.0
1404880,28.0
1404912,29.0
1405008,40.0
1405056,79.0
1405088,29.0
1405152,37.0
1405232,52.0
1405248,41.0
1405344,39.0
1405360,78.0
1405360,34.0
1405392,35.0
1405408,37.0
1405408,25.0
1405408,77.0
1405504,39.0
1405536,39.0
1405712,41.0
1405728,36.0
1405776,63.0
1405872,32.0
1405872,23.0
1405888,34.0
1405920,43.0
1405920,35.0
1406112,24.0
1406128,65.0
1406144,38.0
1406208,51.0
1406240,62.0
1406272,54.0
1406288,91.0
1406288,23.0
1406368,28.0
1406480,48.0
1406496,45.0
1406544,71.0
1406608,46.0
1406688,36.0
1406720,53.0
1406720,52.0
1406816,28.0
1406880,24.0
1406880,46.0
1406992,44.0
1407024,49.0
1407072,49.0
1407120,40.0
1407136,33.0
1407152,38.0
1407152,64.0
1407232,114.0
1407344,41.0
1407344,33.0
1407408,33.0
1407536,51.0
1407664,40.0
1407664,59.0
1407696,29.0
1407728,91.0
1407728,53.0
1407744,38.0
1407760,97.0
1407792,24.0
1407792,28.0
1407840,48.0
1407888,48.0
1407936,37.0
1408048,56.0
1408208,76.0
1408304,38.0
1408400,38.0
1408416,43.0
1408448,81.0
1408512,53.0
1408576,51.0
1408592,24.0
1408608,67.0
1408624,52.0
1408640,50.0
1408704,51.0
1408720,49.0
1408736,43.0
1408800,66.0
1408800,67.0
1408848,74.0
1408960,41.0
1409056,38.0
1409152,22.0
1409280,44.0
1409296,55.0
1409296,49.0
1409312,36.0
1409312,37.0
1409360,46.0
1409376,42.0
1409376,49.0
1409376,20.0
1409424,39.0
1409536,71.0
1409568,58.0
1409584,13.0
1409712,25.0
1409760,50.0
1409776,58.0
1409888,46.0
1409920,34.0
1409952,37.0
1409968,42.0
1409968,13.0
1409984,86.0
1410064,31.0
1410064,40.0
1410160,55.0
1410160,53.0
1410256,19.0
1410272,56.0
1410304,45.0
1410352,29.0
1410464,47.0
1410480,32.0
1410528,38.0
1410576,14.0
1410608,52.0
1410608,28.0
1410640,21.0
1410672,71.0
1410720,46.0
1410768,92.0
1410864,56.0
1410912,28.0
1410944,42.0
1411136,67.0
1411136,41.0
1411152,62.0
1411184,58.0
1411280,42.0
1411472,52.0
1411504,40.0
1411536,54.0
1411584,54.0
1411648,44.0
1411664,100.0
1411696,35.0
1411728,72.0
1411744,76.0
1411744,35.0
1411776,39.0
1411920,63.0
1411952,42.0
1412016,78.0
1412064,33.0
1412112,38.0
1412176,65.0
1412208,30.0
1412336,42.0
1412336,40.0
1412352,38.0
1412352,21.0
1412352,55.0
1412400,112.0
1412464,55.0
1412512,48.0
1412528,38.0
1412544,37.0
1412608,60.0
1412768,27.0
1412800,16.0
1412896,23.0
1412928,72.0
1412944,34.0
1412992,24.0
1413008,59.0
1413056,55.0
1413136,50.0
1413136,64.0
1413232,45.0
1413296,23.0
1413296,33.0
1413328,54.0
1413360,63.0
1413376,64.0
1413376,36.0
1413408,75.0
1413424,27.0
1413680,34.0
1413680,28.0
1413712,51.0
1413728,86.0
1413792,49.0
1413856,35.0
1413920,31.0
1413968,64.0
1413984,53.0
1413984,43.0
1414160,49.0
1414224,54.0
1414224,53.0
1414256,58.0
1414256,75.0
1414272,37.0
1414272,54.0
1414320,37.0
1414336,41.0
1414400,34.0
1414496,44.0
1414496,32.0
1414512,50.0
1414592,39.0
1414592,42.0
1414752,48.0
1414800,40.0
1414864,40.0
1414880,38.0
1414896,35.0
1415008,47.0
1415024,44.0
1415040,34.0
1415072,53.0
1415120,39.0
1415168,41.0
1415200,28.0
1415296,64.0
1415360,69.0
1415360,30.0
1415376,49.0
1415376,36.0
1415408,63.0
1415488,56.0
1415536,23.0
1415552,41.0
1415632,27.0
1415680,19.0
1415760,43.0
1415840,29.0
1415840,52.0
1415888,33.0
1415920,56.0
1415968,58.0
1415968,38.0
1416064,41.0
1416080,49.0
1416096,35.0
1416160,12.0
1416192,32.0
1416256,26.0
1416256,31.0
1416352,50.0
1416384,56.0
1416528,56.0
1416640,111.0
1416656,48.0
1416736,30.0
1416784,37.0
1416784,104.0
1416784,25.0
1416816,41.0
1416832,46.0
1416928,12.0
1416992,58.0
1417024,74.0
1417184,79.0
1417200,59.0
1417248,45.0
1417264,28.0
1417424,40.0
1417424,27.0
1417440,68.0
1417456,42.0
1417472,52.0
1417552,48.0
1417648,62.0
1417664,40.0
1417680,107.0
1417696,101.0
1417696,32.0
1417696,48.0
1417696,54.0
1417776,33.0
1417872,26.0
1417968,34.0
1417968,48.0
1418064,39.0
1418080,41.0
1418112,40.0
1418128,27.0
1418160,56.0
1418256,37.0
1418304,47.0
1418304,38.0
1418464,48.0
1418480,23.0
1418496,26.0
1418640,62.0
1418640,36.0
1418640,21.0
1418656,43.0
1418688,57.0
1418752,37.0
1418768,32.0
1418768,56.0
1418784,41.0
1418800,70.0
1418800,52.0
1418848,23.0
1418912,38.0
1419008,34.0
1419104,38.0
1419120,30.0
1419136,23.0
1419168,23.0
1419168,25.0
1419184,33.0
1419344,21.0
1419360,38.0
1419376,36.0
1419376,33.0
1419408,39.0
1419408,48.0
1419552,54.0
1419584,30.0
1419600,26.0
1419616,61.0
1419872,136.0
1419904,62.0
1420016,40.0
1420016,53.0
1420064,45.0
1420096,61.0
1420112,61.0
1420176,48.0
1420192,40.0
1420224,53.0
1420304,59.0
1420400,77.0
1420416,51.0
1420416,63.0
1420448,52.0
1420512,31.0
1420560,34.0
1420608,64.0
1420672,38.0
1420688,51.0
1420800,44.0
1420816,44.0
1420816,39.0
1420832,58.0
1420848,39.0
1420976,36.0
1421008,52.0
1421088,42.0
1421200,56.0
1421216,24.0
1421216,33.0
1421248,27.0
1421280,52.0
1421312,29.0
1421360,53.0
1421424,26.0
1421440,29.0
1421440,52.0
1421456,56.0
1421520,53.0
1421760,60.0
1421776,35.0
1421872,27.0
1421920,69.0
1421936,53.0
1421936,46.0
1422016,44.0
1422064,49.0
1422064,40.0
1422096,105.0
1422112,56.0
1422112,47.0
1422128,42.0
1422208,27.0
1422416,56.0
1422416,73.0
1422528,26.0
1422544,39.0
1422608,73.0
1422688,39.0
1422704,36.0
1422752,62.0
1422752,40.0
1422816,50.0
1422848,20.0
1422864,50.0
1422960,68.0
1422976,65.0
1423024,58.0
1423040,52.0
1423072,41.0
1423136,24.0
1423296,85.0
1423328,36.0
1423344,31.0
1423424,24.0
1423424,35.0
1423456,48.0
1423472,54.0
1423584,48.0
1423648,42.0
1423728,74.0
1423744,83.0
1423760,26.0
1423792,31.0
1423840,51.0
1424000,54.0
1424048,39.0
1424064,21.0
1424096,42.0
1424096,71.0
1424144,24.0
1424192,70.0
1424208,47.0
1424224,36.0
1424256,97.0
1424336,54.0
1424384,66.0
1424432,43.0
1424448,38.0
1424560,35.0
1424576,33.0
1424640,24.0
1424656,20.0
1424656,67.0
1424656,32.0
1424720,39.0
1424752,35.0
1424816,38.0
1424864,48.0
1424864,40.0
1424896,32.0
1424912,22.0
1424912,70.0
1424976,25.0
1425008,23.0
1425008,35.0
1425008,36.0
1425040,24.0
1425248,37.0
1425312,25.0
1425344,39.0
1425360,31.0
1425392,46.0
1425536,39.0
1425600,96.0
1425616,36.0
1425616,38.0
1425664,57.0
1425680,44.0
1425808,57.0
1425824,36.0
1425888,64.0
1425952,40.0
1426016,22.0
1426032,40.0
1426112,81.0
1426128,49.0
1426160,39.0
1426240,40.0
1426288,80.0
1426288,42.0
1426352,29.0
1426368,34.0
1426416,66.0
1426544,58.0
1426688,36.0
1426752,29.0
1426752,25.0
1426816,54.0
1426816,36.0
1426848,115.0
1426864,46.0
1426928,57.0
1427008,40.0
1427008,53.0
1427088,42.0
1427120,52.0
1427296,101.0
1427296,30.0
1427360,42.0
1427424,87.0
1427440,39.0
1427488,35.0
1427488,30.0
1427488,39.0
1427552,50.0
1427568,35.0
1427664,57.0
1427824,126.0
1427840,62.0
1427904,26.0
1427936,87.0
1427936,40.0
1427968,53.0
1428096,42.0
1428128,48.0
1428240,42.0
1428272,27.0
1428464,31.0
1428464,33.0
1428512,64.0
1428544,26.0
1428576,93.0
1428576,64.0
1428592,48.0
1428608,70.0
1428704,79.0
1428720,49.0
1428864,75.0
1428896,100.0
1428912,63.0
1428944,23.0
1429024,27.0
1429056,30.0
1429088,39.0
1429088,62.0
1429088,36.0
1429168,56.0
1429264,23.0
1429312,25.0
1429312,38.0
1429392,53.0
1429488,55.0
1429520,50.0
1429568,69.0
1429616,33.0
1429632,38.0
1429680,23.0
1429728,42.0
1429744,41.0
1429808,54.0
1429808,45.0
1429920,38.0
1429984,45.0
1430032,54.0
1430112,117.0
1430192,36.0
1430224,44.0
1430272,34.0
1430288,34.0
1430304,42.0
1430336,48.0
1430352,23.0
1430368,35.0
1430400,57.0
1430464,67.0
1430480,50.0
1430528,45.0
1430592,108.0
1430624,37.0
1430672,30.0
1430704,25.0
1430880,37.0
1430896,35.0
1430896,61.0
1430912,32.0
1430944,52.0
1431008,33.0
1431056,52.0
1431248,55.0
1431328,28.0
1431328,66.0
1431456,54.0
1431456,58.0
1431488,37.0
1431504,65.0
1431600,41.0
1431712,24.0
1431728,52.0
1431792,46.0
1431792,70.0
1431792,68.0
1431808,91.0
1431888,79.0
1432112,39.0
1432112,69.0
1432144,56.0
1432144,51.0
1432160,44.0
1432208,47.0
1432208,38.0
1432224,27.0
1432224,27.0
1432240,83.0
1432304,32.0
1432320,38.0
1432320,51.0
1432624,25.0
1432784,40.0
1432800,62.0
1432848,46.0
1432848,60.0
1432864,40.0
1432944,40.0
1432944,52.0
1432992,47.0
1432992,42.0
1433008,50.0
1433040,45.0
1433072,57.0
1433072,84.0
1433216,67.0
1433264,40.0
1433280,67.0
1433392,34.0
1433408,39.0
1433552,30.0
1433584,23.0
1433616,47.0
1433632,37.0
1433696,53.0
1433712,44.0
1433744,30.0
1433776,44.0
1433792,62.0
1433824,52.0
1433840,28.0
1434000,26.0
1434000,66.0
1434016,64.0
1434080,42.0
1434096,29.0
1434208,58.0
1434224,80.0
1434256,40.0
1434304,38.0
1434352,35.0
1434352,50.0
1434464,24.0
1434560,46.0
1434576,50.0
1434608,38.0
1434624,57.0
1434640,39.0
1434656,41.0
1434736,32.0
1434832,68.0
1434976,39.0
1435056,47.0
1435136,33.0
1435136,35.0
1435232,42.0
1435232,55.0
1435248,62.0
1435280,28.0
1435280,67.0
1435312,43.0
1435408,59.0
1435440,50.0
1435520,105.0
1435600,34.0
1435616,24.0
1435632,31.0
1435648,25.0
1435664,58.0
1435664,98.0
1435664,63.0
1435776,34.0
1435968,43.0
1435984,63.0
1436016,38.0
1436064,25.0
1436096,41.0
1436128,22.0
1436144,52.0
1436304,40.0
1436320,41.0
1436368,68.0
1436384,48.0
1436384,47.0
1436400,47.0
1436464,59.0
1436496,85.0
1436496,32.0
1436592,28.0
1436608,37.0
1436608,40.0
1436768,73.0
1436944,34.0
1436944,55.0
1436976,37.0
1436976,53.0
1436992,39.0
1436992,56.0
1436992,24.0
1437056,35.0
1437088,39.0
1437216,38.0
1437312,51.0
1437344,23.0
1437440,24.0
1437472,33.0
1437488,31.0
1437536,20.0
1437600,52.0
1437600,39.0
1437600,41.0
1437616,39.0
1437664,67.0
1437696,44.0
1437808,93.0
1437936,102.0
1437968,30.0
1437968,55.0
1438096,31.0
1438160,39.0
1438176,52.0
1438192,37.0
1438208,56.0
1438224,38.0
1438256,35.0
1438304,120.0
1438320,55.0
1438416,28.0
1438432,60.0
1438448,40.0
1438608,40.0
1438624,64.0
1438656,62.0
1438672,26.0
1438816,37.0
1438912,51.0
1438928,62.0
1439040,24.0
1439040,53.0
1439104,43.0
1439184,35.0
1439184,36.0
1439200,33.0
1439232,64.0
1439248,58.0
1439296,71.0
1439296,23.0
1439312,71.0
1439520,67.0
1439584,30.0
1439616,82.0
1439744,52.0
1439760,45.0
1439808,39.0
1439808,32.0
1439840,50.0
1439872,90.0
1439888,67.0
1439904,42.0
1440016,51.0
1440048,46.0
1440096,36.0
1440160,61.0
1440208,39.0
1440240,27.0
1440256,32.0
1440304,63.0
1440352,37.0
1440368,35.0
1440416,73.0
1440528,43.0
1440560,22.0
1440720,69.0
1440864,32.0
1440880,32.0
1440880,40.0
1440880,62.0
1440880,54.0
1440912,65.0
1440992,43.0
1441120,76.0
1441136,65.0
1441136,55.0
1441216,73.0
1441264,34.0
1441312,49.0
1441328,28.0
1441360,50.0
1441376,31.0
1441392,77.0
1441536,39.0
1441584,37.0
1441600,29.0
1441664,78.0
1441664,49.0
1441728,37.0
1441744,33.0
1441760,55.0
1441776,41.0
1441872,63.0
1441968,41.0
1442048,49.0
1442064,44.0
1442080,43.0
1442144,38.0
1442144,26.0
1442160,52.0
1442272,38.0
1442336,60.0
1442384,50.0
1442400,40.0
1442416,47.0
1442464,45.0
1442480,26.0
1442544,42.0
1442608,40.0
1442624,53.0
1442704,69.0
1442720,36.0
1442816,41.0
1442832,49.0
1442864,49.0
1442880,34.0
1442960,51.0
1443088,38.0
1443136,54.0
1443184,50.0
1443200,50.0
1443216,25.0
1443248,49.0
1443280,36.0
1443280,42.0
1443312,43.0
1443392,33.0
1443424,55.0
1443472,66.0
1443616,41.0
1443632,57.0
1443632,47.0
1443776,31.0
1443792,34.0
1443888,66.0
1443904,51.0
1443952,40.0
1444016,55.0
1444064,37.0
1444112,30.0
1444192,63.0
1444304,69.0
1444320,16.0
1444384,27.0
1444384,69.0
1444512,45.0
1444528,82.0
1444656,65.0
1444672,80.0
1444720,44.0
1444848,33.0
1444848,46.0
1444912,93.0
1444944,82.0
1444960,36.0
1444976,29.0
1445040,32.0
1445088,44.0
1445296,28.0
1445296,87.0
1445312,37.0
1445344,91.0
1445392,75.0
1445408,31.0
1445408,47.0
1445488,33.0
1445552,38.0
1445648,84.0
1445744,123.0
1445760,22.0
1445776,69.0
1445888,37.0
1445920,67.0
1445920,55.0
1445936,33.0
1445936,24.0
1445952,61.0
1446064,42.0
1446160,67.0
1446208,56.0
1446224,36.0
1446240,29.0
1446368,27.0
1446400,66.0
1446528,49.0
1446544,41.0
1446560,40.0
1446576,26.0
1446592,81.0
1446656,44.0
1446672,28.0
1446752,79.0
1446768,52.0
1446784,45.0
1446960,35.0
1447136,56.0
1447200,39.0
1447216,81.0
1447248,43.0
1447344,51.0
1447408,54.0
1447424,52.0
1447552,50.0
1447552,48.0
1447584,86.0
1447584,114.0
1447616,41.0
1447616,30.0
1447648,61.0
1447728,60.0
1447760,69.0
1447792,37.0
1447888,40.0
1447936,37.0
1447952,34.0
1447968,47.0
1448016,25.0
1448080,41.0
1448096,21.0
1448128,110.0
1448144,22.0
1448272,39.0
1448304,23.0
1448320,48.0
1448320,46.0
1448368,47.0
1448496,23.0
1448560,38.0
1448560,63.0
1448640,42.0
1448656,36.0
1448656,40.0
1448672,68.0
1448688,23.0
1448752,64.0
1448768,55.0
1448880,20.0
1448960,43.0
1449072,44.0
1449136,51.0
1449168,67.0
1449184,39.0
1449184,32.0
1449200,66.0
1449264,39.0
1449296,62.0
1449344,53.0
1449424,48.0
1449456,50.0
1449520,48.0
1449552,49.0
1449584,24.0
1449776,40.0
1449824,33.0
1449840,48.0
1449856,25.0
1449872,62.0
1449952,38.0
1449952,25.0
1450000,52.0
1450064,69.0
1450128,59.0
1450192,58.0
1450224,65.0
1450240,97.0
1450384,38.0
1450400,25.0
1450448,58.0
1450480,22.0
1450592,40.0
1450672,68.0
1450736,34.0
1450784,58.0
1450816,61.0
1450848,89.0
1450880,63.0
1450928,44.0
1450960,35.0
1450976,64.0
1451104,65.0
1451136,41.0
1451200,22.0
1451232,31.0
1451392,29.0
1451392,27.0
1451392,36.0
1451408,39.0
1451472,103.0
1451504,52.0
1451520,67.0
1451520,40.0
1451520,20.0
1451616,64.0
1451744,38.0
1451744,85.0
1451776,50.0
1451792,24.0
1451824,27.0
1451920,25.0
1452080,115.0
1452176,41.0
1452208,27.0
1452256,72.0
1452272,65.0
1452272,47.0
1452352,60.0
1452368,28.0
1452368,61.0
1452368,34.0
1452464,62.0
1452544,58.0
1452672,58.0
1452672,37.0
1452688,26.0
1452720,76.0
1452768,31.0
1452992,39.0
1453024,41.0
1453040,52.0
1453072,45.0
1453088,23.0
1453104,35.0
1453104,40.0
1453152,85.0
1453168,62.0
1453216,92.0
1453216,53.0
1453232,61.0
1453264,36.0
1453328,35.0
1453456,26.0
1453552,28.0
1453584,57.0
1453712,31.0
1453760,34.0
1453792,29.0
1453840,43.0
1453856,54.0
1453856,52.0
1453888,45.0
1453920,53.0
1453920,52.0
1454064,32.0
1454128,91.0
1454192,60.0
1454224,40.0
1454256,50.0
1454256,34.0
1454304,65.0
1454368,79.0
1454416,35.0
1454448,38.0
1454512,39.0
1454672,55.0
1454784,26.0
1454896,52.0
1454912,45.0
1454944,43.0
1455008,44.0
1455008,55.0
1455072,53.0
1455072,72.0
1455072,72.0
1455088,83.0
1455136,80.0
1455184,58.0
1455312,23.0
1455312,56.0
1455376,18.0
1455408,60.0
1455520,46.0
1455600,68.0
1455712,40.0
1455728,45.0
1455744,42.0
1455776,29.0
1455872,54.0
1455888,51.0
1455936,50.0
1455968,49.0
1455968,41.0
1456048,71.0
1456064,87.0
1456160,79.0
1456272,33.0
1456304,37.0
1456336,25.0
1456336,38.0
1456368,62.0
1456416,51.0
1456448,30.0
1456496,27.0
1456512,34.0
1456560,32.0
1456656,55.0
1456656,49.0
1456688,24.0
1456688,33.0
1456704,27.0
1456752,26.0
1456784,56.0
1456848,32.0
1456912,34.0
1456944,96.0
1457040,95.0
1457056,40.0
1457136,40.0
1457168,45.0
1457200,32.0
1457344,52.0
1457344,43.0
1457376,45.0
1457392,40.0
1457408,35.0
1457616,57.0
1457680,70.0
1457712,58.0
1457712,21.0
1457808,56.0
1457808,26.0
1457824,55.0
1457840,31.0
1457888,52.0
1457920,77.0
1457920,49.0
1457936,46.0
1457968,58.0
1458016,53.0
1458064,24.0
1458160,51.0
1458224,21.0
1458336,23.0
1458400,36.0
1458448,24.0
1458480,48.0
1458560,47.0
1458576,46.0
1458688,80.0
1458688,42.0
1458736,51.0
1458768,60.0
1458816,69.0
1458944,45.0
1458976,85.0
1458992,52.0
1459008,68.0
1459088,38.0
1459200,47.0
1459232,52.0
1459296,38.0
1459296,45.0
1459408,53.0
1459424,27.0
1459440,44.0
1459584,56.0
1459648,52.0
1459664,56.0
1459664,83.0
1459744,113.0
1459776,50.0
1459776,48.0
1459872,58.0
1459872,28.0
1459888,50.0
1460064,52.0
1460096,43.0
1460160,36.0
1460192,33.0
1460224,35.0
1460256,32.0
1460256,24.0
1460288,62.0
1460432,62.0
1460608,88.0
1460656,49.0
1460688,27.0
1460704,26.0
1460752,43.0
1460784,39.0
1460784,37.0
1460784,56.0
1460816,35.0
1460912,43.0
1461024,108.0
1461088,30.0
1461136,93.0
1461200,24.0
1461216,35.0
1461248,29.0
1461248,92.0
1461264,35.0
1461280,74.0
1461296,34.0
1461312,55.0
1461408,45.0
1461488,36.0
1461600,36.0
1461616,115.0
1461680,56.0
1461776,29.0
1461856,40.0
1461856,38.0
1461920,41.0
1461968,52.0
1461984,46.0
1462048,79.0
1462096,51.0
1462160,54.0
1462176,36.0
1462208,45.0
1462240,72.0
1462240,35.0
1462336,30.0
1462432,41.0
1462480,27.0
1462480,80.0
1462512,56.0
1462528,34.0
1462560,72.0
1462624,33.0
1462672,32.0
1462672,51.0
1462752,32.0
1462832,57.0
1462912,44.0
1463024,53.0
1463104,30.0
1463104,39.0
1463120,72.0
1463136,41.0
1463184,39.0
1463232,62.0
1463264,46.0
1463328,51.0
1463360,43.0
1463408,31.0
1463504,47.0
1463520,43.0
1463568,28.0
1463664,27.0
1463728,87.0
1463808,44.0
1463824,87.0
1463888,44.0
1463984,60.0
1464000,56.0
1464000,27.0
1464064,41.0
1464112,24.0
1464288,39.0
1464288,58.0
1464304,102.0
1464368,23.0
1464416,26.0
1464432,73.0
1464464,25.0
1464480,41.0
1464480,72.0
1464528,40.0
1464544,64.0
1464576,48.0
1464816,82.0
1464816,105.0
1464848,27.0
1464864,36.0
1464880,36.0
1464928,29.0
1464976,31.0
1464992,28.0
1465120,40.0
1465200,42.0
1465216,53.0
1465232,22.0
1465312,55.0
1465312,75.0
1465344,85.0
1465424,36.0
1465536,45.0
1465584,24.0
1465664,42.0
1465680,51.0
1465712,71.0
1465728,24.0
1465760,92.0
1465792,42.0
1465856,20.0
1465936,60.0
1465968,34.0
1466048,46.0
1466048,52.0
1466080,79.0
1466128,51.0
1466128,75.0
1466160,25.0
1466176,24.0
1466352,43.0
1466368,49.0
1466384,33.0
1466512,49.0
1466608,58.0
1466640,37.0
1466720,63.0
1466800,42.0
1466800,98.0
1466832,44.0
1466912,46.0
1466928,35.0
1466944,56.0
1466976,63.0
1466992,66.0
1467056,42.0
1467072,35.0
1467072,45.0
1467312,30.0
1467328,33.0
1467344,79.0
1467376,24.0
1467376,46.0
1467424,23.0
1467440,32.0
1467456,46.0
1467456,53.0
1467552,47.0
1467584,40.0
1467584,32.0
1467696,49.0
1467744,25.0
1467792,26.0
1467808,103.0
1467824,53.0
1468000,42.0
1468000,35.0
1468016,13.0
1468032,41.0
1468064,38.0
1468144,43.0
1468160,68.0
1468256,52.0
1468272,36.0
1468288,44.0
1468288,61.0
1468336,49.0
1468336,37.0
1468384,50.0
1468512,43.0
1468816,42.0
1468864,36.0
1468928,40.0
1468944,57.0
1468944,43.0
1469056,45.0
1469136,71.0
1469200,43.0
1469248,27.0
1469296,23.0
1469344,80.0
1469360,26.0
1469360,64.0
1469360,85.0
1469536,72.0
1469552,110.0
1469552,96.0
1469632,21.0
1469696,35.0
1469744,55.0
1469776,33.0
1469776,94.0
1469840,40.0
1469888,52.0
1469920,61.0
1469968,39.0
1469968,38.0
1469968,26.0
1470096,46.0
1470224,129.0
1470272,36.0
1470288,41.0
1470320,49.0
1470336,37.0
1470368,30.0
1470416,40.0
1470480,70.0
1470496,33.0
1470528,43.0
1470656,69.0
1470672,44.0
1470688,29.0
1470736,51.0
1470752,41.0
1470816,33.0
1470848,32.0
1470928,38.0
1471072,50.0
1471104,71.0
1471248,55.0
1471264,21.0
1471312,51.0
1471344,98.0
1471376,43.0
1471392,46.0
1471408,37.0
1471440,43.0
1471504,61.0
1471536,54.0
1471568,68.0
1471680,36.0
1471712,40.0
1471760,64.0
1471840,36.0
1471888,30.0
1471984,98.0
1472032,49.0
1472048,75.0
1472096,45.0
1472096,26.0
1472160,51.0
1472160,53.0
1472192,39.0
1472224,24.0
1472240,46.0
1472256,51.0
1472256,31.0
1472352,60.0
1472528,51.0
1472528,30.0
1472544,63.0
1472544,28.0
1472608,26.0
1472624,37.0
1472640,30.0
1472688,44.0
1472704,29.0
1472800,34.0
1472832,42.0
1472848,60.0
1472944,45.0
1472960,21.0
1472976,21.0
1472992,28.0
1472992,46.0
1473040,31.0
1473040,32.0
1473152,34.0
1473200,23.0
1473312,39.0
1473328,30.0
1473456,58.0
1473504,44.0
1473504,72.0
1473520,33.0
1473536,36.0
1473584,93.0
1473600,41.0
1473616,39.0
1473616,29.0
1473664,60.0
1473696,41.0
1473760,45.0
1473968,40.0
1474016,65.0
1474016,44.0
1474112,57.0
1474128,37.0
1474176,45.0
1474176,41.0
1474192,36.0
1474208,38.0
1474496,52.0
1474528,48.0
1474672,34.0
1474688,67.0
1474736,77.0
1474784,75.0
1474896,55.0
1474912,46.0
1474928,46.0
1474960,91.0
1474960,49.0
1475056,65.0
1475104,56.0
1475104,62.0
1475136,40.0
1475136,73.0
1475328,25.0
1475360,36.0
1475360,52.0
1475376,26.0
1475392,31.0
1475392,106.0
1475408,28.0
1475424,47.0
1475488,47.0
1475552,54.0
1475744,38.0
1475776,40.0
1475808,28.0
1475824,57.0
1475872,48.0
1475968,40.0
1476000,39.0
1476064,32.0
1476144,47.0
1476224,51.0
1476240,55.0
1476256,54.0
1476256,75.0
1476352,30.0
1476384,60.0
1476496,43.0
1476496,63.0
1476512,34.0
1476640,31.0
1476688,29.0
1476800,66.0
1476800,106.0
1476832,36.0
1476896,41.0
1476960,74.0
1477040,61.0
1477072,35.0
1477072,24.0
1477152,50.0
1477168,49.0
1477216,76.0
1477248,62.0
1477296,50.0
1477312,93.0
1477392,47.0
1477504,44.0
1477584,39.0
1477616,23.0
1477632,71.0
1477696,34.0
1477712,26.0
1477712,57.0
1477728,41.0
1477840,48.0
1478000,60.0
1478064,53.0
1478160,53.0
1478192,81.0
1478208,65.0
1478208,39.0
1478352,32.0
1478432,44.0
1478432,58.0
1478432,65.0
1478448,51.0
1478480,49.0
1478496,104.0
1478592,55.0
1478624,12.0
1478640,27.0
1478656,65.0
1478752,35.0
1478784,49.0
1478928,36.0
1479072,54.0
1479120,40.0
1479152,25.0
1479232,50.0
1479232,50.0
1479280,41.0
1479312,45.0
1479376,58.0
1479424,49.0
1479456,109.0
1479536,47.0
1479600,59.0
1479632,92.0
1479696,48.0
1479712,25.0
1479712,103.0
1479744,37.0
1479760,79.0
1479776,41.0
1479856,49.0
1479856,39.0
1479920,24.0
1480000,39.0
1480048,39.0
1480112,52.0
1480128,56.0
1480160,33.0
1480160,44.0
1480288,27.0
1480304,37.0
1480304,28.0
1480320,25.0
1480448,42.0
1480448,53.0
1480464,48.0
1480576,26.0
1480640,33.0
1480656,56.0
1480720,61.0
1480736,27.0
1480752,39.0
1480768,66.0
1480896,36.0
1480912,57.0
1480928,40.0
1480960,32.0
1480960,41.0
1481024,28.0
1481024,54.0
1481168,70.0
1481216,47.0
1481216,12.0
1481232,37.0
1481232,30.0
1481264,51.0
1481488,35.0
1481504,30.0
1481632,57.0
1481664,63.0
1481680,45.0
1481712,51.0
1481712,30.0
1481744,36.0
1481872,71.0
1481904,26.0
1482000,23.0
1482048,24.0
1482080,73.0
1482144,55.0
1482176,59.0
1482224,32.0
1482272,82.0
1482304,68.0
1482352,71.0
1482416,46.0
1482512,27.0
1482528,39.0
1482624,116.0
1482640,40.0
1482704,60.0
1482768,39.0
1482800,36.0
1482832,60.0
1482832,70.0
1482896,53.0
1482928,47.0
1482944,90.0
1482992,45.0
1483056,44.0
1483056,40.0
1483072,27.0
1483216,57.0
1483264,46.0
1483280,41.0
1483344,52.0
1483392,35.0
1483456,41.0
1483520,51.0
1483552,38.0
1483584,51.0
1483600,48.0
1483712,51.0
1483744,51.0
1483744,47.0
1483792,45.0
1483840,49.0
1484016,47.0
1484096,34.0
1484240,74.0
1484240,33.0
1484256,32.0
1484304,49.0
1484352,35.0
1484400,63.0
1484432,72.0
1484432,53.0
1484448,62.0
1484448,53.0
1484480,71.0
1484512,81.0
1484688,37.0
1484736,56.0
1484800,66.0
1484816,24.0
1484832,25.0
1484848,38.0
1484992,34.0
1485088,43.0
1485088,49.0
1485104,37.0
1485104,39.0
1485232,61.0
1485264,33.0
1485360,23.0
1485408,11.0
1485456,41.0
1485488,65.0
1485520,44.0
1485520,27.0
1485520,80.0
1485536,44.0
1485552,96.0
1485584,31.0
1485632,49.0
1485664,82.0
1485728,39.0
1485744,66.0
1485744,40.0
1485760,31.0
1485808,20.0
1485840,20.0
1485952,26.0
1486032,39.0
1486080,35.0
1486112,41.0
1486176,41.0
1486192,27.0
1486192,35.0
1486208,53.0
1486224,35.0
1486256,33.0
1486352,20.0
1486384,40.0
1486400,41.0
1486432,39.0
1486560,23.0
1486624,27.0
1486624,32.0
1486640,35.0
1486640,66.0
1486656,69.0
1486704,31.0
1486736,56.0
1486864,13.0
1486928,61.0
1486976,26.0
1487072,21.0
1487088,52.0
1487120,43.0
1487168,59.0
1487232,55.0
1487248,39.0
1487344,60.0
1487424,35.0
1487424,50.0
1487440,50.0
1487472,52.0
1487568,25.0
1487584,88.0
1487584,29.0
1487616,43.0
1487632,35.0
1487792,87.0
1487840,54.0
1487920,76.0
1487984,32.0
1488032,38.0
1488064,51.0
1488064,52.0
1488192,36.0
1488192,39.0
1488224,50.0
1488240,50.0
1488336,47.0
1488352,79.0
1488384,65.0
1488384,34.0
1488448,24.0
1488496,36.0
1488512,30.0
1488528,29.0
1488592,25.0
1488608,24.0
1488656,64.0
1488720,46.0
1488832,31.0
1488848,66.0
1488928,43.0
1488992,38.0
1489024,27.0
1489120,96.0
1489232,44.0
1489232,65.0
1489248,25.0
1489264,47.0
1489280,39.0
1489280,52.0
1489312,60.0
1489456,67.0
1489456,53.0
1489568,34.0
1489616,49.0
1489632,25.0
1489696,44.0
1489728,77.0
1489744,39.0
1489776,29.0
1489824,56.0
1490016,47.0
1490032,50.0
1490032,36.0
1490128,32.0
1490128,88.0
1490176,45.0
1490208,58.0
1490320,67.0
1490336,66.0
1490384,38.0
1490448,47.0
1490448,55.0
1490464,46.0
1490528,49.0
1490528,56.0
1490592,35.0
1490768,46.0
1490784,38.0
1490800,29.0
1490864,46.0
1490896,23.0
1490960,52.0
1491008,35.0
1491024,40.0
1491024,35.0
1491024,63.0
1491040,52.0
1491056,46.0
1491168,84.0
1491216,48.0
1491376,36.0
1491392,27.0
1491408,40.0
1491408,55.0
1491520,46.0
1491552,33.0
1491552,31.0
1491600,63.0
1491648,38.0
1491728,13.0
1491744,36.0
1491808,59.0
1491856,52.0
1491952,34.0
1492032,30.0
1492064,53.0
1492096,43.0
1492096,44.0
1492240,76.0
1492320,82.0
1492336,49.0
1492336,60.0
1492336,90.0
1492368,39.0
1492480,52.0
1492496,48.0
1492496,34.0
1492496,25.0
1492576,21.0
1492592,35.0
1492592,46.0
1492624,35.0
1492720,57.0
1492784,43.0
1492864,33.0
1492912,82.0
1492976,31.0
1493056,27.0
1493104,32.0
1493104,38.0
1493168,42.0
1493168,28.0
1493232,54.0
1493232,56.0
1493312,33.0
1493328,52.0
1493344,30.0
1493504,28.0
1493568,25.0
1493600,31.0
1493616,40.0
1493696,70.0
1493728,71.0
1493760,41.0
1493792,55.0
1493808,93.0
1493824,31.0
1493952,40.0
1493984,47.0
1494016,28.0
1494096,37.0
1494176,115.0
1494192,60.0
1494224,66.0
1494288,43.0
1494304,30.0
1494336,45.0
1494352,63.0
1494400,38.0
1494496,32.0
1494496,50.0
1494544,23.0
1494576,35.0
1494752,59.0
1494800,67.0
1494848,28.0
1494912,51.0
1494944,47.0
1494960,29.0
1495040,29.0
1495040,68.0
1495232,58.0
1495232,92.0
1495328,36.0
1495408,57.0
1495408,54.0
1495408,67.0
1495440,40.0
1495504,76.0
1495520,73.0
1495552,20.0
1495552,37.0
1495584,85.0
1495696,53.0
1495712,50.0
1495776,23.0
1495840,50.0
1495936,31.0
1495936,33.0
1495984,59.0
1495984,47.0
1496016,67.0
1496112,37.0
1496160,36.0
1496208,50.0
1496224,33.0
1496256,20.0
1496256,20.0
1496304,47.0
1496368,37.0
1496384,55.0
1496448,46.0
1496480,58.0
1496576,29.0
1496608,39.0
1496720,46.0
1496864,64.0
1496928,39.0
1496928,13.0
1496976,47.0
1497040,41.0
1497056,36.0
1497088,58.0
1497136,58.0
1497152,49.0
1497200,59.0
1497232,41.0
1497248,120.0
1497328,55.0
1497408,72.0
1497520,27.0
1497568,33.0
1497632,41.0
1497648,65.0
1497712,41.0
1497760,109.0
1497792,35.0
1497824,56.0
1497856,38.0
1497888,60.0
1497968,48.0
1497968,51.0
1498000,71.0
1498128,38.0
1498320,62.0
1498320,57.0
1498368,38.0
1498384,31.0
1498400,27.0
1498432,49.0
1498480,39.0
1498496,54.0
1498592,91.0
1498656,41.0
1498656,59.0
1498704,71.0
1498832,65.0
1498864,29.0
1498864,34.0
1498928,17.0
1499008,39.0
1499104,49.0
1499104,39.0
1499136,44.0
1499248,47.0
1499296,83.0
1499344,47.0
1499376,34.0
1499504,86.0
1499536,55.0
1499552,74.0
1499600,111.0
1499632,48.0
1499648,32.0
1499648,40.0
1499680,36.0
1499744,65.0
1499824,45.0
1499856,30.0
1499920,66.0
1499968,26.0
1500032,22.0
1500176,36.0
1500208,29.0
1500224,25.0
1500224,55.0
1500256,60.0
1500272,40.0
1500304,41.0
1500320,67.0
1500336,88.0
1500416,57.0
1500416,35.0
1500448,57.0
1500480,32.0
1500576,58.0
1500624,25.0
1500672,40.0
1500736,26.0
1500784,38.0
1500832,39.0
1500864,35.0
1500960,34.0
1501024,48.0
1501104,52.0
1501104,74.0
1501152,23.0
1501152,44.0
1501184,44.0
1501296,27.0
1501424,75.0
1501520,35.0
1501584,25.0
1501616,29.0
1501616,80.0
1501632,30.0
1501776,59.0
1501776,42.0
1501792,73.0
1501872,36.0
1501920,78.0
1501952,53.0
1501968,97.0
1501968,77.0
1501984,88.0
1502048,27.0
1502096,20.0
1502096,32.0
1502112,30.0
1502192,42.0
1502224,50.0
1502336,23.0
1502368,47.0
1502416,23.0
1502448,22.0
1502464,32.0
1502528,41.0
1502624,40.0
1502656,43.0
1502656,34.0
1502688,31.0
1502720,59.0
1502720,106.0
1502784,54.0
1502992,39.0
1503024,38.0
1503040,59.0
1503056,25.0
1503088,47.0
1503248,49.0
1503248,91.0
1503312,37.0
1503344,39.0
1503472,43.0
1503520,56.0
1503536,68.0
1503584,85.0
1503600,36.0
1503632,61.0
1503648,41.0
1503728,65.0
1503808,48.0
1503904,53.0
1503952,26.0
1503968,23.0
1503984,42.0
1504048,26.0
1504064,26.0
1504128,38.0
1504128,25.0
1504160,36.0
1504192,45.0
1504208,105.0
1504272,23.0
1504288,65.0
1504480,22.0
1504608,40.0
1504640,37.0
1504720,46.0
1504784,90.0
1504800,42.0
1504864,111.0
1504896,68.0
1504896,39.0
1504944,49.0
1504960,63.0
1505120,52.0
1505168,24.0
1505168,61.0
1505232,39.0
1505264,34.0
1505376,56.0
1505424,39.0
1505456,78.0
1505456,35.0
1505472,52.0
1505472,38.0
1505504,34.0
1505664,45.0
1505712,103.0
1505728,52.0
1505760,37.0
1505776,34.0
1505840,24.0
1506048,58.0
1506064,43.0
1506160,24.0
1506176,44.0
1506256,47.0
1506304,52.0
1506432,63.0
1506464,81.0
1506560,53.0
1506576,53.0
1506608,28.0
1506656,213.0
1506688,77.0
1506704,54.0
1506720,91.0
1506880,70.0
1506880,26.0
1506960,24.0
1507040,62.0
1507088,89.0
1507104,65.0
1507232,66.0
1507248,43.0
1507280,61.0
1507296,54.0
1507312,37.0
1507344,41.0
1507344,46.0
1507456,50.0
1507456,75.0
1507504,50.0
1507568,43.0
1507632,42.0
1507776,30.0
1507856,48.0
1507872,48.0
1507952,42.0
1508016,28.0
1508016,35.0
1508016,44.0
1508032,72.0
1508080,52.0
1508112,48.0
1508144,57.0
1508144,40.0
1508192,72.0
1508352,45.0
1508384,58.0
1508432,26.0
1508496,26.0
1508560,43.0
1508560,38.0
1508576,24.0
1508608,31.0
1508624,37.0
1508704,43.0
1508704,58.0
1508816,24.0
1508832,51.0
1508928,49.0
1508992,103.0
1508992,40.0
1509008,39.0
1509136,32.0
1509248,34.0
1509312,38.0
1509360,54.0
1509392,49.0
1509408,97.0
1509440,28.0
1509472,57.0
1509536,44.0
1509616,65.0
1509632,40.0
1509776,48.0
1509792,54.0
1509792,24.0
1509808,35.0
1509920,38.0
1509936,34.0
1509952,87.0
1510048,43.0
1510144,42.0
1510176,40.0
1510192,128.0
1510256,90.0
1510256,29.0
1510368,47.0
1510464,64.0
1510592,40.0
1510640,54.0
1510672,33.0
1510672,65.0
1510720,57.0
1510736,43.0
1510800,34.0
1510816,105.0
1510848,57.0
1510912,62.0
1510944,36.0
1511072,51.0
1511168,36.0
1511184,28.0
1511248,66.0
1511280,38.0
1511328,43.0
1511360,74.0
1511376,33.0
1511408,46.0
1511472,63.0
1511488,106.0
1511504,43.0
1511504,35.0
1511632,24.0
1511680,38.0
1511680,48.0
1511744,59.0
1511760,65.0
1511808,33.0
1511824,41.0
1511856,42.0
1512160,41.0
1512160,42.0
1512176,50.0
1512176,23.0
1512208,53.0
1512240,57.0
1512288,51.0
1512384,47.0
1512384,61.0
1512400,41.0
1512496,40.0
1512528,53.0
1512544,49.0
1512560,66.0
1512576,47.0
1512624,29.0
1512720,35.0
1512752,23.0
1512832,37.0
1512880,30.0
1512928,40.0
1512976,37.0
1513088,88.0
1513136,60.0
1513168,38.0
1513184,41.0
1513200,62.0
1513200,64.0
1513328,52.0
1513392,42.0
1513392,40.0
1513472,37.0
1513536,28.0
1513616,43.0
1513664,52.0
1513680,71.0
1513712,33.0
1513728,25.0
1513728,47.0
1513760,39.0
1513856,41.0
1513856,80.0
1513936,82.0
1514000,29.0
1514048,36.0
1514096,26.0
1514096,56.0
1514144,61.0
1514208,51.0
1514256,25.0
1514272,35.0
1514336,59.0
1514448,49.0
1514512,36.0
1514544,58.0
1514656,50.0
1514720,39.0
1514752,38.0
1514784,36.0
1514784,32.0
1514880,72.0
1514880,39.0
1514976,76.0
1515040,82.0
1515056,21.0
1515072,64.0
1515088,68.0
1515088,62.0
1515168,52.0
1515328,34.0
1515328,36.0
1515360,51.0
1515680,64.0
1515760,44.0
1515760,55.0
1515760,45.0
1515792,84.0
1515824,65.0
1515888,51.0
1515952,39.0
1515968,40.0
1516032,72.0
1516048,96.0
1516048,60.0
1516064,61.0
1516176,26.0
1516192,64.0
1516208,53.0
1516400,28.0
1516400,36.0
1516464,44.0
1516528,30.0
1516544,30.0
1516544,47.0
1516592,101.0
1516608,27.0
1516800,48.0
1516816,48.0
1516912,44.0
1516928,73.0
1516928,25.0
1516944,47.0
1516944,66.0
1516960,35.0
1516960,26.0
1516976,23.0
1516992,64.0
1517024,35.0
1517040,85.0
1517040,40.0
1517200,41.0
1517312,22.0
1517312,23.0
1517520,35.0
1517520,38.0
1517552,32.0
1517568,61.0
1517600,25.0
1517616,51.0
1517696,47.0
1517712,46.0
1517744,45.0
1517760,48.0
1517808,31.0
1517840,64.0
1517888,23.0
1518032,45.0
1518160,77.0
1518256,46.0
1518288,42.0
1518320,48.0
1518336,46.0
1518432,43.0
1518464,56.0
1518480,45.0
1518496,49.0
1518528,100.0
1518544,53.0
1518560,42.0
1518576,34.0
1518720,105.0
1518720,57.0
1518816,33.0
1518816,41.0
1518864,24.0
1519008,36.0
1519072,38.0
1519088,33.0
1519120,39.0
1519136,38.0
1519168,53.0
1519232,41.0
1519280,46.0
1519280,35.0
1519376,41.0
1519408,37.0
1519440,36.0
1519456,24.0
1519488,30.0
1519520,74.0
1519584,83.0
1519600,110.0
1519680,25.0
1519712,56.0
1519712,34.0
1519888,47.0
1519984,54.0
1520048,37.0
1520048,48.0
1520128,47.0
1520144,66.0
1520192,60.0
1520320,55.0
1520400,57.0
1520432,52.0
1520448,25.0
1520560,55.0
1520560,72.0
1520560,53.0
1520576,43.0
1520688,35.0
1520688,34.0
1520704,45.0
1520704,70.0
1520736,21.0
1520752,44.0
1520784,67.0
1520832,25.0
1521040,53.0
1521056,46.0
1521104,41.0
1521152,29.0
1521312,112.0
1521424,54.0
1521472,27.0
1521488,44.0
1521536,61.0
1521536,50.0
1521600,56.0
1521632,67.0
1521792,68.0
1521808,41.0
1521936,74.0
1521968,71.0
1522112,66.0
1522144,91.0
1522176,24.0
1522176,40.0
1522176,40.0
1522192,35.0
1522224,57.0
1522240,51.0
1522272,21.0
1522304,108.0
1522384,49.0
1522544,67.0
1522576,48.0
1522640,96.0
1522800,39.0
1522816,34.0
1522832,41.0
1522848,38.0
1522864,42.0
1522992,94.0
1523024,50.0
1523056,42.0
1523168,62.0
1523184,38.0
1523248,71.0
1523280,82.0
1523312,30.0
1523344,31.0
1523376,36.0
1523408,54.0
1523424,49.0
1523456,40.0
1523472,38.0
1523632,40.0
1523648,39.0
1523824,95.0
1523840,41.0
1523840,24.0
1523856,32.0
1523968,57.0
1523984,115.0
1523984,38.0
1524016,53.0
1524016,48.0
1524048,36.0
1524096,51.0
1524112,50.0
1524112,43.0
1524160,32.0
1524224,37.0
1524240,52.0
1524416,25.0
1524480,23.0
1524576,46.0
1524592,38.0
1524592,30.0
1524704,46.0
1524720,35.0
1524736,57.0
1524800,60.0
1524832,61.0
1524848,50.0
1524896,50.0
1524944,44.0
1524976,60.0
1525088,69.0
1525248,32.0
1525376,42.0
1525392,61.0
1525440,54.0
1525456,46.0
1525504,57.0
1525520,39.0
1525568,46.0
1525584,46.0
1525632,65.0
1525712,39.0
1525728,58.0
1525744,50.0
1525872,39.0
1525952,28.0
1525984,33.0
1526000,38.0
1526000,95.0
1526048,38.0
1526096,117.0
1526160,40.0
1526288,44.0
1526320,43.0
1526352,61.0
1526352,49.0
1526368,41.0
1526432,35.0
1526544,50.0
1526560,36.0
1526560,35.0
1526608,38.0
1526656,58.0
1526800,53.0
1526864,31.0
1526912,121.0
1526944,41.0
1526992,40.0
1527008,60.0
1527040,43.0
1527056,56.0
1527200,55.0
1527216,42.0
1527232,27.0
1527296,46.0
1527376,59.0
1527392,81.0
1527488,31.0
1527520,54.0
1527632,43.0
1527648,40.0
1527664,66.0
1527664,47.0
1527728,54.0
1527744,74.0
1527744,23.0
1527776,18.0
1527840,49.0
1527872,40.0
1527904,43.0
1527952,47.0
1528128,52.0
1528272,33.0
1528304,27.0
1528416,86.0
1528432,30.0
1528448,38.0
1528480,51.0
1528512,54.0
1528528,39.0
1528528,49.0
1528688,73.0
1528688,81.0
1528704,36.0
1528784,63.0
1528848,36.0
1528864,71.0
1529040,39.0
1529072,90.0
1529120,37.0
1529136,92.0
1529184,44.0
1529200,22.0
1529232,58.0
1529248,35.0
1529248,51.0
1529328,34.0
1529392,59.0
1529456,26.0
1529488,49.0
1529504,40.0
1529584,66.0
1529616,31.0
1529632,70.0
1529808,30.0
1529808,42.0
1529856,73.0
1529888,40.0
1529936,43.0
1530000,51.0
1530064,38.0
1530080,63.0
1530112,55.0
1530272,43.0
1530336,28.0
1530352,53.0
1530368,55.0
1530480,80.0
1530624,63.0
1530640,44.0
1530640,33.0
1530736,55.0
1530832,64.0
1530832,90.0
1530848,49.0
1530864,54.0
1530896,35.0
1531024,41.0
1531024,59.0
1531072,21.0
1531120,82.0
1531216,54.0
1531248,101.0
1531312,42.0
1531360,46.0
1531360,55.0
1531392,23.0
1531424,35.0
1531424,33.0
1531456,39.0
1531488,40.0
1531504,54.0
1531600,36.0
1531648,36.0
1531664,52.0
1531808,24.0
1531888,40.0
1531936,39.0
1532048,52.0
1532048,43.0
1532112,43.0
1532128,48.0
1532256,47.0
1532304,53.0
1532352,54.0
1532400,63.0
1532400,133.0
1532416,48.0
1532464,54.0
1532480,37.0
1532512,29.0
1532592,29.0
1532608,59.0
1532656,53.0
1532800,24.0
1532864,51.0
1533008,56.0
1533040,40.0
1533056,36.0
1533104,44.0
1533104,124.0
1533184,37.0
1533200,43.0
1533232,48.0
1533248,82.0
1533248,37.0
1533440,68.0
1533488,39.0
1533520,32.0
1533552,81.0
1533728,89.0
1533760,35.0
1533776,45.0
1533792,22.0
1533824,76.0
1533840,46.0
1533840,50.0
1533888,41.0
1533920,46.0
1533952,44.0
1534096,34.0
1534128,25.0
1534176,41.0
1534192,68.0
1534240,62.0
1534352,37.0
1534368,37.0
1534448,38.0
1534448,33.0
1534496,41.0
1534496,106.0
1534512,39.0
1534528,65.0
1534576,49.0
1534608,23.0
1534640,51.0
1534736,38.0
1534864,43.0
1534912,60.0
1534928,25.0
1534976,33.0
1535024,58.0
1535152,50.0
1535168,41.0
1535216,36.0
1535216,48.0
1535280,49.0
1535312,46.0
1535328,45.0
1535376,55.0
1535408,65.0
1535456,79.0
1535552,40.0
1535600,42.0
1535600,39.0
1535648,23.0
1535680,32.0
1535712,19.0
1535776,65.0
1535792,58.0
1535904,47.0
1535936,39.0
1536080,66.0
1536096,40.0
1536112,25.0
1536112,56.0
1536144,58.0
1536144,29.0
1536176,53.0
1536192,51.0
1536192,26.0
1536192,40.0
1536256,29.0
1536384,49.0
1536528,58.0
1536768,39.0
1536784,38.0
1536784,71.0
1536800,44.0
1536832,40.0
1536832,40.0
1536832,47.0
1536880,48.0
1536976,67.0
1536992,38.0
1536992,46.0
1537040,32.0
1537056,54.0
1537072,58.0
1537120,21.0
1537168,25.0
1537248,26.0
1537360,24.0
1537408,92.0
1537440,24.0
1537456,84.0
1537600,33.0
1537648,41.0
1537696,57.0
1537712,57.0
1537712,42.0
1537712,55.0
1537760,58.0
1537824,41.0
1537872,29.0
1537888,40.0
1537904,64.0
1538000,63.0
1538080,24.0
1538096,41.0
1538096,40.0
1538208,38.0
1538240,33.0
1538256,56.0
1538336,27.0
1538352,40.0
1538448,36.0
1538496,86.0
1538528,51.0
1538592,22.0
1538608,33.0
1538624,33.0
1538656,41.0
1538816,35.0
1538864,65.0
1538880,49.0
1538880,77.0
1538976,68.0
1538976,28.0
1538992,49.0
1539072,30.0
1539152,41.0
1539152,44.0
1539168,88.0
1539216,35.0
1539376,25.0
1539440,68.0
1539456,36.0
1539456,70.0
1539536,58.0
1539552,42.0
1539568,44.0
1539600,49.0
1539616,40.0
1539664,65.0
1539696,39.0
1539856,44.0
1539952,36.0
1539952,32.0
1539984,51.0
1540000,34.0
1540144,72.0
1540240,44.0
1540256,25.0
1540320,48.0
1540400,28.0
1540416,26.0
1540448,53.0
1540512,85.0
1540512,59.0
1540512,56.0
1540512,81.0
1540624,58.0
1540656,42.0
1540688,64.0
1540768,33.0
1540816,26.0
1540880,23.0
1541024,44.0
1541024,38.0
1541056,69.0
1541136,39.0
1541152,40.0
1541168,45.0
1541200,36.0
1541216,60.0
1541216,33.0
1541392,36.0
1541424,25.0
1541440,42.0
1541520,54.0
1541552,131.0
1541584,26.0
1541600,25.0
1541616,35.0
1541664,95.0
1541664,49.0
1541712,75.0
1541712,35.0
1541936,45.0
1541968,52.0
1542048,52.0
1542048,24.0
1542080,35.0
1542112,43.0
1542112,35.0
1542128,69.0
1542192,30.0
1542320,55.0
1542320,46.0
1542336,59.0
1542368,25.0
1542384,49.0
1542384,48.0
1542416,30.0
1542432,24.0
1542576,24.0
1542608,59.0
1542624,36.0
1542704,39.0
1542704,36.0
1542752,65.0
1542784,42.0
1542832,32.0
1542848,46.0
1542944,35.0
1543024,40.0
1543040,44.0
1543200,48.0
1543216,23.0
1543216,38.0
1543232,41.0
1543312,62.0
1543328,44.0
1543328,57.0
1543360,36.0
1543392,64.0
1543488,28.0
1543504,42.0
1543520,12.0
1543552,38.0
1543712,60.0
1543760,34.0
1543760,46.0
1543808,28.0
1543856,72.0
1543888,43.0
1543936,45.0
1544000,43.0
1544032,20.0
1544064,32.0
1544080,36.0
1544160,58.0
1544192,54.0
1544224,29.0
1544256,46.0
1544272,98.0
1544288,50.0
1544384,39.0
1544400,29.0
1544432,65.0
1544480,28.0
1544496,38.0
1544608,47.0
1544608,33.0
1544624,35.0
1544704,56.0
1544736,30.0
1544864,37.0
1544880,55.0
1544896,38.0
1544912,47.0
1544976,23.0
1545008,51.0
1545024,40.0
1545120,31.0
1545152,45.0
1545280,55.0
1545312,51.0
1545360,41.0
1545520,32.0
1545536,58.0
1545584,53.0
1545600,30.0
1545632,30.0
1545664,90.0
1545712,43.0
1545776,55.0
1545808,59.0
1545808,31.0
1545808,33.0
1545824,53.0
1545888,88.0
1545936,64.0
1546064,34.0
1546160,33.0
1546176,32.0
1546192,30.0
1546304,48.0
1546304,23.0
1546384,38.0
1546400,95.0
1546400,21.0
1546400,65.0
1546464,41.0
1546496,38.0
1546528,59.0
1546544,24.0
1546560,46.0
1546592,25.0
1546592,12.0
1546768,73.0
1546800,62.0
1546832,64.0
1546832,33.0
1546896,32.0
1546896,45.0
1546912,22.0
1546928,39.0
1547040,40.0
1547072,34.0
1547072,33.0
1547104,40.0
1547168,42.0
1547184,37.0
1547200,25.0
1547248,53.0
1547296,44.0
1547360,29.0
1547536,40.0
1547648,55.0
1547648,34.0
1547728,50.0
1547792,60.0
1547856,59.0
1547888,40.0
1547984,50.0
1548000,52.0
1548048,61.0
1548048,63.0
1548064,33.0
1548064,54.0
1548080,27.0
1548096,79.0
1548208,20.0
1548256,60.0
1548352,35.0
1548368,45.0
1548432,24.0
1548496,71.0
1548528,42.0
1548560,29.0
1548576,94.0
1548672,38.0
1548688,60.0
1548752,47.0
1548864,51.0
1548912,24.0
1548960,55.0
1548976,62.0
1549008,50.0
1549040,38.0
1549168,57.0
1549232,54.0
1549232,73.0
1549248,24.0
1549360,42.0
1549392,65.0
1549488,46.0
1549488,58.0
1549568,37.0
1549584,63.0
1549632,37.0
1549632,39.0
1549648,72.0
1549728,23.0
1549856,59.0
1549904,42.0
1549952,44.0
1549968,30.0
1550016,24.0
1550080,57.0
1550080,37.0
1550080,70.0
1550096,44.0
1550128,56.0
1550208,40.0
1550224,40.0
1550240,37.0
1550256,99.0
1550368,29.0
1550432,50.0
1550480,25.0
1550496,48.0
1550512,41.0
1550544,33.0
1550592,22.0
1550640,42.0
1550688,46.0
1550720,40.0
1550752,34.0
1550768,42.0
1550816,21.0
1550848,48.0
1550912,41.0
1550928,50.0
1550928,31.0
1550960,46.0
1551120,27.0
1551168,50.0
1551168,25.0
1551184,37.0
1551248,44.0
1551264,21.0
1551296,49.0
1551312,24.0
1551376,46.0
1551392,42.0
1551408,57.0
1551440,33.0
1551568,51.0
1551712,37.0
1551744,31.0
1551744,58.0
1551744,49.0
1551808,25.0
1551856,43.0
1551888,65.0
1551920,46.0
1551984,42.0
1552112,59.0
1552144,36.0
1552208,59.0
1552272,35.0
1552320,59.0
1552400,63.0
1552416,70.0
1552464,45.0
1552464,36.0
1552496,40.0
1552512,33.0
1552512,48.0
1552544,50.0
1552608,73.0
1552704,56.0
1552720,32.0
1552800,43.0
1552800,55.0
1552816,26.0
1552864,45.0
1552928,27.0
1552976,32.0
1553008,31.0
1553072,50.0
1553120,44.0
1553152,40.0
1553168,35.0
1553168,39.0
1553184,45.0
1553232,57.0
1553312,38.0
1553376,36.0
1553392,42.0
1553472,31.0
1553536,46.0
1553664,53.0
1553712,34.0
1553728,34.0
1553744,42.0
1553808,43.0
1553824,60.0
1553840,42.0
1553856,34.0
1553920,43.0
1554000,67.0
1554000,39.0
1554016,63.0
1554032,31.0
1554080,38.0
1554224,52.0
1554240,68.0
1554400,43.0
1554448,38.0
1554448,49.0
1554480,25.0
1554512,32.0
1554512,41.0
1554528,38.0
1554576,36.0
1554592,48.0
1554592,54.0
1554608,50.0
1554640,26.0
1554720,61.0
1554912,32.0
1554976,59.0
1555008,25.0
1555008,62.0
1555008,30.0
1555088,53.0
1555168,37.0
1555200,38.0
1555232,45.0
1555248,50.0
1555264,18.0
1555344,39.0
1555504,66.0
1555520,55.0
1555584,42.0
1555600,37.0
1555648,66.0
1555648,24.0
1555680,37.0
1555728,76.0
1555744,34.0
1555872,33.0
1555968,60.0
1556016,31.0
1556032,19.0
1556032,64.0
1556096,31.0
1556160,58.0
1556192,64.0
1556288,38.0
1556288,49.0
1556432,53.0
1556432,35.0
1556432,122.0
1556512,54.0
1556528,49.0
1556640,42.0
1556672,41.0
1556736,68.0
1556736,44.0
1556816,49.0
1556912,47.0
1556960,28.0
1557040,38.0
1557200,57.0
1557216,49.0
1557248,125.0
1557248,66.0
1557248,72.0
1557328,43.0
1557344,42.0
1557376,53.0
1557424,62.0
1557600,43.0
1557616,50.0
1557728,62.0
1557824,96.0
1557840,39.0
1557920,42.0
1558016,48.0
1558080,41.0
1558096,56.0
1558128,49.0
1558176,28.0
1558208,73.0
1558288,57.0
1558304,43.0
1558320,30.0
1558368,65.0
1558432,74.0
1558496,96.0
1558640,51.0
1558656,66.0
1558816,38.0
1558816,56.0
1558848,47.0
1558848,52.0
1558848,30.0
1558896,51.0
1558912,38.0
1558944,48.0
1559008,55.0
1559024,143.0
1559104,42.0
1559136,51.0
1559184,34.0
1559328,65.0
1559328,32.0
1559424,48.0
1559456,60.0
1559552,40.0
1559568,35.0
1559664,51.0
1559744,38.0
1559760,36.0
1559856,63.0
1559888,27.0
1559984,71.0
1560032,76.0
1560032,38.0
1560144,51.0
1560192,28.0
1560208,41.0
1560256,58.0
1560288,39.0
1560352,78.0
1560368,21.0
1560368,84.0
1560384,33.0
1560384,93.0
1560400,52.0
1560496,97.0
1560496,46.0
1560672,40.0
1560672,43.0
1560720,52.0
1560800,32.0
1560816,27.0
1560880,39.0
1560880,32.0
1560912,48.0
1560960,29.0
1560976,49.0
1560992,40.0
1561024,19.0
1561072,54.0
1561120,28.0
1561120,45.0
1561264,24.0
1561264,37.0
1561424,65.0
1561424,29.0
1561552,35.0
1561568,41.0
1561584,49.0
1561584,68.0
1561632,51.0
1561648,42.0
1561744,39.0
1561792,45.0
1561856,61.0
1561888,54.0
1561920,41.0
1561952,23.0
1561968,20.0
1562160,65.0
1562160,36.0
1562160,56.0
1562208,41.0
1562224,23.0
1562240,51.0
1562272,24.0
1562288,34.0
1562352,24.0
1562448,51.0
1562512,45.0
1562544,70.0
1562544,24.0
1562624,44.0
1562688,26.0
1562688,70.0
1562688,145.0
1562864,41.0
1562880,37.0
1562896,46.0
1563008,29.0
1563040,51.0
1563072,45.0
1563184,42.0
1563232,80.0
1563264,36.0
1563312,43.0
1563408,33.0
1563424,35.0
1563456,76.0
1563504,20.0
1563616,67.0
1563616,58.0
1563680,95.0
1563680,40.0
1563712,51.0
1563824,35.0
1563856,88.0
1563856,34.0
1563872,23.0
1563968,46.0
1564000,36.0
1564000,24.0
1564048,37.0
1564096,68.0
1564128,90.0
1564176,69.0
1564240,52.0
1564304,28.0
1564432,38.0
1564464,37.0
1564464,29.0
1564480,50.0
1564480,48.0
1564512,52.0
1564640,49.0
1564656,35.0
1564720,69.0
1564784,49.0
1564800,52.0
1564864,25.0
1564944,44.0
1564960,41.0
1565008,60.0
1565024,34.0
1565040,57.0
1565072,40.0
1565200,30.0
1565200,34.0
1565264,50.0
1565296,41.0
1565312,52.0
1565344,24.0
1565360,74.0
1565392,55.0
1565488,44.0
1565504,44.0
1565584,34.0
1565776,48.0
1565808,54.0
1565856,41.0
1565888,31.0
1565920,27.0
1565936,36.0
1565936,39.0
1565936,54.0
1565952,58.0
1565952,47.0
1566032,48.0
1566112,78.0
1566144,40.0
1566176,23.0
1566368,49.0
1566400,39.0
1566400,69.0
1566416,67.0
1566560,39.0
1566592,41.0
1566592,41.0
1566592,42.0
1566688,41.0
1566800,39.0
1566816,60.0
1566816,44.0
1566976,38.0
1567056,31.0
1567104,76.0
1567184,24.0
1567200,24.0
1567200,66.0
1567232,40.0
1567264,42.0
1567344,58.0
1567376,49.0
1567392,44.0
1567536,71.0
1567632,105.0
1567648,52.0
1567648,42.0
1567648,34.0
1567808,38.0
1567808,36.0
1567824,27.0
1567824,40.0
1567936,42.0
1568032,52.0
1568064,45.0
1568144,31.0
1568208,72.0
1568224,36.0
1568288,41.0
1568384,35.0
1568400,153.0
1568416,37.0
1568432,31.0
1568480,59.0
1568528,45.0
1568560,135.0
1568576,48.0
1568624,26.0
1568800,72.0
1568800,41.0
1568864,50.0
1568896,54.0
1568944,45.0
1568960,42.0
1569024,34.0
1569040,30.0
1569104,45.0
1569120,31.0
1569136,110.0
1569168,37.0
1569168,47.0
1569184,49.0
1569216,26.0
1569296,48.0
1569392,33.0
1569392,22.0
1569408,28.0
1569536,46.0
1569536,40.0
1569600,41.0
1569616,31.0
1569744,36.0
1569840,27.0
1569920,49.0
1569968,96.0
1569968,47.0
1570000,38.0
1570064,55.0
1570096,44.0
1570096,58.0
1570192,28.0
1570224,75.0
1570272,46.0
1570400,81.0
1570480,55.0
1570512,56.0
1570560,45.0
1570608,82.0
1570640,69.0
1570672,28.0
1570704,38.0
1570720,41.0
1570736,48.0
1570832,52.0
1570832,40.0
1570896,50.0
1570896,26.0
1571040,70.0
1571056,49.0
1571072,69.0
1571232,35.0
1571232,33.0
1571360,47.0
1571440,45.0
1571456,26.0
1571456,35.0
1571456,51.0
1571472,40.0
1571488,37.0
1571616,55.0
1571664,38.0
1571712,75.0
1571760,43.0
1571792,35.0
1571808,23.0
1571824,37.0
1571888,83.0
1571904,28.0
1572096,30.0
1572176,111.0
1572208,53.0
1572240,33.0
1572240,47.0
1572288,52.0
1572416,37.0
1572416,32.0
1572432,48.0
1572448,101.0
1572480,63.0
1572528,40.0
1572720,34.0
1572768,63.0
1572784,34.0
1572784,31.0
1572896,69.0
1572960,94.0
1572976,46.0
1572992,32.0
1572992,29.0
1573168,24.0
1573184,61.0
1573232,51.0
1573232,51.0
1573264,73.0
1573360,23.0
1573424,41.0
1573424,28.0
1573472,43.0
1573504,67.0
1573568,53.0
1573648,26.0
1573680,43.0
1573760,122.0
1573792,56.0
1573824,40.0
1573872,40.0
1573904,25.0
1573904,30.0
1573936,32.0
1573952,94.0
1573952,37.0
1574096,26.0
1574112,72.0
1574208,59.0
1574208,28.0
1574272,39.0
1574304,71.0
1574336,54.0
1574336,48.0
1574352,26.0
1574384,37.0
1574416,32.0
1574560,41.0
1574640,43.0
1574656,44.0
1574768,56.0
1574816,45.0
1574960,43.0
1574976,40.0
1574976,40.0
1575024,75.0
1575072,54.0
1575152,53.0
1575216,69.0
1575232,29.0
1575280,29.0
1575440,30.0
1575520,69.0
1575536,35.0
1575536,72.0
1575616,61.0
1575712,66.0
1575776,47.0
1575856,36.0
1575920,43.0
1575984,102.0
1575984,111.0
1575984,89.0
1576096,59.0
1576240,44.0
1576256,17.0
1576272,75.0
1576352,51.0
1576368,41.0
1576368,32.0
1576416,75.0
1576464,53.0
1576464,64.0
1576528,63.0
1576528,97.0
1576592,31.0
1576608,21.0
1576672,47.0
1576688,57.0
1576752,48.0
1576976,32.0
1577008,47.0
1577024,38.0
1577040,42.0
1577072,45.0
1577232,39.0
1577344,41.0
1577344,47.0
1577376,71.0
1577392,40.0
1577504,95.0
1577504,65.0
1577520,32.0
1577616,37.0
1577680,72.0
1577776,50.0
1577776,44.0
1577792,17.0
1577792,79.0
1577888,34.0
1577904,25.0
1577904,96.0
1577920,43.0
1578016,61.0
1578064,28.0
1578208,54.0
1578352,28.0
1578416,40.0
1578432,66.0
1578432,65.0
1578464,35.0
1578496,45.0
1578512,52.0
1578576,49.0
1578608,51.0
1578672,125.0
1578688,42.0
1578736,51.0
1579008,27.0
1579008,50.0
1579008,34.0
1579072,45.0
1579088,64.0
1579184,47.0
1579216,50.0
1579248,47.0
1579264,110.0
1579280,42.0
1579392,44.0
1579456,64.0
1579520,28.0
1579520,32.0
1579520,32.0
1579536,64.0
1579632,56.0
1579648,61.0
1579824,35.0
1579840,52.0
1579872,41.0
1579872,22.0
1579904,28.0
1579920,52.0
1580000,132.0
1580016,39.0
1580160,57.0
1580304,49.0
1580352,33.0
1580448,79.0
1580448,51.0
1580480,60.0
1580528,62.0
1580544,40.0
1580544,56.0
1580576,44.0
1580608,48.0
1580624,84.0
1580752,52.0
1580752,47.0
1580752,25.0
1580784,39.0
1580960,41.0
1580992,61.0
1580992,70.0
1581024,36.0
1581040,35.0
1581056,30.0
1581120,32.0
1581216,27.0
1581232,44.0
1581296,34.0
1581344,50.0
1581344,50.0
1581456,31.0
1581488,28.0
1581568,59.0
1581648,41.0
1581696,22.0
1581712,41.0
1581712,60.0
1581792,28.0
1581824,44.0
1581904,57.0
1581920,92.0
1581968,30.0
1582032,36.0
1582048,52.0
1582048,64.0
1582176,30.0
1582208,57.0
1582320,98.0
1582336,48.0
1582512,54.0
1582544,40.0
1582560,40.0
1582592,55.0
1582608,86.0
1582608,40.0
1582672,39.0
1582736,35.0
1582784,36.0
1582800,48.0
1582832,65.0
1583008,81.0
1583040,62.0
1583072,47.0
1583120,81.0
1583136,36.0
1583216,44.0
1583248,40.0
1583344,42.0
1583424,37.0
1583440,69.0
1583504,31.0
1583520,58.0
1583568,33.0
1583568,64.0
1583584,28.0
1583664,26.0
1583680,56.0
1583696,22.0
1583728,62.0
1583760,40.0
1583824,47.0
1583856,66.0
1583936,31.0
1583984,35.0
1584016,20.0
1584048,52.0
1584080,31.0
1584240,42.0
1584288,39.0
1584288,49.0
1584304,34.0
1584384,111.0
1584448,39.0
1584464,46.0
1584560,44.0
1584624,66.0
1584640,70.0
1584640,35.0
1584672,41.0
1584704,26.0
1584784,30.0
1584832,53.0
1584848,24.0
1584912,54.0
1584992,82.0
1585040,69.0
1585072,32.0
1585216,61.0
1585248,38.0
1585296,37.0
1585328,44.0
1585344,60.0
1585376,29.0
1585392,59.0
1585392,45.0
1585456,73.0
1585472,40.0
1585488,44.0
1585648,41.0
1585664,21.0
1585696,53.0
1585744,44.0
1585776,35.0
1585792,31.0
1585808,35.0
1585840,48.0
1585904,35.0
1585920,80.0
1585952,30.0
1586048,41.0
1586064,42.0
1586160,22.0
1586160,31.0
1586224,36.0
1586240,25.0
1586288,32.0
1586320,54.0
1586352,54.0
1586384,37.0
1586464,34.0
1586480,27.0
1586512,38.0
1586672,45.0
1586688,23.0
1586704,83.0
1586704,34.0
1586720,21.0
1586736,65.0
1586800,40.0
1586800,46.0
1586832,34.0
1586928,43.0
1586928,28.0
1587024,80.0
1587024,42.0
1587136,21.0
1587200,43.0
1587232,35.0
1587312,68.0
1587360,33.0
1587360,41.0
1587376,43.0
1587376,41.0
1587440,26.0
1587520,66.0
1587536,32.0
1587584,41.0
1587584,53.0
1587616,51.0
1587696,62.0
1587856,30.0
1587872,42.0
1587920,34.0
1588032,56.0
1588048,70.0
1588064,23.0
1588096,46.0
1588176,35.0
1588176,37.0
1588224,44.0
1588288,44.0
1588304,28.0
1588304,54.0
1588336,61.0
1588336,64.0
1588448,76.0
1588448,57.0
1588496,29.0
1588544,42.0
1588544,28.0
1588560,40.0
1588576,25.0
1588624,25.0
1588656,38.0
1588688,39.0
1588752,26.0
1588800,39.0
1588816,23.0
1588848,35.0
1588848,34.0
1589008,29.0
1589168,42.0
1589168,54.0
1589216,48.0
1589232,38.0
1589248,44.0
1589280,45.0
1589344,34.0
1589360,12.0
1589408,47.0
1589440,39.0
1589472,45.0
1589520,74.0
1589520,59.0
1589536,16.0
1589648,50.0
1589696,63.0
1589696,43.0
1589792,59.0
1589904,35.0
1589984,47.0
1590032,39.0
1590064,51.0
1590080,38.0
1590080,40.0
1590096,25.0
1590128,48.0
1590144,39.0
1590224,33.0
1590336,50.0
1590432,79.0
1590464,20.0
1590496,37.0
1590592,59.0
1590624,35.0
1590688,35.0
1590688,44.0
1590704,39.0
1590736,44.0
1590784,62.0
1590784,44.0
1590784,79.0
1590816,100.0
1590976,24.0
1591104,23.0
1591136,65.0
1591152,51.0
1591232,34.0
1591248,35.0
1591280,49.0
1591328,22.0
1591392,60.0
1591408,74.0
1591536,47.0
1591552,68.0
1591568,49.0
1591616,29.0
1591728,59.0
1591728,57.0
1591744,31.0
1591792,41.0
1591824,45.0
1591840,32.0
1591856,39.0
1591952,24.0
1592000,86.0
1592096,43.0
1592160,39.0
1592192,57.0
1592192,29.0
1592208,41.0
1592256,32.0
1592320,44.0
1592336,59.0
1592480,39.0
1592544,47.0
1592560,38.0
1592608,119.0
1592608,49.0
1592608,55.0
1592672,36.0
1592816,21.0
1592832,62.0
1592832,42.0
1592832,14.0
1592880,42.0
1592896,40.0
1592944,59.0
1592992,41.0
1593008,51.0
1593008,43.0
1593104,57.0
1593136,36.0
1593264,37.0
1593328,45.0
1593392,35.0
1593408,25.0
1593472,30.0
1593472,54.0
1593488,41.0
1593488,37.0
1593584,48.0
1593616,67.0
1593664,33.0
1593712,38.0
1593760,23.0
1593776,52.0
1593776,48.0
1593776,56.0
1593792,60.0
1593920,37.0
1593952,30.0
1594048,36.0
1594192,44.0
1594224,51.0
1594320,52.0
1594320,25.0
1594336,35.0
1594368,44.0
1594400,49.0
1594400,28.0
1594464,47.0
1594480,43.0
1594528,47.0
1594640,37.0
1594688,58.0
1594784,37.0
1594848,30.0
1594864,80.0
1594912,103.0
1594928,29.0
1594960,40.0
1594992,76.0
1595120,56.0
1595136,50.0
1595136,46.0
1595168,40.0
1595200,45.0
1595200,35.0
1595216,51.0
1595216,27.0
1595232,57.0
1595360,23.0
1595392,30.0
1595456,38.0
1595568,44.0
1595600,24.0
1595792,42.0
1595824,38.0
1595856,29.0
1595936,63.0
1595936,50.0
1595952,47.0
1595952,79.0
1596016,35.0
1596064,52.0
1596064,56.0
1596192,66.0
1596256,81.0
1596368,73.0
1596384,33.0
1596384,20.0
1596480,57.0
1596528,37.0
1596544,38.0
1596560,75.0
1596656,40.0
1596736,22.0
1596768,51.0
1596784,33.0
1596816,62.0
1596944,62.0
1597024,40.0
1597072,55.0
1597088,38.0
1597184,51.0
1597216,41.0
1597232,44.0
1597296,30.0
1597296,106.0
1597312,36.0
1597408,84.0
1597440,42.0
1597536,37.0
1597584,50.0
1597680,118.0
1597696,72.0
1597760,69.0
1597760,43.0
1597760,34.0
1597920,46.0
1598000,35.0
1598064,48.0
1598080,48.0
1598112,44.0
1598128,56.0
1598240,44.0
1598368,28.0
1598384,43.0
1598400,51.0
1598448,23.0
1598464,86.0
1598528,53.0
1598544,78.0
1598576,97.0
1598624,54.0
1598624,24.0
1598688,35.0
1598768,41.0
1598816,51.0
1598896,71.0
1598976,33.0
1598992,38.0
1599008,29.0
1599152,47.0
1599152,33.0
1599232,26.0
1599296,45.0
1599296,38.0
1599344,99.0
1599392,39.0
1599408,84.0
1599424,56.0
1599424,27.0
1599488,30.0
1599504,65.0
1599632,46.0
1599664,65.0
1599680,44.0
1599728,27.0
1599744,28.0
1599760,87.0
1599936,32.0
1599952,29.0
1599968,51.0
1600000,38.0
1600016,42.0
1600144,29.0
1600240,36.0
1600320,73.0
1600336,52.0
1600352,38.0
1600400,48.0
1600448,64.0
1600464,46.0
1600528,33.0
1600528,35.0
1600608,75.0
1600672,22.0
1600688,46.0
1600816,36.0
1600832,100.0
1600880,46.0
1600912,56.0
1600912,72.0
1600928,37.0
1600944,63.0
1601056,37.0
1601088,25.0
1601280,55.0
1601312,40.0
1601344,62.0
1601392,29.0
1601392,36.0
1601488,36.0
1601520,62.0
1601536,58.0
1601536,68.0
1601552,42.0
1601648,70.0
1601680,48.0
1601680,53.0
1601792,44.0
1601808,54.0
1601872,37.0
1601952,40.0
1601968,36.0
1602048,35.0
1602112,37.0
1602128,30.0
1602160,51.0
1602176,39.0
1602192,71.0
1602320,23.0
1602320,32.0
1602336,59.0
1602384,53.0
1602400,45.0
1602432,40.0
1602544,27.0
1602640,60.0
1602688,35.0
1602704,52.0
1602768,37.0
1602800,52.0
1602816,31.0
1602848,43.0
1602944,56.0
1602976,49.0
1603056,39.0
1603072,46.0
1603120,27.0
1603168,49.0
1603184,54.0
1603248,25.0
1603248,107.0
1603296,30.0
1603312,34.0
1603408,48.0
1603408,44.0
1603488,32.0
1603536,71.0
1603568,48.0
1603584,65.0
1603680,35.0
1603744,43.0
1603808,40.0
1603808,39.0
1603824,32.0
1603904,52.0
1603904,41.0
1603904,60.0
1604032,39.0
1604048,40.0
1604128,24.0
1604240,35.0
1604256,63.0
1604304,51.0
1604336,50.0
1604384,51.0
1604400,23.0
1604480,42.0
1604480,36.0
1604496,75.0
1604528,45.0
1604672,48.0
1604688,54.0
1604704,41.0
1604816,77.0
1604848,29.0
1604864,46.0
1604960,30.0
1604976,31.0
1605024,45.0
1605040,44.0
1605040,40.0
1605104,53.0
1605184,32.0
1605264,36.0
1605296,48.0
1605392,93.0
1605440,75.0
1605472,39.0
1605664,39.0
1605696,37.0
1605760,79.0
1605792,58.0
1605792,38.0
1605840,28.0
1605856,72.0
1605920,69.0
1605984,63.0
1606112,51.0
1606112,22.0
1606128,69.0
1606176,46.0
1606192,45.0
1606288,64.0
1606320,39.0
1606400,85.0
1606416,36.0
1606432,20.0
1606464,50.0
1606480,43.0
1606496,44.0
1606512,41.0
1606656,33.0
1606720,18.0
1606800,51.0
1606832,57.0
1606832,117.0
1606864,29.0
1606896,38.0
1606912,45.0
1606928,38.0
1606928,28.0
1606960,49.0
1607008,37.0
1607104,37.0
1607216,69.0
1607232,46.0
1607248,49.0
1607360,35.0
1607408,28.0
1607440,38.0
1607440,38.0
1607504,38.0
1607568,57.0
1607680,51.0
1607744,52.0
1607792,67.0
1607840,37.0
1607888,49.0
1607904,42.0
1607904,61.0
1607920,44.0
1608000,35.0
1608000,31.0
1608016,63.0
1608112,42.0
1608208,50.0
1608208,40.0
1608336,88.0
1608384,24.0
1608400,41.0
1608464,39.0
1608496,38.0
1608672,47.0
1608672,48.0
1608704,57.0
1608704,43.0
1608752,87.0
1608832,45.0
1608848,32.0
1608880,75.0
1608896,56.0
1608960,29.0
1609040,40.0
1609088,74.0
1609104,56.0
1609104,56.0
1609248,31.0
1609312,38.0
1609344,28.0
1609360,17.0
1609376,57.0
1609392,45.0
1609456,47.0
1609472,50.0
1609568,45.0
1609648,34.0
1609648,43.0
1609664,39.0
1609728,56.0
1609744,27.0
1609808,58.0
1609840,91.0
1609872,39.0
1609936,18.0
1610000,40.0
1610032,36.0
1610160,49.0
1610208,40.0
1610240,36.0
1610256,28.0
1610352,55.0
1610352,44.0
1610432,68.0
1610432,44.0
1610512,48.0
1610512,70.0
1610544,44.0
1610624,47.0
1610688,47.0
1610768,38.0
1610768,32.0
1610784,27.0
1610832,37.0
1610848,51.0
1610992,35.0
1611024,120.0
1611040,52.0
1611072,40.0
1611168,41.0
1611312,50.0
1611312,34.0
1611328,40.0
1611376,47.0
1611424,89.0
1611520,47.0
1611552,75.0
1611568,36.0
1611648,30.0
1611680,52.0
1611696,42.0
1611696,41.0
1611728,56.0
1611824,65.0
1611840,29.0
1611872,50.0
1611952,40.0
1612000,22.0
1612096,26.0
1612240,57.0
1612240,42.0
1612352,39.0
1612368,51.0
1612368,114.0
1612416,45.0
1612464,72.0
1612496,39.0
1612512,42.0
1612512,68.0
1612768,59.0
1612800,35.0
1612800,69.0
1612832,55.0
1612848,47.0
1612896,34.0
1612944,36.0
1613024,94.0
1613040,36.0
1613104,38.0
1613104,69.0
1613152,24.0
1613232,51.0
1613360,62.0
1613392,72.0
1613392,55.0
1613488,43.0
1613520,36.0
1613568,42.0
1613616,32.0
1613616,69.0
1613648,51.0
1613648,31.0
1613664,39.0
1613904,42.0
1613920,67.0
1613936,28.0
1613952,37.0
1614048,41.0
1614096,44.0
1614112,82.0
1614160,71.0
1614176,38.0
1614192,68.0
1614192,17.0
1614224,38.0
1614240,45.0
1614480,52.0
1614528,55.0
1614528,27.0
1614560,59.0
1614736,34.0
1614752,53.0
1614768,51.0
1614832,56.0
1614832,45.0
1614864,42.0
1614960,81.0
1615008,48.0
1615024,61.0
1615040,51.0
1615056,36.0
1615056,56.0
1615216,65.0
1615344,38.0
1615408,55.0
1615424,42.0
1615424,37.0
1615440,57.0
1615520,60.0
1615536,31.0
1615632,36.0
1615648,49.0
1615776,51.0
1615776,59.0
1615824,51.0
1615872,41.0
1615920,31.0
1615920,36.0
1615936,73.0
1615968,35.0
1616000,61.0
1616080,41.0
1616192,34.0
1616256,51.0
1616272,46.0
1616352,45.0
1616384,38.0
1616448,33.0
1616464,88.0
1616496,61.0
1616528,21.0
1616528,37.0
1616560,46.0
1616704,39.0
1616768,53.0
1616800,64.0
1616832,54.0
1616864,54.0
1617008,47.0
1617008,71.0
1617040,37.0
1617040,36.0
1617104,38.0
1617168,25.0
1617184,41.0
1617248,56.0
1617392,54.0
1617424,65.0
1617472,29.0
1617504,42.0
1617504,40.0
1617504,29.0
1617584,64.0
1617632,29.0
1617792,68.0
1617808,50.0
1617968,54.0
1618032,40.0
1618048,34.0
1618096,81.0
1618096,42.0
1618160,41.0
1618160,36.0
1618192,43.0
1618192,63.0
1618224,122.0
1618256,76.0
1618272,64.0
1618304,42.0
1618416,39.0
1618416,59.0
1618464,41.0
1618576,24.0
1618624,23.0
1618672,36.0
1618672,39.0
1618720,28.0
1618864,42.0
1618992,60.0
1619008,57.0
1619008,37.0
1619040,36.0
1619120,28.0
1619120,56.0
1619136,61.0
1619136,73.0
1619152,46.0
1619184,55.0
1619360,49.0
1619360,40.0
1619536,26.0
1619616,39.0
1619632,39.0
1619648,49.0
1619936,25.0
1619936,79.0
1619952,37.0
1619952,57.0
1619968,113.0
1620000,55.0
1620000,62.0
1620032,42.0
1620032,56.0
1620224,100.0
1620272,39.0
1620304,73.0
1620304,42.0
1620352,73.0
1620448,81.0
1620464,53.0
1620512,35.0
1620512,32.0
1620624,39.0
1620704,48.0
1620816,54.0
1620816,55.0
1620864,35.0
1620992,40.0
1621008,44.0
1621056,38.0
1621088,66.0
1621120,38.0
1621120,26.0
1621152,70.0
1621168,56.0
1621264,81.0
1621360,53.0
1621408,74.0
1621424,60.0
1621488,54.0
1621504,43.0
1621504,43.0
1621552,31.0
1621600,30.0
1621680,32.0
1621680,42.0
1621712,45.0
1621712,53.0
1621792,40.0
1621840,36.0
1622016,58.0
1622080,33.0
1622128,48.0
1622176,42.0
1622176,48.0
1622192,30.0
1622192,43.0
1622240,51.0
1622240,40.0
1622272,30.0
1622448,83.0
1622464,49.0
1622480,22.0
1622544,66.0
1622592,26.0
1622592,26.0
1622672,52.0
1622688,31.0
1622720,40.0
1622768,20.0
1622800,35.0
1622864,42.0
1622896,41.0
1622960,31.0
1623008,20.0
1623024,47.0
1623072,30.0
1623120,69.0
1623184,40.0
1623296,101.0
1623328,38.0
1623360,35.0
1623376,104.0
1623424,59.0
1623424,47.0
1623440,34.0
1623536,59.0
1623584,35.0
1623600,52.0
1623712,47.0
1623776,26.0
1623872,27.0
1623904,38.0
1623936,47.0
1624032,57.0
1624128,50.0
1624128,66.0
1624160,24.0
1624160,81.0
1624256,52.0
1624336,47.0
1624352,47.0
1624400,87.0
1624448,32.0
1624512,30.0
1624544,52.0
1624640,32.0
1624688,72.0
1624768,23.0
1624784,27.0
1624816,59.0
1624880,45.0
1624928,64.0
1624944,95.0
1625008,102.0
1625168,65.0
1625200,54.0
1625216,42.0
1625296,71.0
1625424,34.0
1625472,49.0
1625536,23.0
1625552,46.0
1625568,70.0
1625696,66.0
1625696,74.0
1625744,34.0
1625760,52.0
1625840,66.0
1625872,54.0
1625984,108.0
1626096,83.0
1626128,41.0
1626144,75.0
1626160,26.0
1626176,40.0
1626192,56.0
1626208,49.0
1626224,63.0
1626240,34.0
1626352,49.0
1626384,39.0
1626464,39.0
1626576,27.0
1626576,64.0
1626592,45.0
1626720,46.0
1626752,39.0
1626816,36.0
1626816,29.0
1626864,43.0
1626960,46.0
1626960,47.0
1627024,40.0
1627024,83.0
1627104,33.0
1627168,36.0
1627216,64.0
1627232,48.0
1627344,24.0
1627408,37.0
1627408,52.0
1627456,46.0
1627632,38.0
1627744,103.0
1627776,60.0
1627792,52.0
1627824,45.0
1627872,107.0
1627920,47.0
1627936,33.0
1627952,45.0
1628000,78.0
1628000,49.0
1628016,62.0
1628304,35.0
1628400,39.0
1628448,27.0
1628448,65.0
1628480,101.0
1628528,41.0
1628528,46.0
1628608,41.0
1628704,85.0
1628768,48.0
1628784,72.0
1628928,58.0
1628976,23.0
1628992,66.0
1629088,73.0
1629088,79.0
1629088,35.0
1629104,36.0
1629104,103.0
1629136,46.0
1629232,47.0
1629264,35.0
1629312,34.0
1629376,24.0
1629376,58.0
1629424,61.0
1629456,42.0
1629632,33.0
1629664,36.0
1629696,37.0
1629792,54.0
1629792,44.0
1629840,26.0
1629904,37.0
1629904,42.0
1629952,51.0
1629984,56.0
1630032,108.0
1630096,40.0
1630096,52.0
1630384,37.0
1630432,91.0
1630448,47.0
1630528,72.0
1630544,28.0
1630560,48.0
1630560,74.0
1630560,38.0
1630576,42.0
1630576,59.0
1630640,50.0
1630656,39.0
1630672,48.0
1630704,38.0
1630848,54.0
1630896,77.0
1630992,27.0
1631008,29.0
1631120,26.0
1631152,45.0
1631152,48.0
1631200,40.0
1631216,43.0
1631280,39.0
1631344,56.0
1631376,33.0
1631392,45.0
1631520,39.0
1631520,33.0
1631568,63.0
1631584,36.0
1631648,23.0
1631648,67.0
1631712,71.0
1631712,35.0
1631712,21.0
1631776,41.0
1631792,72.0
1631792,25.0
1631808,41.0
1631952,46.0
1632048,44.0
1632128,38.0
1632224,36.0
1632320,46.0
1632320,50.0
1632336,35.0
1632416,39.0
1632416,39.0
1632416,44.0
1632448,25.0
1632560,38.0
1632560,27.0
1632576,54.0
1632688,70.0
1632832,102.0
1632880,67.0
1632928,38.0
1633040,39.0
1633040,39.0
1633056,38.0
1633072,53.0
1633088,90.0
1633120,50.0
1633136,45.0
1633152,51.0
1633248,43.0
1633264,97.0
1633280,45.0
1633360,42.0
1633520,59.0
1633616,33.0
1633616,35.0
1633664,49.0
1633664,46.0
1633680,38.0
1633792,40.0
1633792,47.0
1633824,34.0
1633856,46.0
1633888,53.0
1633904,41.0
1634080,25.0
1634096,27.0
1634128,54.0
1634160,50.0
1634176,35.0
1634192,23.0
1634192,36.0
1634336,42.0
1634352,76.0
1634464,42.0
1634512,27.0
1634528,63.0
1634592,110.0
1634688,35.0
1634720,23.0
1634752,54.0
1634768,36.0
1634800,56.0
1634816,64.0
1634816,45.0
1634864,33.0
1634864,25.0
1634960,69.0
1635008,51.0
1635136,38.0
1635152,62.0
1635184,27.0
1635248,35.0
1635264,47.0
1635280,30.0
1635424,78.0
1635440,39.0
1635456,54.0
1635504,40.0
1635568,50.0
1635568,53.0
1635712,28.0
1635728,36.0
1635728,54.0
1635744,49.0
1635744,38.0
1635792,38.0
1635840,64.0
1635856,53.0
1635968,43.0
1635984,35.0
1636064,39.0
1636128,24.0
1636144,43.0
1636160,41.0
1636176,58.0
1636224,27.0
1636384,51.0
1636416,53.0
1636464,39.0
1636480,48.0
1636512,23.0
1636544,51.0
1636560,31.0
1636592,39.0
1636608,55.0
1636656,31.0
1636688,44.0
1636704,60.0
1636720,21.0
1636768,40.0
1636784,12.0
1636832,41.0
1636864,24.0
1636864,40.0
1637040,27.0
1637040,30.0
1637056,37.0
1637088,36.0
1637184,25.0
1637184,48.0
1637376,41.0
1637424,35.0
1637552,56.0
1637568,46.0
1637584,108.0
1637600,46.0
1637632,36.0
1637648,38.0
1637744,35.0
1637776,63.0
1637776,37.0
1637824,70.0
1637872,74.0
1637888,53.0
1637888,50.0
1637952,88.0
1637968,34.0
1638208,38.0
1638208,39.0
1638224,37.0
1638336,24.0
1638352,36.0
1638416,48.0
1638496,70.0
1638512,39.0
1638544,48.0
1638608,46.0
1638608,25.0
1638640,27.0
1638656,68.0
1638672,70.0
1638736,57.0
1638736,48.0
1638800,57.0
1638976,47.0
1639008,42.0
1639136,31.0
1639152,38.0
1639184,43.0
1639264,53.0
1639296,40.0
1639312,50.0
1639312,32.0
1639344,42.0
1639376,48.0
1639472,29.0
1639504,48.0
1639632,28.0
1639648,32.0
1639744,87.0
1639760,49.0
1639776,73.0
1639888,34.0
1639904,27.0
1639920,34.0
1640000,23.0
1640000,44.0
1640016,44.0
1640048,49.0
1640064,57.0
1640160,15.0
1640160,41.0
1640256,95.0
1640272,158.0
1640320,63.0
1640368,45.0
1640384,39.0
1640400,39.0
1640432,43.0
1640496,30.0
1640528,23.0
1640560,41.0
1640592,37.0
1640608,45.0
1640640,36.0
1640736,26.0
1640784,49.0
1640784,46.0
1640816,26.0
1641024,40.0
1641136,61.0
1641216,45.0
1641344,46.0
1641376,69.0
1641376,53.0
1641408,37.0
1641440,74.0
1641456,51.0
1641456,42.0
1641456,54.0
1641504,48.0
1641504,67.0
1641520,60.0
1641600,51.0
1641616,37.0
1641696,83.0
1641776,40.0
1641808,29.0
1641904,28.0
1641920,34.0
1641920,30.0
1642064,43.0
1642064,38.0
1642096,40.0
1642096,25.0
1642128,57.0
1642144,39.0
1642304,43.0
1642368,54.0
1642400,50.0
1642416,40.0
1642544,39.0
1642560,29.0
1642608,50.0
1642624,45.0
1642672,79.0
1642688,35.0
1642688,24.0
1642704,40.0
1642720,36.0
1642848,58.0
1642864,48.0
1643072,98.0
1643072,28.0
1643152,47.0
1643184,70.0
1643200,41.0
1643312,56.0
1643376,42.0
1643408,43.0
1643408,65.0
1643456,38.0
1643504,27.0
1643520,52.0
1643536,53.0
1643600,25.0
1643648,68.0
1643712,53.0
1643856,78.0
1643872,35.0
1643872,50.0
1643968,35.0
1643984,50.0
1644000,39.0
1644048,56.0
1644080,88.0
1644096,43.0
1644096,28.0
1644224,43.0
1644256,41.0
1644352,31.0
1644384,32.0
1644384,58.0
1644416,57.0
1644464,37.0
1644480,27.0
1644560,65.0
1644688,44.0
1644736,40.0
1644752,42.0
1644848,71.0
1644880,39.0
1644896,42.0
1644944,53.0
1645072,41.0
1645072,24.0
1645120,72.0
1645136,25.0
1645136,36.0
1645168,44.0
1645232,21.0
1645376,62.0
1645424,67.0
1645456,38.0
1645472,45.0
1645552,42.0
1645568,98.0
1645680,46.0
1645696,35.0
1645696,82.0
1645696,39.0
1645728,35.0
1645760,39.0
1645968,93.0
1646000,33.0
1646032,50.0
1646064,43.0
1646096,42.0
1646112,24.0
1646192,31.0
1646208,68.0
1646240,34.0
1646272,44.0
1646272,51.0
1646320,40.0
1646352,80.0
1646400,53.0
1646464,25.0
1646480,24.0
1646496,31.0
1646512,20.0
1646576,51.0
1646576,34.0
1646688,30.0
1646736,39.0
1646784,20.0
1646848,36.0
1646912,32.0
1647040,67.0
1647056,30.0
1647072,50.0
1647072,35.0
1647088,87.0
1647232,47.0
1647232,57.0
1647264,43.0
1647312,33.0
1647456,24.0
1647456,60.0
1647488,78.0
1647600,78.0
1647696,27.0
1647760,28.0
1647808,46.0
1647840,69.0
1647872,64.0
1647968,55.0
1648016,35.0
1648080,37.0
1648080,39.0
1648080,53.0
1648080,64.0
1648080,73.0
1648128,90.0
1648160,70.0
1648352,34.0
1648432,46.0
1648464,24.0
1648512,42.0
1648512,80.0
1648528,48.0
1648608,33.0
1648736,36.0
1648752,72.0
1648768,40.0
1648832,51.0
1648864,49.0
1648912,52.0
1649056,74.0
1649120,43.0
1649120,38.0
1649248,45.0
1649248,80.0
1649264,47.0
1649312,60.0
1649328,37.0
1649376,38.0
1649376,48.0
1649408,59.0
1649488,39.0
1649520,43.0
1649584,29.0
1649632,45.0
1649648,98.0
1649680,35.0
1649680,39.0
1649808,27.0
1649856,38.0
1649936,39.0
1649968,40.0
1650176,89.0
1650176,58.0
1650176,37.0
1650304,58.0
1650304,49.0
1650352,44.0
1650368,43.0
1650432,39.0
1650464,52.0
1650480,67.0
1650592,39.0
1650608,58.0
1650608,42.0
1650608,70.0
1650720,54.0
1650784,12.0
1650816,40.0
1650848,99.0
1650864,43.0
1650896,37.0
1651008,34.0
1651136,48.0
1651136,52.0
1651184,36.0
1651296,54.0
1651312,52.0
1651328,45.0
1651344,33.0
1651568,44.0
1651584,46.0
1651616,52.0
1651632,39.0
1651664,66.0
1651696,84.0
1651744,38.0
1651776,55.0
1651776,66.0
1651792,31.0
1651856,45.0
1651872,33.0
1651952,24.0
1652016,115.0
1652112,49.0
1652112,50.0
1652304,33.0
1652304,70.0
1652320,44.0
1652400,38.0
1652416,47.0
1652512,41.0
1652512,25.0
1652528,26.0
1652608,52.0
1652640,66.0
1652656,21.0
1652704,19.0
1652816,67.0
1652832,33.0
1652976,42.0
1652976,69.0
1653040,39.0
1653088,67.0
1653168,33.0
1653248,81.0
1653344,51.0
1653360,53.0
1653376,45.0
1653408,37.0
1653456,47.0
1653520,43.0
1653520,63.0
1653536,35.0
1653616,63.0
1653696,129.0
1653712,42.0
1653728,47.0
1653824,41.0
1653824,36.0
1653840,19.0
1653856,135.0
1653920,35.0
1654032,43.0
1654032,41.0
1654048,60.0
1654128,26.0
1654128,38.0
1654208,50.0
1654224,25.0
1654288,52.0
1654368,47.0
1654384,41.0
1654416,24.0
1654432,32.0
1654432,37.0
1654576,33.0
1654592,48.0
1654592,23.0
1654608,57.0
1654688,73.0
1654720,37.0
1654816,24.0
1654832,39.0
1654848,51.0
1654912,49.0
1655008,40.0
1655024,73.0
1655040,28.0
1655200,24.0
1655232,59.0
1655264,52.0
1655264,53.0
1655440,45.0
1655440,54.0
1655456,48.0
1655472,54.0
1655616,44.0
1655632,38.0
1655648,66.0
1655696,41.0
1655904,29.0
1655936,44.0
1655936,42.0
1655936,69.0
1656000,62.0
1656032,52.0
1656048,38.0
1656048,22.0
1656064,76.0
1656128,42.0
1656208,59.0
1656304,43.0
1656320,43.0
1656400,47.0
1656400,25.0
1656464,62.0
1656464,130.0
1656496,37.0
1656528,37.0
1656544,38.0
1656688,39.0
1656736,33.0
1656752,39.0
1656752,45.0
1656768,52.0
1656864,34.0
1656864,20.0
1656896,53.0
1656896,53.0
1657008,38.0
1657056,47.0
1657088,39.0
1657120,37.0
1657120,45.0
1657168,30.0
1657216,47.0
1657472,45.0
1657504,63.0
1657552,31.0
1657568,50.0
1657600,46.0
1657648,47.0
1657680,51.0
1657776,38.0
1657776,64.0
1657888,48.0
1657888,24.0
1657904,43.0
1657904,56.0
1657952,25.0
1657968,53.0
1658048,28.0
1658176,25.0
1658176,68.0
1658224,93.0
1658288,45.0
1658304,41.0
1658352,91.0
1658512,39.0
1658544,36.0
1658576,42.0
1658608,52.0
1658848,59.0
1658880,44.0
1658976,81.0
1658992,65.0
1659040,54.0
1659040,62.0
1659088,34.0
1659104,102.0
1659216,57.0
1659248,56.0
1659248,23.0
1659248,42.0
1659280,87.0
1659328,45.0
1659344,66.0
1659376,25.0
1659440,76.0
1659728,55.0
1659744,77.0
1659760,48.0
1659872,39.0
1659888,53.0
1659888,40.0
1659904,43.0
1659904,41.0
1659920,40.0
1660016,58.0
1660048,45.0
1660048,38.0
1660080,61.0
1660096,47.0
1660112,67.0
1660368,31.0
1660384,29.0
1660416,43.0
1660448,25.0
1660480,29.0
1660512,38.0
1660512,38.0
1660608,77.0
1660624,34.0
1660640,56.0
1660688,50.0
1660688,36.0
1660720,60.0
1660768,42.0
1660784,56.0
1660816,23.0
1660944,20.0
1660960,36.0
1660960,22.0
1661008,60.0
1661088,38.0
1661136,39.0
1661200,30.0
1661216,53.0
1661296,41.0
1661392,55.0
1661488,50.0
1661488,30.0
1661520,24.0
1661536,37.0
1661568,72.0
1661632,42.0
1661728,60.0
1661744,66.0
1661792,36.0
1661872,30.0
1661888,67.0
1661936,40.0
1662000,50.0
1662032,59.0
1662048,35.0
1662048,32.0
1662144,85.0
1662240,38.0
1662256,32.0
1662272,47.0
1662384,51.0
1662464,46.0
1662512,45.0
1662576,44.0
1662608,70.0
1662608,45.0
1662624,104.0
1662816,49.0
1662848,57.0
1662896,39.0
1663088,39.0
1663152,34.0
1663168,70.0
1663264,64.0
1663280,48.0
1663344,81.0
1663360,69.0
1663408,52.0
1663424,38.0
1663488,54.0
1663536,40.0
1663600,62.0
1663712,39.0
1663744,100.0
1663760,37.0
1663824,61.0
1663840,36.0
1663840,35.0
1663936,121.0
1663968,51.0
1664048,104.0
1664192,48.0
1664208,50.0
1664288,58.0
1664336,53.0
1664400,40.0
1664432,45.0
1664480,32.0
1664496,35.0
1664544,59.0
1664560,46.0
1664560,45.0
1664576,46.0
1664592,66.0
1664592,78.0
1664912,27.0
1664960,26.0
1664960,39.0
1664992,49.0
1664992,35.0
1665040,53.0
1665120,67.0
1665152,88.0
1665184,39.0
1665200,50.0
1665232,46.0
1665232,42.0
1665344,48.0
1665344,66.0
1665360,48.0
1665456,17.0
1665600,40.0
1665664,34.0
1665728,51.0
1665792,50.0
1665824,30.0
1665840,55.0
1665840,40.0
1665904,42.0
1665904,54.0
1665904,34.0
1665936,30.0
1665936,49.0
1666016,26.0
1666096,94.0
1666112,55.0
1666208,76.0
1666320,24.0
1666336,34.0
1666432,37.0
1666464,33.0
1666480,40.0
1666480,36.0
1666480,17.0
1666512,53.0
1666560,46.0
1666576,42.0
1666624,38.0
1666688,60.0
1666736,40.0
1666816,24.0
1666912,25.0
1666944,29.0
1666960,40.0
1666992,55.0
1666992,27.0
1667040,36.0
1667120,40.0
1667152,21.0
1667168,114.0
1667200,81.0
1667232,47.0
1667248,39.0
1667312,36.0
1667360,42.0
1667456,70.0
1667696,70.0
1667760,51.0
1667792,52.0
1667808,31.0
1667840,40.0
1667872,55.0
1667888,46.0
1667920,58.0
1667920,55.0
1668064,38.0
1668080,60.0
1668096,53.0
1668128,48.0
1668144,77.0
1668240,63.0
1668416,41.0
1668416,78.0
1668496,39.0
1668512,44.0
1668560,31.0
1668576,46.0
1668576,41.0
1668592,42.0
1668608,51.0
1668640,35.0
1668640,32.0
1668736,53.0
1668832,71.0
1668848,47.0
1668880,24.0
1668944,50.0
1669024,24.0
1669056,40.0
1669136,45.0
1669168,38.0
1669200,43.0
1669264,20.0
1669280,42.0
1669344,29.0
1669376,46.0
1669376,49.0
1669408,52.0
1669504,48.0
1669568,62.0
1669728,24.0
1669760,39.0
1669808,33.0
1669808,27.0
1669824,41.0
1669840,21.0
1669888,65.0
1669920,45.0
1669920,54.0
1669984,38.0
1670000,110.0
1670112,68.0
1670112,44.0
1670288,33.0
1670320,21.0
1670352,39.0
1670368,96.0
1670384,29.0
1670432,39.0
1670464,75.0
1670528,40.0
1670576,41.0
1670608,48.0
1670624,32.0
1670672,22.0
1670704,71.0
1670800,32.0
1670864,65.0
1670928,51.0
1670960,36.0
1670960,72.0
1670992,40.0
1671040,36.0
1671056,27.0
1671088,35.0
1671168,46.0
1671184,74.0
1671312,44.0
1671328,60.0
1671536,52.0
1671616,41.0
1671712,41.0
1671760,45.0
1671760,74.0
1671792,62.0
1671808,39.0
1671888,76.0
1671920,60.0
1671936,59.0
1671968,65.0
1672160,81.0
1672240,72.0
1672240,58.0
1672352,64.0
1672448,57.0
1672480,54.0
1672496,38.0
1672528,38.0
1672544,47.0
1672544,86.0
1672576,21.0
1672592,41.0
1672656,43.0
1672672,54.0
1672736,61.0
1672832,24.0
1672896,46.0
1672960,30.0
1672960,78.0
1673008,41.0
1673040,31.0
1673056,24.0
1673056,81.0
1673296,44.0
1673328,68.0
1673328,47.0
1673328,23.0
1673360,52.0
1673424,58.0
1673472,58.0
1673504,34.0
1673536,40.0
1673600,37.0
1673616,55.0
1673648,62.0
1673744,57.0
1673776,26.0
1673792,47.0
1673920,54.0
1673920,54.0
1673920,26.0
1673936,40.0
1673952,39.0
1673984,41.0
1674016,23.0
1674032,44.0
1674064,40.0
1674112,36.0
1674336,54.0
1674416,31.0
1674512,45.0
1674528,57.0
1674544,30.0
1674560,34.0
1674576,41.0
1674640,56.0
1674752,40.0
1674768,51.0
1674880,60.0
1674896,24.0
1674928,62.0
1674976,62.0
1675136,85.0
1675152,38.0
1675248,45.0
1675264,31.0
1675264,58.0
1675312,107.0
1675376,39.0
1675392,85.0
1675408,27.0
1675456,33.0
1675536,70.0
1675616,65.0
1675616,30.0
1675728,53.0
1675904,40.0
1676080,52.0
1676096,30.0
1676128,42.0
1676128,45.0
1676192,36.0
1676320,89.0
1676384,109.0
1676400,20.0
1676432,56.0
1676480,47.0
1676528,71.0
1676560,81.0
1676752,137.0
1676752,39.0
1676768,54.0
1676864,107.0
1676944,47.0
1676960,40.0
1677040,108.0
1677120,62.0
1677136,38.0
1677184,49.0
1677200,28.0
1677216,115.0
1677216,41.0
1677232,50.0
1677248,48.0
1677360,38.0
1677360,61.0
1677376,80.0
1677392,39.0
1677552,37.0
1677600,23.0
1677712,42.0
1677760,56.0
1677760,36.0
1677856,57.0
1677904,43.0
1677968,53.0
1678048,57.0
1678064,51.0
1678080,43.0
1678080,45.0
1678096,46.0
1678096,55.0
1678128,36.0
1678144,24.0
1678272,67.0
1678368,38.0
1678480,36.0
1678528,72.0
1678560,53.0
1678592,28.0
1678656,50.0
1678656,43.0
1678672,36.0
1678672,34.0
1678688,38.0
1678720,41.0
1678752,30.0
1678768,42.0
1678928,28.0
1679008,60.0
1679008,58.0
1679120,47.0
1679168,98.0
1679200,33.0
1679232,40.0
1679312,49.0
1679328,25.0
1679488,48.0
1679488,51.0
1679520,48.0
1679568,55.0
1679632,25.0
1679632,61.0
1679664,29.0
1679696,71.0
1679760,37.0
1679808,65.0
1679840,33.0
1679856,53.0
1679968,40.0
1679968,60.0
1680032,34.0
1680064,36.0
1680096,33.0
1680144,93.0
1680240,27.0
1680272,36.0
1680400,27.0
1680432,37.0
1680448,58.0
1680528,24.0
1680528,42.0
1680544,89.0
1680576,59.0
1680640,36.0
1680640,38.0
1680656,56.0
1680720,68.0
1680832,35.0
1680848,26.0
1680976,25.0
1681088,35.0
1681120,36.0
1681120,64.0
1681152,44.0
1681296,41.0
1681296,102.0
1681296,41.0
1681312,84.0
1681456,66.0
1681456,76.0
1681504,42.0
1681536,26.0
1681616,33.0
1681728,55.0
1681744,39.0
1681776,20.0
1681792,31.0
1681808,52.0
1681824,42.0
1681872,36.0
1681888,85.0
1681952,40.0
1681952,81.0
1682016,35.0
1682016,30.0
1682064,48.0
1682112,23.0
1682176,35.0
1682224,22.0
1682272,31.0
1682368,26.0
1682368,54.0
1682384,36.0
1682432,23.0
1682496,48.0
1682496,44.0
1682544,37.0
1682592,48.0
1682768,41.0
1682832,29.0
1682912,33.0
1682960,49.0
1682992,69.0
1683024,37.0
1683040,31.0
1683088,51.0
1683168,36.0
1683360,37.0
1683376,55.0
1683408,65.0
1683424,27.0
1683424,24.0
1683424,37.0
1683552,177.0
1683648,46.0
1683696,38.0
1683712,106.0
1683776,51.0
1683808,25.0
1683824,100.0
1683840,51.0
1683904,46.0
1684048,39.0
1684112,47.0
1684176,50.0
1684192,31.0
1684208,49.0
1684272,53.0
1684288,112.0
1684304,30.0
1684304,33.0
1684336,39.0
1684528,39.0
1684592,20.0
1684608,48.0
1684624,67.0
1684640,164.0
1684656,38.0
1684672,64.0
1684784,42.0
1684832,40.0
1684832,34.0
1684848,65.0
1684880,44.0
1684912,36.0
1684944,22.0
1684960,41.0
1685056,33.0
1685072,48.0
1685264,41.0
1685424,32.0
1685440,31.0
1685488,80.0
1685552,44.0
1685584,33.0
1685584,57.0
1685584,47.0
1685600,51.0
1685616,62.0
1685632,47.0
1685680,38.0
1685728,48.0
1685760,58.0
1686032,28.0
1686064,89.0
1686144,44.0
1686144,41.0
1686208,38.0
1686224,98.0
1686240,41.0
1686256,40.0
1686304,39.0
1686320,66.0
1686432,44.0
1686464,52.0
1686528,69.0
1686528,61.0
1686576,23.0
1686688,29.0
1686736,72.0
1686784,20.0
1686800,31.0
1686816,49.0
1686944,44.0
1686960,51.0
1686976,52.0
1687136,51.0
1687152,87.0
1687184,41.0
1687264,52.0
1687280,21.0
1687408,55.0
1687472,46.0
1687504,44.0
1687504,45.0
1687568,82.0
1687600,96.0
1687616,58.0
1687664,44.0
1687664,68.0
1687680,54.0
1687808,41.0
1687840,23.0
1687904,58.0
1687968,52.0
1688144,46.0
1688160,56.0
1688160,61.0
1688176,35.0
1688288,39.0
1688352,49.0
1688512,44.0
1688560,26.0
1688576,67.0
1688592,39.0
1688656,51.0
1688672,48.0
1688768,73.0
1688784,70.0
1688816,71.0
1688864,99.0
1688896,45.0
1688912,22.0
1688928,89.0
1688992,40.0
1688992,52.0
1689120,29.0
1689280,24.0
1689296,39.0
1689376,54.0
1689408,78.0
1689504,57.0
1689584,50.0
1689600,43.0
1689632,48.0
1689728,46.0
1689744,47.0
1689824,66.0
1689840,64.0
1689872,81.0
1689920,50.0
1689968,29.0
1689968,65.0
1690032,47.0
1690096,32.0
1690128,47.0
1690176,34.0
1690192,22.0
1690288,125.0
1690304,36.0
1690304,35.0
1690416,63.0
1690448,39.0
1690480,55.0
1690576,38.0
1690608,27.0
1690784,37.0
1690800,94.0
1690800,48.0
1690816,32.0
1690832,54.0
1690864,26.0
1690912,49.0
1690976,55.0
1691168,54.0
1691216,58.0
1691216,46.0
1691296,89.0
1691312,30.0
1691344,58.0
1691360,35.0
1691408,37.0
1691440,52.0
1691488,57.0
1691520,46.0
1691536,39.0
1691568,37.0
1691680,32.0
1691728,32.0
1691728,32.0
1691904,124.0
1691904,65.0
1691920,32.0
1692000,27.0
1692080,48.0
1692128,25.0
1692208,53.0
1692256,21.0
1692304,54.0
1692320,61.0
1692384,99.0
1692400,55.0
1692464,61.0
1692496,26.0
1692672,42.0
1692704,50.0
1692720,65.0
1692768,65.0
1692784,93.0
1692912,86.0
1692960,44.0
1692976,48.0
1692992,42.0
1693120,46.0
1693136,46.0
1693168,29.0
1693200,67.0
1693232,32.0
1693360,66.0
1693488,51.0
1693504,24.0
1693504,34.0
1693584,26.0
1693664,47.0
1693712,113.0
1693728,46.0
1693760,39.0
1693952,47.0
1693952,61.0
1694048,80.0
1694128,84.0
1694144,40.0
1694256,110.0
1694272,113.0
1694336,53.0
1694352,70.0
1694352,62.0
1694400,46.0
1694464,44.0
1694528,25.0
1694608,41.0
1694640,31.0
1694656,44.0
1694752,25.0
1694784,33.0
1694800,67.0
1694832,49.0
1694928,41.0
1694960,20.0
1694960,86.0
1695008,42.0
1695008,41.0
1695120,37.0
1695120,32.0
1695120,88.0
1695152,14.0
1695152,47.0
1695216,47.0
1695264,110.0
1695392,46.0
1695472,42.0
1695472,40.0
1695488,46.0
1695584,29.0
1695584,39.0
1695616,38.0
1695680,35.0
1695776,41.0
1695776,32.0
1695856,44.0
1695920,71.0
1695936,49.0
1695936,20.0
1696048,41.0
1696128,34.0
1696192,44.0
1696208,46.0
1696256,81.0
1696336,35.0
1696352,84.0
1696368,43.0
1696416,59.0
1696416,75.0
1696560,61.0
1696592,42.0
1696624,27.0
1696624,31.0
1696752,25.0
1696880,52.0
1696880,59.0
1696928,45.0
1696944,68.0
1697024,68.0
1697120,33.0
1697216,53.0
1697232,56.0
1697296,42.0
1697296,55.0
1697328,57.0
1697360,30.0
1697456,75.0
1697504,55.0
1697520,48.0
1697536,61.0
1697808,36.0
1697888,37.0
1697920,25.0
1697952,52.0
1697968,64.0
1698048,34.0
1698064,71.0
1698112,68.0
1698256,60.0
1698304,68.0
1698368,65.0
1698432,67.0
1698448,57.0
1698592,33.0
1698624,73.0
1698672,47.0
1698688,55.0
1698784,51.0
1698816,35.0
1698848,50.0
1698880,194.0
1698880,62.0
1698992,34.0
1699056,69.0
1699072,12.0
1699088,61.0
1699136,44.0
1699200,145.0
1699216,33.0
1699248,55.0
1699344,65.0
1699392,25.0
1699424,52.0
1699440,22.0
1699472,53.0
1699504,39.0
1699568,49.0
1699584,48.0
1699584,57.0
1699680,39.0
1699728,30.0
1699856,63.0
1699920,36.0
1699936,46.0
1699968,47.0
1700016,34.0
1700096,32.0
1700144,47.0
1700192,43.0
1700208,33.0
1700224,40.0
1700272,75.0
1700304,54.0
1700320,74.0
1700416,53.0
1700416,62.0
1700448,32.0
1700560,26.0
1700608,37.0
1700656,58.0
1700672,30.0
1700704,38.0
1700800,24.0
1700816,56.0
1700816,38.0
1700944,39.0
1701072,69.0
1701152,31.0
1701168,54.0
1701200,49.0
1701280,42.0
1701312,65.0
1701328,39.0
1701328,48.0
1701424,75.0
1701456,100.0
1701456,40.0
1701600,25.0
1701632,52.0
1701696,23.0
1701760,37.0
1701824,47.0
1701824,42.0
1701856,65.0
1701888,59.0
1701968,95.0
1701984,22.0
1702064,40.0
1702080,48.0
1702128,42.0
1702240,40.0
1702256,31.0
1702256,99.0
1702288,52.0
1702336,32.0
1702336,40.0
1702368,68.0
1702400,67.0
1702544,41.0
1702544,45.0
1702592,33.0
1702608,33.0
1702656,50.0
1702800,42.0
1702848,55.0
1702864,38.0
1702912,42.0
1702944,36.0
1702944,38.0
1703040,44.0
1703056,48.0
1703104,35.0
1703168,57.0
1703184,20.0
1703248,44.0
1703296,22.0
1703296,82.0
1703360,60.0
1703456,41.0
1703504,53.0
1703520,36.0
1703520,57.0
1703584,46.0
1703600,22.0
1703616,44.0
1703728,43.0
1703776,38.0
1703840,46.0
1703936,40.0
1703952,56.0
1703984,39.0
1704000,44.0
1704160,98.0
1704160,40.0
1704240,46.0
1704320,71.0
1704336,51.0
1704336,45.0
1704384,50.0
1704400,28.0
1704432,41.0
1704544,38.0
1704560,69.0
1704656,41.0
1704768,33.0
1704848,43.0
1704864,71.0
1704896,35.0
1704944,39.0
1704976,36.0
1705120,80.0
1705120,43.0
1705136,61.0
1705184,50.0
1705232,102.0
1705264,44.0
1705280,59.0
1705312,41.0
1705328,35.0
1705376,32.0
1705424,33.0
1705520,42.0
1705584,65.0
1705648,33.0
1705664,34.0
1705760,111.0
1705760,27.0
1705776,37.0
1705792,53.0
1705824,43.0
1705936,60.0
1706000,46.0
1706128,29.0
1706144,52.0
1706160,23.0
1706288,44.0
1706304,64.0
1706320,42.0
1706368,37.0
1706384,39.0
1706400,55.0
1706416,37.0
1706416,41.0
1706432,75.0
1706592,41.0
1706592,73.0
1706752,47.0
1706768,87.0
1706800,27.0
1706992,43.0
1707024,38.0
1707024,39.0
1707088,48.0
1707152,62.0
1707168,65.0
1707280,54.0
1707344,34.0
1707376,49.0
1707376,59.0
1707376,68.0
1707472,83.0
1707600,52.0
1707616,39.0
1707648,31.0
1707680,41.0
1707744,62.0
1707760,42.0
1707776,87.0
1707808,76.0
1708016,46.0
1708048,36.0
1708048,42.0
1708240,76.0
1708240,67.0
1708272,56.0
1708320,42.0
1708320,40.0
1708336,37.0
1708352,47.0
1708368,38.0
1708496,45.0
1708544,46.0
1708592,76.0
1708656,40.0
1708672,83.0
1708688,67.0
1708816,48.0
1708832,35.0
1708864,34.0
1708896,25.0
1708928,35.0
1708928,37.0
1708976,46.0
1709040,62.0
1709072,45.0
1709168,53.0
1709200,38.0
1709232,35.0
1709312,24.0
1709328,68.0
1709424,24.0
1709472,41.0
1709488,41.0
1709520,41.0
1709536,40.0
1709552,63.0
1709600,59.0
1709680,62.0
1709744,34.0
1709776,53.0
1709904,37.0
1709904,23.0
1709936,54.0
1710000,64.0
1710032,35.0
1710048,35.0
1710112,35.0
1710192,54.0
1710192,48.0
1710208,43.0
1710224,34.0
1710240,63.0
1710240,29.0
1710336,27.0
1710352,38.0
1710432,31.0
1710560,87.0
1710640,65.0
1710736,43.0
1710752,45.0
1710752,35.0
1710800,56.0
1710816,39.0
1710816,38.0
1710880,41.0
1711008,63.0
1711024,42.0
1711136,44.0
1711200,28.0
1711280,65.0
1711296,41.0
1711360,30.0
1711408,24.0
1711424,39.0
1711472,41.0
1711520,74.0
1711520,60.0
1711552,46.0
1711616,86.0
1711792,66.0
1711840,30.0
1711840,68.0
1711856,53.0
1711952,51.0
1712032,52.0
1712048,36.0
1712048,47.0
1712128,36.0
1712224,50.0
1712224,132.0
1712224,44.0
1712352,32.0
1712448,73.0
1712448,37.0
1712576,46.0
1712576,73.0
1712608,24.0
1712768,78.0
1712848,45.0
1712880,27.0
1712912,43.0
1712912,60.0
1712928,55.0
1712960,73.0
1713008,87.0
1713008,49.0
1713088,65.0
1713088,32.0
1713184,52.0
1713392,49.0
1713408,60.0
1713424,31.0
1713456,36.0
1713472,56.0
1713488,33.0
1713600,43.0
1713616,99.0
1713680,57.0
1713712,44.0
1713824,40.0
1713856,63.0
1713872,60.0
1714032,40.0
1714064,40.0
1714112,64.0
1714208,24.0
1714272,41.0
1714304,52.0
1714384,56.0
1714400,50.0
1714400,62.0
1714448,90.0
1714480,87.0
1714528,41.0
1714576,45.0
1714624,73.0
1714784,69.0
1714784,45.0
1714864,52.0
1714912,29.0
1714976,25.0
1714992,38.0
1715040,52.0
1715168,66.0
1715168,24.0
1715200,42.0
1715248,61.0
1715264,60.0
1715264,97.0
1715264,49.0
1715312,28.0
1715312,57.0
1715360,46.0
1715376,61.0
1715456,13.0
1715456,42.0
1715536,23.0
1715552,40.0
1715616,22.0
1715696,45.0
1715712,28.0
1715728,35.0
1715840,50.0
1716016,25.0
1716048,46.0
1716144,38.0
1716192,58.0
1716240,54.0
1716256,35.0
1716272,34.0
1716336,71.0
1716368,57.0
1716368,86.0
1716368,57.0
1716496,71.0
1716544,31.0
1716592,47.0
1716608,56.0
1716608,37.0
1716640,83.0
1716832,36.0
1716864,33.0
1716944,47.0
1716960,37.0
1716960,51.0
1717040,28.0
1717152,57.0
1717168,39.0
1717168,21.0
1717312,59.0
1717344,112.0
1717344,67.0
1717408,50.0
1717472,38.0
1717472,32.0
1717520,72.0
1717552,24.0
1717584,26.0
1717616,41.0
1717664,73.0
1717728,70.0
1717776,52.0
1717872,33.0
1717872,77.0
1717904,47.0
1717968,41.0
1718000,33.0
1718064,64.0
1718176,41.0
1718224,40.0
1718240,56.0
1718320,48.0
1718368,60.0
1718400,49.0
1718416,34.0
1718464,25.0
1718496,48.0
1718576,38.0
1718640,61.0
1718816,51.0
1718864,40.0
1718928,64.0
1718976,69.0
1718992,51.0
1719056,35.0
1719088,42.0
1719104,46.0
1719120,84.0
1719120,103.0
1719120,45.0
1719200,46.0
1719216,56.0
1719216,36.0
1719312,28.0
1719344,48.0
1719472,31.0
1719600,24.0
1719632,36.0
1719632,40.0
1719712,38.0
1719728,40.0
1719744,39.0
1719760,28.0
1719776,36.0
1719808,98.0
1719872,41.0
1719968,23.0
1720000,74.0
1720048,58.0
1720144,23.0
1720208,68.0
1720208,46.0
1720224,37.0
1720256,24.0
1720304,60.0
1720528,56.0
1720528,48.0
1720576,103.0
1720576,54.0
1720608,54.0
1720720,47.0
1720800,67.0
1720848,39.0
1720880,39.0
1720896,68.0
1720912,44.0
1720944,26.0
1720944,56.0
1721088,55.0
1721104,24.0
1721152,34.0
1721216,40.0
1721232,77.0
1721376,53.0
1721472,33.0
1721488,24.0
1721504,41.0
1721520,36.0
1721536,40.0
1721600,91.0
1721600,43.0
1721632,52.0
1721664,68.0
1721696,29.0
1721696,51.0
1721728,89.0
1721792,44.0
1721824,42.0
1722016,33.0
1722112,26.0
1722128,47.0
1722160,29.0
1722192,43.0
1722288,47.0
1722320,50.0
1722336,44.0
1722400,42.0
1722400,38.0
1722416,47.0
1722560,60.0
1722688,36.0
1722800,75.0
1722848,28.0
1722912,39.0
1722944,24.0
1722960,52.0
1722992,52.0
1722992,36.0
1723072,78.0
1723104,68.0
1723136,120.0
1723200,50.0
1723216,55.0
1723216,56.0
1723248,35.0
1723376,26.0
1723408,76.0
1723424,122.0
1723440,33.0
1723472,30.0
1723552,47.0
1723568,27.0
1723696,53.0
1723728,49.0
1723728,46.0
1723920,42.0
1723920,44.0
1723920,45.0
1724000,39.0
1724032,58.0
1724064,39.0
1724080,54.0
1724128,44.0
1724208,71.0
1724256,43.0
1724256,33.0
1724432,55.0
1724480,47.0
1724512,69.0
1724576,41.0
1724592,29.0
1724656,25.0
1724704,40.0
1724720,50.0
1724736,65.0
1724752,47.0
1724832,85.0
1724848,48.0
1724848,40.0
1724912,55.0
1724992,35.0
1724992,67.0
1725024,48.0
1725040,20.0
1725152,35.0
1725152,40.0
1725216,23.0
1725264,35.0
1725312,36.0
1725312,52.0
1725344,27.0
1725360,23.0
1725440,38.0
1725520,33.0
1725696,41.0
1725712,35.0
1725808,29.0
1725888,39.0
1725888,65.0
1725888,42.0
1725888,46.0
1725904,83.0
1725968,38.0
1725984,42.0
1726000,78.0
1726080,40.0
1726144,52.0
1726176,23.0
1726208,74.0
1726272,23.0
1726320,39.0
1726384,108.0
1726384,42.0
1726432,34.0
1726448,35.0
1726448,28.0
1726496,38.0
1726528,40.0
1726624,40.0
1726640,35.0
1726816,40.0
1726816,23.0
1726944,35.0
1726992,35.0
1727008,93.0
1727056,38.0
1727104,60.0
1727136,47.0
1727136,32.0
1727248,61.0
1727264,46.0
1727344,71.0
1727408,57.0
1727424,69.0
1727424,38.0
1727456,40.0
1727664,45.0
1727744,69.0
1727776,32.0
1727792,43.0
1727792,49.0
1727808,47.0
1727904,57.0
1727920,49.0
1727952,44.0
1728000,127.0
1728032,38.0
1728032,56.0
1728128,45.0
1728144,43.0
1728160,51.0
1728240,51.0
1728336,35.0
1728368,44.0
1728384,37.0
1728432,40.0
1728624,44.0
1728688,55.0
1728752,47.0
1728752,50.0
1728768,46.0
1728800,48.0
1728832,37.0
1728944,38.0
1728960,52.0
1728976,52.0
1729040,41.0
1729072,24.0
1729072,40.0
1729072,83.0
1729104,59.0
1729152,25.0
1729168,23.0
1729232,54.0
1729280,33.0
1729344,25.0
1729360,91.0
1729488,33.0
1729568,46.0
1729632,25.0
1729632,63.0
1729648,55.0
1729664,37.0
1729664,37.0
1729680,44.0
1729712,34.0
1729712,35.0
1729728,24.0
1729904,50.0
1729968,56.0
1730096,51.0
1730144,27.0
1730144,49.0
1730224,37.0
1730288,35.0
1730320,47.0
1730352,40.0
1730352,43.0
1730368,55.0
1730400,47.0
1730416,49.0
1730480,24.0
1730528,35.0
1730544,40.0
1730592,58.0
1730704,64.0
1730736,28.0
1730768,108.0
1730768,26.0
1730880,22.0
1730912,48.0
1730976,41.0
1731024,55.0
1731072,42.0
1731104,25.0
1731152,42.0
1731168,51.0
1731184,40.0
1731184,48.0
1731232,13.0
1731296,35.0
1731328,69.0
1731360,37.0
1731376,49.0
1731456,43.0
1731504,39.0
1731520,26.0
1731584,25.0
1731648,20.0
1731840,34.0
1731872,60.0
1731888,45.0
1731920,53.0
1732032,53.0
1732096,37.0
1732112,29.0
1732128,38.0
1732144,57.0
1732176,75.0
1732176,45.0
1732208,66.0
1732240,41.0
1732256,23.0
1732288,57.0
1732320,122.0
1732416,31.0
1732432,67.0
1732432,37.0
1732464,37.0
1732576,29.0
1732576,25.0
1732784,22.0
1732816,40.0
1732864,41.0
1732976,52.0
1732992,47.0
1732992,56.0
1733008,61.0
1733024,56.0
1733072,49.0
1733088,39.0
1733184,58.0
1733200,39.0
1733200,49.0
1733200,48.0
1733280,60.0
1733296,32.0
1733344,48.0
1733424,27.0
1733456,28.0
1733520,44.0
1733600,36.0
1733616,26.0
1733632,21.0
1733648,29.0
1733696,45.0
1733728,41.0
1733744,25.0
1733888,64.0
1733936,30.0
1733968,61.0
1733984,56.0
1734000,45.0
1734016,26.0
1734064,54.0
1734176,27.0
1734224,38.0
1734288,41.0
1734320,56.0
1734384,46.0
1734384,26.0
1734384,41.0
1734416,76.0
1734432,57.0
1734544,33.0
1734576,55.0
1734624,46.0
1734656,45.0
1734848,39.0
1734912,46.0
1734912,30.0
1734928,58.0
1734960,56.0
1734976,62.0
1734976,41.0
1735232,43.0
1735264,53.0
1735280,44.0
1735280,39.0
1735296,57.0
1735376,68.0
1735472,31.0
1735472,68.0
1735504,37.0
1735504,41.0
1735680,81.0
1735712,50.0
1735856,22.0
1735904,42.0
1735920,59.0
1735968,44.0
1736000,45.0
1736000,65.0
1736016,87.0
1736080,50.0
1736192,45.0
1736288,57.0
1736368,56.0
1736416,28.0
1736432,71.0
1736448,33.0
1736512,52.0
1736544,65.0
1736608,37.0
1736624,34.0
1736640,49.0
1736736,52.0
1736768,115.0
1736768,66.0
1736816,51.0
1736864,22.0
1736880,43.0
1737024,26.0
1737088,34.0
1737152,46.0
1737152,24.0
1737216,48.0
1737232,37.0
1737248,24.0
1737296,81.0
1737312,43.0
1737376,68.0
1737392,60.0
1737552,25.0
1737712,52.0
1737728,60.0
1737776,65.0
1737840,92.0
1737856,34.0
1737856,40.0
1737904,42.0
1737904,55.0
1737936,43.0
1737968,55.0
1738016,54.0
1738192,86.0
1738224,24.0
1738256,30.0
1738256,60.0
1738304,57.0
1738368,29.0
1738480,36.0
1738512,71.0
1738608,47.0
1738640,57.0
1738720,44.0
1738720,54.0
1738736,64.0
1738848,55.0
1738880,41.0
1738912,27.0
1738976,45.0
1738992,66.0
1739024,48.0
1739056,43.0
1739088,56.0
1739120,51.0
1739136,99.0
1739248,33.0
1739248,38.0
1739264,34.0
1739296,43.0
1739296,35.0
1739392,23.0
1739456,36.0
1739456,38.0
1739568,66.0
1739648,35.0
1739712,45.0
1739712,36.0
1739728,38.0
1739808,52.0
1739840,34.0
1739952,41.0
1740048,25.0
1740080,39.0
1740096,33.0
1740192,59.0
1740208,31.0
1740208,72.0
1740272,35.0
1740336,59.0
1740352,56.0
1740368,33.0
1740368,69.0
1740432,39.0
1740496,99.0
1740608,32.0
1740768,35.0
1740784,52.0
1740800,45.0
1740816,28.0
1740864,42.0
1740864,32.0
1740864,101.0
1740912,44.0
1740944,56.0
1740944,42.0
1741232,54.0
1741280,21.0
1741280,49.0
1741296,31.0
1741312,99.0
1741376,65.0
1741456,64.0
1741456,37.0
1741504,43.0
1741584,61.0
1741600,46.0
1741616,42.0
1741696,57.0
1741712,50.0
1741904,71.0
1741936,35.0
1742016,26.0
1742064,47.0
1742096,50.0
1742112,55.0
1742112,41.0
1742128,39.0
1742176,82.0
1742192,30.0
1742272,62.0
1742288,42.0
1742336,66.0
1742336,55.0
1742480,24.0
1742528,52.0
1742560,31.0
1742560,61.0
1742640,39.0
1742736,50.0
1742784,42.0
1742816,40.0
1742832,35.0
1742848,35.0
1742880,34.0
1742928,64.0
1742928,37.0
1743024,56.0
1743232,24.0
1743280,68.0
1743408,42.0
1743424,82.0
1743424,54.0
1743440,39.0
1743504,39.0
1743536,38.0
1743568,68.0
1743648,39.0
1743648,70.0
1743712,58.0
1743888,60.0
1743920,40.0
1743936,32.0
1744000,73.0
1744016,38.0
1744064,52.0
1744080,41.0
1744112,97.0
1744144,38.0
1744176,38.0
1744192,47.0
1744208,12.0
1744256,47.0
1744272,24.0
1744320,105.0
1744336,39.0
1744352,44.0
1744432,32.0
1744544,56.0
1744544,34.0
1744640,31.0
1744672,29.0
1744720,34.0
1744736,41.0
1744800,43.0
1744880,21.0
1744928,37.0
1745104,53.0
1745136,59.0
1745216,59.0
1745232,55.0
1745264,59.0
1745312,36.0
1745328,25.0
1745456,41.0
1745472,96.0
1745552,42.0
1745552,70.0
1745568,27.0
1745616,32.0
1745648,27.0
1745712,30.0
1745840,24.0
1745888,73.0
1745904,85.0
1745904,115.0
1746000,83.0
1746048,45.0
1746080,23.0
1746160,53.0
1746256,62.0
1746256,40.0
1746272,45.0
1746320,42.0
1746320,27.0
1746384,51.0
1746400,110.0
1746560,45.0
1746624,39.0
1746656,21.0
1746704,50.0
1746720,51.0
1746752,30.0
1746800,47.0
1746864,34.0
1746864,49.0
1746960,36.0
1747024,48.0
1747040,93.0
1747104,102.0
1747120,60.0
1747136,55.0
1747168,34.0
1747184,39.0
1747216,35.0
1747392,33.0
1747472,47.0
1747488,68.0
1747536,46.0
1747616,57.0
1747664,44.0
1747776,47.0
1747776,37.0
1747792,43.0
1747808,43.0
1747856,51.0
1747936,28.0
1747952,51.0
1748032,80.0
1748032,51.0
1748048,32.0
1748160,81.0
1748192,50.0
1748224,35.0
1748272,69.0
1748304,28.0
1748336,24.0
1748384,38.0
1748416,39.0
1748560,68.0
1748608,50.0
1748640,26.0
1748656,45.0
1748672,40.0
1748736,44.0
1748800,64.0
1748816,41.0
1748960,84.0
1749072,41.0
1749088,47.0
1749120,53.0
1749136,33.0
1749168,54.0
1749216,41.0
1749296,35.0
1749296,41.0
1749312,40.0
1749360,73.0
1749488,25.0
1749552,47.0
1749648,43.0
1749696,36.0
1749696,65.0
1749760,29.0
1749808,46.0
1749808,42.0
1749840,112.0
1749888,67.0
1749888,37.0
1749952,98.0
1750000,43.0
1750000,52.0
1750016,33.0
1750016,41.0
1750112,26.0
1750288,67.0
1750336,40.0
1750368,33.0
1750400,37.0
1750432,27.0
1750480,23.0
1750496,30.0
1750528,40.0
1750576,64.0
1750688,58.0
1750720,44.0
1750736,49.0
1750736,68.0
1750832,27.0
1750832,64.0
1750944,32.0
1750960,60.0
1751104,46.0
1751120,39.0
1751168,43.0
1751216,58.0
1751312,89.0
1751392,66.0
1751408,52.0
1751424,43.0
1751424,44.0
1751472,40.0
1751552,27.0
1751600,54.0
1751664,71.0
1751712,34.0
1751728,39.0
1751728,65.0
1751776,29.0
1751776,59.0
1751824,25.0
1751952,63.0
1752032,39.0
1752064,40.0
1752160,59.0
1752160,31.0
1752176,22.0
1752224,39.0
1752240,80.0
1752320,34.0
1752384,57.0
1752512,70.0
1752576,50.0
1752608,66.0
1752672,59.0
1752704,40.0
1752720,31.0
1752752,37.0
1752752,64.0
1752768,66.0
1752784,34.0
1752816,40.0
1752912,60.0
1752928,48.0
1752928,38.0
1752960,28.0
1752976,37.0
1753184,30.0
1753200,30.0
1753216,34.0
1753248,27.0
1753312,46.0
1753328,36.0
1753344,82.0
1753392,38.0
1753408,41.0
1753520,38.0
1753568,37.0
1753584,41.0
1753808,55.0
1753824,76.0
1753840,55.0
1753856,42.0
1753888,31.0
1753936,33.0
1753968,25.0
1754000,47.0
1754000,49.0
1754096,83.0
1754112,50.0
1754112,37.0
1754160,21.0
1754240,19.0
1754256,66.0
1754288,60.0
1754288,25.0
1754320,32.0
1754352,48.0
1754400,25.0
1754448,37.0
1754576,36.0
1754592,39.0
1754656,82.0
1754704,22.0
1754864,47.0
1754880,48.0
1754896,66.0
1754976,55.0
1754976,46.0
1755120,52.0
1755120,52.0
1755184,37.0
1755232,52.0
1755248,62.0
1755248,50.0
1755296,37.0
1755408,52.0
1755440,49.0
1755440,70.0
1755440,35.0
1755712,46.0
1755872,36.0
1755888,48.0
1755904,109.0
1755952,66.0
1755968,33.0
1755968,53.0
1755984,34.0
1756048,74.0
1756096,70.0
1756112,44.0
1756128,26.0
1756128,55.0
1756128,43.0
1756192,59.0
1756464,80.0
1756512,24.0
1756528,30.0
1756592,30.0
1756688,44.0
1756688,91.0
1756688,35.0
1756720,51.0
1756736,38.0
1756736,40.0
1756768,56.0
1756896,44.0
1756960,62.0
1757040,67.0
1757072,35.0
1757088,75.0
1757232,31.0
1757248,35.0
1757280,37.0
1757296,84.0
1757440,23.0
1757440,57.0
1757456,45.0
1757456,62.0
1757600,22.0
1757648,43.0
1757744,44.0
1757760,62.0
1757776,55.0
1757776,66.0
1757824,77.0
1757840,47.0
1757904,76.0
1758048,48.0
1758176,25.0
1758176,55.0
1758208,61.0
1758256,50.0
1758336,56.0
1758352,28.0
1758352,56.0
1758400,35.0
1758528,48.0
1758672,26.0
1758720,56.0
1758736,24.0
1758752,69.0
1758784,65.0
1758800,39.0
1758800,85.0
1758864,29.0
1758880,80.0
1758928,36.0
1758960,39.0
1759008,77.0
1759072,56.0
1759088,65.0
1759184,61.0
1759200,28.0
1759360,36.0
1759392,45.0
1759408,42.0
1759408,25.0
1759424,34.0
1759424,56.0
1759440,40.0
1759504,27.0
1759568,44.0
1759600,55.0
1759600,50.0
1759616,33.0
1759840,21.0
1759920,33.0
1759984,26.0
1760000,37.0
1760000,25.0
1760032,39.0
1760080,40.0
1760080,41.0
1760112,74.0
1760176,76.0
1760208,37.0
1760224,65.0
1760352,58.0
1760448,68.0
1760480,25.0
1760592,47.0
1760624,44.0
1760640,26.0
1760656,34.0
1760688,38.0
1760704,69.0
1760704,33.0
1760736,96.0
1760768,49.0
1760800,50.0
1760832,52.0
1761072,21.0
1761104,47.0
1761120,57.0
1761136,34.0
1761168,30.0
1761280,52.0
1761360,46.0
1761376,42.0
1761408,19.0
1761408,21.0
1761504,92.0
1761552,67.0
1761584,28.0
1761584,51.0
1761600,59.0
1761632,32.0
1761696,54.0
1761728,58.0
1761808,33.0
1761952,37.0
1761952,34.0
1762000,85.0
1762096,58.0
1762240,54.0
1762272,54.0
1762288,44.0
1762336,52.0
1762352,22.0
1762528,27.0
1762544,37.0
1762560,58.0
1762624,120.0
1762672,54.0
1762672,68.0
1762704,47.0
1762720,73.0
1762784,28.0
1762784,74.0
1762848,36.0
1762992,44.0
1763104,86.0
1763152,28.0
1763200,26.0
1763232,28.0
1763248,63.0
1763312,29.0
1763328,44.0
1763376,41.0
1763376,51.0
1763424,47.0
1763440,68.0
1763616,12.0
1763616,68.0
1763664,70.0
1763664,26.0
1763680,124.0
1763792,40.0
1763824,37.0
1763840,40.0
1763856,33.0
1763920,38.0
1764016,57.0
1764016,40.0
1764048,38.0
1764048,66.0
1764160,20.0
1764272,26.0
1764272,56.0
1764320,41.0
1764320,40.0
1764352,46.0
1764400,108.0
1764416,47.0
1764624,52.0
1764640,45.0
1764688,40.0
1764736,24.0
1764784,24.0
1764784,39.0
1764800,49.0
1764800,61.0
1764800,49.0
1764864,37.0
1764864,15.0
1764944,39.0
1764960,84.0
1765152,52.0
1765168,47.0
1765248,75.0
1765360,45.0
1765392,37.0
1765392,38.0
1765424,46.0
1765456,31.0
1765488,44.0
1765488,47.0
1765504,77.0
1765776,38.0
1765856,44.0
1765936,67.0
1766032,40.0
1766032,77.0
1766080,41.0
1766080,71.0
1766112,39.0
1766176,43.0
1766176,42.0
1766288,56.0
1766320,60.0
1766368,57.0
1766368,18.0
1766384,71.0
1766576,29.0
1766640,44.0
1766784,47.0
1766816,65.0
1766864,129.0
1766864,125.0
1766880,44.0
1766912,34.0
1766912,52.0
1766960,69.0
1767008,61.0
1767136,47.0
1767184,54.0
1767280,69.0
1767296,32.0
1767344,27.0
1767360,62.0
1767392,51.0
1767408,25.0
1767568,44.0
1767600,60.0
1767664,44.0
1767664,50.0
1767680,34.0
1767712,56.0
1767744,91.0
1767744,52.0
1767760,26.0
1767856,42.0
1767920,39.0
1768016,71.0
1768080,50.0
1768096,22.0
1768112,47.0
1768320,38.0
1768384,51.0
1768400,40.0
1768448,27.0
1768464,67.0
1768528,58.0
1768528,53.0
1768592,46.0
1768592,42.0
1768640,77.0
1768688,64.0
1768752,41.0
1768768,69.0
1768784,65.0
1768832,28.0
1768864,47.0
1768944,54.0
1768976,36.0
1769024,36.0
1769136,42.0
1769232,44.0
1769248,29.0
1769312,42.0
1769312,62.0
1769328,50.0
1769376,49.0
1769472,49.0
1769488,46.0
1769520,58.0
1769520,43.0
1769536,42.0
1769536,37.0
1769616,23.0
1769760,46.0
1769872,35.0
1769904,36.0
1770048,57.0
1770080,35.0
1770144,42.0
1770176,50.0
1770208,45.0
1770384,101.0
1770400,68.0
1770464,58.0
1770464,24.0
1770464,53.0
1770464,77.0
1770512,38.0
1770640,48.0
1770704,41.0
1770768,77.0
1770800,41.0
1770880,42.0
1770896,27.0
1770912,25.0
1770992,37.0
1771088,39.0
1771088,57.0
1771088,39.0
1771088,98.0
1771104,84.0
1771120,134.0
1771152,43.0
1771248,38.0
1771296,57.0
1771376,29.0
1771440,40.0
1771456,47.0
1771568,30.0
1771600,38.0
1771632,21.0
1771664,36.0
1771696,37.0
1771728,53.0
1771744,53.0
1771760,42.0
1771856,48.0
1771888,70.0
1771920,50.0
1771984,38.0
1772032,27.0
1772224,61.0
1772256,43.0
1772256,35.0
1772272,34.0
1772304,53.0
1772368,44.0
1772368,46.0
1772400,32.0
1772432,80.0
1772464,64.0
1772528,48.0
1772688,44.0
1772688,41.0
1772800,36.0
1772816,24.0
1772864,38.0
1772912,40.0
1772944,40.0
1773008,68.0
1773040,74.0
1773120,47.0
1773120,54.0
1773120,37.0
1773264,56.0
1773280,96.0
1773312,53.0
1773312,57.0
1773376,36.0
1773392,24.0
1773488,50.0
1773504,43.0
1773504,51.0
1773552,43.0
1773632,23.0
1773680,46.0
1773760,53.0
1773808,43.0
1773840,45.0
1773936,39.0
1773936,24.0
1774016,61.0
1774080,25.0
1774096,51.0
1774224,57.0
1774240,70.0
1774256,31.0
1774368,55.0
1774384,47.0
1774416,65.0
1774448,38.0
1774496,69.0
1774528,45.0
1774544,38.0
1774560,66.0
1774576,31.0
1774592,36.0
1774752,32.0
1774768,22.0
1774832,83.0
1774928,44.0
1774992,38.0
1774992,27.0
1775008,47.0
1775024,58.0
1775152,25.0
1775184,37.0
1775184,46.0
1775216,53.0
1775312,46.0
1775344,26.0
1775344,88.0
1775360,51.0
1775376,38.0
1775424,58.0
1775504,61.0
1775616,39.0
1775632,38.0
1775696,54.0
1775728,36.0
1775808,50.0
1775904,34.0
1775952,21.0
1775968,39.0
1776000,23.0
1776016,64.0
1776032,38.0
1776080,54.0
1776112,58.0
1776208,30.0
1776208,52.0
1776240,66.0
1776272,48.0
1776384,36.0
1776432,70.0
1776496,72.0
1776512,32.0
1776544,37.0
1776640,33.0
1776656,39.0
1776736,52.0
1776736,48.0
1776752,30.0
1776816,38.0
1776880,40.0
1776896,75.0
1776976,29.0
1777120,39.0
1777136,66.0
1777232,76.0
1777264,28.0
1777408,32.0
1777488,52.0
1777520,40.0
1777616,31.0
1777616,77.0
1777632,56.0
1777648,90.0
1777680,34.0
1777744,75.0
1777776,71.0
1777792,85.0
1777904,42.0
1777904,72.0
1777936,75.0
1777968,44.0
1778000,64.0
1778128,32.0
1778176,35.0
1778240,35.0
1778304,56.0
1778336,27.0
1778336,37.0
1778336,35.0
1778384,37.0
1778400,57.0
1778432,57.0
1778432,27.0
1778448,50.0
1778480,22.0
1778624,43.0
1778656,47.0
1778656,30.0
1778720,24.0
1778784,51.0
1778912,38.0
1778928,81.0
1778944,38.0
1778992,35.0
1779008,48.0
1779024,43.0
1779104,41.0
1779232,47.0
1779248,53.0
1779280,53.0
1779312,58.0
1779312,41.0
1779312,37.0
1779488,54.0
1779520,36.0
1779584,37.0
1779600,37.0
1779616,32.0
1779616,37.0
1779712,50.0
1779744,32.0
1779792,54.0
1779840,35.0
1779840,33.0
1779904,37.0
1779920,38.0
1780096,53.0
1780112,39.0
1780192,28.0
1780192,88.0
1780208,23.0
1780224,39.0
1780224,44.0
1780256,100.0
1780272,41.0
1780432,40.0
1780544,52.0
1780560,45.0
1780640,66.0
1780688,29.0
1780800,56.0
1780816,34.0
1780832,36.0
1780880,28.0
1780896,80.0
1780960,46.0
1780976,55.0
1781008,28.0
1781184,62.0
1781232,43.0
1781248,71.0
1781360,72.0
1781376,74.0
1781392,44.0
1781440,27.0
1781440,95.0
1781504,16.0
1781520,35.0
1781520,44.0
1781584,25.0
1781600,39.0
1781648,48.0
1781696,56.0
1781712,55.0
1781840,75.0
1781952,35.0
1781968,46.0
1781968,37.0
1782128,30.0
1782128,27.0
1782208,38.0
1782208,82.0
1782224,49.0
1782240,45.0
1782240,33.0
1782320,60.0
1782432,58.0
1782448,54.0
1782576,38.0
1782576,39.0
1782640,50.0
1782656,33.0
1782656,26.0
1782736,48.0
1782848,38.0
1782848,25.0
1782864,27.0
1782912,44.0
1783024,56.0
1783136,57.0
1783152,107.0
1783152,102.0
1783168,53.0
1783200,35.0
1783248,25.0
1783248,65.0
1783376,50.0
1783424,48.0
1783440,36.0
1783504,48.0
1783600,64.0
1783616,44.0
1783776,39.0
1783840,37.0
1783856,44.0
1783888,65.0
1783936,35.0
1783952,58.0
1783952,32.0
1784064,54.0
1784096,31.0
1784144,61.0
1784160,34.0
1784176,47.0
1784256,70.0
1784336,52.0
1784352,29.0
1784352,36.0
1784416,36.0
1784528,37.0
1784544,28.0
1784608,28.0
1784608,27.0
1784624,42.0
1784672,20.0
1784704,47.0
1784720,92.0
1784784,58.0
1784816,135.0
1784944,37.0
1785024,38.0
1785088,47.0
1785152,38.0
1785248,27.0
1785248,45.0
1785264,40.0
1785328,74.0
1785360,41.0
1785360,40.0
1785440,31.0
1785440,52.0
1785456,75.0
1785472,28.0
1785472,88.0
1785552,55.0
1785568,20.0
1785680,67.0
1785744,37.0
1785776,32.0
1785936,23.0
1785968,74.0
1786000,42.0
1786032,59.0
1786112,40.0
1786112,35.0
1786144,42.0
1786160,45.0
1786208,53.0
1786304,59.0
1786336,55.0
1786448,44.0
1786448,75.0
1786464,29.0
1786528,31.0
1786560,37.0
1786576,50.0
1786656,12.0
1786704,48.0
1786784,42.0
1786816,30.0
1786832,39.0
1787088,59.0
1787104,41.0
1787248,43.0
1787296,62.0
1787344,35.0
1787360,75.0
1787360,41.0
1787504,87.0
1787520,130.0
1787520,115.0
1787552,56.0
1787584,48.0
1787680,69.0
1787680,53.0
1787680,77.0
1787856,83.0
1787872,48.0
1787952,38.0
1788016,41.0
1788112,37.0
1788224,54.0
1788224,71.0
1788240,62.0
1788256,36.0
1788320,51.0
1788352,66.0
1788384,27.0
1788384,44.0
1788416,46.0
1788528,42.0
1788528,59.0
1788592,36.0
1788672,50.0
1788736,39.0
1788736,32.0
1788768,32.0
1788816,37.0
1788864,30.0
1788944,37.0
1789008,48.0
1789040,41.0
1789056,94.0
1789088,35.0
1789152,35.0
1789152,39.0
1789184,23.0
1789312,36.0
1789344,64.0
1789376,44.0
1789392,41.0
1789536,28.0
1789552,43.0
1789648,31.0
1789680,40.0
1789696,43.0
1789712,21.0
1789760,140.0
1789808,65.0
1789904,47.0
1789904,37.0
1790000,59.0
1790016,30.0
1790032,43.0
1790272,68.0
1790272,116.0
1790304,41.0
1790336,33.0
1790352,60.0
1790368,42.0
1790384,42.0
1790432,55.0
1790480,50.0
1790528,39.0
1790544,40.0
1790640,55.0
1790656,41.0
1790672,40.0
1790672,108.0
1790672,41.0
1790672,23.0
1790736,24.0
1790992,41.0
1791056,24.0
1791072,37.0
1791104,46.0
1791120,46.0
1791152,55.0
1791232,50.0
1791248,37.0
1791264,39.0
1791280,63.0
1791296,39.0
1791328,41.0
1791376,53.0
1791488,59.0
1791600,58.0
1791712,21.0
1791760,33.0
1791760,48.0
1791840,36.0
1791872,50.0
1791872,71.0
1791888,40.0
1792032,46.0
1792064,60.0
1792064,63.0
1792080,58.0
1792144,41.0
1792240,60.0
1792320,30.0
1792336,46.0
1792384,79.0
1792416,22.0
1792432,42.0
1792448,70.0
1792496,49.0
1792512,40.0
1792528,48.0
1792672,40.0
1792672,33.0
1792848,27.0
1792864,62.0
1792880,62.0
1792880,34.0
1792912,33.0
1792912,42.0
1792992,57.0
1793024,31.0
1793040,37.0
1793040,45.0
1793072,25.0
1793104,42.0
1793232,22.0
1793328,52.0
1793360,81.0
1793472,50.0
1793504,62.0
1793520,26.0
1793536,41.0
1793552,40.0
1793664,37.0
1793696,42.0
1793712,50.0
1793712,42.0
1793808,59.0
1793952,60.0
1793968,40.0
1793968,26.0
1793968,31.0
1794032,23.0
1794048,33.0
1794144,57.0
1794160,41.0
1794192,41.0
1794224,74.0
1794272,35.0
1794272,57.0
1794352,13.0
1794416,98.0
1794432,45.0
1794512,30.0
1794512,34.0
1794544,53.0
1794592,40.0
1794672,44.0
1794704,27.0
1794752,35.0
1794928,48.0
1794976,39.0
1795056,63.0
1795072,41.0
1795088,41.0
1795120,53.0
1795120,28.0
1795136,39.0
1795136,39.0
1795152,35.0
1795184,60.0
1795248,44.0
1795376,20.0
1795424,42.0
1795584,28.0
1795616,34.0
1795680,37.0
1795696,35.0
1795728,22.0
1795728,110.0
1795792,38.0
1795808,69.0
1795968,34.0
1796016,48.0
1796048,56.0
1796096,26.0
1796144,64.0
1796144,35.0
1796176,35.0
1796304,38.0
1796336,38.0
1796384,161.0
1796416,81.0
1796432,39.0
1796576,49.0
1796640,57.0
1796656,108.0
1796656,105.0
1796816,50.0
1796816,40.0
1796816,45.0
1796880,57.0
1797088,41.0
1797104,28.0
1797104,60.0
1797104,66.0
1797152,51.0
1797216,57.0
1797232,53.0
1797312,56.0
1797456,51.0
1797504,43.0
1797520,59.0
1797552,88.0
1797568,29.0
1797600,23.0
1797616,25.0
1797632,33.0
1797728,40.0
1797744,40.0
1797760,55.0
1797792,61.0
1797808,62.0
1797984,42.0
1798000,30.0
1798080,36.0
1798096,90.0
1798112,32.0
1798128,32.0
1798128,42.0
1798176,24.0
1798176,39.0
1798224,26.0
1798336,37.0
1798352,39.0
1798496,54.0
1798496,26.0
1798560,62.0
1798576,29.0
1798640,40.0
1798656,33.0
1798736,32.0
1798752,36.0
1798768,42.0
1798832,67.0
1798896,48.0
1798896,20.0
1798912,110.0
1798928,47.0
1798960,39.0
1798976,21.0
1799120,39.0
1799184,52.0
1799248,37.0
1799280,32.0
1799312,35.0
1799360,86.0
1799392,56.0
1799488,37.0
1799552,37.0
1799552,45.0
1799568,41.0
1799568,52.0
1799632,41.0
1799664,46.0
1799696,50.0
1799712,33.0
1799712,72.0
1799856,36.0
1799872,32.0
1799936,24.0
1799952,44.0
1799984,27.0
1800032,25.0
1800032,40.0
1800096,61.0
1800112,39.0
1800192,39.0
1800240,42.0
1800288,37.0
1800336,39.0
1800352,65.0
1800480,33.0
1800512,30.0
1800528,41.0
1800528,34.0
1800560,29.0
1800576,40.0
1800608,47.0
1800736,34.0
1800768,30.0
1800832,22.0
1800848,51.0
1800864,75.0
1800976,54.0
1801024,43.0
1801040,33.0
1801088,86.0
1801136,35.0
1801296,66.0
1801296,29.0
1801328,37.0
1801472,59.0
1801504,72.0
1801536,43.0
1801568,63.0
1801600,46.0
1801664,43.0
1801696,41.0
1801696,73.0
1801712,59.0
1801760,29.0
1801904,51.0
1801936,40.0
1802064,65.0
1802112,61.0
1802144,30.0
1802144,96.0
1802160,39.0
1802240,48.0
1802256,34.0
1802432,31.0
1802448,47.0
1802480,45.0
1802496,37.0
1802560,26.0
1802560,54.0
1802592,62.0
1802672,38.0
1802736,39.0
1802800,81.0
1802832,79.0
1802848,44.0
1802896,98.0
1803040,38.0
1803136,36.0
1803152,57.0
1803152,22.0
1803184,28.0
1803184,43.0
1803216,66.0
1803216,60.0
1803280,27.0
1803296,44.0
1803312,30.0
1803312,17.0
1803328,48.0
1803360,55.0
1803360,57.0
1803424,47.0
1803456,35.0
1803712,27.0
1803728,32.0
1803728,23.0
1803776,37.0
1803776,39.0
1803808,39.0
1803840,43.0
1803856,35.0
1803904,28.0
1803984,35.0
1804064,58.0
1804064,46.0
1804128,57.0
1804272,31.0
1804288,58.0
1804304,31.0
1804368,40.0
1804432,37.0
1804512,38.0
1804512,49.0
1804528,47.0
1804528,76.0
1804640,41.0
1804720,41.0
1804736,38.0
1804768,66.0
1804800,93.0
1804848,36.0
1804848,49.0
1804864,27.0
1804896,24.0
1804912,38.0
1805024,31.0
1805056,43.0
1805088,35.0
1805104,78.0
1805200,43.0
1805264,39.0
1805312,28.0
1805376,41.0
1805376,68.0
1805392,41.0
1805440,37.0
1805456,43.0
1805488,43.0
1805552,41.0
1805552,31.0
1805568,29.0
1805760,28.0
1805760,31.0
1805776,24.0
1805936,68.0
1806000,39.0
1806016,36.0
1806016,62.0
1806048,71.0
1806048,53.0
1806064,61.0
1806096,38.0
1806096,40.0
1806320,48.0
1806384,39.0
1806400,22.0
1806528,61.0
1806544,38.0
1806560,49.0
1806576,35.0
1806592,76.0
1806624,39.0
1806672,57.0
1806688,39.0
1806912,56.0
1806944,34.0
1806976,58.0
1806976,37.0
1806992,56.0
1807056,46.0
1807072,24.0
1807152,36.0
1807168,39.0
1807200,69.0
1807312,45.0
1807328,50.0
1807344,49.0
1807360,46.0
1807424,32.0
1807520,23.0
1807584,38.0
1807680,38.0
1807824,55.0
1807888,45.0
1807888,57.0
1807920,58.0
1807968,38.0
1808096,56.0
1808128,28.0
1808160,69.0
1808208,43.0
1808224,166.0
1808320,103.0
1808432,70.0
1808480,35.0
1808592,63.0
1808592,27.0
1808592,31.0
1808640,47.0
1808704,36.0
1808752,58.0
1808752,33.0
1808784,91.0
1808816,38.0
1808864,95.0
1808944,95.0
1808992,69.0
1809040,67.0
1809072,23.0
1809152,35.0
1809152,42.0
1809168,53.0
1809200,38.0
1809248,41.0
1809280,33.0
1809280,31.0
1809312,55.0
1809376,39.0
1809504,40.0
1809616,39.0
1809680,40.0
1809680,65.0
1809696,26.0
1809744,37.0
1809808,41.0
1809840,64.0
1809936,27.0
1810032,45.0
1810128,55.0
1810176,77.0
1810208,65.0
1810208,25.0
1810352,26.0
1810368,33.0
1810432,77.0
1810480,46.0
1810480,50.0
1810512,71.0
1810528,52.0
1810528,25.0
1810528,57.0
1810544,92.0
1810624,84.0
1810832,72.0
1810848,51.0
1810864,24.0
1810864,43.0
1810880,42.0
1810976,28.0
1811104,36.0
1811104,47.0
1811104,35.0
1811136,32.0
1811136,48.0
1811152,45.0
1811280,47.0
1811280,27.0
1811296,51.0
1811328,70.0
1811456,36.0
1811520,24.0
1811520,43.0
1811552,43.0
1811584,30.0
1811600,39.0
1811696,74.0
1811760,41.0
1811776,39.0
1811840,61.0
1811872,46.0
1811936,38.0
1811952,53.0
1811984,43.0
1811984,33.0
1812096,51.0
1812160,55.0
1812160,35.0
1812224,40.0
1812288,46.0
1812304,49.0
1812320,34.0
1812336,40.0
1812400,40.0
1812528,23.0
1812528,63.0
1812544,38.0
1812592,38.0
1812608,32.0
1812624,21.0
1812704,34.0
1812752,50.0
1812768,29.0
1812768,27.0
1812784,35.0
1812800,51.0
1812896,66.0
1812976,36.0
1813008,25.0
1813216,43.0
1813232,43.0
1813248,41.0
1813280,31.0
1813424,45.0
1813536,57.0
1813584,107.0
1813632,54.0
1813712,46.0
1813728,32.0
1813792,92.0
1813824,81.0
1813840,67.0
1813856,66.0
1813936,44.0
1813952,75.0
1813968,67.0
1814064,22.0
1814144,71.0
1814192,35.0
1814224,23.0
1814240,51.0
1814256,63.0
1814288,44.0
1814304,36.0
1814320,49.0
1814480,34.0
1814592,50.0
1814624,49.0
1814640,21.0
1814656,44.0
1814672,53.0
1814768,44.0
1814784,94.0
1814800,36.0
1814816,53.0
1814896,47.0
1814928,46.0
1815008,45.0
1815040,35.0
1815104,49.0
1815104,27.0
1815200,59.0
1815248,41.0
1815328,42.0
1815360,45.0
1815360,37.0
1815360,70.0
1815536,57.0
1815552,47.0
1815744,44.0
1815760,32.0
1815840,52.0
1815872,48.0
1815888,33.0
1815936,63.0
1815936,70.0
1816016,51.0
1816128,37.0
1816176,87.0
1816192,52.0
1816192,52.0
1816288,60.0
1816400,40.0
1816400,81.0
1816464,98.0
1816496,41.0
1816544,38.0
1816624,43.0
1816656,23.0
1816784,77.0
1816848,42.0
1816896,55.0
1816896,44.0
1816896,31.0
1816928,66.0
1816976,36.0
1817056,35.0
1817088,75.0
1817120,36.0
1817152,64.0
1817232,38.0
1817264,23.0
1817280,51.0
1817296,25.0
1817392,29.0
1817424,77.0
1817424,36.0
1817520,111.0
1817664,55.0
1817696,40.0
1817696,36.0
1817712,39.0
1817776,24.0
1817824,73.0
1817856,60.0
1817952,33.0
1818016,46.0
1818096,27.0
1818112,53.0
1818128,27.0
1818144,39.0
1818176,64.0
1818192,56.0
1818224,25.0
1818224,50.0
1818336,24.0
1818336,40.0
1818352,86.0
1818416,44.0
1818464,38.0
1818512,26.0
1818592,30.0
1818672,31.0
1818688,34.0
1818736,32.0
1818816,30.0
1818912,71.0
1818976,49.0
1819008,62.0
1819024,50.0
1819072,35.0
1819104,48.0
1819136,119.0
1819152,46.0
1819152,50.0
1819312,74.0
1819328,40.0
1819376,40.0
1819488,56.0
1819488,42.0
1819536,67.0
1819552,55.0
1819552,25.0
1819632,30.0
1819760,39.0
1819792,49.0
1819872,53.0
1819888,35.0
1819888,36.0
1819888,57.0
1819968,37.0
1820016,57.0
1820064,36.0
1820064,62.0
1820096,29.0
1820144,37.0
1820208,45.0
1820224,29.0
1820432,95.0
1820464,36.0
1820528,41.0
1820544,41.0
1820560,37.0
1820608,34.0
1820608,51.0
1820656,70.0
1820672,38.0
1820672,41.0
1820704,35.0
1820768,35.0
1820896,42.0
1820912,51.0
1820960,31.0
1821040,32.0
1821056,39.0
1821184,40.0
1821280,108.0
1821328,42.0
1821344,42.0
1821344,28.0
1821344,40.0
1821424,51.0
1821472,50.0
1821488,36.0
1821536,48.0
1821552,37.0
1821552,31.0
1821568,33.0
1821600,62.0
1821728,73.0
1821840,122.0
1821856,42.0
1821968,39.0
1821968,34.0
1822032,47.0
1822048,36.0
1822128,35.0
1822272,45.0
1822384,22.0
1822384,52.0
1822416,55.0
1822448,37.0
1822480,62.0
1822528,74.0
1822528,75.0
1822576,38.0
1822656,51.0
1822688,40.0
1822720,70.0
1822768,50.0
1822960,27.0
1823008,104.0
1823040,82.0
1823056,49.0
1823088,35.0
1823152,44.0
1823152,48.0
1823232,34.0
1823248,42.0
1823312,58.0
1823392,61.0
1823488,48.0
1823552,37.0
1823600,28.0
1823632,72.0
1823664,39.0
1823728,31.0
1823760,38.0
1823760,62.0
1823824,48.0
1823856,38.0
1823888,110.0
1824000,84.0
1824048,41.0
1824048,26.0
1824096,34.0
1824112,69.0
1824192,69.0
1824192,23.0
1824208,38.0
1824304,36.0
1824336,30.0
1824400,40.0
1824448,35.0
1824480,45.0
1824528,33.0
1824528,21.0
1824560,67.0
1824592,30.0
1824624,33.0
1824656,38.0
1824736,34.0
1824752,28.0
1824800,93.0
1824960,27.0
1824976,82.0
1824976,26.0
1825024,43.0
1825120,37.0
1825136,46.0
1825152,44.0
1825152,31.0
1825168,70.0
1825216,63.0
1825232,47.0
1825328,36.0
1825568,25.0
1825616,40.0
1825664,58.0
1825680,68.0
1825696,36.0
1825744,59.0
1825776,40.0
1825824,42.0
1825952,39.0
1825968,62.0
1826048,24.0
1826128,94.0
1826128,73.0
1826144,62.0
1826160,59.0
1826208,33.0
1826272,31.0
1826272,44.0
1826352,41.0
1826368,71.0
1826432,43.0
1826448,89.0
1826576,47.0
1826800,40.0
1826816,43.0
1826816,28.0
1826832,35.0
1826848,44.0
1826880,38.0
1826896,80.0
1826912,59.0
1826928,61.0
1826944,37.0
1827024,36.0
1827184,47.0
1827184,38.0
1827216,68.0
1827296,78.0
1827424,76.0
1827568,34.0
1827600,47.0
1827600,48.0
1827616,43.0
1827664,49.0
1827792,38.0
1827824,64.0
1827824,33.0
1827856,65.0
1827856,65.0
1827920,63.0
1827984,65.0
1828032,51.0
1828048,39.0
1828112,58.0
1828160,35.0
1828176,36.0
1828192,39.0
1828304,88.0
1828336,42.0
1828352,33.0
1828416,37.0
1828512,41.0
1828544,58.0
1828592,38.0
1828688,52.0
1828720,42.0
1828784,62.0
1828784,38.0
1828832,50.0
1828832,33.0
1828848,41.0
1828896,24.0
1829024,38.0
1829040,55.0
1829104,20.0
1829120,75.0
1829120,49.0
1829152,35.0
1829248,22.0
1829296,36.0
1829392,22.0
1829392,65.0
1829408,36.0
1829424,82.0
1829440,38.0
1829632,32.0
1829728,59.0
1829744,75.0
1829776,68.0
1829808,44.0
1829968,34.0
1829984,43.0
1829984,71.0
1830032,40.0
1830064,27.0
1830096,44.0
1830160,65.0
1830208,74.0
1830304,56.0
1830336,38.0
1830368,35.0
1830480,32.0
1830512,85.0
1830512,28.0
1830592,35.0
1830672,77.0
1830848,21.0
1830880,56.0
1830896,43.0
1830928,52.0
1830944,38.0
1830992,76.0
1831072,37.0
1831136,48.0
1831200,76.0
1831312,40.0
1831312,45.0
1831408,104.0
1831456,32.0
1831488,40.0
1831504,36.0
1831504,141.0
1831552,35.0
1831552,87.0
1831632,83.0
1831824,39.0
1831840,59.0
1831840,33.0
1831872,62.0
1831904,48.0
1831984,33.0
1832032,33.0
1832048,31.0
1832048,40.0
1832128,101.0
1832128,66.0
1832176,34.0
1832304,47.0
1832320,30.0
1832352,53.0
1832384,56.0
1832480,36.0
1832544,26.0
1832624,40.0
1832672,34.0
1832688,54.0
1832704,52.0
1832752,90.0
1832784,38.0
1833008,73.0
1833008,41.0
1833136,69.0
1833136,68.0
1833168,70.0
1833232,30.0
1833264,40.0
1833312,52.0
1833344,60.0
1833424,26.0
1833424,69.0
1833504,50.0
1833536,77.0
1833536,53.0
1833536,62.0
1833648,40.0
1833680,23.0
1833728,66.0
1833760,33.0
1833824,41.0
1833824,65.0
1833920,17.0
1834048,32.0
1834080,34.0
1834096,23.0
1834160,46.0
1834160,41.0
1834176,65.0
1834208,59.0
1834256,70.0
1834336,41.0
1834432,38.0
1834448,64.0
1834464,58.0
1834480,71.0
1834496,46.0
1834528,38.0
1834640,51.0
1834736,43.0
1834784,38.0
1834896,46.0
1835024,36.0
1835040,59.0
1835056,61.0
1835072,57.0
1835072,46.0
1835104,36.0
1835120,41.0
1835136,55.0
1835136,41.0
1835232,50.0
1835248,65.0
1835328,43.0
1835344,53.0
1835424,40.0
1835440,34.0
1835536,50.0
1835664,21.0
1835680,40.0
1835680,38.0
1835696,36.0
1835712,41.0
1835728,44.0
1835744,40.0
1835872,39.0
1835888,47.0
1835904,23.0
1835968,34.0
1836016,42.0
1836128,43.0
1836144,67.0
1836176,59.0
1836224,35.0
1836240,33.0
1836256,70.0
1836352,30.0
1836384,23.0
1836416,42.0
1836480,49.0
1836496,37.0
1836496,51.0
1836560,52.0
1836608,45.0
1836736,11.0
1836784,51.0
1836816,37.0
1836832,26.0
1836832,41.0
1836832,36.0
1836880,46.0
1836880,75.0
1836896,48.0
1836992,47.0
1837056,35.0
1837056,28.0
1837104,39.0
1837248,32.0
1837280,28.0
1837296,30.0
1837312,13.0
1837360,54.0
1837456,35.0
1837536,47.0
1837552,75.0
1837616,39.0
1837696,51.0
1837712,41.0
1837792,60.0
1837792,46.0
1837840,33.0
1837904,34.0
1837936,66.0
1838112,51.0
1838176,45.0
1838208,31.0
1838256,117.0
1838352,67.0
1838384,28.0
1838384,37.0
1838448,47.0
1838448,52.0
1838464,58.0
1838544,107.0
1838560,41.0
1838608,51.0
1838656,88.0
1838768,76.0
1838784,38.0
1838864,32.0
1839040,49.0
1839040,75.0
1839056,42.0
1839088,40.0
1839104,45.0
1839120,35.0
1839120,36.0
1839200,46.0
1839328,45.0
1839344,35.0
1839472,85.0
1839472,38.0
1839472,24.0
1839504,29.0
1839536,31.0
1839664,34.0
1839712,94.0
1839760,40.0
1839792,64.0
1839872,76.0
1839952,30.0
1839952,30.0
1839984,55.0
1840064,22.0
1840080,102.0
1840080,34.0
1840096,48.0
1840112,57.0
1840112,38.0
1840160,31.0
1840160,69.0
1840304,60.0
1840320,28.0
1840480,43.0
1840480,63.0
1840512,35.0
1840512,25.0
1840528,36.0
1840736,41.0
1840784,64.0
1840784,19.0
1840784,39.0
1840784,50.0
1840800,40.0
1840848,34.0
1840848,46.0
1841072,61.0
1841248,58.0
1841296,76.0
1841328,37.0
1841344,35.0
1841392,55.0
1841408,38.0
1841440,41.0
1841488,40.0
1841552,65.0
1841584,46.0
1841776,62.0
1841824,81.0
1841904,41.0
1841984,120.0
1842016,59.0
1842048,44.0
1842048,79.0
1842128,40.0
1842176,55.0
1842192,49.0
1842208,48.0
1842240,12.0
1842272,55.0
1842336,49.0
1842368,29.0
1842368,49.0
1842480,41.0
1842640,28.0
1842640,27.0
1842672,34.0
1842736,88.0
1842752,36.0
1842816,48.0
1842816,146.0
1842848,54.0
1842928,35.0
1842992,41.0
1843120,84.0
1843216,59.0
1843232,54.0
1843296,66.0
1843344,42.0
1843376,33.0
1843392,47.0
1843456,40.0
1843488,47.0
1843504,13.0
1843504,64.0
1843504,93.0
1843520,48.0
1843632,62.0
1843648,33.0
1843776,35.0
1843824,56.0
1843936,27.0
1843936,37.0
1843984,47.0
1843984,73.0
1844096,36.0
1844208,36.0
1844288,49.0
1844304,50.0
1844320,54.0
1844336,43.0
1844384,25.0
1844384,38.0
1844496,69.0
1844512,26.0
1844640,44.0
1844656,80.0
1844704,48.0
1844720,32.0
1844752,29.0
1844768,49.0
1844944,38.0
1844976,42.0
1845024,32.0
1845104,132.0
1845120,26.0
1845136,103.0
1845184,85.0
1845232,37.0
1845280,49.0
1845344,39.0
1845360,38.0
1845392,67.0
1845392,63.0
1845456,50.0
1845488,29.0
1845616,30.0
1845632,41.0
1845792,88.0
1845856,68.0
1845856,46.0
1845936,44.0
1845936,62.0
1846000,41.0
1846032,34.0
1846032,42.0
1846032,47.0
1846128,46.0
1846336,59.0
1846368,27.0
1846432,40.0
1846448,51.0
1846464,63.0
1846512,24.0
1846560,91.0
1846608,42.0
1846656,39.0
1846656,92.0
1846656,50.0
1846672,40.0
1846672,21.0
1846688,20.0
1846704,44.0
1846752,45.0
1846848,62.0
1846896,12.0
1846960,33.0
1846976,29.0
1847312,54.0
1847312,53.0
1847376,110.0
1847392,52.0
1847392,45.0
1847408,35.0
1847552,37.0
1847552,50.0
1847568,57.0
1847616,60.0
1847664,66.0
1847680,23.0
1847712,25.0
1847744,66.0
1847776,50.0
1847824,58.0
1847840,28.0
1847856,75.0
1847872,75.0
1848080,44.0
1848144,37.0
1848144,37.0
1848240,52.0
1848256,40.0
1848352,60.0
1848448,48.0
1848480,48.0
1848480,46.0
1848544,29.0
1848560,46.0
1848560,49.0
1848608,47.0
1848688,34.0
1848736,37.0
1848848,63.0
1848912,22.0
1848944,29.0
1848960,44.0
1848976,31.0
1848992,34.0
1849104,96.0
1849136,92.0
1849168,35.0
1849184,82.0
1849232,34.0
1849232,43.0
1849328,37.0
1849376,51.0
1849392,34.0
1849488,33.0
1849600,43.0
1849632,40.0
1849696,45.0
1849728,39.0
1849760,88.0
1849824,99.0
1849824,37.0
1849904,46.0
1849936,50.0
1849936,28.0
1850048,51.0
1850128,47.0
1850144,24.0
1850176,36.0
1850272,55.0
1850288,35.0
1850288,37.0
1850304,61.0
1850320,43.0
1850320,26.0
1850352,26.0
1850480,81.0
1850544,38.0
1850624,28.0
1850704,55.0
1850816,31.0
1850864,46.0
1850864,65.0
1850896,34.0
1850944,50.0
1850976,58.0
1850976,127.0
1851152,42.0
1851152,54.0
1851152,53.0
1851200,31.0
1851376,47.0
1851376,25.0
1851472,74.0
1851504,35.0
1851520,61.0
1851536,40.0
1851568,78.0
1851600,46.0
1851616,50.0
1851648,31.0
1851664,50.0
1851680,33.0
1851760,38.0
1851776,50.0
1851872,13.0
1851888,101.0
1851936,25.0
1852000,50.0
1852000,24.0
1852016,26.0
1852064,31.0
1852128,47.0
1852144,39.0
1852176,50.0
1852240,35.0
1852256,49.0
1852288,25.0
1852352,53.0
1852464,51.0
1852528,37.0
1852560,24.0
1852576,44.0
1852592,28.0
1852672,27.0
1852688,43.0
1852736,61.0
1852752,31.0
1852832,48.0
1852864,68.0
1852864,54.0
1852928,25.0
1852944,30.0
1852992,25.0
1853056,24.0
1853136,53.0
1853168,37.0
1853168,65.0
1853264,57.0
1853280,33.0
1853280,37.0
1853360,33.0
1853376,20.0
1853456,45.0
1853488,39.0
1853632,101.0
1853680,26.0
1853680,51.0
1853712,45.0
1853744,74.0
1853744,24.0
1853760,37.0
1853776,52.0
1853808,42.0
1853840,35.0
1853968,50.0
1854144,48.0
1854288,63.0
1854320,54.0
1854336,41.0
1854368,43.0
1854368,55.0
1854432,50.0
1854496,49.0
1854576,50.0
1854576,51.0
1854576,52.0
1854592,53.0
1854608,105.0
1854640,52.0
1854688,45.0
1854720,55.0
1854896,33.0
1854928,49.0
1854960,20.0
1855024,41.0
1855024,43.0
1855056,35.0
1855088,32.0
1855120,52.0
1855120,32.0
1855136,26.0
1855168,46.0
1855360,49.0
1855360,65.0
1855392,31.0
1855424,52.0
1855504,24.0
1855520,25.0
1855584,35.0
1855632,44.0
1855744,45.0
1855760,67.0
1855760,39.0
1855920,52.0
1855936,22.0
1855968,34.0
1855968,36.0
1856016,60.0
1856064,56.0
1856096,37.0
1856144,39.0
1856176,51.0
1856240,30.0
1856304,42.0
1856304,34.0
1856304,108.0
1856320,36.0
1856336,86.0
1856448,30.0
1856512,26.0
1856576,41.0
1856592,39.0
1856608,37.0
1856624,43.0
1856656,37.0
1856768,29.0
1856768,88.0
1856800,39.0
1856832,32.0
1856864,18.0
1856928,43.0
1856944,50.0
1856976,42.0
1857008,35.0
1857120,49.0
1857184,37.0
1857200,37.0
1857200,43.0
1857232,29.0
1857280,41.0
1857312,63.0
1857344,30.0
1857552,47.0
1857568,35.0
1857584,40.0
1857600,25.0
1857632,41.0
1857648,21.0
1857840,57.0
1857856,75.0
1857872,42.0
1857888,38.0
1858016,27.0
1858032,30.0
1858048,44.0
1858096,33.0
1858112,62.0
1858176,62.0
1858224,36.0
1858240,63.0
1858288,28.0
1858288,95.0
1858304,92.0
1858480,37.0
1858512,30.0
1858576,44.0
1858640,39.0
1858672,67.0
1858784,35.0
1858880,52.0
1858880,37.0
1858896,50.0
1858976,50.0
1858976,46.0
1858976,70.0
1858992,44.0
1859008,44.0
1859120,38.0
1859136,41.0
1859168,66.0
1859312,105.0
1859456,36.0
1859488,38.0
1859504,52.0
1859536,60.0
1859552,36.0
1859664,43.0
1859712,37.0
1859760,61.0
1859760,37.0
1859888,47.0
1859984,33.0
1860048,32.0
1860080,90.0
1860096,34.0
1860128,70.0
1860192,33.0
1860224,45.0
1860256,80.0
1860256,31.0
1860272,60.0
1860288,33.0
1860352,91.0
1860384,42.0
1860448,60.0
1860544,17.0
1860656,25.0
1860672,43.0
1860688,27.0
1860720,42.0
1860768,40.0
1860784,112.0
1860832,47.0
1860848,31.0
1860864,40.0
1860880,37.0
1860896,63.0
1860992,38.0
1861136,37.0
1861168,61.0
1861200,47.0
1861200,69.0
1861232,24.0
1861248,36.0
1861312,41.0
1861472,36.0
1861504,46.0
1861504,49.0
1861520,46.0
1861584,44.0
1861632,29.0
1861632,31.0
1861680,27.0
1861744,47.0
1861744,55.0
1861776,34.0
1861808,38.0
1861920,77.0
1861968,71.0
1862064,37.0
1862080,28.0
1862080,36.0
1862096,49.0
1862112,57.0
1862144,25.0
1862176,34.0
1862288,48.0
1862304,33.0
1862368,39.0
1862416,57.0
1862496,43.0
1862512,34.0
1862608,43.0
1862656,35.0
1862688,39.0
1862720,40.0
1862720,71.0
1862736,66.0
1862768,41.0
1862784,40.0
1862848,48.0
1862848,35.0
1862944,48.0
1862960,37.0
1863136,39.0
1863152,41.0
1863184,55.0
1863296,40.0
1863296,38.0
1863312,44.0
1863328,34.0
1863408,29.0
1863456,46.0
1863504,68.0
1863536,24.0
1863616,55.0
1863664,51.0
1863792,52.0
1863808,32.0
1863840,44.0
1863840,41.0
1863856,71.0
1863936,40.0
1863968,75.0
1864112,28.0
1864112,49.0
1864224,57.0
1864272,46.0
1864272,54.0
1864288,52.0
1864288,49.0
1864400,97.0
1864512,45.0
1864528,35.0
1864560,39.0
1864576,46.0
1864576,45.0
1864672,54.0
1864688,67.0
1864752,29.0
1864800,32.0
1864848,39.0
1864896,39.0
1864912,50.0
1864912,50.0
1864912,22.0
1865024,32.0
1865088,26.0
1865168,30.0
1865344,94.0
1865360,60.0
1865376,50.0
1865440,34.0
1865456,58.0
1865456,34.0
1865504,58.0
1865552,24.0
1865648,46.0
1865856,48.0
1865872,70.0
1865872,64.0
1866064,112.0
1866112,41.0
1866128,76.0
1866272,78.0
1866288,93.0
1866320,48.0
1866368,58.0
1866384,46.0
1866400,56.0
1866448,68.0
1866464,37.0
1866480,38.0
1866544,43.0
1866544,68.0
1866544,75.0
1866688,23.0
1866752,39.0
1866768,44.0
1866832,34.0
1866912,96.0
1867008,56.0
1867024,41.0
1867136,54.0
1867168,49.0
1867168,48.0
1867200,41.0
1867200,45.0
1867344,50.0
1867456,48.0
1867456,63.0
1867536,33.0
1867536,44.0
1867584,52.0
1867584,51.0
1867808,40.0
1867808,56.0
1867824,41.0
1867936,37.0
1868000,26.0
1868000,96.0
1868080,39.0
1868096,56.0
1868144,43.0
1868272,46.0
1868400,86.0
1868400,75.0
1868416,80.0
1868432,39.0
1868512,36.0
1868560,46.0
1868592,37.0
1868624,39.0
1868688,38.0
1868752,30.0
1868768,74.0
1868880,23.0
1868928,33.0
1868992,91.0
1869008,37.0
1869024,27.0
1869024,25.0
1869152,66.0
1869168,85.0
1869184,19.0
1869200,66.0
1869376,59.0
1869392,62.0
1869456,182.0
1869472,34.0
1869504,51.0
1869504,47.0
1869520,60.0
1869648,39.0
1869648,41.0
1869664,40.0
1869728,60.0
1869808,50.0
1869856,42.0
1869872,31.0
1869920,47.0
1870048,36.0
1870064,38.0
1870144,21.0
1870160,60.0
1870176,41.0
1870208,44.0
1870224,45.0
1870288,39.0
1870288,23.0
1870288,71.0
1870304,57.0
1870320,42.0
1870416,43.0
1870448,50.0
1870448,36.0
1870496,28.0
1870512,41.0
1870656,37.0
1870736,35.0
1870768,34.0
1870832,42.0
1870976,52.0
1870976,48.0
1871040,45.0
1871136,43.0
1871136,25.0
1871168,55.0
1871200,57.0
1871296,40.0
1871360,66.0
1871504,68.0
1871584,67.0
1871696,25.0
1871712,36.0
1871728,47.0
1871760,49.0
1871824,96.0
1871856,88.0
1871936,50.0
1871952,28.0
1871984,93.0
1872016,61.0
1872048,55.0
1872048,53.0
1872080,45.0
1872144,82.0
1872160,36.0
1872256,35.0
1872304,37.0
1872320,23.0
1872384,35.0
1872432,44.0
1872448,25.0
1872496,108.0
1872560,39.0
1872800,34.0
1872816,41.0
1872880,70.0
1872896,29.0
1872896,53.0
1872912,38.0
1872992,61.0
1873024,73.0
1873088,63.0
1873152,63.0
1873296,57.0
1873312,47.0
1873408,68.0
1873456,60.0
1873488,65.0
1873488,31.0
1873504,30.0
1873552,29.0
1873632,47.0
1873632,51.0
1873728,58.0
1873744,53.0
1873824,21.0
1873872,36.0
1873888,27.0
1873984,68.0
1874064,41.0
1874064,47.0
1874112,30.0
1874208,139.0
1874224,67.0
1874256,84.0
1874256,44.0
1874336,53.0
1874352,33.0
1874400,33.0
1874416,57.0
1874448,44.0
1874464,22.0
1874592,33.0
1874656,19.0
1874656,42.0
1874656,37.0
1874672,49.0
1874720,31.0
1874800,34.0
1874800,73.0
1874816,38.0
1874880,72.0
1874928,42.0
1874944,38.0
1874976,36.0
1875024,22.0
1875056,25.0
1875072,39.0
1875136,30.0
1875184,37.0
1875232,27.0
1875344,33.0
1875424,34.0
1875488,48.0
1875504,53.0
1875504,68.0
1875504,65.0
1875568,34.0
1875584,41.0
1875648,37.0
1875776,34.0
1875904,60.0
1875936,71.0
1875952,51.0
1876016,27.0
1876032,33.0
1876144,67.0
1876208,64.0
1876208,49.0
1876256,43.0
1876272,81.0
1876288,50.0
1876352,53.0
1876384,38.0
1876384,22.0
1876400,56.0
1876480,52.0
1876544,38.0
1876592,40.0
1876656,28.0
1876672,33.0
1876672,29.0
1876896,62.0
1876912,39.0
1876960,43.0
1876976,60.0
1877008,104.0
1877104,53.0
1877120,48.0
1877120,46.0
1877136,29.0
1877152,31.0
1877248,44.0
1877264,42.0
1877264,37.0
1877296,56.0
1877376,62.0
1877392,24.0
1877440,60.0
1877552,40.0
1877584,38.0
1877664,48.0
1877696,46.0
1877744,39.0
1877872,39.0
1877952,32.0
1877968,51.0
1878032,58.0
1878048,41.0
1878128,47.0
1878144,64.0
1878176,57.0
1878208,59.0
1878224,42.0
1878288,62.0
1878320,39.0
1878352,76.0
1878448,49.0
1878464,55.0
1878656,43.0
1878720,34.0
1878736,43.0
1878752,55.0
1878752,50.0
1878784,40.0
1878848,45.0
1878928,38.0
1878928,74.0
1879040,36.0
1879072,45.0
1879104,56.0
1879104,28.0
1879136,53.0
1879168,59.0
1879232,30.0
1879312,35.0
1879312,54.0
1879456,45.0
1879472,23.0
1879488,91.0
1879552,48.0
1879680,52.0
1879776,53.0
1879792,35.0
1879808,44.0
1879872,20.0
1879888,53.0
1879920,29.0
1879952,77.0
1879968,65.0
1879984,53.0
1880032,45.0
1880128,40.0
1880192,55.0
1880304,39.0
1880320,34.0
1880400,58.0
1880432,40.0
1880464,41.0
1880496,36.0
1880560,33.0
1880592,40.0
1880640,47.0
1880656,49.0
1880672,94.0
1880784,41.0
1880832,54.0
1880880,56.0
1880912,37.0
1881008,36.0
1881040,34.0
1881072,55.0
1881120,128.0
1881136,42.0
1881184,49.0
1881184,37.0
1881200,40.0
1881440,49.0
1881456,39.0
1881488,74.0
1881680,30.0
1881728,53.0
1881744,44.0
1881760,47.0
1881760,53.0
1881824,47.0
1881824,65.0
1881824,43.0
1881840,41.0
1881888,76.0
1882000,51.0
1882048,37.0
1882080,40.0
1882208,45.0
1882208,98.0
1882240,25.0
1882288,33.0
1882304,36.0
1882304,74.0
1882352,42.0
1882384,31.0
1882528,28.0
1882560,22.0
1882624,24.0
1882640,51.0
1882656,38.0
1882672,53.0
1882752,63.0
1882880,31.0
1882928,40.0
1882960,41.0
1882992,73.0
1883024,31.0
1883056,44.0
1883072,82.0
1883152,37.0
1883184,27.0
1883264,40.0
1883264,66.0
1883312,40.0
1883344,44.0
1883552,56.0
1883632,36.0
1883632,42.0
1883680,43.0
1883744,27.0
1883840,57.0
1883888,39.0
1883920,101.0
1884048,44.0
1884064,62.0
1884080,33.0
1884096,131.0
1884096,76.0
1884352,75.0
1884384,85.0
1884400,48.0
1884416,33.0
1884544,85.0
1884560,31.0
1884560,40.0
1884576,56.0
1884672,36.0
1884752,25.0
1884752,44.0
1884880,65.0
1884928,53.0
1884944,75.0
1884960,36.0
1884960,13.0
1885152,46.0
1885184,49.0
1885200,98.0
1885216,41.0
1885216,41.0
1885264,37.0
1885392,32.0
1885424,135.0
1885520,36.0
1885568,62.0
1885664,25.0
1885696,34.0
1885744,62.0
1885808,53.0
1885840,39.0
1885888,60.0
1885904,85.0
1885952,62.0
1885952,27.0
1885968,49.0
1886032,29.0
1886064,123.0
1886176,47.0
1886192,61.0
1886208,51.0
1886256,37.0
1886256,66.0
1886272,29.0
1886416,42.0
1886512,39.0
1886512,51.0
1886560,45.0
1886592,40.0
1886592,21.0
1886688,39.0
1886704,47.0
1886736,52.0
1886752,30.0
1886832,41.0
1886848,21.0
1886864,42.0
1886960,25.0
1886976,48.0
1886976,45.0
1887248,32.0
1887280,37.0
1887280,33.0
1887328,46.0
1887344,86.0
1887376,60.0
1887424,45.0
1887440,37.0
1887472,60.0
1887488,41.0
1887520,34.0
1887536,36.0
1887728,24.0
1887824,31.0
1887856,38.0
1887920,30.0
1887920,83.0
1887984,32.0
1888032,125.0
1888032,73.0
1888096,36.0
1888240,79.0
1888384,56.0
1888432,36.0
1888448,45.0
1888448,73.0
1888496,67.0
1888544,39.0
1888544,28.0
1888560,33.0
1888608,83.0
1888624,50.0
1888864,59.0
1888880,40.0
1888880,84.0
1888928,97.0
1889024,40.0
1889024,65.0
1889040,38.0
1889104,30.0
1889104,41.0
1889200,37.0
1889216,45.0
1889408,33.0
1889424,61.0
1889456,57.0
1889520,60.0
1889552,39.0
1889552,43.0
1889632,38.0
1889728,43.0
1889760,76.0
1889792,43.0
1889824,39.0
1889824,59.0
1889872,29.0
1889920,118.0
1890160,33.0
1890192,61.0
1890224,70.0
1890224,75.0
1890240,32.0
1890384,35.0
1890416,54.0
1890512,37.0
1890512,60.0
1890544,70.0
1890624,69.0
1890720,35.0
1890736,57.0
1890800,65.0
1890816,59.0
1890896,44.0
1890896,30.0
1890976,74.0
1891168,41.0
1891184,28.0
1891200,60.0
1891216,37.0
1891232,21.0
1891312,58.0
1891360,34.0
1891456,125.0
1891504,60.0
1891584,85.0
1891648,21.0
1891760,33.0
1891760,54.0
1891760,96.0
1891840,54.0
1891920,75.0
1891952,90.0
1891952,31.0
1891968,47.0
1892000,50.0
1892048,54.0
1892112,38.0
1892192,87.0
1892208,39.0
1892272,20.0
1892352,37.0
1892368,75.0
1892384,64.0
1892496,46.0
1892544,49.0
1892544,37.0
1892560,40.0
1892592,37.0
1892624,41.0
1892672,35.0
1892736,56.0
1892752,35.0
1892800,27.0
1892896,34.0
1893024,33.0
1893056,53.0
1893088,34.0
1893152,33.0
1893200,38.0
1893264,55.0
1893296,31.0
1893312,40.0
1893328,49.0
1893360,50.0
1893376,108.0
1893408,71.0
1893536,40.0
1893568,95.0
1893664,58.0
1893728,36.0
1893728,26.0
1893744,62.0
1893744,45.0
1893760,35.0
1893808,34.0
1893968,57.0
1893984,38.0
1894000,42.0
1894000,40.0
1894000,37.0
1894144,26.0
1894288,35.0
1894304,40.0
1894320,35.0
1894336,50.0
1894368,50.0
1894464,45.0
1894512,76.0
1894512,89.0
1894560,35.0
1894592,38.0
1894624,41.0
1894720,61.0
1894720,27.0
1894800,50.0
1894848,53.0
1894848,33.0
1894928,37.0
1894960,31.0
1895008,40.0
1895024,55.0
1895136,52.0
1895168,85.0
1895200,40.0
1895200,43.0
1895408,35.0
1895440,45.0
1895552,44.0
1895552,39.0
1895584,60.0
1895584,35.0
1895600,55.0
1895616,38.0
1895648,71.0
1895664,54.0
1895664,33.0
1895680,45.0
1895808,38.0
1895824,39.0
1895936,22.0
1896000,37.0
1896032,22.0
1896048,27.0
1896048,55.0
1896160,98.0
1896192,37.0
1896256,38.0
1896288,53.0
1896384,36.0
1896448,56.0
1896496,52.0
1896496,42.0
1896512,29.0
1896544,24.0
1896544,55.0
1896592,37.0
1896592,63.0
1896640,38.0
1896816,39.0
1896912,26.0
1896912,29.0
1896992,59.0
1897008,39.0
1897040,25.0
1897072,30.0
1897152,56.0
1897184,56.0
1897264,42.0
1897296,85.0
1897312,25.0
1897328,51.0
1897408,26.0
1897456,119.0
1897504,43.0
1897552,66.0
1897632,35.0
1897744,75.0
1897776,77.0
1897808,41.0
1897808,34.0
1897840,34.0
1897856,33.0
1897936,64.0
1897952,34.0
1898000,28.0
1898000,51.0
1898176,71.0
1898224,37.0
1898224,45.0
1898320,63.0
1898320,36.0
1898352,84.0
1898368,32.0
1898480,64.0
1898528,43.0
1898576,48.0
1898576,36.0
1898752,47.0
1898816,21.0
1898816,54.0
1898848,39.0
1898864,43.0
1898880,67.0
1898896,60.0
1898896,36.0
1898992,40.0
1899024,41.0
1899040,45.0
1899056,52.0
1899184,38.0
1899440,104.0
1899472,36.0
1899488,39.0
1899504,39.0
1899584,66.0
1899600,38.0
1899616,37.0
1899680,40.0
1899728,52.0
1899776,75.0
1899808,66.0
1899824,21.0
1899856,50.0
1899920,46.0
1899920,67.0
1900000,31.0
1900048,38.0
1900064,78.0
1900144,34.0
1900144,35.0
1900256,40.0
1900320,37.0
1900320,40.0
1900448,61.0
1900480,42.0
1900480,44.0
1900496,36.0
1900528,44.0
1900544,34.0
1900576,41.0
1900608,112.0
1900624,35.0
1900656,32.0
1900688,52.0
1900720,25.0
1900928,42.0
1900944,25.0
1900944,39.0
1901088,40.0
1901088,38.0
1901104,24.0
1901136,62.0
1901216,33.0
1901216,35.0
1901232,74.0
1901312,49.0
1901344,46.0
1901360,54.0
1901424,53.0
1901536,37.0
1901568,39.0
1901632,25.0
1901696,76.0
1901696,37.0
1901712,36.0
1901728,32.0
1901728,40.0
1901792,54.0
1901808,74.0
1901984,35.0
1902016,42.0
1902048,60.0
1902192,52.0
1902240,58.0
1902240,33.0
1902256,39.0
1902272,46.0
1902352,39.0
1902352,41.0
1902384,37.0
1902432,39.0
1902464,28.0
1902560,52.0
1902560,36.0
1902784,46.0
1902864,38.0
1902912,106.0
1902960,48.0
1902960,33.0
1902976,44.0
1902992,89.0
1903088,46.0
1903088,33.0
1903104,54.0
1903136,56.0
1903232,48.0
1903248,56.0
1903296,100.0
1903360,50.0
1903408,39.0
1903408,64.0
1903472,38.0
1903488,33.0
1903648,35.0
1903664,36.0
1903696,35.0
1903712,50.0
1903760,48.0
1903776,42.0
1903792,35.0
1903808,32.0
1903840,23.0
1903872,56.0
1903904,31.0
1903984,46.0
1904080,42.0
1904160,31.0
1904192,77.0
1904272,39.0
1904368,35.0
1904400,57.0
1904416,44.0
1904432,41.0
1904464,35.0
1904480,40.0
1904496,39.0
1904544,35.0
1904560,75.0
1904608,57.0
1904768,61.0
1904832,47.0
1904848,30.0
1904976,76.0
1905008,36.0
1905040,40.0
1905072,41.0
1905136,59.0
1905152,55.0
1905168,43.0
1905184,40.0
1905216,45.0
1905264,50.0
1905360,50.0
1905376,38.0
1905504,22.0
1905568,37.0
1905632,50.0
1905664,33.0
1905696,39.0
1905840,50.0
1905888,55.0
1905904,81.0
1905936,111.0
1905968,37.0
1906048,55.0
1906128,54.0
1906208,34.0
1906240,34.0
1906320,51.0
1906320,27.0
1906336,72.0
1906352,62.0
1906432,76.0
1906448,100.0
1906480,57.0
1906512,38.0
1906608,40.0
1906640,20.0
1906656,51.0
1906672,65.0
1906928,43.0
1906928,50.0
1906928,38.0
1906944,38.0
1907008,67.0
1907024,26.0
1907024,32.0
1907056,25.0
1907088,41.0
1907152,44.0
1907168,60.0
1907216,73.0
1907312,52.0
1907344,42.0
1907360,63.0
1907440,50.0
1907520,37.0
1907552,39.0
1907600,32.0
1907648,39.0
1907680,41.0
1907728,50.0
1907760,37.0
1907824,51.0
1907872,51.0
1907888,59.0
1907904,34.0
1907968,39.0
1908064,32.0
1908160,63.0
1908176,33.0
1908192,61.0
1908192,32.0
1908224,39.0
1908288,48.0
1908304,34.0
1908368,40.0
1908416,34.0
1908416,32.0
1908416,12.0
1908448,24.0
1908608,49.0
1908656,43.0
1908704,79.0
1908752,54.0
1908832,95.0
1908880,32.0
1908960,34.0
1909040,39.0
1909104,58.0
1909152,54.0
1909168,63.0
1909184,55.0
1909184,46.0
1909232,65.0
1909280,54.0
1909360,20.0
1909392,43.0
1909456,39.0
1909552,42.0
1909552,25.0
1909616,41.0
1909664,63.0
1909680,58.0
1909680,36.0
1909744,32.0
1909792,38.0
1909920,40.0
1909984,50.0
1910016,114.0
1910032,42.0
1910048,41.0
1910128,42.0
1910160,38.0
1910272,104.0
1910336,37.0
1910336,42.0
1910416,54.0
1910464,28.0
1910480,50.0
1910512,56.0
1910528,38.0
1910576,34.0
1910768,38.0
1910784,28.0
1910800,42.0
1910912,70.0
1910944,56.0
1910944,79.0
1910960,61.0
1911040,36.0
1911136,50.0
1911168,43.0
1911232,51.0
1911232,45.0
1911312,49.0
1911312,65.0
1911344,34.0
1911360,137.0
1911424,40.0
1911440,42.0
1911456,32.0
1911472,56.0
1911504,37.0
1911600,40.0
1911664,33.0
1911728,49.0
1911776,29.0
1912000,41.0
1912016,36.0
1912016,61.0
1912032,45.0
1912048,55.0
1912080,26.0
1912096,46.0
1912112,40.0
1912128,33.0
1912208,61.0
1912208,30.0
1912208,47.0
1912368,22.0
1912384,55.0
1912400,61.0
1912400,73.0
1912416,26.0
1912448,26.0
1912480,25.0
1912496,30.0
1912528,47.0
1912608,31.0
1912672,36.0
1912752,34.0
1912992,36.0
1913024,39.0
1913072,59.0
1913104,56.0
1913200,33.0
1913200,51.0
1913216,43.0
1913232,52.0
1913328,36.0
1913344,54.0
1913360,72.0
1913408,60.0
1913504,71.0
1913520,64.0
1913664,37.0
1913680,43.0
1913792,37.0
1913872,42.0
1913920,44.0
1913952,18.0
1913984,40.0
1914000,37.0
1914048,125.0
1914048,34.0
1914144,96.0
1914192,73.0
1914256,64.0
1914304,27.0
1914320,50.0
1914448,48.0
1914512,37.0
1914528,89.0
1914528,36.0
1914544,47.0
1914592,28.0
1914592,25.0
1914656,41.0
1914736,88.0
1914768,88.0
1914864,34.0
1914864,38.0
1914912,58.0
1915008,35.0
1915056,63.0
1915120,37.0
1915168,54.0
1915248,45.0
1915248,75.0
1915376,32.0
1915392,41.0
1915408,31.0
1915424,52.0
1915424,41.0
1915440,49.0
1915456,37.0
1915536,62.0
1915552,34.0
1915616,69.0
1915856,38.0
1915920,47.0
1915952,52.0
1916000,36.0
1916048,37.0
1916048,42.0
1916128,36.0
1916144,47.0
1916192,59.0
1916224,50.0
1916240,103.0
1916256,45.0
1916368,82.0
1916368,58.0
1916416,63.0
1916464,53.0
1916528,38.0
1916624,48.0
1916672,45.0
1916688,31.0
1916816,48.0
1916864,51.0
1916864,38.0
1916912,43.0
1916912,57.0
1916944,50.0
1916960,34.0
1916976,38.0
1916976,38.0
1917056,51.0
1917104,30.0
1917264,50.0
1917296,24.0
1917328,29.0
1917376,43.0
1917424,38.0
1917456,58.0
1917472,84.0
1917552,40.0
1917600,46.0
1917664,38.0
1917680,45.0
1917776,69.0
1917776,25.0
1917824,55.0
1917824,35.0
1917872,36.0
1917872,56.0
1917984,63.0
1918000,34.0
1918016,43.0
1918064,37.0
1918112,27.0
1918256,52.0
1918304,47.0
1918320,31.0
1918384,45.0
1918432,35.0
1918432,41.0
1918448,36.0
1918448,84.0
1918544,45.0
1918608,52.0
1918672,35.0
1918768,48.0
1918832,36.0
1918832,51.0
1918864,55.0
1918864,26.0
1918896,29.0
1918944,55.0
1918960,40.0
1919104,35.0
1919168,98.0
1919168,46.0
1919200,47.0
1919232,39.0
1919280,38.0
1919312,26.0
1919360,37.0
1919392,68.0
1919504,42.0
1919504,70.0
1919552,43.0
1919568,25.0
1919616,42.0
1919648,43.0
1919680,51.0
1919696,33.0
1920064,54.0
1920080,50.0
1920096,54.0
1920144,82.0
1920144,40.0
1920176,39.0
1920176,38.0
1920240,39.0
1920272,73.0
1920320,63.0
1920448,68.0
1920608,69.0
1920608,29.0
1920624,61.0
1920688,28.0
1920736,42.0
1920768,37.0
1920848,73.0
1920848,48.0
1920864,37.0
1920944,50.0
1920960,54.0
1921024,53.0
1921040,45.0
1921040,27.0
1921152,34.0
1921184,35.0
1921216,23.0
1921280,26.0
1921360,32.0
1921360,123.0
1921392,23.0
1921456,45.0
1921552,116.0
1921568,39.0
1921600,52.0
1921712,33.0
1921744,49.0
1921744,81.0
1921792,69.0
1921872,41.0
1921904,34.0
1921968,43.0
1922000,40.0
1922064,42.0
1922128,36.0
1922128,35.0
1922144,34.0
1922144,69.0
1922304,35.0
1922320,36.0
1922352,75.0
1922352,40.0
1922496,65.0
1922592,37.0
1922672,50.0
1922688,34.0
1922736,106.0
1922736,48.0
1922736,37.0
1922768,40.0
1922848,66.0
1922944,37.0
1923008,41.0
1923008,55.0
1923072,47.0
1923072,48.0
1923248,84.0
1923360,54.0
1923392,24.0
1923408,51.0
1923456,49.0
1923520,49.0
1923552,54.0
1923600,37.0
1923616,55.0
1923648,44.0
1923680,38.0
1923696,60.0
1923696,28.0
1923760,62.0
1923776,44.0
1923824,29.0
1923824,110.0
1923888,65.0
1923984,27.0
1924048,41.0
1924144,39.0
1924224,51.0
1924272,36.0
1924288,52.0
1924320,35.0
1924400,50.0
1924416,50.0
1924544,41.0
1924560,55.0
1924560,36.0
1924672,64.0
1924720,64.0
1924736,57.0
1924752,61.0
1924784,40.0
1924976,36.0
1925024,75.0
1925120,23.0
1925168,53.0
1925328,37.0
1925360,50.0
1925408,70.0
1925440,29.0
1925456,42.0
1925456,88.0
1925504,60.0
1925584,64.0
1925600,86.0
1925744,26.0
1925760,25.0
1925792,21.0
1925824,44.0
1925824,88.0
1925888,54.0
1925968,106.0
1925984,82.0
1926032,39.0
1926048,34.0
1926048,55.0
1926096,86.0
1926224,30.0
1926272,30.0
1926336,55.0
1926384,59.0
1926416,23.0
1926448,43.0
1926512,34.0
1926512,39.0
1926624,64.0
1926624,40.0
1926640,34.0
1926640,66.0
1926704,55.0
1926832,20.0
1926896,39.0
1926896,42.0
1926912,31.0
1926928,37.0
1927152,69.0
1927200,35.0
1927232,88.0
1927280,48.0
1927296,57.0
1927312,43.0
1927392,31.0
1927408,60.0
1927456,39.0
1927472,52.0
1927488,49.0
1927584,41.0
1927600,25.0
1927680,103.0
1927760,30.0
1927776,39.0
1927888,30.0
1927904,80.0
1927904,63.0
1928112,21.0
1928144,43.0
1928176,55.0
1928208,61.0
1928208,51.0
1928256,59.0
1928352,55.0
1928432,53.0
1928496,99.0
1928528,39.0
1928544,54.0
1928640,55.0
1928640,65.0
1928672,49.0
1928752,38.0
1928768,37.0
1928800,23.0
1928896,43.0
1928896,62.0
1928912,89.0
1929040,52.0
1929056,44.0
1929104,29.0
1929104,27.0
1929120,54.0
1929280,73.0
1929312,42.0
1929312,32.0
1929328,26.0
1929392,40.0
1929392,39.0
1929392,54.0
1929424,55.0
1929536,40.0
1929584,43.0
1929648,72.0
1929728,43.0
1929728,38.0
1929744,40.0
1929904,30.0
1929936,52.0
1930096,44.0
1930160,48.0
1930160,32.0
1930240,60.0
1930272,46.0
1930288,77.0
1930336,47.0
1930336,64.0
1930352,26.0
1930448,66.0
1930464,72.0
1930496,48.0
1930496,37.0
1930528,50.0
1930576,52.0
1930736,88.0
1930784,39.0
1930864,37.0
1930896,41.0
1930928,37.0
1930944,49.0
1931024,36.0
1931056,37.0
1931088,37.0
1931152,54.0
1931152,41.0
1931168,67.0
1931184,41.0
1931248,20.0
1931360,36.0
1931376,50.0
1931472,38.0
1931488,72.0
1931504,38.0
1931568,39.0
1931600,36.0
1931600,32.0
1931632,56.0
1931664,31.0
1931696,84.0
1931744,37.0
1931776,39.0
1931808,39.0
1931856,50.0
1932000,23.0
1932016,28.0
1932080,45.0
1932192,37.0
1932192,44.0
1932256,30.0
1932384,40.0
1932400,56.0
1932416,47.0
1932432,36.0
1932512,27.0
1932576,36.0
1932656,74.0
1932800,62.0
1932816,39.0
1932832,77.0
1932896,32.0
1932944,23.0
1932944,47.0
1932960,99.0
1933056,113.0
1933072,42.0
1933088,52.0
1933232,51.0
1933280,48.0
1933296,31.0
1933344,103.0
1933376,85.0
1933376,35.0
1933392,60.0
1933408,47.0
1933632,35.0
1933696,47.0
1933744,41.0
1933776,55.0
1933792,60.0
1933808,53.0
1933872,51.0
1933952,41.0
1933968,43.0
1933984,38.0
1934032,50.0
1934064,43.0
1934096,44.0
1934128,45.0
1934176,34.0
1934192,78.0
1934320,12.0
1934368,64.0
1934384,40.0
1934400,39.0
1934416,29.0
1934528,46.0
1934624,51.0
1934688,51.0
1934704,42.0
1934784,45.0
1934784,51.0
1934832,71.0
1934896,36.0
1935024,25.0
1935072,61.0
1935088,42.0
1935120,47.0
1935184,25.0
1935264,27.0
1935328,71.0
1935344,59.0
1935344,51.0
1935344,40.0
1935360,42.0
1935504,38.0
1935648,104.0
1935680,26.0
1935696,38.0
1935904,95.0
1935936,57.0
1935968,39.0
1935984,39.0
1936000,51.0
1936000,41.0
1936032,44.0
1936096,61.0
1936224,128.0
1936368,54.0
1936448,47.0
1936528,31.0
1936608,60.0
1936656,117.0
1936704,45.0
1936704,48.0
1936704,44.0
1936736,48.0
1936736,52.0
1936848,39.0
1936864,95.0
1936880,27.0
1936928,116.0
1936928,58.0
1937040,19.0
1937072,44.0
1937088,27.0
1937168,93.0
1937184,28.0
1937264,35.0
1937312,27.0
1937392,43.0
1937424,36.0
1937472,34.0
1937488,28.0
1937488,60.0
1937584,93.0
1937616,43.0
1937696,52.0
1937696,62.0
1937824,40.0
1937824,76.0
1938000,57.0
1938048,29.0
1938064,50.0
1938080,43.0
1938096,64.0
1938112,40.0
1938112,59.0
1938112,39.0
1938160,42.0
1938240,51.0
1938240,34.0
1938288,61.0
1938320,31.0
1938384,35.0
1938560,32.0
1938576,60.0
1938592,33.0
1938608,57.0
1938608,33.0
1938640,33.0
1938688,43.0
1938768,38.0
1938848,46.0
1938880,48.0
1938880,40.0
1938896,50.0
1939024,44.0
1939024,46.0
1939120,35.0
1939152,48.0
1939184,34.0
1939200,39.0
1939280,37.0
1939392,72.0
1939424,51.0
1939536,59.0
1939584,44.0
1939632,30.0
1939648,39.0
1939760,36.0
1939808,57.0
1939840,77.0
1939856,41.0
1939904,55.0
1939920,67.0
1939952,74.0
1940032,72.0
1940032,25.0
1940112,52.0
1940224,26.0
1940272,55.0
1940304,48.0
1940304,45.0
1940336,36.0
1940384,34.0
1940432,36.0
1940576,41.0
1940576,58.0
1940592,92.0
1940704,37.0
1940704,25.0
1940736,82.0
1940784,32.0
1940880,53.0
1940928,21.0
1940992,60.0
1941008,27.0
1941088,54.0
1941104,45.0
1941136,50.0
1941232,33.0
1941248,59.0
1941376,23.0
1941408,91.0
1941488,31.0
1941488,66.0
1941520,101.0
1941520,59.0
1941536,41.0
1941648,35.0
1941664,46.0
1941680,34.0
1941712,63.0
1941760,22.0
1941776,34.0
1941824,21.0
1941872,22.0
1941904,50.0
1941936,75.0
1942000,32.0
1942032,32.0
1942064,26.0
1942064,51.0
1942160,86.0
1942224,53.0
1942352,40.0
1942368,19.0
1942400,39.0
1942416,46.0
1942448,43.0
1942576,34.0
1942592,41.0
1942624,68.0
1942656,52.0
1942752,68.0
1942768,48.0
1942816,28.0
1942928,64.0
1942928,48.0
1942992,48.0
1943120,44.0
1943152,68.0
1943168,32.0
1943184,82.0
1943264,40.0
1943296,44.0
1943312,24.0
1943360,37.0
1943408,52.0
1943440,39.0
1943472,64.0
1943488,46.0
1943584,41.0
1943600,26.0
1943728,23.0
1943760,38.0
1943760,88.0
1943776,41.0
1943824,35.0
1943920,39.0
1944000,43.0
1944080,57.0
1944112,21.0
1944192,112.0
1944224,47.0
1944272,54.0
1944320,46.0
1944320,35.0
1944368,58.0
1944416,43.0
1944496,42.0
1944496,63.0
1944512,37.0
1944704,69.0
1944736,39.0
1944816,66.0
1944832,115.0
1944912,52.0
1944960,37.0
1944992,42.0
1945008,43.0
1945072,67.0
1945088,56.0
1945136,45.0
1945184,57.0
1945376,34.0
1945376,40.0
1945376,72.0
1945472,61.0
1945504,27.0
1945536,45.0
1945536,39.0
1945584,67.0
1945648,40.0
1945648,59.0
1945728,48.0
1945760,36.0
1945840,53.0
1945904,51.0
1945920,89.0
1945936,35.0
1945984,30.0
1946160,49.0
1946160,39.0
1946192,38.0
1946272,56.0
1946288,47.0
1946336,43.0
1946336,54.0
1946400,35.0
1946416,43.0
1946480,84.0
1946688,65.0
1946720,46.0
1946720,60.0
1946784,53.0
1946848,43.0
1946848,32.0
1946864,59.0
1946928,37.0
1946944,65.0
1947088,58.0
1947104,43.0
1947152,27.0
1947168,61.0
1947200,45.0
1947264,61.0
1947312,65.0
1947328,34.0
1947360,42.0
1947504,40.0
1947552,72.0
1947632,49.0
1947648,58.0
1947696,38.0
1947712,34.0
1947728,23.0
1947744,50.0
1947776,53.0
1947856,34.0
1947872,38.0
1947872,64.0
1948064,35.0
1948064,57.0
1948064,46.0
1948160,60.0
1948176,34.0
1948416,42.0
1948432,45.0
1948448,24.0
1948528,52.0
1948544,42.0
1948560,49.0
1948608,34.0
1948624,48.0
1948720,53.0
1948752,69.0
1948816,79.0
1948816,47.0
1948864,71.0
1948864,44.0
1948944,115.0
1949056,55.0
1949072,41.0
1949088,35.0
1949232,39.0
1949264,51.0
1949312,48.0
1949328,56.0
1949424,38.0
1949440,36.0
1949504,43.0
1949536,49.0
1949600,33.0
1949616,47.0
1949648,37.0
1949696,71.0
1949712,48.0
1949904,42.0
1949904,37.0
1949920,52.0
1950000,31.0
1950000,35.0
1950160,35.0
1950160,29.0
1950208,55.0
1950256,38.0
1950320,26.0
1950336,45.0
1950352,108.0
1950368,69.0
1950400,43.0
1950464,58.0
1950496,36.0
1950512,22.0
1950608,118.0
1950656,41.0
1950704,50.0
1950720,81.0
1950800,40.0
1950832,52.0
1950928,33.0
1950976,29.0
1951024,41.0
1951056,50.0
1951104,56.0
1951184,52.0
1951264,50.0
1951344,40.0
1951440,24.0
1951472,61.0
1951568,77.0
1951584,25.0
1951584,47.0
1951632,57.0
1951648,53.0
1951648,39.0
1951664,63.0
1951792,51.0
1951840,95.0
1951888,28.0
1951888,80.0
1951968,44.0
1952064,45.0
1952112,34.0
1952128,64.0
1952144,76.0
1952160,32.0
1952192,34.0
1952208,39.0
1952288,41.0
1952336,47.0
1952400,35.0
1952416,59.0
1952512,39.0
1952512,45.0
1952704,65.0
1952768,30.0
1952832,45.0
1952832,43.0
1952864,61.0
1952880,57.0
1953024,54.0
1953040,44.0
1953136,46.0
1953152,64.0
1953168,41.0
1953200,27.0
1953200,23.0
1953264,75.0
1953408,76.0
1953488,67.0
1953488,80.0
1953504,50.0
1953520,63.0
1953552,24.0
1953696,27.0
1953696,34.0
1953728,54.0
1953744,54.0
1953744,34.0
1953840,50.0
1953952,58.0
1953968,52.0
1954032,75.0
1954048,35.0
1954080,36.0
1954080,37.0
1954240,45.0
1954320,48.0
1954320,70.0
1954336,37.0
1954368,60.0
1954416,28.0
1954464,48.0
1954480,47.0
1954608,36.0
1954624,24.0
1954640,35.0
1954672,61.0
1954720,61.0
1954752,42.0
1954848,63.0
1954960,40.0
1954976,58.0
1954992,65.0
1955072,44.0
1955216,46.0
1955232,38.0
1955248,33.0
1955360,47.0
1955408,59.0
1955424,36.0
1955440,43.0
1955456,51.0
1955488,32.0
1955520,69.0
1955536,54.0
1955568,78.0
1955600,40.0
1955616,80.0
1955664,16.0
1955664,27.0
1955680,43.0
1955728,41.0
1955904,43.0
1955920,25.0
1956016,41.0
1956064,51.0
1956128,29.0
1956192,47.0
1956208,38.0
1956208,34.0
1956224,46.0
1956272,41.0
1956288,38.0
1956352,51.0
1956352,58.0
1956384,30.0
1956464,63.0
1956512,49.0
1956560,34.0
1956752,34.0
1956784,36.0
1956832,48.0
1956864,81.0
1956896,34.0
1956912,45.0
1956960,52.0
1956992,45.0
1957056,37.0
1957136,39.0
1957232,42.0
1957248,56.0
1957264,61.0
1957296,21.0
1957328,27.0
1957376,37.0
1957440,66.0
1957472,97.0
1957488,41.0
1957568,44.0
1957632,55.0
1957696,35.0
1957728,42.0
1957744,47.0
1957936,107.0
1957968,42.0
1957984,32.0
1958048,51.0
1958096,52.0
1958144,51.0
1958272,34.0
1958320,52.0
1958336,37.0
1958368,50.0
1958400,44.0
1958400,64.0
1958560,36.0
1958592,72.0
1958624,62.0
1958624,33.0
1958672,39.0
1958720,113.0
1958880,102.0
1958896,33.0
1959024,55.0
1959040,40.0
1959088,31.0
1959104,73.0
1959104,71.0
1959152,30.0
1959168,52.0
1959168,56.0
1959216,41.0
1959216,37.0
1959248,39.0
1959312,57.0
1959312,62.0
1959408,43.0
1959472,28.0
1959488,37.0
1959488,28.0
1959600,22.0
1959632,20.0
1959776,42.0
1959776,42.0
1959808,41.0
1959920,27.0
1959920,52.0
1959952,46.0
1959984,51.0
1960096,38.0
1960112,50.0
1960144,61.0
1960160,33.0
1960176,25.0
1960192,61.0
1960240,29.0
1960272,50.0
1960272,22.0
1960304,56.0
1960416,38.0
1960480,55.0
1960576,39.0
1960688,48.0
1960736,37.0
1960752,48.0
1960784,119.0
1960816,36.0
1960832,35.0
1960880,43.0
1960912,27.0
1960928,51.0
1961088,42.0
1961104,52.0
1961168,26.0
1961168,67.0
1961264,36.0
1961280,69.0
1961312,63.0
1961312,46.0
1961408,39.0
1961488,42.0
1961488,35.0
1961552,40.0
1961552,51.0
1961552,28.0
1961616,91.0
1961616,46.0
1961712,28.0
1961760,58.0
1961792,44.0
1961792,32.0
1961936,28.0
1961936,48.0
1961984,51.0
1962096,34.0
1962112,50.0
1962160,34.0
1962208,41.0
1962288,50.0
1962304,47.0
1962336,36.0
1962368,60.0
1962416,69.0
1962432,31.0
1962512,50.0
1962592,50.0
1962672,66.0
1962688,47.0
1962752,37.0
1962784,36.0
1962848,32.0
1962912,58.0
1962912,70.0
1962928,52.0
1962944,40.0
1963040,22.0
1963056,43.0
1963088,50.0
1963152,45.0
1963152,65.0
1963184,42.0
1963200,38.0
1963280,33.0
1963312,56.0
1963488,40.0
1963520,27.0
1963536,24.0
1963552,17.0
1963680,33.0
1963696,47.0
1963712,42.0
1963728,33.0
1963840,73.0
1963888,61.0
1963888,61.0
1963952,64.0
1963968,57.0
1964112,24.0
1964144,37.0
1964192,55.0
1964368,43.0
1964384,31.0
1964400,44.0
1964608,70.0
1964688,72.0
1964688,73.0
1964720,96.0
1964720,38.0
1964720,36.0
1964736,49.0
1964800,27.0
1964816,39.0
1964864,72.0
1965008,25.0
1965024,140.0
1965040,75.0
1965056,41.0
1965136,26.0
1965152,74.0
1965216,83.0
1965280,56.0
1965376,43.0
1965376,41.0
1965408,24.0
1965440,36.0
1965536,51.0
1965616,51.0
1965632,56.0
1965632,36.0
1965632,39.0
1965648,60.0
1965680,54.0
1965696,35.0
1965776,35.0
1965792,26.0
1965872,52.0
1965904,33.0
1965968,51.0
1966208,50.0
1966224,20.0
1966240,44.0
1966272,40.0
1966288,53.0
1966320,39.0
1966384,48.0
1966400,48.0
1966416,46.0
1966448,41.0
1966496,45.0
1966544,42.0
1966560,57.0
1966576,59.0
1966832,54.0
1966880,100.0
1966880,30.0
1966912,22.0
1966944,35.0
1966960,46.0
1967040,47.0
1967072,54.0
1967072,39.0
1967136,51.0
1967200,41.0
1967200,58.0
1967200,49.0
1967296,50.0
1967312,67.0
1967328,47.0
1967424,34.0
1967440,19.0
1967600,48.0
1967680,40.0
1967696,39.0
1967696,31.0
1967792,57.0
1967856,49.0
1967872,11.0
1967872,42.0
1967888,36.0
1967888,37.0
1967952,65.0
1967968,33.0
1967968,48.0
1968128,44.0
1968176,24.0
1968272,24.0
1968288,84.0
1968400,67.0
1968448,30.0
1968464,94.0
1968592,62.0
1968656,49.0
1968672,49.0
1968688,52.0
1968720,64.0
1968768,40.0
1968864,62.0
1968912,46.0
1968960,63.0
1968976,44.0
1969040,40.0
1969104,51.0
1969152,35.0
1969232,32.0
1969264,51.0
1969392,58.0
1969456,48.0
1969536,55.0
1969552,49.0
1969584,57.0
1969584,27.0
1969600,31.0
1969632,48.0
1969680,40.0
1969712,46.0
1969728,128.0
1969776,51.0
1969856,37.0
1969904,42.0
1969920,18.0
1969968,66.0
1970080,25.0
1970096,40.0
1970160,38.0
1970304,44.0
1970320,34.0
1970384,42.0
1970496,69.0
1970544,60.0
1970560,64.0
1970592,63.0
1970640,46.0
1970656,36.0
1970704,171.0
1970880,45.0
1970912,66.0
1971104,50.0
1971104,49.0
1971168,38.0
1971184,91.0
1971200,31.0
1971280,85.0
1971280,82.0
1971312,51.0
1971360,45.0
1971376,80.0
1971392,53.0
1971424,65.0
1971504,39.0
1971600,63.0
1971632,17.0
1971664,63.0
1971680,48.0
1971808,33.0
1971856,34.0
1971936,52.0
1971968,49.0
1971984,51.0
1972080,36.0
1972080,43.0
1972112,52.0
1972128,58.0
1972144,34.0
1972176,47.0
1972272,40.0
1972336,33.0
1972416,47.0
1972480,86.0
1972496,35.0
1972528,22.0
1972544,35.0
1972720,40.0
1972752,40.0
1972800,41.0
1972816,46.0
1972816,34.0
1972864,74.0
1972944,33.0
1972976,63.0
1973056,35.0
1973136,41.0
1973136,63.0
1973136,80.0
1973152,111.0
1973408,41.0
1973440,39.0
1973440,24.0
1973456,30.0
1973488,59.0
1973520,41.0
1973568,53.0
1973600,49.0
1973648,44.0
1973664,33.0
1973760,39.0
1973808,25.0
1973824,43.0
1974016,35.0
1974016,76.0
1974048,38.0
1974144,113.0
1974288,53.0
1974384,36.0
1974384,77.0
1974464,50.0
1974544,126.0
1974544,64.0
1974560,67.0
1974608,60.0
1974608,29.0
1974624,64.0
1974656,40.0
1974688,42.0
1974704,55.0
1974960,42.0
1974960,36.0
1974992,89.0
1975120,41.0
1975136,33.0
1975184,40.0
1975232,33.0
1975248,43.0
1975280,20.0
1975344,41.0
1975360,100.0
1975424,50.0
1975568,57.0
1975568,27.0
1975616,41.0
1975680,81.0
1975744,75.0
1975760,72.0
1975760,40.0
1975856,39.0
1975920,46.0
1976080,46.0
1976080,20.0
1976144,72.0
1976160,37.0
1976176,47.0
1976192,57.0
1976208,28.0
1976320,67.0
1976336,41.0
1976400,147.0
1976416,42.0
1976448,52.0
1976496,40.0
1976624,66.0
1976624,26.0
1976640,28.0
1976720,85.0
1976816,30.0
1976880,29.0
1976928,47.0
1976944,34.0
1976960,50.0
1976960,40.0
1977008,58.0
1977136,40.0
1977168,28.0
1977168,45.0
1977184,69.0
1977216,18.0
1977264,70.0
1977296,22.0
1977344,24.0
1977392,47.0
1977424,34.0
1977440,95.0
1977488,54.0
1977552,34.0
1977616,41.0
1977712,56.0
1977760,71.0
1977776,38.0
1977808,40.0
1977856,35.0
1977904,26.0
1977936,32.0
1978000,54.0
1978016,52.0
1978048,49.0
1978064,53.0
1978128,46.0
1978128,36.0
1978208,25.0
1978224,49.0
1978320,35.0
1978416,67.0
1978432,51.0
1978448,32.0
1978496,23.0
1978560,32.0
1978608,37.0
1978624,53.0
1978624,35.0
1978640,58.0
1978736,15.0
1978768,40.0
1978848,39.0
1978848,59.0
1978928,58.0
1979008,37.0
1979040,45.0
1979056,39.0
1979104,56.0
1979168,82.0
1979216,48.0
1979216,38.0
1979360,45.0
1979376,51.0
1979472,53.0
1979488,54.0
1979488,30.0
1979504,41.0
1979632,44.0
1979664,56.0
1979744,40.0
1979792,36.0
1979792,46.0
1979808,37.0
1979904,33.0
1979920,67.0
1980016,61.0
1980016,22.0
1980032,33.0
1980048,82.0
1980112,59.0
1980160,42.0
1980240,31.0
1980256,49.0
1980368,46.0
1980448,27.0
1980464,42.0
1980464,69.0
1980560,41.0
1980624,71.0
1980640,53.0
1980720,29.0
1980784,61.0
1980816,41.0
1980896,49.0
1980912,54.0
1980960,37.0
1980992,33.0
1980992,60.0
1981024,69.0
1981104,68.0
1981120,42.0
1981136,42.0
1981280,41.0
1981472,36.0
1981504,30.0
1981568,49.0
1981584,59.0
1981680,90.0
1981744,49.0
1981776,42.0
1981856,54.0
1981904,49.0
1981952,71.0
1982000,63.0
1982016,32.0
1982032,82.0
1982048,57.0
1982048,48.0
1982128,35.0
1982224,28.0
1982272,33.0
1982336,47.0
1982368,32.0
1982400,115.0
1982432,95.0
1982528,25.0
1982544,37.0
1982608,38.0
1982640,37.0
1982672,28.0
1982736,66.0
1982736,79.0
1982896,54.0
1982960,59.0
1983056,41.0
1983072,73.0
1983088,47.0
1983088,22.0
1983120,36.0
1983248,38.0
1983264,56.0
1983280,38.0
1983408,85.0
1983408,61.0
1983440,73.0
1983504,56.0
1983536,36.0
1983696,38.0
1983728,30.0
1983760,77.0
1983808,34.0
1983808,45.0
1983856,46.0
1983888,24.0
1983888,72.0
1983904,53.0
1983920,53.0
1984016,70.0
1984176,46.0
1984176,56.0
1984208,50.0
1984240,52.0
1984304,48.0
1984400,44.0
1984464,41.0
1984480,37.0
1984512,37.0
1984592,49.0
1984640,39.0
1984752,54.0
1984816,40.0
1984816,21.0
1984816,60.0
1984864,39.0
1984928,73.0
1984992,25.0
1985008,52.0
1985040,40.0
1985088,39.0
1985088,28.0
1985120,51.0
1985344,37.0
1985376,35.0
1985424,38.0
1985440,107.0
1985456,59.0
1985536,102.0
1985584,45.0
1985584,29.0
1985616,39.0
1985632,34.0
1985632,37.0
1985792,99.0
1985808,50.0
1985808,22.0
1985824,46.0
1985952,38.0
1985984,73.0
1986016,40.0
1986032,37.0
1986192,36.0
1986208,42.0
1986208,49.0
1986352,45.0
1986416,29.0
1986464,30.0
1986512,99.0
1986528,45.0
1986592,48.0
1986592,63.0
1986688,55.0
1986688,69.0
1986736,45.0
1986736,59.0
1986864,52.0
1986912,25.0
1986928,45.0
1986928,36.0
1986992,49.0
1987008,30.0
1987024,87.0
1987088,56.0
1987168,36.0
1987232,31.0
1987248,41.0
1987264,50.0
1987280,34.0
1987344,27.0
1987360,42.0
1987376,43.0
1987584,41.0
1987584,45.0
1987600,36.0
1987616,38.0
1987664,26.0
1987680,43.0
1987696,48.0
1987712,81.0
1987744,32.0
1987776,32.0
1987792,26.0
1987888,50.0
1988080,46.0
1988160,50.0
1988224,33.0
1988288,36.0
1988336,47.0
1988352,36.0
1988352,12.0
1988384,45.0
1988416,50.0
1988464,81.0
1988496,44.0
1988528,40.0
1988528,59.0
1988576,81.0
1988656,66.0
1988656,36.0
1988848,73.0
1988864,40.0
1988928,25.0
1988928,36.0
1988944,37.0
1988960,76.0
1988960,39.0
1989120,52.0
1989120,41.0
1989216,50.0
1989408,29.0
1989440,32.0
1989472,34.0
1989504,34.0
1989520,59.0
1989520,41.0
1989568,74.0
1989584,39.0
1989616,48.0
1989792,71.0
1990000,49.0
1990016,56.0
1990032,35.0
1990048,33.0
1990096,33.0
1990096,61.0
1990144,39.0
1990160,104.0
1990192,43.0
1990272,41.0
1990320,104.0
1990400,24.0
1990448,120.0
1990496,66.0
1990544,60.0
1990576,27.0
1990704,27.0
1990736,26.0
1990752,41.0
1990768,36.0
1990832,52.0
1990864,91.0
1990880,53.0
1990896,69.0
1990912,29.0
1990928,48.0
1990944,53.0
1991024,61.0
1991136,37.0
1991200,44.0
1991232,33.0
1991264,27.0
1991312,24.0
1991312,25.0
1991376,39.0
1991408,34.0
1991536,48.0
1991552,26.0
1991552,51.0
1991568,42.0
1991568,19.0
1991584,44.0
1991632,25.0
1991648,39.0
1991680,69.0
1991712,82.0
1991792,37.0
1991856,28.0
1991904,60.0
1991936,25.0
1991952,40.0
1992016,28.0
1992096,49.0
1992128,36.0
1992128,35.0
1992288,38.0
1992336,47.0
1992368,51.0
1992432,26.0
1992448,50.0
1992560,39.0
1992576,75.0
1992608,44.0
1992688,35.0
1992832,61.0
1992832,70.0
1992864,67.0
1992880,34.0
1992928,52.0
1992928,30.0
1992960,42.0
1992992,39.0
1993008,86.0
1993008,28.0
1993008,36.0
1993136,63.0
1993232,80.0
1993248,40.0
1993296,23.0
1993328,47.0
1993376,43.0
1993456,39.0
1993584,36.0
1993648,26.0
1993664,41.0
1993680,51.0
1993680,42.0
1993680,24.0
1993728,53.0
1993728,46.0
1993792,52.0
1993808,35.0
1993856,64.0
1994064,21.0
1994064,58.0
1994096,23.0
1994112,29.0
1994176,50.0
1994192,32.0
1994224,34.0
1994224,81.0
1994288,38.0
1994304,31.0
1994384,66.0
1994448,54.0
1994480,26.0
1994640,61.0
1994704,26.0
1994784,42.0
1994784,45.0
1994784,43.0
1994816,37.0
1994896,37.0
1994944,48.0
1994960,73.0
1995008,39.0
1995040,35.0
1995040,37.0
1995104,20.0
1995168,82.0
1995216,36.0
1995264,67.0
1995280,114.0
1995344,70.0
1995344,35.0
1995472,27.0
1995552,46.0
1995632,58.0
1995760,51.0
1995888,62.0
1995888,34.0
1995920,41.0
1995936,61.0
1995952,53.0
1995952,42.0
1995968,47.0
1996096,39.0
1996128,70.0
1996256,76.0
1996304,22.0
1996416,102.0
1996432,34.0
1996464,70.0
1996528,85.0
1996528,61.0
1996624,54.0
1996736,48.0
1996816,54.0
1996832,59.0
1996928,50.0
1997040,39.0
1997088,72.0
1997104,23.0
1997120,51.0
1997184,47.0
1997184,45.0
1997216,43.0
1997248,20.0
1997248,83.0
1997280,47.0
1997296,75.0
1997360,46.0
1997360,108.0
1997536,44.0
1997568,47.0
1997616,85.0
1997632,37.0
1997648,35.0
1997760,34.0
1997808,33.0
1997824,36.0
1997824,45.0
1997968,49.0
1998032,46.0
1998048,54.0
1998160,33.0
1998176,35.0
1998176,40.0
1998240,37.0
1998384,36.0
1998400,80.0
1998448,68.0
1998480,28.0
1998496,78.0
1998592,22.0
1998592,64.0
1998608,40.0
1998672,53.0
1998672,82.0
1998768,63.0
1998784,46.0
1998864,29.0
1998912,20.0
1998912,47.0
1998944,48.0
1998960,71.0
1999072,43.0
1999088,40.0
1999136,22.0
1999168,43.0
1999280,42.0
1999328,46.0
1999360,31.0
1999520,64.0
1999536,23.0
1999568,56.0
1999600,41.0
1999744,67.0
1999792,45.0
1999792,32.0
1999808,42.0
1999856,56.0
1999904,62.0
1999920,24.0
1999968,75.0
2000016,26.0
2000016,115.0
2000032,32.0
2000192,69.0
2000192,80.0
2000208,55.0
2000304,35.0
2000384,26.0
2000416,53.0
2000480,70.0
2000480,43.0
2000528,21.0
2000544,39.0
2000560,41.0
2000656,28.0
2000672,41.0
2000688,52.0
2000816,63.0
2000864,53.0
2000960,41.0
2000992,36.0
2001008,76.0
2001136,41.0
2001376,43.0
2001376,56.0
2001408,64.0
2001424,54.0
2001520,83.0
2001600,40.0
2001632,40.0
2001696,73.0
2001696,55.0
2001712,66.0
2001728,66.0
2001776,109.0
2001840,52.0
2001872,83.0
2001904,65.0
2002048,42.0
2002048,57.0
2002096,36.0
2002128,44.0
2002224,37.0
2002224,33.0
2002288,36.0
2002448,47.0
2002496,45.0
2002560,60.0
2002576,46.0
2002576,42.0
2002592,74.0
2002608,35.0
2002656,38.0
2002688,35.0
2002688,51.0
2002832,69.0
2002880,41.0
2002944,31.0
2002992,44.0
2003136,65.0
2003152,111.0
2003152,35.0
2003152,41.0
2003280,44.0
2003280,37.0
2003312,68.0
2003376,43.0
2003408,53.0
2003408,16.0
2003440,38.0
2003472,54.0
2003616,46.0
2003776,39.0
2003808,72.0
2003888,82.0
2003904,37.0
2003968,64.0
2004000,37.0
2004048,48.0
2004064,67.0
2004080,38.0
2004128,61.0
2004192,26.0
2004224,59.0
2004288,24.0
2004336,45.0
2004352,61.0
2004384,61.0
2004432,39.0
2004448,28.0
2004544,88.0
2004560,23.0
2004704,51.0
2004768,40.0
2004800,46.0
2004848,39.0
2004848,35.0
2004992,40.0
2005072,102.0
2005120,72.0
2005152,69.0
2005184,40.0
2005216,49.0
2005232,72.0
2005264,35.0
2005264,31.0
2005392,34.0
2005440,37.0
2005536,34.0
2005632,28.0
2005648,53.0
2005664,69.0
2005664,25.0
2005680,77.0
2005712,37.0
2005744,88.0
2005792,25.0
2005808,41.0
2005920,41.0
2005936,31.0
2005968,99.0
2006032,31.0
2006048,24.0
2006064,62.0
2006128,29.0
2006128,24.0
2006192,60.0
2006272,35.0
2006368,28.0
2006464,26.0
2006480,50.0
2006480,79.0
2006528,55.0
2006560,31.0
2006608,40.0
2006656,45.0
2006704,67.0
2006816,49.0
2006864,66.0
2006864,37.0
2006896,48.0
2006944,24.0
2006992,50.0
2007040,78.0
2007088,45.0
2007136,63.0
2007136,41.0
2007168,43.0
2007264,25.0
2007280,39.0
2007312,53.0
2007328,45.0
2007360,23.0
2007408,29.0
2007600,32.0
2007696,52.0
2007728,43.0
2007744,36.0
2007808,62.0
2007856,34.0
2007888,62.0
2007888,38.0
2007920,76.0
2007936,88.0
2007968,40.0
2008032,39.0
2008080,51.0
2008096,60.0
2008096,31.0
2008176,18.0
2008288,37.0
2008416,42.0
2008464,83.0
2008544,41.0
2008624,79.0
2008656,23.0
2008656,30.0
2008656,35.0
2008672,36.0
2008688,41.0
2008704,39.0
2008720,47.0
2008736,55.0
2008880,67.0
2008944,30.0
2008960,65.0
2009072,33.0
2009104,86.0
2009152,76.0
2009200,34.0
2009248,33.0
2009264,38.0
2009264,40.0
2009296,39.0
2009440,64.0
2009456,36.0
2009472,48.0
2009504,25.0
2009584,40.0
2009632,61.0
2009632,59.0
2009696,46.0
2009744,31.0
2009824,68.0
2009824,42.0
2009856,49.0
2009920,29.0
2009952,43.0
2009952,43.0
2010112,57.0
2010112,26.0
2010176,42.0
2010224,37.0
2010304,28.0
2010320,46.0
2010480,53.0
2010480,46.0
2010496,75.0
2010528,38.0
2010528,36.0
2010528,66.0
2010576,71.0
2010672,45.0
2010736,35.0
2010736,26.0
2010736,32.0
2010768,29.0
2010864,24.0
2010944,70.0
2010976,25.0
2010992,32.0
2011040,58.0
2011152,39.0
2011168,40.0
2011184,43.0
2011216,43.0
2011232,23.0
2011280,73.0
2011296,33.0
2011312,36.0
2011312,23.0
2011312,36.0
2011376,24.0
2011504,105.0
2011616,29.0
2011744,36.0
2011824,37.0
2011840,54.0
2011856,70.0
2011872,35.0
2011888,36.0
2011888,53.0
2011904,38.0
2012032,85.0
2012112,52.0
2012128,47.0
2012176,62.0
2012192,55.0
2012304,35.0
2012320,51.0
2012336,31.0
2012384,31.0
2012384,73.0
2012464,38.0
2012624,27.0
2012624,50.0
2012640,20.0
2012656,39.0
2012672,66.0
2012672,34.0
2012704,51.0
2012736,52.0
2012944,40.0
2013008,52.0
2013088,44.0
2013104,25.0
2013152,48.0
2013168,52.0
2013232,38.0
2013328,76.0
2013344,42.0
2013520,49.0
2013536,56.0
2013552,38.0
2013568,69.0
2013568,106.0
2013632,29.0
2013648,61.0
2013664,63.0
2013712,24.0
2013792,73.0
2013840,46.0
2013856,39.0
2013904,47.0
2014160,38.0
2014176,38.0
2014192,74.0
2014224,55.0
2014240,33.0
2014320,42.0
2014368,29.0
2014368,46.0
2014384,37.0
2014416,47.0
2014416,53.0
2014464,38.0
2014480,60.0
2014624,96.0
2014624,68.0
2014624,49.0
2014640,30.0
2014720,33.0
2014816,36.0
2014928,47.0
2014944,33.0
2014960,37.0
2014976,38.0
2015024,34.0
2015056,26.0
2015072,47.0
2015072,28.0
2015104,40.0
2015120,56.0
2015280,56.0
2015312,43.0
2015424,38.0
2015456,27.0
2015504,55.0
2015616,42.0
2015632,32.0
2015696,45.0
2015760,30.0
2015776,44.0
2015840,49.0
2015920,62.0
2015936,39.0
2015968,54.0
2016000,65.0
2016064,35.0
2016160,34.0
2016192,111.0
2016256,96.0
2016304,55.0
2016336,55.0
2016352,37.0
2016432,50.0
2016448,42.0
2016560,45.0
2016576,36.0
2016784,39.0
2016800,54.0
2016912,53.0
2016960,65.0
2016976,63.0
2016976,40.0
2017040,123.0
2017040,46.0
2017056,39.0
2017072,86.0
2017088,40.0
2017136,35.0
2017216,64.0
2017232,55.0
2017344,49.0
2017424,24.0
2017536,25.0
2017552,48.0
2017632,41.0
2017744,44.0
2017744,52.0
2017744,59.0
2017776,34.0
2017776,50.0
2017888,102.0
2018000,57.0
2018064,40.0
2018128,66.0
2018192,61.0
2018256,57.0
2018272,46.0
2018288,77.0
2018384,38.0
2018384,52.0
2018416,42.0
2018432,50.0
2018496,96.0
2018512,39.0
2018560,27.0
2018608,26.0
2018656,57.0
2018688,39.0
2018768,48.0
2018816,65.0
2018832,25.0
2018880,39.0
2018992,31.0
2019008,39.0
2019024,29.0
2019056,82.0
2019072,49.0
2019088,27.0
2019168,22.0
2019184,50.0
2019200,58.0
2019216,50.0
2019232,25.0
2019248,35.0
2019264,31.0
2019328,51.0
2019360,21.0
2019360,47.0
2019376,18.0
2019440,27.0
2019552,35.0
2019680,50.0
2019744,33.0
2019760,37.0
2019840,40.0
2019840,36.0
2019904,36.0
2019984,39.0
2020016,36.0
2020032,61.0
2020032,50.0
2020048,61.0
2020064,51.0
2020112,46.0
2020160,61.0
2020192,52.0
2020352,42.0
2020384,30.0
2020464,45.0
2020544,49.0
2020656,37.0
2020672,52.0
2020768,49.0
2020848,51.0
2020864,47.0
2020880,83.0
2020944,69.0
2020960,58.0
2020960,59.0
2020976,49.0
2021008,60.0
2021104,45.0
2021120,60.0
2021120,41.0
2021280,32.0
2021344,62.0
2021504,34.0
2021648,62.0
2021680,52.0
2021696,46.0
2021712,37.0
2021712,73.0
2021760,55.0
2021760,49.0
2021808,50.0
2021872,58.0
2021904,50.0
2021936,37.0
2021936,67.0
2022016,46.0
2022064,59.0
2022080,88.0
2022160,41.0
2022288,24.0
2022352,30.0
2022384,46.0
2022464,47.0
2022544,38.0
2022544,54.0
2022656,60.0
2022672,37.0
2022704,62.0
2022704,56.0
2022736,50.0
2022752,43.0
2022800,49.0
2022816,33.0
2022832,42.0
2022848,68.0
2023056,42.0
2023088,83.0
2023168,29.0
2023184,32.0
2023216,54.0
2023328,54.0
2023344,11.0
2023344,37.0
2023392,53.0
2023408,38.0
2023536,44.0
2023552,56.0
2023552,53.0
2023568,32.0
2023584,23.0
2023616,50.0
2023728,55.0
2023776,28.0
2023792,66.0
2023808,39.0
2023920,36.0
2023968,55.0
2024000,41.0
2024016,38.0
2024016,92.0
2024096,34.0
2024224,40.0
2024224,41.0
2024256,21.0
2024336,59.0
2024336,50.0
2024368,47.0
2024384,38.0
2024416,43.0
2024416,38.0
2024560,37.0
2024640,68.0
2024656,27.0
2024784,62.0
2024800,49.0
2024832,28.0
2024864,38.0
2024992,41.0
2024992,41.0
2024992,36.0
2025008,57.0
2025056,65.0
2025168,38.0
2025216,35.0
2025280,66.0
2025280,26.0
2025312,82.0
2025424,37.0
2025456,51.0
2025552,74.0
2025552,35.0
2025568,36.0
2025632,29.0
2025696,57.0
2025840,35.0
2025984,42.0
2025984,44.0
2025984,98.0
2026032,77.0
2026128,36.0
2026224,33.0
2026288,46.0
2026368,59.0
2026400,48.0
2026464,27.0
2026480,31.0
2026528,60.0
2026576,95.0
2026592,100.0
2026592,71.0
2026768,34.0
2026784,98.0
2026800,51.0
2026832,53.0
2026880,30.0
2026912,24.0
2026928,40.0
2026928,120.0
2027104,46.0
2027136,41.0
2027152,43.0
2027168,37.0
2027184,66.0
2027232,40.0
2027472,34.0
2027568,41.0
2027600,42.0
2027600,26.0
2027616,49.0
2027616,111.0
2027664,55.0
2027728,71.0
2027840,43.0
2027840,67.0
2027840,46.0
2028000,70.0
2028016,26.0
2028064,52.0
2028096,27.0
2028160,85.0
2028192,64.0
2028272,41.0
2028288,42.0
2028304,29.0
2028320,74.0
2028336,31.0
2028432,52.0
2028448,61.0
2028448,55.0
2028528,50.0
2028576,30.0
2028592,25.0
2028640,39.0
2028640,40.0
2028704,27.0
2028768,58.0
2028784,30.0
2028832,48.0
2028848,26.0
2028880,37.0
2028912,47.0
2029040,37.0
2029072,46.0
2029120,30.0
2029120,34.0
2029152,35.0
2029232,20.0
2029232,24.0
2029248,26.0
2029344,64.0
2029424,41.0
2029440,50.0
2029456,47.0
2029488,38.0
2029584,21.0
2029632,25.0
2029632,69.0
2029648,54.0
2029648,36.0
2029808,24.0
2029840,45.0
2029888,34.0
2029920,21.0
2029936,51.0
2029952,57.0
2029984,47.0
2030032,55.0
2030080,102.0
2030096,38.0
2030240,38.0
2030256,51.0
2030272,20.0
2030400,23.0
2030400,35.0
2030480,35.0
2030496,53.0
2030544,46.0
2030592,60.0
2030736,41.0
2030736,29.0
2030736,47.0
2030752,51.0
2030784,24.0
2030864,61.0
2030912,91.0
2030944,81.0
2030992,47.0
2031008,26.0
2031040,40.0
2031040,59.0
2031184,58.0
2031392,41.0
2031392,57.0
2031440,59.0
2031488,28.0
2031488,31.0
2031568,44.0
