Timestep,Reward
144,9.0
160,10.0
176,11.0
192,12.0
192,12.0
208,13.0
240,15.0
256,16.0
288,18.0
304,19.0
336,21.0
336,21.0
368,14.0
368,23.0
416,16.0
416,14.0
416,26.0
432,15.0
480,12.0
512,17.0
528,33.0
544,11.0
544,13.0
560,9.0
560,24.0
576,10.0
576,13.0
656,28.0
656,25.0
688,13.0
688,10.0
720,11.0
752,11.0
784,30.0
800,23.0
832,17.0
832,26.0
848,17.0
912,16.0
912,22.0
928,24.0
960,60.0
976,11.0
976,40.0
992,19.0
1008,10.0
1040,16.0
1088,27.0
1120,27.0
1152,20.0
1184,11.0
1232,17.0
1232,30.0
1248,13.0
1264,17.0
1280,19.0
1296,36.0
1312,50.0
1360,17.0
1424,32.0
1456,19.0
1488,32.0
1488,14.0
1520,25.0
1536,11.0
1536,19.0
1568,40.0
1568,46.0
1584,42.0
1616,24.0
1616,20.0
1616,19.0
1616,21.0
1648,14.0
1664,11.0
1696,32.0
1760,15.0
1760,11.0
1808,35.0
1808,17.0
1840,17.0
1872,16.0
1872,21.0
1872,11.0
1904,18.0
1920,29.0
1920,22.0
1936,20.0
1936,28.0
1936,20.0
1984,14.0
2000,21.0
2016,13.0
2048,13.0
2064,16.0
2096,28.0
2096,14.0
2128,16.0
2128,14.0
2176,15.0
2192,27.0
2224,18.0
2272,11.0
2288,22.0
2368,17.0
2368,31.0
2400,17.0
2400,14.0
2400,21.0
2400,13.0
2416,25.0
2448,20.0
2512,37.0
2512,32.0
2528,34.0
2544,11.0
2560,17.0
2576,11.0
2624,13.0
2624,14.0
2624,36.0
2640,15.0
2640,23.0
2672,17.0
2672,19.0
2752,33.0
2768,20.0
2784,17.0
2816,12.0
2816,19.0
2848,58.0
2848,19.0
2896,16.0
2912,9.0
2912,10.0
2928,16.0
2976,19.0
3008,12.0
3072,31.0
3088,15.0
3104,29.0
3120,17.0
3120,13.0
3152,21.0
3168,15.0
3232,20.0
3328,15.0
3328,48.0
3408,16.0
3424,26.0
3440,51.0
3456,21.0
3472,19.0
3504,25.0
3568,42.0
3584,32.0
3584,60.0
3632,32.0
3664,10.0
3680,72.0
3696,23.0
3712,16.0
3744,11.0
3792,20.0
3792,29.0
3824,24.0
3824,12.0
3856,11.0
3872,18.0
3888,57.0
3904,15.0
3936,72.0
3936,44.0
4064,15.0
4096,32.0
4096,19.0
4160,18.0
4176,20.0
4208,49.0
4224,21.0
4224,18.0
4224,27.0
4288,37.0
4368,39.0
4384,18.0
4384,35.0
4384,10.0
4384,28.0
4400,62.0
4496,37.0
4528,29.0
4544,21.0
4576,26.0
4576,12.0
4592,23.0
4592,14.0
4640,16.0
4656,16.0
4672,24.0
4688,32.0
4704,20.0
4720,11.0
4736,22.0
4816,14.0
4832,16.0
4864,11.0
4880,15.0
4896,15.0
4928,22.0
4928,52.0
4944,15.0
5008,81.0
5040,14.0
5072,53.0
5104,38.0
5104,23.0
5120,14.0
5152,30.0
5184,15.0
5264,24.0
5296,23.0
5344,21.0
5344,26.0
5360,40.0
5360,52.0
5360,11.0
5392,50.0
5408,34.0
5424,37.0
5440,11.0
5520,23.0
5520,11.0
5520,30.0
5552,16.0
5568,10.0
5584,14.0
5616,16.0
5648,36.0
5648,14.0
5664,34.0
5664,17.0
5680,10.0
5680,15.0
5728,13.0
5728,11.0
5744,25.0
5776,10.0
5808,44.0
5808,28.0
5840,20.0
5856,11.0
5904,15.0
5936,18.0
5936,13.0
6000,12.0
6000,22.0
6000,56.0
6016,21.0
6016,18.0
6064,31.0
6080,14.0
6096,10.0
6112,33.0
6192,12.0
6192,18.0
6208,25.0
6224,13.0
6256,20.0
6256,9.0
6288,28.0
6320,41.0
6336,20.0
6336,35.0
6352,17.0
6384,20.0
6384,12.0
6384,40.0
6416,10.0
6416,10.0
6448,10.0
6512,20.0
6512,19.0
6512,12.0
6528,12.0
6576,12.0
6592,37.0
6608,16.0
6656,17.0
6688,17.0
6704,20.0
6720,12.0
6736,40.0
6768,16.0
6784,23.0
6816,19.0
6816,51.0
6816,13.0
6848,25.0
6880,34.0
6880,12.0
6912,12.0
6912,16.0
6928,22.0
6944,13.0
7040,28.0
7136,20.0
7136,23.0
7200,18.0
7216,44.0
7248,27.0
7248,19.0
7312,17.0
7312,68.0
7328,12.0
7344,31.0
7344,13.0
7456,36.0
7472,41.0
7520,40.0
7536,21.0
7552,19.0
7552,15.0
7552,40.0
7568,14.0
7616,10.0
7632,19.0
7696,11.0
7696,14.0
7744,33.0
7760,13.0
7760,26.0
7776,14.0
7824,56.0
7856,18.0
7888,17.0
7888,21.0
7888,12.0
7888,74.0
7904,41.0
7936,12.0
7968,27.0
7984,13.0
7984,14.0
8000,76.0
8016,24.0
8096,13.0
8144,16.0
8160,11.0
8160,53.0
8176,18.0
8176,30.0
8224,21.0
8240,30.0
8256,25.0
8304,21.0
8320,10.0
8352,11.0
8368,27.0
8400,36.0
8416,12.0
8416,20.0
8416,16.0
8432,26.0
8448,28.0
8448,17.0
8464,20.0
8496,11.0
8496,32.0
8512,9.0
8544,15.0
8560,13.0
8576,20.0
8608,10.0
8640,15.0
8656,15.0
8672,14.0
8672,16.0
8688,16.0
8736,17.0
8736,11.0
8768,17.0
8768,14.0
8816,13.0
8832,12.0
8848,17.0
8848,21.0
8896,14.0
8928,17.0
8928,16.0
8928,27.0
8928,12.0
8928,43.0
8976,35.0
9008,15.0
9024,21.0
9024,18.0
9040,13.0
9056,10.0
9072,14.0
9104,11.0
9152,24.0
9168,12.0
9184,16.0
9216,18.0
9248,27.0
9296,14.0
9296,28.0
9312,17.0
9328,89.0
9392,29.0
9392,23.0
9424,15.0
9472,28.0
9504,16.0
9520,37.0
9536,23.0
9552,16.0
9616,19.0
9616,29.0
9632,36.0
9648,16.0
9680,11.0
9712,24.0
9744,13.0
9744,33.0
9760,29.0
9776,9.0
9776,10.0
9792,17.0
9792,15.0
9808,26.0
9808,24.0
9824,22.0
9856,13.0
9968,14.0
9984,17.0
9984,13.0
10016,15.0
10016,12.0
10016,21.0
10064,13.0
10080,18.0
10096,22.0
10144,24.0
10144,10.0
10160,34.0
10176,13.0
10208,12.0
10224,13.0
10240,11.0
10320,19.0
10320,32.0
10320,21.0
10320,33.0
10432,18.0
10464,16.0
10464,9.0
10464,18.0
10496,22.0
10512,88.0
10512,17.0
10528,27.0
10544,29.0
10624,19.0
10688,55.0
10704,106.0
10736,26.0
10768,16.0
10768,38.0
10800,21.0
10848,26.0
10896,23.0
10912,28.0
10928,27.0
10928,24.0
10944,20.0
10944,39.0
10960,46.0
10992,19.0
11008,34.0
11088,22.0
11104,25.0
11136,39.0
11136,14.0
11136,21.0
11152,24.0
11248,19.0
11248,22.0
11264,21.0
11296,19.0
11312,19.0
11312,13.0
11328,35.0
11360,26.0
11408,17.0
11424,17.0
11472,34.0
11488,25.0
11488,33.0
11504,11.0
11504,41.0
11520,17.0
11536,11.0
11552,19.0
11568,27.0
11616,22.0
11616,9.0
11648,21.0
11648,22.0
11696,13.0
11744,15.0
11776,17.0
11792,14.0
11792,15.0
11872,14.0
11888,22.0
11904,18.0
11920,31.0
11968,28.0
11968,11.0
11984,21.0
11984,23.0
12000,19.0
12016,14.0
12048,57.0
12048,46.0
12048,19.0
12064,12.0
12080,37.0
12096,12.0
12160,12.0
12192,12.0
12256,15.0
12320,17.0
12336,16.0
12368,17.0
12416,22.0
12416,16.0
12416,40.0
12448,30.0
12464,26.0
12464,30.0
12496,36.0
12528,17.0
12560,42.0
12560,36.0
12608,15.0
12640,11.0
12640,14.0
12656,20.0
12656,15.0
12672,22.0
12704,18.0
12752,12.0
12768,20.0
12784,46.0
12800,9.0
12816,39.0
12864,16.0
12880,26.0
12912,24.0
12912,10.0
12912,15.0
12976,21.0
13008,15.0
13024,33.0
13056,15.0
13088,11.0
13120,13.0
13184,13.0
13184,25.0
13184,11.0
13184,19.0
13200,112.0
13200,11.0
13216,35.0
13232,20.0
13280,10.0
13296,27.0
13312,16.0
13328,9.0
13328,43.0
13360,11.0
13392,37.0
13392,13.0
13408,8.0
13424,15.0
13472,57.0
13536,13.0
13536,28.0
13536,21.0
13568,16.0
13584,18.0
13584,14.0
13616,14.0
13616,14.0
13632,19.0
13760,35.0
13776,15.0
13792,20.0
13824,13.0
13824,25.0
13840,38.0
13856,20.0
13920,21.0
13936,19.0
14064,19.0
14080,18.0
14080,16.0
14080,29.0
14128,17.0
14160,20.0
14160,37.0
14160,36.0
14208,27.0
14208,42.0
14240,20.0
14240,19.0
14320,31.0
14320,10.0
14336,11.0
14336,16.0
14384,16.0
14384,105.0
14400,12.0
14416,22.0
14416,11.0
14496,26.0
14512,12.0
14544,13.0
14608,23.0
14624,29.0
14640,16.0
14640,14.0
14656,28.0
14672,16.0
14672,79.0
14688,22.0
14720,94.0
14752,42.0
14816,20.0
14832,12.0
14832,14.0
14864,30.0
14864,14.0
14864,12.0
14864,13.0
14896,36.0
14944,27.0
14960,15.0
14976,19.0
14992,10.0
14992,37.0
15024,30.0
15072,16.0
15088,9.0
15088,14.0
15120,16.0
15152,25.0
15200,13.0
15200,14.0
15216,22.0
15232,25.0
15248,35.0
15280,26.0
15312,26.0
15328,21.0
15344,17.0
15360,17.0
15376,16.0
15424,17.0
15472,16.0
15488,33.0
15504,16.0
15536,57.0
15568,15.0
15568,16.0
15584,10.0
15600,32.0
15600,16.0
15600,25.0
15600,36.0
15600,25.0
15648,23.0
15680,28.0
15696,12.0
15712,9.0
15728,8.0
15792,12.0
15824,14.0
15824,29.0
15872,17.0
15872,24.0
15936,29.0
15968,27.0
15968,11.0
15968,17.0
15984,19.0
16000,26.0
16032,24.0
16064,29.0
16064,15.0
16080,13.0
16096,17.0
16128,26.0
16144,48.0
16176,13.0
16176,13.0
16240,32.0
16240,19.0
16240,17.0
16272,13.0
16320,16.0
16320,11.0
16352,14.0
16368,21.0
16400,14.0
16416,53.0
16432,27.0
16512,17.0
16512,33.0
16544,23.0
16560,20.0
16560,15.0
16576,14.0
16672,10.0
16720,30.0
16752,12.0
16768,28.0
16784,15.0
16800,23.0
16816,45.0
16848,36.0
16848,21.0
16864,49.0
16880,32.0
16944,33.0
16960,15.0
16960,10.0
16992,37.0
17008,71.0
17040,11.0
17040,18.0
17056,31.0
17072,31.0
17072,19.0
17072,25.0
17104,20.0
17104,14.0
17168,22.0
17200,9.0
17200,22.0
17216,16.0
17248,11.0
17280,17.0
17328,10.0
17344,17.0
17344,24.0
17344,17.0
17424,24.0
17456,15.0
17472,23.0
17472,27.0
17488,24.0
17504,35.0
17520,12.0
17536,12.0
17552,35.0
17584,21.0
17600,20.0
17600,47.0
17632,11.0
17632,18.0
17648,19.0
17680,16.0
17696,31.0
17696,10.0
17712,10.0
17728,16.0
17760,18.0
17808,11.0
17840,21.0
17856,16.0
17872,12.0
17888,19.0
17888,18.0
17920,17.0
17920,25.0
17952,16.0
17984,31.0
18000,15.0
18064,9.0
18064,54.0
18080,12.0
18080,13.0
18112,24.0
18128,18.0
18176,29.0
18176,16.0
18192,24.0
18208,22.0
18208,16.0
18224,33.0
18256,17.0
18288,14.0
18288,18.0
18304,11.0
18352,11.0
18352,11.0
18368,18.0
18368,10.0
18384,20.0
18384,11.0
18416,19.0
18432,22.0
18464,17.0
18480,16.0
18496,13.0
18512,10.0
18544,11.0
18560,42.0
18576,59.0
18592,13.0
18624,17.0
18656,14.0
18672,23.0
18672,24.0
18688,20.0
18720,16.0
18752,16.0
18752,12.0
18752,31.0
18800,14.0
18816,12.0
18816,25.0
18832,20.0
18880,31.0
18880,14.0
18896,14.0
18944,22.0
18992,11.0
18992,15.0
19008,13.0
19024,12.0
19040,10.0
19040,23.0
19056,32.0
19072,37.0
19088,21.0
19088,21.0
19136,9.0
19136,28.0
19184,15.0
19184,23.0
19248,16.0
19296,10.0
19312,16.0
19328,18.0
19344,29.0
19360,17.0
19408,25.0
19424,25.0
19424,44.0
19424,11.0
19440,34.0
19488,25.0
19488,22.0
19504,13.0
19536,22.0
19552,14.0
19552,13.0
19584,25.0
19664,39.0
19696,21.0
19696,17.0
19712,19.0
19760,11.0
19760,21.0
19776,15.0
19776,18.0
19792,23.0
19792,22.0
19808,31.0
19824,47.0
19872,23.0
19952,25.0
19968,17.0
19968,11.0
19984,31.0
19984,18.0
20032,16.0
20048,18.0
20064,25.0
20112,35.0
20144,20.0
20160,22.0
20208,14.0
20224,27.0
20256,31.0
20288,26.0
20304,12.0
20320,34.0
20336,24.0
20352,12.0
20352,18.0
20400,43.0
20416,28.0
20448,25.0
20464,10.0
20480,14.0
20496,22.0
20544,20.0
20544,12.0
20608,17.0
20624,21.0
20688,9.0
20704,31.0
20704,22.0
20720,17.0
20720,14.0
20752,45.0
20784,11.0
20784,29.0
20784,15.0
20816,21.0
20816,22.0
20832,53.0
20848,9.0
20896,13.0
20928,14.0
20928,19.0
20976,63.0
20976,12.0
20976,36.0
21008,10.0
21024,13.0
21056,21.0
21104,13.0
21136,22.0
21168,47.0
21168,12.0
21168,9.0
21200,23.0
21200,17.0
21232,16.0
21312,11.0
21328,10.0
21344,37.0
21344,35.0
21360,34.0
21408,13.0
21408,19.0
21424,23.0
21440,17.0
21472,19.0
21488,11.0
21552,39.0
21568,14.0
21600,16.0
21632,10.0
21648,58.0
21648,18.0
21680,28.0
21728,11.0
21728,19.0
21728,47.0
21792,29.0
21808,15.0
21856,14.0
21856,13.0
21872,29.0
21936,13.0
21968,20.0
21984,12.0
22064,66.0
22064,54.0
22080,42.0
22080,30.0
22096,10.0
22112,42.0
22144,29.0
22176,19.0
22208,45.0
22224,15.0
22240,24.0
22240,9.0
22256,11.0
22272,34.0
22272,34.0
22288,11.0
22288,27.0
22288,13.0
22320,16.0
22320,16.0
22352,13.0
22432,10.0
22448,13.0
22464,18.0
22480,12.0
22496,18.0
22512,10.0
22560,15.0
22560,19.0
22576,18.0
22576,48.0
22624,21.0
22640,9.0
22640,10.0
22672,15.0
22688,28.0
22736,11.0
22768,16.0
22768,50.0
22800,21.0
22816,15.0
22832,32.0
22864,15.0
22864,14.0
22896,39.0
22896,21.0
22912,15.0
22944,23.0
22976,47.0
23008,23.0
23040,19.0
23056,23.0
23072,11.0
23088,17.0
23120,22.0
23152,24.0
23168,16.0
23184,15.0
23200,12.0
23216,11.0
23232,27.0
23248,24.0
23264,18.0
23296,53.0
23312,14.0
23376,20.0
23392,14.0
23392,17.0
23392,12.0
23408,36.0
23424,10.0
23456,13.0
23456,35.0
23472,38.0
23504,27.0
23520,13.0
23632,15.0
23632,13.0
23648,17.0
23648,16.0
23680,14.0
23776,17.0
23776,35.0
23792,24.0
23808,36.0
23824,22.0
23840,41.0
23968,20.0
24016,14.0
24032,36.0
24048,33.0
24048,41.0
24080,49.0
24080,19.0
24112,30.0
24160,32.0
24176,23.0
24224,16.0
24240,14.0
24256,13.0
24272,15.0
24288,13.0
24304,16.0
24336,16.0
24336,74.0
24336,41.0
24368,16.0
24384,47.0
24416,36.0
24464,43.0
24480,9.0
24480,15.0
24512,15.0
24528,12.0
24528,19.0
24544,23.0
24544,16.0
24560,46.0
24592,14.0
24592,13.0
24672,13.0
24672,21.0
24784,17.0
24816,17.0
24848,18.0
24848,43.0
24864,21.0
24864,38.0
24912,15.0
24912,24.0
24944,33.0
24976,12.0
25008,29.0
25040,28.0
25040,35.0
25056,36.0
25056,47.0
25072,14.0
25104,27.0
25120,19.0
25152,15.0
25168,36.0
25168,20.0
25216,22.0
25232,20.0
25248,24.0
25264,13.0
25280,21.0
25344,19.0
25360,24.0
25376,23.0
25408,15.0
25424,17.0
25424,13.0
25440,21.0
25456,18.0
25472,27.0
25488,13.0
25504,16.0
25504,27.0
25536,26.0
25616,11.0
25616,10.0
25648,17.0
25648,15.0
25712,13.0
25712,13.0
25744,24.0
25744,20.0
25760,14.0
25760,18.0
25792,11.0
25824,25.0
25824,37.0
25856,23.0
25888,15.0
25968,14.0
25984,15.0
26000,13.0
26064,28.0
26080,64.0
26112,25.0
26160,17.0
26160,25.0
26176,52.0
26176,13.0
26176,57.0
26192,23.0
26224,29.0
26224,14.0
26240,37.0
26240,26.0
26336,16.0
26400,21.0
26400,15.0
26416,19.0
26416,12.0
26448,29.0
26464,38.0
26480,18.0
26480,19.0
26480,19.0
26592,22.0
26608,28.0
26640,19.0
26640,26.0
26656,26.0
26656,13.0
26656,12.0
26704,62.0
26704,18.0
26816,26.0
26880,14.0
26880,17.0
26896,26.0
26912,46.0
26912,17.0
26928,28.0
26944,15.0
26960,20.0
27056,22.0
27056,41.0
27072,12.0
27088,17.0
27104,14.0
27152,14.0
27184,17.0
27200,18.0
27232,9.0
27264,38.0
27280,54.0
27312,16.0
27312,16.0
27328,53.0
27344,15.0
27376,49.0
27392,20.0
27408,13.0
27424,33.0
27440,13.0
27504,10.0
27536,16.0
27552,15.0
27552,10.0
27552,14.0
27600,59.0
27648,17.0
27648,15.0
27648,14.0
27648,44.0
27664,25.0
27680,33.0
27712,25.0
27760,13.0
27776,51.0
27776,14.0
27792,38.0
27856,11.0
27872,23.0
27872,14.0
27888,14.0
27904,19.0
27936,24.0
27952,26.0
28000,18.0
28000,15.0
28080,11.0
28080,19.0
28112,16.0
28128,11.0
28160,24.0
28160,14.0
28192,20.0
28192,47.0
28256,11.0
28272,39.0
28288,25.0
28304,11.0
28304,41.0
28320,15.0
28368,13.0
28384,14.0
28400,33.0
28432,10.0
28496,11.0
28512,45.0
28512,14.0
28544,22.0
28544,34.0
28560,57.0
28576,29.0
28576,24.0
28592,14.0
28640,21.0
28640,21.0
28720,13.0
28720,13.0
28736,15.0
28784,22.0
28784,25.0
28800,14.0
28816,16.0
28816,26.0
28864,14.0
28912,17.0
28928,13.0
28928,24.0
28928,58.0
28976,24.0
28992,13.0
28992,26.0
29024,48.0
29056,16.0
29056,17.0
29088,17.0
29088,34.0
29136,13.0
29168,28.0
29184,28.0
29232,26.0
29248,20.0
29280,9.0
29280,16.0
29280,12.0
29280,23.0
29296,15.0
29344,16.0
29344,22.0
29360,24.0
29376,24.0
29520,15.0
29552,17.0
29552,31.0
29568,14.0
29568,12.0
29584,41.0
29600,23.0
29616,47.0
29632,29.0
29648,23.0
29648,22.0
29664,26.0
29680,25.0
29696,32.0
29776,26.0
29776,14.0
29808,29.0
29824,16.0
29824,15.0
29840,18.0
29840,13.0
29840,9.0
29856,16.0
29888,23.0
29920,15.0
29968,20.0
29984,20.0
29984,10.0
29984,10.0
30032,14.0
30048,17.0
30080,12.0
30080,15.0
30112,16.0
30112,21.0
30128,30.0
30128,9.0
30176,12.0
30176,21.0
30224,16.0
30224,24.0
30272,12.0
30288,10.0
30288,13.0
30304,12.0
30304,17.0
30320,13.0
30368,12.0
30368,28.0
30400,11.0
30400,26.0
30416,9.0
30416,18.0
30432,51.0
30432,24.0
30480,10.0
30528,15.0
30544,16.0
30560,10.0
30576,10.0
30576,17.0
30640,10.0
30640,13.0
30672,16.0
30720,72.0
30736,23.0
30752,28.0
30752,24.0
30832,10.0
30832,18.0
30864,14.0
30880,9.0
30880,22.0
30896,45.0
30896,20.0
30896,21.0
30944,32.0
30944,34.0
31008,18.0
31040,29.0
31072,15.0
31088,16.0
31104,22.0
31120,16.0
31120,11.0
31152,32.0
31152,17.0
31168,17.0
31200,16.0
31216,29.0
31264,16.0
31280,25.0
31312,15.0
31328,11.0
31344,28.0
31376,10.0
31392,22.0
31408,18.0
31488,79.0
31504,10.0
31536,21.0
31536,28.0
31568,29.0
31648,47.0
31648,24.0
31680,23.0
31680,33.0
31680,35.0
31696,13.0
31728,22.0
31744,21.0
31776,17.0
31792,16.0
31824,11.0
31824,34.0
31888,20.0
31904,23.0
31952,39.0
31952,19.0
32000,52.0
32032,19.0
32064,24.0
32080,12.0
32080,25.0
32080,25.0
32096,20.0
32112,13.0
32128,11.0
32128,24.0
32160,23.0
32240,15.0
32256,11.0
32288,10.0
32352,17.0
32368,34.0
32384,27.0
32416,22.0
32464,19.0
32464,24.0
32496,15.0
32512,17.0
32544,12.0
32560,29.0
32592,48.0
32624,58.0
32624,10.0
32640,16.0
32656,33.0
32688,17.0
32736,84.0
32752,15.0
32768,14.0
32832,29.0
32832,50.0
32832,13.0
32848,35.0
32896,13.0
32896,10.0
32912,28.0
32912,50.0
32928,21.0
32960,29.0
32992,10.0
32992,10.0
33024,16.0
33024,25.0
33088,21.0
33088,11.0
33120,14.0
33120,29.0
33136,13.0
33168,20.0
33216,41.0
33216,14.0
33264,11.0
33280,16.0
33296,11.0
33312,30.0
33312,20.0
33344,14.0
33344,24.0
33424,21.0
33472,36.0
33472,21.0
33504,14.0
33536,39.0
33552,18.0
33648,19.0
33664,12.0
33680,23.0
33744,69.0
33792,36.0
33808,24.0
33808,40.0
33840,23.0
33872,41.0
33872,12.0
33888,24.0
33904,10.0
33968,19.0
33968,41.0
33968,10.0
34016,14.0
34016,30.0
34064,32.0
34096,14.0
34096,47.0
34128,10.0
34224,75.0
34224,24.0
34256,60.0
34272,13.0
34272,11.0
34288,20.0
34288,25.0
34336,27.0
34384,36.0
34384,16.0
34448,12.0
34448,27.0
34512,40.0
34560,21.0
34592,19.0
34608,10.0
34656,27.0
34688,11.0
34704,16.0
34752,30.0
34768,47.0
34768,13.0
34800,26.0
34816,13.0
34864,30.0
34880,57.0
34896,50.0
34928,10.0
34960,39.0
34960,19.0
34960,42.0
35040,28.0
35088,24.0
35088,90.0
35120,15.0
35136,17.0
35136,28.0
35200,19.0
35232,26.0
35264,14.0
35280,12.0
35280,63.0
35296,33.0
35344,14.0
35344,13.0
35344,24.0
35424,18.0
35424,42.0
35424,31.0
35456,14.0
35472,42.0
35488,14.0
35504,14.0
35552,13.0
35552,17.0
35584,10.0
35632,27.0
35696,17.0
35728,17.0
35728,19.0
35760,26.0
35776,51.0
35808,32.0
35824,17.0
35840,31.0
35856,48.0
35888,58.0
35904,26.0
35904,13.0
36000,31.0
36048,17.0
36064,19.0
36096,16.0
36176,23.0
36176,18.0
36176,37.0
36208,24.0
36256,16.0
36272,50.0
36288,27.0
36320,48.0
36352,39.0
36352,16.0
36416,23.0
36416,15.0
36448,11.0
36464,11.0
36480,36.0
36512,21.0
36544,30.0
36608,44.0
36624,17.0
36624,17.0
36704,28.0
36704,12.0
36720,62.0
36784,23.0
36784,23.0
36832,32.0
36848,25.0
36880,78.0
36912,44.0
36912,18.0
36928,13.0
36944,21.0
36944,15.0
36960,26.0
37024,15.0
37120,13.0
37136,60.0
37184,17.0
37200,20.0
37200,31.0
37248,18.0
37248,49.0
37264,20.0
37296,11.0
37312,30.0
37344,10.0
37344,54.0
37360,10.0
37376,22.0
37392,48.0
37456,13.0
37472,34.0
37488,44.0
37504,19.0
37520,13.0
37552,38.0
37584,18.0
37600,22.0
37616,22.0
37648,12.0
37680,20.0
37712,23.0
37760,26.0
37760,16.0
37760,15.0
37792,41.0
37840,18.0
37888,65.0
37904,9.0
37920,15.0
37936,34.0
38016,40.0
38080,27.0
38080,20.0
38080,29.0
38096,32.0
38128,13.0
38128,40.0
38128,14.0
38160,28.0
38160,17.0
38192,11.0
38192,25.0
38224,47.0
38240,40.0
38256,20.0
38288,28.0
38320,15.0
38352,17.0
38352,37.0
38368,17.0
38400,13.0
38496,15.0
38496,19.0
38512,14.0
38512,18.0
38528,25.0
38592,15.0
38592,27.0
38592,29.0
38624,34.0
38672,27.0
38672,17.0
38704,22.0
38704,24.0
38720,14.0
38720,13.0
38768,38.0
38816,9.0
38832,44.0
38832,21.0
38832,20.0
38896,33.0
38896,12.0
38928,13.0
38944,20.0
38944,26.0
38976,24.0
38976,16.0
38992,14.0
39008,21.0
39008,26.0
39040,21.0
39056,29.0
39104,11.0
39104,17.0
39152,16.0
39216,15.0
39216,24.0
39264,13.0
39264,17.0
39360,22.0
39376,25.0
39392,24.0
39408,29.0
39424,13.0
39472,20.0
39504,35.0
39520,16.0
39584,30.0
39584,13.0
39600,12.0
39616,25.0
39616,16.0
39648,51.0
39664,35.0
39664,48.0
39728,57.0
39744,14.0
39760,45.0
39824,25.0
39840,23.0
39856,15.0
39872,18.0
39872,13.0
39888,31.0
39984,10.0
40000,31.0
40032,11.0
40048,18.0
40048,24.0
40048,20.0
40048,11.0
40064,28.0
40112,15.0
40128,34.0
40160,56.0
40176,27.0
40176,36.0
40256,38.0
40272,27.0
40304,20.0
40320,13.0
40336,18.0
40336,10.0
40384,21.0
40384,21.0
40384,31.0
40400,23.0
40464,18.0
40480,22.0
40512,29.0
40576,12.0
40576,12.0
40592,16.0
40672,26.0
40688,23.0
40704,14.0
40704,23.0
40720,20.0
40720,41.0
40736,46.0
40848,10.0
40880,36.0
40896,19.0
40912,21.0
40928,41.0
40960,15.0
40992,18.0
40992,26.0
41008,18.0
41024,54.0
41040,33.0
41072,14.0
41104,14.0
41200,46.0
41216,12.0
41216,14.0
41232,53.0
41280,24.0
41344,22.0
41376,11.0
41440,14.0
41456,47.0
41472,32.0
41504,52.0
41520,38.0
41568,18.0
41616,38.0
41680,59.0
41728,18.0
41824,38.0
41824,23.0
41872,22.0
41904,42.0
41904,52.0
41920,28.0
41920,26.0
41952,57.0
42048,14.0
42064,10.0
42064,43.0
42128,32.0
42240,20.0
42256,83.0
42256,72.0
42320,40.0
42336,29.0
42336,13.0
42352,19.0
42400,30.0
42416,22.0
42464,13.0
42480,71.0
42480,36.0
42528,50.0
42560,14.0
42560,38.0
42560,62.0
42576,16.0
42576,21.0
42656,52.0
42656,37.0
42704,14.0
42704,11.0
42704,28.0
42736,11.0
42768,19.0
42816,15.0
42848,17.0
42864,13.0
42880,34.0
42896,12.0
43008,41.0
43040,30.0
43152,46.0
43168,38.0
43168,19.0
43184,21.0
43200,20.0
43232,33.0
43232,12.0
43312,9.0
43344,33.0
43392,31.0
43424,48.0
43472,48.0
43520,23.0
43552,34.0
43584,69.0
43616,26.0
43632,56.0
43648,19.0
43712,25.0
43712,34.0
43760,33.0
43776,10.0
43776,24.0
43776,16.0
43792,64.0
43856,13.0
43856,39.0
43888,93.0
43888,11.0
43936,19.0
43968,12.0
43984,35.0
43984,17.0
44064,11.0
44080,38.0
44080,14.0
44144,23.0
44224,16.0
44224,18.0
44240,10.0
44240,30.0
44304,14.0
44352,73.0
44352,23.0
44368,37.0
44384,52.0
44384,31.0
44384,33.0
44448,19.0
44448,14.0
44480,26.0
44496,57.0
44560,12.0
44560,20.0
44592,13.0
44608,16.0
44624,17.0
44720,30.0
44736,22.0
44768,24.0
44784,50.0
44800,31.0
44816,23.0
44928,21.0
44976,11.0
44976,74.0
45024,29.0
45088,29.0
45136,20.0
45136,57.0
45136,25.0
45168,35.0
45200,30.0
45248,50.0
45264,21.0
45264,30.0
45280,19.0
45296,33.0
45312,21.0
45360,21.0
45376,51.0
45472,24.0
45520,17.0
45536,17.0
45552,17.0
45584,24.0
45616,71.0
45632,21.0
45632,71.0
45648,21.0
45648,17.0
45664,25.0
45744,38.0
45792,20.0
45824,12.0
45840,20.0
45856,43.0
45888,22.0
45888,15.0
45888,19.0
45904,34.0
45984,12.0
46016,55.0
46032,23.0
46080,28.0
46096,60.0
46128,17.0
46176,18.0
46176,21.0
46240,37.0
46240,14.0
46304,43.0
46352,28.0
46352,20.0
46368,12.0
46432,43.0
46448,23.0
46448,39.0
46512,60.0
46560,24.0
46560,36.0
46608,19.0
46624,17.0
46624,33.0
46640,17.0
46672,49.0
46688,35.0
46736,53.0
46752,19.0
46816,23.0
46832,25.0
46880,13.0
46896,17.0
46912,11.0
46928,19.0
47008,12.0
47008,48.0
47024,29.0
47088,30.0
47088,10.0
47104,12.0
47104,26.0
47184,59.0
47248,38.0
47248,9.0
47264,57.0
47264,15.0
47280,45.0
47296,49.0
47360,22.0
47424,37.0
47440,12.0
47488,14.0
47520,27.0
47600,44.0
47616,32.0
47680,24.0
47696,43.0
47696,16.0
47744,30.0
47744,14.0
47760,63.0
47760,55.0
47792,38.0
47792,32.0
47824,25.0
47872,11.0
47872,39.0
47872,12.0
47888,25.0
47952,21.0
47952,16.0
47952,54.0
48016,41.0
48016,17.0
48112,20.0
48128,24.0
48192,27.0
48208,16.0
48208,16.0
48240,23.0
48272,42.0
48288,31.0
48336,29.0
48480,23.0
48528,41.0
48544,37.0
48608,30.0
48640,55.0
48688,28.0
48688,25.0
48752,58.0
48816,11.0
48944,58.0
48944,66.0
48960,13.0
48960,26.0
48976,49.0
48976,28.0
48992,32.0
49024,51.0
49040,64.0
49072,16.0
49168,14.0
49168,56.0
49184,14.0
49232,56.0
49248,35.0
49248,14.0
49328,24.0
49376,13.0
49408,27.0
49424,29.0
49552,19.0
49584,86.0
49600,62.0
49616,39.0
49616,15.0
49664,43.0
49680,28.0
49712,29.0
49744,35.0
49776,38.0
49776,12.0
49808,30.0
49872,52.0
49936,10.0
49952,79.0
50016,25.0
50016,38.0
50032,60.0
50096,30.0
50192,11.0
50240,35.0
50272,35.0
50272,20.0
50304,47.0
50496,14.0
50528,32.0
50592,49.0
50672,67.0
50672,46.0
50688,64.0
50784,85.0
50848,61.0
50864,70.0
50880,40.0
50944,40.0
51072,81.0
51104,63.0
51136,59.0
51216,17.0
51232,60.0
51248,76.0
51264,42.0
51264,26.0
51280,31.0
51392,44.0
51408,21.0
51408,34.0
51456,22.0
51488,14.0
51520,17.0
51632,60.0
51632,47.0
51696,73.0
51728,66.0
51744,14.0
51792,32.0
51808,22.0
51856,29.0
51904,31.0
51904,42.0
51920,18.0
51952,46.0
52016,17.0
52048,57.0
52112,19.0
52128,21.0
52224,19.0
52224,46.0
52320,43.0
52368,20.0
52400,62.0
52464,21.0
52464,35.0
52480,124.0
52480,49.0
52560,15.0
52576,45.0
52608,41.0
52672,13.0
52688,60.0
52704,90.0
52720,22.0
52736,16.0
52736,16.0
52832,17.0
52864,40.0
52880,26.0
52928,57.0
52928,15.0
53072,53.0
53120,16.0
53184,28.0
53296,35.0
53328,58.0
53328,28.0
53344,90.0
53344,39.0
53408,14.0
53408,81.0
53424,47.0
53440,38.0
53504,58.0
53568,40.0
53600,11.0
53632,14.0
53632,44.0
53632,64.0
53712,26.0
53728,25.0
53776,27.0
53776,44.0
53776,41.0
53888,20.0
53904,75.0
53920,12.0
53936,19.0
53968,21.0
53984,13.0
54000,42.0
54000,23.0
54096,13.0
54144,46.0
54160,15.0
54240,17.0
54240,29.0
54256,34.0
54256,16.0
54272,48.0
54304,44.0
54400,31.0
54400,60.0
54416,26.0
54448,13.0
54464,12.0
54496,32.0
54592,31.0
54624,23.0
54624,80.0
54656,22.0
54752,61.0
54864,45.0
54864,25.0
54960,44.0
54976,65.0
55008,37.0
55040,40.0
55056,35.0
55088,53.0
55104,9.0
55200,50.0
55200,28.0
55216,48.0
55264,40.0
55312,28.0
55328,42.0
55360,75.0
55392,26.0
55392,50.0
55488,54.0
55584,31.0
55664,19.0
55680,23.0
55760,56.0
55840,28.0
55840,28.0
55840,50.0
55856,41.0
55872,51.0
55888,55.0
55984,48.0
56016,33.0
56032,44.0
56032,12.0
56064,30.0
56080,12.0
56112,27.0
56112,57.0
56112,17.0
56160,25.0
56176,32.0
56208,23.0
56256,62.0
56320,28.0
56336,10.0
56384,33.0
56400,81.0
56400,18.0
56416,16.0
56432,25.0
56496,24.0
56528,29.0
56560,14.0
56576,34.0
56592,32.0
56720,38.0
56720,46.0
56752,31.0
56768,23.0
56832,27.0
56880,54.0
56896,25.0
56912,30.0
56944,46.0
56960,15.0
56960,34.0
57168,13.0
57296,57.0
57328,50.0
57376,50.0
57376,38.0
57392,35.0
57392,52.0
57408,68.0
57472,37.0
57584,42.0
57584,18.0
57680,58.0
57680,19.0
57744,53.0
57808,53.0
57856,79.0
57872,12.0
57872,58.0
57904,10.0
57936,38.0
57952,49.0
57984,37.0
58048,15.0
58096,86.0
58192,15.0
58240,23.0
58256,54.0
58272,50.0
58304,45.0
58336,18.0
58336,30.0
58352,42.0
58400,33.0
58400,19.0
58416,14.0
58432,10.0
58464,55.0
58480,36.0
58544,73.0
58640,77.0
58656,42.0
58672,27.0
58768,32.0
58784,28.0
58784,15.0
58784,30.0
58800,10.0
58912,36.0
58960,34.0
59008,15.0
59008,38.0
59040,38.0
59088,39.0
59120,40.0
59168,32.0
59248,36.0
59344,35.0
59360,28.0
59392,24.0
59392,38.0
59424,19.0
59472,96.0
59488,28.0
59520,45.0
59568,38.0
59600,27.0
59600,13.0
59712,58.0
59712,82.0
59728,40.0
59728,24.0
59792,49.0
59808,24.0
59872,39.0
59968,28.0
59984,39.0
60000,103.0
60000,13.0
60112,39.0
60128,33.0
60176,49.0
60208,21.0
60240,33.0
60272,34.0
60272,50.0
60272,34.0
60320,45.0
60512,15.0
60512,59.0
60528,51.0
60608,50.0
60640,33.0
60640,29.0
60640,41.0
60704,12.0
60704,44.0
60768,28.0
60848,13.0
60912,59.0
60912,57.0
60928,18.0
61024,47.0
61024,47.0
61040,57.0
61088,53.0
61120,32.0
61152,39.0
61168,15.0
61200,35.0
61248,65.0
61312,50.0
61360,10.0
61424,16.0
61472,44.0
61520,30.0
61536,52.0
61536,43.0
61568,34.0
61568,26.0
61584,42.0
61664,12.0
61680,41.0
61696,62.0
61728,10.0
61744,52.0
61760,12.0
61856,31.0
61920,16.0
61920,31.0
61920,21.0
61984,46.0
62048,46.0
62096,61.0
62128,17.0
62160,67.0
62208,29.0
62208,30.0
62208,32.0
62320,17.0
62336,41.0
62352,51.0
62416,31.0
62448,57.0
62480,22.0
62496,36.0
62496,46.0
62528,63.0
62704,45.0
62720,50.0
62800,28.0
62848,40.0
62880,49.0
62896,36.0
62944,46.0
62944,31.0
63008,18.0
63008,37.0
63056,10.0
63120,37.0
63120,60.0
63264,9.0
63328,62.0
63344,14.0
63392,56.0
63408,44.0
63440,60.0
63456,25.0
63488,34.0
63488,38.0
63488,80.0
63568,10.0
63584,68.0
63648,40.0
63648,50.0
63664,45.0
63696,13.0
63728,58.0
63776,27.0
63792,14.0
63888,15.0
63904,26.0
63920,16.0
63936,42.0
63952,39.0
63952,29.0
63968,32.0
63968,36.0
63984,21.0
64128,13.0
64144,23.0
64144,12.0
64160,36.0
64160,45.0
64160,13.0
64176,30.0
64272,79.0
64336,34.0
64352,24.0
64384,31.0
64400,15.0
64464,46.0
64496,21.0
64528,9.0
64592,27.0
64608,13.0
64656,20.0
64656,43.0
64688,10.0
64784,40.0
64800,42.0
64832,56.0
64864,25.0
64976,44.0
64992,25.0
65008,52.0
65008,64.0
65008,54.0
65024,70.0
65056,44.0
65072,18.0
65136,21.0
65200,44.0
65264,38.0
65264,41.0
65280,16.0
65280,17.0
65344,32.0
65360,44.0
65408,34.0
65424,23.0
65552,36.0
65632,35.0
65632,40.0
65664,33.0
65712,44.0
65744,66.0
65856,37.0
65872,15.0
65936,12.0
65952,59.0
65968,48.0
65968,43.0
65984,27.0
66000,36.0
66272,57.0
66304,42.0
66320,41.0
66352,68.0
66432,72.0
66512,32.0
66512,35.0
66528,42.0
66544,75.0
66592,74.0
66672,9.0
66768,52.0
66800,23.0
66832,33.0
66848,19.0
66880,57.0
66960,68.0
66976,44.0
66992,64.0
67024,65.0
67072,45.0
67136,51.0
67152,40.0
67152,40.0
67232,95.0
67264,15.0
67264,27.0
67344,34.0
67360,13.0
67504,23.0
67584,39.0
67616,53.0
67664,25.0
67664,49.0
67680,63.0
67712,40.0
67728,71.0
67744,15.0
67824,53.0
67920,43.0
67920,48.0
67952,13.0
68000,63.0
68016,42.0
68064,21.0
68080,23.0
68080,25.0
68208,59.0
68224,38.0
68224,86.0
68224,54.0
68240,11.0
68272,38.0
68528,59.0
68640,45.0
68672,29.0
68688,28.0
68752,46.0
68768,59.0
68848,48.0
68896,59.0
68896,77.0
68944,45.0
69088,68.0
69104,55.0
69216,59.0
69232,72.0
69296,67.0
69392,31.0
69392,39.0
69408,32.0
69424,47.0
69424,13.0
69440,47.0
69552,44.0
69584,59.0
69584,52.0
69600,11.0
69632,107.0
69680,72.0
69696,37.0
69712,39.0
69728,9.0
69792,22.0
69840,18.0
69904,32.0
69984,43.0
70016,49.0
70096,43.0
70224,27.0
70240,41.0
70240,14.0
70256,35.0
70304,13.0
70336,87.0
70384,25.0
70432,65.0
70448,38.0
70448,34.0
70560,58.0
70656,59.0
70704,64.0
70720,81.0
70752,32.0
70832,37.0
70848,12.0
70880,20.0
70992,87.0
71008,47.0
71024,37.0
71104,55.0
71104,86.0
71136,43.0
71216,48.0
71216,14.0
71248,59.0
71360,32.0
71360,41.0
71520,43.0
71600,53.0
71648,32.0
71712,62.0
71760,41.0
71792,57.0
71792,49.0
71824,19.0
71840,37.0
71856,92.0
71920,99.0
71920,35.0
71952,37.0
72016,62.0
72032,58.0
72112,32.0
72192,30.0
72208,62.0
72240,18.0
72320,42.0
72352,27.0
72560,33.0
72576,29.0
72608,26.0
72624,52.0
72672,27.0
72736,56.0
72752,96.0
72848,15.0
72848,66.0
72864,63.0
73024,79.0
73104,34.0
73104,68.0
73152,83.0
73200,62.0
73216,54.0
73392,34.0
73408,34.0
73440,54.0
73488,24.0
73520,42.0
73536,49.0
73536,24.0
73568,103.0
73728,13.0
73760,64.0
73808,93.0
73904,80.0
73952,80.0
73952,32.0
74080,37.0
74096,33.0
74112,13.0
74112,24.0
74192,50.0
74288,67.0
74320,23.0
74352,83.0
74368,79.0
74544,71.0
74544,84.0
74608,31.0
74704,39.0
74752,27.0
74784,78.0
74816,17.0
75024,93.0
75120,73.0
75136,49.0
75152,65.0
75152,54.0
75168,29.0
75296,96.0
75360,47.0
75536,47.0
75616,50.0
75712,43.0
75792,40.0
75824,91.0
75840,30.0
75888,48.0
75920,114.0
76032,139.0
76144,14.0
76160,123.0
76288,70.0
76304,37.0
76400,79.0
76448,106.0
76480,121.0
76752,91.0
76784,62.0
76800,61.0
76896,109.0
76928,68.0
76944,31.0
76976,51.0
77056,19.0
77104,39.0
77168,80.0
77216,100.0
77232,106.0
77392,29.0
77408,63.0
77488,43.0
77584,26.0
77760,108.0
77792,103.0
77824,95.0
77840,28.0
77888,59.0
77936,103.0
78032,58.0
78064,36.0
78160,79.0
78160,86.0
78176,48.0
78272,28.0
78320,30.0
78432,86.0
78432,16.0
78496,46.0
78656,31.0
78672,106.0
78704,93.0
78736,36.0
78768,61.0
78880,81.0
78928,62.0
78976,17.0
79040,45.0
79104,76.0
79136,67.0
79136,119.0
79248,61.0
79328,28.0
79376,55.0
79376,40.0
79424,48.0
79424,87.0
79456,64.0
79472,34.0
79552,55.0
79552,70.0
79680,36.0
79760,27.0
79808,42.0
79840,54.0
79872,69.0
79936,32.0
79952,30.0
80000,28.0
80016,48.0
80272,77.0
80304,27.0
80320,40.0
80368,62.0
80384,36.0
80384,60.0
80544,73.0
80560,69.0
80576,51.0
80656,95.0
80928,68.0
81072,71.0
81136,74.0
81216,75.0
81328,49.0
81344,84.0
81376,19.0
81392,52.0
81392,70.0
81408,68.0
81472,69.0
81520,54.0
81632,66.0
81632,83.0
81744,26.0
81872,145.0
81984,15.0
82000,37.0
82048,70.0
82080,106.0
82096,29.0
82128,47.0
82144,58.0
82160,48.0
82208,46.0
82272,47.0
82352,30.0
82416,64.0
82464,52.0
82496,32.0
82512,133.0
82624,36.0
82688,21.0
82720,16.0
82880,50.0
82944,59.0
82944,51.0
82944,46.0
82944,49.0
83040,56.0
83056,27.0
83120,11.0
83184,115.0
83248,19.0
83296,75.0
83376,20.0
83456,48.0
83472,75.0
83488,62.0
83520,50.0
83552,151.0
83568,72.0
83776,79.0
83920,65.0
83952,63.0
83952,52.0
84016,28.0
84016,40.0
84096,39.0
84208,79.0
84208,64.0
84256,63.0
84320,48.0
84320,64.0
84416,13.0
84448,31.0
84480,64.0
84496,45.0
84544,33.0
84560,67.0
84576,35.0
84672,29.0
84720,48.0
84720,50.0
84752,13.0
84800,34.0
84944,89.0
84976,121.0
85168,26.0
85248,33.0
85296,75.0
85376,66.0
85376,60.0
85504,59.0
85520,67.0
85600,50.0
85664,73.0
85680,46.0
85712,87.0
85744,73.0
85776,69.0
85792,39.0
85824,69.0
85872,22.0
85872,12.0
85920,34.0
85920,26.0
85936,91.0
86128,21.0
86144,48.0
86144,17.0
86176,75.0
86304,44.0
86320,12.0
86368,37.0
86368,12.0
86384,35.0
86400,29.0
86416,70.0
86512,50.0
86624,14.0
86688,90.0
86736,54.0
86768,53.0
86800,27.0
86832,73.0
86960,41.0
87040,56.0
87056,18.0
87152,29.0
87184,28.0
87200,9.0
87216,81.0
87264,70.0
87408,68.0
87472,108.0
87488,69.0
87552,71.0
87648,15.0
87744,86.0
87776,14.0
87808,53.0
87840,65.0
87872,78.0
87872,85.0
87904,67.0
87904,54.0
88000,22.0
88016,52.0
88176,60.0
88224,67.0
88224,64.0
88272,49.0
88272,16.0
88304,52.0
88352,68.0
88480,46.0
88576,42.0
88624,49.0
88640,52.0
88672,56.0
88736,46.0
88768,34.0
89008,69.0
89024,42.0
89168,54.0
89216,84.0
89216,62.0
89248,42.0
89248,61.0
89248,86.0
89344,44.0
89360,46.0
89376,69.0
89456,49.0
89504,46.0
89552,19.0
89584,21.0
89600,24.0
89680,75.0
89696,95.0
89776,27.0
89792,13.0
89824,51.0
89904,41.0
90048,82.0
90080,39.0
90128,47.0
90144,40.0
90144,61.0
90144,23.0
90208,24.0
90288,79.0
90336,18.0
90496,44.0
90528,12.0
90656,61.0
90672,91.0
90720,37.0
90736,74.0
90864,45.0
90976,80.0
90992,102.0
91072,73.0
91136,40.0
91152,67.0
91264,104.0
91296,72.0
91456,82.0
91536,54.0
91616,88.0
91712,61.0
91728,47.0
91856,83.0
91936,54.0
92000,17.0
92032,46.0
92032,82.0
92048,87.0
92304,82.0
92368,94.0
92464,33.0
92480,64.0
92496,55.0
92560,64.0
92576,45.0
92752,93.0
92848,51.0
92944,56.0
93008,61.0
93024,82.0
93152,41.0
93232,47.0
93296,188.0
93360,138.0
93392,52.0
93408,142.0
93424,89.0
93520,76.0
93648,74.0
93920,73.0
93920,56.0
93984,47.0
93984,37.0
94144,111.0
94320,82.0
94368,60.0
94400,97.0
94480,119.0
94512,37.0
94528,63.0
94592,90.0
94608,39.0
94656,77.0
94800,90.0
94816,95.0
94896,36.0
94912,123.0
94944,64.0
95056,43.0
95136,46.0
95456,34.0
95472,60.0
95552,56.0
95600,101.0
95616,68.0
95616,63.0
95632,124.0
95696,69.0
95776,102.0
95808,83.0
95840,56.0
95872,51.0
95984,73.0
96000,54.0
96080,74.0
96096,29.0
96112,82.0
96192,24.0
96224,33.0
96224,47.0
96336,46.0
96448,23.0
96480,44.0
96512,33.0
96576,22.0
96640,74.0
96656,65.0
96736,70.0
96816,79.0
96848,32.0
96896,64.0
97024,57.0
97056,26.0
97088,17.0
97120,38.0
97248,50.0
97264,67.0
97296,75.0
97296,45.0
97376,86.0
97440,26.0
97456,50.0
97632,56.0
97632,72.0
97648,89.0
97808,27.0
97856,46.0
97872,127.0
97968,42.0
98016,45.0
98096,75.0
98144,81.0
98160,57.0
98240,37.0
98384,81.0
98400,37.0
98464,88.0
98576,38.0
98576,21.0
98576,71.0
98592,28.0
98704,90.0
98736,69.0
98816,45.0
98944,82.0
99120,69.0
99200,109.0
99248,53.0
99296,71.0
99344,55.0
99440,99.0
99504,58.0
99552,60.0
99696,62.0
99712,115.0
99728,72.0
99792,88.0
99856,65.0
99904,83.0
99968,53.0
100016,36.0
100112,51.0
100144,22.0
100368,89.0
100496,78.0
100576,115.0
100688,93.0
100880,46.0
100976,79.0
101040,29.0
101104,97.0
101120,111.0
101152,103.0
101264,98.0
101264,72.0
101424,58.0
101504,71.0
101552,18.0
101664,32.0
101712,46.0
101776,117.0
101808,44.0
101808,112.0
101824,123.0
101840,117.0
101840,45.0
102128,22.0
102176,93.0
102192,82.0
102224,45.0
102224,35.0
102336,57.0
102384,52.0
102624,51.0
102624,181.0
102640,100.0
102688,55.0
102816,61.0
102928,104.0
103184,35.0
103200,61.0
103264,68.0
103296,91.0
103312,61.0
103376,47.0
103424,65.0
103472,78.0
103488,111.0
103536,38.0
103776,99.0
104096,123.0
104096,142.0
104208,46.0
104208,52.0
104288,103.0
104480,73.0
104496,75.0
104544,48.0
104544,84.0
104560,109.0
104560,64.0
104608,120.0
104720,32.0
104800,86.0
104864,105.0
105024,110.0
105184,106.0
105216,42.0
105488,29.0
105552,84.0
105584,81.0
105600,69.0
105648,68.0
105776,57.0
105856,82.0
105856,23.0
105856,78.0
105888,112.0
106048,122.0
106080,95.0
106096,34.0
106208,88.0
106384,50.0
106432,122.0
106720,70.0
106960,82.0
106992,113.0
106992,59.0
107040,72.0
107056,115.0
107152,152.0
107344,71.0
107360,94.0
107552,91.0
107632,75.0
107712,102.0
107808,127.0
107824,123.0
108000,101.0
108064,67.0
108096,24.0
108112,141.0
108144,89.0
108288,58.0
108464,92.0
108496,96.0
108624,35.0
108656,101.0
108880,96.0
108944,112.0
108976,43.0
108976,84.0
109184,67.0
109200,134.0
109312,110.0
109344,84.0
109568,43.0
109760,104.0
110096,142.0
110192,98.0
110304,115.0
110448,165.0
110496,82.0
110544,118.0
110592,153.0
110832,15.0
110896,120.0
111104,133.0
111136,86.0
111136,137.0
111248,72.0
111472,142.0
111728,151.0
111744,97.0
111952,88.0
111952,94.0
111984,93.0
112016,70.0
112048,155.0
112208,119.0
112224,68.0
112272,236.0
112336,94.0
112848,109.0
112928,224.0
112944,62.0
112992,61.0
113008,64.0
113008,66.0
113120,124.0
113152,119.0
113200,72.0
113392,104.0
113392,120.0
113536,34.0
113584,82.0
113584,115.0
113952,63.0
113984,61.0
114000,112.0
114016,112.0
114128,112.0
114176,14.0
114528,105.0
114848,120.0
114928,96.0
114944,85.0
114960,115.0
114976,50.0
115040,115.0
115072,105.0
115104,95.0
115216,129.0
115248,140.0
115600,129.0
115808,112.0
115872,109.0
115968,90.0
116336,77.0
116448,88.0
116448,92.0
116496,156.0
116800,108.0
116912,124.0
116960,109.0
116976,33.0
117024,89.0
117024,129.0
117024,136.0
117104,81.0
117376,58.0
117840,55.0
117888,97.0
117936,187.0
117936,168.0
117936,123.0
118144,142.0
118192,263.0
118336,82.0
118336,82.0
118464,17.0
118480,98.0
118688,137.0
118768,52.0
118832,116.0
119088,72.0
119456,130.0
119456,70.0
119552,153.0
119632,59.0
119744,88.0
119920,130.0
119936,53.0
119984,115.0
120080,137.0
120272,217.0
120368,118.0
120640,113.0
120720,61.0
120768,234.0
120784,145.0
120976,190.0
121008,67.0
121040,99.0
121136,72.0
121216,104.0
121216,71.0
121456,42.0
121648,55.0
121824,97.0
121840,70.0
121984,147.0
122000,85.0
122032,64.0
122336,75.0
122448,187.0
122688,173.0
122768,82.0
122896,78.0
122912,259.0
122912,159.0
123008,123.0
123200,86.0
123648,101.0
123728,118.0
123760,159.0
123792,91.0
123872,166.0
123904,120.0
123984,124.0
124048,72.0
124096,195.0
124496,93.0
124560,48.0
124656,109.0
124848,75.0
124944,109.0
125040,73.0
125088,150.0
125200,72.0
125344,161.0
125568,195.0
126064,197.0
126160,94.0
126256,82.0
126288,112.0
126352,141.0
126608,180.0
126768,174.0
126848,184.0
127104,209.0
127200,132.0
127488,83.0
127504,78.0
127520,136.0
127584,126.0
127616,191.0
127632,152.0
127904,101.0
127936,68.0
128032,199.0
128368,144.0
128384,111.0
128512,135.0
128528,56.0
128912,107.0
128976,87.0
129072,123.0
129168,105.0
129296,48.0
129344,269.0
129392,55.0
129504,37.0
129504,124.0
129536,35.0
129616,178.0
129632,108.0
129792,136.0
129888,17.0
129936,125.0
130016,42.0
130064,127.0
130160,166.0
130256,29.0
130256,12.0
130608,139.0
131392,94.0
131440,128.0
131472,123.0
131696,110.0
131696,135.0
131744,211.0
131760,162.0
131776,142.0
131792,96.0
131872,101.0
131952,32.0
132384,207.0
132800,63.0
132832,167.0
132928,206.0
133024,188.0
133296,168.0
133328,86.0
133392,120.0
133504,108.0
133520,133.0
133664,23.0
133808,121.0
133856,285.0
134000,75.0
134080,145.0
134336,52.0
134480,72.0
134720,106.0
134832,125.0
134880,199.0
134976,205.0
135376,95.0
135376,227.0
135632,203.0
135648,170.0
135840,54.0
136032,139.0
136048,83.0
136096,169.0
136192,158.0
136448,153.0
136496,186.0
136512,136.0
136720,115.0
136848,25.0
137152,167.0
137168,112.0
137440,210.0
137744,182.0
137936,68.0
138000,16.0
138112,155.0
138400,105.0
138432,121.0
138720,192.0
138752,166.0
138768,171.0
138848,106.0
138928,62.0
139104,233.0
139264,214.0
139392,139.0
139488,14.0
139488,66.0
139760,110.0
139872,210.0
139952,157.0
139968,245.0
140320,98.0
140352,60.0
140848,130.0
140896,88.0
141040,145.0
141040,121.0
141280,82.0
141328,115.0
141344,64.0
141488,165.0
141600,108.0
141680,205.0
142000,128.0
142176,203.0
142336,384.0
142432,130.0
143232,320.0
143568,238.0
143648,172.0
144064,171.0
144096,131.0
144112,177.0
144176,177.0
144672,140.0
144992,176.0
145056,251.0
145072,217.0
145136,256.0
145168,218.0
145216,233.0
145232,181.0
145616,149.0
145760,307.0
145984,151.0
146176,63.0
146272,136.0
146352,143.0
146528,92.0
146592,155.0
146896,119.0
146992,209.0
147024,118.0
147168,121.0
147296,130.0
147552,180.0
147696,95.0
147712,165.0
147968,67.0
148080,244.0
148704,62.0
148752,187.0
148832,80.0
148912,59.0
148976,210.0
148992,123.0
149104,88.0
149552,223.0
149584,207.0
149680,157.0
149840,178.0
149952,214.0
149968,61.0
150496,151.0
150720,101.0
150928,131.0
151184,138.0
151200,95.0
151280,249.0
151296,309.0
151408,301.0
151808,123.0
151856,144.0
152016,128.0
152112,158.0
152288,224.0
152352,34.0
152624,232.0
152752,141.0
152864,182.0
152944,262.0
153104,136.0
153152,152.0
153296,132.0
153440,135.0
153456,90.0
153520,145.0
153808,95.0
153840,152.0
153872,70.0
154368,109.0
154368,126.0
154416,79.0
154528,202.0
154576,71.0
154592,93.0
154880,173.0
154912,91.0
154928,124.0
155120,114.0
155232,211.0
155328,93.0
155344,58.0
155472,69.0
155600,171.0
155616,131.0
155648,115.0
156160,143.0
156240,56.0
156256,105.0
156432,119.0
156528,75.0
156704,111.0
156720,147.0
156736,19.0
156864,109.0
156880,77.0
156976,129.0
157456,161.0
157584,187.0
157760,143.0
157776,159.0
157888,102.0
158176,103.0
158464,109.0
158576,151.0
158624,110.0
158800,160.0
158848,79.0
158992,211.0
159024,214.0
159184,153.0
159552,47.0
159632,166.0
160016,207.0
160176,100.0
160192,207.0
160192,126.0
160336,161.0
160928,190.0
161072,139.0
161104,92.0
161168,169.0
161200,214.0
161488,156.0
161680,94.0
161712,86.0
161888,146.0
162000,113.0
162208,65.0
162272,141.0
162272,228.0
162320,196.0
162496,81.0
162896,242.0
162912,170.0
163168,56.0
163232,144.0
163472,110.0
163616,159.0
163632,82.0
163776,98.0
163952,30.0
164064,56.0
164208,194.0
164240,39.0
164272,426.0
164560,180.0
164752,179.0
165248,146.0
165312,151.0
165456,105.0
165568,206.0
165616,88.0
165632,125.0
165808,238.0
166048,131.0
166288,237.0
166384,47.0
166448,201.0
166496,28.0
166672,324.0
166912,178.0
167360,193.0
167376,110.0
167568,110.0
167680,195.0
167824,157.0
167856,163.0
167952,104.0
168144,168.0
168224,111.0
168672,277.0
169152,81.0
169216,79.0
169296,175.0
169344,75.0
169360,125.0
169744,192.0
169760,262.0
169856,155.0
169904,322.0
170000,193.0
170080,231.0
170384,135.0
170656,85.0
170720,181.0
170944,211.0
171040,210.0
171072,73.0
171104,152.0
171232,77.0
171344,124.0
171776,120.0
171792,153.0
171808,162.0
172000,58.0
172032,143.0
172192,113.0
172192,190.0
172880,195.0
173408,154.0
173744,229.0
173952,206.0
173984,138.0
174096,172.0
174176,149.0
174240,128.0
174256,189.0
174368,228.0
174528,146.0
174544,215.0
174672,167.0
174864,177.0
174976,198.0
175280,74.0
175600,170.0
175712,108.0
176096,134.0
176128,318.0
176160,120.0
176368,94.0
176368,164.0
176672,151.0
176720,39.0
176768,150.0
176832,135.0
176928,103.0
177056,157.0
177088,160.0
177200,93.0
177456,155.0
177632,127.0
177760,272.0
177792,104.0
178016,240.0
178352,124.0
178496,104.0
178688,100.0
178752,162.0
179072,169.0
179264,92.0
179488,170.0
179616,124.0
179728,175.0
180352,206.0
180384,232.0
180528,238.0
180592,69.0
180752,171.0
180800,190.0
180864,132.0
181008,238.0
181200,178.0
181216,93.0
181536,255.0
181664,128.0
182176,60.0
182256,199.0
182336,240.0
182384,127.0
182480,201.0
183104,170.0
183520,173.0
183632,177.0
183680,126.0
183840,186.0
183888,325.0
184176,115.0
184352,239.0
184544,209.0
184560,65.0
184560,136.0
184864,149.0
185088,182.0
185120,179.0
185696,319.0
185744,165.0
185824,46.0
185872,137.0
186000,103.0
186256,164.0
186320,91.0
186384,303.0
186480,162.0
186752,182.0
186880,145.0
186912,171.0
187008,153.0
187168,385.0
187552,152.0
187616,192.0
187904,138.0
188048,98.0
188768,76.0
188816,113.0
188864,159.0
189136,207.0
189232,155.0
189456,161.0
189472,201.0
189680,206.0
189920,245.0
190064,153.0
190096,128.0
190640,114.0
190880,321.0
190944,113.0
190944,252.0
191200,123.0
191360,118.0
191424,220.0
191440,167.0
191440,348.0
191872,58.0
191904,296.0
191984,158.0
192128,153.0
192752,168.0
193072,137.0
193120,189.0
193168,203.0
193440,286.0
193712,142.0
193824,106.0
193856,122.0
193984,160.0
194208,204.0
194720,255.0
194928,223.0
195232,155.0
195280,213.0
195456,149.0
195472,252.0
195712,233.0
195728,119.0
195728,160.0
195968,158.0
196064,84.0
196192,192.0
196992,196.0
197120,370.0
197152,74.0
197296,126.0
197536,144.0
197584,242.0
197840,132.0
198016,144.0
198032,160.0
198400,276.0
198400,167.0
198496,268.0
198848,106.0
199104,44.0
199264,108.0
199440,89.0
199488,91.0
199504,104.0
200064,184.0
200096,290.0
200128,246.0
200128,196.0
200288,335.0
200304,119.0
200336,172.0
200352,116.0
200736,292.0
200752,119.0
201056,235.0
201600,146.0
201648,134.0
201712,142.0
201776,107.0
202016,118.0
202080,124.0
202352,179.0
202496,90.0
202528,112.0
202592,144.0
202800,167.0
202832,130.0
203008,244.0
203312,186.0
203504,93.0
203840,129.0
204272,245.0
204432,100.0
204464,172.0
204800,138.0
204848,200.0
204928,150.0
205056,169.0
205136,221.0
205168,167.0
205456,134.0
206016,157.0
206688,399.0
206912,153.0
207120,270.0
207152,131.0
207216,263.0
207504,166.0
207552,342.0
207552,172.0
207568,233.0
207664,138.0
207760,218.0
208080,182.0
208704,223.0
208880,278.0
209040,118.0
209312,110.0
209648,185.0
209760,178.0
209872,148.0
210016,250.0
210032,182.0
210160,327.0
210240,135.0
210672,216.0
210848,205.0
211456,99.0
211632,248.0
211680,165.0
211760,100.0
211792,110.0
211808,183.0
211952,107.0
212016,125.0
212416,194.0
212432,292.0
212448,234.0
212656,319.0
212656,181.0
213376,120.0
213472,175.0
213728,121.0
213776,258.0
214288,116.0
214448,173.0
214656,125.0
214672,141.0
214864,178.0
214896,253.0
215344,117.0
215408,236.0
215472,220.0
215568,182.0
216080,267.0
216224,178.0
216336,286.0
216928,127.0
217120,65.0
217344,226.0
217600,322.0
217600,239.0
217856,223.0
218048,211.0
218256,127.0
218288,227.0
218384,246.0
218512,99.0
218528,199.0
218560,197.0
218752,56.0
218912,215.0
218976,213.0
219008,104.0
219824,98.0
219920,145.0
220048,324.0
220208,193.0
220448,120.0
220592,187.0
220672,164.0
220832,159.0
220960,153.0
221248,156.0
221648,332.0
221952,223.0
221984,214.0
222704,156.0
222864,184.0
223056,259.0
223104,72.0
223408,275.0
223744,197.0
224032,200.0
224112,229.0
224192,259.0
224272,73.0
224384,214.0
224608,54.0
225024,211.0
225456,217.0
225712,421.0
225872,176.0
226176,397.0
226512,365.0
226720,207.0
226752,243.0
226784,346.0
226912,165.0
227488,127.0
227504,217.0
227744,315.0
227952,235.0
227984,92.0
228160,236.0
228368,235.0
228592,151.0
228880,298.0
229088,146.0
229296,149.0
230304,220.0
230624,297.0
230960,201.0
231168,229.0
231232,282.0
231568,226.0
231808,183.0
231840,230.0
231888,58.0
231920,208.0
232368,416.0
232528,315.0
232560,141.0
232656,268.0
232720,481.0
232944,111.0
232976,243.0
234464,121.0
234512,162.0
234528,206.0
235216,166.0
235296,145.0
235296,213.0
235328,163.0
235440,227.0
235648,255.0
235984,259.0
235984,500.0
236016,228.0
236176,347.0
236304,63.0
236928,249.0
237216,495.0
237312,291.0
238064,47.0
238096,180.0
238400,242.0
238448,175.0
238496,157.0
238720,205.0
238784,173.0
239552,318.0
239952,25.0
240048,297.0
240224,135.0
240672,234.0
240832,132.0
240960,403.0
241296,320.0
241328,375.0
241504,268.0
241600,86.0
242224,390.0
242656,285.0
242960,282.0
243216,204.0
243232,278.0
243328,114.0
243632,88.0
243680,330.0
243760,154.0
243872,336.0
243952,147.0
244224,79.0
244304,500.0
244992,309.0
245872,307.0
245888,316.0
245936,288.0
246288,192.0
246320,353.0
246592,246.0
247296,214.0
247408,255.0
247728,236.0
247760,258.0
247808,219.0
247840,226.0
248000,298.0
248448,298.0
248880,188.0
248896,244.0
249200,340.0
249888,225.0
250000,254.0
250400,238.0
250448,125.0
250464,164.0
250688,212.0
250752,277.0
250768,190.0
251024,226.0
251296,56.0
251808,370.0
252064,266.0
252560,300.0
252784,299.0
253552,272.0
253680,201.0
253760,304.0
253936,253.0
253952,247.0
254320,110.0
255008,265.0
255504,414.0
255616,323.0
255744,312.0
255936,258.0
256736,199.0
256848,385.0
257264,390.0
257280,281.0
257328,212.0
257680,399.0
257680,250.0
258240,280.0
258256,246.0
258624,188.0
259040,252.0
259504,235.0
259568,254.0
259616,86.0
259936,250.0
260064,500.0
260464,407.0
260544,238.0
260560,180.0
260752,244.0
261216,100.0
261296,252.0
262272,228.0
262416,178.0
262560,220.0
262624,334.0
262976,157.0
263136,341.0
263152,306.0
263696,398.0
263728,229.0
264256,106.0
264560,204.0
264768,263.0
265936,324.0
265968,339.0
266016,300.0
266192,223.0
266352,401.0
267088,247.0
267504,500.0
267744,342.0
267968,101.0
268176,226.0
268416,295.0
268560,148.0
268816,285.0
269040,414.0
269056,369.0
269696,420.0
270016,393.0
270576,288.0
271104,396.0
271392,214.0
271520,236.0
272368,397.0
272688,267.0
272880,434.0
272960,244.0
272976,300.0
273440,146.0
273568,283.0
273712,322.0
273840,92.0
273840,314.0
273920,244.0
274144,415.0
274192,444.0
274400,188.0
275696,188.0
275744,264.0
276224,157.0
276608,228.0
276736,181.0
276768,243.0
276784,184.0
277056,218.0
277264,418.0
277456,485.0
277504,283.0
277872,230.0
278048,228.0
278256,301.0
278672,183.0
278944,203.0
279152,327.0
279632,30.0
279856,193.0
280288,151.0
280640,106.0
280880,214.0
281056,188.0
281248,187.0
281568,310.0
282144,500.0
282368,352.0
282432,323.0
282944,385.0
283056,427.0
283488,163.0
283968,404.0
284224,287.0
284528,205.0
285056,500.0
285600,359.0
285600,310.0
285712,223.0
286176,320.0
286528,217.0
286672,500.0
287072,424.0
287584,124.0
287664,381.0
288224,362.0
288464,143.0
288720,327.0
288784,233.0
288944,411.0
289040,381.0
289104,286.0
289200,218.0
290160,193.0
290240,290.0
290624,400.0
290960,110.0
291552,474.0
291760,190.0
292352,243.0
292544,310.0
292608,371.0
292768,239.0
293072,338.0
293104,179.0
293888,96.0
294448,354.0
294480,241.0
294528,500.0
295312,173.0
295456,401.0
295632,463.0
296800,415.0
296832,367.0
297008,341.0
297056,331.0
297104,500.0
297504,191.0
298000,337.0
298768,207.0
298864,381.0
299152,134.0
299488,350.0
299520,403.0
300560,308.0
300752,340.0
300816,396.0
300880,486.0
301296,206.0
301488,435.0
301712,291.0
302400,306.0
302896,258.0
303328,279.0
303360,240.0
303440,160.0
303568,421.0
304112,457.0
304448,331.0
304464,198.0
304576,239.0
304608,320.0
305104,500.0
305168,288.0
305456,248.0
305568,29.0
305632,129.0
306064,328.0
306848,140.0
307120,167.0
307408,177.0
307680,157.0
307776,379.0
307840,142.0
308048,75.0
308400,317.0
308784,270.0
308992,381.0
309488,443.0
309680,253.0
309824,273.0
310288,94.0
310464,92.0
310464,168.0
311104,437.0
311248,488.0
311360,500.0
312192,237.0
312352,118.0
312464,400.0
312496,278.0
312592,84.0
312816,356.0
312912,97.0
312960,205.0
313008,170.0
313280,350.0
313488,189.0
314080,266.0
314096,288.0
314208,398.0
315344,146.0
315408,500.0
315616,175.0
315920,214.0
315984,305.0
316832,245.0
316976,274.0
317584,38.0
317616,271.0
317632,340.0
318144,246.0
318176,173.0
318208,179.0
318560,279.0
318560,317.0
319408,441.0
319600,249.0
319904,249.0
319904,84.0
320016,371.0
320192,161.0
320336,111.0
320464,500.0
320592,149.0
320960,500.0
322144,248.0
322288,394.0
322288,122.0
322448,159.0
322896,218.0
323568,371.0
323632,343.0
323856,392.0
324144,230.0
324176,249.0
324336,277.0
324384,273.0
324480,478.0
324656,254.0
325120,177.0
325280,177.0
325504,210.0
325760,385.0
325952,229.0
326160,162.0
326624,94.0
326624,143.0
326640,188.0
327136,155.0
327344,278.0
328000,226.0
328368,151.0
328432,167.0
328704,285.0
328768,287.0
328960,500.0
329008,40.0
329056,152.0
329088,154.0
329808,283.0
330176,356.0
330672,119.0
330768,258.0
331392,149.0
331504,334.0
331792,101.0
331856,500.0
331952,288.0
332064,188.0
332496,254.0
332576,242.0
333200,481.0
333408,278.0
333552,347.0
333664,187.0
333968,260.0
334016,157.0
334272,446.0
334832,173.0
335600,302.0
335616,195.0
335840,422.0
336080,219.0
336768,307.0
336784,211.0
337072,213.0
337264,104.0
337296,154.0
337520,348.0
337584,252.0
337584,387.0
337664,367.0
337664,212.0
338704,65.0
338768,106.0
338848,353.0
338976,82.0
339040,200.0
339168,222.0
339328,109.0
339552,174.0
339584,145.0
339840,141.0
340128,382.0
340272,172.0
340704,104.0
341488,174.0
341504,339.0
341632,303.0
341904,191.0
341968,500.0
342160,145.0
342464,180.0
342592,331.0
343216,253.0
343456,172.0
343488,83.0
343952,128.0
344240,171.0
344512,359.0
344816,100.0
345072,101.0
345216,233.0
345232,355.0
345392,379.0
345424,322.0
345920,434.0
345968,365.0
346128,118.0
346400,277.0
346400,30.0
346800,124.0
346992,335.0
347024,122.0
347040,286.0
347056,194.0
347888,93.0
348016,175.0
348320,302.0
348384,187.0
348640,100.0
348720,383.0
348784,210.0
348784,29.0
349056,193.0
349264,86.0
349472,310.0
349584,272.0
350192,254.0
350512,216.0
350944,135.0
351104,128.0
351504,35.0
351584,285.0
352064,214.0
352240,173.0
352320,246.0
352544,205.0
352592,242.0
352720,76.0
352784,399.0
352784,162.0
352880,380.0
352944,115.0
353152,52.0
353648,254.0
353680,418.0
353680,354.0
353792,205.0
353904,70.0
354176,337.0
354192,133.0
354336,131.0
354384,175.0
354608,118.0
355376,108.0
355440,156.0
355776,90.0
355776,187.0
356032,218.0
356032,140.0
356368,62.0
356432,140.0
356448,173.0
356880,169.0
356960,255.0
357248,179.0
357440,303.0
357568,243.0
357824,128.0
357952,94.0
357984,302.0
358240,271.0
358368,162.0
358560,137.0
358864,152.0
359024,276.0
359600,165.0
359616,261.0
359712,177.0
359728,143.0
359920,105.0
360048,175.0
360128,160.0
360656,143.0
360928,186.0
360960,131.0
360960,150.0
361024,82.0
361664,230.0
361680,129.0
361744,45.0
361792,360.0
361792,360.0
361904,124.0
362144,195.0
362272,82.0
362464,20.0
362624,156.0
362672,303.0
362720,65.0
362736,188.0
362800,71.0
363872,182.0
364320,103.0
364432,102.0
364448,166.0
364672,180.0
364896,265.0
364944,138.0
364960,307.0
365040,206.0
365488,189.0
366112,407.0
366160,327.0
366304,117.0
366544,267.0
366560,246.0
366624,104.0
367136,276.0
367440,187.0
367696,189.0
367936,377.0
367984,229.0
368240,172.0
368288,212.0
368432,285.0
368576,126.0
368768,49.0
369296,135.0
369536,78.0
369792,147.0
369968,214.0
370048,47.0
370208,256.0
370256,145.0
370304,329.0
370608,249.0
370624,355.0
370880,165.0
370896,58.0
370992,293.0
371056,143.0
371120,159.0
371504,107.0
371584,243.0
372064,35.0
372160,69.0
372672,112.0
372912,211.0
373136,177.0
373360,154.0
373472,179.0
373552,160.0
373664,213.0
373696,329.0
373984,120.0
374160,500.0
374368,270.0
374448,68.0
374688,223.0
374880,88.0
375008,146.0
375008,82.0
375152,309.0
375328,11.0
375504,148.0
375680,106.0
375728,176.0
376288,294.0
376528,130.0
376608,184.0
376672,195.0
376736,88.0
376784,164.0
376832,134.0
376864,294.0
377072,169.0
377104,405.0
377280,42.0
377376,106.0
377408,150.0
377520,157.0
377664,135.0
377952,42.0
378032,144.0
378160,102.0
378416,133.0
378432,83.0
378736,241.0
378768,87.0
379024,54.0
379040,63.0
379120,91.0
379168,152.0
379280,153.0
379712,190.0
379728,179.0
380256,115.0
380320,118.0
380336,39.0
380352,67.0
380400,104.0
380736,201.0
381072,127.0
381344,101.0
381520,73.0
381552,152.0
381776,172.0
382112,86.0
382432,335.0
382544,92.0
382688,220.0
382736,146.0
382752,249.0
383104,173.0
383376,373.0
383792,140.0
383904,372.0
384144,91.0
384464,120.0
384576,134.0
384784,500.0
384896,195.0
384928,136.0
384960,290.0
384976,295.0
385408,167.0
385472,98.0
385936,65.0
386080,186.0
386128,299.0
386304,157.0
386528,100.0
386576,200.0
386608,127.0
386640,320.0
386672,79.0
386720,141.0
386736,79.0
387136,147.0
387168,27.0
387280,144.0
387504,61.0
387504,337.0
387568,93.0
387648,67.0
388256,206.0
388304,125.0
388320,105.0
388384,104.0
388464,60.0
388544,117.0
388720,29.0
388848,98.0
389008,117.0
389184,161.0
389328,212.0
389344,106.0
389488,334.0
389600,217.0
389888,170.0
390016,102.0
390128,104.0
390304,125.0
390352,127.0
390368,22.0
390432,78.0
390576,108.0
390656,83.0
390688,123.0
390768,89.0
390832,114.0
391040,97.0
391264,86.0
391312,55.0
391600,78.0
391680,97.0
391856,141.0
391888,99.0
392080,65.0
392272,12.0
392368,107.0
392384,240.0
392400,302.0
392560,81.0
392640,23.0
392736,89.0
392816,58.0
393120,143.0
393280,89.0
393632,62.0
393696,208.0
393760,192.0
393760,135.0
393824,134.0
393936,86.0
393952,403.0
394096,220.0
394096,21.0
394432,106.0
394448,129.0
394496,46.0
394624,241.0
394672,144.0
394752,121.0
395120,125.0
395136,116.0
395296,181.0
395328,77.0
395424,58.0
395536,49.0
395888,35.0
395968,126.0
396224,100.0
396224,158.0
396224,58.0
396320,149.0
396368,171.0
396480,113.0
396704,21.0
396896,36.0
396976,158.0
397008,199.0
397456,77.0
397456,61.0
397472,128.0
397584,106.0
397648,222.0
397776,209.0
397904,105.0
397984,178.0
398416,107.0
398560,99.0
398816,231.0
398848,115.0
399072,81.0
399088,94.0
399472,246.0
399968,192.0
400128,107.0
400256,175.0
400288,270.0
400320,110.0
400400,82.0
400464,187.0
400480,189.0
400608,40.0
400624,111.0
401072,214.0
401232,110.0
401424,215.0
401440,164.0
401472,328.0
401536,67.0
401568,73.0
401600,62.0
401712,68.0
401728,166.0
402000,33.0
402000,109.0
402080,53.0
402368,140.0
402416,53.0
402768,73.0
402832,52.0
402992,318.0
403056,173.0
403184,169.0
403248,136.0
403312,20.0
403424,106.0
403456,86.0
403520,69.0
403552,115.0
403600,52.0
403632,79.0
403760,146.0
404000,59.0
404224,42.0
404240,175.0
404624,112.0
404672,78.0
404736,69.0
404768,278.0
404928,92.0
405168,116.0
405232,107.0
405616,255.0
405792,237.0
405888,70.0
405936,107.0
406448,168.0
406448,204.0
406512,36.0
406560,145.0
406560,160.0
406800,200.0
406960,127.0
407056,145.0
407216,159.0
407328,169.0
407328,51.0
407344,136.0
407792,119.0
408192,150.0
408192,77.0
408192,71.0
408256,165.0
408304,32.0
408320,95.0
408400,13.0
408400,122.0
408464,78.0
408512,122.0
408560,10.0
408688,216.0
408736,343.0
409344,181.0
409392,52.0
409456,79.0
409504,65.0
409600,142.0
409696,87.0
409824,204.0
410048,103.0
410128,121.0
410176,52.0
410400,107.0
410496,124.0
410576,11.0
410592,48.0
410672,73.0
410672,151.0
410688,122.0
410736,151.0
410816,15.0
410976,24.0
411008,230.0
411024,89.0
411184,240.0
411216,13.0
411216,15.0
411216,114.0
411312,74.0
411408,12.0
411536,50.0
411568,56.0
411568,95.0
411664,73.0
411808,31.0
412064,163.0
412320,57.0
412448,57.0
412496,80.0
412512,12.0
412512,93.0
412560,179.0
412624,122.0
412624,153.0
412656,68.0
412752,59.0
412960,142.0
413008,32.0
413072,20.0
413168,69.0
413296,14.0
413376,160.0
413472,60.0
413504,59.0
413568,119.0
413696,33.0
413808,164.0
413808,15.0
413856,143.0
413904,87.0
413920,14.0
413968,29.0
414016,45.0
414208,99.0
414256,22.0
414384,198.0
414400,109.0
414480,69.0
414512,41.0
414640,52.0
414768,53.0
414928,34.0
414960,30.0
414992,64.0
414992,124.0
415088,101.0
415184,14.0
415216,14.0
415264,63.0
415264,144.0
415456,15.0
415520,181.0
415552,29.0
415648,115.0
415792,72.0
415984,123.0
416032,53.0
416064,38.0
416080,51.0
416112,70.0
416160,103.0
416208,235.0
416544,62.0
416768,14.0
416816,163.0
416928,56.0
416944,136.0
417056,166.0
417120,83.0
417200,105.0
417376,11.0
417536,118.0
417584,13.0
417600,167.0
417632,54.0
417680,46.0
417744,105.0
417744,99.0
417840,15.0
417872,104.0
417904,23.0
418064,130.0
418176,66.0
418240,25.0
418304,137.0
418384,91.0
418432,147.0
418480,104.0
418608,209.0
418688,66.0
418896,26.0
419024,37.0
419104,45.0
419264,85.0
419296,97.0
419408,77.0
419488,37.0
419600,96.0
419616,160.0
419728,44.0
419776,127.0
419856,73.0
419872,36.0
419904,40.0
419904,11.0
419904,104.0
419920,51.0
420000,133.0
420000,87.0
420192,36.0
420208,158.0
420224,165.0
420320,29.0
420464,15.0
420656,28.0
420656,147.0
420928,58.0
420992,87.0
421072,104.0
421088,74.0
421312,88.0
421328,88.0
421424,22.0
421440,22.0
421552,77.0
421632,90.0
421664,118.0
421760,110.0
421888,56.0
421904,9.0
421952,81.0
421968,26.0
421984,130.0
421984,95.0
422000,23.0
422016,158.0
422096,90.0
422272,150.0
422368,44.0
422368,65.0
422544,70.0
422704,38.0
422720,52.0
422736,47.0
422960,95.0
423152,38.0
423232,80.0
423456,14.0
423504,48.0
423568,98.0
423888,117.0
424032,194.0
424064,35.0
424080,107.0
424080,113.0
424224,94.0
424320,101.0
424368,19.0
424384,77.0
424496,58.0
424688,23.0
424704,109.0
424720,52.0
424800,84.0
424832,183.0
425104,38.0
425280,75.0
425456,86.0
425488,43.0
425504,92.0
425552,199.0
425600,31.0
425632,229.0
425696,92.0
425728,65.0
425776,31.0
425904,287.0
426080,107.0
426144,89.0
426176,30.0
426224,48.0
426576,137.0
426576,31.0
426640,68.0
426656,47.0
426736,37.0
426832,77.0
426832,84.0
426960,74.0
426976,134.0
427040,316.0
427072,56.0
427184,22.0
427264,18.0
427264,65.0
427344,101.0
427392,22.0
427472,40.0
427696,187.0
427760,43.0
427904,83.0
427936,144.0
428208,46.0
428208,169.0
428288,103.0
428416,41.0
428432,106.0
428432,14.0
428528,79.0
428656,82.0
428752,53.0
428752,112.0
428800,96.0
428832,103.0
428880,144.0
429248,26.0
429328,65.0
429456,95.0
429472,37.0
429488,43.0
429584,72.0
429632,89.0
429872,84.0
429904,72.0
429968,76.0
430016,35.0
430064,148.0
430128,40.0
430240,99.0
430304,228.0
430384,66.0
430640,139.0
430640,66.0
430736,42.0
430832,99.0
430864,62.0
431088,67.0
431136,94.0
431280,178.0
431392,68.0
431472,255.0
431488,47.0
431520,128.0
431568,46.0
431664,110.0
431744,69.0
431808,33.0
431856,108.0
431904,65.0
431952,98.0
432000,127.0
432096,116.0
432128,38.0
432240,31.0
432432,112.0
432448,61.0
432544,46.0
432560,62.0
432560,29.0
432720,48.0
432784,103.0
432928,115.0
432992,71.0
433088,74.0
433120,91.0
433184,40.0
433216,48.0
433312,120.0
433408,43.0
433728,140.0
433728,46.0
433840,47.0
433856,67.0
433872,117.0
433936,106.0
433968,65.0
434000,17.0
434016,11.0
434192,102.0
434288,55.0
434320,22.0
434544,89.0
434608,87.0
434704,48.0
434784,147.0
434896,36.0
434976,60.0
434992,152.0
435008,80.0
435152,28.0
435248,66.0
435408,50.0
435440,141.0
435504,33.0
435584,37.0
435616,144.0
435760,92.0
435888,126.0
436144,24.0
436208,66.0
436224,90.0
436464,98.0
436624,173.0
436688,90.0
436704,135.0
436816,58.0
436832,43.0
436896,12.0
436896,82.0
437120,195.0
437152,16.0
437184,35.0
437376,117.0
437424,151.0
437616,136.0
437664,75.0
437808,100.0
437824,356.0
437856,102.0
437952,66.0
437952,36.0
438128,157.0
438224,26.0
438256,67.0
438336,103.0
438352,31.0
438368,78.0
438432,51.0
438480,14.0
438496,52.0
438528,11.0
438656,114.0
438832,55.0
438880,34.0
438896,25.0
438912,60.0
438960,134.0
439104,39.0
439152,12.0
439168,84.0
439184,110.0
439248,22.0
439424,81.0
439632,155.0
439632,79.0
439648,70.0
439744,37.0
439840,46.0
439904,64.0
439920,63.0
440192,96.0
440288,116.0
440400,31.0
440448,101.0
440480,53.0
440528,49.0
440656,93.0
440768,23.0
440800,73.0
440864,59.0
440928,46.0
441040,352.0
441232,23.0
441248,189.0
441440,126.0
441440,57.0
441552,49.0
441600,147.0
441744,79.0
442000,60.0
442016,85.0
442064,151.0
442064,101.0
442080,140.0
442288,93.0
442528,80.0
442544,62.0
442544,82.0
442560,142.0
442608,37.0
442624,215.0
442640,36.0
442976,57.0
443072,33.0
443072,92.0
443168,12.0
443216,143.0
443248,45.0
443264,41.0
443440,85.0
443488,26.0
443504,59.0
443520,130.0
443584,81.0
443616,11.0
443664,104.0
443744,10.0
443936,48.0
444016,92.0
444080,90.0
444144,41.0
444160,151.0
444176,27.0
444304,179.0
444384,82.0
444576,122.0
444848,52.0
444912,87.0
444912,81.0
444976,110.0
445024,111.0
445072,113.0
445424,78.0
445440,37.0
445728,139.0
445776,92.0
445856,80.0
445856,59.0
445904,114.0
445936,125.0
446096,107.0
446112,16.0
446176,72.0
446320,166.0
446592,43.0
446640,108.0
446672,59.0
446672,35.0
446800,85.0
446832,10.0
446896,171.0
446928,94.0
446928,122.0
446960,20.0
447040,13.0
447088,18.0
447248,67.0
447280,15.0
447360,65.0
447424,93.0
447440,84.0
447504,14.0
447664,46.0
447872,233.0
447872,59.0
448176,194.0
448176,47.0
448352,156.0
448400,14.0
448480,118.0
448576,25.0
448592,15.0
448656,49.0
448720,80.0
448784,118.0
448864,101.0
448912,88.0
448976,16.0
449120,9.0
449328,42.0
449440,111.0
449472,132.0
449488,150.0
449584,16.0
449584,29.0
449600,75.0
449744,192.0
449824,15.0
449840,66.0
450016,134.0
450080,21.0
450112,75.0
450160,81.0
450176,99.0
450288,44.0
450384,57.0
450384,17.0
450464,219.0
450544,10.0
450624,29.0
450656,76.0
450784,10.0
450832,316.0
450928,24.0
450960,70.0
450960,155.0
451008,11.0
451024,75.0
451168,15.0
451200,107.0
451200,57.0
451248,15.0
451280,79.0
451296,32.0
451376,62.0
451408,24.0
451520,184.0
451552,56.0
451648,23.0
451648,43.0
451680,76.0
451696,11.0
451744,98.0
451760,13.0
451888,113.0
451904,144.0
452000,22.0
452000,37.0
452208,20.0
452432,14.0
452592,89.0
452608,88.0
452640,87.0
452704,83.0
452832,102.0
452864,119.0
452944,79.0
453008,79.0
453184,74.0
453312,44.0
453472,136.0
453552,116.0
453584,114.0
453616,107.0
453632,102.0
453760,11.0
453776,67.0
453888,36.0
453904,56.0
453920,68.0
453968,49.0
454000,24.0
454032,100.0
454128,93.0
454144,14.0
454160,38.0
454224,28.0
454320,11.0
454432,174.0
454432,13.0
454544,41.0
454544,36.0
454560,35.0
454560,106.0
454688,16.0
454848,51.0
454864,34.0
454928,64.0
454960,26.0
454992,85.0
454992,52.0
455008,151.0
455024,97.0
455264,19.0
455376,51.0
455440,63.0
455472,107.0
455488,59.0
455712,54.0
455712,44.0
455792,58.0
455808,105.0
455888,60.0
455904,185.0
455936,59.0
456096,12.0
456128,40.0
456256,77.0
456288,22.0
456336,67.0
456448,12.0
456592,9.0
456672,75.0
456688,61.0
456720,52.0
456736,128.0
456784,84.0
456864,117.0
456880,13.0
456928,12.0
457056,156.0
457056,12.0
457088,31.0
457088,10.0
457088,23.0
457136,110.0
457232,11.0
457376,80.0
457392,100.0
457456,73.0
457536,30.0
457568,11.0
457584,50.0
457632,94.0
457680,19.0
457712,39.0
457808,36.0
458128,112.0
458192,82.0
458272,43.0
458320,157.0
458368,46.0
458368,11.0
458400,82.0
458720,188.0
458816,133.0
458848,45.0
458928,35.0
458944,77.0
458960,117.0
459008,75.0
459232,54.0
459264,133.0
459392,67.0
459408,35.0
459456,66.0
459600,41.0
459616,43.0
459632,122.0
459744,143.0
459776,11.0
459792,95.0
459824,69.0
459824,143.0
459888,145.0
459920,29.0
459984,12.0
460176,76.0
460208,61.0
460320,44.0
460352,96.0
460368,30.0
460496,68.0
460512,12.0
460512,94.0
460640,51.0
460704,58.0
460704,90.0
460816,52.0
460832,29.0
460896,94.0
460960,49.0
461024,80.0
461040,43.0
461104,37.0
461296,16.0
461360,33.0
461376,46.0
461408,28.0
461472,48.0
461488,104.0
461632,51.0
461696,74.0
461712,76.0
461760,66.0
461760,115.0
461792,27.0
461888,54.0
461904,13.0
461936,144.0
462000,39.0
462016,38.0
462112,51.0
462192,30.0
462304,52.0
462416,30.0
462464,22.0
462496,87.0
462512,38.0
462576,51.0
462656,12.0
462752,79.0
462752,11.0
462976,61.0
463200,187.0
463232,45.0
463264,94.0
463408,101.0
463424,58.0
463424,48.0
463456,90.0
463456,160.0
463584,38.0
463616,75.0
463648,24.0
463680,17.0
463744,90.0
463904,20.0
463984,112.0
464048,23.0
464080,53.0
464096,154.0
464208,63.0
464224,11.0
464224,92.0
464224,30.0
464256,11.0
464320,56.0
464432,11.0
464544,40.0
464624,19.0
464656,27.0
464672,120.0
464704,78.0
464736,82.0
464768,49.0
464848,185.0
464864,15.0
464896,12.0
464928,52.0
464992,28.0
464992,16.0
465056,52.0
465184,96.0
465200,13.0
465200,61.0
465296,15.0
465360,11.0
465376,28.0
465408,13.0
465424,27.0
465456,50.0
465488,45.0
465520,119.0
465632,46.0
465648,137.0
465728,17.0
465808,11.0
465920,32.0
466160,40.0
466224,126.0
466320,37.0
466320,56.0
466320,64.0
466352,12.0
466384,122.0
466448,60.0
466496,11.0
466624,15.0
466816,29.0
466832,123.0
466912,43.0
466944,131.0
466992,74.0
467104,49.0
467296,86.0
467312,122.0
467328,14.0
467360,168.0
467456,52.0
467472,72.0
467472,10.0
467520,134.0
467680,127.0
467728,13.0
467824,83.0
467888,61.0
467904,91.0
467968,31.0
467984,174.0
467984,41.0
468016,21.0
468048,47.0
468112,73.0
468384,17.0
468480,41.0
468496,105.0
468528,73.0
468528,35.0
468544,107.0
468688,19.0
468688,106.0
468816,84.0
468864,88.0
468928,64.0
468960,61.0
469152,71.0
469216,93.0
469232,44.0
469296,88.0
469344,12.0
469408,57.0
469680,28.0
469696,18.0
469808,62.0
469840,72.0
469840,61.0
469856,10.0
469920,62.0
470032,124.0
470288,23.0
470320,61.0
470416,35.0
470432,71.0
470496,122.0
470528,43.0
470560,117.0
470672,137.0
470688,135.0
470768,60.0
470832,25.0
470864,19.0
470912,26.0
470992,60.0
471024,190.0
471072,87.0
471088,117.0
471136,136.0
471248,45.0
471328,12.0
471360,59.0
471488,39.0
471600,82.0
471616,16.0
471760,58.0
471776,44.0
471808,30.0
471856,68.0
471872,60.0
471952,58.0
472048,108.0
472080,13.0
472224,71.0
472256,99.0
472560,117.0
472592,172.0
472608,52.0
472688,106.0
472704,56.0
472848,85.0
472944,68.0
473024,61.0
473040,12.0
473040,27.0
473104,93.0
473184,58.0
473216,91.0
473312,68.0
473328,14.0
473504,59.0
473520,51.0
473568,24.0
473584,16.0
473632,26.0
473744,72.0
473760,45.0
473920,10.0
473984,60.0
474144,129.0
474144,75.0
474160,26.0
474272,189.0
474304,101.0
474368,13.0
474464,59.0
474496,57.0
474512,55.0
474544,39.0
474592,28.0
474640,83.0
474704,75.0
474816,42.0
474848,54.0
474960,31.0
475056,47.0
475168,22.0
475392,34.0
475424,217.0
475456,151.0
475488,70.0
475488,120.0
475536,64.0
475648,72.0
475648,66.0
475680,12.0
475760,17.0
475776,77.0
475888,101.0
475888,268.0
476064,40.0
476320,42.0
476336,102.0
476432,112.0
476528,29.0
476560,49.0
476608,97.0
476672,64.0
476768,86.0
476944,88.0
477008,43.0
477040,117.0
477072,101.0
477200,40.0
477216,28.0
477248,11.0
477280,53.0
477328,148.0
477392,54.0
477408,103.0
477472,99.0
477488,113.0
477616,63.0
477712,14.0
477712,24.0
477744,67.0
478160,76.0
478160,59.0
478208,117.0
478272,77.0
478320,67.0
478448,44.0
478464,74.0
478544,72.0
478656,65.0
478672,174.0
478704,94.0
478816,41.0
478912,119.0
478928,41.0
478992,11.0
479216,94.0
479248,115.0
479440,28.0
479472,110.0
479472,63.0
479504,127.0
479520,38.0
479584,57.0
479680,85.0
479680,29.0
479904,27.0
479904,41.0
479936,87.0
480016,113.0
480144,90.0
480176,17.0
480208,12.0
480240,130.0
480480,114.0
480496,22.0
480512,65.0
480624,136.0
480672,48.0
480752,51.0
480752,67.0
480832,119.0
480880,86.0
480960,80.0
480976,14.0
480992,32.0
481104,38.0
481120,100.0
481168,11.0
481360,120.0
481408,49.0
481504,47.0
481568,83.0
481584,125.0
481776,79.0
481776,42.0
481856,46.0
482096,118.0
482272,100.0
482336,94.0
482576,106.0
482592,74.0
482640,66.0
482656,81.0
482832,104.0
482960,174.0
483056,80.0
483168,87.0
483168,137.0
483264,13.0
483280,44.0
483296,75.0
483472,71.0
483552,128.0
483552,124.0
483680,64.0
483856,64.0
483952,25.0
483968,83.0
484080,195.0
484224,47.0
484304,127.0
484496,83.0
484656,69.0
484672,94.0
484736,66.0
484768,29.0
484800,94.0
484944,54.0
485008,151.0
485056,20.0
485072,201.0
485104,38.0
485200,120.0
485264,144.0
485296,15.0
485552,143.0
485552,100.0
485776,63.0
485776,120.0
485824,116.0
485904,78.0
485920,106.0
485984,27.0
485984,82.0
486112,21.0
486144,53.0
486144,10.0
486160,85.0
486352,13.0
486448,34.0
486672,32.0
486880,121.0
486880,66.0
487040,123.0
487088,118.0
487168,135.0
487184,120.0
487328,139.0
487328,10.0
487424,47.0
487504,11.0
487520,100.0
487856,130.0
488176,114.0
488176,62.0
488336,174.0
488352,148.0
488416,144.0
488432,36.0
488976,131.0
488976,131.0
489024,106.0
489072,45.0
489072,56.0
489248,194.0
489312,21.0
489360,24.0
489424,119.0
489536,153.0
489616,132.0
489680,84.0
489712,40.0
489856,105.0
489904,12.0
489936,95.0
490000,222.0
490064,33.0
490240,51.0
490256,114.0
490336,61.0
490336,41.0
490432,88.0
490432,33.0
490432,85.0
490544,219.0
490544,58.0
490976,104.0
490992,35.0
491152,81.0
491152,51.0
491424,73.0
491584,38.0
491616,67.0
491712,80.0
491744,88.0
491760,114.0
491776,39.0
491872,117.0
491936,12.0
491952,88.0
492112,105.0
492160,28.0
492528,69.0
492528,23.0
492544,48.0
492592,323.0
492672,105.0
492688,96.0
492832,60.0
492848,163.0
492960,64.0
493024,79.0
493040,186.0
493056,14.0
493136,11.0
493280,83.0
493392,80.0
493472,116.0
493520,121.0
493632,69.0
493792,46.0
493808,70.0
493888,85.0
493920,78.0
494080,96.0
494128,68.0
494288,315.0
494336,28.0
494544,106.0
494544,95.0
494544,79.0
494576,66.0
494768,136.0
494768,81.0
494768,27.0
494896,22.0
495088,50.0
495120,124.0
495248,90.0
495312,12.0
495328,49.0
495376,38.0
495488,131.0
495504,16.0
495504,86.0
495648,116.0
495744,104.0
495776,75.0
495840,33.0
495856,68.0
496048,151.0
496176,88.0
496240,47.0
496336,90.0
496432,41.0
496512,123.0
496544,164.0
496976,100.0
497040,81.0
497040,38.0
497072,124.0
497152,38.0
497184,84.0
497184,59.0
497216,11.0
497232,12.0
497392,118.0
497552,23.0
497552,86.0
497584,32.0
497696,19.0
497760,13.0
497792,80.0
498064,108.0
498080,53.0
498080,161.0
498112,60.0
498208,41.0
498224,181.0
498256,65.0
498496,178.0
498624,90.0
498656,163.0
498736,110.0
498784,36.0
498848,187.0
498880,68.0
498944,74.0
499056,61.0
499168,68.0
499216,95.0
499424,13.0
499456,117.0
499552,83.0
499584,53.0
499680,74.0
500064,63.0
500080,123.0
500208,134.0
500320,54.0
500400,51.0
500432,136.0
500496,83.0
500544,30.0
500640,110.0
500672,118.0
500768,134.0
500880,24.0
500896,76.0
500928,94.0
501024,130.0
501056,150.0
501136,31.0
501280,60.0
501296,153.0
501408,32.0
501552,70.0
501760,55.0
501808,65.0
501920,115.0
501952,80.0
502288,72.0
502320,57.0
502496,184.0
502640,45.0
502640,140.0
502752,106.0
502784,110.0
502800,162.0
502848,120.0
502992,42.0
503104,51.0
503152,163.0
503264,107.0
503280,40.0
503344,37.0
503440,50.0
503456,106.0
503472,95.0
503552,47.0
503552,109.0
503600,145.0
503680,15.0
503888,38.0
504048,75.0
504176,105.0
504304,75.0
504368,48.0
504464,82.0
504624,72.0
504656,61.0
504816,114.0
504960,106.0
505024,92.0
505024,71.0
505040,141.0
505040,54.0
505136,105.0
505168,50.0
505312,18.0
505376,127.0
505424,117.0
505504,12.0
505664,39.0
505760,46.0
505776,108.0
505984,83.0
506128,44.0
506416,100.0
506432,19.0
506432,92.0
506608,69.0
506640,13.0
506656,55.0
506672,138.0
506688,17.0
506816,11.0
506912,117.0
506944,111.0
506976,167.0
507120,364.0
507184,15.0
507472,93.0
507552,136.0
507824,168.0
507840,136.0
507872,90.0
507872,74.0
508016,56.0
508048,214.0
508176,85.0
508416,77.0
508480,40.0
508496,95.0
508496,39.0
508496,171.0
508592,124.0
508656,69.0
508752,131.0
508992,70.0
509056,55.0
509264,48.0
509264,112.0
509408,171.0
509664,73.0
509760,84.0
509872,87.0
509888,115.0
509968,82.0
509968,44.0
509984,62.0
510080,83.0
510160,98.0
510176,135.0
510272,111.0
510384,160.0
510480,20.0
510528,92.0
510720,91.0
511008,256.0
511008,70.0
511072,75.0
511200,96.0
511216,71.0
511232,79.0
511296,48.0
511600,76.0
511632,85.0
511728,110.0
511920,157.0
512000,48.0
512048,65.0
512208,153.0
512288,144.0
512448,25.0
512448,51.0
512464,143.0
512688,43.0
512912,137.0
512960,122.0
513024,113.0
513040,82.0
513104,164.0
513264,137.0
513376,130.0
513600,40.0
513664,35.0
513680,77.0
513776,116.0
513792,137.0
513808,84.0
513856,52.0
514000,12.0
514208,95.0
514256,191.0
514320,127.0
514400,93.0
514608,135.0
514640,152.0
514672,81.0
514768,68.0
514832,73.0
515072,113.0
515200,59.0
515248,138.0
515296,61.0
515488,68.0
515712,121.0
515872,69.0
515904,132.0
516000,83.0
516096,79.0
516128,93.0
516192,99.0
516208,147.0
516480,80.0
516624,45.0
516752,79.0
516928,102.0
517200,62.0
517232,227.0
517536,221.0
517568,145.0
517600,108.0
517856,174.0
517904,231.0
517952,114.0
518208,132.0
518224,64.0
518272,95.0
518272,160.0
518432,113.0
518512,41.0
518544,63.0
518848,148.0
518912,60.0
518928,183.0
519136,18.0
519312,107.0
519440,203.0
519728,135.0
519760,177.0
519936,64.0
519968,129.0
519984,111.0
520048,57.0
520112,105.0
520192,103.0
520320,87.0
520464,202.0
520560,146.0
520592,80.0
520608,40.0
520752,64.0
520768,63.0
521104,177.0
521136,179.0
521168,53.0
521520,188.0
521568,69.0
521616,94.0
521664,101.0
521680,58.0
521856,120.0
521952,110.0
522176,137.0
522256,176.0
522384,44.0
522784,58.0
522864,81.0
522864,131.0
522960,148.0
522992,116.0
523072,157.0
523072,119.0
523200,162.0
523232,107.0
523408,112.0
523424,145.0
523568,101.0
523584,45.0
523632,91.0
523696,57.0
523904,52.0
523968,99.0
524128,73.0
524192,62.0
524304,56.0
524384,170.0
524512,103.0
524624,62.0
524640,98.0
524960,123.0
524960,79.0
525040,101.0
525376,54.0
525536,56.0
525616,149.0
525776,113.0
525856,92.0
525856,51.0
525904,145.0
525920,101.0
526000,29.0
526176,163.0
526224,131.0
526256,30.0
526304,253.0
526384,110.0
526688,108.0
526992,193.0
527072,48.0
527152,137.0
527344,70.0
527488,206.0
527568,103.0
527632,111.0
527776,150.0
527872,45.0
527936,121.0
527968,21.0
528032,111.0
528048,137.0
528320,102.0
528400,23.0
528464,178.0
528480,131.0
528624,153.0
528640,81.0
528656,104.0
528864,29.0
529072,125.0
529120,201.0
529168,105.0
529376,113.0
529520,92.0
529616,105.0
529872,47.0
530448,167.0
530880,182.0
530928,88.0
530944,145.0
530944,111.0
530976,166.0
531056,137.0
531056,124.0
531152,168.0
531408,96.0
531424,174.0
531600,124.0
531616,185.0
531792,53.0
532064,101.0
532208,49.0
532368,87.0
532544,59.0
532720,265.0
532720,303.0
532784,213.0
532816,104.0
532816,110.0
533200,88.0
533312,149.0
533488,130.0
533520,154.0
533648,80.0
533968,110.0
534080,200.0
534400,99.0
534464,105.0
534624,61.0
534928,90.0
535008,93.0
535072,147.0
535072,69.0
535136,145.0
535152,263.0
535312,231.0
535424,132.0
535472,142.0
535568,178.0
535776,86.0
535808,41.0
535952,93.0
536096,92.0
536192,228.0
536304,77.0
536416,62.0
537120,128.0
537168,140.0
537200,137.0
537216,119.0
537440,71.0
537440,210.0
537456,145.0
537600,74.0
537696,100.0
537856,130.0
537936,148.0
537952,110.0
538160,60.0
538224,23.0
538400,396.0
538432,155.0
538560,193.0
538944,94.0
538960,64.0
539312,131.0
539328,69.0
539856,168.0
540000,100.0
540064,184.0
540192,172.0
540288,146.0
540416,185.0
540576,298.0
540624,105.0
540752,89.0
540784,147.0
541200,140.0
541264,32.0
541344,228.0
541376,74.0
541376,68.0
541408,203.0
541472,242.0
541536,186.0
541600,100.0
541616,144.0
542016,100.0
542048,79.0
542320,57.0
542384,158.0
542480,151.0
542560,59.0
542560,121.0
542816,50.0
542832,77.0
542896,95.0
543056,107.0
543072,156.0
543072,117.0
543136,51.0
543248,107.0
543344,32.0
543408,121.0
543776,60.0
543792,109.0
543840,80.0
544000,171.0
544160,105.0
544192,176.0
544496,89.0
544528,87.0
544688,56.0
544736,83.0
544768,138.0
544768,17.0
544784,96.0
544880,113.0
544976,51.0
545024,52.0
545184,143.0
545328,124.0
545424,148.0
545536,41.0
545696,63.0
545776,212.0
545840,54.0
545856,68.0
545904,55.0
545920,71.0
545984,134.0
546000,36.0
546016,126.0
546144,88.0
547072,81.0
547136,80.0
547168,124.0
547200,117.0
547264,108.0
547312,221.0
547392,78.0
547408,165.0
547472,98.0
547552,15.0
547664,196.0
547680,105.0
547744,119.0
547872,122.0
547952,121.0
548048,40.0
548096,150.0
548528,159.0
548656,99.0
548688,97.0
548736,98.0
548992,21.0
548992,95.0
549008,113.0
549040,86.0
549424,56.0
549440,110.0
549472,120.0
549488,47.0
549584,115.0
549616,104.0
549888,115.0
549888,164.0
549904,127.0
550064,123.0
550208,73.0
550528,40.0
550816,214.0
550896,119.0
550928,94.0
550944,141.0
550960,93.0
551056,62.0
551184,61.0
551216,83.0
551424,121.0
551632,165.0
551792,56.0
551920,155.0
552032,69.0
552368,59.0
552592,86.0
552848,51.0
552976,212.0
553040,116.0
553088,127.0
553088,142.0
553200,141.0
553280,172.0
553552,110.0
553840,40.0
553872,56.0
553952,271.0
554064,316.0
554080,261.0
554576,93.0
554848,141.0
554864,99.0
555104,171.0
555152,262.0
555152,144.0
555440,238.0
555456,99.0
555680,51.0
555792,76.0
555824,171.0
555952,125.0
556048,156.0
556048,75.0
556048,38.0
556080,125.0
556368,278.0
556384,209.0
556496,84.0
556720,180.0
557056,187.0
557072,123.0
557104,72.0
557152,69.0
557392,100.0
557392,140.0
557472,69.0
557664,101.0
557712,38.0
557952,133.0
558016,102.0
558112,127.0
558224,136.0
558416,79.0
558560,194.0
558640,61.0
558640,99.0
558896,94.0
558896,136.0
559104,127.0
559392,120.0
559424,234.0
559520,39.0
559568,72.0
559648,102.0
559744,127.0
559792,98.0
559904,213.0
559968,116.0
560016,86.0
560224,142.0
560592,122.0
560736,82.0
561200,74.0
561264,169.0
561328,110.0
561360,107.0
561456,160.0
561520,133.0
561568,61.0
561600,156.0
561696,119.0
561760,126.0
561888,281.0
562352,52.0
562688,174.0
562816,97.0
562848,72.0
563008,70.0
563056,100.0
563136,98.0
563168,152.0
563168,123.0
563248,93.0
563456,131.0
563504,249.0
563632,229.0
563824,48.0
563872,44.0
563888,96.0
563904,161.0
564016,48.0
564112,157.0
564256,78.0
564288,90.0
564384,23.0
564704,118.0
564816,103.0
564832,134.0
565056,120.0
565104,305.0
565296,112.0
565392,93.0
565680,113.0
565728,92.0
566016,149.0
566048,110.0
566352,181.0
566624,175.0
566672,174.0
566704,117.0
566784,130.0
566816,71.0
566960,116.0
567104,170.0
567168,72.0
567232,115.0
567248,152.0
567424,133.0
567936,79.0
567968,241.0
568112,191.0
568112,110.0
568336,97.0
568496,153.0
568560,177.0
568592,41.0
568608,85.0
568752,26.0
568912,105.0
568944,95.0
568976,142.0
569168,138.0
569552,153.0
569648,177.0
569680,98.0
569712,193.0
569840,84.0
569920,113.0
570032,20.0
570208,190.0
570352,74.0
570736,56.0
570752,137.0
570832,118.0
570928,36.0
570992,84.0
571072,95.0
571136,198.0
571392,92.0
571488,171.0
571904,206.0
572000,193.0
572032,191.0
572144,63.0
572512,105.0
572624,77.0
572752,110.0
572864,133.0
573488,205.0
573504,126.0
573536,241.0
573728,166.0
573792,65.0
573824,120.0
573856,194.0
573968,84.0
574112,255.0
574224,206.0
574224,85.0
574256,25.0
574336,137.0
574576,161.0
574592,130.0
574624,377.0
574752,64.0
575088,61.0
575520,127.0
575680,69.0
575680,66.0
575728,137.0
575856,127.0
576032,140.0
576112,111.0
576160,119.0
576320,131.0
576480,108.0
576592,193.0
576608,95.0
576624,127.0
576704,171.0
576768,68.0
576768,296.0
576896,73.0
577184,94.0
577424,200.0
577632,72.0
577744,70.0
577776,63.0
577808,24.0
577904,117.0
578160,87.0
578208,101.0
578352,38.0
578368,110.0
578384,105.0
578512,83.0
578512,137.0
578784,72.0
579056,184.0
579200,52.0
579584,111.0
579600,87.0
579648,218.0
579744,34.0
579872,272.0
579888,86.0
579888,52.0
579936,99.0
579952,112.0
580032,261.0
580064,80.0
580064,135.0
580176,205.0
580416,42.0
580816,54.0
580864,76.0
580928,56.0
581152,211.0
581152,79.0
581392,95.0
581408,77.0
581440,94.0
581584,106.0
581696,102.0
582000,71.0
582080,126.0
582080,156.0
582144,46.0
582320,238.0
582496,26.0
582512,27.0
582528,259.0
582848,120.0
582880,55.0
582928,157.0
582976,87.0
583072,86.0
583280,118.0
583328,74.0
583344,158.0
583376,139.0
583440,240.0
583568,45.0
583584,32.0
583728,143.0
583920,100.0
584144,102.0
584160,80.0
584496,125.0
584496,209.0
584592,76.0
584640,132.0
584784,66.0
584960,124.0
585120,60.0
585392,78.0
586144,161.0
586208,179.0
586256,167.0
586320,114.0
586368,61.0
586432,187.0
586672,97.0
586832,182.0
587040,130.0
587120,155.0
587328,31.0
587376,63.0
587648,179.0
587664,296.0
587696,90.0
587808,104.0
587936,215.0
588064,46.0
588192,225.0
588240,120.0
588272,312.0
588336,60.0
588496,114.0
588496,143.0
588592,329.0
588640,100.0
588720,143.0
589120,82.0
589344,88.0
589440,59.0
589456,76.0
589776,132.0
590032,90.0
590096,61.0
590128,129.0
590384,128.0
590528,113.0
590832,146.0
590848,138.0
591440,237.0
591552,91.0
591648,283.0
591664,248.0
591728,221.0
591744,217.0
592096,145.0
592304,91.0
592496,197.0
592608,59.0
592640,200.0
592768,149.0
593008,180.0
593024,99.0
593104,228.0
593184,68.0
593312,104.0
593328,156.0
594032,58.0
594176,98.0
594224,262.0
594256,101.0
594464,246.0
594480,136.0
594480,172.0
594688,184.0
594688,137.0
594768,125.0
595040,127.0
595216,229.0
595248,120.0
595456,142.0
595696,28.0
595728,78.0
595808,111.0
595888,179.0
595888,104.0
595968,166.0
596432,39.0
596528,110.0
596768,97.0
596800,164.0
597056,161.0
597184,183.0
597296,163.0
597408,148.0
597648,185.0
597680,107.0
598144,141.0
598176,62.0
598288,116.0
598336,113.0
598400,62.0
598464,161.0
598608,259.0
598992,137.0
599312,141.0
599312,104.0
599408,230.0
599488,170.0
599552,256.0
599600,79.0
599648,85.0
600048,272.0
600080,119.0
600176,107.0
600192,55.0
600496,176.0
600512,75.0
600608,75.0
600880,17.0
600896,119.0
600992,162.0
601120,186.0
601168,160.0
601248,106.0
601328,71.0
601424,258.0
601504,39.0
601664,136.0
601872,23.0
601952,147.0
601952,144.0
602000,120.0
602032,49.0
602256,130.0
602288,112.0
602336,76.0
602336,84.0
602544,34.0
602768,84.0
602768,51.0
602848,122.0
602912,41.0
603040,86.0
603136,113.0
603440,88.0
603552,63.0
603632,84.0
603776,233.0
604112,75.0
604128,80.0
604224,232.0
604416,103.0
604432,204.0
604448,132.0
604672,15.0
604736,81.0
604880,132.0
605008,123.0
605216,104.0
605280,94.0
605360,218.0
605632,125.0
605680,63.0
605840,87.0
605904,247.0
606096,124.0
606112,236.0
606448,22.0
606464,91.0
606608,78.0
606672,112.0
606704,67.0
606704,93.0
606784,228.0
606944,104.0
607056,22.0
607424,47.0
607440,100.0
607504,114.0
607648,96.0
607744,188.0
607792,84.0
607824,225.0
607920,76.0
608048,39.0
608064,100.0
608352,88.0
608576,260.0
608592,279.0
608752,82.0
608784,136.0
609008,122.0
609056,197.0
609088,144.0
609280,111.0
609296,103.0
609376,99.0
609568,76.0
609664,120.0
609744,60.0
609856,112.0
609888,115.0
610016,137.0
610192,33.0
610240,59.0
610336,110.0
610432,12.0
610448,73.0
610768,136.0
610768,107.0
610800,128.0
610880,112.0
611024,126.0
611072,106.0
611136,43.0
611312,212.0
611440,69.0
611456,27.0
611632,129.0
611824,66.0
612144,43.0
612176,109.0
612400,14.0
612496,172.0
612512,166.0
612544,69.0
612592,28.0
612608,108.0
612912,189.0
612992,31.0
613024,87.0
613040,27.0
613168,39.0
613264,137.0
613312,136.0
613360,160.0
613408,31.0
613408,165.0
613456,102.0
613456,26.0
613664,67.0
613664,72.0
614048,171.0
614048,103.0
614208,59.0
614256,50.0
614272,54.0
614464,278.0
614480,67.0
615024,116.0
615136,111.0
615328,70.0
615520,129.0
615568,119.0
615648,73.0
615696,167.0
615792,83.0
615824,352.0
616144,63.0
616240,161.0
616240,203.0
616256,184.0
616288,140.0
616496,53.0
616512,74.0
616656,54.0
616672,164.0
617184,43.0
617248,108.0
617248,139.0
617456,110.0
617600,85.0
617632,86.0
617648,130.0
617664,212.0
617728,217.0
618032,109.0
618224,48.0
618240,151.0
618448,111.0
618544,55.0
618544,150.0
618576,83.0
618816,102.0
618832,145.0
618912,104.0
619024,36.0
619296,30.0
619472,77.0
619520,205.0
619584,183.0
619744,52.0
619760,108.0
619840,79.0
619856,82.0
620048,12.0
620064,65.0
620128,23.0
620272,167.0
620496,41.0
620560,108.0
620608,68.0
620672,189.0
620704,186.0
620720,193.0
620784,32.0
620832,78.0
620848,97.0
621200,166.0
621232,42.0
621264,75.0
621328,52.0
621360,40.0
621664,215.0
621728,31.0
621808,75.0
621856,149.0
622192,95.0
622368,99.0
622400,97.0
622576,11.0
622672,92.0
622832,169.0
622832,29.0
623008,11.0
623136,111.0
623200,156.0
623312,94.0
623312,223.0
623504,140.0
623760,152.0
624384,107.0
624464,118.0
624496,85.0
624576,178.0
624704,94.0
624720,88.0
624832,165.0
624896,202.0
624960,258.0
625232,324.0
625520,59.0
625520,50.0
625648,134.0
625888,161.0
625904,90.0
625984,186.0
626112,147.0
626160,58.0
626240,274.0
626416,224.0
626688,116.0
627088,149.0
627136,165.0
627168,103.0
627584,105.0
627968,50.0
628048,158.0
628128,234.0
628192,130.0
628352,48.0
628352,212.0
628368,155.0
628368,105.0
628448,143.0
628560,229.0
628704,143.0
628720,192.0
629040,175.0
629152,49.0
629248,75.0
629296,69.0
629408,80.0
629424,45.0
629488,71.0
629664,158.0
629792,114.0
629968,78.0
629984,43.0
630176,64.0
630288,121.0
630400,122.0
630480,281.0
630592,219.0
630608,75.0
630624,52.0
630624,99.0
631072,49.0
631424,78.0
631472,124.0
631760,146.0
631920,222.0
631968,84.0
632064,176.0
632336,107.0
632496,158.0
632528,12.0
632592,252.0
632608,184.0
632928,146.0
633168,199.0
633232,135.0
633248,178.0
633344,120.0
633456,186.0
633488,20.0
633632,135.0
633664,100.0
633824,129.0
633856,78.0
634096,218.0
634256,37.0
634288,145.0
634528,81.0
634528,163.0
634592,131.0
635088,160.0
635120,137.0
635168,120.0
635184,83.0
635296,169.0
635680,116.0
635776,143.0
635856,157.0
635984,147.0
636176,120.0
636608,157.0
636816,103.0
636880,147.0
636896,65.0
636896,148.0
637008,151.0
637024,78.0
637120,229.0
637792,219.0
637952,84.0
638176,156.0
638240,84.0
638336,147.0
638656,217.0
638736,226.0
638896,69.0
639024,119.0
639072,56.0
639216,190.0
639488,155.0
639760,69.0
639904,189.0
640080,63.0
640128,315.0
640240,309.0
640272,96.0
640672,236.0
640704,113.0
640768,31.0
640864,240.0
640976,189.0
641104,64.0
641200,67.0
641456,290.0
641504,126.0
642016,84.0
642112,193.0
642112,242.0
642272,157.0
642336,98.0
642480,161.0
642608,212.0
642608,267.0
642800,12.0
642896,112.0
643216,186.0
643296,80.0
643312,153.0
643456,172.0
643472,156.0
644080,80.0
644176,119.0
644224,109.0
644704,33.0
644720,149.0
644800,84.0
644848,140.0
644864,210.0
644880,104.0
645120,188.0
645280,255.0
645712,266.0
645728,152.0
645776,154.0
645808,231.0
645824,70.0
646112,118.0
646128,79.0
646192,84.0
646368,217.0
646816,171.0
646864,134.0
647248,95.0
647328,71.0
647408,163.0
647424,82.0
647488,107.0
647664,50.0
647696,264.0
647776,181.0
648368,166.0
648400,162.0
648784,123.0
648816,221.0
648864,75.0
648976,178.0
649024,200.0
649136,103.0
649248,115.0
649264,181.0
649712,53.0
650032,169.0
650048,49.0
650096,145.0
650480,202.0
650496,131.0
650528,94.0
650864,359.0
651088,229.0
651248,132.0
651264,181.0
651632,99.0
651696,75.0
651824,132.0
651872,111.0
651872,63.0
651936,91.0
651968,121.0
652128,180.0
652144,66.0
652192,213.0
652304,218.0
652352,69.0
652528,56.0
652640,51.0
652672,311.0
652960,106.0
653072,75.0
653600,192.0
653856,104.0
653904,111.0
653952,141.0
654560,349.0
654800,153.0
654832,185.0
655056,172.0
655120,199.0
655200,100.0
655216,79.0
655296,173.0
655472,219.0
655552,155.0
655600,216.0
655872,82.0
656048,211.0
656304,68.0
656432,217.0
656496,165.0
656560,108.0
656608,82.0
656672,252.0
656832,107.0
657104,77.0
657104,97.0
657296,156.0
657312,79.0
657408,121.0
657840,96.0
657856,35.0
657904,88.0
658096,62.0
658112,97.0
658256,166.0
658256,103.0
658384,208.0
658496,206.0
659040,321.0
659088,52.0
659104,79.0
659152,145.0
659408,97.0
659536,72.0
659584,155.0
659584,31.0
659616,199.0
659632,185.0
659632,108.0
659680,89.0
659792,149.0
660128,126.0
660272,185.0
660288,112.0
660688,35.0
661040,184.0
661040,125.0
661040,118.0
661280,37.0
661312,102.0
661440,127.0
661616,130.0
661792,168.0
661968,146.0
662080,153.0
662224,165.0
662320,80.0
662416,69.0
662448,88.0
662624,190.0
662848,66.0
662960,168.0
662960,167.0
663136,116.0
663264,74.0
663296,53.0
663440,30.0
663488,117.0
663616,81.0
663616,239.0
663792,172.0
663920,27.0
663920,81.0
664032,162.0
664064,28.0
664064,278.0
664272,89.0
664544,99.0
664608,92.0
664864,67.0
665056,112.0
665088,179.0
665472,88.0
665552,43.0
665632,98.0
665792,15.0
665952,249.0
666032,59.0
666032,226.0
666176,102.0
666208,143.0
666304,188.0
666352,182.0
666752,170.0
666832,182.0
666976,210.0
667040,46.0
667072,100.0
667200,134.0
667216,89.0
667216,63.0
667280,188.0
668048,215.0
668144,123.0
668160,74.0
668160,59.0
668208,86.0
668304,97.0
668336,81.0
668352,145.0
668416,149.0
668624,84.0
668768,97.0
668864,112.0
669168,51.0
669184,124.0
669184,61.0
669280,32.0
669520,198.0
669936,102.0
669952,112.0
670128,123.0
670208,266.0
670384,146.0
670416,97.0
670528,132.0
670624,90.0
670944,175.0
670960,333.0
671056,170.0
671152,75.0
671184,48.0
671360,26.0
671744,113.0
672256,193.0
672368,82.0
672448,198.0
672544,85.0
672560,211.0
672608,193.0
672816,168.0
672912,73.0
672928,159.0
673088,160.0
673200,128.0
673312,66.0
673328,195.0
673568,184.0
673728,25.0
673808,78.0
673936,39.0
674480,34.0
674816,387.0
674848,155.0
675024,254.0
675440,117.0
675536,187.0
675664,172.0
675696,203.0
675920,194.0
675952,58.0
676112,199.0
676256,198.0
676320,49.0
676640,215.0
676688,333.0
676752,142.0
676832,126.0
676992,274.0
677088,25.0
677120,212.0
677184,211.0
677648,138.0
677808,118.0
678192,140.0
678240,88.0
678288,69.0
678368,141.0
678384,79.0
678528,138.0
678624,183.0
678672,188.0
678704,66.0
678720,27.0
678848,162.0
679104,54.0
679248,275.0
679360,163.0
679680,162.0
679904,75.0
680096,107.0
680176,94.0
680304,156.0
680368,233.0
680656,97.0
680720,92.0
680784,121.0
680944,48.0
680960,248.0
681232,163.0
681280,172.0
681424,95.0
681456,111.0
681520,72.0
681600,140.0
681808,226.0
682032,82.0
682080,232.0
682176,216.0
682272,101.0
682288,94.0
682688,38.0
682688,77.0
682768,93.0
682880,91.0
683264,104.0
683296,200.0
683328,113.0
683344,190.0
683424,46.0
683456,89.0
683472,157.0
683552,54.0
683632,168.0
683776,19.0
683792,101.0
683856,99.0
683904,167.0
684064,50.0
684208,90.0
684288,155.0
684720,54.0
684736,88.0
684816,121.0
684896,163.0
684960,94.0
685040,71.0
685216,120.0
685280,116.0
685472,120.0
685520,44.0
685808,136.0
685840,70.0
685920,116.0
686048,68.0
686080,50.0
686112,86.0
686160,148.0
686192,178.0
686208,152.0
686304,68.0
686448,88.0
686800,162.0
686976,73.0
687040,98.0
687168,142.0
687312,79.0
687344,191.0
687456,101.0
687632,90.0
687712,88.0
687728,103.0
688032,157.0
688048,118.0
688096,103.0
688432,50.0
688480,24.0
688544,75.0
688656,38.0
688800,84.0
688864,114.0
688928,56.0
688960,112.0
688976,173.0
689024,81.0
689296,124.0
689424,207.0
689520,170.0
689744,79.0
689776,129.0
689888,182.0
690048,68.0
690112,74.0
690320,118.0
690416,87.0
690432,98.0
690608,122.0
690640,131.0
690752,91.0
690864,90.0
691152,86.0
691248,153.0
691296,78.0
691456,84.0
691552,127.0
691568,353.0
691728,70.0
691920,136.0
691952,31.0
692192,15.0
692320,48.0
692464,114.0
692528,111.0
692656,112.0
692864,243.0
692944,103.0
693072,199.0
693120,169.0
693184,33.0
693312,53.0
693616,81.0
693648,108.0
693680,210.0
693696,123.0
693808,166.0
693904,107.0
694064,227.0
694192,70.0
694368,175.0
694416,81.0
694512,124.0
694624,110.0
694752,90.0
694880,77.0
694992,86.0
695328,103.0
695552,58.0
695680,111.0
695728,82.0
695856,61.0
695936,187.0
695968,100.0
696016,298.0
696080,149.0
696096,143.0
696192,133.0
696208,126.0
696208,76.0
696416,104.0
696624,38.0
696704,64.0
696768,50.0
696912,44.0
697056,60.0
697136,59.0
697168,90.0
697184,61.0
697280,122.0
697328,176.0
697440,51.0
697504,270.0
697792,64.0
698000,31.0
698128,107.0
698272,146.0
698288,171.0
698288,77.0
698704,95.0
698704,112.0
698736,166.0
698768,90.0
698848,105.0
698912,92.0
699040,65.0
699120,83.0
699120,115.0
699344,165.0
699792,95.0
699856,63.0
699952,78.0
700160,89.0
700224,82.0
700384,283.0
700480,111.0
700592,154.0
700656,96.0
700768,57.0
700848,232.0
700848,160.0
701088,15.0
701184,181.0
701184,60.0
701264,156.0
701376,127.0
701600,32.0
701664,74.0
701952,81.0
702144,124.0
702240,66.0
702272,94.0
702320,108.0
702448,79.0
702480,131.0
702560,220.0
702896,128.0
702960,198.0
702992,83.0
703152,57.0
703280,119.0
703648,94.0
703808,116.0
703824,294.0
704064,99.0
704128,179.0
704176,74.0
704224,83.0
704432,135.0
704480,95.0
704496,181.0
704608,11.0
704608,128.0
705056,62.0
705152,325.0
705312,16.0
705424,101.0
705520,81.0
705600,122.0
705664,66.0
705696,211.0
705696,151.0
705904,13.0
706016,179.0
706032,224.0
706368,118.0
706432,25.0
706464,146.0
706464,143.0
706672,63.0
706992,92.0
707056,202.0
707184,168.0
707216,129.0
707552,96.0
707568,117.0
707584,70.0
707824,157.0
707824,38.0
707856,141.0
707984,101.0
708128,91.0
708128,67.0
708272,148.0
708288,69.0
708416,187.0
708480,41.0
708512,24.0
708560,247.0
708784,147.0
709008,126.0
709104,165.0
709184,75.0
709280,91.0
709552,65.0
709776,139.0
709808,140.0
709840,97.0
709856,99.0
709888,110.0
709904,128.0
710176,62.0
710208,164.0
710272,93.0
710432,89.0
710496,121.0
710608,137.0
710656,97.0
710752,92.0
710896,63.0
710912,66.0
711408,94.0
711456,119.0
711472,45.0
711856,130.0
711872,212.0
711872,127.0
711968,92.0
711984,136.0
712048,87.0
712336,119.0
712368,131.0
712368,135.0
712432,95.0
712560,14.0
712640,74.0
712656,18.0
712672,39.0
713008,96.0
713008,64.0
713280,88.0
713392,201.0
713440,98.0
713552,55.0
713568,58.0
713600,102.0
713616,110.0
713696,43.0
713776,198.0
713824,183.0
714080,167.0
714128,106.0
714400,127.0
714448,42.0
714688,70.0
714976,123.0
715008,82.0
715088,106.0
715120,160.0
715360,169.0
715616,126.0
715648,75.0
715728,83.0
715792,147.0
715872,141.0
715968,134.0
715984,152.0
716080,175.0
716096,88.0
716224,69.0
716432,51.0
716448,145.0
716464,69.0
716576,98.0
716800,170.0
716912,29.0
717056,88.0
717184,87.0
717232,71.0
717344,148.0
717376,87.0
717568,69.0
717616,158.0
717616,103.0
717664,112.0
717696,29.0
717840,101.0
717952,95.0
718064,63.0
718352,61.0
718352,164.0
718352,90.0
718480,33.0
718496,58.0
718608,16.0
718752,88.0
718800,139.0
718864,105.0
719008,73.0
719072,45.0
719088,143.0
719168,193.0
719296,105.0
719648,53.0
719808,134.0
719856,94.0
720032,73.0
720304,163.0
720416,84.0
720576,114.0
720576,58.0
720672,136.0
720720,166.0
720720,43.0
720784,106.0
721056,21.0
721104,113.0
721136,83.0
721232,226.0
721264,166.0
721360,180.0
721568,107.0
721632,83.0
721760,84.0
722032,91.0
722160,197.0
722336,198.0
722352,20.0
722384,113.0
722384,72.0
722384,64.0
722576,119.0
722608,16.0
722768,128.0
722784,108.0
723120,126.0
723184,101.0
723280,70.0
723312,12.0
723360,131.0
723440,69.0
723456,67.0
723632,156.0
724000,76.0
724048,151.0
724128,148.0
724240,15.0
724352,123.0
724608,139.0
724640,80.0
724688,94.0
724720,122.0
724832,12.0
724896,99.0
725072,156.0
725248,123.0
725504,129.0
725536,53.0
725696,68.0
725712,194.0
725776,103.0
725872,102.0
726112,129.0
726192,59.0
726352,348.0
726432,186.0
726560,93.0
726688,146.0
726768,62.0
726800,198.0
726960,79.0
727024,137.0
727088,148.0
727200,83.0
727296,112.0
727296,74.0
727440,42.0
727568,86.0
727792,85.0
727952,191.0
727968,101.0
728096,50.0
728240,158.0
728272,82.0
728416,83.0
728624,193.0
728640,53.0
728832,96.0
729008,98.0
729008,145.0
729136,146.0
729152,55.0
729184,124.0
729488,120.0
729584,189.0
729600,161.0
729760,113.0
729872,45.0
729952,29.0
729968,108.0
730176,130.0
730192,139.0
730320,106.0
730448,127.0
730848,25.0
730944,121.0
731280,82.0
731280,95.0
731328,71.0
731344,109.0
731392,90.0
731456,142.0
731584,161.0
731616,48.0
731792,53.0
731904,99.0
732032,28.0
732272,62.0
732320,153.0
732608,236.0
732752,161.0
732800,91.0
732960,105.0
732960,22.0
733072,109.0
733264,258.0
733424,69.0
733472,75.0
733632,312.0
733632,126.0
733744,260.0
733936,134.0
734208,176.0
734304,55.0
734416,101.0
734432,158.0
734672,201.0
734752,112.0
734752,170.0
734944,82.0
734976,126.0
735072,125.0
735440,136.0
735616,54.0
735632,125.0
735632,106.0
735648,61.0
735648,90.0
735904,152.0
736192,215.0
736208,154.0
736288,124.0
736320,84.0
736320,42.0
736592,103.0
736928,157.0
737040,52.0
737072,49.0
737120,92.0
737344,182.0
737424,95.0
737504,129.0
737584,29.0
737616,89.0
737632,160.0
737680,129.0
737904,99.0
737920,83.0
738080,28.0
738240,20.0
738256,76.0
738416,174.0
738480,50.0
738608,143.0
738896,204.0
738912,124.0
738928,84.0
739040,49.0
739120,111.0
739424,147.0
739472,128.0
739504,297.0
739680,75.0
739712,50.0
739872,102.0
739968,34.0
740032,122.0
740112,138.0
740400,174.0
740480,186.0
740560,95.0
740592,68.0
741056,29.0
741104,62.0
741120,125.0
741280,14.0
741296,180.0
741296,114.0
741600,169.0
741632,72.0
741680,192.0
741696,108.0
741744,129.0
741856,114.0
741968,131.0
742096,149.0
742224,34.0
742368,67.0
742448,118.0
742720,17.0
742768,50.0
742928,102.0
743152,24.0
743280,96.0
743424,281.0
743504,88.0
743600,125.0
743616,120.0
743744,86.0
743952,178.0
744064,174.0
744144,143.0
744176,236.0
744336,169.0
744512,112.0
744560,59.0
744576,147.0
744704,224.0
744816,118.0
744848,78.0
745104,33.0
745168,69.0
745504,125.0
745680,108.0
745744,125.0
745744,88.0
746032,95.0
746112,97.0
746192,86.0
746192,190.0
746304,180.0
746320,190.0
746400,141.0
746464,49.0
746480,28.0
746624,14.0
746896,87.0
746944,115.0
746976,77.0
747136,152.0
747280,68.0
747280,73.0
747552,169.0
747696,158.0
747728,79.0
747792,82.0
748000,13.0
748016,55.0
748064,70.0
748096,70.0
748416,112.0
748608,143.0
748608,151.0
748688,184.0
748704,61.0
748736,74.0
748928,127.0
749184,31.0
749456,136.0
749728,153.0
749920,359.0
750144,128.0
750240,140.0
750304,86.0
750384,123.0
750432,258.0
750448,152.0
750688,164.0
750720,189.0
750992,38.0
751024,55.0
751152,57.0
751280,159.0
751360,102.0
751376,137.0
751552,54.0
751696,111.0
751776,198.0
751840,202.0
751840,149.0
751936,76.0
752144,215.0
752240,121.0
752384,87.0
752480,127.0
753008,124.0
753120,110.0
753136,90.0
753152,42.0
753216,67.0
753344,13.0
753376,139.0
753568,112.0
753728,147.0
753792,36.0
753808,98.0
754064,59.0
754096,176.0
754144,144.0
754304,242.0
754432,128.0
754656,32.0
754672,177.0
754800,179.0
754960,77.0
755040,46.0
755056,119.0
755072,108.0
755152,134.0
755456,244.0
755552,136.0
755584,57.0
756128,146.0
756192,149.0
756336,142.0
756352,120.0
756624,158.0
756752,112.0
756848,113.0
757088,60.0
757328,30.0
757344,112.0
757360,119.0
757504,10.0
757648,129.0
757904,178.0
757968,176.0
758016,114.0
758080,282.0
758080,188.0
758128,111.0
758192,221.0
758240,215.0
758464,69.0
758464,115.0
758768,152.0
758848,52.0
759152,129.0
759408,80.0
759488,171.0
759776,117.0
760000,120.0
760032,129.0
760096,78.0
760208,66.0
760288,174.0
760336,117.0
760384,61.0
760496,108.0
760608,151.0
760960,180.0
761200,171.0
761360,117.0
761552,244.0
761648,270.0
761712,47.0
761984,106.0
762128,133.0
762240,154.0
762256,120.0
762384,125.0
762416,149.0
762448,50.0
762464,264.0
762752,39.0
762752,159.0
762912,151.0
763088,39.0
763184,161.0
763200,194.0
763392,105.0
763408,41.0
763520,67.0
763520,135.0
763760,138.0
763824,19.0
763888,92.0
764000,101.0
764224,189.0
764464,67.0
764640,149.0
764800,65.0
764912,94.0
764944,185.0
765152,83.0
765184,125.0
765344,25.0
765568,176.0
765568,148.0
765664,75.0
765808,143.0
765920,188.0
766160,142.0
766320,71.0
766320,131.0
766336,42.0
766496,84.0
766512,214.0
766528,118.0
766768,173.0
766928,126.0
766960,87.0
767200,55.0
767264,314.0
767296,122.0
767424,94.0
767424,101.0
767728,98.0
767776,138.0
767792,52.0
768064,109.0
768336,113.0
768368,127.0
768432,63.0
768560,129.0
768560,85.0
768944,152.0
769008,107.0
769104,105.0
769200,16.0
769216,276.0
769232,154.0
769360,81.0
769696,123.0
769776,26.0
769856,93.0
769888,164.0
769888,12.0
769920,134.0
770592,135.0
770592,85.0
770624,44.0
770736,184.0
770976,151.0
770992,112.0
771024,71.0
771264,271.0
771280,89.0
771376,142.0
771584,106.0
771584,189.0
771952,61.0
771968,137.0
772368,109.0
772384,85.0
772432,30.0
772736,48.0
772896,144.0
772928,245.0
773152,301.0
773184,100.0
773216,115.0
773488,267.0
773568,143.0
773664,192.0
773712,84.0
773888,164.0
773920,199.0
774112,158.0
774208,201.0
774544,101.0
774608,117.0
774848,80.0
775072,136.0
775184,79.0
775232,128.0
775360,106.0
775696,138.0
775776,160.0
775808,214.0
775872,110.0
775888,105.0
776112,94.0
776160,153.0
776224,146.0
776240,193.0
776352,113.0
776352,70.0
776416,40.0
776464,80.0
776624,111.0
776656,99.0
777456,84.0
777488,316.0
777488,112.0
777728,94.0
777904,78.0
778064,169.0
778240,152.0
778448,127.0
778672,138.0
778704,176.0
778736,156.0
779040,97.0
779120,26.0
779216,72.0
779296,98.0
779424,74.0
779536,130.0
779600,106.0
779648,218.0
780000,228.0
780336,81.0
780480,127.0
780528,112.0
780560,192.0
780704,88.0
781136,100.0
781152,94.0
781168,284.0
781392,57.0
781456,319.0
781648,152.0
781744,134.0
781888,154.0
782016,17.0
782336,201.0
782336,111.0
782480,238.0
782544,417.0
782720,99.0
782848,19.0
782976,113.0
783040,190.0
783200,156.0
783264,171.0
783376,124.0
783856,71.0
783936,120.0
784144,104.0
784240,147.0
784336,30.0
784416,130.0
784560,81.0
784560,182.0
784704,148.0
784816,115.0
785104,54.0
785184,233.0
785184,303.0
785296,141.0
785344,123.0
785504,59.0
785872,96.0
785888,168.0
786176,314.0
786208,64.0
786496,130.0
786592,111.0
786640,237.0
786800,91.0
786864,110.0
786944,188.0
787120,160.0
787440,134.0
787472,100.0
787568,179.0
787600,50.0
787616,90.0
787648,90.0
788048,244.0
788064,160.0
788208,48.0
788288,112.0
788400,201.0
788416,23.0
788432,98.0
788480,118.0
788704,110.0
788944,191.0
789456,78.0
789616,75.0
789744,164.0
789792,145.0
789840,88.0
789840,137.0
790000,107.0
790016,67.0
790128,89.0
790320,169.0
790320,230.0
790416,18.0
791072,91.0
791248,228.0
791360,185.0
791648,119.0
791696,80.0
791856,126.0
791856,126.0
792128,228.0
792224,260.0
792272,176.0
792368,70.0
792528,310.0
792592,162.0
792640,164.0
792656,33.0
792720,85.0
792864,63.0
792880,160.0
793168,50.0
793360,104.0
793584,66.0
793600,205.0
793744,167.0
793776,249.0
794096,46.0
794320,108.0
794336,132.0
794528,117.0
794592,17.0
794624,109.0
794720,116.0
795264,164.0
795328,109.0
795408,102.0
795616,95.0
795632,182.0
795648,155.0
795808,260.0
795936,255.0
795952,89.0
795968,148.0
796064,90.0
796240,61.0
796272,158.0
796304,107.0
796624,143.0
796800,130.0
796848,286.0
797088,91.0
797184,98.0
797392,124.0
797776,72.0
797808,155.0
797888,120.0
798016,148.0
798304,57.0
798352,97.0
798464,139.0
798544,142.0
798704,116.0
798704,95.0
798880,54.0
799008,169.0
799280,137.0
799392,216.0
799408,216.0
799792,90.0
800352,161.0
800528,295.0
800624,176.0
800656,173.0
800672,288.0
800720,126.0
800864,99.0
801008,144.0
801232,139.0
801312,95.0
801376,177.0
801392,193.0
801392,157.0
801504,12.0
801600,78.0
801632,139.0
801664,65.0
801728,54.0
801840,211.0
802080,168.0
802176,103.0
802384,55.0
802480,40.0
802480,92.0
802784,74.0
803088,106.0
803104,153.0
803104,107.0
803200,51.0
803200,155.0
803328,106.0
803376,107.0
803376,169.0
803504,142.0
803696,145.0
804048,117.0
804096,101.0
804240,110.0
804272,11.0
804368,143.0
804384,100.0
804720,64.0
804800,100.0
804816,107.0
805200,132.0
805312,138.0
805536,81.0
805536,138.0
805600,242.0
805760,35.0
805856,34.0
806048,159.0
806080,85.0
806160,112.0
806272,42.0
806304,120.0
806544,198.0
806816,226.0
806832,174.0
807168,102.0
807248,186.0
807312,156.0
807472,89.0
807760,91.0
807840,130.0
807856,38.0
807872,65.0
807952,12.0
808096,126.0
808304,219.0
808320,128.0
808528,27.0
808640,174.0
808656,156.0
808672,331.0
809120,79.0
809200,127.0
809248,232.0
809280,123.0
809376,94.0
809376,119.0
809392,97.0
809600,30.0
809792,25.0
809840,73.0
810000,85.0
810000,39.0
810064,203.0
810304,235.0
810320,65.0
810592,87.0
810704,172.0
810768,61.0
810880,102.0
810992,87.0
811072,106.0
811168,165.0
811168,29.0
811600,205.0
811696,106.0
811744,42.0
811760,73.0
811776,111.0
812064,235.0
812160,115.0
812304,96.0
812336,127.0
812496,240.0
812752,110.0
812928,193.0
813024,89.0
813344,20.0
813376,101.0
813408,107.0
813456,105.0
813520,76.0
813568,150.0
813568,219.0
813744,105.0
814016,178.0
814400,220.0
814720,186.0
814752,151.0
814832,167.0
814880,96.0
814880,122.0
814960,76.0
815232,30.0
815296,159.0
815488,130.0
815536,130.0
815568,128.0
815696,105.0
815888,145.0
815952,41.0
816304,99.0
816304,183.0
816432,59.0
816528,185.0
816544,134.0
816560,254.0
816608,65.0
816976,131.0
817072,74.0
817072,48.0
817232,150.0
817264,44.0
817344,57.0
817376,156.0
817424,108.0
817440,155.0
817488,60.0
817568,79.0
817760,158.0
818304,110.0
818384,56.0
818768,106.0
818784,88.0
818816,99.0
819056,81.0
819216,230.0
819360,172.0
819472,156.0
819488,129.0
819520,46.0
819584,227.0
819728,84.0
819936,148.0
820224,174.0
820224,185.0
820240,89.0
820384,101.0
820576,142.0
820576,21.0
820576,202.0
820736,63.0
820880,85.0
821024,247.0
821088,127.0
821264,43.0
821344,70.0
821472,124.0
821664,90.0
821792,145.0
821888,144.0
822080,12.0
822480,119.0
822512,206.0
822512,78.0
822560,68.0
822592,107.0
822624,128.0
822880,112.0
822912,136.0
822928,23.0
823312,95.0
823312,50.0
823440,151.0
823584,67.0
823648,144.0
823728,273.0
823872,138.0
823888,79.0
823936,31.0
824176,237.0
824400,279.0
824464,149.0
824960,86.0
824992,132.0
824992,79.0
824992,105.0
825008,158.0
825488,136.0
825520,103.0
825888,125.0
825904,90.0
826064,217.0
826112,136.0
826176,125.0
826256,209.0
826400,125.0
826464,91.0
826480,14.0
826576,42.0
827120,133.0
827200,222.0
827328,47.0
827520,102.0
827520,160.0
827616,72.0
827728,140.0
827968,186.0
827984,316.0
828080,193.0
828496,145.0
828528,57.0
828624,40.0
828704,99.0
828880,150.0
829056,221.0
829056,166.0
829216,118.0
829248,196.0
829264,200.0
829456,121.0
829888,113.0
829920,170.0
830176,70.0
830288,67.0
830368,104.0
830400,71.0
830432,154.0
830608,130.0
830864,124.0
831312,224.0
831328,169.0
831376,93.0
831424,123.0
831616,148.0
831776,22.0
831872,92.0
831904,213.0
831904,178.0
831968,128.0
832000,98.0
832208,84.0
832336,301.0
832352,30.0
832704,87.0
832976,168.0
832992,86.0
833072,181.0
833136,158.0
833312,61.0
833344,98.0
833456,97.0
833488,99.0
833552,97.0
833936,223.0
833984,111.0
833984,62.0
834096,87.0
834640,143.0
834880,59.0
834896,84.0
834960,114.0
835024,128.0
835168,237.0
835280,40.0
835408,255.0
835504,95.0
835632,145.0
835776,105.0
835808,114.0
835840,51.0
835856,174.0
835872,151.0
835904,246.0
836192,178.0
836576,193.0
836880,64.0
836912,69.0
837072,137.0
837072,119.0
837120,84.0
837264,102.0
837264,144.0
837392,75.0
837440,159.0
837696,151.0
837904,13.0
837920,53.0
837968,133.0
838064,62.0
838160,166.0
838176,173.0
838656,30.0
838832,185.0
838896,94.0
839008,98.0
839312,213.0
839472,147.0
839488,139.0
839792,118.0
839840,185.0
840080,219.0
840176,126.0
840176,138.0
840192,183.0
840208,86.0
840272,210.0
840352,152.0
840592,26.0
840896,69.0
840944,121.0
841072,136.0
841216,109.0
841296,68.0
841392,208.0
841456,175.0
841536,91.0
841728,32.0
841872,160.0
842016,158.0
842048,111.0
842384,112.0
842384,41.0
842544,169.0
842656,154.0
842672,100.0
843104,28.0
843136,185.0
843360,119.0
843472,100.0
843648,206.0
843712,83.0
843728,105.0
843936,159.0
844048,94.0
844128,12.0
844448,219.0
844528,227.0
844816,205.0
844880,22.0
844912,226.0
845088,65.0
845184,91.0
845328,207.0
845488,126.0
845600,154.0
845632,47.0
845696,189.0
845760,102.0
845776,129.0
845792,152.0
846048,100.0
846128,65.0
846304,42.0
846336,72.0
846480,104.0
846944,84.0
847216,91.0
847264,260.0
847280,306.0
847472,71.0
847568,140.0
847744,29.0
847760,129.0
847808,260.0
847952,136.0
848112,129.0
848448,74.0
848560,68.0
848592,230.0
848768,165.0
848768,64.0
848832,209.0
849040,203.0
849088,174.0
849184,101.0
849408,154.0
849440,185.0
849456,84.0
849568,101.0
849728,40.0
850128,182.0
850144,86.0
850480,107.0
850496,128.0
850656,75.0
850656,33.0
850704,181.0
851136,161.0
851152,63.0
851216,136.0
851216,164.0
851440,49.0
851952,262.0
852032,37.0
852192,172.0
852208,189.0
852224,109.0
852256,158.0
852384,22.0
852544,196.0
852560,233.0
852800,99.0
852832,36.0
852880,207.0
852896,22.0
853008,112.0
853104,123.0
853120,15.0
853200,128.0
853280,83.0
853296,29.0
853664,185.0
853696,200.0
853792,99.0
853808,101.0
854000,209.0
854048,114.0
854352,84.0
854400,100.0
854432,128.0
854544,78.0
854560,56.0
854864,104.0
855584,99.0
855664,79.0
855792,131.0
855792,181.0
856048,140.0
856064,75.0
856080,108.0
856112,188.0
856160,180.0
856176,191.0
856656,139.0
856752,36.0
857152,287.0
857168,195.0
857200,70.0
857264,217.0
857456,104.0
857504,185.0
857920,117.0
857984,117.0
858064,155.0
858160,148.0
858320,70.0
858496,152.0
858592,252.0
858656,187.0
858752,81.0
858896,52.0
858912,62.0
858992,25.0
859040,143.0
859120,71.0
859280,164.0
859472,145.0
859488,124.0
859584,37.0
859664,219.0
860336,81.0
860512,137.0
860640,61.0
860896,101.0
861088,183.0
861104,137.0
861184,129.0
861296,159.0
861312,253.0
861520,74.0
861552,191.0
861696,139.0
861936,81.0
862080,62.0
862272,211.0
862304,228.0
862320,322.0
862416,183.0
862448,121.0
862832,103.0
863056,38.0
863168,68.0
863232,146.0
863360,128.0
863536,152.0
863536,79.0
863616,129.0
863728,89.0
863872,268.0
864368,96.0
864368,167.0
864480,185.0
864512,161.0
864528,138.0
864560,12.0
864784,218.0
864960,108.0
865152,101.0
865168,113.0
865184,82.0
865392,146.0
865408,140.0
865472,60.0
865664,71.0
865872,30.0
866000,149.0
866208,167.0
866352,164.0
866496,39.0
866624,104.0
866864,149.0
866928,134.0
867056,119.0
867072,157.0
867216,97.0
867280,182.0
867408,57.0
867616,134.0
868064,353.0
868112,74.0
868352,80.0
868416,138.0
868624,142.0
868752,209.0
868832,97.0
868848,112.0
868928,183.0
869024,113.0
869088,105.0
869232,73.0
869376,110.0
869504,270.0
869552,50.0
869728,69.0
869872,203.0
869872,294.0
869936,99.0
870352,61.0
870448,85.0
870704,111.0
870800,168.0
871040,164.0
871088,141.0
871248,126.0
871296,277.0
871328,111.0
871904,97.0
871936,193.0
871984,74.0
872000,156.0
872144,195.0
872160,52.0
872368,156.0
872656,170.0
872784,182.0
872912,101.0
872912,117.0
872928,115.0
872960,157.0
873072,209.0
873152,119.0
873296,85.0
873824,195.0
873920,121.0
874032,86.0
874160,112.0
874384,140.0
874640,108.0
874768,106.0
874960,175.0
875040,132.0
875136,139.0
875264,123.0
875312,135.0
875600,105.0
875728,173.0
875856,127.0
876048,253.0
876064,205.0
876160,133.0
876240,58.0
876272,63.0
876496,146.0
876640,94.0
876704,145.0
876944,15.0
877216,153.0
877504,350.0
877712,172.0
877760,135.0
877824,123.0
877872,177.0
878064,214.0
878080,16.0
878272,138.0
878464,137.0
878592,147.0
878752,141.0
878944,125.0
878960,43.0
879056,208.0
879088,183.0
879200,93.0
879232,72.0
879600,131.0
879648,74.0
879760,73.0
880400,73.0
880512,279.0
880544,91.0
880576,86.0
880608,97.0
880704,177.0
880816,261.0
881248,218.0
881376,152.0
881456,59.0
881456,40.0
881536,62.0
881584,273.0
881680,170.0
881808,88.0
881840,193.0
881888,27.0
881952,84.0
881968,87.0
882032,14.0
882192,93.0
882336,68.0
882352,172.0
882400,23.0
882448,168.0
882800,296.0
883296,91.0
883872,151.0
883984,103.0
884208,113.0
884272,162.0
884400,179.0
884400,157.0
884512,304.0
884528,161.0
884656,205.0
884944,27.0
885216,179.0
885232,228.0
885328,180.0
885456,166.0
885760,237.0
885808,121.0
885808,22.0
885872,100.0
885968,13.0
886192,24.0
886352,260.0
886368,192.0
886640,82.0
886688,169.0
886736,138.0
886752,147.0
886864,32.0
886928,107.0
887072,133.0
887456,68.0
887536,196.0
887600,212.0
887632,114.0
887936,205.0
887968,76.0
888000,173.0
888384,28.0
888400,96.0
888512,111.0
888544,167.0
888720,158.0
889024,93.0
889152,97.0
889184,132.0
889216,42.0
889232,159.0
889232,204.0
889328,83.0
889488,61.0
889648,26.0
889856,92.0
889920,122.0
890128,156.0
890208,93.0
890288,228.0
890304,178.0
890416,31.0
890496,73.0
890576,84.0
890752,239.0
890928,45.0
891104,118.0
891376,67.0
891472,56.0
891904,93.0
891952,222.0
892240,191.0
892400,132.0
892400,203.0
892640,197.0
892688,137.0
892704,161.0
892912,113.0
893248,225.0
893264,265.0
893440,12.0
893456,169.0
893504,54.0
893696,62.0
893760,95.0
893888,252.0
893968,33.0
894048,161.0
894064,196.0
894064,132.0
894096,106.0
894112,171.0
894160,141.0
894304,50.0
894608,72.0
894784,45.0
895008,163.0
895056,60.0
895232,92.0
895280,17.0
895632,98.0
895664,66.0
895904,187.0
895920,202.0
896144,131.0
896192,156.0
896208,128.0
896432,103.0
896704,176.0
897120,188.0
897168,118.0
897216,203.0
897424,80.0
897472,263.0
897744,65.0
898048,115.0
898096,137.0
898176,157.0
898272,147.0
898272,115.0
898384,137.0
898528,264.0
898576,184.0
898608,222.0
898688,26.0
898896,20.0
898928,91.0
898992,235.0
899008,60.0
899120,106.0
899136,15.0
899168,56.0
899472,108.0
899552,73.0
899664,159.0
899712,64.0
899952,25.0
899952,111.0
899968,117.0
900560,209.0
900640,73.0
901088,120.0
901104,161.0
901136,125.0
901360,45.0
901440,93.0
901600,102.0
901840,136.0
901904,50.0
902016,188.0
902064,306.0
902160,198.0
902256,70.0
902384,216.0
902720,188.0
902912,114.0
903344,264.0
903392,93.0
903408,84.0
903584,134.0
903776,24.0
903824,113.0
903888,73.0
903952,334.0
903968,148.0
904048,218.0
904192,177.0
904496,166.0
904656,142.0
904672,30.0
904704,159.0
904752,50.0
904992,171.0
905232,74.0
905280,333.0
905536,133.0
905584,106.0
906128,53.0
906496,115.0
906512,113.0
906576,187.0
906576,202.0
906624,166.0
906896,20.0
907024,142.0
907088,207.0
907184,122.0
907296,144.0
907488,229.0
907696,135.0
907744,70.0
907904,83.0
908080,99.0
908320,71.0
908416,70.0
908464,122.0
908512,240.0
908640,14.0
908688,112.0
908768,366.0
908800,167.0
908912,208.0
909072,124.0
909344,41.0
909392,82.0
909456,107.0
909488,154.0
909616,14.0
909760,78.0
909824,333.0
910144,140.0
910192,53.0
910272,174.0
910400,100.0
910528,101.0
910560,140.0
910560,59.0
910592,181.0
910592,52.0
910832,129.0
910848,149.0
910864,88.0
910880,20.0
911232,60.0
911264,26.0
911392,35.0
911424,80.0
911472,57.0
911632,187.0
911648,14.0
911680,93.0
911712,165.0
911760,142.0
912128,79.0
912736,134.0
912816,89.0
912960,160.0
913296,101.0
913376,134.0
913424,181.0
913696,194.0
913744,245.0
913856,162.0
913856,149.0
914160,127.0
914240,59.0
914560,182.0
914576,101.0
914592,177.0
914624,182.0
914672,237.0
914688,82.0
914816,60.0
914928,77.0
915136,28.0
915488,83.0
915552,106.0
915632,118.0
915824,17.0
915968,81.0
916064,93.0
916080,79.0
916160,12.0
916160,214.0
916224,68.0
916240,105.0
916272,178.0
916560,145.0
916592,310.0
916720,244.0
916816,137.0
917104,64.0
917168,105.0
917216,164.0
917328,106.0
918304,129.0
918544,83.0
918576,92.0
918944,174.0
919040,173.0
919088,156.0
919216,17.0
919232,192.0
919296,202.0
919472,166.0
919616,237.0
919728,198.0
919824,225.0
919904,311.0
919952,174.0
920032,169.0
920064,209.0
920624,145.0
920768,137.0
920816,142.0
920992,119.0
921136,82.0
921312,85.0
921328,143.0
921328,35.0
921856,133.0
922160,84.0
922272,190.0
922272,140.0
922416,200.0
922592,186.0
922688,85.0
922896,119.0
922944,217.0
923024,185.0
923072,121.0
923184,243.0
923408,32.0
923424,30.0
923648,234.0
923696,89.0
923968,166.0
924080,87.0
924304,77.0
924432,135.0
924624,173.0
925072,166.0
925120,72.0
925216,287.0
925296,117.0
925360,200.0
925424,126.0
925552,70.0
925616,62.0
925616,152.0
925632,269.0
925872,32.0
926016,45.0
926208,49.0
926416,132.0
926512,179.0
926544,220.0
926704,43.0
926928,113.0
926992,206.0
926992,182.0
927216,104.0
927232,290.0
927536,34.0
927632,126.0
927808,137.0
927808,162.0
928048,96.0
928224,77.0
928512,180.0
928832,75.0
929120,203.0
929136,68.0
929616,284.0
929632,70.0
929792,179.0
929904,200.0
929952,108.0
930128,181.0
930128,232.0
930176,227.0
930208,150.0
930400,162.0
930752,284.0
930784,73.0
931152,226.0
931216,131.0
931392,160.0
931520,118.0
931536,102.0
931776,285.0
931936,113.0
932144,147.0
932192,41.0
932224,114.0
932256,195.0
932416,79.0
932528,111.0
932704,161.0
932768,62.0
932880,167.0
933040,179.0
933056,50.0
933136,120.0
933264,117.0
933616,105.0
933648,59.0
933664,25.0
933872,193.0
933904,149.0
934128,85.0
934704,114.0
934896,172.0
934928,80.0
935072,166.0
935216,136.0
935248,137.0
935376,110.0
935392,340.0
935488,204.0
935504,186.0
935584,43.0
935616,43.0
935728,129.0
935936,28.0
936032,181.0
936544,272.0
936816,184.0
936912,115.0
937424,120.0
937552,95.0
937808,117.0
938000,206.0
938032,258.0
938352,264.0
938576,127.0
938704,207.0
938816,29.0
938928,230.0
939104,137.0
939184,16.0
939200,249.0
939248,220.0
939360,234.0
939472,56.0
939584,173.0
939760,274.0
939776,262.0
939824,142.0
939856,128.0
940240,176.0
940288,74.0
940640,165.0
940736,96.0
940848,93.0
941344,131.0
941392,72.0
941472,173.0
941520,169.0
941600,223.0
941872,168.0
941904,66.0
941936,136.0
941936,103.0
942192,170.0
942224,153.0
942400,176.0
942560,76.0
942784,134.0
942928,192.0
943056,145.0
943104,107.0
943344,117.0
943696,131.0
943792,248.0
943856,104.0
943888,148.0
944096,139.0
944096,135.0
944336,34.0
944368,134.0
944512,39.0
944576,126.0
945152,148.0
945200,204.0
945296,148.0
945344,184.0
945648,234.0
945680,161.0
946384,208.0
946400,114.0
946528,199.0
946528,135.0
946608,82.0
946928,162.0
947184,167.0
947216,129.0
947472,211.0
947536,63.0
947552,216.0
947584,149.0
947760,77.0
947776,131.0
948080,274.0
948080,152.0
948128,95.0
948368,74.0
948880,155.0
949056,325.0
949360,251.0
949376,153.0
949472,193.0
949632,151.0
949840,144.0
949856,131.0
950080,144.0
950144,167.0
950224,134.0
950416,65.0
950528,153.0
950656,143.0
950944,118.0
950976,84.0
950976,214.0
951280,66.0
951328,92.0
951408,83.0
951472,162.0
951568,138.0
951632,41.0
951856,233.0
951920,59.0
951968,97.0
952240,131.0
952336,179.0
952512,308.0
952768,90.0
953008,42.0
953200,108.0
953296,33.0
953392,153.0
953568,66.0
953632,237.0
953792,157.0
954032,164.0
954032,219.0
954336,71.0
954416,70.0
954464,139.0
954480,239.0
954608,172.0
954864,92.0
954864,52.0
955056,218.0
955168,221.0
955184,101.0
955376,213.0
955552,120.0
955696,40.0
955856,78.0
956064,75.0
956560,131.0
956736,184.0
956752,75.0
956960,159.0
956992,166.0
957216,331.0
957360,272.0
957472,45.0
957520,218.0
957536,34.0
957760,106.0
957776,182.0
957840,167.0
957936,86.0
957984,133.0
958000,144.0
958064,180.0
958304,98.0
958528,43.0
958624,203.0
958736,76.0
958912,277.0
959344,45.0
959584,113.0
959632,167.0
959680,134.0
959744,158.0
959776,65.0
959824,154.0
960112,136.0
960176,137.0
960192,104.0
960208,36.0
960240,155.0
960448,186.0
960464,150.0
960528,101.0
960560,51.0
960752,88.0
961088,193.0
961312,54.0
961600,111.0
961712,100.0
961888,132.0
962000,43.0
962080,115.0
962176,101.0
962272,168.0
962400,138.0
962560,266.0
962576,128.0
962608,150.0
962608,56.0
962704,189.0
962752,125.0
962976,50.0
962992,24.0
963040,30.0
963120,34.0
963200,100.0
963808,52.0
963856,78.0
964096,227.0
964112,85.0
964144,90.0
964144,109.0
964496,213.0
964592,276.0
964896,181.0
965072,175.0
965104,201.0
965136,126.0
965232,140.0
965552,157.0
965680,225.0
965808,122.0
965856,39.0
965984,115.0
965984,117.0
966064,179.0
966432,164.0
966576,90.0
966768,60.0
966784,107.0
966880,56.0
967008,179.0
967168,25.0
967184,47.0
967216,77.0
967312,176.0
967376,205.0
967456,119.0
967536,116.0
968064,198.0
968160,144.0
968240,196.0
968256,105.0
968464,63.0
968528,246.0
968640,69.0
968800,112.0
968832,173.0
968928,109.0
968976,137.0
969072,51.0
969088,58.0
969792,72.0
969856,112.0
969888,188.0
970032,179.0
970128,100.0
970288,192.0
970384,192.0
970592,104.0
970912,221.0
971008,55.0
971216,133.0
971392,197.0
971408,146.0
971472,101.0
971632,65.0
971648,167.0
971680,118.0
971888,191.0
972304,42.0
972432,248.0
972480,131.0
972512,155.0
972624,171.0
972704,244.0
972880,104.0
972928,78.0
972960,167.0
973472,60.0
973472,129.0
973552,130.0
973584,39.0
973632,83.0
973664,60.0
973712,169.0
974208,145.0
974224,207.0
974224,177.0
974560,56.0
975104,164.0
975264,146.0
975344,231.0
975360,118.0
975568,84.0
975584,185.0
975600,170.0
975680,203.0
975792,138.0
976080,163.0
976400,50.0
976464,172.0
976560,125.0
976592,190.0
976608,149.0
976672,69.0
976784,95.0
976912,97.0
976944,207.0
976960,73.0
977008,58.0
977376,198.0
977568,63.0
977648,46.0
978256,182.0
978272,105.0
978352,173.0
978384,124.0
978512,213.0
979024,160.0
979104,214.0
979200,151.0
979280,167.0
979312,147.0
979584,121.0
979872,183.0
979968,206.0
979984,186.0
980048,111.0
980048,167.0
980352,67.0
980576,79.0
980672,151.0
980800,151.0
980832,204.0
981216,179.0
981248,128.0
981296,142.0
981376,87.0
981744,73.0
981776,204.0
981792,70.0
982048,130.0
982144,58.0
982336,172.0
982576,217.0
982624,114.0
983120,173.0
983184,196.0
983344,123.0
983536,110.0
983552,230.0
983584,63.0
983728,230.0
983856,189.0
984176,52.0
984304,188.0
984432,165.0
984496,153.0
984560,61.0
984704,130.0
984880,171.0
984896,111.0
985328,224.0
985424,117.0
985440,262.0
985712,116.0
985920,65.0
985968,140.0
985984,113.0
986256,106.0
986272,111.0
986448,182.0
986464,127.0
986592,106.0
986704,273.0
987088,104.0
987152,74.0
987280,98.0
987504,99.0
987536,272.0
987600,206.0
987712,188.0
987792,147.0
987808,76.0
987904,102.0
987952,78.0
988000,167.0
988016,14.0
988368,120.0
988464,155.0
988496,30.0
988800,81.0
988928,64.0
989056,111.0
989248,103.0
989328,179.0
989392,196.0
989456,144.0
989504,151.0
989536,65.0
989792,89.0
989904,137.0
989952,122.0
990320,157.0
990320,174.0
990592,112.0
990624,135.0
990992,65.0
991056,72.0
991152,200.0
991344,143.0
991504,125.0
991552,139.0
991760,90.0
991808,74.0
991904,148.0
992016,193.0
992096,144.0
992128,39.0
992416,79.0
992576,208.0
992656,15.0
992832,51.0
993136,65.0
993328,142.0
993344,99.0
993552,103.0
993552,109.0
993600,92.0
993648,191.0
993712,266.0
993888,223.0
994016,189.0
994096,172.0
994176,299.0
994528,117.0
994816,105.0
995424,242.0
995552,104.0
995568,123.0
995648,131.0
995712,196.0
995744,108.0
995744,137.0
995760,152.0
996160,153.0
996352,220.0
996432,174.0
996496,197.0
996528,51.0
996608,157.0
996656,69.0
996704,60.0
996800,40.0
996816,73.0
997072,103.0
997280,154.0
997360,63.0
997472,184.0
997504,208.0
997616,116.0
997888,91.0
997952,138.0
998128,100.0
998448,59.0
998448,52.0
998528,127.0
999104,156.0
999280,138.0
999296,155.0
999456,131.0
999568,179.0
999584,91.0
999600,107.0
999616,253.0
999856,161.0
999920,92.0
1000000,158.0
1000160,138.0
1000368,223.0
1000464,63.0
1000480,57.0
1000608,83.0
1000688,14.0
1000832,96.0
1000912,149.0
1001136,61.0
1001392,184.0
1001744,134.0
1001856,73.0
1001936,330.0
1002112,132.0
1002208,162.0
1002208,194.0
1002592,41.0
1002656,192.0
1002688,116.0
1002832,39.0
1002928,67.0
1003040,119.0
1003088,106.0
1003200,62.0
1003328,76.0
1003456,186.0
1003632,204.0
1003744,177.0
1003776,74.0
1003824,248.0
1003904,249.0
1004096,218.0
1004096,79.0
1004224,81.0
1004320,104.0
1004528,115.0
1004592,178.0
1004656,75.0
1004992,104.0
1005008,113.0
1005280,103.0
1005328,89.0
1005888,35.0
1005936,41.0
1006320,202.0
1006608,143.0
1006960,152.0
1006976,124.0
1006992,247.0
1007088,187.0
1007344,168.0
1007424,200.0
1007456,179.0
1007456,232.0
1007504,230.0
