Timestep,Reward
192,12.0
224,14.0
240,15.0
256,16.0
256,16.0
256,16.0
256,16.0
256,16.0
320,20.0
400,9.0
432,27.0
432,27.0
464,17.0
464,29.0
464,13.0
480,30.0
480,30.0
512,16.0
512,16.0
528,33.0
528,33.0
544,14.0
544,18.0
608,11.0
608,11.0
688,28.0
704,19.0
736,14.0
752,17.0
784,20.0
784,20.0
800,20.0
800,17.0
816,17.0
832,23.0
832,14.0
848,20.0
992,18.0
992,10.0
992,28.0
1024,15.0
1024,18.0
1024,13.0
1040,16.0
1104,31.0
1152,19.0
1168,23.0
1168,59.0
1200,32.0
1216,29.0
1248,14.0
1264,47.0
1296,31.0
1296,19.0
1344,19.0
1376,22.0
1376,14.0
1376,24.0
1376,10.0
1520,16.0
1552,24.0
1552,33.0
1552,16.0
1568,12.0
1600,25.0
1632,16.0
1632,29.0
1664,18.0
1696,22.0
1728,27.0
1776,13.0
1776,59.0
1792,43.0
1792,15.0
1808,18.0
1872,15.0
1936,24.0
1936,24.0
2000,12.0
2032,65.0
2096,29.0
2128,12.0
2144,22.0
2144,23.0
2176,24.0
2176,25.0
2192,51.0
2192,20.0
2224,61.0
2240,34.0
2320,11.0
2320,12.0
2352,16.0
2352,26.0
2384,45.0
2432,12.0
2464,18.0
2480,30.0
2496,56.0
2528,9.0
2528,21.0
2544,25.0
2544,20.0
2560,33.0
2640,57.0
2656,21.0
2656,29.0
2656,19.0
2688,23.0
2704,33.0
2704,14.0
2784,22.0
2800,16.0
2832,23.0
2848,12.0
2848,19.0
2864,21.0
2896,23.0
2912,26.0
2944,10.0
2960,16.0
2960,19.0
2992,21.0
3056,16.0
3056,14.0
3072,45.0
3072,13.0
3104,16.0
3120,10.0
3152,29.0
3152,13.0
3184,14.0
3232,21.0
3232,10.0
3248,12.0
3248,12.0
3248,38.0
3248,16.0
3264,44.0
3280,36.0
3312,29.0
3328,13.0
3376,17.0
3376,12.0
3456,12.0
3472,14.0
3488,36.0
3520,23.0
3552,17.0
3552,19.0
3568,31.0
3568,26.0
3568,21.0
3584,22.0
3632,20.0
3632,24.0
3664,11.0
3680,13.0
3680,19.0
3728,9.0
3744,23.0
3776,33.0
3792,17.0
3792,14.0
3792,14.0
3856,12.0
3904,8.0
3952,17.0
3952,24.0
4016,17.0
4016,14.0
4032,30.0
4032,44.0
4048,12.0
4080,28.0
4112,20.0
4144,29.0
4192,40.0
4208,16.0
4224,13.0
4224,17.0
4272,10.0
4272,34.0
4272,14.0
4272,16.0
4272,15.0
4288,31.0
4352,45.0
4400,31.0
4400,16.0
4464,11.0
4480,13.0
4480,13.0
4496,14.0
4512,20.0
4512,19.0
4512,18.0
4528,16.0
4592,12.0
4624,34.0
4656,9.0
4656,24.0
4720,12.0
4736,44.0
4736,14.0
4768,23.0
4784,19.0
4784,20.0
4784,27.0
4800,18.0
4800,84.0
4816,21.0
4816,37.0
4864,13.0
4928,13.0
4960,23.0
4960,14.0
4960,12.0
4976,30.0
5008,17.0
5024,25.0
5040,11.0
5056,16.0
5120,20.0
5168,12.0
5168,10.0
5184,33.0
5200,15.0
5216,11.0
5264,13.0
5296,11.0
5312,31.0
5376,10.0
5392,14.0
5408,37.0
5440,41.0
5440,16.0
5504,34.0
5504,15.0
5504,12.0
5520,35.0
5552,24.0
5568,40.0
5600,51.0
5616,52.0
5632,38.0
5632,15.0
5648,9.0
5648,15.0
5696,12.0
5696,20.0
5712,10.0
5760,29.0
5776,10.0
5808,18.0
5904,29.0
5920,17.0
5984,22.0
5984,18.0
5984,18.0
6000,14.0
6000,22.0
6000,15.0
6016,51.0
6032,29.0
6048,38.0
6080,23.0
6096,31.0
6144,32.0
6176,12.0
6176,17.0
6176,11.0
6224,26.0
6224,14.0
6240,20.0
6320,18.0
6336,15.0
6336,12.0
6384,23.0
6400,26.0
6400,25.0
6512,18.0
6608,35.0
6624,15.0
6640,29.0
6656,26.0
6688,38.0
6704,24.0
6720,31.0
6736,21.0
6768,16.0
6784,38.0
6784,28.0
6832,8.0
6896,87.0
6928,17.0
6928,47.0
6928,18.0
6928,10.0
6960,22.0
6992,19.0
7040,16.0
7040,16.0
7040,9.0
7056,41.0
7056,21.0
7072,28.0
7120,12.0
7120,71.0
7152,14.0
7184,28.0
7200,17.0
7232,25.0
7264,14.0
7296,60.0
7360,19.0
7360,25.0
7376,16.0
7392,21.0
7408,23.0
7424,19.0
7456,33.0
7472,15.0
7488,31.0
7488,26.0
7552,16.0
7584,25.0
7600,15.0
7632,16.0
7648,28.0
7664,12.0
7664,39.0
7696,19.0
7696,17.0
7712,14.0
7744,18.0
7792,40.0
7792,33.0
7824,15.0
7872,15.0
7888,15.0
7904,15.0
7920,14.0
7920,13.0
7952,25.0
7952,34.0
8016,22.0
8048,14.0
8096,11.0
8112,32.0
8112,20.0
8144,15.0
8176,18.0
8192,17.0
8224,17.0
8224,27.0
8240,18.0
8256,13.0
8288,11.0
8288,50.0
8320,19.0
8336,12.0
8352,38.0
8368,16.0
8416,15.0
8464,17.0
8480,24.0
8480,16.0
8544,18.0
8560,17.0
8576,21.0
8592,15.0
8624,21.0
8624,58.0
8672,50.0
8672,82.0
8752,17.0
8752,12.0
8752,26.0
8768,14.0
8784,19.0
8832,32.0
8832,10.0
8848,17.0
8880,41.0
8880,29.0
8928,35.0
8944,12.0
8960,18.0
8976,24.0
9008,14.0
9040,18.0
9072,28.0
9072,14.0
9088,16.0
9104,30.0
9120,12.0
9136,10.0
9136,42.0
9168,26.0
9248,15.0
9328,13.0
9344,17.0
9344,19.0
9344,13.0
9376,34.0
9376,19.0
9392,18.0
9408,33.0
9440,35.0
9440,30.0
9456,23.0
9472,44.0
9552,24.0
9552,13.0
9616,15.0
9616,17.0
9632,12.0
9680,21.0
9696,35.0
9712,29.0
9728,49.0
9728,16.0
9760,20.0
9776,28.0
9792,15.0
9824,13.0
9856,25.0
9872,29.0
9888,12.0
9888,13.0
9936,9.0
9952,20.0
9952,12.0
9968,37.0
9984,37.0
10000,17.0
10016,25.0
10048,21.0
10048,10.0
10064,21.0
10144,37.0
10208,21.0
10224,28.0
10224,11.0
10256,19.0
10256,17.0
10256,12.0
10272,21.0
10288,27.0
10304,26.0
10304,10.0
10352,25.0
10400,25.0
10448,11.0
10448,12.0
10464,13.0
10480,29.0
10496,33.0
10528,19.0
10528,30.0
10560,21.0
10560,16.0
10560,22.0
10656,22.0
10688,18.0
10704,28.0
10736,18.0
10752,58.0
10752,17.0
10752,12.0
10752,12.0
10816,20.0
10832,30.0
10864,36.0
10896,23.0
10896,21.0
10928,29.0
10928,11.0
10960,13.0
11040,22.0
11088,12.0
11104,17.0
11104,28.0
11120,42.0
11120,12.0
11136,27.0
11136,11.0
11168,17.0
11184,23.0
11232,30.0
11264,32.0
11280,11.0
11296,11.0
11328,9.0
11328,10.0
11344,51.0
11360,17.0
11376,32.0
11376,28.0
11392,41.0
11424,18.0
11472,21.0
11504,15.0
11520,25.0
11536,10.0
11536,19.0
11584,15.0
11616,14.0
11648,23.0
11664,23.0
11664,39.0
11696,21.0
11728,13.0
11760,41.0
11776,15.0
11792,23.0
11840,9.0
11872,34.0
11872,25.0
11936,13.0
11968,37.0
11968,40.0
11984,20.0
12016,15.0
12032,17.0
12048,25.0
12080,36.0
12096,16.0
12096,32.0
12128,21.0
12208,34.0
12208,12.0
12224,22.0
12256,17.0
12320,22.0
12352,30.0
12352,16.0
12352,51.0
12480,17.0
12496,11.0
12496,15.0
12528,11.0
12528,25.0
12576,40.0
12576,22.0
12592,39.0
12592,31.0
12592,15.0
12608,35.0
12640,27.0
12672,37.0
12688,10.0
12688,41.0
12736,16.0
12752,14.0
12752,25.0
12784,12.0
12816,20.0
12832,21.0
12848,15.0
12864,12.0
12864,78.0
12880,19.0
12880,18.0
12896,19.0
12960,17.0
12976,14.0
13040,29.0
13056,23.0
13056,20.0
13072,14.0
13072,13.0
13088,14.0
13104,20.0
13120,18.0
13136,24.0
13168,33.0
13184,19.0
13200,19.0
13216,15.0
13232,26.0
13232,17.0
13248,12.0
13296,26.0
13296,16.0
13312,15.0
13328,14.0
13328,10.0
13424,12.0
13424,13.0
13472,24.0
13472,15.0
13504,13.0
13504,12.0
13520,17.0
13568,27.0
13632,35.0
13648,37.0
13664,15.0
13712,37.0
13728,14.0
13744,28.0
13776,22.0
13776,17.0
13776,28.0
13824,16.0
13824,19.0
13904,27.0
13920,37.0
13936,18.0
13952,30.0
13968,49.0
13984,49.0
14032,19.0
14032,13.0
14048,17.0
14048,19.0
14048,17.0
14080,28.0
14128,19.0
14144,10.0
14160,28.0
14192,16.0
14240,29.0
14256,14.0
14256,22.0
14256,18.0
14272,38.0
14288,13.0
14304,10.0
14336,24.0
14336,18.0
14352,14.0
14416,23.0
14416,16.0
14448,10.0
14448,12.0
14464,13.0
14464,13.0
14464,12.0
14528,14.0
14528,31.0
14544,39.0
14560,32.0
14560,20.0
14608,12.0
14704,15.0
14720,24.0
14768,14.0
14768,19.0
14800,17.0
14848,18.0
14848,25.0
14864,21.0
14864,19.0
14928,20.0
14944,37.0
14976,33.0
14976,32.0
14976,49.0
14976,11.0
15040,17.0
15072,19.0
15104,16.0
15136,18.0
15152,28.0
15168,12.0
15184,15.0
15200,30.0
15200,17.0
15232,23.0
15248,57.0
15280,19.0
15280,11.0
15376,21.0
15376,25.0
15392,12.0
15408,62.0
15440,18.0
15440,29.0
15472,19.0
15488,16.0
15504,16.0
15504,40.0
15536,22.0
15568,10.0
15584,19.0
15600,25.0
15600,13.0
15600,33.0
15616,11.0
15664,24.0
15680,12.0
15696,16.0
15744,10.0
15760,24.0
15776,15.0
15792,12.0
15808,19.0
15840,15.0
15872,23.0
15888,8.0
15920,22.0
15952,13.0
15968,19.0
16016,20.0
16016,26.0
16032,16.0
16032,26.0
16112,27.0
16112,12.0
16128,15.0
16128,10.0
16176,21.0
16192,24.0
16208,21.0
16240,69.0
16256,29.0
16272,15.0
16336,20.0
16352,25.0
16368,12.0
16384,17.0
16384,63.0
16400,10.0
16400,13.0
16416,59.0
16432,11.0
16464,21.0
16464,27.0
16480,29.0
16512,10.0
16544,17.0
16560,12.0
16624,31.0
16624,15.0
16672,13.0
16688,16.0
16688,36.0
16720,20.0
16720,13.0
16720,21.0
16816,16.0
16832,13.0
16848,24.0
16848,27.0
16928,15.0
16944,46.0
16944,29.0
16960,39.0
16976,9.0
16992,20.0
17008,24.0
17008,38.0
17024,13.0
17056,13.0
17056,21.0
17120,10.0
17120,17.0
17120,27.0
17136,8.0
17152,13.0
17200,13.0
17264,15.0
17296,20.0
17344,18.0
17360,22.0
17376,41.0
17376,16.0
17424,31.0
17424,30.0
17472,17.0
17504,13.0
17536,24.0
17584,10.0
17584,54.0
17600,14.0
17600,30.0
17616,67.0
17632,16.0
17664,12.0
17744,24.0
17776,17.0
17792,46.0
17808,24.0
17824,44.0
17824,15.0
17840,19.0
17840,36.0
17872,17.0
17888,16.0
17888,19.0
17904,35.0
17920,19.0
17936,50.0
17984,13.0
18000,25.0
18032,14.0
18064,17.0
18080,15.0
18128,18.0
18144,16.0
18144,20.0
18144,10.0
18160,15.0
18208,13.0
18224,22.0
18240,22.0
18272,33.0
18288,24.0
18320,12.0
18320,18.0
18336,16.0
18368,14.0
18416,17.0
18448,32.0
18480,17.0
18512,22.0
18544,14.0
18560,14.0
18560,20.0
18576,47.0
18592,19.0
18608,12.0
18672,22.0
18720,28.0
18720,36.0
18720,15.0
18752,43.0
18768,16.0
18832,29.0
18832,17.0
18848,17.0
18848,18.0
18880,10.0
18912,9.0
18912,29.0
18944,22.0
18976,82.0
18976,47.0
19008,16.0
19024,11.0
19056,11.0
19088,11.0
19120,18.0
19136,10.0
19152,19.0
19184,15.0
19216,24.0
19248,15.0
19264,11.0
19296,47.0
19312,21.0
19376,14.0
19392,30.0
19424,44.0
19440,24.0
19472,11.0
19488,17.0
19520,31.0
19536,25.0
19536,14.0
19552,52.0
19568,11.0
19584,29.0
19584,61.0
19632,12.0
19648,24.0
19728,22.0
19744,12.0
19760,14.0
19760,14.0
19760,68.0
19760,21.0
19776,13.0
19776,18.0
19808,10.0
19824,22.0
19872,22.0
19904,45.0
19904,9.0
19920,42.0
19920,21.0
19936,10.0
19936,19.0
20000,26.0
20064,10.0
20128,20.0
20144,24.0
20144,25.0
20192,17.0
20192,18.0
20224,29.0
20256,20.0
20288,32.0
20304,23.0
20304,24.0
20320,12.0
20352,37.0
20368,31.0
20400,42.0
20448,12.0
20464,17.0
20480,12.0
20512,13.0
20528,24.0
20544,25.0
20544,15.0
20560,31.0
20608,49.0
20640,15.0
20672,22.0
20736,24.0
20752,14.0
20768,36.0
20768,16.0
20784,14.0
20784,15.0
20816,22.0
20832,10.0
20928,20.0
20944,11.0
20960,11.0
20992,34.0
21024,16.0
21088,45.0
21104,69.0
21104,11.0
21152,12.0
21184,34.0
21232,63.0
21264,17.0
21264,10.0
21264,49.0
21280,31.0
21312,36.0
21360,26.0
21376,12.0
21392,35.0
21408,16.0
21424,42.0
21424,12.0
21440,10.0
21456,40.0
21552,15.0
21552,12.0
21552,29.0
21568,19.0
21600,21.0
21616,22.0
21616,15.0
21616,67.0
21664,16.0
21680,16.0
21680,18.0
21696,9.0
21696,42.0
21712,38.0
21728,11.0
21792,15.0
21856,25.0
21856,11.0
21872,10.0
21904,14.0
21904,18.0
21904,21.0
21904,19.0
21936,15.0
21936,15.0
21984,12.0
22016,25.0
22048,20.0
22064,13.0
22112,28.0
22128,12.0
22144,18.0
22160,11.0
22176,17.0
22176,46.0
22176,35.0
22208,10.0
22208,17.0
22256,24.0
22256,22.0
22272,10.0
22288,24.0
22320,16.0
22352,58.0
22352,11.0
22368,12.0
22384,23.0
22416,16.0
22432,19.0
22464,11.0
22528,11.0
22560,13.0
22560,12.0
22560,15.0
22624,12.0
22624,23.0
22624,28.0
22640,11.0
22656,28.0
22704,18.0
22752,34.0
22768,54.0
22800,15.0
22832,17.0
22864,30.0
22864,15.0
22864,21.0
22880,38.0
22880,46.0
22928,18.0
22944,43.0
22992,27.0
23008,19.0
23056,12.0
23056,19.0
23072,13.0
23088,29.0
23120,31.0
23136,19.0
23216,28.0
23216,21.0
23328,20.0
23328,12.0
23344,29.0
23360,9.0
23376,24.0
23392,29.0
23392,28.0
23424,23.0
23440,36.0
23456,21.0
23488,10.0
23504,10.0
23584,10.0
23584,32.0
23584,33.0
23600,50.0
23664,63.0
23696,23.0
23712,13.0
23744,19.0
23744,10.0
23776,18.0
23776,35.0
23776,43.0
23824,27.0
23824,28.0
23856,17.0
23872,32.0
23904,32.0
23920,9.0
23952,18.0
23952,13.0
23984,13.0
24048,37.0
24064,20.0
24064,18.0
24096,17.0
24128,17.0
24144,14.0
24144,12.0
24160,18.0
24176,17.0
24176,12.0
24224,25.0
24304,13.0
24304,10.0
24336,17.0
24336,24.0
24352,48.0
24352,47.0
24384,15.0
24416,12.0
24416,16.0
24432,16.0
24464,18.0
24480,48.0
24512,10.0
24544,15.0
24544,30.0
24576,14.0
24576,15.0
24592,13.0
24592,16.0
24624,13.0
24640,13.0
24656,15.0
24672,39.0
24688,35.0
24784,17.0
24800,21.0
24800,11.0
24832,11.0
24864,20.0
24928,21.0
24928,22.0
24960,30.0
24960,20.0
25008,82.0
25008,44.0
25104,11.0
25136,11.0
25168,39.0
25168,21.0
25184,25.0
25216,13.0
25216,18.0
25232,23.0
25232,40.0
25264,43.0
25344,21.0
25360,11.0
25360,42.0
25360,35.0
25360,25.0
25376,9.0
25408,11.0
25488,14.0
25504,18.0
25520,26.0
25520,53.0
25536,11.0
25552,24.0
25552,12.0
25568,12.0
25600,15.0
25648,18.0
25664,11.0
25664,31.0
25712,36.0
25792,16.0
25824,20.0
25840,39.0
25872,13.0
25936,18.0
25952,18.0
25984,36.0
26016,76.0
26016,31.0
26048,31.0
26080,30.0
26128,21.0
26128,36.0
26144,27.0
26160,14.0
26192,23.0
26208,54.0
26240,14.0
26240,18.0
26240,45.0
26288,28.0
26352,13.0
26352,12.0
26368,31.0
26368,24.0
26400,17.0
26416,11.0
26416,18.0
26448,13.0
26480,27.0
26528,10.0
26544,61.0
26576,21.0
26640,15.0
26640,39.0
26656,18.0
26656,19.0
26688,30.0
26704,32.0
26736,20.0
26736,20.0
26752,42.0
26848,25.0
26864,21.0
26896,16.0
26896,10.0
26928,15.0
26960,42.0
26960,26.0
26976,25.0
26976,14.0
27008,41.0
27008,22.0
27056,13.0
27088,12.0
27200,34.0
27200,17.0
27216,46.0
27248,15.0
27264,16.0
27280,36.0
27280,12.0
27280,20.0
27424,14.0
27424,13.0
27456,11.0
27488,18.0
27488,15.0
27504,40.0
27568,58.0
27616,55.0
27632,22.0
27664,15.0
27664,11.0
27680,44.0
27712,41.0
27728,29.0
27888,17.0
27904,15.0
27968,63.0
27984,33.0
28000,32.0
28000,36.0
28032,66.0
28064,22.0
28080,11.0
28144,30.0
28144,36.0
28160,27.0
28176,18.0
28192,32.0
28208,14.0
28224,37.0
28272,12.0
28320,89.0
28320,51.0
28320,8.0
28352,13.0
28368,21.0
28384,11.0
28384,20.0
28416,16.0
28432,72.0
28432,27.0
28528,13.0
28528,35.0
28560,26.0
28576,36.0
28592,17.0
28624,12.0
28640,16.0
28688,16.0
28688,17.0
28752,23.0
28768,8.0
28784,27.0
28784,12.0
28848,10.0
28864,31.0
28880,16.0
28944,42.0
28944,23.0
28960,46.0
29008,30.0
29024,44.0
29040,12.0
29120,16.0
29136,12.0
29136,28.0
29136,22.0
29152,12.0
29200,12.0
29232,22.0
29232,44.0
29264,31.0
29296,10.0
29328,72.0
29344,13.0
29344,14.0
29360,20.0
29408,39.0
29424,42.0
29488,58.0
29488,10.0
29488,9.0
29504,22.0
29504,17.0
29504,17.0
29504,19.0
29520,14.0
29648,14.0
29664,11.0
29696,11.0
29696,22.0
29712,36.0
29728,44.0
29728,20.0
29728,15.0
29744,24.0
29808,34.0
29840,56.0
29856,22.0
29856,22.0
29872,10.0
29872,13.0
29872,24.0
29968,17.0
29984,16.0
30000,17.0
30016,17.0
30080,24.0
30096,15.0
30096,37.0
30112,19.0
30112,17.0
30128,39.0
30144,17.0
30176,28.0
30176,10.0
30224,36.0
30256,11.0
30272,17.0
30336,29.0
30336,23.0
30368,17.0
30368,15.0
30448,19.0
30448,36.0
30464,23.0
30464,18.0
30480,39.0
30528,22.0
30592,16.0
30608,24.0
30624,11.0
30624,22.0
30640,17.0
30672,26.0
30800,21.0
30800,21.0
30848,46.0
30880,27.0
30912,34.0
30912,18.0
30944,21.0
30960,61.0
31008,23.0
31008,21.0
31056,36.0
31088,47.0
31104,10.0
31136,11.0
31152,15.0
31184,37.0
31216,13.0
31216,13.0
31296,26.0
31312,32.0
31328,26.0
31360,16.0
31440,83.0
31504,12.0
31520,14.0
31520,19.0
31536,24.0
31536,43.0
31552,14.0
31600,15.0
31616,33.0
31632,52.0
31648,13.0
31648,37.0
31664,10.0
31728,69.0
31792,36.0
31792,15.0
31808,17.0
31808,80.0
31856,16.0
31888,44.0
31920,17.0
31968,28.0
31968,15.0
31984,12.0
31984,11.0
32048,16.0
32064,28.0
32080,27.0
32080,34.0
32144,10.0
32160,12.0
32192,13.0
32240,45.0
32240,10.0
32272,22.0
32320,11.0
32368,35.0
32384,20.0
32384,31.0
32416,80.0
32416,16.0
32432,24.0
32480,32.0
32528,54.0
32544,29.0
32544,10.0
32544,19.0
32560,12.0
32560,44.0
32560,18.0
32608,18.0
32624,62.0
32688,19.0
32720,15.0
32736,31.0
32736,20.0
32736,12.0
32864,11.0
32880,43.0
32912,22.0
32928,24.0
32960,14.0
32976,22.0
33072,41.0
33120,32.0
33120,37.0
33152,45.0
33200,41.0
33232,23.0
33296,11.0
33344,49.0
33376,19.0
33408,42.0
33440,44.0
33472,22.0
33472,32.0
33504,22.0
33520,37.0
33552,40.0
33568,43.0
33632,12.0
33696,14.0
33712,19.0
33712,12.0
33728,31.0
33744,11.0
33760,75.0
33776,17.0
33808,68.0
33808,32.0
33968,10.0
34000,41.0
34016,40.0
34016,24.0
34032,20.0
34048,21.0
34096,18.0
34112,57.0
34128,10.0
34144,25.0
34144,28.0
34208,10.0
34224,13.0
34288,46.0
34320,37.0
34336,21.0
34368,87.0
34384,10.0
34384,39.0
34448,19.0
34512,12.0
34576,28.0
34624,53.0
34656,35.0
34672,41.0
34688,34.0
34688,41.0
34736,39.0
34736,79.0
34736,14.0
34768,35.0
34848,10.0
34848,25.0
34896,32.0
34912,14.0
34960,24.0
34976,38.0
35184,56.0
35184,32.0
35200,29.0
35232,24.0
35248,22.0
35264,33.0
35280,56.0
35328,23.0
35344,45.0
35408,31.0
35424,68.0
35440,16.0
35488,52.0
35488,10.0
35488,14.0
35488,45.0
35504,17.0
35520,21.0
35632,24.0
35648,19.0
35696,11.0
35728,15.0
35776,58.0
35824,21.0
35840,54.0
35920,74.0
35920,45.0
35936,28.0
36032,16.0
36048,22.0
36048,26.0
36048,14.0
36096,28.0
36160,41.0
36176,48.0
36224,11.0
36224,18.0
36240,60.0
36240,20.0
36256,52.0
36272,15.0
36384,34.0
36496,66.0
36528,38.0
36544,17.0
36608,70.0
36608,24.0
36672,26.0
36720,42.0
36768,34.0
36832,10.0
36864,48.0
36880,24.0
36912,42.0
36912,19.0
36928,10.0
36944,14.0
36976,58.0
37008,25.0
37024,31.0
37056,42.0
37072,84.0
37104,10.0
37136,19.0
37168,39.0
37216,65.0
37360,14.0
37392,24.0
37408,22.0
37440,36.0
37472,82.0
37488,36.0
37488,26.0
37552,82.0
37600,39.0
37616,43.0
37712,52.0
37728,39.0
37792,48.0
37792,27.0
37888,31.0
37888,10.0
37904,62.0
37936,29.0
37968,50.0
38000,28.0
38080,54.0
38112,14.0
38128,32.0
38144,22.0
38160,12.0
38208,26.0
38208,45.0
38208,48.0
38272,49.0
38288,36.0
38320,12.0
38336,25.0
38352,47.0
38464,16.0
38496,14.0
38528,23.0
38528,13.0
38544,27.0
38576,18.0
38608,25.0
38656,78.0
38736,46.0
38768,54.0
38768,39.0
38800,16.0
38848,31.0
38912,24.0
38944,54.0
38960,24.0
39008,17.0
39024,33.0
39056,18.0
39088,35.0
39088,15.0
39104,21.0
39120,77.0
39280,20.0
39280,14.0
39296,68.0
39376,45.0
39408,31.0
39440,22.0
39456,70.0
39504,35.0
39552,17.0
39552,28.0
39552,17.0
39616,51.0
39696,43.0
39696,68.0
39696,16.0
39712,10.0
39744,45.0
39776,23.0
39792,31.0
39872,88.0
39888,21.0
39904,13.0
39920,23.0
39936,35.0
39968,55.0
39984,18.0
40000,19.0
40032,20.0
40048,27.0
40080,13.0
40096,22.0
40096,20.0
40160,44.0
40208,68.0
40224,21.0
40240,10.0
40272,18.0
40352,22.0
40384,18.0
40384,9.0
40400,38.0
40416,28.0
40416,31.0
40432,21.0
40448,59.0
40496,14.0
40496,18.0
40576,11.0
40608,10.0
40640,44.0
40640,37.0
40672,48.0
40736,36.0
40768,17.0
40784,13.0
40784,27.0
40784,35.0
40784,11.0
40816,25.0
40912,11.0
40928,10.0
40944,32.0
40960,36.0
41008,32.0
41072,16.0
41088,66.0
41088,44.0
41168,24.0
41248,10.0
41248,52.0
41264,39.0
41280,31.0
41328,26.0
41344,25.0
41392,20.0
41504,36.0
41536,9.0
41552,29.0
41568,58.0
41584,16.0
41616,52.0
41648,24.0
41680,21.0
41728,12.0
41760,32.0
41776,10.0
41824,72.0
41840,18.0
41856,36.0
41872,68.0
41920,9.0
42000,31.0
42000,47.0
42048,14.0
42112,72.0
42160,27.0
42160,37.0
42176,11.0
42208,35.0
42224,22.0
42224,40.0
42256,21.0
42288,70.0
42304,12.0
42352,32.0
42448,90.0
42480,11.0
42528,30.0
42752,62.0
42768,68.0
42832,34.0
42944,49.0
42960,46.0
43008,30.0
43024,73.0
43024,34.0
43072,67.0
43104,41.0
43120,23.0
43168,10.0
43184,22.0
43184,64.0
43184,26.0
43248,64.0
43312,71.0
43344,20.0
43392,65.0
43424,15.0
43456,27.0
43456,78.0
43472,19.0
43600,16.0
43616,41.0
43616,42.0
43648,29.0
43664,15.0
43680,89.0
43728,41.0
43776,41.0
43808,39.0
43840,28.0
43856,47.0
43904,28.0
43920,15.0
44000,25.0
44048,15.0
44096,39.0
44128,42.0
44240,58.0
44240,29.0
44304,41.0
44336,45.0
44336,42.0
44448,45.0
44544,44.0
44544,15.0
44560,27.0
44576,30.0
44592,43.0
44608,17.0
44624,36.0
44624,44.0
44720,30.0
44720,69.0
44720,11.0
44736,31.0
44752,26.0
44848,62.0
44912,104.0
44944,59.0
44976,25.0
45072,39.0
45088,22.0
45104,24.0
45120,31.0
45136,32.0
45168,12.0
45168,14.0
45264,26.0
45344,11.0
45408,19.0
45472,45.0
45504,49.0
45552,40.0
45552,52.0
45584,65.0
45648,68.0
45664,67.0
45696,68.0
45696,9.0
45792,41.0
45808,14.0
45824,46.0
45840,42.0
45904,52.0
45904,31.0
46000,41.0
46080,33.0
46128,30.0
46144,21.0
46176,30.0
46208,59.0
46256,35.0
46272,50.0
46304,29.0
46352,43.0
46384,19.0
46384,35.0
46400,31.0
46416,81.0
46448,34.0
46480,19.0
46576,10.0
46592,68.0
46672,20.0
46736,33.0
46784,30.0
46784,24.0
46912,49.0
46960,30.0
47024,27.0
47024,36.0
47072,67.0
47136,47.0
47136,54.0
47152,56.0
47184,65.0
47200,51.0
47200,26.0
47264,15.0
47312,95.0
47344,12.0
47376,44.0
47408,31.0
47632,66.0
47632,56.0
47728,34.0
47728,44.0
47792,28.0
47824,39.0
47824,43.0
47968,35.0
47984,57.0
48000,43.0
48016,55.0
48048,79.0
48064,54.0
48080,16.0
48128,47.0
48160,33.0
48160,27.0
48224,31.0
48240,38.0
48272,30.0
48352,21.0
48528,29.0
48576,14.0
48624,29.0
48656,52.0
48656,31.0
48720,91.0
48720,31.0
48736,46.0
48736,111.0
48752,48.0
48784,16.0
48816,48.0
48864,46.0
48880,50.0
48896,11.0
48960,62.0
49056,30.0
49104,14.0
49168,27.0
49200,60.0
49296,12.0
49328,44.0
49328,32.0
49344,67.0
49408,13.0
49424,35.0
49472,43.0
49552,51.0
49584,52.0
49600,40.0
49616,56.0
49648,62.0
49760,54.0
49808,40.0
49840,16.0
49856,13.0
49920,37.0
49968,57.0
50016,37.0
50016,43.0
50128,49.0
50160,54.0
50256,49.0
50256,53.0
50288,42.0
50336,105.0
50336,49.0
50368,48.0
50496,43.0
50592,21.0
50592,52.0
50592,36.0
50608,48.0
50672,41.0
50672,44.0
50704,49.0
50784,18.0
50816,35.0
50848,30.0
50864,17.0
50896,65.0
50928,21.0
50992,44.0
50992,18.0
51008,12.0
51072,57.0
51088,31.0
51104,27.0
51104,11.0
51168,35.0
51232,24.0
51296,32.0
51344,15.0
51360,31.0
51376,65.0
51392,25.0
51504,38.0
51600,37.0
51600,58.0
51632,40.0
51728,100.0
51840,34.0
51856,49.0
51872,44.0
51952,53.0
51968,39.0
51968,37.0
52032,59.0
52048,28.0
52064,29.0
52160,41.0
52160,58.0
52208,23.0
52256,14.0
52272,57.0
52416,35.0
52432,131.0
52464,32.0
52528,56.0
52560,37.0
52560,43.0
52640,37.0
52672,38.0
52688,14.0
52736,33.0
52768,65.0
52800,52.0
52816,34.0
52848,37.0
52960,14.0
52960,33.0
52992,27.0
53008,23.0
53024,21.0
53136,109.0
53168,23.0
53296,21.0
53296,71.0
53328,50.0
53328,48.0
53392,77.0
53408,62.0
53440,28.0
53504,34.0
53728,27.0
53776,48.0
53824,63.0
53872,27.0
53888,65.0
53936,27.0
53952,80.0
53968,59.0
54000,54.0
54048,20.0
54048,47.0
54080,82.0
54096,48.0
54128,45.0
54160,10.0
54176,25.0
54192,16.0
54208,55.0
54272,69.0
54352,30.0
54368,17.0
54400,13.0
54416,64.0
54656,31.0
54672,39.0
54720,37.0
54736,53.0
54736,20.0
54768,50.0
54800,25.0
54832,39.0
54944,62.0
54960,71.0
54960,12.0
54960,55.0
54992,51.0
55008,22.0
55040,62.0
55104,9.0
55168,50.0
55200,30.0
55344,22.0
55392,41.0
55408,28.0
55488,51.0
55504,35.0
55568,38.0
55632,52.0
55680,88.0
55728,35.0
55760,41.0
55760,47.0
55808,38.0
55888,30.0
55904,67.0
55968,101.0
55968,36.0
56000,23.0
56032,29.0
56288,59.0
56288,33.0
56432,39.0
56448,30.0
56464,49.0
56528,31.0
56544,113.0
56576,96.0
56576,42.0
56624,71.0
56656,43.0
56704,51.0
56784,49.0
56896,38.0
56928,22.0
57024,46.0
57088,39.0
57088,41.0
57120,14.0
57136,35.0
57152,89.0
57184,40.0
57184,16.0
57200,106.0
57216,35.0
57216,32.0
57280,47.0
57360,17.0
57456,63.0
57504,26.0
57536,111.0
57568,26.0
57648,29.0
57664,40.0
57712,22.0
57792,63.0
57856,18.0
57872,78.0
57904,43.0
58016,51.0
58032,56.0
58096,51.0
58096,35.0
58096,61.0
58144,58.0
58256,47.0
58352,73.0
58368,21.0
58400,34.0
58544,33.0
58624,30.0
58704,57.0
58928,42.0
58944,67.0
58944,20.0
58944,65.0
58960,54.0
58960,81.0
58976,55.0
58992,96.0
59040,83.0
59200,97.0
59200,31.0
59248,19.0
59312,60.0
59408,63.0
59408,82.0
59440,67.0
59456,57.0
59552,37.0
59584,40.0
59600,12.0
59616,42.0
59632,42.0
59664,29.0
59680,15.0
60016,26.0
60048,70.0
60064,68.0
60240,41.0
60256,50.0
60448,52.0
60480,51.0
60496,78.0
60560,78.0
60576,33.0
60656,61.0
60656,26.0
60672,105.0
60720,41.0
60768,32.0
60816,50.0
60848,113.0
60848,12.0
60864,104.0
60896,15.0
60944,14.0
61168,42.0
61184,18.0
61344,56.0
61392,57.0
61408,111.0
61488,58.0
61504,41.0
61616,47.0
61744,73.0
61792,64.0
61824,151.0
61856,57.0
61856,65.0
61968,151.0
62016,33.0
62032,54.0
62144,50.0
62144,81.0
62240,66.0
62256,27.0
62272,30.0
62336,12.0
62384,61.0
62480,46.0
62576,20.0
62592,120.0
62768,57.0
62944,68.0
62976,99.0
62992,93.0
63072,50.0
63104,67.0
63120,72.0
63120,34.0
63168,72.0
63216,39.0
63280,50.0
63312,106.0
63344,22.0
63376,17.0
63440,20.0
63456,70.0
63456,30.0
63600,91.0
63696,91.0
63728,84.0
63792,28.0
63968,33.0
64016,56.0
64032,79.0
64048,46.0
64080,50.0
64192,64.0
64208,47.0
64224,31.0
64320,59.0
64448,16.0
64480,49.0
64480,43.0
64560,30.0
64592,103.0
64672,41.0
64720,43.0
64752,105.0
64752,17.0
64848,55.0
64928,107.0
64928,30.0
64944,22.0
65056,46.0
65216,46.0
65216,63.0
65280,77.0
65280,45.0
65296,39.0
65424,36.0
65488,46.0
65552,83.0
65584,52.0
65616,56.0
65760,135.0
65968,34.0
65968,43.0
66000,67.0
66032,69.0
66032,34.0
66112,66.0
66240,60.0
66272,61.0
66432,186.0
66432,51.0
66480,30.0
66480,15.0
66528,59.0
66656,39.0
66688,92.0
66848,51.0
66960,53.0
66960,75.0
66960,62.0
67216,16.0
67232,47.0
67376,59.0
67376,114.0
67440,92.0
67440,60.0
67472,65.0
67552,163.0
67552,146.0
67600,57.0
67680,72.0
67728,32.0
67776,25.0
67936,24.0
68000,35.0
68064,39.0
68160,24.0
68208,33.0
68224,86.0
68336,129.0
68336,38.0
68352,87.0
68384,57.0
68464,77.0
68512,116.0
68560,22.0
68784,77.0
68784,45.0
68960,125.0
69120,56.0
69120,49.0
69136,47.0
69152,40.0
69376,86.0
69424,79.0
69440,94.0
69456,21.0
69520,35.0
69552,62.0
69568,137.0
69568,77.0
69696,57.0
69808,84.0
70064,31.0
70080,81.0
70096,61.0
70128,158.0
70128,111.0
70208,32.0
70240,11.0
70288,57.0
70304,49.0
70368,76.0
70640,27.0
70656,33.0
70672,36.0
70736,23.0
70816,63.0
70832,34.0
70864,82.0
70896,48.0
70912,93.0
71024,118.0
71120,28.0
71216,103.0
71248,63.0
71296,115.0
71424,49.0
71504,53.0
71520,44.0
71536,44.0
71600,36.0
71712,50.0
71872,152.0
71888,72.0
71920,42.0
71936,116.0
71952,68.0
72048,47.0
72064,40.0
72272,35.0
72272,123.0
72336,76.0
72416,23.0
72464,98.0
72624,88.0
72640,71.0
72688,46.0
72704,27.0
72752,43.0
72864,25.0
72912,62.0
72992,18.0
72992,91.0
73024,43.0
73040,39.0
73056,70.0
73232,84.0
73248,61.0
73248,31.0
73424,35.0
73440,28.0
73488,101.0
73584,129.0
73664,38.0
73680,48.0
73744,19.0
73744,47.0
73776,47.0
73808,74.0
73824,139.0
74000,60.0
74128,56.0
74128,90.0
74400,72.0
74528,118.0
74592,69.0
74624,75.0
74768,11.0
74784,63.0
74800,66.0
74928,78.0
74928,105.0
74944,70.0
75024,80.0
75168,65.0
75376,78.0
75376,98.0
75552,11.0
75584,99.0
75600,126.0
75664,55.0
75680,126.0
75712,43.0
75760,77.0
75792,87.0
76000,66.0
76080,91.0
76224,66.0
76352,89.0
76352,99.0
76400,46.0
76400,53.0
76464,68.0
76544,60.0
76672,109.0
76784,64.0
76784,67.0
76976,86.0
77072,45.0
77088,143.0
77152,50.0
77248,98.0
77376,72.0
77424,60.0
77424,84.0
77472,31.0
77552,110.0
77712,58.0
77776,43.0
77920,95.0
78016,77.0
78032,85.0
78144,109.0
78272,56.0
78320,145.0
78432,118.0
78576,89.0
78592,95.0
78640,73.0
78688,57.0
78688,48.0
78800,13.0
78832,70.0
78928,94.0
78976,60.0
79008,99.0
79056,64.0
79056,113.0
79104,42.0
79104,97.0
79200,58.0
79248,12.0
79440,40.0
79456,48.0
79680,96.0
79808,70.0
79968,62.0
80048,88.0
80080,61.0
80144,56.0
80240,77.0
80288,52.0
80288,123.0
80304,108.0
80352,72.0
80384,91.0
80400,84.0
80512,14.0
80544,29.0
80576,92.0
80656,114.0
80880,33.0
80944,34.0
81104,89.0
81168,85.0
81168,55.0
81200,72.0
81488,128.0
81520,20.0
81632,29.0
81680,81.0
81760,95.0
81840,79.0
81968,125.0
81968,54.0
82016,71.0
82080,121.0
82144,115.0
82352,115.0
82512,64.0
82528,63.0
82560,126.0
82640,35.0
82672,94.0
82688,53.0
82992,146.0
83008,65.0
83072,133.0
83440,110.0
83488,61.0
83504,59.0
83616,59.0
83632,62.0
83632,117.0
83696,39.0
83728,99.0
83760,77.0
83792,90.0
83936,120.0
83952,59.0
84032,65.0
84240,38.0
84304,54.0
84592,185.0
84608,62.0
84624,166.0
84704,75.0
84880,74.0
84880,70.0
84912,42.0
85168,76.0
85296,24.0
85312,114.0
85328,87.0
85360,83.0
85440,107.0
85632,64.0
85712,120.0
85856,61.0
85856,139.0
85856,198.0
85888,79.0
86176,92.0
86272,87.0
86480,65.0
86640,92.0
86672,82.0
86672,51.0
86960,30.0
86992,104.0
87056,109.0
87056,84.0
87088,77.0
87296,187.0
87392,175.0
87408,111.0
87408,95.0
87456,135.0
87552,106.0
87744,41.0
87792,95.0
88000,44.0
88192,46.0
88464,17.0
88560,94.0
88656,41.0
88656,124.0
88752,75.0
88768,113.0
88800,66.0
88832,111.0
88928,10.0
89008,100.0
89024,178.0
89200,158.0
89216,35.0
89520,132.0
89600,163.0
89664,69.0
89712,145.0
89840,15.0
89840,86.0
89936,71.0
89968,47.0
89984,77.0
90016,63.0
90112,145.0
90208,86.0
90256,26.0
90288,102.0
90320,81.0
90368,233.0
90432,11.0
90576,86.0
90768,47.0
90832,56.0
90928,125.0
91072,77.0
91104,99.0
91216,49.0
91264,80.0
91408,36.0
91568,80.0
91888,70.0
92000,49.0
92064,50.0
92064,116.0
92096,152.0
92176,78.0
92304,121.0
92336,77.0
92336,110.0
92416,169.0
92464,156.0
92592,155.0
92640,98.0
92672,42.0
92752,43.0
92960,165.0
93072,46.0
93200,35.0
93296,118.0
93408,77.0
93440,97.0
93440,84.0
93952,85.0
94096,105.0
94096,84.0
94576,71.0
94592,120.0
94608,88.0
94640,84.0
94784,170.0
94784,155.0
95072,61.0
95088,220.0
95344,87.0
95360,36.0
95376,123.0
95472,127.0
95504,198.0
95520,191.0
95680,170.0
95728,166.0
95952,82.0
95952,116.0
96176,50.0
96208,54.0
96304,76.0
96320,23.0
96384,112.0
96512,119.0
96976,101.0
97088,88.0
97120,100.0
97120,73.0
97136,160.0
97248,136.0
97248,65.0
97296,112.0
97552,86.0
97840,83.0
98160,211.0
98432,133.0
98464,57.0
98496,85.0
98560,82.0
98672,97.0
98704,145.0
98816,209.0
98864,196.0
99120,134.0
99184,179.0
99328,140.0
99488,103.0
99520,44.0
99552,144.0
99584,89.0
99648,68.0
99744,82.0
99776,166.0
99792,81.0
99840,159.0
100064,87.0
100272,72.0
100352,103.0
100656,83.0
100736,142.0
100768,119.0
100896,86.0
100912,85.0
100928,74.0
101184,125.0
101248,88.0
101664,130.0
101712,120.0
101728,86.0
101808,135.0
102112,128.0
102112,74.0
102160,89.0
102160,167.0
102352,106.0
102512,140.0
102512,79.0
102528,102.0
102672,181.0
102832,120.0
103008,140.0
103296,98.0
103296,71.0
103424,110.0
103552,87.0
103632,120.0
104000,92.0
104128,52.0
104224,97.0
104304,137.0
104352,125.0
104384,86.0
104528,106.0
104560,16.0
104640,40.0
104816,188.0
104864,230.0
104976,154.0
105056,110.0
105168,166.0
105488,121.0
105488,71.0
105584,135.0
105632,88.0
105824,232.0
105856,139.0
106224,115.0
106304,93.0
106304,111.0
106352,81.0
106384,56.0
106752,79.0
106896,173.0
106976,146.0
107088,79.0
107136,123.0
107200,139.0
107376,176.0
107424,33.0
107488,116.0
107744,135.0
107808,122.0
108032,198.0
108064,107.0
108064,58.0
108160,116.0
108416,137.0
108480,131.0
108848,49.0
108960,110.0
109216,133.0
109568,176.0
109616,71.0
109664,120.0
109728,214.0
109744,105.0
109744,99.0
110064,141.0
110448,44.0
110576,193.0
110720,117.0
110736,207.0
110832,175.0
110848,242.0
110848,152.0
110880,104.0
110928,79.0
110976,225.0
111616,97.0
111728,56.0
111760,126.0
112096,73.0
112144,199.0
112560,107.0
112560,99.0
112752,127.0
112848,125.0
112928,128.0
112928,75.0
112944,208.0
113056,155.0
113584,196.0
113632,117.0
113776,263.0
113872,58.0
114032,121.0
114048,70.0
114416,98.0
114656,157.0
114784,198.0
114880,259.0
115120,93.0
115120,148.0
115664,101.0
115680,119.0
115872,143.0
115904,186.0
115936,129.0
116016,216.0
116096,190.0
116192,404.0
116304,74.0
116480,153.0
116672,257.0
116672,112.0
117232,85.0
117264,155.0
117328,64.0
117392,108.0
117392,142.0
117440,89.0
117632,90.0
117728,112.0
117792,196.0
118064,99.0
118128,91.0
118272,148.0
118400,170.0
118464,67.0
118496,114.0
118848,95.0
118960,179.0
119248,126.0
119312,306.0
119488,116.0
119600,75.0
119776,124.0
119968,158.0
120160,131.0
120192,59.0
120592,69.0
120624,202.0
120752,164.0
120896,81.0
120960,231.0
121248,174.0
121424,154.0
121552,191.0
121952,112.0
122032,235.0
122128,121.0
122208,280.0
122672,181.0
122688,112.0
122784,77.0
122816,87.0
123024,111.0
123168,200.0
123280,158.0
123440,178.0
123552,183.0
123648,106.0
123680,273.0
124128,330.0
124176,134.0
124352,96.0
124368,106.0
124624,100.0
124816,73.0
124912,247.0
124960,95.0
125040,54.0
125104,89.0
125168,118.0
125216,54.0
125232,69.0
125360,20.0
125472,209.0
125520,123.0
125568,174.0
125808,53.0
126176,97.0
126208,220.0
126336,258.0
126512,100.0
126576,85.0
126640,92.0
126816,91.0
126976,163.0
127056,122.0
127184,61.0
127232,151.0
127568,110.0
127744,73.0
128192,164.0
128304,123.0
128592,111.0
128800,101.0
128816,206.0
128896,229.0
129120,184.0
129248,137.0
129472,156.0
129488,251.0
129568,400.0
129696,94.0
129728,201.0
129968,45.0
129984,172.0
130288,124.0
130288,228.0
130480,182.0
130752,121.0
130864,195.0
130896,144.0
130912,89.0
131008,132.0
131120,125.0
131328,158.0
131632,84.0
131728,135.0
131808,66.0
132272,159.0
132512,190.0
132736,101.0
132896,98.0
132976,129.0
133088,175.0
133104,140.0
133632,197.0
133936,247.0
134176,205.0
134336,169.0
134336,77.0
134528,285.0
134576,305.0
134832,145.0
134848,76.0
134864,162.0
134864,196.0
134960,139.0
135104,133.0
135376,273.0
135680,174.0
135872,174.0
136192,68.0
136240,104.0
136448,290.0
136816,122.0
136960,133.0
137232,181.0
137552,136.0
137632,194.0
137792,216.0
137840,187.0
137888,103.0
137920,92.0
138176,156.0
138272,130.0
138272,65.0
138288,92.0
138320,259.0
138736,29.0
138848,186.0
139264,61.0
139360,150.0
139376,69.0
139504,348.0
139712,303.0
139808,136.0
140128,161.0
140144,141.0
140544,113.0
140672,147.0
140784,95.0
140864,192.0
140992,53.0
141008,103.0
141312,196.0
141376,125.0
141472,227.0
141488,223.0
141728,139.0
142192,29.0
142240,86.0
142272,56.0
142448,225.0
142720,108.0
142768,165.0
142784,192.0
142896,193.0
142960,500.0
143312,115.0
143440,181.0
143488,176.0
143824,66.0
143872,105.0
143952,105.0
144272,93.0
144320,89.0
144528,234.0
144704,87.0
144736,78.0
144816,161.0
144816,208.0
144976,248.0
145264,247.0
145856,181.0
146000,222.0
146112,143.0
146272,91.0
146384,129.0
146400,133.0
146928,150.0
147008,223.0
147056,271.0
147264,158.0
147344,77.0
147456,67.0
147504,140.0
147520,159.0
147776,244.0
147968,251.0
148000,206.0
148288,85.0
148384,223.0
148384,158.0
148432,89.0
148480,71.0
148672,150.0
148704,144.0
149328,142.0
149552,79.0
149664,80.0
149792,237.0
149872,163.0
149936,91.0
150048,84.0
150512,187.0
150656,139.0
151088,96.0
151360,212.0
151520,103.0
151824,118.0
152032,169.0
152080,286.0
152480,123.0
152512,296.0
152640,186.0
152816,301.0
152832,190.0
152960,117.0
153280,202.0
153392,313.0
153456,86.0
153568,382.0
153632,72.0
153696,26.0
153824,322.0
153872,157.0
154048,77.0
154448,164.0
154576,74.0
154784,134.0
155280,235.0
155408,181.0
155488,216.0
155584,308.0
155680,178.0
155712,172.0
155888,145.0
155920,139.0
156544,170.0
157152,98.0
157360,207.0
157376,234.0
157456,111.0
157664,149.0
157792,201.0
157936,280.0
157952,140.0
158080,167.0
158160,140.0
158208,235.0
158416,16.0
158432,118.0
159056,105.0
159216,63.0
159232,90.0
159552,355.0
159808,166.0
160064,330.0
160752,175.0
161072,324.0
161184,173.0
161280,128.0
161440,219.0
161488,142.0
161792,210.0
161872,276.0
162144,67.0
162320,291.0
162560,67.0
162608,328.0
163008,470.0
163392,67.0
163776,248.0
163824,192.0
163968,307.0
163968,244.0
164272,193.0
164352,300.0
164368,193.0
164800,140.0
164960,220.0
165392,174.0
165664,142.0
165776,249.0
165952,99.0
165952,238.0
166000,127.0
166080,500.0
166176,150.0
166224,141.0
166464,165.0
166496,218.0
166704,119.0
166816,154.0
167680,76.0
167712,102.0
167856,154.0
168096,134.0
168256,110.0
168448,142.0
168720,119.0
168752,128.0
168864,193.0
169536,221.0
169536,329.0
169824,67.0
169872,245.0
169872,500.0
170160,144.0
170544,349.0
170592,117.0
170656,160.0
170784,158.0
170832,323.0
171120,18.0
171136,168.0
171744,117.0
171760,253.0
172368,177.0
172432,388.0
172544,188.0
172800,165.0
172928,31.0
172944,195.0
172992,195.0
173200,130.0
173296,165.0
173664,374.0
173696,194.0
174064,205.0
174384,345.0
174480,246.0
174528,124.0
174944,199.0
175152,93.0
175328,79.0
175408,190.0
175744,176.0
175744,153.0
175840,178.0
175904,298.0
175920,261.0
176112,198.0
176288,162.0
176704,219.0
176704,37.0
177392,179.0
177568,193.0
178512,199.0
178528,163.0
178704,206.0
178768,226.0
179712,298.0
179968,230.0
179984,449.0
180096,357.0
180320,226.0
180336,287.0
180480,107.0
180768,254.0
180880,218.0
180880,147.0
181056,322.0
181168,225.0
181472,358.0
181520,96.0
181696,366.0
182240,110.0
182496,101.0
182816,194.0
182944,118.0
183152,124.0
183728,326.0
184032,254.0
184256,246.0
184448,223.0
184528,86.0
185280,64.0
185360,159.0
185392,231.0
185680,436.0
185904,91.0
186112,361.0
186176,291.0
186272,10.0
186720,264.0
186800,333.0
186880,246.0
186944,386.0
186992,204.0
187168,308.0
187232,115.0
187264,171.0
187344,129.0
187568,87.0
187664,144.0
187792,50.0
188096,500.0
188224,159.0
188624,119.0
188704,90.0
188976,309.0
189072,115.0
189104,177.0
189120,97.0
189280,155.0
189520,136.0
189664,235.0
189904,113.0
190336,198.0
190560,146.0
190624,120.0
190736,237.0
191232,132.0
191408,226.0
191568,293.0
191760,256.0
191904,205.0
192112,196.0
192464,119.0
192768,152.0
192976,244.0
193152,203.0
193248,115.0
193408,136.0
193504,249.0
193552,124.0
193728,254.0
194288,313.0
194352,328.0
194528,86.0
194656,252.0
195360,181.0
195376,123.0
195680,72.0
195760,138.0
195808,231.0
195904,150.0
196016,266.0
196400,354.0
197104,211.0
197264,251.0
197328,272.0
197696,308.0
197840,155.0
197984,380.0
198000,131.0
198192,176.0
198480,262.0
198672,270.0
198944,268.0
199040,202.0
199088,208.0
199344,229.0
199856,104.0
199856,240.0
199936,163.0
200016,172.0
200400,206.0
200880,190.0
201072,124.0
201120,153.0
201328,209.0
201760,205.0
201888,93.0
202016,192.0
202080,190.0
202192,362.0
202272,151.0
203120,204.0
203216,146.0
203232,327.0
203312,140.0
203312,137.0
203664,119.0
203776,380.0
203984,290.0
204384,156.0
204624,206.0
204720,158.0
204816,65.0
204912,181.0
205424,343.0
205680,354.0
206000,126.0
206032,175.0
206176,97.0
206352,267.0
206384,257.0
206528,207.0
206672,110.0
206768,216.0
206768,122.0
207040,245.0
207072,103.0
207744,98.0
208064,127.0
208080,130.0
208480,301.0
208976,354.0
209424,234.0
209472,318.0
209680,310.0
210160,218.0
210192,214.0
210496,214.0
210880,175.0
211440,126.0
211504,215.0
211616,121.0
211952,186.0
211968,325.0
211984,69.0
212064,224.0
212096,357.0
212448,63.0
212640,71.0
212912,151.0
212976,414.0
213104,379.0
213904,461.0
214480,270.0
214512,117.0
214784,198.0
214864,445.0
214960,298.0
215056,185.0
215216,202.0
215344,212.0
215536,223.0
215872,185.0
216096,252.0
216864,48.0
217152,121.0
217216,257.0
217472,500.0
217616,166.0
217824,173.0
218048,136.0
218064,205.0
218272,273.0
218352,242.0
218352,369.0
218512,346.0
218896,210.0
219040,231.0
219200,43.0
219232,73.0
220144,352.0
220288,126.0
220816,372.0
221232,213.0
221232,127.0
221344,262.0
221472,288.0
221680,208.0
221776,180.0
221824,236.0
222192,286.0
222576,209.0
222736,231.0
222912,356.0
223120,186.0
223680,333.0
223792,395.0
224016,159.0
224432,163.0
225280,312.0
226128,246.0
226224,152.0
226304,289.0
226752,371.0
226800,174.0
226864,352.0
226896,354.0
227200,289.0
227216,367.0
227472,356.0
227648,283.0
227728,301.0
227936,219.0
228448,357.0
229008,169.0
229232,247.0
229312,193.0
229312,352.0
229328,154.0
229680,138.0
229696,184.0
230016,176.0
230032,176.0
230224,208.0
230320,167.0
230864,53.0
230944,259.0
231248,320.0
232000,168.0
232384,191.0
232736,300.0
233024,232.0
233152,183.0
233488,266.0
233808,184.0
233808,113.0
234512,302.0
234720,357.0
234736,218.0
234880,285.0
235136,262.0
235232,109.0
235328,144.0
235536,149.0
235728,500.0
235920,467.0
236784,103.0
236880,449.0
237184,167.0
237392,13.0
237504,320.0
237648,183.0
237664,241.0
238032,500.0
239168,111.0
239408,158.0
239632,275.0
239632,124.0
240048,149.0
240176,134.0
240224,343.0
240352,342.0
240544,190.0
240560,302.0
240736,500.0
241200,127.0
241632,381.0
241776,498.0
241776,366.0
242048,329.0
242160,132.0
242960,208.0
243008,225.0
243312,196.0
243328,500.0
243648,117.0
243840,263.0
243952,213.0
244176,133.0
244832,280.0
244864,229.0
244976,209.0
245024,203.0
245376,129.0
245856,119.0
246048,193.0
246080,366.0
246112,336.0
246496,371.0
246832,239.0
247120,131.0
247216,223.0
247552,337.0
247600,214.0
247728,105.0
247856,283.0
248336,281.0
249568,294.0
249776,229.0
249872,306.0
250416,168.0
250432,316.0
250512,291.0
250752,370.0
252080,310.0
252384,253.0
252704,319.0
253296,340.0
253360,429.0
253760,262.0
254080,500.0
254240,463.0
254352,280.0
254496,295.0
254912,481.0
255184,69.0
255344,204.0
255552,500.0
255920,338.0
256464,255.0
256496,125.0
257088,233.0
257632,450.0
257680,245.0
257840,218.0
257920,289.0
258048,196.0
258416,500.0
258464,264.0
258752,500.0
259200,171.0
259312,413.0
259392,144.0
259600,230.0
259920,286.0
260320,98.0
260512,154.0
261456,310.0
261888,143.0
262368,449.0
262784,452.0
263104,339.0
263376,261.0
263488,223.0
263840,370.0
263888,378.0
264752,335.0
264992,138.0
265408,220.0
265584,138.0
265632,500.0
265712,163.0
266368,307.0
266400,499.0
266464,500.0
267024,482.0
267296,436.0
267440,222.0
267456,248.0
268064,472.0
268560,223.0
268848,313.0
269104,272.0
269216,137.0
269712,141.0
269712,255.0
269904,471.0
270656,309.0
270816,100.0
270992,338.0
271344,371.0
271696,266.0
272000,352.0
272368,107.0
272528,214.0
272560,381.0
272688,289.0
272720,86.0
272768,179.0
273120,364.0
273136,214.0
273584,173.0
273632,165.0
273856,466.0
274192,94.0
274400,347.0
274576,138.0
274576,304.0
275328,208.0
275616,124.0
275648,157.0
275856,125.0
275952,462.0
276016,152.0
276096,221.0
276896,156.0
276944,328.0
277024,153.0
277232,119.0
277680,104.0
278288,232.0
278496,373.0
278624,344.0
278640,174.0
278672,170.0
278688,91.0
279360,154.0
279600,249.0
279840,353.0
280720,500.0
280768,500.0
281408,332.0
282272,328.0
282816,259.0
282832,271.0
282848,263.0
283184,224.0
283648,500.0
283792,382.0
284368,313.0
284944,500.0
285104,141.0
286288,500.0
286368,480.0
286624,500.0
286752,432.0
286784,336.0
286832,285.0
287488,291.0
288048,230.0
288448,291.0
288464,330.0
288720,500.0
288768,500.0
289328,115.0
290816,500.0
291136,274.0
291296,387.0
291648,500.0
292000,247.0
292128,334.0
292352,379.0
292592,259.0
292944,500.0
293200,411.0
294256,493.0
294832,500.0
295072,394.0
295360,415.0
296464,500.0
296608,213.0
296944,476.0
297008,172.0
297184,368.0
297296,309.0
297408,279.0
297968,365.0
298528,35.0
298816,500.0
299040,230.0
299136,500.0
299648,500.0
300000,500.0
300192,335.0
300496,252.0
300592,500.0
300608,130.0
301232,77.0
303072,500.0
303456,276.0
303680,421.0
303920,414.0
304176,224.0
304608,500.0
304800,487.0
304880,44.0
305152,396.0
305184,500.0
305408,500.0
305488,331.0
305696,378.0
306576,219.0
306592,335.0
307136,500.0
307392,124.0
307472,237.0
308496,226.0
308496,500.0
308496,493.0
309024,152.0
309984,324.0
310176,169.0
310480,331.0
310592,251.0
310672,221.0
310960,469.0
311536,476.0
311888,455.0
311968,124.0
312000,428.0
312528,321.0
313296,164.0
313488,500.0
313696,500.0
315104,413.0
315232,267.0
316496,500.0
316496,500.0
316592,287.0
316672,259.0
316800,414.0
316944,28.0
317024,500.0
317104,414.0
317440,342.0
318256,420.0
318448,322.0
318592,500.0
319056,239.0
319072,128.0
319072,142.0
319152,155.0
319888,500.0
320560,442.0
320672,255.0
320880,449.0
321008,223.0
321040,72.0
321552,288.0
321616,159.0
321888,424.0
322240,228.0
322416,96.0
322448,206.0
322656,275.0
322736,268.0
323344,428.0
323472,275.0
323536,156.0
324272,232.0
325104,500.0
325600,287.0
325600,253.0
325760,189.0
325920,149.0
326448,250.0
326624,473.0
327456,116.0
327808,85.0
328000,382.0
328016,335.0
328192,361.0
328224,472.0
328624,330.0
329504,454.0
329616,500.0
330192,420.0
330848,328.0
331136,195.0
331584,310.0
331968,236.0
332272,500.0
332752,437.0
332976,311.0
333104,500.0
333264,315.0
333920,500.0
334240,351.0
334304,406.0
334592,311.0
334752,456.0
335344,192.0
337104,391.0
337504,500.0
337952,303.0
338192,500.0
338496,359.0
339056,122.0
339136,500.0
339184,305.0
339520,409.0
339584,500.0
339808,368.0
339968,500.0
340832,146.0
340976,120.0
341264,500.0
341504,385.0
341632,215.0
341856,444.0
342048,130.0
342240,500.0
342304,300.0
342592,500.0
343472,229.0
344784,247.0
344928,229.0
345264,235.0
345952,500.0
347136,500.0
347184,500.0
347520,500.0
347552,344.0
347552,143.0
347584,500.0
347984,282.0
348128,209.0
348144,347.0
348976,500.0
349072,451.0
349632,500.0
350032,487.0
350304,500.0
350448,345.0
350528,149.0
351856,174.0
352480,308.0
352512,336.0
353552,106.0
353952,500.0
354080,406.0
354176,416.0
354224,236.0
354336,252.0
354352,270.0
355184,500.0
355520,123.0
355552,500.0
355984,500.0
356128,500.0
356304,139.0
356592,38.0
356864,84.0
356976,500.0
357536,124.0
357632,500.0
357776,239.0
358528,500.0
359136,177.0
359808,341.0
359920,356.0
360480,500.0
360512,500.0
361360,177.0
361616,249.0
362176,500.0
362304,59.0
362336,500.0
363072,346.0
363184,500.0
363200,170.0
364128,500.0
364272,463.0
364592,500.0
364608,427.0
364720,194.0
364976,500.0
364992,112.0
365344,39.0
365424,203.0
365456,30.0
365728,159.0
365760,372.0
365888,110.0
366416,209.0
367008,78.0
367040,152.0
367136,500.0
367728,82.0
367872,348.0
367920,500.0
368048,65.0
368512,500.0
369280,134.0
369984,312.0
370176,302.0
370336,500.0
370368,290.0
370416,312.0
370432,385.0
370592,130.0
370640,182.0
370704,328.0
371104,326.0
371392,272.0
372032,101.0
372400,63.0
372560,293.0
372592,500.0
372608,285.0
373376,142.0
373408,186.0
373712,233.0
373888,206.0
373936,223.0
374832,432.0
375232,177.0
375728,318.0
375840,238.0
376224,226.0
376256,229.0
376528,397.0
376544,198.0
376768,34.0
377152,287.0
377200,207.0
377216,496.0
377328,437.0
377664,88.0
378640,61.0
378704,500.0
379024,156.0
379328,132.0
379760,66.0
379872,371.0
380240,231.0
380640,207.0
380656,364.0
380704,222.0
380880,257.0
381024,476.0
381712,500.0
381744,69.0
382720,437.0
382816,351.0
382864,477.0
383120,237.0
383280,164.0
383424,199.0
383840,500.0
383904,49.0
384208,87.0
384352,208.0
384448,223.0
384944,202.0
385232,342.0
385456,162.0
386144,214.0
386640,500.0
386688,479.0
386992,223.0
387264,176.0
387280,411.0
387856,499.0
388016,296.0
388320,211.0
388688,434.0
389312,310.0
389440,153.0
389840,197.0
390000,284.0
390032,173.0
390144,371.0
390416,407.0
390688,213.0
391664,314.0
391760,67.0
391840,500.0
391856,240.0
392672,63.0
392752,254.0
392832,311.0
392880,421.0
393136,194.0
393232,500.0
393376,316.0
394608,178.0
394864,304.0
395856,251.0
395888,378.0
396032,200.0
396432,437.0
396464,202.0
396544,198.0
396560,230.0
397120,436.0
397312,500.0
397456,294.0
397808,372.0
398032,57.0
398416,500.0
399168,164.0
399520,185.0
400064,325.0
400336,51.0
400672,500.0
401008,492.0
401072,404.0
401584,320.0
401696,363.0
401744,368.0
402336,283.0
402608,17.0
403072,360.0
403344,261.0
403360,369.0
403760,214.0
403952,470.0
404032,500.0
404064,155.0
404768,135.0
405040,273.0
405728,295.0
405792,358.0
405952,266.0
406032,500.0
406416,500.0
406768,188.0
408208,321.0
408208,136.0
408240,263.0
408752,185.0
408896,302.0
409072,500.0
409680,358.0
409744,500.0
409808,255.0
410752,462.0
410832,130.0
410960,313.0
411136,381.0
411344,500.0
412016,238.0
412768,500.0
413808,112.0
414336,383.0
414416,500.0
414576,344.0
414688,313.0
414768,500.0
414864,18.0
415184,434.0
415248,244.0
415616,304.0
415632,54.0
415968,442.0
416240,217.0
416576,423.0
416880,126.0
417200,39.0
417312,473.0
417552,144.0
418000,149.0
418176,121.0
418208,189.0
418832,500.0
418960,500.0
419136,500.0
419424,117.0
419504,221.0
419552,167.0
420016,333.0
421024,413.0
421040,338.0
421248,190.0
421248,109.0
421376,85.0
421392,212.0
421712,461.0
421808,500.0
422608,99.0
422896,116.0
423280,278.0
423680,284.0
424080,50.0
424512,457.0
424848,216.0
424912,194.0
425024,228.0
425312,500.0
425488,408.0
425632,466.0
425952,408.0
426032,270.0
426064,301.0
426688,41.0
426992,134.0
427040,468.0
427200,136.0
427264,199.0
427600,312.0
429184,124.0
429248,500.0
429536,244.0
429680,262.0
429904,287.0
429968,244.0
430224,332.0
430496,374.0
430896,500.0
431344,272.0
431680,500.0
432192,143.0
432592,347.0
433952,500.0
434080,284.0
434288,418.0
434288,270.0
434688,500.0
434768,469.0
434880,37.0
435104,51.0
435360,304.0
435392,388.0
435952,235.0
435984,269.0
436224,409.0
436704,405.0
436896,478.0
437312,138.0
437840,155.0
438272,355.0
438432,234.0
438544,478.0
438608,164.0
438624,202.0
438704,155.0
438976,306.0
439344,500.0
439392,289.0
439520,138.0
439968,376.0
440256,103.0
440576,127.0
440576,144.0
440768,12.0
440944,157.0
441072,69.0
441088,203.0
441104,150.0
441536,37.0
442112,162.0
442160,341.0
442272,183.0
442512,410.0
442848,372.0
442880,500.0
443328,246.0
444144,127.0
444176,325.0
444256,131.0
444352,256.0
444560,189.0
444656,243.0
444704,258.0
444848,234.0
444880,148.0
445104,405.0
445360,267.0
445728,180.0
445984,307.0
446128,80.0
446256,100.0
446848,220.0
446880,111.0
447504,175.0
447776,214.0
447936,211.0
448432,153.0
448880,86.0
449168,314.0
449536,238.0
449792,126.0
450272,500.0
450880,500.0
451440,285.0
451488,335.0
451760,162.0
451824,143.0
452096,495.0
452208,428.0
452256,338.0
452256,500.0
452464,388.0
452752,492.0
452912,165.0
453024,318.0
453488,288.0
453696,49.0
453696,244.0
455008,258.0
455264,175.0
455376,164.0
456432,500.0
456512,293.0
456592,181.0
457120,314.0
457216,313.0
457392,244.0
458128,415.0
458288,377.0
458704,313.0
458816,106.0
458960,450.0
459104,61.0
459264,390.0
459440,500.0
459792,200.0
460032,76.0
460256,500.0
460976,357.0
461392,85.0
461472,138.0
461632,183.0
461712,281.0
461840,404.0
462272,207.0
463008,500.0
463184,306.0
463184,138.0
463264,239.0
463696,116.0
464080,168.0
464160,478.0
464304,492.0
464368,286.0
464400,331.0
464448,441.0
465280,142.0
465552,245.0
466048,147.0
466064,363.0
466128,184.0
466496,264.0
466512,203.0
467088,174.0
467136,191.0
467344,199.0
467536,93.0
467776,379.0
467840,111.0
468144,234.0
468192,66.0
468256,243.0
468736,140.0
468912,150.0
468912,279.0
468960,468.0
469136,241.0
469328,200.0
469952,106.0
470112,433.0
470240,128.0
470288,134.0
470368,301.0
470480,98.0
470544,216.0
470576,202.0
470624,174.0
471104,134.0
471440,144.0
471920,199.0
472032,93.0
472048,196.0
472320,148.0
472336,139.0
472560,70.0
473568,103.0
473648,159.0
473680,200.0
473728,210.0
473968,290.0
474064,393.0
474384,259.0
474528,156.0
474704,46.0
475248,310.0
475536,500.0
475648,59.0
475984,91.0
476656,183.0
476800,389.0
476992,109.0
477104,28.0
477248,107.0
477808,342.0
478000,272.0
478016,127.0
478128,348.0
478352,78.0
478624,500.0
478672,319.0
478736,272.0
479760,380.0
480048,500.0
480112,207.0
480320,500.0
480336,293.0
480640,157.0
480800,153.0
481568,222.0
481584,287.0
482064,500.0
482352,126.0
482480,327.0
482528,151.0
482640,162.0
482832,157.0
483248,153.0
483248,328.0
483616,127.0
484336,68.0
484480,103.0
484496,364.0
484720,69.0
485040,150.0
485152,224.0
485808,234.0
485808,500.0
486080,222.0
486256,351.0
486512,252.0
486624,500.0
486704,272.0
486736,500.0
486976,73.0
487280,64.0
487392,259.0
487424,57.0
487552,157.0
487760,500.0
487888,113.0
487984,204.0
488016,87.0
488080,234.0
488224,234.0
488560,50.0
488592,73.0
488896,94.0
488976,198.0
488976,239.0
488992,61.0
489056,130.0
489264,80.0
489728,94.0
490464,93.0
490720,133.0
491232,209.0
491488,437.0
491536,216.0
491744,13.0
491744,262.0
491776,317.0
491952,13.0
492592,252.0
492624,368.0
492656,137.0
492688,75.0
492800,345.0
493328,277.0
493568,269.0
493760,126.0
494304,158.0
494368,332.0
494384,99.0
494576,118.0
494768,134.0
494880,97.0
494944,372.0
495216,390.0
495968,211.0
495984,139.0
496176,12.0
496176,341.0
496192,310.0
496208,115.0
496416,235.0
496704,121.0
496768,137.0
497088,24.0
497152,173.0
497200,141.0
497216,125.0
497248,331.0
497648,495.0
497968,55.0
498064,117.0
498416,140.0
498448,305.0
498672,156.0
498704,16.0
498800,245.0
498960,137.0
499072,194.0
499184,32.0
499248,131.0
499440,139.0
499728,155.0
499728,110.0
499760,84.0
499904,218.0
500144,44.0
500224,95.0
500272,82.0
500352,259.0
500512,153.0
500576,22.0
500640,215.0
500768,404.0
500832,69.0
500880,102.0
500960,135.0
501152,219.0
501264,19.0
501456,108.0
501632,80.0
501760,125.0
502128,93.0
502208,121.0
502208,129.0
502576,106.0
502784,232.0
503072,82.0
503328,106.0
503392,74.0
503760,156.0
503824,106.0
503984,300.0
504240,217.0
504304,197.0
504992,104.0
505152,231.0
505312,158.0
505552,353.0
505936,159.0
506000,106.0
506064,347.0
506464,165.0
506704,258.0
506976,114.0
507072,390.0
507120,133.0
507152,309.0
507392,426.0
507408,228.0
507504,137.0
507568,126.0
507600,226.0
507856,112.0
508176,319.0
508176,92.0
508480,83.0
508768,85.0
508880,86.0
508928,293.0
508944,155.0
509216,140.0
509504,219.0
509664,93.0
509712,236.0
509824,59.0
510480,107.0
510960,210.0
511200,170.0
511312,100.0
511520,275.0
511616,264.0
511632,285.0
511664,115.0
511792,246.0
511824,13.0
511984,276.0
512032,97.0
512032,158.0
512144,248.0
512144,200.0
512176,41.0
512976,72.0
513248,224.0
513472,93.0
513632,115.0
513648,126.0
513648,153.0
513728,97.0
514176,134.0
514272,133.0
514288,335.0
514448,144.0
514640,230.0
514816,73.0
515024,97.0
515088,91.0
515456,259.0
515488,65.0
515760,174.0
515888,100.0
515968,59.0
516624,96.0
516816,125.0
517184,322.0
517216,500.0
517456,205.0
517584,207.0
517680,277.0
517744,141.0
518288,285.0
518576,122.0
518592,111.0
518816,178.0
519152,344.0
519168,122.0
519264,289.0
519312,214.0
519440,141.0
519472,126.0
519664,500.0
519808,133.0
520096,113.0
520240,280.0
520352,68.0
520912,78.0
520976,135.0
521088,80.0
521120,122.0
521456,21.0
521616,136.0
521696,390.0
521984,67.0
522096,174.0
522416,240.0
522576,146.0
522864,212.0
523248,256.0
523264,80.0
523312,106.0
523536,130.0
523616,314.0
523648,167.0
523744,228.0
523808,170.0
523968,389.0
524464,173.0
524576,135.0
524704,87.0
525216,165.0
525504,110.0
525536,215.0
525584,500.0
525600,129.0
525632,73.0
525840,161.0
525968,351.0
526128,145.0
526160,35.0
526480,179.0
526688,215.0
526992,209.0
527120,27.0
527840,204.0
527920,112.0
528032,117.0
528208,265.0
528336,195.0
528384,29.0
528608,93.0
528624,187.0
528656,20.0
528864,205.0
528992,218.0
529232,204.0
529536,250.0
529728,243.0
530032,89.0
530176,82.0
530416,161.0
530544,97.0
530784,172.0
530848,384.0
530864,500.0
530944,247.0
530992,36.0
531008,175.0
531104,67.0
531200,295.0
531408,189.0
531936,207.0
532160,152.0
532256,225.0
532336,92.0
532736,219.0
533136,185.0
533328,174.0
533344,121.0
533552,13.0
533760,64.0
533856,172.0
534096,194.0
534112,116.0
534304,134.0
534400,129.0
534880,242.0
535104,266.0
535152,126.0
535296,256.0
535680,86.0
535728,299.0
536208,83.0
536400,351.0
536608,138.0
536688,210.0
536704,184.0
536992,180.0
537120,189.0
537360,219.0
537408,132.0
537408,492.0
537424,242.0
538176,153.0
538192,75.0
538240,115.0
538256,53.0
538288,397.0
539024,176.0
539104,151.0
539200,162.0
539264,61.0
539344,229.0
539856,104.0
539968,204.0
540032,58.0
540096,309.0
540304,133.0
540624,345.0
540656,150.0
540928,238.0
541008,224.0
541296,243.0
541520,76.0
541760,104.0
541760,112.0
541760,220.0
541792,153.0
541824,279.0
541888,55.0
542256,139.0
542496,202.0
542544,101.0
542640,126.0
542720,231.0
542864,138.0
542944,74.0
543248,91.0
543600,275.0
544016,95.0
544144,118.0
544336,176.0
544656,181.0
544896,141.0
544896,225.0
545056,325.0
545840,181.0
545968,255.0
546384,229.0
546416,242.0
546864,113.0
546944,163.0
547088,137.0
547232,338.0
547280,345.0
547440,100.0
547552,293.0
547712,231.0
548096,200.0
548160,58.0
548576,163.0
548592,55.0
548896,353.0
548944,49.0
549024,135.0
549200,69.0
549280,137.0
549888,153.0
549936,187.0
550336,247.0
550592,98.0
550688,47.0
550720,379.0
550992,107.0
550992,112.0
551104,76.0
551232,166.0
551360,309.0
551360,255.0
551600,500.0
551600,63.0
551856,95.0
551904,188.0
551936,187.0
551968,211.0
552064,84.0
552144,500.0
552256,294.0
552656,123.0
552752,95.0
552880,118.0
552992,58.0
553184,65.0
553440,153.0
553760,166.0
553776,113.0
553808,117.0
554032,37.0
554032,111.0
554208,144.0
554496,101.0
554624,102.0
554656,206.0
554720,195.0
554800,215.0
555072,36.0
555312,97.0
555312,166.0
555456,89.0
555472,242.0
555696,93.0
555936,172.0
556480,116.0
556560,78.0
556704,181.0
556816,174.0
556992,321.0
557520,179.0
557536,139.0
557648,161.0
557824,84.0
557872,136.0
557920,259.0
557936,125.0
558000,200.0
558080,210.0
558128,82.0
558400,353.0
558416,184.0
558560,43.0
559168,68.0
559232,81.0
559456,250.0
560016,137.0
560176,136.0
560240,230.0
560288,66.0
560528,22.0
560528,133.0
560608,128.0
560672,159.0
560736,145.0
560864,208.0
560912,187.0
560960,27.0
561424,277.0
561584,133.0
561648,309.0
561792,259.0
562064,181.0
562128,44.0
562160,117.0
562768,140.0
562784,114.0
562944,169.0
563216,200.0
563312,104.0
563664,117.0
564336,136.0
564464,233.0
564560,231.0
564672,235.0
564720,122.0
564992,274.0
565072,88.0
565488,159.0
565520,500.0
565664,147.0
565744,260.0
565824,231.0
566048,24.0
566240,189.0
566368,269.0
566384,82.0
566560,139.0
566720,75.0
567024,397.0
567040,76.0
567056,267.0
567088,131.0
567152,37.0
567184,106.0
567552,187.0
567600,196.0
567728,188.0
568000,101.0
568032,59.0
568208,73.0
568224,155.0
568608,63.0
568976,183.0
569232,75.0
569328,83.0
569424,76.0
569440,118.0
569472,194.0
569536,113.0
569616,181.0
569808,321.0
570192,247.0
570320,107.0
570464,140.0
570496,55.0
570560,83.0
570672,106.0
570784,225.0
570800,228.0
570992,98.0
571168,106.0
571168,61.0
571232,46.0
571360,271.0
571440,274.0
571568,140.0
571616,81.0
571872,82.0
571984,136.0
571984,82.0
572032,162.0
572160,86.0
572640,115.0
572720,69.0
572912,65.0
572928,59.0
572928,154.0
573248,79.0
573392,139.0
573536,56.0
573536,86.0
573744,52.0
574000,29.0
574304,142.0
574336,101.0
574336,209.0
574400,198.0
574416,93.0
574480,309.0
574544,72.0
574736,198.0
574768,208.0
575008,130.0
575136,87.0
575232,242.0
575248,32.0
575808,142.0
576112,179.0
576112,132.0
576288,72.0
576384,326.0
576400,129.0
576800,141.0
576816,128.0
576912,152.0
577184,178.0
577312,94.0
577536,39.0
577552,203.0
577584,198.0
578000,118.0
578208,113.0
578544,207.0
578544,85.0
578656,142.0
578688,72.0
578784,167.0
579008,89.0
579040,31.0
579056,141.0
579168,116.0
579232,249.0
579264,304.0
579280,80.0
579312,156.0
579536,62.0
579888,41.0
580016,46.0
580208,97.0
580304,331.0
580368,255.0
580416,69.0
580528,92.0
580704,96.0
580864,136.0
581312,111.0
581456,203.0
581664,111.0
582352,209.0
582400,196.0
582400,127.0
582480,308.0
582544,235.0
582848,87.0
582880,179.0
582976,160.0
582992,105.0
582992,143.0
583040,177.0
583072,37.0
583104,161.0
583200,53.0
583424,160.0
583648,78.0
583904,66.0
583904,64.0
584096,56.0
584352,122.0
585024,210.0
585168,133.0
585552,160.0
585600,106.0
585760,166.0
585840,179.0
585856,19.0
586096,441.0
586384,207.0
586784,196.0
586800,75.0
586816,61.0
586928,119.0
587040,80.0
587152,260.0
587168,234.0
587296,75.0
587616,52.0
587648,459.0
587680,55.0
587680,236.0
587712,49.0
588192,353.0
588912,75.0
588944,133.0
589312,106.0
589552,341.0
589728,242.0
589776,288.0
590048,188.0
590112,73.0
590224,127.0
590240,184.0
590560,32.0
590560,21.0
590784,402.0
590864,280.0
591024,132.0
591040,242.0
591216,254.0
591712,150.0
592256,288.0
592768,187.0
592768,66.0
592976,179.0
593200,165.0
593264,169.0
593440,29.0
593744,169.0
593744,262.0
593808,174.0
593984,11.0
594016,396.0
594096,180.0
594416,72.0
594464,225.0
594512,109.0
594512,67.0
594784,99.0
594816,286.0
594944,326.0
595248,155.0
595312,191.0
595440,291.0
595680,500.0
595808,107.0
596464,49.0
596592,136.0
596640,164.0
596832,87.0
596848,194.0
596880,151.0
597088,144.0
597264,145.0
597280,173.0
597840,62.0
597840,208.0
597840,63.0
597904,79.0
598048,91.0
598096,257.0
598320,30.0
598336,193.0
598512,102.0
598608,134.0
598800,249.0
598880,61.0
599040,27.0
599120,336.0
599136,81.0
599264,216.0
599552,65.0
599712,153.0
599936,101.0
600352,68.0
600464,322.0
600624,43.0
600848,108.0
600912,179.0
600928,177.0
601040,43.0
601264,249.0
601408,106.0
601600,282.0
602032,187.0
602080,184.0
602192,98.0
602256,53.0
602368,252.0
602560,295.0
602592,237.0
602592,232.0
602944,57.0
603040,28.0
603264,104.0
603312,128.0
603536,163.0
604576,257.0
604640,149.0
604848,141.0
604912,335.0
604976,174.0
605040,185.0
605136,137.0
605344,113.0
605360,270.0
605376,132.0
605424,179.0
605824,174.0
606016,169.0
606320,88.0
606432,116.0
606544,106.0
606800,110.0
606832,279.0
606960,100.0
606960,124.0
607072,106.0
607232,162.0
607264,115.0
607552,96.0
607776,51.0
607872,435.0
608000,58.0
608016,47.0
608048,76.0
608288,123.0
608416,162.0
608592,128.0
608624,39.0
608656,106.0
608768,11.0
608848,500.0
608976,75.0
609296,109.0
609424,137.0
609472,66.0
609488,272.0
609744,275.0
609776,186.0
610112,91.0
610400,248.0
610576,122.0
610656,174.0
610752,79.0
610848,89.0
610928,130.0
611040,12.0
611136,64.0
611408,210.0
611472,169.0
611664,228.0
611696,81.0
611712,140.0
611824,22.0
612176,95.0
612208,182.0
612704,63.0
613104,158.0
613344,102.0
613344,316.0
613456,232.0
613456,112.0
613536,235.0
613616,168.0
613744,96.0
613792,43.0
613840,71.0
613888,129.0
614128,211.0
614272,331.0
614592,44.0
614640,81.0
614832,86.0
614896,85.0
615264,193.0
615312,106.0
615408,267.0
615456,101.0
615888,152.0
616304,136.0
616336,308.0
616416,63.0
616416,69.0
616592,203.0
616864,61.0
616976,371.0
617072,101.0
617088,153.0
617184,182.0
617200,213.0
617280,221.0
617376,65.0
617728,41.0
617808,94.0
617904,51.0
617920,189.0
618080,69.0
618112,57.0
618336,120.0
618464,200.0
618592,108.0
618672,48.0
618896,269.0
619104,120.0
619152,117.0
619312,280.0
619312,170.0
619440,129.0
619632,201.0
619808,71.0
619824,93.0
620288,53.0
620464,147.0
620496,84.0
620544,103.0
620608,168.0
620704,181.0
620704,100.0
620816,94.0
621024,107.0
621120,82.0
621280,91.0
621600,220.0
621648,199.0
622080,86.0
622320,116.0
622768,261.0
622864,148.0
622928,145.0
623024,171.0
623216,150.0
623232,344.0
623248,133.0
623328,174.0
623376,66.0
623504,119.0
623712,59.0
623872,178.0
624240,64.0
624352,295.0
624848,84.0
624864,201.0
624960,266.0
624992,232.0
625280,119.0
625312,149.0
625520,113.0
625536,81.0
625600,142.0
625712,227.0
625792,160.0
625968,194.0
626000,172.0
626112,70.0
626288,204.0
626304,152.0
626544,77.0
626960,163.0
627200,146.0
627232,95.0
627344,24.0
627680,87.0
627728,180.0
628208,167.0
628400,175.0
628432,145.0
628448,155.0
628576,206.0
628592,78.0
628816,14.0
628896,28.0
628944,76.0
629104,42.0
629264,185.0
629280,218.0
629520,220.0
629648,194.0
629696,154.0
629744,50.0
629904,169.0
629936,311.0
630480,86.0
630592,43.0
630688,132.0
630752,93.0
630864,154.0
631088,142.0
631232,23.0
631344,196.0
631392,57.0
631536,100.0
631664,57.0
631776,180.0
631904,82.0
632000,57.0
632208,157.0
632224,96.0
632336,176.0
632432,48.0
632528,81.0
632592,307.0
632640,54.0
632720,215.0
632816,14.0
633104,210.0
633104,75.0
633472,79.0
633520,500.0
633520,68.0
633616,142.0
633648,250.0
633680,36.0
633760,148.0
633840,82.0
633952,122.0
633968,102.0
634000,20.0
634032,156.0
634192,86.0
634272,128.0
634304,49.0
634336,101.0
634352,78.0
634400,28.0
634544,58.0
634720,75.0
634848,51.0
634944,144.0
635024,11.0
635168,52.0
635424,122.0
635456,72.0
635552,99.0
635680,93.0
635712,90.0
635776,126.0
635840,137.0
635888,128.0
635888,118.0
635920,86.0
636000,14.0
636176,114.0
636272,83.0
636320,54.0
636336,121.0
636528,53.0
636544,95.0
636624,75.0
636800,11.0
636832,132.0
636992,72.0
637136,99.0
637152,90.0
637200,23.0
637216,59.0
637360,85.0
637520,45.0
637568,103.0
637568,150.0
637712,74.0
637744,116.0
637760,117.0
637760,99.0
637952,88.0
638064,109.0
638144,63.0
638208,117.0
638208,29.0
638224,29.0
638240,68.0
638272,80.0
638320,70.0
638336,39.0
638400,65.0
638528,12.0
638720,60.0
638928,88.0
638992,48.0
639008,54.0
639104,118.0
639104,72.0
639104,54.0
639296,108.0
639328,79.0
639328,63.0
639408,115.0
639424,76.0
639520,82.0
639744,51.0
639904,57.0
639952,105.0
640112,49.0
640336,77.0
640448,108.0
640496,87.0
640528,75.0
640560,71.0
640576,98.0
640656,85.0
640784,55.0
640992,162.0
641104,125.0
641152,75.0
641168,110.0
641168,103.0
641312,98.0
641360,57.0
641440,54.0
641616,94.0
641760,37.0
641760,61.0
641888,46.0
641984,55.0
642000,104.0
642080,40.0
642272,80.0
642272,234.0
642368,117.0
642432,42.0
642432,117.0
642688,86.0
642832,104.0
642976,62.0
643008,36.0
643056,150.0
643136,48.0
643328,123.0
643488,76.0
643520,90.0
643680,53.0
643760,134.0
643760,117.0
643808,113.0
643872,132.0
643920,212.0
644032,110.0
644096,88.0
644144,68.0
644192,74.0
644384,122.0
644512,40.0
644656,71.0
644720,87.0
644720,65.0
644768,60.0
644992,77.0
645040,97.0
645424,41.0
645440,84.0
645552,85.0
645584,67.0
645664,119.0
645680,60.0
645712,98.0
645776,87.0
645936,126.0
645968,78.0
646000,189.0
646016,27.0
646240,138.0
646288,18.0
646544,97.0
646688,78.0
646720,224.0
646800,54.0
646816,50.0
646896,84.0
646912,117.0
646992,83.0
647136,91.0
647216,112.0
647264,93.0
647408,90.0
647536,78.0
647616,185.0
647648,52.0
648016,50.0
648080,68.0
648128,151.0
648304,43.0
648496,85.0
648576,111.0
648640,122.0
648736,10.0
648800,118.0
648800,160.0
648864,145.0
648912,11.0
648960,97.0
648960,59.0
649088,90.0
649104,138.0
649264,11.0
649360,165.0
649488,74.0
649696,56.0
649728,154.0
649744,78.0
650080,159.0
650192,87.0
650336,77.0
650480,98.0
650496,102.0
650512,152.0
650688,13.0
650704,60.0
650768,113.0
650784,44.0
650848,93.0
650896,73.0
651024,15.0
651072,99.0
651072,86.0
651136,27.0
651296,60.0
651664,189.0
651680,73.0
651744,28.0
651872,69.0
651888,54.0
651904,107.0
652160,82.0
652176,253.0
652480,99.0
652496,47.0
652496,202.0
652576,130.0
652592,227.0
652608,120.0
652720,15.0
652944,117.0
652944,67.0
653104,90.0
653216,39.0
653232,97.0
653248,33.0
653264,133.0
653392,145.0
653712,38.0
653728,77.0
653744,71.0
654096,72.0
654416,73.0
654512,126.0
654528,122.0
654544,149.0
654640,171.0
654720,12.0
654880,15.0
654912,189.0
654944,27.0
655168,121.0
655216,94.0
655328,49.0
655424,155.0
655472,141.0
655520,141.0
655520,133.0
655648,58.0
655808,227.0
655840,131.0
655872,22.0
656064,70.0
656080,13.0
656112,106.0
656160,78.0
656160,152.0
656208,132.0
656272,59.0
656528,66.0
656576,106.0
656576,32.0
656624,49.0
656736,58.0
656928,88.0
657056,102.0
657088,63.0
657264,72.0
657264,101.0
657456,81.0
657520,62.0
657680,66.0
657680,95.0
657936,63.0
657968,32.0
658064,112.0
658144,88.0
658208,59.0
658256,75.0
658304,108.0
658432,116.0
658448,205.0
658496,77.0
658624,213.0
658640,70.0
658736,158.0
658912,114.0
658928,78.0
659024,18.0
659120,72.0
659264,60.0
659360,89.0
659376,106.0
659408,72.0
659536,69.0
659680,96.0
659776,80.0
659872,113.0
659888,79.0
659904,79.0
659920,56.0
660176,123.0
660208,53.0
660240,83.0
660352,89.0
660368,120.0
660432,35.0
660480,67.0
660656,18.0
660816,56.0
661120,109.0
661168,102.0
661184,63.0
661232,84.0
661232,123.0
661232,97.0
661328,138.0
661376,71.0
661552,75.0
661632,61.0
661632,29.0
661664,91.0
661680,22.0
661792,85.0
661920,126.0
662016,52.0
662048,77.0
662240,63.0
662288,157.0
662336,69.0
662400,120.0
662560,17.0
662576,75.0
662576,91.0
662608,61.0
662784,69.0
662864,16.0
663008,62.0
663104,33.0
663104,92.0
663104,66.0
663264,100.0
663280,65.0
663376,114.0
663376,51.0
663536,75.0
663584,30.0
663648,78.0
663648,108.0
663680,118.0
663840,12.0
663872,165.0
663904,39.0
664096,12.0
664112,78.0
664192,68.0
664192,22.0
664272,73.0
664288,11.0
664432,73.0
664448,104.0
664480,18.0
664672,12.0
664688,72.0
664720,28.0
664928,66.0
665024,90.0
665104,26.0
665168,162.0
665232,99.0
665248,14.0
665296,75.0
665328,71.0
665344,57.0
665376,17.0
665440,48.0
665456,18.0
665520,157.0
665568,118.0
665744,91.0
665760,65.0
665792,84.0
665840,154.0
665904,36.0
665984,163.0
666016,68.0
666048,47.0
666080,52.0
666288,52.0
666352,61.0
666496,13.0
666608,33.0
666704,60.0
666752,60.0
666752,48.0
666752,53.0
666784,59.0
667008,98.0
667152,102.0
667184,101.0
667216,73.0
667392,24.0
667440,18.0
667472,91.0
667488,46.0
667568,67.0
667632,55.0
667696,68.0
667760,36.0
667952,78.0
668000,78.0
668144,85.0
668160,10.0
668272,40.0
668400,191.0
668496,58.0
668496,204.0
668512,51.0
668512,81.0
668512,172.0
668720,83.0
668736,15.0
668736,149.0
668800,82.0
668912,47.0
668976,11.0
669008,54.0
669072,10.0
669104,44.0
669232,92.0
669312,117.0
669408,56.0
669408,57.0
669408,27.0
669424,12.0
669472,29.0
669488,47.0
669504,48.0
669552,100.0
669616,12.0
669648,21.0
670000,108.0
670000,158.0
670016,38.0
670048,96.0
670256,72.0
670336,43.0
670336,58.0
670352,54.0
670480,54.0
670608,17.0
670624,76.0
670624,38.0
670640,120.0
670688,101.0
670768,141.0
670800,20.0
670816,51.0
670896,17.0
671104,102.0
671152,29.0
671152,56.0
671200,103.0
671328,83.0
671344,115.0
671392,84.0
671664,21.0
671696,84.0
671712,69.0
671792,64.0
671824,58.0
671824,93.0
671984,73.0
672112,82.0
672176,61.0
672224,25.0
672368,76.0
672400,14.0
672416,112.0
672496,44.0
672528,10.0
672544,52.0
672560,56.0
672592,56.0
672704,100.0
673040,21.0
673280,118.0
673280,81.0
673296,48.0
673344,95.0
673504,60.0
673568,151.0
673584,140.0
673664,78.0
673792,81.0
674064,214.0
674064,122.0
674096,117.0
674496,76.0
674736,136.0
674976,55.0
675072,80.0
675104,157.0
675168,173.0
675184,115.0
675232,137.0
675312,113.0
675392,114.0
675488,119.0
675504,33.0
675584,95.0
675696,39.0
675712,61.0
675728,21.0
675808,82.0
675856,43.0
675888,114.0
676032,14.0
676144,26.0
676288,187.0
676320,190.0
676464,175.0
676464,77.0
676512,14.0
676592,68.0
676624,46.0
676656,97.0
676768,46.0
676816,83.0
676896,99.0
676912,75.0
677120,96.0
677168,34.0
677216,127.0
677216,47.0
677392,30.0
677488,73.0
677632,65.0
677696,74.0
677776,102.0
677792,83.0
677968,75.0
678160,144.0
678176,95.0
678352,71.0
678368,97.0
678368,167.0
678368,92.0
678720,94.0
678880,93.0
678896,79.0
678896,75.0
678960,62.0
679024,78.0
679120,125.0
679152,16.0
679248,23.0
679312,59.0
679360,74.0
679520,73.0
679696,21.0
679696,96.0
679712,43.0
679776,143.0
680032,140.0
680048,22.0
680112,37.0
680272,72.0
680416,69.0
680608,140.0
680752,149.0
680784,118.0
680928,105.0
680944,124.0
681136,54.0
681136,24.0
681344,137.0
681680,124.0
681712,125.0
681744,102.0
681808,193.0
681808,54.0
681824,56.0
681856,90.0
681920,134.0
682176,133.0
682336,108.0
682704,62.0
682704,56.0
682720,99.0
682880,96.0
682928,78.0
682928,112.0
683184,376.0
683488,105.0
683584,78.0
683616,177.0
684224,94.0
684480,97.0
684528,84.0
684528,114.0
684704,14.0
684752,183.0
684784,119.0
684800,117.0
684992,86.0
685008,197.0
685152,10.0
685200,216.0
685264,193.0
685488,46.0
685616,133.0
685760,96.0
686096,212.0
686144,33.0
686320,96.0
686384,279.0
686448,401.0
686528,125.0
686896,118.0
687008,155.0
687008,144.0
687056,116.0
687072,120.0
687392,133.0
687408,120.0
687440,105.0
687536,171.0
687584,36.0
687712,20.0
687792,84.0
687792,79.0
687904,12.0
687904,99.0
688048,72.0
688048,279.0
688064,62.0
688544,135.0
688560,48.0
688784,78.0
688800,63.0
688912,92.0
688960,56.0
688960,97.0
689136,187.0
689392,53.0
689648,129.0
689760,229.0
689792,171.0
689904,84.0
690032,124.0
690192,143.0
690272,148.0
690272,204.0
690384,78.0
690464,27.0
690512,97.0
690560,11.0
690720,60.0
690864,119.0
690880,20.0
691040,133.0
691408,164.0
691456,129.0
691552,172.0
691552,85.0
691792,134.0
691808,96.0
691872,52.0
691872,85.0
691872,72.0
692160,148.0
692208,121.0
692320,116.0
692320,151.0
692368,93.0
692640,111.0
692848,300.0
692880,32.0
693056,103.0
693120,83.0
693312,94.0
693680,65.0
693760,118.0
693840,60.0
694192,165.0
694192,145.0
694288,61.0
694512,104.0
694576,148.0
694624,172.0
694784,154.0
694928,211.0
695024,84.0
695024,169.0
695040,80.0
695280,135.0
695360,200.0
695392,55.0
695504,153.0
695632,66.0
695776,99.0
695776,121.0
695904,107.0
696016,62.0
696256,61.0
696320,96.0
696320,34.0
696464,52.0
696512,118.0
696672,73.0
696800,49.0
696880,339.0
696896,36.0
696944,166.0
696976,67.0
697008,34.0
697248,145.0
697392,37.0
697648,87.0
697728,148.0
698144,31.0
698224,199.0
698272,180.0
698336,126.0
698368,93.0
698448,92.0
698544,127.0
698704,183.0
698736,115.0
698752,109.0
698992,79.0
699024,102.0
699120,136.0
699152,63.0
699200,122.0
699488,29.0
699488,76.0
699728,87.0
700000,78.0
700128,61.0
700272,67.0
700304,130.0
700432,124.0
700528,96.0
700720,124.0
700768,15.0
700880,146.0
701344,292.0
701376,86.0
701392,398.0
701408,80.0
701552,70.0
701616,203.0
701728,140.0
701776,166.0
701904,74.0
702160,48.0
702176,25.0
702240,172.0
702304,161.0
702496,70.0
702512,73.0
702544,111.0
702560,141.0
702576,106.0
702672,150.0
702880,261.0
703040,93.0
703088,92.0
703104,106.0
703168,38.0
703520,61.0
703536,54.0
703664,110.0
703696,74.0
703728,89.0
703744,98.0
703920,84.0
704048,63.0
704176,126.0
704256,72.0
704256,110.0
704704,63.0
704704,101.0
704816,161.0
704848,83.0
704864,43.0
705328,100.0
705424,94.0
705584,120.0
705648,173.0
705696,90.0
705824,256.0
705840,26.0
706000,72.0
706080,47.0
706112,88.0
706240,192.0
706240,89.0
706256,138.0
706288,172.0
706480,139.0
706704,185.0
706752,128.0
707216,87.0
707248,149.0
707520,80.0
707600,110.0
707696,106.0
707792,68.0
708080,152.0
708192,163.0
708208,122.0
708224,92.0
708256,126.0
708288,125.0
708336,139.0
708368,118.0
708640,160.0
708736,95.0
708768,61.0
708992,16.0
709008,82.0
709040,60.0
709328,108.0
709360,64.0
709392,64.0
709648,63.0
709728,252.0
709952,169.0
709968,58.0
710096,119.0
710096,44.0
710320,175.0
710512,143.0
710640,82.0
710688,106.0
710928,80.0
711024,58.0
711136,178.0
711152,112.0
711344,87.0
711360,102.0
711440,92.0
711488,202.0
711536,158.0
711584,79.0
711904,231.0
712032,37.0
712048,85.0
712048,88.0
712272,70.0
712448,230.0
712640,159.0
712672,109.0
712752,79.0
712848,107.0
713088,108.0
713088,94.0
713232,170.0
713248,36.0
713312,80.0
713376,69.0
713424,118.0
713456,63.0
713472,89.0
713824,67.0
714032,59.0
714080,62.0
714144,131.0
714208,199.0
714672,173.0
714768,91.0
714864,65.0
714944,54.0
715216,112.0
715280,165.0
715344,30.0
715344,75.0
715472,140.0
715536,168.0
715696,139.0
715712,94.0
715744,107.0
715824,280.0
715840,162.0
715968,39.0
716048,52.0
716128,74.0
716448,111.0
716800,127.0
716832,85.0
717040,94.0
717216,235.0
717232,241.0
717232,95.0
717280,99.0
717392,35.0
717504,110.0
717520,140.0
717568,109.0
717696,30.0
717968,120.0
718000,127.0
718160,145.0
718320,68.0
718464,77.0
718496,33.0
718608,83.0
718704,34.0
718768,78.0
718784,76.0
718800,167.0
718816,217.0
718944,119.0
719200,172.0
719248,153.0
719552,53.0
719616,81.0
719680,56.0
719776,73.0
719888,13.0
719968,142.0
720000,163.0
720128,55.0
720240,109.0
720304,93.0
720432,102.0
720496,81.0
720608,104.0
720640,54.0
720784,56.0
720784,73.0
720832,12.0
721088,164.0
721104,146.0
721232,233.0
721232,79.0
721248,70.0
721392,212.0
721424,40.0
721472,73.0
721584,31.0
721616,101.0
721856,85.0
722256,89.0
722304,52.0
722384,111.0
722416,74.0
722544,81.0
722624,192.0
722784,159.0
722864,35.0
722880,153.0
722944,135.0
723040,89.0
723072,13.0
723552,153.0
723568,134.0
723584,40.0
723632,150.0
723664,55.0
723792,57.0
723808,79.0
723936,159.0
723984,85.0
724032,111.0
724224,115.0
724384,84.0
724704,70.0
724816,49.0
724816,72.0
724848,81.0
724992,120.0
725008,90.0
725088,219.0
725088,72.0
725152,73.0
725312,105.0
725376,18.0
725600,199.0
725776,11.0
725808,99.0
725904,68.0
725936,134.0
726112,79.0
726128,145.0
726208,272.0
726368,86.0
726480,42.0
726656,84.0
726848,106.0
726944,133.0
727152,153.0
727280,84.0
727296,51.0
727296,73.0
727392,188.0
727472,106.0
727696,83.0
727696,163.0
727792,53.0
727952,128.0
727984,163.0
728064,122.0
728240,202.0
728352,75.0
728544,146.0
728928,102.0
729040,43.0
729040,50.0
729120,66.0
729232,96.0
729280,124.0
729344,97.0
729504,97.0
729520,133.0
729728,50.0
729872,83.0
729936,27.0
730032,211.0
730032,62.0
730272,77.0
730320,217.0
730464,74.0
730496,189.0
730672,46.0
730848,223.0
730960,204.0
731024,62.0
731200,116.0
731232,132.0
731440,120.0
731456,62.0
731520,75.0
731600,69.0
731600,226.0
731600,148.0
731680,41.0
731696,123.0
731760,118.0
731936,119.0
732320,92.0
732368,131.0
732544,68.0
732608,53.0
732640,90.0
732640,59.0
732768,78.0
732800,133.0
732976,126.0
733200,110.0
733232,102.0
733376,111.0
733408,136.0
733456,95.0
733520,115.0
733552,122.0
733600,77.0
733616,81.0
733952,82.0
734048,78.0
734224,101.0
734528,83.0
734688,68.0
734912,148.0
735008,87.0
735216,161.0
735392,151.0
735520,125.0
735584,136.0
735856,73.0
735920,154.0
735984,127.0
736096,159.0
736176,184.0
736224,178.0
736240,217.0
736336,83.0
736416,118.0
736528,19.0
737072,46.0
737072,116.0
737088,106.0
737088,69.0
737136,193.0
737232,71.0
737264,88.0
737312,67.0
737440,116.0
737632,20.0
737808,224.0
737824,182.0
738048,102.0
738096,54.0
738304,174.0
738320,66.0
738368,81.0
738432,157.0
738464,87.0
738624,74.0
738848,107.0
738960,117.0
738992,35.0
738992,154.0
738992,74.0
739248,192.0
739312,139.0
739440,84.0
739536,34.0
739632,99.0
739792,52.0
739824,137.0
739840,86.0
740032,107.0
740112,70.0
740224,27.0
740496,103.0
740528,135.0
740672,85.0
740784,78.0
741120,81.0
741168,120.0
741168,159.0
741680,115.0
741872,253.0
741888,116.0
741904,77.0
742016,77.0
742336,209.0
742432,187.0
742480,82.0
742592,57.0
742592,131.0
742672,190.0
742704,275.0
743104,161.0
743280,88.0
743408,95.0
743424,200.0
743488,148.0
743536,59.0
743936,94.0
744016,89.0
744048,59.0
744064,87.0
744080,182.0
744128,103.0
744256,52.0
744368,266.0
744384,155.0
744464,28.0
744608,70.0
744752,171.0
744800,21.0
745008,59.0
745184,178.0
745200,67.0
745328,87.0
745376,131.0
745440,40.0
745472,121.0
745536,80.0
745712,188.0
745776,87.0
745808,108.0
745808,150.0
746032,52.0
746128,70.0
746480,65.0
746528,135.0
746672,93.0
746704,83.0
746704,131.0
746736,58.0
746992,32.0
747072,109.0
747088,101.0
747184,86.0
747264,46.0
747312,160.0
747312,38.0
747456,213.0
747456,83.0
747520,109.0
747520,21.0
747616,19.0
747712,125.0
747792,17.0
747856,48.0
748224,137.0
748528,112.0
748560,116.0
748576,70.0
748752,77.0
748800,84.0
748832,70.0
749072,221.0
749184,120.0
749328,96.0
749568,156.0
749568,46.0
749584,63.0
749744,172.0
749984,207.0
750080,173.0
750208,147.0
750336,37.0
750400,52.0
750592,186.0
750592,64.0
750768,159.0
750960,23.0
751088,63.0
751248,41.0
751280,138.0
751344,63.0
751360,175.0
751408,180.0
751424,131.0
751520,173.0
751728,183.0
751808,88.0
751952,173.0
751968,45.0
752016,113.0
752048,154.0
752128,73.0
752176,52.0
752192,138.0
752224,51.0
752496,67.0
752640,80.0
752832,64.0
752880,132.0
752976,50.0
753040,51.0
753088,113.0
753104,126.0
753312,99.0
753440,93.0
753456,83.0
753600,48.0
754112,129.0
754240,170.0
754304,143.0
754320,147.0
754384,109.0
754384,58.0
754400,85.0
754400,119.0
754624,96.0
754976,117.0
755168,49.0
755168,48.0
755184,99.0
755280,41.0
755296,194.0
755456,67.0
755616,81.0
755696,149.0
755728,172.0
755776,86.0
755920,101.0
756096,116.0
756208,77.0
756528,228.0
756560,80.0
756672,66.0
756864,98.0
756976,113.0
756992,79.0
757056,100.0
757120,75.0
757168,40.0
757216,236.0
757360,136.0
757440,77.0
757488,211.0
757632,67.0
757776,49.0
757936,115.0
758032,61.0
758096,58.0
758192,76.0
758384,79.0
758432,204.0
758512,171.0
758672,113.0
758672,186.0
758688,75.0
758816,134.0
758896,91.0
759008,112.0
759360,79.0
759376,100.0
759520,135.0
759552,95.0
759728,45.0
759728,81.0
760032,85.0
760128,90.0
760176,85.0
760192,160.0
760272,47.0
760288,131.0
760368,92.0
760592,25.0
760768,25.0
760816,91.0
760880,156.0
760992,79.0
761152,89.0
761296,79.0
761360,67.0
761392,180.0
761424,81.0
761616,64.0
761664,53.0
761904,64.0
762016,165.0
762032,210.0
762192,266.0
762224,58.0
762496,139.0
762496,94.0
762672,156.0
762704,82.0
762864,53.0
762944,47.0
763120,223.0
763456,144.0
763584,68.0
763616,70.0
763632,108.0
763696,130.0
763712,63.0
763728,106.0
763776,97.0
763872,153.0
763904,140.0
763984,201.0
764016,18.0
764128,16.0
764288,89.0
764400,80.0
764416,191.0
764656,107.0
764720,128.0
764992,81.0
764992,17.0
765088,82.0
765136,94.0
765200,49.0
765280,114.0
765424,115.0
765472,17.0
765552,72.0
765600,118.0
765680,87.0
765952,33.0
765984,27.0
766064,128.0
766096,123.0
766144,135.0
766176,68.0
766224,163.0
766496,76.0
766544,20.0
766640,124.0
766784,45.0
766992,193.0
767168,74.0
767200,78.0
767248,111.0
767248,103.0
767392,76.0
767504,114.0
767600,91.0
767680,168.0
767952,82.0
768016,92.0
768512,151.0
768528,212.0
768656,135.0
768848,73.0
768944,90.0
769056,113.0
769232,102.0
769312,132.0
769360,123.0
769504,170.0
769552,144.0
769632,165.0
769728,75.0
769968,70.0
770048,316.0
770272,65.0
770288,84.0
770304,42.0
770320,79.0
770480,27.0
770560,159.0
770640,217.0
770848,137.0
771296,121.0
771312,175.0
771360,87.0
771376,117.0
771392,115.0
771456,72.0
771472,74.0
771488,221.0
771520,112.0
771552,12.0
771680,13.0
771888,83.0
771952,31.0
772176,119.0
772304,22.0
772416,15.0
772640,208.0
772768,120.0
772864,98.0
772976,93.0
773024,45.0
773056,96.0
773152,177.0
773296,101.0
773392,61.0
773424,184.0
773424,174.0
773584,127.0
773696,145.0
774192,144.0
774272,81.0
774544,70.0
774864,107.0
775040,142.0
775104,237.0
775168,144.0
775184,135.0
775232,162.0
775664,123.0
775744,168.0
775792,275.0
775840,81.0
775888,144.0
776000,113.0
776192,68.0
776256,177.0
776480,82.0
776768,96.0
776768,156.0
776816,214.0
776816,102.0
776864,125.0
777456,151.0
777504,40.0
777552,46.0
777680,75.0
777696,55.0
777728,277.0
777808,126.0
777808,120.0
777856,100.0
778016,147.0
778048,116.0
778128,149.0
778192,89.0
778560,55.0
779040,64.0
779168,150.0
779216,95.0
779312,110.0
779408,76.0
779424,123.0
779488,102.0
779552,15.0
779648,134.0
779696,71.0
779696,123.0
779888,12.0
779888,115.0
780032,252.0
780048,140.0
780048,63.0
780320,157.0
780544,294.0
780624,75.0
780832,104.0
780848,90.0
781120,102.0
781296,198.0
781328,105.0
781408,107.0
781408,86.0
781616,49.0
781696,67.0
782096,30.0
782160,47.0
782336,153.0
782336,93.0
782448,133.0
782496,153.0
782576,26.0
782624,213.0
782640,95.0
782848,144.0
783120,202.0
783296,123.0
783408,35.0
783440,69.0
783456,128.0
783808,266.0
783856,135.0
784160,129.0
784400,194.0
784464,133.0
784512,121.0
784544,128.0
784640,126.0
784672,97.0
784864,91.0
784928,102.0
785040,99.0
785248,163.0
785568,133.0
785616,348.0
785712,204.0
785840,75.0
785856,128.0
785904,109.0
786144,92.0
786192,79.0
786288,152.0
786720,54.0
786720,138.0
786800,110.0
786816,147.0
786928,76.0
786944,65.0
787072,138.0
787072,158.0
787280,62.0
787328,93.0
787536,87.0
787776,61.0
787840,215.0
787856,140.0
787936,76.0
788000,80.0
788048,70.0
788128,66.0
788192,125.0
788288,190.0
788304,171.0
788464,21.0
788480,30.0
788752,92.0
788768,90.0
788800,108.0
789104,83.0
789152,138.0
789264,49.0
789328,93.0
789568,107.0
789584,103.0
789600,81.0
789648,74.0
789872,191.0
790016,155.0
790048,116.0
790112,84.0
790144,116.0
790400,78.0
790496,87.0
790528,108.0
790992,84.0
791136,117.0
791152,63.0
791232,76.0
791232,155.0
791440,117.0
791472,89.0
791488,62.0
791552,122.0
791632,128.0
791680,113.0
791728,150.0
791728,75.0
791760,232.0
792016,55.0
792048,66.0
792320,120.0
792352,70.0
792416,144.0
792560,88.0
792688,71.0
792976,94.0
792976,76.0
793120,105.0
793136,91.0
793168,105.0
793456,69.0
793504,91.0
793536,70.0
793712,87.0
793760,127.0
793888,117.0
793904,76.0
794064,56.0
794080,178.0
794192,160.0
794256,70.0
794640,71.0
794672,97.0
794736,110.0
794800,68.0
794832,59.0
795280,75.0
795408,94.0
795424,43.0
795456,155.0
795488,108.0
795504,90.0
795616,89.0
795632,192.0
795760,70.0
795888,260.0
795936,33.0
796256,91.0
796400,56.0
796416,109.0
796464,13.0
796592,191.0
796608,147.0
796672,13.0
796736,119.0
796848,28.0
797248,101.0
797312,86.0
797312,36.0
797488,40.0
797744,268.0
797904,134.0
797904,164.0
798064,51.0
798080,92.0
798096,49.0
798112,39.0
798112,139.0
798272,166.0
798416,125.0
798432,115.0
798464,112.0
798576,31.0
798608,197.0
798800,93.0
798976,218.0
798992,26.0
799136,232.0
799360,35.0
799456,85.0
799584,70.0
799728,82.0
799776,104.0
800176,109.0
800256,147.0
800336,142.0
800368,77.0
800384,132.0
800704,70.0
800800,113.0
801040,152.0
801168,214.0
801184,88.0
801472,71.0
801776,95.0
802096,195.0
802400,190.0
802432,169.0
802464,62.0
802624,12.0
802704,146.0
802976,136.0
803008,177.0
803024,307.0
803136,172.0
803344,340.0
803392,138.0
803392,62.0
803856,275.0
803936,57.0
804192,98.0
804304,100.0
804448,167.0
804688,97.0
804832,237.0
804928,96.0
805024,102.0
805168,192.0
805264,88.0
805280,286.0
805328,124.0
805520,191.0
805568,86.0
805936,183.0
806208,110.0
806224,120.0
806320,66.0
806352,324.0
806528,162.0
806560,102.0
806688,232.0
806768,109.0
806848,126.0
807120,152.0
807200,105.0
807248,120.0
807328,69.0
807344,62.0
807472,57.0
807504,11.0
807520,52.0
807632,69.0
807808,140.0
807808,158.0
807824,166.0
808320,97.0
808368,152.0
808480,61.0
808544,45.0
808624,86.0
808656,71.0
809056,171.0
809072,139.0
809376,109.0
809600,112.0
809680,64.0
809680,82.0
809760,165.0
809792,124.0
809872,150.0
809920,90.0
809952,83.0
810032,60.0
810032,107.0
810416,46.0
810880,114.0
810896,64.0
810976,152.0
811136,91.0
811232,243.0
811248,22.0
811360,83.0
811392,16.0
811616,276.0
811664,119.0
811792,86.0
811984,12.0
812080,155.0
812128,138.0
812256,378.0
812400,49.0
812832,44.0
812832,190.0
812848,181.0
813024,48.0
813152,93.0
813200,115.0
813328,84.0
813504,141.0
813760,180.0
813776,275.0
813824,62.0
813872,64.0
814032,191.0
814128,256.0
814144,109.0
814144,182.0
814256,89.0
814272,67.0
814352,64.0
814816,59.0
814848,106.0
814928,56.0
815024,79.0
815056,127.0
815072,187.0
815248,25.0
815504,257.0
815552,108.0
815616,132.0
815664,88.0
815680,96.0
815696,98.0
815904,68.0
815936,20.0
816048,106.0
816080,113.0
816128,147.0
816208,71.0
816224,33.0
816576,67.0
816752,68.0
816976,81.0
816992,68.0
817024,59.0
817120,56.0
817152,131.0
817360,132.0
817360,72.0
817616,168.0
817760,107.0
818032,80.0
818064,68.0
818160,73.0
818208,68.0
818320,60.0
818320,173.0
818336,110.0
818480,216.0
818640,93.0
818640,101.0
818656,20.0
818784,290.0
818880,79.0
819024,79.0
819200,204.0
819312,33.0
819328,200.0
819440,70.0
819488,53.0
819520,135.0
819536,66.0
819584,89.0
819616,26.0
819680,101.0
819808,100.0
819888,78.0
820256,86.0
820320,81.0
820336,56.0
820352,51.0
820368,107.0
820704,51.0
820800,80.0
820896,161.0
820912,180.0
820928,37.0
821072,109.0
821088,111.0
821136,97.0
821328,63.0
821392,111.0
821520,45.0
821568,118.0
821632,114.0
821888,102.0
821920,76.0
821920,33.0
822016,103.0
822064,58.0
822112,110.0
822128,76.0
822160,37.0
822288,175.0
822464,87.0
822608,95.0
822640,109.0
822640,30.0
822656,83.0
822656,108.0
822672,49.0
822944,64.0
823040,61.0
823136,94.0
823360,78.0
823472,50.0
823632,10.0
823664,63.0
823744,80.0
823856,115.0
824128,163.0
824144,94.0
824176,27.0
824192,52.0
824368,89.0
824448,158.0
824880,140.0
824928,67.0
825008,86.0
825104,60.0
825328,71.0
825376,107.0
825472,81.0
825680,50.0
825728,195.0
825760,194.0
825776,53.0
825840,169.0
825984,101.0
825984,55.0
826144,42.0
826176,253.0
826432,259.0
826592,79.0
826672,227.0
826768,11.0
826896,66.0
826896,95.0
826944,156.0
827072,82.0
827120,90.0
827184,15.0
827376,87.0
827392,204.0
827472,93.0
827536,22.0
827728,12.0
827760,127.0
827856,105.0
827936,65.0
827936,73.0
828064,120.0
828080,103.0
828160,48.0
828288,51.0
828448,111.0
828720,49.0
828768,65.0
828832,47.0
828944,11.0
828960,129.0
829056,205.0
829056,105.0
829120,79.0
829296,85.0
829424,79.0
829584,54.0
829584,95.0
829632,117.0
829664,159.0
829920,178.0
829968,63.0
830032,109.0
830080,64.0
830192,14.0
830496,343.0
830576,57.0
830720,14.0
830736,10.0
830752,113.0
831008,136.0
831072,93.0
831456,96.0
831520,83.0
831664,102.0
831712,62.0
831760,154.0
831808,172.0
831824,169.0
831872,153.0
831920,57.0
831984,78.0
832032,122.0
832160,11.0
832240,163.0
832272,22.0
832528,184.0
832528,255.0
832592,49.0
832752,55.0
832944,26.0
833152,106.0
833184,41.0
833184,59.0
833344,105.0
833504,84.0
833504,57.0
833568,14.0
833744,167.0
833920,103.0
834160,61.0
834160,213.0
834208,149.0
834480,170.0
834496,186.0
834528,64.0
834848,69.0
834864,120.0
834896,109.0
835024,10.0
835120,121.0
835200,11.0
835232,220.0
835312,87.0
835424,59.0
835728,98.0
835888,149.0
835936,244.0
835936,68.0
836080,120.0
836288,73.0
836368,27.0
836384,72.0
836384,136.0
836496,26.0
836528,50.0
836576,105.0
836592,131.0
836592,14.0
836608,130.0
836656,193.0
836784,56.0
837120,32.0
837216,39.0
837232,120.0
837280,62.0
837344,53.0
837424,65.0
837424,93.0
837456,67.0
837600,11.0
837600,303.0
837616,24.0
837648,62.0
837648,139.0
837792,28.0
837920,170.0
837968,86.0
838080,30.0
838160,46.0
838176,45.0
838224,106.0
838320,65.0
838416,102.0
838560,84.0
838592,61.0
838624,41.0
838768,70.0
838768,34.0
838768,137.0
838960,50.0
838960,12.0
839040,90.0
839280,60.0
839296,70.0
839312,95.0
839392,39.0
839456,86.0
839696,58.0
839808,33.0
839888,12.0
839920,175.0
839920,33.0
839952,83.0
840064,134.0
840144,53.0
840208,160.0
840288,78.0
840480,118.0
840480,120.0
840496,130.0
840608,81.0
840672,107.0
840704,47.0
840720,52.0
840768,113.0
840864,12.0
840912,62.0
840944,64.0
840992,18.0
841040,11.0
841088,102.0
841152,59.0
841216,11.0
841216,38.0
841456,87.0
841472,33.0
841536,66.0
841616,56.0
841664,116.0
841744,78.0
841904,71.0
841952,60.0
842032,118.0
842192,80.0
842208,37.0
842320,77.0
842320,115.0
842320,53.0
842368,11.0
842384,73.0
842480,137.0
842608,54.0
842672,63.0
842672,29.0
842800,103.0
842912,91.0
843072,116.0
843264,55.0
843296,51.0
843376,92.0
843392,67.0
843568,78.0
843568,12.0
843568,101.0
843584,57.0
843616,44.0
843632,64.0
843664,62.0
843680,103.0
843712,136.0
843728,58.0
843792,13.0
843872,9.0
843936,101.0
843984,20.0
844048,30.0
844144,36.0
844336,34.0
844736,69.0
844736,70.0
844752,44.0
844864,58.0
844880,99.0
844928,116.0
844960,78.0
845184,53.0
845248,79.0
845392,13.0
845440,81.0
845552,39.0
845568,106.0
845664,206.0
845712,134.0
845760,156.0
845872,63.0
845936,61.0
846000,78.0
846032,165.0
846112,86.0
846272,162.0
846336,56.0
846384,103.0
846528,61.0
846704,62.0
846768,41.0
846816,59.0
846928,85.0
846944,129.0
846992,109.0
847024,31.0
847056,104.0
847072,50.0
847104,90.0
847184,15.0
847216,18.0
847296,79.0
847296,85.0
847392,11.0
847760,29.0
847840,28.0
847936,121.0
847984,73.0
847984,43.0
848000,61.0
848208,117.0
848240,71.0
848240,73.0
848544,174.0
848544,111.0
848800,109.0
848800,113.0
848992,66.0
849120,85.0
849200,41.0
849248,78.0
849504,81.0
849568,48.0
849632,68.0
849648,88.0
849648,104.0
849680,156.0
849712,32.0
849744,210.0
849808,98.0
849984,134.0
850112,34.0
850160,11.0
850224,220.0
850336,43.0
850368,13.0
850576,91.0
850592,112.0
850672,73.0
850688,169.0
850784,96.0
850816,114.0
851120,47.0
851264,99.0
851312,105.0
851440,112.0
851584,115.0
851632,60.0
851664,90.0
851680,117.0
851760,73.0
851792,76.0
852032,78.0
852416,144.0
852448,48.0
852624,121.0
852768,74.0
852800,124.0
852992,166.0
853072,113.0
853072,80.0
853120,113.0
853120,93.0
853136,32.0
853184,129.0
853200,96.0
853296,116.0
853328,12.0
853424,63.0
853616,116.0
853648,75.0
853792,11.0
853952,47.0
854016,78.0
854096,64.0
854208,12.0
854224,56.0
854272,80.0
854304,74.0
854432,295.0
854512,90.0
854624,33.0
854640,13.0
854912,60.0
855136,14.0
855264,202.0
855280,48.0
855456,135.0
855456,127.0
855504,145.0
855504,23.0
855584,86.0
855888,104.0
855904,20.0
856000,138.0
856000,106.0
856128,188.0
856272,125.0
856368,68.0
856512,118.0
856736,92.0
856784,196.0
856800,50.0
856832,252.0
856896,33.0
856912,91.0
857120,155.0
857184,105.0
857184,24.0
857184,108.0
857392,31.0
857440,33.0
857456,98.0
857488,76.0
857488,93.0
857616,69.0
857984,31.0
858064,135.0
858144,165.0
858176,84.0
858208,37.0
858224,49.0
858432,82.0
858512,108.0
858608,155.0
858656,37.0
858688,94.0
858784,100.0
858832,25.0
858848,40.0
859008,52.0
859072,26.0
859136,105.0
859168,24.0
859216,38.0
859232,156.0
859312,73.0
859312,11.0
859456,142.0
859664,142.0
859824,146.0
859888,86.0
859952,31.0
860064,130.0
860304,67.0
860320,102.0
860352,65.0
860368,66.0
860448,80.0
860464,10.0
860480,102.0
860592,17.0
860672,12.0
860704,102.0
860768,121.0
860816,14.0
860832,163.0
860928,120.0
861024,71.0
861216,54.0
861264,90.0
861264,128.0
861328,86.0
861504,36.0
861584,95.0
861808,62.0
861872,94.0
861888,70.0
861968,24.0
862080,51.0
862160,107.0
862304,61.0
862416,109.0
862640,21.0
862752,120.0
862784,110.0
862928,66.0
863040,114.0
863168,85.0
863184,64.0
863216,71.0
863216,157.0
863344,130.0
863424,185.0
863456,42.0
863488,124.0
863584,101.0
863968,30.0
864272,288.0
864288,150.0
864352,107.0
864368,59.0
864496,65.0
864496,98.0
864496,57.0
864928,118.0
865008,46.0
865008,162.0
865152,150.0
865264,130.0
865280,129.0
865312,131.0
865376,138.0
865456,11.0
865488,75.0
865504,96.0
865584,36.0
865664,73.0
865696,147.0
865696,75.0
865872,59.0
865872,95.0
865952,31.0
865984,25.0
866272,111.0
866464,82.0
866464,91.0
866576,75.0
866672,43.0
866832,60.0
866928,89.0
867008,71.0
867088,100.0
867152,14.0
867232,35.0
867408,107.0
867472,20.0
867504,140.0
867664,125.0
867856,135.0
868096,233.0
868112,103.0
868128,176.0
868240,143.0
868288,75.0
868464,91.0
868496,40.0
868528,129.0
868816,159.0
868832,100.0
868944,148.0
869008,96.0
869200,106.0
869216,70.0
869232,114.0
869328,156.0
869424,74.0
869536,78.0
869648,51.0
869680,74.0
870080,151.0
870432,63.0
870688,109.0
870848,101.0
870960,55.0
871008,137.0
871008,105.0
871088,160.0
871200,137.0
871296,101.0
871344,201.0
871568,147.0
871616,20.0
871776,133.0
871808,86.0
871856,212.0
871872,235.0
872144,81.0
872384,86.0
872480,95.0
872688,105.0
872704,198.0
872768,130.0
872944,71.0
873136,121.0
873200,116.0
873392,144.0
873488,120.0
873632,93.0
873712,131.0
873728,116.0
873904,75.0
873984,81.0
874048,53.0
874144,104.0
874160,144.0
874176,311.0
874240,69.0
874512,133.0
874512,49.0
875024,32.0
875152,61.0
875168,150.0
875248,69.0
875472,93.0
875488,159.0
875488,83.0
875584,122.0
875600,97.0
875600,132.0
875648,88.0
876400,72.0
876432,60.0
876432,170.0
876736,310.0
876816,214.0
877056,197.0
877104,101.0
877200,97.0
877264,131.0
877584,192.0
877632,163.0
877728,140.0
877824,139.0
877904,172.0
878016,99.0
878496,131.0
878544,113.0
878544,40.0
878592,63.0
878592,187.0
878960,158.0
878976,120.0
879024,75.0
879248,101.0
879312,128.0
879712,181.0
879728,259.0
879904,11.0
879952,85.0
880016,143.0
880048,178.0
880176,58.0
880304,113.0
880352,146.0
880384,85.0
880448,209.0
880768,112.0
880992,153.0
881200,78.0
881264,60.0
881360,23.0
881520,183.0
881584,117.0
881792,111.0
881808,102.0
881936,99.0
882032,28.0
882032,79.0
882224,145.0
882320,142.0
882432,128.0
882768,264.0
882800,90.0
882864,34.0
882928,155.0
883056,64.0
883328,113.0
883344,97.0
883360,275.0
883440,63.0
883536,108.0
883888,116.0
883888,168.0
884464,100.0
884720,216.0
884736,75.0
885136,138.0
885312,375.0
885376,163.0
885552,104.0
885568,140.0
885600,211.0
885712,114.0
885920,160.0
886080,259.0
886128,208.0
886288,202.0
886336,187.0
886624,119.0
886800,104.0
886896,83.0
886976,66.0
887072,95.0
887264,12.0
887280,98.0
887360,46.0
887504,73.0
887568,137.0
887568,90.0
887616,126.0
887776,207.0
887792,272.0
887856,159.0
887920,115.0
888064,73.0
888320,47.0
888352,86.0
888352,97.0
888528,79.0
888912,261.0
888944,68.0
888976,101.0
889392,30.0
889552,36.0
889632,116.0
889760,123.0
890032,105.0
890064,160.0
890080,175.0
890176,141.0
890576,102.0
890640,145.0
890736,69.0
890784,45.0
890912,289.0
891040,217.0
891104,172.0
891392,208.0
891408,39.0
891440,44.0
891472,107.0
891568,58.0
891792,150.0
891840,113.0
892016,154.0
892384,80.0
892432,244.0
892512,69.0
892592,97.0
892720,18.0
892800,139.0
892896,330.0
893040,92.0
893056,76.0
893056,186.0
893312,117.0
893376,119.0
893536,134.0
893632,70.0
893728,176.0
893824,127.0
893888,117.0
893968,99.0
894080,64.0
894256,255.0
894256,59.0
894544,73.0
894560,115.0
894640,115.0
894688,131.0
894688,112.0
895216,71.0
895232,88.0
895264,86.0
895680,89.0
895728,131.0
895728,168.0
895984,126.0
896368,165.0
896432,117.0
896448,74.0
896528,81.0
896576,13.0
896976,146.0
896992,171.0
897056,83.0
897104,151.0
897120,161.0
897216,158.0
897664,153.0
897696,30.0
897712,124.0
897968,95.0
898096,151.0
898160,136.0
898384,122.0
898416,81.0
898464,338.0
898720,39.0
898944,33.0
899024,82.0
899056,68.0
899168,162.0
899328,147.0
899440,45.0
899680,126.0
899728,164.0
899792,102.0
900096,190.0
900432,431.0
900608,134.0
900688,187.0
900752,264.0
900864,113.0
901008,164.0
901168,115.0
901232,90.0
901296,27.0
901376,121.0
901456,143.0
901488,87.0
901552,117.0
901600,288.0
901712,173.0
901920,137.0
902512,218.0
902544,78.0
902672,140.0
902688,68.0
902832,114.0
902880,107.0
902912,75.0
902944,98.0
902992,140.0
903040,70.0
903296,109.0
903504,126.0
903712,65.0
903760,197.0
903760,192.0
903776,54.0
903792,146.0
904000,93.0
904368,38.0
904432,200.0
904608,108.0
904880,121.0
905040,125.0
905056,97.0
905120,133.0
905296,94.0
905296,99.0
905376,159.0
905440,90.0
905744,82.0
905776,126.0
905792,156.0
905904,54.0
905984,215.0
906608,82.0
906896,126.0
906896,70.0
906912,159.0
906912,196.0
906928,145.0
907088,127.0
907328,118.0
907392,103.0
907456,104.0
907472,131.0
907856,171.0
908000,69.0
908048,172.0
908096,48.0
908288,86.0
908320,146.0
908400,82.0
908688,130.0
908704,77.0
908720,176.0
908880,89.0
908880,37.0
908992,129.0
909008,132.0
909136,139.0
909344,122.0
909408,88.0
909440,87.0
909456,423.0
909744,47.0
909984,79.0
909984,15.0
910128,108.0
910432,19.0
910448,109.0
910512,151.0
910720,86.0
910784,119.0
910800,184.0
910880,160.0
911024,118.0
911376,148.0
911600,135.0
911600,137.0
911616,102.0
911760,10.0
911760,83.0
912192,92.0
912240,174.0
912720,252.0
912864,130.0
912880,250.0
912992,123.0
913008,189.0
913104,139.0
913120,163.0
913168,98.0
913184,98.0
913456,166.0
913472,189.0
913728,93.0
913904,74.0
913904,158.0
913984,139.0
914352,78.0
914544,147.0
914816,57.0
914848,104.0
914864,194.0
915168,136.0
915296,87.0
915392,149.0
915520,147.0
915616,79.0
916048,129.0
916240,87.0
916384,98.0
916384,115.0
916528,192.0
916544,176.0
916608,76.0
916784,101.0
916800,16.0
916832,247.0
916976,91.0
917008,134.0
917056,246.0
917152,34.0
917216,234.0
917376,282.0
917488,137.0
917584,36.0
917680,19.0
917696,73.0
917936,55.0
918064,105.0
918224,78.0
918464,130.0
918656,116.0
918736,66.0
918768,170.0
919168,99.0
919184,147.0
919392,106.0
919472,168.0
919568,52.0
919584,95.0
919712,111.0
919760,220.0
919792,38.0
919824,15.0
919840,168.0
920080,162.0
920208,23.0
920592,121.0
920592,114.0
920672,316.0
920688,154.0
920800,88.0
920816,14.0
921168,247.0
921168,125.0
921168,100.0
921312,95.0
921360,100.0
921520,106.0
921584,56.0
921616,28.0
921616,119.0
921776,74.0
921808,18.0
921856,149.0
922304,102.0
922320,60.0
922320,44.0
922384,76.0
922448,148.0
922480,251.0
922768,160.0
922928,132.0
922960,112.0
923104,144.0
923104,83.0
923200,99.0
923440,42.0
923696,76.0
923744,89.0
924144,177.0
924240,120.0
924512,166.0
924608,139.0
924704,181.0
924848,120.0
924944,94.0
925168,138.0
925184,124.0
925280,186.0
925344,140.0
925536,58.0
925776,167.0
925984,143.0
926144,125.0
926192,288.0
926448,121.0
926624,11.0
926624,120.0
926656,151.0
926704,110.0
927008,104.0
927200,127.0
927472,233.0
927472,48.0
927536,147.0
927664,105.0
927696,328.0
927856,53.0
927872,108.0
928048,53.0
928064,143.0
928208,32.0
928336,218.0
928672,196.0
928688,76.0
928800,220.0
928864,41.0
929168,186.0
929344,11.0
929520,11.0
929568,182.0
929568,131.0
929792,141.0
929872,138.0
929888,204.0
929936,71.0
930000,30.0
930096,217.0
930272,139.0
930432,54.0
930464,150.0
930800,132.0
930800,77.0
930816,185.0
930944,192.0
930944,72.0
930992,62.0
931312,165.0
931376,157.0
931616,108.0
931696,210.0
931712,115.0
931776,105.0
932656,170.0
932784,145.0
932832,115.0
932960,135.0
933008,81.0
933216,142.0
933248,121.0
933376,105.0
933392,185.0
933568,172.0
933584,138.0
933696,120.0
933808,188.0
933856,140.0
933936,80.0
934064,42.0
934160,14.0
934224,87.0
934288,251.0
934400,90.0
934416,65.0
934464,56.0
934496,222.0
934768,60.0
934864,116.0
934960,50.0
935040,47.0
935120,146.0
935232,124.0
935360,134.0
935456,37.0
935472,88.0
935600,40.0
935696,77.0
935840,90.0
935904,105.0
935984,133.0
936320,68.0
936352,166.0
936384,101.0
936400,50.0
936432,178.0
936672,18.0
936704,143.0
936816,91.0
937488,51.0
937504,43.0
937584,105.0
937664,11.0
937680,139.0
937712,85.0
937760,120.0
937760,85.0
937920,214.0
937936,154.0
937968,142.0
938128,134.0
938208,193.0
938256,201.0
938640,138.0
938688,124.0
939008,83.0
939008,168.0
939168,78.0
939776,142.0
939984,139.0
940096,146.0
940096,157.0
940160,72.0
940224,141.0
940464,158.0
940752,41.0
940832,198.0
940832,161.0
940912,169.0
940960,74.0
941008,145.0
941024,116.0
941088,185.0
941248,64.0
941344,55.0
941408,89.0
941552,45.0
941616,91.0
941664,189.0
941808,256.0
941872,179.0
942208,74.0
942512,53.0
942784,77.0
942816,129.0
942928,126.0
942928,123.0
942976,118.0
943136,79.0
943168,85.0
943328,130.0
943376,37.0
943600,68.0
943728,145.0
943776,152.0
943808,186.0
943808,175.0
943824,233.0
944112,119.0
944224,88.0
944240,82.0
944464,81.0
944640,104.0
944848,38.0
944944,73.0
944976,103.0
945088,61.0
945200,87.0
945248,227.0
945280,91.0
945296,120.0
945424,156.0
945840,75.0
945936,32.0
945968,43.0
945984,178.0
946016,112.0
946176,75.0
946544,184.0
946576,37.0
946752,97.0
946752,119.0
946832,189.0
946880,112.0
946912,59.0
946912,61.0
947136,115.0
947472,56.0
947536,162.0
947600,196.0
947776,253.0
947808,160.0
947904,62.0
948064,128.0
948272,95.0
948432,118.0
948576,106.0
948704,73.0
948976,94.0
949008,77.0
949056,134.0
949072,145.0
949104,75.0
949152,126.0
949296,64.0
949392,99.0
949456,205.0
949472,227.0
949504,167.0
949584,55.0
949776,42.0
949792,25.0
949872,36.0
950144,67.0
950144,73.0
950160,24.0
950208,111.0
950480,119.0
950560,61.0
950624,101.0
950864,85.0
951072,217.0
951120,61.0
951120,103.0
951376,47.0
951392,52.0
951408,79.0
951552,156.0
951568,219.0
951792,58.0
951856,29.0
951952,109.0
951952,52.0
952000,138.0
952000,115.0
952512,71.0
952656,96.0
952880,113.0
952896,65.0
952960,97.0
952976,64.0
953072,245.0
953152,72.0
953248,237.0
953264,212.0
953264,106.0
953440,185.0
953808,46.0
953824,114.0
953856,129.0
953888,28.0
953888,58.0
954000,53.0
954176,57.0
954192,76.0
954240,22.0
954256,169.0
954304,103.0
954480,99.0
954800,59.0
954848,181.0
954944,106.0
955120,58.0
955280,126.0
955456,91.0
955648,73.0
955728,178.0
955856,100.0
955872,47.0
955968,216.0
956000,106.0
956128,118.0
956192,29.0
956288,132.0
956528,67.0
956688,88.0
956736,46.0
956768,114.0
956960,197.0
956992,194.0
956992,29.0
957072,203.0
957200,13.0
957200,67.0
957376,94.0
957376,95.0
957520,117.0
957840,187.0
958000,113.0
958144,116.0
958144,136.0
958192,42.0
958448,105.0
958496,70.0
958576,236.0
958592,95.0
958608,103.0
959056,148.0
959088,59.0
959152,63.0
959216,64.0
959424,152.0
959440,100.0
959520,145.0
959584,178.0
959600,69.0
959760,34.0
959920,83.0
959936,53.0
959952,172.0
959984,124.0
960080,20.0
960304,106.0
960400,84.0
960448,117.0
960464,65.0
960816,86.0
961088,121.0
961120,234.0
961360,110.0
961440,95.0
961632,83.0
961648,106.0
961728,205.0
961792,107.0
961808,62.0
961904,11.0
961952,94.0
962048,58.0
962272,172.0
962384,120.0
962416,177.0
962544,47.0
962704,84.0
962992,84.0
962992,97.0
963024,67.0
963264,102.0
963280,180.0
963344,210.0
963440,147.0
963456,97.0
963488,90.0
963680,117.0
963728,29.0
963760,66.0
963760,76.0
963824,88.0
964000,254.0
964272,80.0
964640,148.0
964672,53.0
964752,81.0
964784,64.0
964992,125.0
965008,108.0
965200,107.0
965264,96.0
965536,79.0
965552,138.0
965664,119.0
965920,140.0
966016,161.0
966128,86.0
966432,103.0
966544,33.0
966736,96.0
966832,80.0
967056,129.0
967088,294.0
967312,167.0
967328,112.0
967424,214.0
967616,287.0
967680,188.0
967952,95.0
968240,186.0
968352,25.0
968560,94.0
968640,76.0
968848,240.0
969072,158.0
969248,98.0
969472,116.0
969552,75.0
969808,98.0
969856,262.0
969856,158.0
969888,83.0
969968,83.0
969968,253.0
969968,240.0
970224,86.0
970288,186.0
970432,231.0
970496,33.0
970944,87.0
971056,113.0
971120,77.0
971136,129.0
971248,90.0
971472,125.0
971504,103.0
971520,97.0
971840,45.0
971840,101.0
972032,68.0
972240,338.0
972288,116.0
972304,50.0
972432,81.0
972640,347.0
972672,101.0
973024,49.0
973056,200.0
973072,65.0
973168,180.0
973376,180.0
973456,124.0
973472,28.0
973600,110.0
973712,234.0
973776,141.0
973888,165.0
973888,100.0
973952,49.0
974144,43.0
974320,103.0
974544,119.0
974576,134.0
974656,147.0
974688,101.0
974752,182.0
974992,69.0
975248,69.0
975248,111.0
975536,135.0
975648,67.0
975680,108.0
975776,70.0
975792,119.0
975920,134.0
975936,87.0
976016,48.0
976016,64.0
976288,168.0
976384,102.0
976560,219.0
976752,190.0
976880,102.0
977152,85.0
977152,177.0
977392,116.0
977392,91.0
977440,104.0
977632,107.0
977632,55.0
977760,192.0
977824,136.0
978096,130.0
978208,120.0
978496,54.0
978560,73.0
978560,136.0
978592,182.0
978656,52.0
978816,104.0
978864,144.0
978928,27.0
978928,182.0
979008,101.0
979088,83.0
979216,41.0
979792,75.0
979856,58.0
979872,111.0
980000,112.0
980032,197.0
980144,99.0
980272,165.0
980320,198.0
980352,89.0
980432,27.0
980480,101.0
980496,93.0
980544,47.0
980640,200.0
980800,107.0
980864,103.0
981200,149.0
981232,161.0
981488,84.0
981536,46.0
981552,95.0
981632,75.0
981680,75.0
981872,125.0
981888,78.0
982016,29.0
982016,21.0
982048,94.0
982384,53.0
982672,90.0
982720,153.0
982752,150.0
982784,72.0
982944,109.0
983056,137.0
983264,173.0
983344,60.0
983440,98.0
983504,47.0
983600,234.0
983632,109.0
983712,104.0
983952,43.0
983984,229.0
984144,68.0
984208,96.0
984304,95.0
984336,178.0
984352,53.0
984384,90.0
984416,150.0
984640,41.0
984880,135.0
985072,27.0
985184,19.0
985216,57.0
985552,120.0
985552,221.0
985600,87.0
985680,140.0
985840,89.0
985888,96.0
985984,115.0
986160,160.0
986416,169.0
986512,90.0
986784,215.0
986912,185.0
986912,161.0
986960,80.0
987184,17.0
987552,198.0
987568,149.0
987600,51.0
987776,136.0
987776,160.0
987872,124.0
988080,140.0
988224,129.0
988528,186.0
988608,89.0
988672,141.0
988688,111.0
988976,214.0
989040,60.0
989056,74.0
989216,141.0
989376,100.0
989520,122.0
989520,188.0
989696,134.0
989968,148.0
990224,106.0
990336,272.0
990544,145.0
990672,21.0
990752,111.0
990752,86.0
990928,107.0
991040,95.0
991088,151.0
991456,150.0
991600,239.0
991648,89.0
991664,62.0
991680,192.0
991856,146.0
991888,200.0
991888,50.0
992016,23.0
992032,69.0
992256,201.0
992592,164.0
992720,189.0
992976,139.0
993072,22.0
993152,150.0
993360,145.0
993424,22.0
993600,107.0
993680,44.0
993680,125.0
993728,199.0
993920,154.0
994016,125.0
994080,93.0
994272,37.0
994368,169.0
994384,158.0
994480,47.0
994528,58.0
994592,160.0
994672,47.0
994720,85.0
995040,32.0
995152,222.0
995216,129.0
995264,211.0
995440,199.0
995504,77.0
995536,54.0
995648,139.0
995888,81.0
995952,99.0
996880,156.0
996912,117.0
996960,82.0
997312,113.0
997472,172.0
997568,127.0
997584,134.0
997632,42.0
997648,227.0
997968,218.0
998192,257.0
998336,153.0
998384,47.0
998464,200.0
998528,207.0
998608,64.0
998608,40.0
998736,114.0
998768,15.0
998832,122.0
998848,323.0
998864,30.0
999104,31.0
999392,75.0
999408,115.0
999408,35.0
999504,272.0
1000128,176.0
1000144,156.0
1000256,112.0
1000624,112.0
1000816,155.0
1001120,101.0
1001264,28.0
1001536,175.0
1001616,354.0
1001712,145.0
1001712,194.0
1001888,110.0
1002016,110.0
1002544,196.0
1002576,319.0
1002672,128.0
1002928,220.0
1002928,260.0
1003152,268.0
1003328,129.0
1003344,91.0
1003792,78.0
1003872,34.0
1003872,75.0
1003920,301.0
1003968,178.0
1004304,162.0
1004400,149.0
1004672,196.0
1004944,300.0
1005152,139.0
1005264,146.0
1005312,225.0
1005632,110.0
1005680,254.0
1005760,151.0
1005920,173.0
1005984,129.0
1006064,218.0
1006464,135.0
1006672,85.0
1006752,130.0
1006880,188.0
1006896,76.0
1006912,110.0
1007168,211.0
1007200,202.0
1007264,179.0
1007328,88.0
1007360,151.0
1007392,83.0
1007472,37.0
