Timestep,Reward
192,12.0
224,14.0
240,15.0
256,16.0
256,16.0
256,16.0
256,16.0
256,16.0
320,20.0
400,9.0
432,27.0
432,27.0
464,17.0
464,29.0
464,13.0
480,30.0
480,30.0
512,16.0
512,16.0
528,33.0
528,33.0
544,14.0
544,18.0
608,11.0
608,11.0
688,28.0
704,19.0
736,14.0
752,17.0
784,20.0
784,16.0
784,20.0
800,20.0
800,17.0
816,17.0
832,23.0
832,14.0
944,13.0
992,18.0
992,10.0
992,28.0
1024,15.0
1024,13.0
1040,16.0
1104,31.0
1168,23.0
1168,59.0
1200,32.0
1216,27.0
1216,29.0
1248,14.0
1264,47.0
1296,31.0
1296,19.0
1328,14.0
1344,19.0
1376,22.0
1376,24.0
1376,10.0
1472,33.0
1520,16.0
1552,24.0
1552,16.0
1584,13.0
1600,25.0
1632,16.0
1632,29.0
1696,22.0
1728,27.0
1776,59.0
1792,34.0
1808,14.0
1808,18.0
1840,23.0
1856,33.0
1872,15.0
1936,24.0
1936,24.0
1984,48.0
2000,12.0
2032,65.0
2096,29.0
2128,20.0
2128,12.0
2176,25.0
2192,51.0
2192,20.0
2240,34.0
2256,29.0
2320,12.0
2352,16.0
2352,26.0
2400,35.0
2432,12.0
2464,18.0
2480,30.0
2496,56.0
2528,34.0
2528,21.0
2560,33.0
2576,45.0
2576,20.0
2640,57.0
2656,21.0
2656,29.0
2656,19.0
2704,14.0
2768,12.0
2784,22.0
2800,17.0
2832,23.0
2864,29.0
2864,21.0
2912,26.0
2944,10.0
2960,16.0
2960,19.0
2992,21.0
3008,27.0
3040,24.0
3056,14.0
3072,45.0
3072,13.0
3088,18.0
3104,61.0
3104,15.0
3120,10.0
3152,13.0
3168,10.0
3184,14.0
3232,10.0
3248,12.0
3248,38.0
3248,16.0
3264,44.0
3328,13.0
3376,12.0
3408,19.0
3424,16.0
3440,21.0
3456,43.0
3456,26.0
3456,12.0
3472,24.0
3472,14.0
3488,36.0
3552,19.0
3568,31.0
3568,26.0
3568,12.0
3568,21.0
3664,16.0
3664,12.0
3664,11.0
3680,13.0
3696,16.0
3792,14.0
3792,23.0
3792,14.0
3792,14.0
3808,22.0
3856,12.0
3952,17.0
3952,24.0
3968,17.0
4016,13.0
4016,29.0
4016,14.0
4032,44.0
4048,12.0
4048,16.0
4064,25.0
4064,51.0
4080,18.0
4208,47.0
4208,16.0
4224,13.0
4224,17.0
4256,37.0
4272,14.0
4288,31.0
4288,15.0
4352,17.0
4368,22.0
4368,21.0
4416,28.0
4432,11.0
4464,11.0
4496,14.0
4512,19.0
4512,18.0
4528,10.0
4608,34.0
4640,18.0
4656,15.0
4656,9.0
4688,39.0
4720,22.0
4720,18.0
4736,14.0
4768,35.0
4784,48.0
4784,20.0
4800,12.0
4816,37.0
4848,87.0
4864,36.0
4880,22.0
4880,15.0
4944,14.0
4960,19.0
4976,30.0
4992,17.0
5008,15.0
5008,17.0
5024,21.0
5040,11.0
5104,14.0
5152,22.0
5168,12.0
5168,10.0
5184,10.0
5184,33.0
5216,11.0
5296,19.0
5296,26.0
5296,12.0
5328,23.0
5376,10.0
5392,14.0
5408,37.0
5440,41.0
5440,16.0
5472,11.0
5520,32.0
5536,47.0
5536,15.0
5552,25.0
5552,24.0
5600,26.0
5600,19.0
5616,48.0
5648,15.0
5696,19.0
5712,10.0
5712,21.0
5712,10.0
5728,13.0
5760,27.0
5776,15.0
5776,10.0
5856,16.0
5872,21.0
5904,29.0
5904,13.0
5920,20.0
5936,29.0
5952,63.0
5968,16.0
5968,12.0
6032,19.0
6048,38.0
6064,12.0
6064,13.0
6080,23.0
6080,27.0
6112,13.0
6128,12.0
6176,17.0
6192,30.0
6208,27.0
6272,15.0
6304,34.0
6304,12.0
6320,12.0
6368,19.0
6416,29.0
6448,30.0
6480,18.0
6608,12.0
6608,35.0
6624,22.0
6624,41.0
6640,29.0
6672,47.0
6688,13.0
6688,38.0
6704,24.0
6720,17.0
6752,24.0
6768,10.0
6800,31.0
6832,10.0
6912,18.0
6928,18.0
6944,20.0
6944,15.0
6960,56.0
6960,22.0
6992,19.0
7008,20.0
7072,17.0
7104,56.0
7120,22.0
7136,52.0
7152,13.0
7152,15.0
7184,27.0
7232,32.0
7264,12.0
7312,77.0
7344,21.0
7360,25.0
7376,15.0
7376,16.0
7376,17.0
7392,35.0
7456,31.0
7456,33.0
7472,18.0
7488,31.0
7504,35.0
7520,23.0
7568,16.0
7600,28.0
7632,16.0
7664,18.0
7664,17.0
7680,13.0
7712,23.0
7728,14.0
7744,18.0
7776,32.0
7776,16.0
7792,14.0
7808,9.0
7872,26.0
7888,13.0
7888,14.0
7888,32.0
7984,24.0
8016,13.0
8016,49.0
8048,16.0
8096,23.0
8112,14.0
8112,21.0
8144,32.0
8144,27.0
8144,16.0
8224,11.0
8240,29.0
8256,9.0
8272,18.0
8288,50.0
8352,38.0
8368,17.0
8368,14.0
8368,14.0
8384,32.0
8400,32.0
8464,15.0
8560,19.0
8576,35.0
8592,20.0
8592,15.0
8624,30.0
8656,18.0
8656,40.0
8672,82.0
8704,20.0
8720,22.0
8752,32.0
8768,25.0
8848,17.0
8864,17.0
8880,14.0
8880,11.0
8896,38.0
8912,9.0
8960,18.0
8976,22.0
8976,24.0
8976,32.0
9008,16.0
9024,57.0
9040,12.0
9104,24.0
9120,29.0
9136,10.0
9136,15.0
9152,11.0
9168,48.0
9200,40.0
9232,16.0
9248,23.0
9248,23.0
9312,28.0
9360,22.0
9392,23.0
9408,19.0
9440,30.0
9456,16.0
9504,16.0
9520,22.0
9520,10.0
9552,20.0
9616,31.0
9632,24.0
9632,15.0
9648,46.0
9664,10.0
9664,32.0
9696,35.0
9712,12.0
9760,20.0
9808,12.0
9808,25.0
9808,10.0
9840,20.0
9856,14.0
9856,19.0
9872,52.0
9872,13.0
9888,36.0
9904,48.0
9936,14.0
9952,12.0
10000,19.0
10016,13.0
10032,9.0
10032,12.0
10048,11.0
10064,10.0
10128,17.0
10128,42.0
10128,17.0
10128,20.0
10144,30.0
10240,38.0
10256,19.0
10256,28.0
10256,14.0
10304,19.0
10320,19.0
10320,18.0
10352,14.0
10400,17.0
10480,14.0
10544,31.0
10544,38.0
10576,28.0
10608,22.0
10624,17.0
10640,20.0
10656,22.0
10704,35.0
10704,28.0
10704,29.0
10736,16.0
10784,41.0
10816,17.0
10832,60.0
10864,34.0
10864,18.0
10864,20.0
10896,18.0
10912,11.0
10944,15.0
10976,57.0
11024,25.0
11088,28.0
11104,28.0
11104,25.0
11120,19.0
11136,27.0
11168,48.0
11216,24.0
11216,22.0
11248,24.0
11248,10.0
11248,22.0
11312,13.0
11328,24.0
11328,22.0
11344,27.0
11376,37.0
11408,12.0
11424,35.0
11424,19.0
11440,14.0
11488,22.0
11504,16.0
11520,17.0
11536,32.0
11536,13.0
11552,13.0
11568,12.0
11664,35.0
11728,11.0
11760,32.0
11776,17.0
11792,24.0
11808,24.0
11824,24.0
11840,19.0
11840,42.0
11840,19.0
11856,27.0
11904,37.0
11904,24.0
11968,19.0
12016,33.0
12032,12.0
12048,14.0
12064,17.0
12080,17.0
12144,24.0
12144,19.0
12160,20.0
12160,16.0
12176,28.0
12208,12.0
12272,59.0
12336,11.0
12352,18.0
12368,12.0
12400,15.0
12416,40.0
12416,32.0
12432,29.0
12432,36.0
12480,27.0
12496,22.0
12560,18.0
12592,11.0
12592,14.0
12624,37.0
12640,27.0
12656,14.0
12752,16.0
12768,13.0
12800,23.0
12816,78.0
12816,42.0
12864,49.0
12880,15.0
12896,19.0
12912,36.0
12912,20.0
12960,30.0
12976,20.0
13008,13.0
13040,39.0
13040,9.0
13104,15.0
13136,24.0
13136,14.0
13184,13.0
13232,12.0
13248,27.0
13248,15.0
13264,40.0
13296,26.0
13312,60.0
13328,23.0
13376,38.0
13376,61.0
13392,13.0
13456,22.0
13472,14.0
13472,15.0
13520,30.0
13552,18.0
13552,16.0
13552,26.0
13568,16.0
13584,12.0
13584,21.0
13616,30.0
13648,17.0
13696,9.0
13712,16.0
13744,11.0
13776,14.0
13776,19.0
13808,30.0
13840,16.0
13856,30.0
13904,20.0
13920,23.0
14016,17.0
14048,17.0
14064,28.0
14064,34.0
14080,19.0
14080,10.0
14096,12.0
14144,42.0
14144,19.0
14208,87.0
14208,25.0
14224,36.0
14240,34.0
14240,10.0
14240,24.0
14304,10.0
14336,12.0
14336,16.0
14368,10.0
14368,20.0
14384,18.0
14416,11.0
14448,24.0
14480,48.0
14496,16.0
14496,30.0
14528,19.0
14528,12.0
14528,9.0
14544,30.0
14560,20.0
14640,21.0
14672,19.0
14688,20.0
14688,17.0
14736,114.0
14768,15.0
14800,19.0
14816,23.0
14816,18.0
14816,21.0
14832,10.0
14864,14.0
14944,26.0
14960,39.0
14976,26.0
14992,11.0
15008,12.0
15008,29.0
15008,13.0
15040,22.0
15056,15.0
15104,21.0
15120,11.0
15136,19.0
15136,58.0
15152,11.0
15232,14.0
15248,12.0
15264,25.0
15264,17.0
15264,16.0
15280,37.0
15280,15.0
15312,22.0
15312,19.0
15360,54.0
15360,16.0
15392,41.0
15456,21.0
15456,20.0
15472,13.0
15520,18.0
15536,16.0
15568,26.0
15584,21.0
15584,12.0
15600,20.0
15632,20.0
15648,32.0
15664,19.0
15696,21.0
15744,14.0
15744,27.0
15760,31.0
15792,21.0
15792,33.0
15808,21.0
15824,18.0
15856,17.0
15872,17.0
15888,9.0
15888,19.0
15936,23.0
15968,11.0
15984,22.0
16016,20.0
16096,22.0
16096,19.0
16096,28.0
16096,17.0
16096,21.0
16128,12.0
16144,16.0
16160,22.0
16192,20.0
16192,33.0
16224,23.0
16288,25.0
16304,21.0
16304,53.0
16368,24.0
16368,17.0
16384,14.0
16384,12.0
16432,18.0
16432,19.0
16448,22.0
16480,18.0
16480,29.0
16512,26.0
16528,14.0
16544,11.0
16576,22.0
16592,31.0
16624,33.0
16640,21.0
16640,17.0
16688,9.0
16768,18.0
16784,9.0
16784,13.0
16784,22.0
16784,21.0
16784,25.0
16816,33.0
16848,26.0
16848,23.0
16880,18.0
16896,17.0
16912,14.0
16912,33.0
16928,18.0
16928,26.0
16944,10.0
17024,15.0
17024,16.0
17104,20.0
17104,12.0
17120,19.0
17136,18.0
17136,16.0
17184,10.0
17232,28.0
17232,18.0
17248,25.0
17328,14.0
17344,10.0
17392,23.0
17392,29.0
17424,32.0
17424,19.0
17440,13.0
17456,22.0
17472,14.0
17536,25.0
17568,49.0
17568,9.0
17600,67.0
17632,31.0
17648,12.0
17680,47.0
17680,22.0
17712,17.0
17712,30.0
17712,18.0
17728,10.0
17744,17.0
17760,26.0
17808,15.0
17824,11.0
17840,13.0
17856,29.0
17872,10.0
17888,11.0
17888,11.0
17920,64.0
17920,33.0
17936,16.0
18000,15.0
18032,19.0
18048,13.0
18096,13.0
18144,14.0
18144,38.0
18160,35.0
18160,19.0
18192,32.0
18192,23.0
18208,13.0
18240,27.0
18240,13.0
18240,20.0
18288,22.0
18336,37.0
18352,13.0
18352,29.0
18400,22.0
18416,34.0
18432,12.0
18448,13.0
18464,16.0
18480,15.0
18496,19.0
18512,23.0
18528,23.0
18560,23.0
18576,14.0
18624,21.0
18624,11.0
18640,13.0
18704,13.0
18736,21.0
18784,19.0
18816,41.0
18880,33.0
18880,20.0
18944,15.0
18944,26.0
18960,34.0
18976,29.0
18992,16.0
19056,17.0
19056,15.0
19088,13.0
19104,9.0
19104,14.0
19104,40.0
19168,37.0
19232,15.0
19248,17.0
19280,11.0
19280,11.0
19312,16.0
19344,78.0
19344,15.0
19360,17.0
19376,47.0
19376,27.0
19392,66.0
19424,30.0
19440,50.0
19456,25.0
19504,14.0
19520,17.0
19536,11.0
19552,20.0
19552,15.0
19568,12.0
19584,26.0
19600,16.0
19616,12.0
19664,65.0
19680,14.0
19680,10.0
19696,16.0
19760,23.0
19792,14.0
19808,29.0
19856,12.0
19856,16.0
19872,37.0
19888,21.0
19888,21.0
19920,34.0
19936,22.0
19952,17.0
19952,16.0
19968,22.0
20048,23.0
20128,20.0
20128,23.0
20144,18.0
20160,23.0
20160,39.0
20160,17.0
20160,18.0
20176,13.0
20176,16.0
20176,15.0
20304,22.0
20336,11.0
20336,11.0
20336,11.0
20352,53.0
20368,30.0
20432,19.0
20448,18.0
20448,37.0
20464,21.0
20464,26.0
20496,20.0
20512,21.0
20528,12.0
20576,25.0
20592,9.0
20608,9.0
20608,19.0
20640,19.0
20656,13.0
20672,45.0
20704,21.0
20704,22.0
20704,13.0
20736,25.0
20768,16.0
20800,14.0
20800,12.0
20832,23.0
20848,12.0
20864,27.0
20864,45.0
20992,12.0
21008,15.0
21008,17.0
21024,14.0
21040,13.0
21040,25.0
21104,25.0
21104,15.0
21120,28.0
21136,34.0
21136,33.0
21184,41.0
21184,21.0
21232,33.0
21248,34.0
21248,15.0
21280,16.0
21280,15.0
21280,15.0
21312,12.0
21312,11.0
21328,14.0
21344,10.0
21408,34.0
21440,27.0
21440,19.0
21472,12.0
21472,18.0
21488,15.0
21488,11.0
21504,10.0
21520,18.0
21536,18.0
21568,15.0
21600,20.0
21616,9.0
21648,13.0
21680,12.0
21680,10.0
21680,36.0
21696,18.0
21696,10.0
21792,32.0
21808,51.0
21824,14.0
21840,10.0
21840,22.0
21872,27.0
21872,11.0
21888,26.0
21904,37.0
21920,15.0
21936,27.0
22016,11.0
22016,25.0
22048,30.0
22064,12.0
22064,15.0
22064,12.0
22080,10.0
22080,15.0
22112,27.0
22128,21.0
22176,33.0
22176,10.0
22208,19.0
22224,26.0
22224,11.0
22256,20.0
22256,35.0
22304,14.0
22336,20.0
22336,13.0
22352,15.0
22368,19.0
22416,13.0
22464,15.0
22464,25.0
22480,19.0
22480,26.0
22512,11.0
22528,17.0
22560,42.0
22592,21.0
22592,32.0
22608,19.0
22624,10.0
22624,18.0
22656,12.0
22688,20.0
22704,12.0
22704,30.0
22704,14.0
22736,16.0
22752,14.0
22752,36.0
22784,14.0
22784,23.0
22816,12.0
22848,10.0
22880,18.0
22912,16.0
22976,24.0
22992,40.0
23008,19.0
23056,17.0
23088,24.0
23104,30.0
23120,17.0
23120,19.0
23168,26.0
23168,29.0
23168,35.0
23216,21.0
23232,28.0
23248,32.0
23312,19.0
23312,13.0
23328,17.0
23360,15.0
23360,15.0
23392,19.0
23408,15.0
23408,11.0
23440,28.0
23488,36.0
23504,21.0
23552,50.0
23552,21.0
23552,14.0
23568,16.0
23568,13.0
23568,10.0
23584,38.0
23632,15.0
23680,11.0
23696,33.0
23696,24.0
23712,19.0
23744,31.0
23744,12.0
23760,13.0
23792,19.0
23792,15.0
23792,27.0
23808,14.0
23824,24.0
23840,13.0
23856,18.0
23920,13.0
23936,23.0
23968,13.0
24000,19.0
24032,29.0
24032,15.0
24064,20.0
24160,15.0
24160,22.0
24176,22.0
24208,13.0
24224,16.0
24240,28.0
24256,36.0
24288,27.0
24288,16.0
24304,35.0
24336,19.0
24352,35.0
24352,26.0
24352,18.0
24416,16.0
24416,45.0
24464,13.0
24528,15.0
24528,15.0
24528,20.0
24544,44.0
24544,12.0
24560,9.0
24560,21.0
24592,26.0
24608,19.0
24640,11.0
24656,19.0
24656,20.0
24672,32.0
24768,15.0
24768,33.0
24784,11.0
24800,17.0
24816,17.0
24848,31.0
24880,18.0
24928,17.0
25008,37.0
25008,21.0
25024,16.0
25072,32.0
25072,33.0
25088,33.0
25120,21.0
25168,18.0
25184,41.0
25184,10.0
25232,10.0
25248,15.0
25248,38.0
25264,16.0
25280,12.0
25280,39.0
25296,14.0
25344,36.0
25408,14.0
25424,38.0
25456,41.0
25472,18.0
25472,14.0
25472,22.0
25488,35.0
25488,16.0
25520,22.0
25536,16.0
25584,21.0
25632,49.0
25648,12.0
25664,11.0
25664,11.0
25680,16.0
25696,27.0
25728,12.0
25744,17.0
25760,30.0
25776,23.0
25792,20.0
25856,12.0
25856,35.0
25888,13.0
25904,11.0
25920,16.0
25936,29.0
25936,15.0
25952,19.0
26000,16.0
26016,15.0
26048,33.0
26080,11.0
26112,16.0
26128,34.0
26144,16.0
26160,23.0
26176,15.0
26192,53.0
26192,35.0
26208,13.0
26224,23.0
26256,15.0
26256,11.0
26256,20.0
26272,32.0
26288,10.0
26352,19.0
26352,15.0
26400,28.0
26400,9.0
26400,16.0
26416,12.0
26448,12.0
26448,16.0
26496,21.0
26528,15.0
26576,14.0
26592,20.0
26624,14.0
26640,18.0
26672,29.0
26688,48.0
26720,14.0
26752,22.0
26768,15.0
26768,20.0
26800,24.0
26800,38.0
26800,11.0
26880,12.0
26928,22.0
26944,22.0
26960,20.0
26976,19.0
26992,12.0
27040,17.0
27040,40.0
27056,11.0
27056,38.0
27072,56.0
27104,53.0
27120,25.0
27120,11.0
27152,24.0
27152,22.0
27152,22.0
27232,11.0
27264,21.0
27296,20.0
27296,21.0
27296,16.0
27312,15.0
27328,21.0
27440,9.0
27456,14.0
27472,45.0
27472,11.0
27488,21.0
27504,25.0
27504,22.0
27536,14.0
27536,17.0
27552,31.0
27568,26.0
27632,32.0
27632,10.0
27648,22.0
27664,13.0
27696,12.0
27744,39.0
27760,16.0
27760,17.0
27776,15.0
27840,12.0
27872,19.0
27872,13.0
27872,20.0
27888,16.0
27936,10.0
27968,13.0
28000,60.0
28032,31.0
28032,35.0
28064,20.0
28080,13.0
28112,30.0
28128,23.0
28144,16.0
28176,30.0
28192,22.0
28256,51.0
28272,21.0
28272,15.0
28288,16.0
28304,21.0
28304,14.0
28304,19.0
28352,30.0
28368,11.0
28368,14.0
28384,32.0
28464,71.0
28464,18.0
28480,23.0
28480,13.0
28496,13.0
28496,23.0
28528,14.0
28544,17.0
28544,10.0
28576,32.0
28688,10.0
28688,20.0
28688,24.0
28720,16.0
28752,25.0
28752,17.0
28752,16.0
28768,19.0
28784,26.0
28832,33.0
28832,18.0
28848,10.0
28864,11.0
28880,25.0
28912,23.0
28976,14.0
28992,14.0
29008,20.0
29040,11.0
29040,13.0
29072,12.0
29088,23.0
29104,38.0
29152,19.0
29168,26.0
29200,26.0
29216,24.0
29216,19.0
29232,10.0
29248,16.0
29248,31.0
29264,63.0
29296,45.0
29360,24.0
29360,20.0
29376,10.0
29408,13.0
29456,13.0
29472,16.0
29488,28.0
29488,30.0
29520,27.0
29552,28.0
29552,18.0
29568,12.0
29584,14.0
29632,24.0
29632,29.0
29632,21.0
29632,9.0
29664,19.0
29712,14.0
29712,30.0
29808,18.0
29808,11.0
29824,12.0
29856,19.0
29872,19.0
29904,20.0
29920,18.0
29936,33.0
29952,15.0
29968,26.0
29984,52.0
29984,10.0
30000,23.0
30096,27.0
30128,20.0
30128,11.0
30144,18.0
30160,22.0
30192,30.0
30208,19.0
30304,24.0
30304,21.0
30320,21.0
30336,12.0
30336,29.0
30352,10.0
30400,17.0
30400,25.0
30416,30.0
30416,18.0
30448,61.0
30448,62.0
30464,16.0
30528,14.0
30576,16.0
30608,13.0
30624,18.0
30672,14.0
30704,23.0
30720,19.0
30736,36.0
30752,18.0
30752,41.0
30800,17.0
30816,26.0
30832,16.0
30832,24.0
30848,54.0
30848,11.0
30864,15.0
30880,17.0
30912,38.0
30944,14.0
31008,19.0
31008,10.0
31040,18.0
31088,22.0
31088,14.0
31104,19.0
31104,43.0
31104,47.0
31136,19.0
31152,21.0
31152,15.0
31184,15.0
31184,19.0
31232,14.0
31312,13.0
31312,35.0
31344,15.0
31360,11.0
31392,19.0
31440,16.0
31456,38.0
31472,29.0
31488,22.0
31488,21.0
31520,13.0
31552,13.0
31616,14.0
31632,17.0
31632,25.0
31632,34.0
31632,30.0
31664,11.0
31680,40.0
31760,15.0
31760,13.0
31776,20.0
31824,32.0
31888,13.0
31888,16.0
31904,17.0
31968,33.0
32000,23.0
32016,16.0
32048,26.0
32064,11.0
32064,15.0
32112,13.0
32128,23.0
32144,33.0
32176,67.0
32208,45.0
32208,27.0
32224,10.0
32224,10.0
32272,50.0
32288,91.0
32320,27.0
32336,14.0
32352,43.0
32368,23.0
32384,11.0
32384,16.0
32448,25.0
32464,12.0
32496,33.0
32496,17.0
32528,13.0
32528,19.0
32560,11.0
32560,13.0
32608,20.0
32608,15.0
32624,26.0
32640,31.0
32688,19.0
32704,16.0
32704,23.0
32752,9.0
32784,20.0
32784,9.0
32800,49.0
32816,13.0
32832,21.0
32832,19.0
32848,18.0
32896,13.0
32896,21.0
32896,12.0
32928,11.0
32976,12.0
33008,32.0
33024,12.0
33056,14.0
33088,15.0
33088,19.0
33088,17.0
33104,13.0
33232,21.0
33264,11.0
33264,23.0
33280,12.0
33280,69.0
33328,20.0
33328,19.0
33328,50.0
33344,40.0
33360,16.0
33376,28.0
33392,37.0
33472,24.0
33520,56.0
33520,12.0
33552,14.0
33552,17.0
33568,32.0
33568,11.0
33568,21.0
33584,38.0
33616,17.0
33648,17.0
33680,26.0
33696,14.0
33744,14.0
33744,24.0
33776,13.0
33792,32.0
33856,18.0
33872,12.0
33872,19.0
33888,21.0
33904,36.0
33968,20.0
33984,12.0
34016,10.0
34032,48.0
34032,18.0
34048,27.0
34048,33.0
34080,21.0
34112,26.0
34160,38.0
34192,26.0
34208,11.0
34272,16.0
34272,12.0
34288,11.0
34304,45.0
34352,19.0
34368,31.0
34416,32.0
34464,12.0
34464,37.0
34464,30.0
34480,27.0
34496,14.0
34528,14.0
34560,23.0
34560,25.0
34592,24.0
34624,41.0
34656,23.0
34688,21.0
34720,43.0
34736,15.0
34768,13.0
34768,25.0
34784,12.0
34832,13.0
34864,21.0
34880,26.0
34928,65.0
34976,13.0
34976,15.0
35008,14.0
35024,35.0
35024,35.0
35024,29.0
35088,10.0
35088,38.0
35104,17.0
35120,27.0
35152,17.0
35264,25.0
35280,10.0
35296,18.0
35312,41.0
35328,19.0
35328,19.0
35344,58.0
35408,43.0
35424,21.0
35440,18.0
35456,12.0
35504,11.0
35504,33.0
35536,27.0
35552,17.0
35552,13.0
35552,29.0
35584,16.0
35600,11.0
35648,22.0
35664,10.0
35712,10.0
35744,61.0
35760,14.0
35760,11.0
35776,17.0
35792,30.0
35792,48.0
35856,19.0
35904,28.0
35952,32.0
35952,61.0
35968,12.0
35984,14.0
36000,22.0
36016,26.0
36032,18.0
36048,18.0
36128,17.0
36128,26.0
36144,46.0
36176,24.0
36272,14.0
36272,16.0
36288,21.0
36336,19.0
36368,51.0
36368,29.0
36368,25.0
36416,18.0
36448,20.0
36448,49.0
36464,18.0
36496,22.0
36544,11.0
36560,38.0
36576,19.0
36592,16.0
36656,42.0
36688,14.0
36720,11.0
36736,29.0
36736,11.0
36784,13.0
36800,9.0
36816,20.0
36912,29.0
36912,12.0
36944,22.0
36960,14.0
36976,43.0
36992,34.0
36992,13.0
36992,39.0
37008,63.0
37008,76.0
37072,16.0
37120,11.0
37200,12.0
37232,15.0
37296,24.0
37328,16.0
37328,60.0
37392,12.0
37440,47.0
37472,42.0
37472,35.0
37488,31.0
37488,12.0
37520,12.0
37536,50.0
37552,35.0
37600,30.0
37648,43.0
37696,45.0
37728,11.0
37760,18.0
37776,85.0
37776,11.0
37808,20.0
37872,21.0
37888,26.0
37888,41.0
37904,36.0
37984,61.0
38000,19.0
38032,40.0
38112,13.0
38144,24.0
38160,40.0
38224,46.0
38224,36.0
38240,22.0
38256,14.0
38384,32.0
38400,9.0
38464,19.0
38480,47.0
38480,44.0
38496,66.0
38512,18.0
38528,34.0
38528,40.0
38560,28.0
38592,23.0
38608,23.0
38720,15.0
38720,59.0
38720,57.0
38720,36.0
38752,18.0
38752,14.0
38816,18.0
38832,14.0
38864,23.0
38912,12.0
38944,59.0
38944,14.0
38944,14.0
39008,39.0
39040,18.0
39056,29.0
39072,10.0
39088,36.0
39088,14.0
39104,34.0
39120,25.0
39120,45.0
39152,25.0
39152,21.0
39200,16.0
39200,23.0
39296,13.0
39344,16.0
39392,28.0
39424,17.0
39440,21.0
39440,24.0
39472,33.0
39536,21.0
39568,17.0
39584,69.0
39632,39.0
39648,16.0
39680,38.0
39712,35.0
39744,19.0
39760,40.0
39760,35.0
39824,25.0
39856,51.0
39904,27.0
39968,33.0
40016,28.0
40032,25.0
40032,31.0
40048,19.0
40048,58.0
40048,44.0
40064,22.0
40080,11.0
40080,25.0
40080,27.0
40192,23.0
40240,14.0
40256,13.0
40272,13.0
40272,26.0
40272,14.0
40288,13.0
40352,48.0
40368,21.0
40384,22.0
40400,27.0
40416,21.0
40448,23.0
40448,11.0
40464,11.0
40480,15.0
40512,15.0
40608,53.0
40624,11.0
40624,23.0
40656,9.0
40704,16.0
40704,20.0
40720,33.0
40736,29.0
40752,22.0
40768,63.0
40768,19.0
40784,23.0
40800,11.0
40880,33.0
40912,54.0
40944,15.0
40960,22.0
40992,14.0
41040,35.0
41040,16.0
41072,19.0
41136,32.0
41136,24.0
41168,27.0
41216,19.0
41216,21.0
41232,12.0
41296,19.0
41312,23.0
41328,12.0
41328,23.0
41344,13.0
41376,36.0
41408,65.0
41456,47.0
41456,10.0
41472,25.0
41504,29.0
41504,18.0
41536,19.0
41552,13.0
41568,16.0
41632,57.0
41632,14.0
41648,27.0
41664,13.0
41696,9.0
41712,16.0
41712,11.0
41728,25.0
41728,35.0
41728,67.0
41744,17.0
41856,30.0
41888,24.0
41936,17.0
41952,39.0
41968,16.0
41968,15.0
42032,19.0
42096,37.0
42112,14.0
42128,17.0
42160,33.0
42176,14.0
42176,28.0
42208,31.0
42224,37.0
42288,20.0
42304,21.0
42304,23.0
42320,14.0
42368,13.0
42368,10.0
42384,16.0
42448,21.0
42448,10.0
42464,45.0
42480,49.0
42576,17.0
42576,63.0
42576,17.0
42592,26.0
42592,17.0
42608,27.0
42624,15.0
42656,39.0
42656,63.0
42720,22.0
42736,10.0
42752,11.0
42752,17.0
42784,26.0
42816,13.0
42832,15.0
42896,17.0
42960,31.0
42976,15.0
43008,22.0
43072,11.0
43088,17.0
43088,21.0
43152,23.0
43152,31.0
43168,21.0
43168,45.0
43248,50.0
43248,15.0
43280,35.0
43296,13.0
43312,45.0
43328,10.0
43344,70.0
43344,17.0
43376,18.0
43424,17.0
43472,14.0
43472,20.0
43472,31.0
43504,12.0
43536,36.0
43552,50.0
43584,13.0
43616,28.0
43648,11.0
43680,69.0
43696,28.0
43712,15.0
43728,25.0
43744,28.0
43760,13.0
43776,12.0
43840,21.0
43840,9.0
43856,15.0
43872,37.0
43888,29.0
43888,15.0
43904,11.0
43952,11.0
44032,20.0
44048,32.0
44048,12.0
44080,46.0
44160,26.0
44176,21.0
44192,19.0
44224,17.0
44240,22.0
44256,14.0
44288,24.0
44336,54.0
44352,11.0
44384,19.0
44400,66.0
44400,15.0
44416,14.0
44448,36.0
44448,43.0
44496,16.0
44528,19.0
44560,10.0
44592,21.0
44624,18.0
44656,51.0
44720,27.0
44720,42.0
44720,14.0
44752,21.0
44768,11.0
44784,69.0
44816,23.0
44912,16.0
44992,38.0
44992,17.0
45120,48.0
45152,37.0
45168,48.0
45168,70.0
45168,45.0
45184,25.0
45200,13.0
45232,26.0
45280,33.0
45312,37.0
45360,40.0
45376,53.0
45376,12.0
45408,49.0
45424,17.0
45488,13.0
45488,18.0
45504,37.0
45520,22.0
45568,21.0
45568,50.0
45616,12.0
45632,29.0
45664,42.0
45664,22.0
45680,17.0
45712,9.0
45728,35.0
45728,15.0
45824,29.0
45872,31.0
45888,24.0
45888,32.0
45920,16.0
45968,28.0
45984,16.0
46016,12.0
46032,57.0
46032,20.0
46064,25.0
46096,29.0
46096,38.0
46128,16.0
46160,17.0
46176,35.0
46192,29.0
46208,18.0
46224,12.0
46240,17.0
46352,14.0
46352,12.0
46400,19.0
46464,27.0
46464,28.0
46480,19.0
46480,16.0
46528,27.0
46544,21.0
46560,20.0
46576,56.0
46592,15.0
46592,15.0
46640,15.0
46640,67.0
46640,36.0
46688,14.0
46768,49.0
46768,55.0
46816,11.0
46832,15.0
46896,19.0
46896,13.0
46912,17.0
46912,28.0
46928,46.0
46928,28.0
46976,28.0
47072,16.0
47104,12.0
47168,37.0
47184,17.0
47232,43.0
47232,21.0
47248,17.0
47264,49.0
47312,34.0
47344,10.0
47344,36.0
47376,28.0
47392,20.0
47456,14.0
47456,22.0
47488,53.0
47488,20.0
47488,41.0
47584,41.0
47600,14.0
47600,21.0
47648,10.0
47680,23.0
47696,22.0
47712,20.0
47760,17.0
47840,37.0
47856,32.0
47888,83.0
47920,15.0
47920,29.0
47936,30.0
47952,22.0
47984,47.0
48016,26.0
48016,19.0
48032,24.0
48032,28.0
48048,13.0
48048,35.0
48128,23.0
48128,27.0
48128,15.0
48160,11.0
48176,15.0
48192,17.0
48208,12.0
48272,26.0
48336,18.0
48336,11.0
48352,14.0
48368,12.0
48368,21.0
48416,31.0
48432,96.0
48432,14.0
48464,26.0
48544,17.0
48560,14.0
48592,40.0
48592,15.0
48592,10.0
48624,31.0
48640,13.0
48656,33.0
48656,15.0
48672,30.0
48688,41.0
48768,19.0
48784,26.0
48784,12.0
48816,17.0
48848,30.0
48848,52.0
48864,12.0
48880,20.0
48928,21.0
48960,20.0
48976,40.0
49024,23.0
49040,12.0
49072,28.0
49104,15.0
49104,11.0
49120,29.0
49136,20.0
49200,26.0
49296,21.0
49344,17.0
49344,23.0
49376,17.0
49376,15.0
49376,49.0
49376,21.0
49424,34.0
49424,25.0
49440,21.0
49504,45.0
49552,44.0
49552,27.0
49616,58.0
49648,14.0
49680,57.0
49728,24.0
49744,20.0
49744,23.0
49776,14.0
49792,15.0
49792,37.0
49808,32.0
49824,28.0
49824,11.0
49872,31.0
49872,27.0
49984,15.0
50000,41.0
50000,17.0
50000,39.0
50016,15.0
50048,16.0
50048,11.0
50048,14.0
50048,16.0
50048,27.0
50096,37.0
50128,16.0
50256,32.0
50256,13.0
50304,30.0
50320,17.0
50336,18.0
50352,42.0
50400,24.0
50400,22.0
50416,26.0
50432,27.0
50448,25.0
50448,12.0
50464,13.0
50496,12.0
50512,44.0
50528,27.0
50608,11.0
50640,18.0
50656,21.0
50688,10.0
50704,19.0
50736,46.0
50768,49.0
50784,24.0
50800,21.0
50832,21.0
50832,20.0
50864,10.0
50880,12.0
50912,29.0
50912,29.0
50912,36.0
50992,24.0
51024,16.0
51024,23.0
51040,16.0
51056,58.0
51088,18.0
51104,15.0
51120,44.0
51168,16.0
51168,11.0
51200,35.0
51200,18.0
51280,15.0
51360,12.0
51376,11.0
51424,43.0
51440,26.0
51440,38.0
51472,40.0
51488,38.0
51552,31.0
51568,34.0
51568,23.0
51616,11.0
51632,29.0
51680,20.0
51744,19.0
51776,43.0
51808,15.0
51840,13.0
51872,20.0
51904,39.0
51904,33.0
51920,27.0
51952,53.0
51968,18.0
51984,35.0
52016,25.0
52048,30.0
52080,21.0
52096,39.0
52160,22.0
52192,22.0
52208,27.0
52256,22.0
52288,19.0
52304,21.0
52320,15.0
52336,20.0
52384,29.0
52384,18.0
52400,33.0
52400,93.0
52416,81.0
52544,21.0
52560,19.0
52592,25.0
52624,13.0
52656,17.0
52672,48.0
52752,22.0
52784,15.0
52800,29.0
52832,32.0
52832,34.0
52848,14.0
52912,16.0
52928,39.0
52960,25.0
52960,57.0
52976,36.0
53008,39.0
53024,15.0
53024,22.0
53040,55.0
53072,17.0
53072,30.0
53088,10.0
53120,23.0
53152,20.0
53200,15.0
53248,14.0
53248,26.0
53296,13.0
53296,18.0
53312,15.0
53344,19.0
53392,20.0
53408,31.0
53408,91.0
53424,28.0
53440,12.0
53504,13.0
53520,25.0
53536,18.0
53536,21.0
53568,17.0
53616,12.0
53648,15.0
53760,20.0
53792,25.0
53792,40.0
53808,31.0
53808,19.0
53808,17.0
53856,13.0
53856,21.0
53856,63.0
53872,19.0
53904,55.0
53904,59.0
53968,10.0
54016,14.0
54112,22.0
54112,16.0
54144,15.0
54192,49.0
54192,11.0
54208,26.0
54256,24.0
54288,30.0
54288,20.0
54320,26.0
54336,62.0
54352,31.0
54368,16.0
54368,35.0
54368,14.0
54400,13.0
54432,11.0
54432,51.0
54464,22.0
54464,17.0
54496,40.0
54496,13.0
54560,17.0
54624,16.0
54656,28.0
54656,20.0
54688,20.0
54720,23.0
54720,14.0
54752,76.0
54768,19.0
54832,17.0
54832,21.0
54848,12.0
54848,26.0
54896,33.0
54928,29.0
54944,18.0
54944,11.0
55008,18.0
55024,39.0
55040,38.0
55040,20.0
55056,23.0
55088,16.0
55120,23.0
55136,12.0
55136,13.0
55168,53.0
55184,11.0
55232,12.0
55264,13.0
55264,14.0
55264,15.0
55376,12.0
55408,35.0
55408,36.0
55408,35.0
55440,19.0
55536,37.0
55568,30.0
55616,24.0
55616,22.0
55616,13.0
55728,38.0
55728,20.0
55792,33.0
55808,23.0
55808,27.0
55824,75.0
55840,14.0
55936,20.0
55936,50.0
55968,50.0
56000,17.0
56032,31.0
56048,30.0
56048,49.0
56064,73.0
56128,45.0
56160,14.0
56160,14.0
56160,12.0
56224,24.0
56224,27.0
56224,10.0
56224,38.0
56256,14.0
56272,14.0
56336,33.0
56480,47.0
56496,21.0
56528,19.0
56544,31.0
56544,18.0
56544,20.0
56576,22.0
56592,37.0
56640,51.0
56672,34.0
56720,57.0
56736,12.0
56800,14.0
56800,17.0
56816,30.0
56848,43.0
56880,15.0
56896,10.0
56896,26.0
56912,20.0
56944,45.0
56944,25.0
57040,55.0
57056,13.0
57056,32.0
57072,17.0
57088,23.0
57088,26.0
57136,15.0
57184,17.0
57184,57.0
57232,18.0
57264,29.0
57264,20.0
57296,15.0
57296,15.0
57328,12.0
57408,33.0
57440,11.0
57488,12.0
57504,26.0
57520,27.0
57552,46.0
57552,32.0
57584,32.0
57584,18.0
57600,44.0
57600,21.0
57616,18.0
57712,30.0
57728,13.0
57728,18.0
57744,10.0
57760,13.0
57760,17.0
57760,10.0
57776,12.0
57792,12.0
57840,21.0
57888,11.0
57888,44.0
57904,9.0
57904,45.0
57920,89.0
58000,15.0
58016,18.0
58016,16.0
58016,25.0
58064,32.0
58080,15.0
58144,26.0
58160,24.0
58160,23.0
58160,16.0
58208,12.0
58208,50.0
58208,20.0
58272,16.0
58336,27.0
58384,40.0
58400,30.0
58416,16.0
58448,19.0
58464,36.0
58480,30.0
58496,18.0
58624,38.0
58640,36.0
58656,28.0
58656,36.0
58688,15.0
58704,14.0
58736,36.0
58736,25.0
58752,22.0
58768,38.0
58784,20.0
58816,25.0
58880,15.0
58896,15.0
58960,11.0
58992,16.0
59008,20.0
59024,33.0
59104,56.0
59104,22.0
59136,16.0
59168,25.0
59200,15.0
59232,33.0
59280,17.0
59280,34.0
59296,25.0
59312,20.0
59312,31.0
59328,59.0
59344,20.0
59392,18.0
59392,16.0
59424,50.0
59456,16.0
59488,20.0
59488,76.0
59504,12.0
59520,15.0
59536,13.0
59536,16.0
59568,21.0
59584,18.0
59664,11.0
59696,11.0
59728,26.0
59776,17.0
59776,18.0
59824,73.0
59824,27.0
59824,25.0
59888,14.0
59920,21.0
59936,37.0
59952,53.0
60000,27.0
60080,22.0
60128,13.0
60144,38.0
60160,24.0
60160,44.0
60176,11.0
60192,15.0
60208,24.0
60224,28.0
60224,25.0
60224,25.0
60304,11.0
60368,52.0
60416,12.0
60432,65.0
60432,17.0
60448,14.0
60464,18.0
60464,36.0
60464,10.0
60592,32.0
60592,56.0
60672,19.0
60672,46.0
60672,15.0
60720,16.0
60720,18.0
60784,39.0
60832,10.0
60848,24.0
60848,11.0
60848,27.0
60896,43.0
60896,19.0
60912,45.0
60912,15.0
60960,31.0
60960,51.0
61040,20.0
61056,10.0
61056,13.0
61088,54.0
61104,16.0
61152,35.0
61168,13.0
61280,52.0
61344,35.0
61344,12.0
61360,29.0
61408,35.0
61424,37.0
61440,25.0
61456,23.0
61504,25.0
61504,28.0
61568,18.0
61584,42.0
61600,27.0
61600,16.0
61616,56.0
61664,15.0
61744,15.0
61808,22.0
61808,13.0
61808,29.0
61824,48.0
61824,13.0
61840,21.0
61856,31.0
61888,58.0
61904,19.0
61936,17.0
61952,23.0
62016,11.0
62080,21.0
62096,18.0
62176,79.0
62176,20.0
62176,17.0
62192,16.0
62224,41.0
62224,26.0
62224,51.0
62256,10.0
62304,18.0
62304,30.0
62304,14.0
62352,11.0
62352,25.0
62480,14.0
62480,16.0
62480,42.0
62496,66.0
62512,20.0
62544,41.0
62544,12.0
62640,21.0
62704,12.0
62736,16.0
62736,24.0
62800,36.0
62800,39.0
62800,61.0
62816,32.0
62928,28.0
62928,18.0
62944,13.0
62960,29.0
62960,41.0
62976,31.0
63056,55.0
63088,34.0
63088,9.0
63120,20.0
63232,27.0
63232,17.0
63232,33.0
63264,33.0
63280,66.0
63296,23.0
63312,12.0
63344,34.0
63360,25.0
63440,13.0
63488,13.0
63520,37.0
63520,61.0
63536,12.0
63568,17.0
63584,14.0
63616,11.0
63632,36.0
63712,12.0
63728,31.0
63760,42.0
63808,18.0
63824,46.0
63840,33.0
63840,22.0
63856,18.0
63856,14.0
63872,16.0
63920,12.0
63920,69.0
63968,62.0
64000,10.0
64048,14.0
64048,12.0
64048,15.0
64080,31.0
64112,17.0
64192,41.0
64192,14.0
64192,60.0
64208,31.0
64240,12.0
64288,23.0
64288,18.0
64288,33.0
64320,17.0
64352,17.0
64352,30.0
64368,32.0
64464,17.0
64512,37.0
64528,20.0
64528,13.0
64544,22.0
64544,80.0
64608,16.0
64640,25.0
64672,24.0
64688,36.0
64720,27.0
64736,13.0
64736,12.0
64752,9.0
64752,15.0
64768,14.0
64848,11.0
64896,44.0
64896,23.0
64896,9.0
64912,39.0
64928,12.0
64944,36.0
64992,16.0
65008,23.0
65008,41.0
65040,36.0
65152,14.0
65152,16.0
65200,27.0
65280,37.0
65280,35.0
65312,10.0
65360,82.0
65376,30.0
65376,14.0
65392,24.0
65392,34.0
65408,31.0
65424,14.0
65424,26.0
65552,10.0
65568,11.0
65568,42.0
65568,36.0
65648,18.0
65680,58.0
65712,27.0
65744,23.0
65840,26.0
65872,19.0
65888,29.0
65888,32.0
65888,20.0
65904,12.0
65936,12.0
65984,26.0
66000,45.0
66000,60.0
66080,25.0
66096,13.0
66128,12.0
66176,12.0
66240,15.0
66288,26.0
66320,48.0
66336,87.0
66400,32.0
66432,37.0
66464,29.0
66480,25.0
66480,37.0
66496,23.0
66528,70.0
66528,76.0
66624,24.0
66624,28.0
66656,12.0
66672,12.0
66736,68.0
66800,30.0
66864,15.0
66880,28.0
66880,25.0
66944,20.0
66944,17.0
66976,28.0
67008,30.0
67088,74.0
67184,56.0
67200,16.0
67232,14.0
67312,14.0
67344,78.0
67360,26.0
67360,54.0
67360,30.0
67408,63.0
67440,49.0
67472,46.0
67552,47.0
67552,42.0
67568,16.0
67584,24.0
67712,86.0
67712,19.0
67728,23.0
67760,18.0
67760,20.0
67808,28.0
67824,53.0
67872,63.0
67904,42.0
67920,13.0
67936,13.0
68000,40.0
68000,15.0
68032,29.0
68080,46.0
68080,16.0
68112,25.0
68160,14.0
68160,22.0
68176,16.0
68192,12.0
68288,24.0
68304,45.0
68336,49.0
68384,52.0
68512,27.0
68528,84.0
68528,12.0
68544,42.0
68576,18.0
68608,36.0
68608,14.0
68640,28.0
68656,56.0
68672,35.0
68688,38.0
68704,12.0
68832,41.0
68832,19.0
68848,13.0
68848,15.0
68864,16.0
68912,23.0
68928,16.0
68928,48.0
68992,26.0
69024,12.0
69088,15.0
69136,13.0
69168,11.0
69232,33.0
69264,79.0
69280,47.0
69328,40.0
69440,13.0
69504,41.0
69552,87.0
69568,19.0
69600,48.0
69600,20.0
69664,63.0
69680,41.0
69728,14.0
69760,27.0
69776,92.0
69824,60.0
69936,53.0
69952,22.0
69952,11.0
69968,26.0
70000,21.0
70048,38.0
70080,20.0
70112,18.0
70128,11.0
70160,64.0
70176,63.0
70208,17.0
70208,81.0
70224,11.0
70240,82.0
70272,42.0
70272,19.0
70336,48.0
70352,11.0
70400,45.0
70480,30.0
70528,16.0
70576,39.0
70592,24.0
70592,24.0
70640,15.0
70656,33.0
70688,21.0
70688,22.0
70752,64.0
70784,12.0
70800,20.0
70816,36.0
70832,16.0
70880,50.0
70896,16.0
70928,51.0
71008,16.0
71024,27.0
71072,16.0
71072,57.0
71072,15.0
71088,25.0
71088,54.0
71152,55.0
71200,12.0
71200,34.0
71296,14.0
71360,36.0
71376,36.0
71488,37.0
71488,26.0
71504,51.0
71536,38.0
71552,30.0
71584,44.0
71584,31.0
71648,10.0
71744,10.0
71760,16.0
71840,40.0
71856,23.0
71872,84.0
71904,33.0
72016,54.0
72016,17.0
72032,52.0
72112,16.0
72192,69.0
72208,57.0
72208,74.0
72208,35.0
72240,21.0
72272,32.0
72320,49.0
72432,15.0
72448,36.0
72464,39.0
72480,23.0
72480,29.0
72480,17.0
72496,30.0
72592,77.0
72640,13.0
72656,39.0
72688,69.0
72752,75.0
72752,18.0
72768,18.0
72768,35.0
72784,21.0
72848,22.0
72848,23.0
72848,23.0
72912,14.0
72944,11.0
72992,49.0
73008,46.0
73040,17.0
73040,28.0
73072,14.0
73088,21.0
73088,48.0
73088,19.0
73120,55.0
73120,29.0
73232,24.0
73264,39.0
73312,17.0
73344,14.0
73344,16.0
73360,17.0
73392,40.0
73408,31.0
73424,19.0
73440,13.0
73488,34.0
73536,33.0
73536,29.0
73536,28.0
73552,13.0
73584,46.0
73616,22.0
73616,11.0
73632,37.0
73664,16.0
73744,47.0
73760,25.0
73824,17.0
73888,22.0
73904,26.0
73904,23.0
73952,20.0
74016,30.0
74080,21.0
74080,46.0
74128,32.0
74128,44.0
74144,24.0
74176,18.0
74224,20.0
74304,62.0
74336,27.0
74336,59.0
74352,33.0
74384,27.0
74432,26.0
74448,23.0
74464,53.0
74560,16.0
74592,32.0
74592,13.0
74608,16.0
74640,26.0
74704,65.0
74704,16.0
74736,37.0
74752,36.0
74784,14.0
74784,28.0
74816,11.0
74864,46.0
74880,11.0
74912,19.0
75008,17.0
75008,36.0
75056,29.0
75104,48.0
75120,19.0
75184,100.0
75200,26.0
75232,22.0
75232,30.0
75264,71.0
75312,33.0
75376,57.0
75392,21.0
75408,11.0
75424,15.0
75424,14.0
75472,29.0
75488,30.0
75504,12.0
75520,41.0
75520,38.0
75584,10.0
75616,15.0
75632,32.0
75760,22.0
75776,17.0
75808,44.0
75840,16.0
75840,38.0
75856,21.0
75872,24.0
75888,81.0
75984,35.0
76048,27.0
76080,43.0
76096,13.0
76096,87.0
76112,17.0
76128,20.0
76144,19.0
76304,52.0
76320,14.0
76352,36.0
76368,32.0
76400,20.0
76416,19.0
76512,78.0
76512,40.0
76544,35.0
76560,26.0
76592,31.0
76608,61.0
76688,23.0
76704,25.0
76720,42.0
76720,22.0
76752,62.0
76928,14.0
76944,14.0
76960,15.0
76976,18.0
76992,15.0
77008,31.0
77008,26.0
77040,57.0
77072,35.0
77168,103.0
77232,55.0
77248,13.0
77296,14.0
77312,57.0
77312,20.0
77376,52.0
77376,48.0
77376,60.0
77408,25.0
77424,29.0
77568,16.0
77568,12.0
77616,20.0
77664,16.0
77680,70.0
77760,52.0
77808,27.0
77824,32.0
77872,58.0
77936,20.0
77936,43.0
77936,60.0
77952,36.0
77968,34.0
77984,47.0
78016,12.0
78016,22.0
78064,24.0
78144,13.0
78256,18.0
78256,20.0
78288,21.0
78320,72.0
78352,26.0
78368,31.0
78432,23.0
78512,94.0
78528,60.0
78560,50.0
78560,19.0
78624,17.0
78656,40.0
78720,27.0
78736,37.0
78768,15.0
78784,61.0
78816,12.0
78832,36.0
78880,35.0
78912,56.0
78976,88.0
78992,30.0
79056,21.0
79104,34.0
79152,17.0
79152,24.0
79152,49.0
79232,25.0
79232,11.0
79232,15.0
79280,81.0
79328,56.0
79392,15.0
79392,18.0
79456,40.0
79552,10.0
79552,56.0
79680,56.0
79680,70.0
79680,22.0
79696,34.0
79728,21.0
79760,64.0
79776,14.0
79792,35.0
79808,16.0
79808,52.0
79904,11.0
79904,28.0
79936,11.0
79952,17.0
79968,51.0
79984,12.0
80000,14.0
80160,22.0
80240,63.0
80272,37.0
80272,18.0
80288,24.0
80304,38.0
80304,23.0
80352,90.0
80448,13.0
80480,20.0
80544,34.0
80560,37.0
80608,86.0
80672,87.0
80688,25.0
80752,13.0
80800,56.0
80800,31.0
80848,34.0
80896,59.0
80896,34.0
80896,39.0
80976,81.0
81024,14.0
81040,77.0
81088,26.0
81120,35.0
81200,37.0
81248,61.0
81280,16.0
81296,25.0
81296,34.0
81296,13.0
81328,53.0
81360,57.0
81376,43.0
81408,23.0
81424,39.0
81536,26.0
81600,44.0
81664,19.0
81664,21.0
81680,19.0
81744,56.0
81744,28.0
81808,17.0
81808,57.0
81840,11.0
81856,36.0
81936,43.0
81952,18.0
81952,22.0
81952,33.0
81968,18.0
81968,8.0
81984,43.0
82080,42.0
82080,55.0
82128,52.0
82192,76.0
82208,15.0
82256,25.0
82288,20.0
82336,25.0
82368,39.0
82384,19.0
82384,40.0
82400,37.0
82432,14.0
82560,38.0
82576,37.0
82592,21.0
82608,30.0
82624,42.0
82624,51.0
82656,44.0
82688,19.0
82688,22.0
82736,19.0
82752,12.0
82800,25.0
82832,16.0
82848,30.0
82912,45.0
82912,11.0
82944,54.0
82960,21.0
83152,31.0
83184,15.0
83232,17.0
83264,22.0
83264,36.0
83264,26.0
83280,37.0
83296,44.0
83392,63.0
83440,43.0
83456,17.0
83504,15.0
83520,57.0
83600,48.0
83648,64.0
83728,13.0
83728,58.0
83728,18.0
83744,22.0
83760,10.0
83792,32.0
83872,38.0
83968,46.0
83968,44.0
84048,34.0
84048,71.0
84064,20.0
84064,12.0
84080,22.0
84112,114.0
84160,25.0
84176,33.0
84208,47.0
84240,32.0
84256,12.0
84304,72.0
84304,16.0
84352,35.0
84352,24.0
84368,40.0
84448,13.0
84480,27.0
84480,26.0
84544,15.0
84640,27.0
84672,35.0
84720,40.0
84736,48.0
84752,25.0
84768,92.0
84864,38.0
84880,25.0
84896,37.0
84944,19.0
85024,34.0
85040,10.0
85056,44.0
85056,20.0
85072,57.0
85072,56.0
85136,23.0
85136,26.0
85136,17.0
85168,50.0
85184,15.0
85200,11.0
85264,45.0
85392,22.0
85392,20.0
85392,16.0
85392,16.0
85408,17.0
85408,22.0
85424,15.0
85456,25.0
85504,15.0
85504,27.0
85568,51.0
85584,12.0
85696,19.0
85696,12.0
85728,35.0
85728,21.0
85744,11.0
85760,21.0
85792,37.0
85792,13.0
85808,25.0
85824,27.0
85968,95.0
85984,15.0
85984,16.0
86000,19.0
86000,69.0
86064,23.0
86064,15.0
86080,42.0
86096,19.0
86096,37.0
86224,26.0
86256,33.0
86256,11.0
86288,33.0
86336,15.0
86336,55.0
86368,106.0
86400,21.0
86416,27.0
86416,20.0
86432,27.0
86448,14.0
86464,13.0
86496,32.0
86560,37.0
86576,32.0
86624,21.0
86640,53.0
86640,19.0
86656,10.0
86816,11.0
86848,17.0
86864,29.0
86864,38.0
86864,54.0
86864,33.0
86896,29.0
86928,23.0
86944,33.0
86960,9.0
86960,21.0
87008,37.0
87008,9.0
87024,41.0
87072,13.0
87072,27.0
87104,10.0
87104,41.0
87136,13.0
87136,42.0
87312,22.0
87328,29.0
87328,12.0
87344,17.0
87360,22.0
87360,44.0
87504,25.0
87520,10.0
87536,36.0
87536,43.0
87536,40.0
87568,27.0
87568,15.0
87600,33.0
87664,21.0
87712,38.0
87728,13.0
87744,25.0
87776,48.0
87792,18.0
87792,48.0
87792,16.0
87840,19.0
87840,15.0
87984,16.0
88000,13.0
88000,27.0
88016,14.0
88048,13.0
88048,74.0
88144,52.0
88160,24.0
88176,32.0
88224,27.0
88224,30.0
88240,42.0
88272,35.0
88320,30.0
88336,20.0
88416,16.0
88416,11.0
88464,12.0
88480,16.0
88512,23.0
88576,22.0
88672,39.0
88672,12.0
88704,24.0
88736,20.0
88752,21.0
88800,21.0
88800,39.0
88816,91.0
88816,30.0
88848,11.0
88848,21.0
88864,51.0
88880,55.0
88912,86.0
89008,17.0
89024,14.0
89088,15.0
89120,17.0
89120,70.0
89136,27.0
89152,21.0
89216,25.0
89264,9.0
89280,25.0
89328,41.0
89344,30.0
89344,12.0
89376,39.0
89472,42.0
89552,29.0
89600,16.0
89616,18.0
89664,18.0
89680,29.0
89680,25.0
89728,72.0
89744,17.0
89776,54.0
89824,44.0
89856,15.0
89904,55.0
89968,124.0
89984,53.0
90000,25.0
90032,13.0
90032,48.0
90064,24.0
90080,11.0
90080,22.0
90112,69.0
90192,14.0
90192,40.0
90224,55.0
90240,10.0
90256,16.0
90336,30.0
90352,17.0
90384,44.0
90464,13.0
90544,19.0
90576,50.0
90592,25.0
90672,40.0
90736,24.0
90800,46.0
90816,67.0
90816,15.0
90848,16.0
90848,39.0
90864,47.0
90880,34.0
90944,17.0
90960,81.0
90960,58.0
91040,14.0
91072,16.0
91104,23.0
91120,71.0
91136,18.0
91168,39.0
91184,50.0
91184,45.0
91200,15.0
91200,21.0
91216,64.0
91248,28.0
91296,22.0
91296,11.0
91312,17.0
91392,20.0
91424,20.0
91456,16.0
91472,18.0
91520,35.0
91520,40.0
91600,25.0
91712,15.0
91712,12.0
91776,33.0
91824,19.0
91824,43.0
91840,26.0
91856,29.0
91856,35.0
91888,27.0
91904,19.0
91920,44.0
91952,40.0
91968,42.0
92000,14.0
92016,19.0
92064,76.0
92096,58.0
92128,59.0
92128,18.0
92176,14.0
92272,28.0
92272,16.0
92288,27.0
92320,26.0
92336,30.0
92352,16.0
92464,18.0
92624,18.0
92640,11.0
92672,38.0
92688,43.0
92704,46.0
92720,37.0
92736,29.0
92736,53.0
92752,58.0
92832,70.0
92864,59.0
92976,15.0
93024,24.0
93024,47.0
93024,12.0
93024,44.0
93040,20.0
93056,24.0
93072,24.0
93072,28.0
93120,62.0
93168,19.0
93232,10.0
93280,16.0
93280,16.0
93312,18.0
93328,22.0
93408,44.0
93456,73.0
93456,69.0
93504,48.0
93552,17.0
93568,18.0
93776,45.0
93776,29.0
93808,16.0
93872,29.0
93872,50.0
93872,47.0
93936,23.0
93952,45.0
93984,41.0
94000,34.0
94000,14.0
94000,61.0
94032,80.0
94048,37.0
94080,13.0
94128,60.0
94128,20.0
94144,9.0
94144,12.0
94208,17.0
94224,11.0
94288,16.0
94320,80.0
94416,26.0
94448,23.0
94448,42.0
94496,39.0
94496,32.0
94560,43.0
94560,15.0
94576,67.0
94592,24.0
94592,28.0
94608,38.0
94656,23.0
94688,29.0
94704,13.0
94720,19.0
94720,37.0
94752,16.0
94816,15.0
94816,42.0
94928,21.0
94992,54.0
95024,19.0
95040,28.0
95040,37.0
95088,17.0
95104,31.0
95120,19.0
95152,25.0
95184,12.0
95200,10.0
95264,21.0
95296,37.0
95344,12.0
95344,49.0
95376,51.0
95392,12.0
95456,48.0
95472,13.0
95472,18.0
95488,52.0
95520,67.0
95568,34.0
95568,14.0
95616,33.0
95696,25.0
95712,15.0
95744,44.0
95760,23.0
95792,17.0
95840,17.0
95840,23.0
95872,24.0
95888,20.0
95904,28.0
95984,23.0
96016,19.0
96080,12.0
96096,45.0
96112,23.0
96112,48.0
96144,89.0
96176,26.0
96208,26.0
96224,70.0
96224,13.0
96224,69.0
96272,12.0
96352,32.0
96368,10.0
96384,15.0
96432,13.0
96448,29.0
96448,38.0
96544,27.0
96560,21.0
96592,14.0
96592,43.0
96640,59.0
96672,35.0
96672,36.0
96704,10.0
96752,23.0
96768,56.0
96816,23.0
96880,28.0
96896,34.0
96976,17.0
96976,44.0
96976,33.0
96992,15.0
97008,52.0
97232,16.0
97312,27.0
97312,68.0
97360,37.0
97392,45.0
97392,47.0
97456,40.0
97488,31.0
97488,56.0
97632,46.0
97648,16.0
97712,44.0
97712,46.0
97728,26.0
97760,49.0
97776,76.0
97776,18.0
97792,70.0
97808,31.0
97888,15.0
97920,18.0
97984,47.0
98016,35.0
98048,43.0
98080,93.0
98160,17.0
98160,42.0
98160,28.0
98176,25.0
98224,26.0
98240,16.0
98256,34.0
98304,18.0
98320,33.0
98368,40.0
98384,21.0
98464,19.0
98480,45.0
98544,48.0
98624,23.0
98640,21.0
98656,17.0
98688,48.0
98704,15.0
98720,83.0
98736,23.0
98768,38.0
98784,34.0
98784,44.0
98784,29.0
98832,22.0
98832,42.0
98928,19.0
98944,48.0
98960,15.0
99024,15.0
99040,25.0
99200,32.0
99216,62.0
99216,35.0
99248,30.0
99328,25.0
99344,32.0
99440,30.0
99456,42.0
99472,43.0
99488,17.0
99488,17.0
99520,31.0
99552,63.0
99568,39.0
99600,48.0
99648,11.0
99664,26.0
99696,13.0
99728,15.0
99760,45.0
99856,16.0
99888,72.0
99952,31.0
100048,84.0
100160,38.0
100160,52.0
100224,31.0
100240,36.0
100288,68.0
100304,22.0
100352,37.0
100368,30.0
100384,59.0
100400,11.0
100416,16.0
100448,47.0
100544,9.0
100560,13.0
100624,24.0
100672,83.0
100688,65.0
100704,16.0
100720,54.0
100720,27.0
100800,47.0
100896,30.0
100912,33.0
100928,16.0
100928,85.0
101040,55.0
101104,46.0
101232,107.0
101248,13.0
101248,44.0
101312,43.0
101328,39.0
101344,39.0
101344,15.0
101376,43.0
101392,52.0
101424,44.0
101536,40.0
101568,40.0
101584,80.0
101680,55.0
101728,24.0
101760,53.0
101792,28.0
101792,34.0
101824,56.0
101824,16.0
101872,40.0
101968,13.0
102000,43.0
102032,40.0
102048,23.0
102064,21.0
102096,17.0
102144,51.0
102192,59.0
102224,43.0
102272,43.0
102272,30.0
102288,12.0
102304,30.0
102320,59.0
102432,25.0
102464,31.0
102496,22.0
102512,68.0
102592,33.0
102656,24.0
102704,57.0
102704,30.0
102784,32.0
102848,24.0
102864,42.0
102896,37.0
102928,31.0
102992,30.0
103008,71.0
103024,64.0
103088,50.0
103136,13.0
103152,69.0
103152,18.0
103168,53.0
103248,37.0
103296,44.0
103312,38.0
103328,30.0
103376,42.0
103488,29.0
103520,23.0
103520,33.0
103520,46.0
103552,66.0
103568,16.0
103600,28.0
103664,26.0
103744,38.0
103744,53.0
103760,15.0
103808,18.0
103840,18.0
103840,34.0
103872,49.0
103888,23.0
103920,37.0
104048,24.0
104080,57.0
104144,34.0
104176,26.0
104224,30.0
104256,48.0
104336,16.0
104384,31.0
104400,16.0
104416,12.0
104416,38.0
104464,68.0
104464,91.0
104480,40.0
104560,43.0
104592,34.0
104608,43.0
104704,60.0
104720,16.0
104752,23.0
104848,42.0
104912,20.0
104928,42.0
104976,17.0
104992,72.0
105072,41.0
105088,30.0
105104,34.0
105184,27.0
105200,13.0
105216,51.0
105280,107.0
105296,23.0
105344,55.0
105504,14.0
105520,19.0
105536,43.0
105584,78.0
105648,73.0
105696,80.0
105744,48.0
105760,65.0
105776,36.0
105776,44.0
105824,45.0
105872,21.0
105968,20.0
106032,17.0
106048,29.0
106080,62.0
106080,73.0
106096,14.0
106112,51.0
106128,49.0
106144,39.0
106272,31.0
106272,12.0
106272,31.0
106304,30.0
106304,16.0
106320,15.0
106320,39.0
106368,25.0
106432,78.0
106480,21.0
106496,14.0
106528,49.0
106576,19.0
106704,27.0
106720,76.0
106736,19.0
106752,17.0
106752,45.0
106864,18.0
106896,49.0
106976,55.0
107008,55.0
107040,42.0
107136,52.0
107184,41.0
107216,30.0
107232,57.0
107296,36.0
107344,65.0
107408,32.0
107456,28.0
107472,16.0
107488,32.0
107520,75.0
107664,73.0
107680,58.0
107696,14.0
107696,35.0
107728,54.0
107744,35.0
107792,31.0
107824,67.0
107872,12.0
107920,36.0
107920,43.0
107936,17.0
107968,17.0
107984,15.0
107984,33.0
108096,19.0
108288,23.0
108384,84.0
108384,28.0
108384,105.0
108448,58.0
108496,25.0
108544,45.0
108560,52.0
108592,42.0
108624,15.0
108656,49.0
108688,44.0
108768,80.0
108816,70.0
108816,17.0
108832,54.0
108896,15.0
108944,31.0
108976,26.0
108992,19.0
109008,26.0
109008,45.0
109072,43.0
109088,16.0
109088,69.0
109104,18.0
109232,21.0
109328,16.0
109456,43.0
109456,30.0
109488,31.0
109600,76.0
109648,12.0
109696,47.0
109712,24.0
109760,42.0
109808,150.0
109888,55.0
109904,26.0
109952,45.0
110016,20.0
110048,77.0
110064,16.0
110064,60.0
110080,62.0
110176,97.0
110240,77.0
110256,41.0
110272,32.0
110304,113.0
110432,30.0
110512,27.0
110576,43.0
110592,18.0
110624,36.0
110624,23.0
110656,37.0
110704,78.0
110736,42.0
110736,19.0
110768,47.0
110768,66.0
110784,17.0
110944,13.0
110960,43.0
111024,86.0
111024,18.0
111056,17.0
111088,27.0
111168,14.0
111200,11.0
111232,29.0
111280,86.0
111296,15.0
111296,42.0
111312,45.0
111392,72.0
111456,43.0
111472,32.0
111472,10.0
111472,81.0
111536,23.0
111552,61.0
111648,64.0
111648,26.0
111680,14.0
111808,45.0
111824,33.0
111888,37.0
112000,50.0
112000,22.0
112016,46.0
112048,64.0
112048,84.0
112112,18.0
112176,11.0
112240,27.0
112272,45.0
112304,41.0
112320,58.0
112368,56.0
112416,23.0
112480,63.0
112480,63.0
112480,11.0
112528,33.0
112528,32.0
112560,32.0
112576,21.0
112816,16.0
112832,35.0
112864,83.0
112880,22.0
112896,26.0
112896,26.0
112928,25.0
112944,39.0
112992,82.0
113040,42.0
113056,36.0
113072,41.0
113136,15.0
113168,15.0
113232,70.0
113280,87.0
113280,21.0
113280,28.0
113344,48.0
113440,28.0
113440,79.0
113456,36.0
113488,16.0
113520,15.0
113536,30.0
113616,50.0
113632,31.0
113664,24.0
113696,16.0
113696,39.0
113712,23.0
113808,57.0
113840,42.0
113872,52.0
113920,18.0
113920,19.0
113952,16.0
114048,13.0
114208,42.0
114256,50.0
114272,35.0
114288,89.0
114320,25.0
114336,18.0
114384,32.0
114400,55.0
114432,46.0
114448,12.0
114464,41.0
114464,64.0
114592,42.0
114624,14.0
114656,24.0
114688,16.0
114752,50.0
114816,96.0
114848,85.0
114912,37.0
114976,24.0
115056,45.0
115088,55.0
115104,45.0
115168,45.0
115184,33.0
115248,99.0
115280,51.0
115328,54.0
115456,73.0
115472,19.0
115584,48.0
115600,47.0
115616,54.0
115680,36.0
115696,45.0
115728,51.0
115776,72.0
115792,29.0
115824,34.0
115840,23.0
115872,26.0
115872,49.0
115888,44.0
116080,87.0
116080,24.0
116096,17.0
116112,24.0
116144,34.0
116192,26.0
116224,61.0
116272,24.0
116304,29.0
116384,32.0
116384,17.0
116384,50.0
116464,88.0
116496,55.0
116528,24.0
116576,17.0
116608,14.0
116656,49.0
116720,28.0
116720,12.0
116736,32.0
116768,43.0
116784,43.0
116784,69.0
116832,11.0
116832,65.0
116960,29.0
117008,51.0
117104,64.0
117120,46.0
117136,22.0
117136,19.0
117184,29.0
117184,50.0
117328,31.0
117440,20.0
117440,52.0
117504,46.0
117520,24.0
117536,47.0
117536,22.0
117552,26.0
117648,43.0
117648,58.0
117664,68.0
117680,31.0
117744,15.0
117792,66.0
117792,43.0
117904,24.0
117952,17.0
117952,13.0
117984,34.0
118016,97.0
118112,20.0
118160,13.0
118176,24.0
118208,19.0
118240,77.0
118384,53.0
118416,68.0
118448,57.0
118448,29.0
118496,53.0
118496,20.0
118512,35.0
118576,64.0
118752,32.0
118784,48.0
118848,88.0
118880,77.0
118896,25.0
118896,30.0
118912,29.0
119040,29.0
119264,66.0
119280,31.0
119280,70.0
119280,56.0
119296,24.0
119312,103.0
119328,52.0
119328,36.0
119408,35.0
119456,84.0
119552,42.0
119552,41.0
119552,32.0
119600,68.0
119616,18.0
119632,23.0
119696,18.0
119744,29.0
119808,85.0
119840,35.0
119840,35.0
119856,14.0
119984,18.0
120016,43.0
120112,51.0
120128,77.0
120128,36.0
120208,41.0
120224,42.0
120224,13.0
120224,15.0
120240,39.0
120288,61.0
120288,52.0
120304,28.0
120336,37.0
120400,37.0
120432,13.0
120480,16.0
120480,40.0
120480,12.0
120496,16.0
120608,17.0
120672,34.0
120688,16.0
120720,32.0
120736,16.0
120736,16.0
120752,16.0
120784,41.0
120800,36.0
120832,33.0
120912,67.0
121040,40.0
121136,64.0
121168,23.0
121168,98.0
121232,20.0
121248,48.0
121264,30.0
121296,34.0
121312,36.0
121312,64.0
121312,44.0
121344,39.0
121504,12.0
121504,29.0
121520,22.0
121552,16.0
121616,58.0
121632,20.0
121632,29.0
121648,57.0
121696,35.0
121744,15.0
121744,32.0
121808,34.0
121888,36.0
121904,41.0
121952,20.0
121968,26.0
121984,40.0
122032,75.0
122096,30.0
122144,25.0
122160,40.0
122208,14.0
122256,22.0
122304,38.0
122336,28.0
122352,45.0
122432,30.0
122496,53.0
122576,52.0
122624,51.0
122656,19.0
122688,30.0
122752,20.0
122816,134.0
122832,21.0
122832,46.0
122832,54.0
122848,34.0
122864,52.0
122896,47.0
122928,42.0
123088,58.0
123120,14.0
123152,103.0
123152,29.0
123232,19.0
123232,25.0
123264,25.0
123312,35.0
123472,40.0
123520,23.0
123648,33.0
123680,28.0
123712,68.0
123728,67.0
123840,20.0
123856,37.0
123872,45.0
123872,81.0
123920,12.0
123984,103.0
124016,74.0
124032,76.0
124032,20.0
124048,12.0
124080,62.0
124112,29.0
124192,20.0
124224,62.0
124272,27.0
124304,39.0
124320,21.0
124416,98.0
124512,30.0
124544,39.0
124592,35.0
124672,85.0
124688,40.0
124720,38.0
124752,46.0
124784,57.0
124832,38.0
124976,27.0
124992,43.0
125008,51.0
125040,13.0
125072,30.0
125104,64.0
125152,52.0
125184,48.0
125184,107.0
125200,43.0
125264,36.0
125328,22.0
125328,66.0
125344,10.0
125392,24.0
125424,40.0
125472,50.0
125568,11.0
125616,26.0
125632,28.0
125648,41.0
125664,37.0
125680,33.0
125744,20.0
125744,11.0
125808,30.0
125824,13.0
125968,21.0
125984,15.0
125984,21.0
126032,14.0
126048,45.0
126080,16.0
126080,51.0
126096,84.0
126128,41.0
126160,31.0
126176,52.0
126208,69.0
126272,97.0
126400,19.0
126448,29.0
126448,18.0
126512,27.0
126576,33.0
126576,11.0
126608,39.0
126624,26.0
126672,102.0
126832,47.0
126912,46.0
126928,16.0
126944,42.0
126960,58.0
127024,28.0
127040,57.0
127056,68.0
127072,83.0
127072,87.0
127168,13.0
127248,14.0
127280,41.0
127296,45.0
127312,15.0
127360,53.0
127392,49.0
127424,61.0
127440,33.0
127456,32.0
127456,33.0
127488,11.0
127504,14.0
127504,21.0
127616,34.0
127744,31.0
127744,43.0
127792,84.0
127808,22.0
127840,34.0
127904,18.0
127904,32.0
127952,57.0
128000,40.0
128064,40.0
128096,16.0
128160,26.0
128208,44.0
128288,31.0
128320,14.0
128336,33.0
128384,58.0
128384,59.0
128496,11.0
128512,105.0
128592,16.0
128592,68.0
128624,21.0
128656,41.0
128672,45.0
128704,76.0
128864,23.0
128864,13.0
128880,16.0
129008,19.0
129024,54.0
129088,74.0
129088,44.0
129088,14.0
129104,37.0
129120,76.0
129152,68.0
129152,18.0
129216,39.0
129264,55.0
129264,95.0
129376,44.0
129440,20.0
129488,24.0
129488,38.0
129488,80.0
129520,19.0
129632,23.0
129632,23.0
129728,22.0
129728,15.0
129792,40.0
129792,17.0
129808,41.0
129856,48.0
129936,28.0
129968,55.0
130016,62.0
130032,37.0
130032,64.0
130048,60.0
130048,16.0
130112,11.0
130240,47.0
130272,40.0
130304,18.0
130416,19.0
130448,45.0
130448,26.0
130464,52.0
130496,14.0
130512,45.0
130560,32.0
130592,125.0
130672,59.0
130688,15.0
130720,43.0
130752,49.0
130848,22.0
130880,18.0
130896,65.0
130928,30.0
130976,18.0
130992,47.0
130992,59.0
131056,19.0
131120,17.0
131216,31.0
131248,49.0
131248,17.0
131312,94.0
131344,52.0
131424,70.0
131456,29.0
131568,43.0
131568,56.0
131584,64.0
131648,77.0
131664,28.0
131744,51.0
131824,52.0
131840,33.0
131936,43.0
131984,58.0
131984,46.0
132032,28.0
132096,47.0
132112,76.0
132144,64.0
132144,36.0
132176,33.0
132176,38.0
132384,45.0
132528,69.0
132560,69.0
132672,31.0
132688,44.0
132720,61.0
132752,14.0
132768,49.0
132832,50.0
132864,19.0
132880,59.0
132896,50.0
132944,70.0
133008,18.0
133040,75.0
133056,57.0
133072,12.0
133136,62.0
133200,68.0
133200,32.0
133200,12.0
133232,35.0
133248,30.0
133392,33.0
133392,40.0
133408,36.0
133424,65.0
133440,25.0
133600,13.0
133680,30.0
133696,95.0
133776,36.0
133840,27.0
133888,28.0
133904,53.0
134048,39.0
134096,16.0
134128,33.0
134128,46.0
134144,56.0
134192,81.0
134432,85.0
134448,19.0
134464,95.0
134480,49.0
134496,85.0
134512,52.0
134576,50.0
134640,90.0
134736,18.0
134768,96.0
134784,56.0
134784,20.0
134912,54.0
134960,33.0
134976,67.0
135024,56.0
135024,58.0
135104,23.0
135104,38.0
135104,61.0
135120,21.0
135296,33.0
135360,28.0
135376,25.0
135472,22.0
135520,35.0
135536,66.0
135552,85.0
135552,65.0
135584,35.0
135616,52.0
135616,37.0
135664,64.0
135696,37.0
135712,38.0
135712,21.0
135760,18.0
135888,23.0
135920,23.0
135936,36.0
135984,20.0
136000,15.0
136192,30.0
136224,32.0
136256,60.0
136288,47.0
136304,20.0
136304,47.0
136368,27.0
136400,49.0
136432,46.0
136432,116.0
136432,51.0
136480,37.0
136592,37.0
136672,26.0
136736,34.0
136752,20.0
136816,32.0
136832,38.0
136848,26.0
136896,33.0
136912,39.0
136912,27.0
136928,31.0
137056,122.0
137056,71.0
137120,45.0
137120,19.0
137232,40.0
137248,36.0
137264,13.0
137280,61.0
137296,24.0
137344,38.0
137376,28.0
137408,36.0
137424,33.0
137504,41.0
137520,121.0
137536,16.0
137536,26.0
137584,42.0
137616,23.0
137632,32.0
137728,27.0
137760,21.0
137824,48.0
137856,28.0
137952,38.0
137968,44.0
138000,39.0
138128,56.0
138128,31.0
138256,45.0
138256,47.0
138288,20.0
138352,33.0
138384,102.0
138464,13.0
138480,45.0
138576,12.0
138608,47.0
138640,32.0
138928,75.0
138928,58.0
138944,85.0
138960,52.0
138992,92.0
139008,27.0
139008,47.0
139056,90.0
139072,38.0
139152,42.0
139184,36.0
139280,83.0
139328,112.0
139456,24.0
139504,20.0
139520,73.0
139552,39.0
139568,35.0
139584,40.0
139648,40.0
139648,63.0
139696,34.0
139824,11.0
139952,16.0
140016,28.0
140032,69.0
140064,34.0
140224,56.0
140256,12.0
140304,64.0
140304,47.0
140384,50.0
140400,84.0
140416,89.0
140448,27.0
140496,138.0
140528,14.0
140576,67.0
140624,23.0
140624,11.0
140640,15.0
140640,51.0
140656,106.0
140736,32.0
140784,30.0
140848,29.0
140864,88.0
140896,78.0
140912,60.0
140912,55.0
140944,20.0
141024,28.0
141024,24.0
141072,14.0
141072,28.0
141088,42.0
141200,35.0
141248,24.0
141264,12.0
141264,48.0
141296,13.0
141312,41.0
141360,21.0
141456,10.0
141472,43.0
141520,39.0
141616,34.0
141616,44.0
141696,21.0
141760,35.0
141792,48.0
141792,66.0
141904,60.0
141904,86.0
141936,39.0
141936,64.0
141936,42.0
141952,43.0
141968,17.0
142016,34.0
142048,16.0
142080,52.0
142160,13.0
142208,17.0
142304,53.0
142416,50.0
142560,41.0
142608,68.0
142656,15.0
142688,49.0
142704,46.0
142784,39.0
142816,38.0
142848,57.0
142928,71.0
142976,23.0
142992,66.0
142992,59.0
143072,91.0
143136,28.0
143200,24.0
143280,95.0
143344,65.0
143440,85.0
143456,50.0
143472,21.0
143488,58.0
143568,31.0
143568,54.0
143648,50.0
143648,42.0
143680,104.0
143776,53.0
143808,21.0
143888,34.0
143888,38.0
143920,17.0
144048,25.0
144064,24.0
144176,38.0
144368,58.0
144400,88.0
144400,75.0
144416,38.0
144432,59.0
144480,26.0
144480,37.0
144496,107.0
144512,29.0
144576,50.0
144624,14.0
144640,29.0
144672,69.0
144672,12.0
144688,106.0
144720,15.0
144752,16.0
144800,55.0
144848,30.0
144880,30.0
144944,66.0
144960,94.0
145008,37.0
145008,20.0
145024,37.0
145088,18.0
145120,17.0
145120,30.0
145280,16.0
145312,40.0
145376,39.0
145456,55.0
145472,47.0
145472,37.0
145488,25.0
145552,27.0
145568,18.0
145584,67.0
145632,42.0
145712,44.0
145728,11.0
145760,51.0
145856,34.0
145872,25.0
145904,49.0
145952,59.0
145968,84.0
146080,13.0
146128,23.0
146144,32.0
146160,44.0
146160,16.0
146272,44.0
146272,50.0
146320,103.0
146352,31.0
146368,49.0
146416,16.0
146448,60.0
146464,24.0
146480,69.0
146576,28.0
146624,22.0
146624,16.0
146624,19.0
146640,14.0
146736,64.0
146736,49.0
146752,38.0
146784,27.0
146880,26.0
146928,48.0
146944,42.0
147008,23.0
147040,26.0
147152,89.0
147200,29.0
147264,20.0
147344,26.0
147376,56.0
147392,15.0
147408,23.0
147440,62.0
147440,35.0
147456,93.0
147472,43.0
147536,57.0
147552,58.0
147632,66.0
147648,19.0
147696,15.0
147776,48.0
147808,66.0
147920,45.0
147952,76.0
147968,36.0
147984,45.0
148064,39.0
148080,27.0
148080,19.0
148144,11.0
148176,50.0
148192,45.0
148224,51.0
148256,35.0
148256,45.0
148400,28.0
148448,29.0
148688,71.0
148736,41.0
148784,33.0
148800,38.0
148800,62.0
148800,22.0
148800,36.0
148928,93.0
148928,81.0
148928,47.0
148960,55.0
149072,17.0
149088,19.0
149136,28.0
149152,22.0
149184,65.0
149200,25.0
149280,55.0
149312,36.0
149344,24.0
149472,34.0
149472,18.0
149536,80.0
149536,46.0
149600,105.0
149664,29.0
149680,37.0
149744,25.0
149744,27.0
149760,39.0
149808,13.0
149808,46.0
149808,55.0
149856,58.0
149904,115.0
149920,28.0
149968,31.0
150016,21.0
150064,57.0
150208,34.0
150240,21.0
150240,17.0
150256,28.0
150256,32.0
150320,16.0
150336,66.0
150416,42.0
150432,56.0
150608,50.0
150656,46.0
150672,57.0
150688,52.0
150704,28.0
150832,37.0
150832,26.0
150864,41.0
150880,67.0
150896,55.0
151008,9.0
151008,20.0
151072,47.0
151088,47.0
151088,24.0
151104,54.0
151120,99.0
151120,18.0
151136,55.0
151184,36.0
151216,35.0
151232,50.0
151280,25.0
151280,13.0
151344,42.0
151360,15.0
151376,18.0
151568,27.0
151600,32.0
151728,28.0
151776,59.0
151792,12.0
151888,49.0
151888,62.0
151904,43.0
151984,61.0
152000,62.0
152112,14.0
152112,55.0
152128,49.0
152208,58.0
152256,71.0
152272,34.0
152272,68.0
152304,58.0
152368,15.0
152416,53.0
152496,14.0
152544,74.0
152608,39.0
152656,25.0
152704,50.0
152704,13.0
152704,37.0
152768,29.0
152816,44.0
152864,31.0
152896,63.0
152960,60.0
152992,49.0
153024,47.0
153120,14.0
153136,33.0
153216,89.0
153408,34.0
153408,28.0
153424,48.0
153424,103.0
153552,49.0
153568,36.0
153584,10.0
153584,65.0
153632,26.0
153648,52.0
153840,51.0
153840,44.0
153888,74.0
153952,96.0
153952,23.0
153968,25.0
154112,44.0
154128,89.0
154160,13.0
154176,48.0
154176,34.0
154192,48.0
154224,42.0
154288,28.0
154288,73.0
154352,44.0
154416,14.0
154544,115.0
154608,45.0
154624,31.0
154640,18.0
154656,31.0
154768,41.0
154816,25.0
154848,63.0
154864,36.0
154896,82.0
154992,14.0
155008,52.0
155024,46.0
155024,53.0
155040,26.0
155072,11.0
155136,74.0
155248,38.0
155328,69.0
155344,21.0
155376,22.0
155376,52.0
155456,53.0
155488,95.0
155552,13.0
155552,11.0
155552,35.0
155616,50.0
155664,50.0
155696,65.0
155712,40.0
155808,49.0
155888,65.0
156000,47.0
156016,43.0
156048,57.0
156096,24.0
156128,42.0
156192,40.0
156288,78.0
156368,55.0
156416,47.0
156480,27.0
156512,51.0
156528,72.0
156608,50.0
156672,34.0
156720,39.0
156736,14.0
156736,23.0
156736,53.0
156768,30.0
156864,78.0
156928,86.0
156944,29.0
157056,65.0
157056,54.0
157088,96.0
157120,32.0
157136,45.0
157152,30.0
157200,21.0
157264,13.0
157312,24.0
157312,36.0
157456,46.0
157472,46.0
157504,61.0
157536,14.0
157536,30.0
157552,97.0
157568,27.0
157600,41.0
157696,34.0
157776,65.0
157792,44.0
157856,25.0
157856,24.0
157952,11.0
158000,13.0
158048,53.0
158096,37.0
158096,15.0
158192,31.0
158208,41.0
158256,41.0
158272,44.0
158272,26.0
158288,12.0
158304,62.0
158384,79.0
158416,26.0
158464,106.0
158528,62.0
158576,65.0
158576,12.0
158608,84.0
158624,33.0
158672,45.0
158720,27.0
158752,35.0
158752,18.0
158880,38.0
158896,20.0
158928,55.0
158992,36.0
159040,20.0
159040,48.0
159072,25.0
159216,29.0
159248,62.0
159264,43.0
159312,24.0
159360,18.0
159424,76.0
159440,12.0
159440,25.0
159504,38.0
159552,59.0
159568,65.0
159584,17.0
159616,39.0
159632,47.0
159696,17.0
159712,68.0
159760,91.0
159824,35.0
159872,52.0
159984,25.0
160016,19.0
160032,37.0
160080,33.0
160128,86.0
160144,49.0
160192,20.0
160224,29.0
160240,39.0
160256,39.0
160336,20.0
160368,58.0
160416,12.0
160416,75.0
160496,16.0
160560,62.0
160608,57.0
160624,23.0
160672,16.0
160704,21.0
160704,18.0
160768,49.0
160816,30.0
160864,16.0
160864,65.0
160880,11.0
160976,52.0
161024,22.0
161072,55.0
161072,65.0
161088,37.0
161104,34.0
161200,70.0
161248,39.0
161376,78.0
161488,25.0
161488,29.0
161504,125.0
161568,47.0
161584,32.0
161584,45.0
161600,31.0
161632,47.0
161664,37.0
161664,43.0
161728,54.0
161792,68.0
161840,67.0
161856,17.0
161856,12.0
161920,22.0
162064,30.0
162160,57.0
162256,37.0
162288,50.0
162384,37.0
162416,57.0
162448,67.0
162448,53.0
162512,41.0
162576,46.0
162576,86.0
162656,64.0
162720,29.0
162784,54.0
162784,81.0
162944,31.0
162992,34.0
162992,58.0
163024,28.0
163056,17.0
163072,35.0
163088,32.0
163200,26.0
163280,89.0
163280,14.0
163296,36.0
163472,33.0
163504,70.0
163520,31.0
163520,77.0
163616,26.0
163616,118.0
163664,94.0
163680,43.0
163680,43.0
163808,18.0
163856,36.0
163856,24.0
163872,37.0
163920,79.0
163968,18.0
164048,102.0
164064,35.0
164128,28.0
164144,39.0
164176,13.0
164240,72.0
164240,12.0
164304,10.0
164352,46.0
164352,66.0
164384,13.0
164496,43.0
164496,40.0
164640,61.0
164768,29.0
164800,58.0
164800,59.0
164800,26.0
164816,43.0
164816,47.0
164848,111.0
164912,42.0
164928,27.0
164992,47.0
165008,68.0
165120,94.0
165152,21.0
165152,15.0
165248,56.0
165280,17.0
165296,31.0
165296,41.0
165328,13.0
165360,63.0
165360,32.0
165376,14.0
165424,38.0
165424,41.0
165456,60.0
165552,47.0
165616,39.0
165632,13.0
165760,13.0
165808,22.0
165856,44.0
165872,36.0
165888,33.0
165888,68.0
165888,35.0
165936,11.0
165952,64.0
166016,37.0
166032,47.0
166112,16.0
166128,15.0
166144,56.0
166144,48.0
166224,18.0
166256,56.0
166288,25.0
166336,65.0
166368,31.0
166384,15.0
166416,50.0
166448,27.0
166480,42.0
166512,16.0
166608,30.0
166608,12.0
166640,17.0
166720,52.0
166752,15.0
166768,51.0
166800,43.0
166800,32.0
166832,50.0
166848,44.0
166864,30.0
166944,45.0
166960,13.0
166976,40.0
167136,18.0
167200,25.0
167264,51.0
167264,27.0
167328,23.0
167408,17.0
167424,14.0
167440,42.0
167456,114.0
167488,48.0
167504,64.0
167536,58.0
167568,48.0
167584,45.0
167664,25.0
167664,16.0
167696,17.0
167696,66.0
167712,24.0
167712,69.0
167744,16.0
167760,20.0
167808,9.0
167872,38.0
167888,57.0
167920,26.0
167936,30.0
167968,64.0
167984,18.0
168112,25.0
168160,25.0
168208,39.0
168208,20.0
168256,18.0
168384,25.0
168384,40.0
168400,12.0
168448,57.0
168512,37.0
168528,52.0
168560,56.0
168624,14.0
168624,47.0
168704,48.0
168752,23.0
168752,37.0
168784,76.0
168832,70.0
168864,47.0
168880,31.0
168896,21.0
168928,11.0
168960,21.0
168976,28.0
169056,19.0
169056,11.0
169072,11.0
169168,19.0
169232,16.0
169248,12.0
169264,19.0
169280,92.0
169296,65.0
169312,16.0
169328,70.0
169344,40.0
169344,32.0
169344,52.0
169392,48.0
169456,14.0
169504,21.0
169536,47.0
169552,39.0
169568,17.0
169568,11.0
169568,19.0
169648,21.0
169664,76.0
169744,25.0
169776,13.0
169792,32.0
169792,34.0
169952,28.0
169968,14.0
169984,26.0
170000,27.0
170000,41.0
170032,31.0
170176,53.0
170192,12.0
170320,42.0
170320,78.0
170352,35.0
170368,64.0
170368,23.0
170384,13.0
170384,12.0
170400,59.0
170448,49.0
170576,12.0
170704,47.0
170704,22.0
170736,18.0
170768,25.0
170768,50.0
170784,13.0
170816,49.0
170832,53.0
170896,84.0
170960,40.0
170976,37.0
170976,13.0
171008,43.0
171024,12.0
171056,18.0
171136,48.0
171152,85.0
171264,35.0
171360,99.0
171424,43.0
171504,69.0
171552,18.0
171568,32.0
171568,54.0
171648,52.0
171664,43.0
171696,46.0
171728,47.0
171744,45.0
171776,48.0
171824,65.0
171920,14.0
171936,49.0
172000,54.0
172032,18.0
172032,42.0
172048,24.0
172128,12.0
172208,41.0
172240,42.0
172256,14.0
172304,41.0
172320,51.0
172352,91.0
172352,33.0
172432,63.0
172544,18.0
172544,12.0
172592,64.0
172800,50.0
172800,67.0
172816,17.0
172880,69.0
172912,23.0
172912,38.0
172944,44.0
172976,53.0
172992,67.0
173008,60.0
173024,37.0
173120,20.0
173152,15.0
173184,72.0
173200,38.0
173200,16.0
173200,55.0
173248,28.0
173360,11.0
173392,74.0
173392,17.0
173424,32.0
173456,36.0
173472,29.0
173504,16.0
173600,39.0
173648,12.0
173664,53.0
173696,44.0
173712,32.0
173776,36.0
173808,10.0
173824,27.0
173856,52.0
173888,46.0
173904,25.0
173984,37.0
174000,25.0
174000,21.0
174016,104.0
174032,42.0
174048,12.0
174128,15.0
174144,45.0
174176,12.0
174176,17.0
174176,61.0
174224,11.0
174320,39.0
174352,14.0
174400,36.0
174432,45.0
174480,63.0
174480,42.0
174512,31.0
174656,16.0
174704,44.0
174720,43.0
174768,26.0
174768,62.0
174800,39.0
174832,41.0
174928,38.0
175040,56.0
175040,21.0
175040,54.0
175088,20.0
175104,39.0
175104,28.0
175120,12.0
175248,13.0
175344,39.0
175360,55.0
175360,16.0
175392,55.0
175392,35.0
175392,60.0
175472,44.0
175488,79.0
175568,28.0
175584,12.0
175616,101.0
175632,17.0
175632,15.0
175664,54.0
175712,29.0
175840,11.0
175888,34.0
175968,38.0
176032,58.0
176064,30.0
176064,31.0
176112,45.0
176144,11.0
176144,66.0
176208,31.0
176224,46.0
176224,47.0
176320,11.0
176368,16.0
176368,46.0
176384,11.0
176400,85.0
176416,24.0
176448,24.0
176448,52.0
176496,17.0
176496,22.0
176528,29.0
176544,57.0
176544,11.0
176608,12.0
176688,15.0
176688,103.0
176688,23.0
176704,54.0
176784,56.0
176784,11.0
176784,24.0
176848,30.0
176912,13.0
176976,37.0
176992,13.0
177024,15.0
177136,28.0
177152,58.0
177184,46.0
177216,27.0
177248,44.0
177264,48.0
177280,49.0
177376,52.0
177424,56.0
177440,37.0
177440,47.0
177520,52.0
177552,40.0
177568,36.0
177648,17.0
177680,26.0
177728,37.0
177728,36.0
177776,47.0
177808,39.0
177808,16.0
177840,20.0
177856,13.0
177872,56.0
177904,41.0
177936,13.0
177952,24.0
178016,18.0
178064,13.0
178112,15.0
178128,43.0
178192,18.0
178272,37.0
178384,12.0
178480,29.0
178560,84.0
178592,72.0
178608,83.0
178704,54.0
178720,57.0
178800,86.0
178848,56.0
178896,26.0
178896,32.0
178912,71.0
179024,68.0
179040,48.0
179104,34.0
179120,82.0
179120,13.0
179168,17.0
179216,12.0
179248,74.0
179312,37.0
179424,36.0
179424,13.0
179440,20.0
179536,46.0
179552,28.0
179568,90.0
179568,54.0
179584,29.0
179600,10.0
179648,96.0
179680,68.0
179744,53.0
179760,13.0
179824,16.0
179872,18.0
179968,45.0
180000,22.0
180000,52.0
180048,39.0
180080,30.0
180160,46.0
180176,13.0
180208,28.0
180256,16.0
180336,41.0
180384,19.0
180384,84.0
180400,14.0
180448,36.0
180496,18.0
180496,58.0
180496,15.0
180528,120.0
180544,10.0
180608,14.0
180656,52.0
180656,84.0
180672,58.0
180704,13.0
180720,20.0
180736,15.0
180752,14.0
180832,52.0
180848,43.0
180928,87.0
180944,15.0
180960,8.0
180976,16.0
180976,14.0
180992,31.0
181040,27.0
181104,23.0
181120,10.0
181136,50.0
181152,13.0
181152,69.0
181152,31.0
181168,12.0
181248,50.0
181312,12.0
181392,15.0
181424,24.0
181424,31.0
181456,57.0
181520,33.0
181520,54.0
181584,12.0
181600,27.0
181632,30.0
181632,13.0
181632,60.0
181728,13.0
181792,10.0
181808,11.0
181840,54.0
181936,30.0
181968,21.0
181984,55.0
182016,55.0
182048,15.0
182080,35.0
182112,33.0
182144,52.0
182160,23.0
182208,49.0
182288,71.0
182320,13.0
182400,16.0
182416,98.0
182416,51.0
182432,74.0
182496,30.0
182704,54.0
182704,26.0
182768,45.0
182816,68.0
182832,27.0
182864,55.0
182880,35.0
182880,11.0
182896,43.0
182896,60.0
182912,52.0
182944,32.0
183024,66.0
183056,15.0
183056,14.0
183072,41.0
183136,27.0
183168,19.0
183200,44.0
183296,71.0
183328,28.0
183344,13.0
183424,14.0
183472,36.0
183488,34.0
183536,39.0
183568,50.0
183616,20.0
183664,38.0
183680,79.0
183728,44.0
183856,60.0
183904,64.0
183968,57.0
183984,41.0
184000,33.0
184032,29.0
184080,11.0
184096,58.0
184112,36.0
184160,68.0
184272,12.0
184368,59.0
184384,24.0
184400,46.0
184432,68.0
184496,63.0
184496,40.0
184512,52.0
184560,59.0
184560,36.0
184576,30.0
184656,43.0
184672,59.0
184672,11.0
184704,13.0
184752,40.0
184832,50.0
184960,13.0
184992,27.0
185056,39.0
185088,45.0
185088,33.0
185088,51.0
185120,34.0
185168,49.0
185184,30.0
185216,34.0
185264,17.0
185296,15.0
185312,22.0
185328,51.0
185488,10.0
185520,16.0
185536,86.0
185552,16.0
185600,48.0
185648,61.0
185712,39.0
185760,42.0
185776,86.0
185776,43.0
185808,72.0
185808,43.0
185840,15.0
185872,43.0
185872,21.0
185888,42.0
185952,15.0
185968,10.0
186048,17.0
186192,55.0
186192,64.0
186224,17.0
186352,30.0
186352,34.0
186400,13.0
186400,55.0
186416,28.0
186480,52.0
186480,16.0
186480,38.0
186496,63.0
186592,25.0
186608,12.0
186624,46.0
186704,59.0
186752,17.0
186880,52.0
186880,30.0
187008,19.0
187056,28.0
187072,20.0
187072,45.0
187152,47.0
187184,35.0
187216,104.0
187248,92.0
187264,49.0
187328,52.0
187344,54.0
187456,36.0
187552,75.0
187552,30.0
187568,14.0
187712,70.0
187728,11.0
187760,43.0
187760,44.0
187808,58.0
187808,123.0
187872,41.0
187920,48.0
187968,49.0
188032,36.0
188048,21.0
188064,50.0
188080,33.0
188160,52.0
188192,27.0
188256,78.0
188256,11.0
188304,31.0
188384,12.0
188400,27.0
188400,42.0
188432,54.0
188512,40.0
188512,47.0
188560,40.0
188576,34.0
188592,34.0
188720,92.0
188768,44.0
188848,26.0
188944,43.0
188960,41.0
188960,25.0
188976,29.0
188992,38.0
189008,47.0
189072,79.0
189104,44.0
189216,39.0
189248,19.0
189264,54.0
189344,22.0
189376,33.0
189408,27.0
189424,10.0
189456,43.0
189472,82.0
189536,10.0
189616,25.0
189632,18.0
189664,59.0
189680,45.0
189712,71.0
189728,17.0
189744,49.0
189760,43.0
189808,12.0
189888,86.0
190000,36.0
190000,12.0
190048,36.0
190224,14.0
190272,79.0
190272,33.0
190288,41.0
190288,15.0
190320,57.0
190336,41.0
190352,69.0
190416,43.0
190416,26.0
190448,11.0
190528,15.0
190544,49.0
190560,15.0
190576,43.0
190624,95.0
190624,57.0
190640,22.0
190704,30.0
190736,75.0
190768,20.0
190784,9.0
190800,17.0
190848,18.0
190848,14.0
190864,18.0
190976,35.0
191008,14.0
191024,47.0
191056,16.0
191104,43.0
191104,48.0
191104,23.0
191120,17.0
191152,18.0
191216,28.0
191248,15.0
191280,101.0
191296,12.0
191312,38.0
191328,61.0
191376,22.0
191408,12.0
191472,22.0
191488,15.0
191584,18.0
191632,68.0
191696,40.0
191712,24.0
191760,24.0
191760,71.0
191824,15.0
191824,53.0
191824,61.0
192000,53.0
192032,21.0
192032,34.0
192048,48.0
192048,46.0
192048,14.0
192080,20.0
192112,63.0
192112,40.0
192176,67.0
192192,49.0
192288,41.0
192304,16.0
192368,38.0
192432,20.0
192448,16.0
192496,42.0
192560,24.0
192640,38.0
192640,33.0
192672,39.0
192672,39.0
192704,21.0
192768,43.0
192800,48.0
192848,26.0
192848,11.0
192944,40.0
193040,83.0
193056,26.0
193088,50.0
193120,70.0
193248,43.0
193280,52.0
193280,91.0
193296,22.0
193360,41.0
193376,33.0
193440,48.0
193600,15.0
193616,61.0
193632,22.0
193696,25.0
193696,28.0
193712,76.0
193760,10.0
193808,47.0
193824,44.0
193872,37.0
193872,49.0
193888,53.0
193920,30.0
193952,16.0
194000,39.0
194032,17.0
194192,23.0
194208,11.0
194256,93.0
194272,36.0
194304,27.0
194336,96.0
194384,36.0
194464,53.0
194496,103.0
194512,15.0
194544,15.0
194544,57.0
194608,22.0
194640,47.0
194704,52.0
194720,24.0
194736,64.0
194784,52.0
194896,44.0
194912,44.0
194960,15.0
194960,65.0
195008,25.0
195008,23.0
195056,35.0
195168,49.0
195184,45.0
195184,11.0
195280,48.0
195296,37.0
195456,17.0
195456,31.0
195472,36.0
195600,66.0
195696,43.0
195840,34.0
195856,67.0
195872,71.0
195888,52.0
195888,118.0
195888,26.0
195984,44.0
196032,10.0
196064,11.0
196112,59.0
196160,44.0
196192,46.0
196208,14.0
196256,67.0
196288,86.0
196320,27.0
196336,112.0
196352,41.0
196400,34.0
196464,11.0
196544,13.0
196544,59.0
196592,102.0
196624,46.0
196672,29.0
196672,38.0
196816,39.0
196880,65.0
196896,36.0
196928,29.0
196928,21.0
196992,28.0
197104,47.0
197136,64.0
197152,70.0
197168,31.0
197216,42.0
197264,21.0
197280,38.0
197296,71.0
197312,13.0
197328,28.0
197344,13.0
197392,14.0
197440,39.0
197456,12.0
197456,75.0
197504,13.0
197520,19.0
197552,17.0
197632,44.0
197648,16.0
197712,68.0
197744,26.0
197760,20.0
197776,49.0
197888,36.0
197904,17.0
197984,33.0
198064,45.0
198064,104.0
198176,42.0
198176,17.0
198192,46.0
198272,31.0
198288,46.0
198304,41.0
198368,92.0
198416,22.0
198432,42.0
198480,37.0
198512,33.0
198512,48.0
198544,52.0
198560,24.0
198576,25.0
198592,25.0
198640,70.0
198656,37.0
198736,10.0
198752,21.0
198768,14.0
198832,12.0
198880,32.0
198912,16.0
198960,13.0
198976,114.0
198992,32.0
199008,44.0
199024,46.0
199040,33.0
199072,12.0
199104,32.0
199200,14.0
199344,27.0
199456,64.0
199488,61.0
199520,60.0
199552,35.0
199552,37.0
199584,82.0
199584,53.0
199616,49.0
199632,33.0
199632,38.0
199664,37.0
199728,33.0
199744,44.0
199808,20.0
199840,13.0
199872,69.0
200000,24.0
200016,18.0
200160,40.0
200160,22.0
200160,31.0
200160,33.0
200224,55.0
200224,48.0
200240,77.0
200272,43.0
200352,12.0
200352,21.0
200400,25.0
200400,11.0
200416,52.0
200496,59.0
200528,49.0
200688,18.0
200784,39.0
200816,18.0
200832,42.0
200880,63.0
200896,25.0
200896,84.0
200912,40.0
200928,43.0
200976,36.0
201152,16.0
201184,25.0
201264,57.0
201280,23.0
201328,69.0
201360,75.0
201392,26.0
201408,98.0
201456,40.0
201456,33.0
201456,48.0
201520,12.0
201584,43.0
201600,78.0
201712,55.0
201744,83.0
201760,11.0
201792,25.0
201792,33.0
201872,32.0
201952,34.0
201968,68.0
202032,17.0
202048,11.0
202064,38.0
202112,20.0
202128,53.0
202192,63.0
202208,38.0
202208,47.0
202272,70.0
202320,54.0
202368,39.0
202432,45.0
202544,30.0
202592,50.0
202592,24.0
202624,69.0
202656,24.0
202704,47.0
202720,42.0
202800,38.0
202816,24.0
202832,39.0
202960,37.0
203040,63.0
203040,67.0
203120,33.0
203216,68.0
203216,24.0
203232,57.0
203264,72.0
203280,39.0
203280,29.0
203296,31.0
203312,17.0
203440,45.0
203472,53.0
203488,59.0
203648,38.0
203664,11.0
203680,25.0
203680,35.0
203760,18.0
203792,75.0
203792,52.0
203840,12.0
203856,40.0
203856,72.0
203904,42.0
204016,10.0
204048,16.0
204144,53.0
204144,30.0
204160,55.0
204160,30.0
204208,28.0
204224,34.0
204272,66.0
204368,32.0
204384,59.0
204448,41.0
204480,27.0
204480,21.0
204528,32.0
204528,19.0
204544,17.0
204560,12.0
204576,23.0
204640,50.0
204656,87.0
204720,51.0
204752,37.0
204816,94.0
204848,23.0
204848,29.0
204848,13.0
205008,22.0
205056,33.0
205056,31.0
205056,15.0
205104,16.0
205120,42.0
205136,41.0
205184,65.0
205232,30.0
205344,51.0
205392,21.0
205408,43.0
205408,52.0
205520,61.0
205584,29.0
205648,37.0
205648,32.0
205696,96.0
205824,61.0
205872,43.0
205920,14.0
205952,56.0
205984,61.0
206016,31.0
206048,51.0
206048,40.0
206064,15.0
206064,60.0
206096,47.0
206112,12.0
206112,15.0
206256,38.0
206416,23.0
206416,22.0
206432,99.0
206432,28.0
206496,57.0
206544,33.0
206560,19.0
206624,13.0
206672,64.0
206672,80.0
206736,83.0
206752,40.0
206880,16.0
206944,24.0
206960,57.0
207040,19.0
207088,71.0
207120,64.0
207136,44.0
207232,46.0
207232,51.0
207248,36.0
207408,46.0
207424,55.0
207584,72.0
207600,35.0
207600,23.0
207616,23.0
207616,54.0
207696,46.0
207808,54.0
207824,15.0
207840,38.0
207856,45.0
207920,65.0
208048,39.0
208096,17.0
208160,128.0
208240,34.0
208272,138.0
208432,32.0
208448,53.0
208496,28.0
208544,89.0
208624,63.0
208688,67.0
208720,54.0
208736,12.0
208752,37.0
208800,62.0
208880,40.0
208944,116.0
209024,47.0
209040,75.0
209088,62.0
209088,105.0
209120,23.0
209136,21.0
209216,11.0
209264,104.0
209392,11.0
209440,20.0
209456,45.0
209488,29.0
209520,67.0
209536,28.0
209552,29.0
209600,55.0
209600,41.0
209632,47.0
209664,25.0
209776,14.0
209792,85.0
209808,74.0
209840,13.0
209872,13.0
209920,24.0
210016,83.0
210032,56.0
210048,16.0
210112,101.0
210112,21.0
210288,43.0
210288,23.0
210336,51.0
210416,60.0
210432,25.0
210432,37.0
210464,54.0
210464,67.0
210496,39.0
210544,69.0
210592,69.0
210608,17.0
210688,36.0
210736,58.0
210784,48.0
210832,49.0
210896,27.0
210912,28.0
210992,44.0
211168,47.0
211184,40.0
211184,47.0
211216,30.0
211376,79.0
211376,55.0
211424,62.0
211584,62.0
211584,43.0
211600,14.0
211696,57.0
211744,71.0
211760,21.0
211888,56.0
211920,46.0
211968,50.0
211968,105.0
211984,50.0
212000,15.0
212064,77.0
212080,30.0
212144,48.0
212160,78.0
212176,60.0
212176,27.0
212192,38.0
212272,17.0
212288,14.0
212288,13.0
212384,31.0
212400,44.0
212400,13.0
212416,28.0
212464,20.0
212496,13.0
212592,42.0
212768,38.0
212832,41.0
212848,42.0
212880,137.0
212880,31.0
212944,41.0
212944,42.0
213088,9.0
213120,15.0
213120,45.0
213264,27.0
213296,56.0
213312,53.0
213312,34.0
213392,89.0
213408,18.0
213504,95.0
213536,28.0
213536,70.0
213552,123.0
213616,64.0
213744,50.0
213856,46.0
213936,25.0
213952,21.0
213984,37.0
214000,44.0
214000,29.0
214000,43.0
214064,76.0
214112,53.0
214160,26.0
214224,14.0
214304,56.0
214416,96.0
214416,69.0
214480,31.0
214480,34.0
214496,31.0
214496,21.0
214560,44.0
214608,132.0
214672,42.0
214720,15.0
214720,48.0
214736,77.0
214752,33.0
214768,44.0
215056,20.0
215056,94.0
215072,19.0
215136,64.0
215184,55.0
215184,44.0
215200,44.0
215216,41.0
215264,12.0
215280,33.0
215296,43.0
215312,37.0
215328,41.0
215328,52.0
215408,14.0
215424,14.0
215600,19.0
215616,21.0
215744,27.0
215792,86.0
215840,32.0
215856,45.0
215888,9.0
215888,44.0
215904,53.0
215968,78.0
216096,105.0
216128,45.0
216176,47.0
216192,61.0
216256,41.0
216272,27.0
216288,25.0
216304,11.0
216352,11.0
216400,27.0
216448,41.0
216720,104.0
216752,89.0
216816,35.0
216832,58.0
216848,41.0
216880,79.0
216912,35.0
216912,66.0
216976,68.0
217008,57.0
217040,48.0
217040,40.0
217088,114.0
217104,50.0
217216,58.0
217280,25.0
217328,38.0
217328,36.0
217504,29.0
217504,25.0
217568,15.0
217568,45.0
217584,42.0
217616,44.0
217632,41.0
217632,26.0
217664,41.0
217696,41.0
217792,84.0
217808,15.0
217808,33.0
217824,31.0
217840,14.0
217904,17.0
218000,19.0
218064,27.0
218112,38.0
218128,81.0
218256,28.0
218272,74.0
218272,10.0
218288,31.0
218352,43.0
218352,96.0
218368,50.0
218432,37.0
218512,43.0
218624,22.0
218768,40.0
218768,48.0
218768,60.0
218784,75.0
218816,34.0
218880,33.0
218944,32.0
218960,91.0
218960,38.0
219104,46.0
219232,17.0
219248,30.0
219360,91.0
219376,38.0
219376,37.0
219488,89.0
219520,44.0
219520,63.0
219600,84.0
219600,23.0
219600,45.0
219664,65.0
219728,49.0
219872,31.0
219888,14.0
219920,25.0
219936,28.0
219936,35.0
219968,75.0
219968,23.0
219968,45.0
219984,64.0
220048,110.0
220080,61.0
220096,14.0
220096,13.0
220128,48.0
220192,16.0
220288,48.0
220384,12.0
220512,33.0
220512,37.0
220544,51.0
220560,17.0
220640,42.0
220640,44.0
220704,41.0
220736,11.0
220832,77.0
220848,78.0
220960,26.0
220976,29.0
220992,57.0
221008,65.0
221104,71.0
221120,46.0
221168,67.0
221184,42.0
221200,13.0
221232,71.0
221248,15.0
221328,13.0
221392,41.0
221424,20.0
221472,31.0
221488,53.0
221568,54.0
221600,92.0
221616,26.0
221680,13.0
221696,32.0
221696,54.0
221728,35.0
221744,49.0
221776,71.0
221792,14.0
221808,36.0
221840,62.0
221936,13.0
222048,15.0
222208,49.0
222224,39.0
222240,57.0
222256,35.0
222336,18.0
222384,38.0
222384,28.0
222416,64.0
222496,63.0
222608,57.0
222624,55.0
222640,26.0
222640,53.0
222688,90.0
222736,15.0
222848,73.0
222896,40.0
222912,81.0
222928,37.0
222960,45.0
222960,14.0
222992,72.0
223040,27.0
223056,42.0
223088,10.0
223152,48.0
223168,11.0
223184,21.0
223184,34.0
223280,54.0
223312,43.0
223328,70.0
223376,13.0
223376,14.0
223440,50.0
223504,34.0
223504,20.0
223552,54.0
223568,41.0
223584,16.0
223584,31.0
223632,16.0
223664,30.0
223744,43.0
223792,14.0
223808,14.0
223888,28.0
223936,39.0
223968,19.0
224064,35.0
224080,65.0
224112,11.0
224272,40.0
224288,63.0
224288,14.0
224304,50.0
224304,21.0
224336,90.0
224432,39.0
224432,55.0
224480,11.0
224624,78.0
224656,14.0
224736,62.0
224816,77.0
224816,44.0
224832,47.0
224944,29.0
224944,41.0
225008,42.0
225040,130.0
225056,39.0
225104,52.0
225200,88.0
225280,62.0
225280,61.0
225312,31.0
225360,44.0
225408,29.0
225456,98.0
225472,12.0
225472,46.0
225536,44.0
225552,32.0
225568,29.0
225584,36.0
225680,20.0
225712,68.0
225728,10.0
225744,13.0
225872,58.0
225904,44.0
225968,26.0
226032,28.0
226080,11.0
226096,80.0
226112,24.0
226112,23.0
226176,44.0
226192,32.0
226256,61.0
226320,9.0
226400,59.0
226448,21.0
226464,88.0
226464,13.0
226592,31.0
226608,31.0
226640,83.0
226736,48.0
226752,18.0
226832,50.0
226848,25.0
226864,87.0
226912,65.0
226912,32.0
227024,17.0
227056,28.0
227088,86.0
227152,43.0
227184,69.0
227248,58.0
227280,12.0
227376,33.0
227392,124.0
227440,50.0
227440,26.0
227456,37.0
227472,55.0
227488,36.0
227520,83.0
227536,50.0
227632,24.0
227696,26.0
227696,49.0
227728,56.0
227792,26.0
227824,23.0
227840,49.0
227936,31.0
228016,33.0
228048,16.0
228064,23.0
228224,47.0
228240,50.0
228240,26.0
228272,14.0
228272,70.0
228288,69.0
228320,30.0
228320,43.0
228352,60.0
228352,26.0
228368,52.0
228448,13.0
228576,16.0
228592,15.0
228624,35.0
228640,70.0
228720,64.0
228816,68.0
228848,52.0
228880,37.0
228880,16.0
228896,20.0
228896,16.0
228992,11.0
229008,46.0
229072,12.0
229088,53.0
229216,53.0
229280,63.0
229296,53.0
229296,28.0
229376,23.0
229440,53.0
229456,35.0
229616,79.0
229696,61.0
229744,41.0
229760,29.0
229792,92.0
229808,57.0
229856,49.0
229888,104.0
229936,31.0
229952,46.0
229968,61.0
230016,45.0
230064,38.0
230160,49.0
230160,55.0
230176,18.0
230192,36.0
230288,88.0
230464,42.0
230560,51.0
230640,52.0
230688,47.0
230720,64.0
230736,34.0
230736,36.0
230880,51.0
230912,47.0
230912,59.0
230928,23.0
230960,14.0
231072,66.0
231136,53.0
231168,27.0
231184,29.0
231376,31.0
231456,34.0
231504,37.0
231520,21.0
231536,36.0
231552,68.0
231632,31.0
231728,123.0
231760,52.0
231760,119.0
231824,103.0
231840,29.0
231872,77.0
231888,21.0
231984,57.0
232016,35.0
232128,90.0
232144,61.0
232208,12.0
232240,30.0
232288,49.0
232320,37.0
232496,39.0
232512,62.0
232560,27.0
232640,25.0
232672,71.0
232752,57.0
232768,49.0
232816,62.0
232832,17.0
232896,43.0
232912,185.0
232912,25.0
232928,49.0
233072,74.0
233104,49.0
233168,33.0
233184,22.0
233296,104.0
233296,34.0
233376,68.0
233392,56.0
233440,33.0
233456,49.0
233504,109.0
233520,38.0
233536,45.0
233552,49.0
233568,29.0
233648,47.0
233664,23.0
233680,32.0
233840,18.0
233872,30.0
233872,59.0
233968,27.0
234080,49.0
234080,56.0
234096,36.0
234128,16.0
234144,43.0
234240,46.0
234288,57.0
234304,39.0
234320,42.0
234336,42.0
234352,80.0
234368,18.0
234384,26.0
234432,62.0
234432,37.0
234496,26.0
234576,63.0
234624,21.0
234624,15.0
234640,34.0
234768,56.0
234784,13.0
234784,29.0
234880,46.0
234896,16.0
234912,18.0
234976,22.0
235008,48.0
235040,16.0
235072,40.0
235200,56.0
235216,15.0
235248,57.0
235264,52.0
235344,61.0
235408,25.0
235424,67.0
235440,41.0
235472,35.0
235520,47.0
235552,30.0
235584,9.0
235600,12.0
235632,27.0
235680,40.0
235712,99.0
235712,52.0
235840,31.0
235984,17.0
236064,51.0
236224,39.0
236240,61.0
236320,46.0
236352,45.0
236416,120.0
236496,51.0
236512,42.0
236560,21.0
236560,15.0
236560,68.0
236608,87.0
236608,34.0
236688,28.0
236816,13.0
236832,17.0
236944,37.0
236976,97.0
237008,28.0
237008,91.0
237024,26.0
237040,30.0
237056,84.0
237072,136.0
237184,22.0
237200,32.0
237216,44.0
237216,13.0
237248,13.0
237312,51.0
237376,23.0
237520,34.0
237536,97.0
237616,75.0
237664,28.0
237744,33.0
237744,50.0
237760,44.0
237760,28.0
237792,37.0
237856,30.0
237952,55.0
237968,13.0
238032,53.0
238032,157.0
238032,32.0
238048,50.0
238240,31.0
238240,30.0
238256,18.0
238272,38.0
238288,79.0
238352,31.0
238464,14.0
238464,103.0
238528,31.0
238544,32.0
238576,49.0
238608,41.0
238688,67.0
238704,15.0
238736,44.0
238816,17.0
238864,70.0
238880,38.0
238896,23.0
238944,41.0
238944,30.0
238960,17.0
239024,48.0
239024,93.0
239040,21.0
239040,62.0
239056,30.0
239056,44.0
239168,27.0
239184,36.0
239312,31.0
239312,27.0
239344,18.0
239392,27.0
239456,32.0
239504,28.0
239600,36.0
239600,44.0
239616,86.0
239680,40.0
239696,42.0
239776,57.0
239792,12.0
239840,41.0
239872,16.0
239920,38.0
240000,66.0
240032,15.0
240064,29.0
240096,25.0
240112,50.0
240224,48.0
240272,48.0
240288,59.0
240304,24.0
240320,16.0
240384,76.0
240400,11.0
240400,63.0
240416,40.0
240432,47.0
240496,91.0
240544,32.0
240656,49.0
240688,53.0
240688,43.0
240704,27.0
240704,37.0
240848,29.0
240912,32.0
240912,51.0
240992,19.0
241040,46.0
241056,40.0
241216,33.0
241264,38.0
241312,64.0
241344,18.0
241424,24.0
241488,59.0
241520,51.0
241536,76.0
241584,74.0
241584,37.0
241616,44.0
241648,59.0
241680,52.0
241728,81.0
241744,10.0
241968,24.0
241968,39.0
242000,46.0
242000,94.0
242144,11.0
242176,47.0
242304,43.0
242320,88.0
242368,23.0
242368,43.0
242384,54.0
242448,77.0
242480,73.0
242512,49.0
242512,23.0
242624,68.0
242640,40.0
242704,76.0
242704,21.0
242736,48.0
242768,64.0
242816,73.0
242880,25.0
242912,29.0
242976,17.0
243024,20.0
243056,46.0
243088,45.0
243088,57.0
243120,19.0
243136,14.0
243152,32.0
243216,37.0
243248,14.0
243312,36.0
243344,65.0
243616,69.0
243696,74.0
243744,43.0
243744,41.0
243760,40.0
243760,62.0
243776,40.0
243776,56.0
243792,88.0
243824,38.0
243872,39.0
243888,57.0
243920,48.0
244032,59.0
244160,26.0
244320,34.0
244336,62.0
244336,28.0
244352,30.0
244432,70.0
244448,52.0
244480,35.0
244480,45.0
244576,51.0
244736,65.0
244768,46.0
244800,40.0
244832,32.0
244864,70.0
244880,34.0
244896,29.0
244896,67.0
244928,37.0
244992,32.0
245008,11.0
245168,86.0
245232,31.0
245264,93.0
245296,59.0
245328,47.0
245360,55.0
245488,37.0
245520,37.0
245632,46.0
245664,41.0
245776,38.0
245840,60.0
245856,62.0
245872,69.0
245952,37.0
245984,45.0
246032,99.0
246112,51.0
246160,58.0
246256,91.0
246336,30.0
246352,12.0
246352,52.0
246368,86.0
246416,58.0
246512,42.0
246576,37.0
246592,79.0
246656,55.0
246656,34.0
246720,68.0
246800,28.0
246976,82.0
246992,40.0
246992,39.0
247056,74.0
247232,11.0
247280,30.0
247312,37.0
247360,88.0
247376,49.0
247456,59.0
247472,51.0
247552,95.0
247600,38.0
247664,43.0
247664,83.0
247904,42.0
247920,40.0
248000,63.0
248032,42.0
248032,36.0
248080,30.0
248080,38.0
248080,114.0
248128,13.0
248128,107.0
248208,34.0
248336,21.0
248352,106.0
248416,32.0
248432,19.0
248480,51.0
248496,74.0
248544,73.0
248560,124.0
248576,31.0
248640,18.0
248768,40.0
248784,44.0
248864,27.0
248992,41.0
249008,91.0
249008,9.0
249104,39.0
249152,70.0
249328,70.0
249344,82.0
249408,53.0
249424,40.0
249520,64.0
249552,14.0
249552,71.0
249568,35.0
249616,13.0
249664,56.0
249680,71.0
249696,101.0
249712,71.0
249792,15.0
249840,52.0
249888,46.0
249904,18.0
249952,82.0
250128,21.0
250128,44.0
250144,36.0
250176,29.0
250192,32.0
250288,81.0
250320,11.0
250336,24.0
250352,63.0
250368,33.0
250400,53.0
250512,39.0
250528,25.0
250528,54.0
250592,67.0
250624,95.0
250640,46.0
250720,25.0
250848,14.0
250848,42.0
250880,34.0
250928,77.0
250928,46.0
250976,28.0
251040,57.0
251056,34.0
251088,43.0
251168,55.0
251280,47.0
251280,25.0
251328,38.0
251360,48.0
251376,33.0
251424,67.0
251424,36.0
251456,33.0
251472,27.0
251536,73.0
251536,35.0
251568,58.0
251680,16.0
251728,42.0
251744,18.0
251856,48.0
251872,44.0
251952,42.0
251952,24.0
251984,35.0
251984,66.0
252000,39.0
252000,42.0
252016,46.0
252032,31.0
252032,18.0
252192,10.0
252240,32.0
252288,51.0
252304,48.0
252368,11.0
252368,23.0
252512,72.0
252528,34.0
252544,37.0
252560,44.0
252576,18.0
252672,41.0
252672,43.0
252720,26.0
252784,34.0
252784,57.0
252848,30.0
252976,28.0
253056,64.0
253088,26.0
253136,35.0
253168,39.0
253216,23.0
253232,45.0
253232,54.0
253296,81.0
253344,49.0
253344,87.0
253456,111.0
253472,50.0
253520,46.0
253552,48.0
253584,22.0
253744,10.0
253760,49.0
253792,35.0
253856,45.0
253936,26.0
253984,56.0
254000,44.0
254064,84.0
254176,27.0
254192,40.0
254240,64.0
254256,75.0
254480,71.0
254512,36.0
254560,23.0
254608,53.0
254640,24.0
254688,44.0
254736,55.0
254736,14.0
254752,60.0
254816,36.0
254832,52.0
254832,48.0
254896,97.0
254928,20.0
254960,30.0
255040,25.0
255104,103.0
255184,126.0
255280,45.0
255392,35.0
255408,42.0
255424,78.0
255424,122.0
255472,49.0
255520,49.0
255616,14.0
255632,51.0
255648,43.0
255648,47.0
255824,11.0
255872,70.0
255936,56.0
255984,72.0
256032,69.0
256064,34.0
256064,55.0
256128,41.0
256160,47.0
256288,74.0
256336,43.0
256368,68.0
256400,29.0
256448,52.0
256464,40.0
256544,70.0
256592,35.0
256640,48.0
256672,14.0
256736,25.0
256768,44.0
256864,46.0
256896,46.0
256944,36.0
256992,14.0
257008,59.0
257072,90.0
257104,40.0
257104,29.0
257136,17.0
257152,47.0
257168,74.0
257168,39.0
257200,38.0
257200,111.0
257232,35.0
257392,12.0
257456,29.0
257488,24.0
257536,33.0
257552,51.0
257648,47.0
257696,47.0
257744,32.0
257808,17.0
257872,45.0
257888,12.0
257888,31.0
257920,47.0
257968,54.0
258016,53.0
258048,25.0
258096,113.0
258192,28.0
258208,67.0
258240,47.0
258288,52.0
258304,47.0
258336,15.0
258384,29.0
258432,34.0
258448,86.0
258480,42.0
258496,81.0
258528,35.0
258608,17.0
258608,35.0
258704,26.0
258720,33.0
258768,10.0
258816,50.0
258832,39.0
258864,61.0
258944,28.0
258976,33.0
258976,42.0
259008,30.0
259056,39.0
259088,53.0
259136,41.0
259216,15.0
259232,29.0
259312,28.0
259360,40.0
259392,43.0
259472,54.0
259488,32.0
259488,42.0
259520,27.0
259520,13.0
259600,48.0
259600,15.0
259680,113.0
259696,35.0
259776,87.0
259952,63.0
260000,25.0
260048,51.0
260064,37.0
260112,37.0
260128,27.0
260128,57.0
260128,38.0
260144,12.0
260240,74.0
260432,12.0
260432,59.0
260448,60.0
260464,54.0
260512,28.0
260576,50.0
260624,101.0
260640,78.0
260688,35.0
260688,14.0
260688,15.0
260736,46.0
260736,43.0
260800,41.0
260848,21.0
260880,28.0
260992,54.0
261056,26.0
261056,13.0
261120,63.0
261120,43.0
261136,25.0
261168,30.0
261200,32.0
261216,37.0
261264,99.0
261456,55.0
261504,32.0
261536,25.0
261648,30.0
261696,27.0
261712,99.0
261728,14.0
261792,37.0
261808,17.0
261824,48.0
261856,73.0
261952,56.0
261984,69.0
262064,15.0
262112,16.0
262128,26.0
262144,31.0
262176,90.0
262224,31.0
262272,72.0
262336,96.0
262416,75.0
262480,42.0
262640,26.0
262832,107.0
262848,56.0
262880,48.0
262896,47.0
262960,94.0
263024,47.0
263056,55.0
263152,32.0
263168,47.0
263264,58.0
263264,27.0
263280,76.0
263440,60.0
263536,97.0
263552,33.0
263568,32.0
263600,44.0
263712,52.0
263744,56.0
263760,30.0
263792,22.0
263808,53.0
263840,134.0
263856,44.0
263888,11.0
264000,27.0
264032,48.0
264032,48.0
264064,29.0
264272,134.0
264352,50.0
264368,38.0
264576,88.0
264592,66.0
264688,41.0
264688,181.0
264736,44.0
264768,60.0
264768,57.0
264800,63.0
264816,14.0
264880,65.0
264896,63.0
265008,46.0
265040,43.0
265040,22.0
265088,45.0
265088,32.0
265248,94.0
265280,32.0
265280,30.0
265296,18.0
265296,81.0
265440,39.0
265536,31.0
265552,41.0
265552,54.0
265648,35.0
265664,58.0
265680,57.0
265712,52.0
265792,34.0
265824,49.0
265856,35.0
265872,37.0
265920,30.0
265936,117.0
265952,54.0
265968,42.0
265968,16.0
266112,27.0
266112,52.0
266128,12.0
266192,25.0
266224,35.0
266320,23.0
266336,26.0
266384,32.0
266400,53.0
266432,29.0
266496,53.0
266512,25.0
266560,46.0
266576,38.0
266704,53.0
266768,23.0
266800,23.0
266912,21.0
266928,44.0
266928,51.0
266960,52.0
267024,43.0
267024,93.0
267120,38.0
267136,36.0
267152,60.0
267296,17.0
267440,70.0
267456,60.0
267520,25.0
267568,34.0
267584,75.0
267664,46.0
267664,46.0
267760,138.0
267760,19.0
267808,9.0
267920,63.0
267984,43.0
268000,65.0
268048,80.0
268208,25.0
268368,24.0
268400,22.0
268400,106.0
268432,42.0
268432,32.0
268528,60.0
268560,50.0
268576,90.0
268608,59.0
268624,39.0
268656,71.0
268768,74.0
268768,23.0
268832,105.0
268864,41.0
268896,15.0
269040,140.0
269088,43.0
269120,34.0
269152,34.0
269168,50.0
269248,22.0
269296,116.0
269296,29.0
269360,46.0
269440,57.0
269440,22.0
269472,65.0
269488,45.0
269552,25.0
269744,55.0
269776,41.0
269808,35.0
269840,80.0
269856,51.0
269888,33.0
269968,31.0
270112,42.0
270240,29.0
270288,116.0
270352,38.0
270400,69.0
270640,92.0
270640,117.0
270672,51.0
270688,87.0
270704,37.0
270704,76.0
270736,24.0
270752,57.0
270784,61.0
270800,52.0
270848,60.0
270960,20.0
270992,97.0
271088,96.0
271136,46.0
271184,30.0
271248,60.0
271296,28.0
271296,66.0
271344,44.0
271360,36.0
271392,41.0
271472,49.0
271488,43.0
271536,49.0
271552,35.0
271616,23.0
271616,20.0
271712,14.0
271856,29.0
271872,46.0
271872,73.0
271888,44.0
271904,22.0
271984,56.0
272048,47.0
272096,46.0
272096,30.0
272160,51.0
272240,80.0
272384,32.0
272464,36.0
272464,23.0
272528,34.0
272528,66.0
272592,55.0
272640,37.0
272656,12.0
272704,20.0
272752,53.0
272768,11.0
272848,82.0
272896,139.0
273088,92.0
273104,16.0
273120,60.0
273168,25.0
273184,68.0
273200,28.0
273264,46.0
273264,11.0
273296,37.0
273328,43.0
273360,52.0
273360,44.0
273616,86.0
273664,75.0
273680,114.0
273808,39.0
273888,49.0
273936,51.0
273984,51.0
273984,45.0
274000,69.0
274032,135.0
274064,24.0
274096,46.0
274096,50.0
274112,47.0
274128,29.0
274224,64.0
274336,22.0
274480,23.0
274560,81.0
274560,35.0
274624,33.0
274704,30.0
274736,42.0
274752,41.0
274800,51.0
274848,32.0
274896,10.0
274944,57.0
274960,64.0
275056,73.0
275104,81.0
275136,95.0
275136,113.0
275184,44.0
275200,31.0
275280,14.0
275440,55.0
275456,41.0
275568,51.0
275584,24.0
275600,41.0
275648,43.0
275696,35.0
275696,98.0
275760,36.0
275808,44.0
275952,69.0
275968,88.0
276048,48.0
276080,59.0
276096,75.0
276160,44.0
276208,39.0
276240,40.0
276240,27.0
276272,19.0
276432,113.0
276480,49.0
276496,53.0
276544,37.0
276640,59.0
276736,29.0
276784,43.0
276784,64.0
276816,78.0
276832,47.0
276848,43.0
276960,45.0
277040,100.0
277104,54.0
277200,72.0
277280,28.0
277328,18.0
277328,52.0
277376,33.0
277392,74.0
277408,28.0
277408,61.0
277440,41.0
277488,53.0
277616,50.0
277632,68.0
277696,23.0
277776,28.0
277920,90.0
277968,74.0
277968,33.0
278016,57.0
278048,22.0
278080,37.0
278128,45.0
278176,50.0
278176,56.0
278272,16.0
278352,36.0
278384,26.0
278448,51.0
278496,110.0
278608,88.0
278672,66.0
278672,31.0
278672,79.0
278688,81.0
278688,32.0
278816,56.0
278816,53.0
278912,35.0
278976,44.0
279136,68.0
279152,67.0
279184,50.0
279328,32.0
279376,48.0
279392,56.0
279408,45.0
279424,47.0
279536,68.0
279536,45.0
279600,58.0
279600,58.0
279632,30.0
279648,60.0
279824,40.0
279840,32.0
279952,33.0
280032,40.0
280048,28.0
280080,34.0
280080,122.0
280080,59.0
280080,27.0
280096,29.0
280096,31.0
280128,72.0
280144,38.0
280192,49.0
280208,52.0
280208,24.0
280560,30.0
280576,27.0
280688,53.0
280752,42.0
280784,44.0
280800,47.0
280800,118.0
280880,58.0
280992,26.0
281056,54.0
281056,11.0
281072,61.0
281104,61.0
281120,65.0
281184,68.0
281200,62.0
281296,68.0
281328,36.0
281328,16.0
281376,36.0
281376,37.0
281408,86.0
281584,29.0
281632,33.0
281632,28.0
281808,78.0
281824,48.0
281904,33.0
281952,39.0
281984,22.0
282016,51.0
282048,85.0
282064,67.0
282112,46.0
282144,46.0
282304,94.0
282416,32.0
282432,23.0
282464,55.0
282496,54.0
282560,28.0
282560,77.0
282576,95.0
282624,42.0
282752,21.0
282768,59.0
282784,46.0
282896,47.0
282976,73.0
283136,40.0
283200,46.0
283216,37.0
283216,77.0
283232,21.0
283264,43.0
283328,64.0
283360,58.0
283392,40.0
283408,12.0
283440,134.0
283456,30.0
283616,66.0
283632,26.0
283680,28.0
283744,108.0
283760,61.0
283776,23.0
283872,38.0
283888,43.0
283952,39.0
284016,41.0
284016,35.0
284064,12.0
284096,29.0
284160,64.0
284224,29.0
284272,31.0
284304,43.0
284368,22.0
284384,40.0
284400,45.0
284464,23.0
284464,67.0
284512,22.0
284656,37.0
284688,46.0
284768,55.0
284928,29.0
284992,97.0
285008,22.0
285088,39.0
285088,145.0
285136,39.0
285136,57.0
285168,56.0
285200,52.0
285248,30.0
285264,169.0
285392,12.0
285392,62.0
285408,17.0
285424,88.0
285472,73.0
285568,30.0
285616,39.0
285632,14.0
285696,43.0
285776,33.0
285840,28.0
285840,47.0
285856,37.0
285904,76.0
286080,29.0
286192,64.0
286240,51.0
286320,87.0
286352,55.0
286352,45.0
286416,45.0
286448,66.0
286480,40.0
286512,133.0
286576,63.0
286624,93.0
286656,55.0
286656,15.0
286704,24.0
286736,52.0
286800,28.0
286880,43.0
286960,70.0
287056,38.0
287120,29.0
287120,65.0
287136,80.0
287216,54.0
287216,26.0
287536,60.0
287632,26.0
287696,35.0
287744,68.0
287760,50.0
287856,46.0
287872,41.0
287888,79.0
287904,13.0
287968,77.0
288000,55.0
288112,88.0
288128,103.0
288224,23.0
288224,84.0
288272,40.0
288272,76.0
288288,25.0
288400,54.0
288432,33.0
288480,45.0
288528,16.0
288640,56.0
288704,44.0
288816,161.0
288832,54.0
288864,147.0
288880,63.0
288896,31.0
288992,45.0
289008,23.0
289008,33.0
289152,54.0
289232,25.0
289248,34.0
289392,60.0
289392,33.0
289488,31.0
289536,82.0
289616,87.0
289648,47.0
289648,31.0
289696,99.0
289744,46.0
289760,23.0
289840,107.0
289888,31.0
289920,42.0
289984,69.0
290032,50.0
290128,40.0
290256,38.0
290272,36.0
290272,24.0
290288,34.0
290336,43.0
290336,45.0
290400,87.0
290496,46.0
290528,38.0
290608,130.0
290832,31.0
290832,19.0
290896,38.0
290960,39.0
290992,45.0
291040,49.0
291040,57.0
291136,33.0
291136,40.0
291200,73.0
291248,61.0
291376,115.0
291408,162.0
291472,40.0
291472,67.0
291536,31.0
291552,45.0
291632,31.0
291648,43.0
291728,37.0
291744,53.0
291760,32.0
291792,24.0
291840,40.0
291840,18.0
291872,52.0
291920,24.0
292016,127.0
292032,41.0
292128,143.0
292288,40.0
292288,81.0
292336,31.0
292368,46.0
292528,12.0
292544,44.0
292576,69.0
292688,48.0
292736,61.0
292784,26.0
292832,65.0
292848,70.0
292848,35.0
292848,69.0
292864,87.0
292960,68.0
292992,9.0
293104,26.0
293232,41.0
293280,46.0
293296,63.0
293328,37.0
293472,43.0
293504,32.0
293552,64.0
293584,97.0
293664,52.0
293664,96.0
293664,35.0
293728,55.0
293808,60.0
293824,54.0
293888,64.0
293904,38.0
293920,40.0
293984,41.0
294160,134.0
294160,38.0
294160,36.0
294160,43.0
294176,23.0
294320,51.0
294368,71.0
294368,12.0
294528,44.0
294592,27.0
294640,45.0
294736,26.0
294864,44.0
294880,76.0
294912,78.0
294912,63.0
294976,62.0
295072,88.0
295120,60.0
295136,88.0
295184,37.0
295264,22.0
295280,87.0
295328,60.0
295328,12.0
295344,27.0
295408,33.0
295408,34.0
295440,67.0
295472,13.0
295504,33.0
295568,15.0
295584,53.0
295616,13.0
295616,61.0
295680,95.0
295728,25.0
295776,78.0
295792,22.0
295824,44.0
295920,32.0
295968,31.0
296080,29.0
296096,57.0
296096,51.0
296224,27.0
296240,26.0
296240,42.0
296256,47.0
296256,36.0
296256,74.0
296272,58.0
296304,33.0
296384,50.0
296576,41.0
296576,38.0
296720,30.0
296736,30.0
296768,42.0
296864,71.0
296864,18.0
296880,38.0
296896,51.0
296976,45.0
296992,38.0
297152,36.0
297216,21.0
297248,63.0
297312,63.0
297328,77.0
297360,71.0
297440,114.0
297456,45.0
297472,76.0
297520,12.0
297520,41.0
297552,52.0
297568,36.0
297584,43.0
297584,27.0
297696,24.0
297712,46.0
297728,60.0
297760,32.0
297872,63.0
298128,27.0
298128,36.0
298144,35.0
298144,44.0
298160,59.0
298192,38.0
298224,44.0
298288,58.0
298336,48.0
298384,57.0
298448,62.0
298560,50.0
298608,30.0
298640,48.0
298640,57.0
298656,59.0
298672,24.0
298752,77.0
298864,40.0
298912,45.0
298960,13.0
299008,53.0
299040,27.0
299088,59.0
299104,41.0
299168,38.0
299216,34.0
299232,37.0
299280,56.0
299344,27.0
299424,35.0
299456,83.0
299504,53.0
299568,35.0
299616,28.0
299616,61.0
299696,97.0
299760,89.0
299824,37.0
299936,52.0
299984,59.0
300016,25.0
300112,41.0
300176,47.0
300192,39.0
300240,64.0
300240,26.0
300400,82.0
300416,91.0
300432,12.0
300496,35.0
300512,56.0
300560,54.0
300624,70.0
300736,34.0
300896,57.0
300912,98.0
300976,106.0
300976,76.0
301008,56.0
301056,35.0
301088,33.0
301216,50.0
301344,69.0
301424,32.0
301456,25.0
301536,40.0
301552,96.0
301568,59.0
301648,40.0
301712,96.0
301712,46.0
301744,84.0
301744,33.0
301808,81.0
301952,76.0
302016,30.0
302032,30.0
302080,103.0
302112,41.0
302112,48.0
302128,72.0
302144,31.0
302144,27.0
302352,13.0
302560,51.0
302592,30.0
302608,56.0
302688,38.0
302720,57.0
302768,64.0
302880,47.0
302912,56.0
302912,84.0
302928,36.0
303040,28.0
303152,75.0
303232,68.0
303248,43.0
303296,117.0
303392,42.0
303408,33.0
303424,87.0
303440,147.0
303440,83.0
303440,47.0
303520,38.0
303712,30.0
303744,19.0
303824,57.0
303856,78.0
303856,44.0
303920,39.0
303952,64.0
303984,76.0
304016,61.0
304048,39.0
304144,47.0
304160,45.0
304176,58.0
304224,19.0
304320,29.0
304448,58.0
304480,48.0
304528,30.0
304592,40.0
304784,65.0
304784,40.0
304816,41.0
304880,92.0
304944,70.0
305088,38.0
305136,70.0
305136,51.0
305152,39.0
305152,61.0
305168,59.0
305168,24.0
305200,76.0
305312,117.0
305312,54.0
305408,37.0
305424,18.0
305504,57.0
305520,27.0
305552,25.0
305632,111.0
305840,40.0
305936,32.0
305936,62.0
305968,50.0
305984,30.0
306048,73.0
306048,46.0
306096,59.0
306112,61.0
306288,28.0
306320,57.0
306336,97.0
306352,65.0
306432,79.0
306576,66.0
306592,17.0
306624,43.0
306656,38.0
306688,45.0
306704,72.0
306720,42.0
306880,78.0
306928,59.0
306992,55.0
306992,40.0
307152,66.0
307296,63.0
307344,39.0
307344,41.0
307408,49.0
307424,68.0
307472,65.0
307504,57.0
307568,57.0
307600,38.0
307696,110.0
307712,45.0
307760,66.0
307776,27.0
307808,21.0
307904,64.0
307920,62.0
307920,84.0
307968,23.0
308048,18.0
308112,51.0
308112,34.0
308160,24.0
308272,54.0
308496,67.0
308496,24.0
308528,38.0
308544,46.0
308544,75.0
308544,65.0
308624,58.0
308640,93.0
308864,56.0
308880,45.0
308896,74.0
308944,25.0
308960,20.0
308992,28.0
308992,68.0
309008,29.0
309024,69.0
309088,37.0
309200,68.0
309280,63.0
309280,77.0
309504,63.0
309552,35.0
309600,37.0
309616,62.0
309632,43.0
309680,72.0
309728,33.0
309760,50.0
309840,51.0
309840,61.0
309856,54.0
309920,52.0
310000,24.0
310000,23.0
310080,36.0
310112,27.0
310208,30.0
310224,83.0
310224,29.0
310240,15.0
310256,44.0
310304,64.0
310448,37.0
310480,40.0
310576,61.0
310656,111.0
310672,47.0
310672,52.0
310672,29.0
310704,39.0
310720,45.0
310800,43.0
310912,29.0
310960,44.0
310960,41.0
310976,19.0
311104,28.0
311136,57.0
311152,58.0
311184,30.0
311200,120.0
311232,47.0
311296,45.0
311392,42.0
311488,36.0
311504,34.0
311552,37.0
311568,29.0
311632,27.0
311680,34.0
311728,93.0
311776,69.0
311856,44.0
311904,77.0
312032,30.0
312048,51.0
312192,26.0
312208,77.0
312208,45.0
312208,88.0
312208,44.0
312256,25.0
312320,64.0
312416,64.0
312416,46.0
312432,50.0
312432,44.0
312640,13.0
312656,28.0
312672,29.0
312736,73.0
312784,46.0
312784,47.0
312816,24.0
312880,15.0
312928,42.0
312928,45.0
312976,112.0
312976,35.0
312992,49.0
313024,15.0
313040,71.0
313088,48.0
313280,22.0
313280,39.0
313328,57.0
313504,52.0
313568,52.0
313616,39.0
313632,34.0
313696,42.0
313760,59.0
313808,52.0
313824,102.0
313888,20.0
313968,68.0
314048,27.0
314160,86.0
314160,77.0
314176,56.0
314256,27.0
314256,18.0
314304,26.0
314400,44.0
314400,85.0
314432,91.0
314496,43.0
314560,50.0
314624,36.0
314640,29.0
314688,18.0
314704,86.0
314960,44.0
314976,22.0
315008,86.0
315024,109.0
315040,46.0
315040,38.0
315072,36.0
315200,35.0
315280,70.0
315344,19.0
315376,26.0
315376,70.0
315376,117.0
315520,52.0
315536,61.0
315536,86.0
315568,73.0
315696,41.0
315760,47.0
315760,46.0
315792,26.0
315792,26.0
315872,50.0
315920,24.0
315984,29.0
316064,68.0
316080,86.0
316096,47.0
316112,46.0
316144,28.0
316336,71.0
316352,49.0
316384,32.0
316432,40.0
316432,72.0
316560,50.0
316608,29.0
316624,68.0
316640,41.0
316688,38.0
316720,50.0
316784,42.0
316784,45.0
316864,33.0
316912,70.0
316944,53.0
317024,37.0
317056,81.0
317088,19.0
317152,27.0
317216,38.0
317232,50.0
317296,41.0
317360,63.0
317456,42.0
317488,25.0
317632,36.0
317648,46.0
317664,27.0
317680,70.0
317696,82.0
317712,48.0
317792,69.0
317840,61.0
317904,17.0
317904,55.0
317952,31.0
317968,11.0
317968,38.0
317984,48.0
318080,27.0
318176,30.0
318176,32.0
318192,65.0
318256,102.0
318272,27.0
318384,27.0
318432,59.0
318512,38.0
318560,37.0
318672,37.0
318752,12.0
318816,35.0
318912,58.0
318928,41.0
318944,47.0
318960,80.0
318992,68.0
319088,26.0
319168,91.0
319248,19.0
319328,25.0
319360,74.0
319376,62.0
319408,90.0
319424,57.0
319472,32.0
319552,70.0
319552,35.0
319728,97.0
319744,23.0
319760,42.0
319808,157.0
319808,56.0
319920,42.0
319936,74.0
320000,74.0
320000,52.0
320096,48.0
320144,24.0
320160,38.0
320192,40.0
320224,31.0
320240,51.0
320240,48.0
320480,70.0
320560,72.0
320560,39.0
320624,25.0
320720,61.0
320720,45.0
320768,48.0
320800,55.0
320800,35.0
320800,62.0
320816,41.0
320832,40.0
320912,48.0
320944,53.0
320944,24.0
320960,45.0
320976,26.0
321024,76.0
321088,38.0
321104,30.0
321248,28.0
321264,29.0
321264,29.0
321312,34.0
321472,40.0
321552,36.0
321616,41.0
321696,38.0
321760,41.0
321776,33.0
321792,55.0
321856,71.0
321904,68.0
322032,30.0
322032,45.0
322048,27.0
322080,66.0
322112,73.0
322112,53.0
322256,14.0
322320,15.0
322400,23.0
322448,41.0
322576,69.0
322672,61.0
322672,108.0
322720,42.0
322768,23.0
322816,57.0
322912,66.0
322928,104.0
322944,139.0
322976,75.0
322992,46.0
323168,66.0
323264,72.0
323312,31.0
323344,99.0
323376,27.0
323440,54.0
323488,73.0
323568,37.0
323632,74.0
323680,48.0
323696,64.0
323712,25.0
323728,50.0
323760,37.0
323840,36.0
323872,69.0
323920,75.0
324016,36.0
324064,87.0
324288,33.0
324352,85.0
324368,43.0
324416,43.0
324448,51.0
324496,41.0
324496,70.0
324544,61.0
324576,44.0
324592,55.0
324624,80.0
324832,57.0
324832,71.0
324976,57.0
324992,40.0
325008,26.0
325120,52.0
325184,40.0
325264,78.0
325264,56.0
325296,113.0
325344,53.0
325456,63.0
325472,40.0
325472,66.0
325552,61.0
325552,66.0
325664,41.0
325664,42.0
325936,24.0
326000,28.0
326016,56.0
326112,28.0
326128,81.0
326144,95.0
326160,56.0
326176,52.0
326192,45.0
326208,59.0
326240,79.0
326304,63.0
326400,59.0
326480,30.0
326656,74.0
326672,30.0
326864,29.0
326864,43.0
326912,108.0
327056,24.0
327072,59.0
327120,69.0
327120,40.0
327136,56.0
327136,52.0
327248,37.0
327328,87.0
327344,74.0
327344,105.0
327424,82.0
327424,76.0
327424,35.0
327520,38.0
327536,87.0
327568,44.0
327568,31.0
327648,33.0
327808,29.0
327824,43.0
327840,31.0
327984,35.0
328208,67.0
328320,47.0
328336,43.0
328352,33.0
328384,79.0
328400,72.0
328416,55.0
328416,27.0
328432,86.0
328480,66.0
328592,64.0
328640,82.0
328704,74.0
328736,25.0
328752,83.0
328752,57.0
328848,31.0
328976,37.0
329024,38.0
329040,40.0
329088,48.0
329104,23.0
329152,46.0
329200,45.0
329280,53.0
329328,36.0
329344,40.0
329392,15.0
329472,79.0
329472,31.0
329488,40.0
329536,59.0
329536,32.0
329568,29.0
329744,25.0
329776,71.0
329872,21.0
329888,26.0
329920,73.0
329984,37.0
330016,34.0
330112,144.0
330128,58.0
330160,37.0
330176,25.0
330208,42.0
330288,60.0
330288,50.0
330352,30.0
330384,84.0
330448,33.0
330480,75.0
330560,27.0
330560,13.0
330592,36.0
330688,100.0
330800,32.0
330848,29.0
330864,26.0
330864,70.0
330976,24.0
331008,28.0
331024,54.0
331168,43.0
331184,61.0
331200,64.0
331296,18.0
331328,29.0
331360,86.0
331376,51.0
331392,69.0
331424,39.0
331424,36.0
331488,39.0
331520,102.0
331520,31.0
331584,38.0
331600,25.0
331616,94.0
331664,23.0
331664,61.0
331760,23.0
331776,37.0
331776,38.0
331856,27.0
331872,22.0
331904,15.0
332032,11.0
332064,30.0
332144,45.0
332176,26.0
332224,56.0
332240,29.0
332336,42.0
332352,62.0
332384,48.0
332400,21.0
332448,67.0
332544,25.0
332560,41.0
332592,69.0
332720,20.0
332752,32.0
332848,18.0
332864,40.0
332880,33.0
332912,65.0
332960,85.0
332976,33.0
332976,40.0
332976,50.0
333040,95.0
333104,67.0
333264,26.0
333344,30.0
333344,27.0
333360,24.0
333360,40.0
333424,103.0
333584,30.0
333616,77.0
333632,41.0
333648,66.0
333728,47.0
333744,75.0
333760,25.0
333904,72.0
333904,34.0
334000,46.0
334096,21.0
334096,66.0
334144,15.0
334224,36.0
334224,38.0
334256,57.0
334400,42.0
334400,51.0
334608,74.0
334608,54.0
334656,47.0
334672,36.0
334736,30.0
334752,88.0
334784,40.0
334800,50.0
334848,118.0
334848,47.0
334912,127.0
334960,35.0
335056,28.0
335136,57.0
335168,26.0
335200,37.0
335328,30.0
335360,19.0
335360,39.0
335376,26.0
335392,30.0
335424,40.0
335424,112.0
335440,37.0
335456,41.0
335456,66.0
335520,24.0
335680,30.0
335744,23.0
335776,26.0
335776,70.0
335792,22.0
335856,25.0
335904,34.0
336032,113.0
336096,42.0
336112,90.0
336160,40.0
336208,65.0
336240,35.0
336272,55.0
336304,61.0
336352,36.0
336416,60.0
336528,31.0
336608,54.0
336640,46.0
336704,25.0
336704,58.0
336720,81.0
336832,46.0
336848,46.0
336880,68.0
336928,43.0
336928,67.0
337024,51.0
337120,60.0
337136,27.0
337168,47.0
337200,42.0
337264,57.0
337312,44.0
337312,42.0
337376,69.0
337376,15.0
337552,42.0
337584,41.0
337584,55.0
337632,50.0
337648,24.0
337712,34.0
337728,55.0
337760,40.0
337824,69.0
337840,51.0
337904,22.0
337920,34.0
337952,64.0
337968,24.0
337984,49.0
338016,44.0
338128,51.0
338144,27.0
338160,49.0
338160,16.0
338208,30.0
338256,31.0
338352,12.0
338432,28.0
338448,20.0
338544,57.0
338576,47.0
338592,28.0
338624,42.0
338640,45.0
338656,28.0
338688,33.0
338848,63.0
338944,32.0
338960,44.0
339024,23.0
339040,91.0
339072,39.0
339120,72.0
339120,69.0
339200,53.0
339248,39.0
339264,39.0
339280,27.0
339408,45.0
339440,54.0
339472,32.0
339488,29.0
339504,60.0
339536,21.0
339664,67.0
339792,42.0
339840,37.0
339888,24.0
339904,40.0
339936,62.0
340016,148.0
340096,51.0
340176,66.0
340224,46.0
340240,22.0
340288,55.0
340288,31.0
340304,79.0
340304,77.0
340320,55.0
340336,42.0
340384,30.0
340400,35.0
340480,59.0
340496,30.0
340560,29.0
340720,49.0
340784,30.0
340784,30.0
340864,87.0
340912,37.0
340976,46.0
341040,47.0
341136,47.0
341168,42.0
341184,56.0
341184,25.0
341216,46.0
341232,32.0
341232,42.0
341232,28.0
341248,13.0
341376,72.0
341392,33.0
341472,71.0
341568,24.0
341568,21.0
341616,40.0
341712,29.0
341712,96.0
341744,23.0
341744,36.0
341792,14.0
341792,55.0
341856,24.0
341872,40.0
341952,97.0
342000,54.0
342016,52.0
342048,19.0
342112,20.0
342128,57.0
342128,46.0
342224,32.0
342240,63.0
342464,32.0
342528,41.0
342560,48.0
342576,35.0
342576,36.0
342608,35.0
342608,24.0
342672,35.0
342688,35.0
342720,72.0
342752,63.0
342768,40.0
342800,59.0
342896,74.0
343024,26.0
343056,28.0
343168,44.0
343168,40.0
343184,39.0
343344,48.0
343360,40.0
343424,113.0
343536,49.0
343600,27.0
343696,22.0
343728,60.0
343808,40.0
343856,73.0
343888,12.0
343904,69.0
343920,105.0
344000,59.0
344016,70.0
344064,65.0
344144,92.0
344160,99.0
344272,57.0
344304,70.0
344352,51.0
344368,28.0
344416,32.0
344432,63.0
344432,34.0
344480,20.0
344480,47.0
344608,47.0
344688,39.0
344752,46.0
344768,18.0
344832,77.0
344880,32.0
344912,10.0
344928,49.0
344928,58.0
345008,33.0
345024,26.0
345024,38.0
345024,37.0
345120,51.0
345248,51.0
345264,36.0
345280,63.0
345344,36.0
345376,98.0
345440,35.0
345472,28.0
345584,20.0
345632,80.0
345648,51.0
345648,17.0
345712,49.0
345808,33.0
345840,37.0
345840,51.0
345872,47.0
345904,55.0
345984,61.0
346064,37.0
346064,26.0
346112,74.0
346128,26.0
346208,35.0
346224,55.0
346320,30.0
346400,31.0
346400,33.0
346544,57.0
346560,47.0
346592,47.0
346608,39.0
346624,107.0
346640,27.0
346672,68.0
346688,39.0
346784,14.0
346832,87.0
346880,47.0
346960,40.0
347008,11.0
347104,44.0
347136,57.0
347216,42.0
347216,27.0
347216,38.0
347280,76.0
347296,42.0
347296,41.0
347328,41.0
347408,28.0
347488,56.0
347488,86.0
347520,70.0
347520,14.0
347760,41.0
347776,35.0
347792,36.0
347840,35.0
347888,42.0
348176,65.0
348240,45.0
348304,101.0
348352,36.0
348416,41.0
348544,44.0
348560,97.0
348592,44.0
348656,78.0
348784,81.0
348816,36.0
348896,100.0
348944,48.0
348992,36.0
349056,25.0
349072,45.0
349136,141.0
349136,84.0
349168,36.0
349232,109.0
349280,61.0
349296,111.0
349312,124.0
349360,29.0
349376,35.0
349424,12.0
349552,31.0
349568,64.0
349632,13.0
349664,69.0
349760,39.0
349760,51.0
349824,43.0
349856,35.0
349888,51.0
349920,71.0
349952,36.0
350080,48.0
350096,17.0
350128,36.0
350192,39.0
350208,76.0
350320,35.0
350336,44.0
350416,29.0
350416,78.0
350528,54.0
350576,51.0
350592,29.0
350656,86.0
350720,52.0
350816,39.0
350816,60.0
350816,56.0
350880,50.0
350912,97.0
350976,48.0
350992,29.0
351024,13.0
351040,14.0
351280,54.0
351296,60.0
351328,46.0
351344,33.0
351376,60.0
351376,80.0
351376,29.0
351472,56.0
351488,73.0
351504,39.0
351680,21.0
351744,45.0
351760,45.0
351856,75.0
351888,37.0
351888,35.0
351920,75.0
351936,35.0
351936,59.0
351968,31.0
352032,47.0
352048,42.0
352064,35.0
352128,24.0
352304,34.0
352304,23.0
352336,60.0
352336,85.0
352336,53.0
352432,32.0
352432,31.0
352464,26.0
352480,11.0
352544,41.0
352560,42.0
352560,44.0
352576,56.0
352608,36.0
352656,20.0
352752,26.0
352816,53.0
352864,50.0
352992,27.0
353040,57.0
353056,39.0
353088,32.0
353152,51.0
353200,40.0
353200,48.0
353200,41.0
353200,24.0
353232,23.0
353296,40.0
353376,67.0
353376,48.0
353472,63.0
353600,25.0
353664,36.0
353696,76.0
353728,61.0
353744,17.0
353840,53.0
353856,30.0
353920,54.0
354064,52.0
354080,58.0
354208,32.0
354256,76.0
354304,69.0
354304,69.0
354352,66.0
354352,31.0
354384,63.0
354400,46.0
354464,46.0
354464,34.0
354544,29.0
354640,90.0
354704,40.0
354720,32.0
354736,21.0
354864,25.0
354896,72.0
355200,41.0
355232,31.0
355232,61.0
355248,88.0
355344,109.0
355440,61.0
355472,48.0
355472,47.0
355488,74.0
355520,41.0
355600,44.0
355600,78.0
355648,13.0
355712,32.0
355712,88.0
355808,21.0
355856,94.0
355872,17.0
355888,34.0
355936,43.0
355968,46.0
356000,85.0
356000,25.0
356032,14.0
356080,38.0
356096,107.0
356144,57.0
356176,15.0
356272,47.0
356352,22.0
356448,60.0
356528,51.0
356544,25.0
356560,33.0
356592,59.0
356640,34.0
356752,54.0
356864,62.0
356896,45.0
356944,42.0
356960,27.0
356976,14.0
357008,58.0
357024,29.0
357024,42.0
357056,32.0
357152,44.0
357216,85.0
357264,39.0
357296,83.0
357360,24.0
357408,88.0
357456,37.0
357520,32.0
357552,38.0
357568,38.0
357584,23.0
357648,37.0
357760,11.0
357792,27.0
357840,133.0
357856,37.0
357888,81.0
357984,52.0
358016,62.0
358080,42.0
358192,27.0
358192,46.0
358208,41.0
358208,43.0
358224,41.0
358288,31.0
358304,41.0
358336,65.0
358384,93.0
358608,24.0
358624,38.0
358704,32.0
358752,56.0
358768,35.0
358800,60.0
358832,53.0
358864,33.0
358896,37.0
358912,52.0
358944,47.0
359008,45.0
359088,29.0
359136,132.0
359168,49.0
359216,83.0
359232,29.0
359328,29.0
359408,41.0
359440,40.0
359472,35.0
359472,33.0
359504,23.0
359520,12.0
359568,60.0
359584,31.0
359600,87.0
359616,38.0
359696,62.0
359824,62.0
359872,40.0
359904,46.0
360032,32.0
360032,21.0
360032,37.0
360176,60.0
360176,35.0
360208,46.0
360208,38.0
360256,27.0
360496,29.0
360560,62.0
360640,66.0
360672,73.0
360688,51.0
360704,31.0
360720,29.0
360784,55.0
360784,36.0
360800,39.0
360816,49.0
360832,41.0
360848,122.0
360912,90.0
361248,35.0
361280,35.0
361296,30.0
361424,40.0
361456,41.0
361504,45.0
361584,68.0
361632,49.0
361680,53.0
361856,81.0
361904,77.0
362032,125.0
362048,39.0
362080,49.0
362112,41.0
362224,40.0
362224,45.0
362256,39.0
362336,89.0
362368,185.0
362416,46.0
362416,111.0
362496,112.0
362528,78.0
362640,35.0
362640,38.0
362688,52.0
362800,29.0
362816,25.0
362832,58.0
362896,42.0
362912,104.0
362928,27.0
362992,48.0
363136,28.0
363136,55.0
363248,52.0
363248,45.0
363296,41.0
363312,59.0
363328,80.0
363344,77.0
363376,24.0
363376,36.0
363424,49.0
363488,36.0
363488,41.0
363552,26.0
363584,48.0
363616,30.0
363648,22.0
363696,13.0
363728,30.0
363792,56.0
363872,31.0
363904,37.0
363904,41.0
363920,37.0
364000,32.0
364096,47.0
364144,76.0
364208,52.0
364240,28.0
364320,48.0
364464,55.0
364496,37.0
364496,37.0
364512,40.0
364576,60.0
364608,25.0
364640,57.0
364672,78.0
364688,28.0
364704,13.0
364704,44.0
364880,74.0
364880,60.0
364928,80.0
364944,28.0
364992,18.0
365136,65.0
365216,67.0
365248,42.0
365296,39.0
365360,42.0
365392,49.0
365456,47.0
365488,61.0
365488,53.0
365504,36.0
365504,65.0
365584,37.0
365616,81.0
365648,27.0
365696,47.0
365696,51.0
365808,35.0
365824,13.0
365936,66.0
366000,31.0
366016,41.0
366064,36.0
366064,16.0
366144,53.0
366256,47.0
366288,56.0
366336,75.0
366384,23.0
366464,25.0
366480,49.0
366496,57.0
366512,23.0
366640,36.0
366656,75.0
366656,45.0
366848,23.0
366880,74.0
366944,41.0
367024,23.0
367024,48.0
367040,25.0
367088,68.0
367152,94.0
367184,50.0
367200,86.0
367200,44.0
367200,10.0
367360,21.0
367408,67.0
367440,61.0
367456,59.0
367488,29.0
367520,42.0
367568,57.0
367584,31.0
367616,26.0
367664,32.0
367712,33.0
367904,44.0
367952,34.0
367984,39.0
368000,70.0
368096,38.0
368112,28.0
368112,37.0
368128,43.0
368144,166.0
368240,81.0
368240,65.0
368320,46.0
368336,45.0
368384,51.0
368512,25.0
368528,25.0
368560,29.0
368592,43.0
368672,27.0
368768,41.0
368768,51.0
368816,51.0
368880,34.0
368944,26.0
368944,24.0
368976,41.0
368976,24.0
369024,98.0
369088,69.0
369152,90.0
369184,42.0
369296,33.0
369312,67.0
369392,28.0
369424,34.0
369488,34.0
369520,34.0
369568,74.0
369632,38.0
369664,36.0
369712,98.0
369776,37.0
369792,30.0
369808,62.0
369824,53.0
369856,74.0
369904,38.0
369920,48.0
370000,36.0
370064,25.0
370064,36.0
370080,16.0
370176,25.0
370272,29.0
370368,50.0
370416,22.0
370432,104.0
370448,28.0
370464,47.0
370464,42.0
370528,38.0
370656,64.0
370688,81.0
370848,24.0
370864,63.0
370864,31.0
370912,63.0
371072,39.0
371104,36.0
371120,53.0
371248,108.0
371296,77.0
371312,55.0
371328,29.0
371344,79.0
371392,46.0
371424,60.0
371440,37.0
371536,53.0
371584,45.0
371616,90.0
371696,19.0
371728,38.0
371744,26.0
371808,29.0
371936,43.0
372080,73.0
372080,49.0
372096,105.0
372144,65.0
372176,37.0
372240,44.0
372352,58.0
372368,58.0
372448,44.0
372464,87.0
372496,35.0
372528,76.0
372560,29.0
372624,34.0
372624,30.0
372656,58.0
372736,65.0
372816,28.0
372864,49.0
372896,80.0
372928,70.0
372992,27.0
373024,25.0
373136,49.0
373168,34.0
373216,14.0
373280,69.0
373296,52.0
373312,28.0
373344,26.0
373392,46.0
373392,14.0
373392,56.0
373408,60.0
373472,41.0
373488,29.0
373504,61.0
373520,49.0
373552,26.0
373584,19.0
373648,88.0
373872,35.0
373872,25.0
373952,41.0
374000,31.0
374000,49.0
374048,33.0
374144,47.0
374160,48.0
374192,34.0
374240,43.0
374256,42.0
374304,56.0
374336,62.0
374416,26.0
374480,68.0
374560,35.0
374704,41.0
374720,30.0
374864,86.0
374928,37.0
374960,51.0
374992,70.0
375040,73.0
375056,36.0
375056,54.0
375104,43.0
375120,51.0
375120,139.0
375216,22.0
375232,11.0
375296,12.0
375296,65.0
375360,88.0
375408,44.0
375456,26.0
375472,15.0
375568,53.0
375616,41.0
375664,38.0
375744,99.0
375744,28.0
375792,54.0
375824,33.0
375840,23.0
375952,52.0
376016,91.0
376048,66.0
376112,44.0
376160,26.0
376176,60.0
376256,32.0
376256,50.0
376272,44.0
376432,67.0
376464,84.0
376480,43.0
376544,44.0
376608,31.0
376624,42.0
376688,54.0
376704,43.0
376768,32.0
376784,73.0
376864,44.0
376880,76.0
377088,57.0
377120,43.0
377168,39.0
377216,60.0
377216,33.0
377216,47.0
377312,52.0
377312,65.0
377328,80.0
377408,44.0
377488,54.0
377520,57.0
377568,28.0
377584,26.0
377584,45.0
377600,32.0
377632,47.0
377680,29.0
377696,30.0
377776,29.0
377840,39.0
377968,74.0
377984,76.0
378032,32.0
378064,30.0
378112,50.0
378176,30.0
378192,37.0
378240,41.0
378240,57.0
378272,31.0
378272,54.0
378272,49.0
378464,30.0
378480,23.0
378576,32.0
378576,59.0
378656,43.0
378848,73.0
378880,53.0
378896,39.0
378928,43.0
378944,86.0
378976,46.0
378992,50.0
379088,27.0
379168,11.0
379200,58.0
379216,65.0
379296,25.0
379312,46.0
379344,67.0
379344,94.0
379360,56.0
379408,58.0
379456,36.0
379520,42.0
379616,25.0
379712,34.0
379936,53.0
379968,22.0
380000,37.0
380080,39.0
380192,101.0
380256,57.0
380288,61.0
380368,27.0
380368,23.0
380384,74.0
380416,92.0
380496,49.0
380576,31.0
380720,21.0
380800,90.0
380816,39.0
380816,115.0
380832,93.0
380896,58.0
380896,100.0
380912,124.0
381040,42.0
381040,42.0
381072,49.0
381136,101.0
381216,31.0
381360,59.0
381472,27.0
381568,82.0
381568,47.0
381648,47.0
381664,73.0
381680,69.0
381696,30.0
381712,55.0
381792,61.0
381792,47.0
381792,56.0
382208,26.0
382224,41.0
382240,33.0
382256,49.0
382288,93.0
382416,80.0
382432,49.0
382448,55.0
382496,52.0
382528,52.0
382544,92.0
382560,19.0
382576,49.0
382688,63.0
382752,60.0
382816,36.0
382944,99.0
382944,46.0
382960,33.0
383008,29.0
383008,32.0
383024,29.0
383040,47.0
383136,139.0
383168,45.0
383376,27.0
383424,25.0
383424,30.0
383472,78.0
383488,67.0
383488,42.0
383568,51.0
383568,38.0
383728,45.0
383792,47.0
383824,51.0
383856,27.0
383904,30.0
383968,90.0
383984,88.0
384080,59.0
384112,24.0
384128,90.0
384224,41.0
384256,49.0
384320,21.0
384352,33.0
384528,65.0
384544,86.0
384560,48.0
384560,44.0
384592,69.0
384624,41.0
384672,37.0
384864,40.0
384912,84.0
384960,23.0
385008,28.0
385040,32.0
385120,76.0
385152,64.0
385216,54.0
385312,47.0
385328,23.0
385360,124.0
385408,23.0
385424,47.0
385456,28.0
385488,86.0
385504,60.0
385568,82.0
385776,22.0
385808,59.0
385808,41.0
385872,29.0
385920,63.0
385936,45.0
385984,42.0
386000,42.0
386032,42.0
386048,37.0
386352,34.0
386352,30.0
386352,53.0
386368,35.0
386384,129.0
386480,85.0
386528,31.0
386528,33.0
386576,63.0
386624,53.0
386656,17.0
386752,11.0
386768,52.0
386768,45.0
386816,137.0
386832,84.0
386880,22.0
386928,25.0
386944,60.0
386960,37.0
386976,66.0
387104,30.0
387136,49.0
387232,25.0
387328,53.0
387344,26.0
387376,15.0
387472,33.0
387488,45.0
387584,30.0
387664,53.0
387680,44.0
387792,35.0
387808,14.0
388016,85.0
388096,71.0
388096,109.0
388096,39.0
388208,91.0
388240,92.0
388240,47.0
388256,55.0
388288,31.0
388336,91.0
388384,45.0
388416,46.0
388448,69.0
388464,41.0
388544,28.0
388544,137.0
388704,38.0
388720,44.0
388784,25.0
388864,36.0
388880,39.0
388896,22.0
388912,42.0
389120,14.0
389120,64.0
389248,49.0
389264,58.0
389312,54.0
389328,26.0
389440,12.0
389488,135.0
389648,49.0
389728,38.0
389744,27.0
389840,81.0
389872,68.0
389952,109.0
389968,97.0
390016,43.0
390032,112.0
390048,25.0
390064,50.0
390192,82.0
390224,69.0
390256,97.0
390320,52.0
390400,23.0
390432,107.0
390560,70.0
390576,33.0
390656,29.0
390656,43.0
390864,29.0
390912,21.0
390944,62.0
390944,32.0
391056,46.0
391088,67.0
391104,55.0
391136,67.0
391184,84.0
391360,50.0
391408,96.0
391408,105.0
391488,52.0
391600,43.0
391648,15.0
391712,48.0
391792,43.0
391792,27.0
391824,46.0
391840,44.0
391840,41.0
391888,64.0
391888,77.0
391936,14.0
392032,39.0
392112,20.0
392112,116.0
392192,25.0
392320,161.0
392368,16.0
392400,91.0
392416,37.0
392464,54.0
392496,24.0
392608,45.0
392624,49.0
392624,49.0
392640,72.0
392656,63.0
392656,45.0
392656,48.0
392704,42.0
392800,12.0
392848,33.0
392848,41.0
392928,32.0
392944,36.0
392960,21.0
393008,22.0
393072,126.0
393168,42.0
393184,33.0
393200,16.0
393264,29.0
393344,31.0
393344,40.0
393440,61.0
393520,32.0
393584,58.0
393680,32.0
393712,82.0
393728,48.0
393808,46.0
393888,34.0
393904,79.0
393920,62.0
393936,82.0
393952,47.0
393952,27.0
394048,29.0
394064,39.0
394080,51.0
394080,46.0
394160,27.0
394208,64.0
394336,39.0
394336,28.0
394400,31.0
394464,32.0
394480,25.0
394496,51.0
394528,36.0
394544,39.0
394656,12.0
394672,54.0
394688,39.0
394816,41.0
394960,39.0
395008,50.0
395008,42.0
395072,62.0
395072,42.0
395360,52.0
395376,43.0
395424,22.0
395488,30.0
395520,44.0
395600,59.0
395600,104.0
395616,59.0
395632,99.0
395728,22.0
395728,78.0
395776,183.0
395808,79.0
395840,15.0
395936,54.0
396032,67.0
396112,31.0
396160,27.0
396160,40.0
396176,73.0
396176,23.0
396192,44.0
396208,30.0
396304,42.0
396368,48.0
396432,63.0
396496,125.0
396624,37.0
396672,29.0
396688,33.0
396688,83.0
396720,34.0
396768,62.0
396768,25.0
396848,46.0
396880,36.0
396944,63.0
396960,12.0
397040,38.0
397056,55.0
397072,57.0
397120,28.0
397232,46.0
397232,29.0
397392,48.0
397456,48.0
397488,40.0
397536,84.0
397552,31.0
397616,41.0
397648,44.0
397696,63.0
397824,44.0
397872,40.0
398032,50.0
398128,46.0
398144,38.0
398160,80.0
398176,146.0
398240,37.0
398336,29.0
398384,82.0
398384,104.0
398384,48.0
398432,61.0
398464,48.0
398560,46.0
398640,100.0
398784,41.0
398800,23.0
398896,46.0
398912,55.0
398928,49.0
398976,37.0
399008,95.0
399104,54.0
399120,35.0
399136,60.0
399168,33.0
399248,22.0
399392,115.0
399488,35.0
399520,25.0
399520,46.0
399552,36.0
399568,41.0
399632,78.0
399632,39.0
399696,37.0
399840,91.0
399840,86.0
399920,42.0
400000,75.0
400016,24.0
400032,106.0
400064,58.0
400064,14.0
400080,57.0
400096,36.0
400208,41.0
400240,38.0
400256,54.0
400256,48.0
400336,20.0
400352,52.0
400432,27.0
400480,40.0
400544,53.0
400784,33.0
400816,29.0
400832,50.0
400928,63.0
400960,56.0
400992,57.0
401136,58.0
401152,38.0
401152,42.0
401184,58.0
401200,102.0
401216,24.0
401264,52.0
401360,25.0
401408,84.0
401440,84.0
401456,29.0
401456,42.0
401504,73.0
401568,19.0
401568,47.0
401712,33.0
401728,37.0
401824,42.0
401888,42.0
401920,30.0
401984,109.0
402064,41.0
402080,58.0
402080,45.0
402176,45.0
402176,61.0
402192,39.0
402208,18.0
402368,11.0
402384,41.0
402416,93.0
402592,26.0
402624,40.0
402720,22.0
402736,77.0
402736,57.0
402816,46.0
402848,42.0
402960,56.0
402976,88.0
403008,70.0
403072,62.0
403088,23.0
403120,24.0
403168,47.0
403232,40.0
403376,73.0
403472,39.0
403504,27.0
403584,36.0
403648,64.0
403696,45.0
403728,48.0
403744,41.0
403904,95.0
403936,29.0
403936,44.0
404000,74.0
404048,58.0
404096,23.0
404112,150.0
404144,48.0
404272,176.0
404320,24.0
404448,80.0
404464,55.0
404576,29.0
404592,116.0
404640,23.0
404768,39.0
404768,45.0
404784,55.0
404864,17.0
404864,54.0
404896,72.0
404912,76.0
404928,89.0
405088,72.0
405104,49.0
405136,23.0
405152,43.0
405312,54.0
405360,14.0
405360,49.0
405392,29.0
405424,111.0
405440,22.0
405536,11.0
405552,57.0
405600,13.0
405600,94.0
405616,16.0
405664,55.0
405680,51.0
405696,49.0
405744,53.0
405888,64.0
405968,23.0
406032,55.0
406048,38.0
406176,35.0
406240,35.0
406240,43.0
406352,78.0
406432,56.0
406432,43.0
406464,36.0
406480,66.0
406528,58.0
406560,33.0
406608,81.0
406704,63.0
406832,73.0
406896,34.0
406896,41.0
406992,51.0
407056,39.0
407248,51.0
407264,81.0
407296,66.0
407296,15.0
407344,161.0
407376,42.0
407392,57.0
407520,57.0
407568,63.0
407632,40.0
407696,50.0
407728,79.0
407728,27.0
407808,27.0
407824,111.0
407984,45.0
408000,41.0
408048,33.0
408128,25.0
408192,85.0
408208,30.0
408272,29.0
408336,113.0
408416,37.0
408464,76.0
408496,100.0
408560,54.0
408640,37.0
408704,82.0
408720,46.0
408816,11.0
408832,39.0
408848,36.0
408864,54.0
408880,78.0
408912,101.0
408944,86.0
408944,30.0
408944,47.0
408976,30.0
409008,42.0
409056,58.0
409136,36.0
409328,57.0
409376,41.0
409440,38.0
409536,52.0
409536,33.0
409552,36.0
409632,51.0
409664,33.0
409760,51.0
409776,52.0
409840,62.0
409888,63.0
409952,26.0
409968,64.0
410032,73.0
410064,43.0
410112,66.0
410144,44.0
410192,80.0
410320,62.0
410416,22.0
410432,50.0
410560,26.0
410576,24.0
410624,68.0
410704,54.0
410768,28.0
410768,12.0
410816,58.0
410864,47.0
410880,58.0
410896,84.0
410944,20.0
411040,39.0
411168,22.0
411184,76.0
411232,75.0
411248,51.0
411312,47.0
411520,116.0
411520,47.0
411536,41.0
411552,15.0
411632,48.0
411680,61.0
411696,29.0
411712,33.0
411728,35.0
411808,128.0
411840,129.0
411888,62.0
411936,24.0
412000,47.0
412000,60.0
412128,26.0
412128,38.0
412144,86.0
412320,50.0
412384,36.0
412384,90.0
412464,49.0
412512,39.0
412544,53.0
412880,59.0
412944,30.0
412992,42.0
413008,73.0
413056,66.0
413072,33.0
413120,61.0
413120,62.0
413184,103.0
413232,22.0
413296,98.0
413296,104.0
413296,49.0
413408,80.0
413520,14.0
413552,38.0
413600,30.0
413616,38.0
413648,79.0
413664,104.0
413712,30.0
413792,12.0
413824,11.0
413888,56.0
413904,31.0
414064,55.0
414064,48.0
414128,63.0
414160,40.0
414176,35.0
414192,56.0
414224,73.0
414240,73.0
414320,38.0
414320,48.0
414448,129.0
414464,42.0
414640,28.0
414672,31.0
414688,64.0
414720,41.0
414736,32.0
414800,61.0
414864,39.0
414960,40.0
414976,67.0
414976,19.0
414992,22.0
415040,57.0
415040,45.0
415072,39.0
415088,58.0
415104,23.0
415184,81.0
415296,52.0
415328,22.0
415360,25.0
415360,81.0
415456,41.0
415520,26.0
415584,54.0
415600,35.0
415680,40.0
415680,44.0
415696,63.0
415744,26.0
415920,58.0
415936,36.0
415952,55.0
416096,26.0
416160,40.0
416208,64.0
416240,41.0
416240,35.0
416320,36.0
416336,65.0
416384,27.0
416592,108.0
416608,72.0
416640,97.0
416640,65.0
416688,28.0
416768,42.0
416800,13.0
416816,30.0
416848,38.0
416928,48.0
416944,46.0
416960,36.0
416976,21.0
417024,69.0
417040,45.0
417136,28.0
417168,77.0
417264,28.0
417264,119.0
417328,24.0
417376,46.0
417424,39.0
417456,31.0
417504,56.0
417568,45.0
417632,38.0
417680,44.0
417696,41.0
417840,36.0
417856,30.0
417904,36.0
417952,64.0
417984,53.0
418160,33.0
418224,45.0
418240,92.0
418288,52.0
418304,39.0
418368,75.0
418368,42.0
418432,37.0
418448,13.0
418512,18.0
418544,61.0
418560,38.0
418656,77.0
418688,89.0
418736,190.0
418816,19.0
418848,62.0
418880,37.0
418912,63.0
418992,27.0
419024,45.0
419040,22.0
419056,39.0
419104,28.0
419136,72.0
419152,15.0
419152,44.0
419168,50.0
419184,40.0
419248,55.0
419328,12.0
419376,76.0
419488,47.0
419536,43.0
419568,43.0
419568,25.0
419712,38.0
419744,58.0
419792,50.0
419824,48.0
419936,43.0
419984,26.0
420064,46.0
420112,39.0
420128,61.0
420176,64.0
420208,74.0
420320,33.0
420400,52.0
420464,80.0
420464,33.0
420464,89.0
420480,69.0
420608,49.0
420608,39.0
420640,69.0
420704,31.0
420704,37.0
420768,40.0
420848,49.0
420992,42.0
420992,51.0
421120,88.0
421152,34.0
421184,45.0
421264,54.0
421312,29.0
421344,40.0
421360,55.0
421376,48.0
421440,106.0
421456,51.0
421696,44.0
421712,45.0
421744,61.0
421760,26.0
421856,44.0
421888,36.0
421968,94.0
421984,38.0
422000,55.0
422048,84.0
422064,19.0
422128,48.0
422144,44.0
422160,12.0
422224,110.0
422240,22.0
422304,70.0
422352,41.0
422352,31.0
422352,12.0
422416,72.0
422432,61.0
422528,29.0
422576,36.0
422688,44.0
422736,24.0
422768,40.0
422784,27.0
422848,44.0
422864,72.0
422880,29.0
422912,30.0
422928,55.0
422928,43.0
422928,15.0
422960,38.0
422976,13.0
423024,80.0
423136,52.0
423200,29.0
423216,27.0
423232,23.0
423296,67.0
423312,24.0
423360,32.0
423472,59.0
423504,39.0
423568,41.0
423600,42.0
423616,43.0
423664,44.0
423664,23.0
423792,51.0
423856,16.0
423888,43.0
424224,57.0
424256,105.0
424304,40.0
424336,54.0
424368,71.0
424448,77.0
424448,49.0
424464,42.0
424576,45.0
424768,75.0
424880,32.0
424944,31.0
424960,114.0
425008,87.0
425040,37.0
425072,74.0
425088,108.0
425168,134.0
425312,68.0
425312,23.0
425312,113.0
425392,20.0
425440,69.0
425456,55.0
425536,77.0
425584,31.0
425600,84.0
425632,42.0
425808,65.0
425808,48.0
425824,18.0
425872,62.0
425936,39.0
425968,33.0
426096,44.0
426128,104.0
426176,73.0
426256,39.0
426320,54.0
426352,14.0
426432,79.0
426480,34.0
426496,39.0
426496,42.0
426624,82.0
426656,84.0
426688,55.0
426736,40.0
426896,82.0
426912,82.0
426992,46.0
427040,34.0
427072,45.0
427072,37.0
427088,12.0
427104,12.0
427136,73.0
427184,35.0
427264,38.0
427280,49.0
427296,54.0
427328,63.0
427360,42.0
427376,18.0
427376,40.0
427472,12.0
427520,28.0
427680,13.0
427696,95.0
427712,40.0
427904,45.0
427920,35.0
427936,42.0
427936,35.0
427984,41.0
428032,41.0
428160,70.0
428208,57.0
428208,31.0
428208,69.0
428272,18.0
428272,23.0
428304,82.0
428384,29.0
428416,30.0
428448,26.0
428608,28.0
428688,97.0
428736,76.0
428832,189.0
428832,71.0
428880,59.0
428896,76.0
428960,47.0
428960,32.0
429040,52.0
429152,48.0
429152,26.0
429216,38.0
429312,30.0
429344,29.0
429344,28.0
429344,67.0
429360,68.0
429360,72.0
429408,12.0
429424,46.0
429504,34.0
429504,75.0
429536,44.0
429648,38.0
429664,44.0
429680,79.0
429680,23.0
429712,35.0
429776,15.0
429808,28.0
429872,32.0
429888,29.0
429936,27.0
429952,38.0
430096,13.0
430096,37.0
430176,32.0
430192,65.0
430240,37.0
430352,36.0
430368,64.0
430448,65.0
430464,33.0
430528,53.0
430544,28.0
430608,58.0
430688,55.0
430704,32.0
430784,57.0
430816,36.0
430848,10.0
430848,31.0
430864,10.0
430912,34.0
430976,102.0
431040,54.0
431072,70.0
431136,33.0
431152,19.0
431184,41.0
431312,25.0
431312,48.0
431344,35.0
431376,104.0
431440,37.0
431520,34.0
431568,47.0
431696,39.0
431712,101.0
431792,41.0
431808,48.0
431840,86.0
431856,32.0
431856,34.0
431888,64.0
431936,93.0
431984,52.0
432176,20.0
432288,57.0
432336,56.0
432496,44.0
432560,53.0
432608,42.0
432624,51.0
432624,66.0
432672,61.0
432720,75.0
432784,50.0
432784,14.0
432848,96.0
432848,11.0
433008,73.0
433024,46.0
433024,71.0
433072,14.0
433184,53.0
433232,66.0
433264,48.0
433328,45.0
433344,21.0
433424,50.0
433536,32.0
433552,44.0
433616,152.0
433632,57.0
433648,24.0
433664,21.0
433680,56.0
433712,43.0
433712,40.0
433808,74.0
433824,12.0
433888,11.0
433904,30.0
433968,49.0
433984,47.0
434128,32.0
434144,143.0
434160,30.0
434304,31.0
434320,42.0
434336,13.0
434368,41.0
434384,65.0
434384,52.0
434416,55.0
434464,105.0
434496,42.0
434576,42.0
434624,41.0
434688,44.0
434720,25.0
434816,28.0
434912,28.0
434912,64.0
434992,41.0
435072,36.0
435120,60.0
435120,31.0
435216,57.0
435248,35.0
435296,102.0
435360,28.0
435392,63.0
435456,46.0
435456,24.0
435488,42.0
435536,26.0
435552,88.0
435552,21.0
435568,17.0
435584,63.0
435760,32.0
435776,20.0
435840,45.0
435920,27.0
435936,36.0
435936,25.0
435952,35.0
436000,34.0
436016,29.0
436240,42.0
436288,28.0
436368,124.0
436368,91.0
436400,124.0
436432,31.0
436544,62.0
436608,15.0
436608,64.0
436656,44.0
436672,46.0
436752,29.0
436800,113.0
436816,51.0
436880,60.0
436928,57.0
436944,36.0
437040,80.0
437056,19.0
437088,27.0
437104,44.0
437184,47.0
437280,38.0
437472,41.0
437488,107.0
437504,56.0
437504,36.0
437536,37.0
437616,33.0
437616,21.0
437680,39.0
437696,68.0
437712,38.0
437808,48.0
437808,12.0
437936,20.0
438000,33.0
438080,75.0
438320,38.0
438352,17.0
438368,52.0
438400,57.0
438416,136.0
438416,45.0
438432,39.0
438480,30.0
438496,62.0
438512,123.0
438544,65.0
438576,48.0
438640,44.0
438688,12.0
438864,31.0
438896,29.0
439008,114.0
439024,38.0
439024,84.0
439120,45.0
439168,47.0
439168,53.0
439184,52.0
439200,32.0
439200,41.0
439216,13.0
439232,47.0
439376,32.0
439488,23.0
439552,41.0
439600,64.0
439616,26.0
439648,30.0
439680,65.0
439760,46.0
439776,37.0
439840,51.0
439920,45.0
439984,24.0
440016,29.0
440032,95.0
440080,57.0
440080,25.0
440144,19.0
440208,61.0
440256,55.0
440288,50.0
440368,72.0
440416,27.0
440576,23.0
440592,61.0
440608,60.0
440688,48.0
440720,43.0
440720,27.0
440720,36.0
440720,44.0
440720,40.0
440736,246.0
440784,11.0
440800,45.0
440800,65.0
440912,41.0
440944,14.0
440960,74.0
441024,14.0
441056,20.0
441280,30.0
441312,59.0
441328,40.0
441328,34.0
441344,39.0
441376,50.0
441392,42.0
441408,51.0
441456,32.0
441552,33.0
441568,72.0
441632,57.0
441664,38.0
441696,23.0
441728,24.0
441728,48.0
441760,28.0
441840,58.0
441856,36.0
441952,12.0
441952,77.0
441968,37.0
441984,26.0
442064,46.0
442080,24.0
442176,28.0
442192,33.0
442208,30.0
442272,45.0
442416,28.0
442416,63.0
442448,38.0
442448,51.0
442544,37.0
442592,75.0
442688,46.0
442720,46.0
442816,40.0
442848,87.0
442864,63.0
442896,11.0
442928,41.0
442960,56.0
442992,36.0
443008,51.0
443008,26.0
443088,42.0
443136,43.0
443168,11.0
443184,69.0
443296,68.0
443312,19.0
443328,27.0
443344,50.0
443424,35.0
443600,32.0
443616,41.0
443696,35.0
443712,33.0
443728,65.0
443728,80.0
443920,62.0
443984,51.0
444000,62.0
444000,43.0
444112,79.0
444224,14.0
444272,41.0
444288,36.0
444368,40.0
444368,40.0
444368,67.0
444432,69.0
444432,27.0
444480,12.0
444512,68.0
444528,58.0
444592,111.0
444608,31.0
444672,43.0
444688,13.0
444752,30.0
444752,15.0
444800,91.0
444832,38.0
444896,33.0
444912,34.0
444960,22.0
444992,39.0
444992,35.0
445056,39.0
445168,23.0
445184,93.0
445184,14.0
445184,79.0
445200,42.0
445232,34.0
445296,39.0
445424,12.0
445440,33.0
445504,42.0
445520,48.0
445568,42.0
445696,32.0
445712,41.0
445808,66.0
445856,42.0
445920,39.0
446000,50.0
446000,35.0
446016,89.0
446016,31.0
446080,68.0
446096,37.0
446160,61.0
446160,62.0
446160,29.0
446176,11.0
446208,13.0
446208,76.0
446224,50.0
446272,44.0
446336,20.0
446448,40.0
446464,28.0
446544,43.0
446560,53.0
446576,26.0
446576,22.0
446720,34.0
446736,33.0
446816,30.0
446816,56.0
446832,46.0
446880,42.0
446944,54.0
446944,49.0
446944,49.0
446976,25.0
446992,34.0
447248,49.0
447264,62.0
447264,27.0
447328,28.0
447392,53.0
447472,57.0
447472,56.0
447552,38.0
447568,47.0
447744,64.0
447744,11.0
447792,51.0
447808,26.0
447936,42.0
447936,29.0
447952,76.0
448048,69.0
448064,51.0
448144,75.0
448192,58.0
448256,32.0
448304,22.0
448320,83.0
448368,97.0
448544,31.0
448624,72.0
448656,69.0
448672,46.0
448672,30.0
448816,64.0
448848,33.0
448880,71.0
449040,49.0
449056,27.0
449088,64.0
449232,68.0
449280,57.0
449296,26.0
449328,42.0
449488,42.0
449600,112.0
449600,58.0
449664,85.0
449712,39.0
449728,66.0
449776,58.0
449776,45.0
449824,156.0
449840,50.0
449840,38.0
449872,24.0
449904,19.0
449904,36.0
450096,12.0
450176,29.0
450208,27.0
450272,146.0
450288,109.0
450384,34.0
450528,77.0
450688,26.0
450704,33.0
450736,91.0
450752,61.0
450768,59.0
450784,43.0
450880,76.0
450880,11.0
450896,73.0
450976,37.0
451008,45.0
451056,72.0
451168,40.0
451232,102.0
451312,69.0
451312,90.0
451360,29.0
451456,25.0
451488,30.0
451504,48.0
451584,51.0
451760,63.0
451808,58.0
451824,124.0
451888,27.0
451888,25.0
451920,71.0
451952,28.0
452144,24.0
452176,63.0
452192,55.0
452240,26.0
452288,88.0
452352,29.0
452368,71.0
452384,106.0
452448,92.0
452480,37.0
452560,61.0
452560,47.0
452672,82.0
452704,49.0
452752,90.0
452768,51.0
452896,45.0
452960,48.0
452976,43.0
453024,41.0
453136,62.0
453216,46.0
453216,48.0
453296,66.0
453296,33.0
453376,62.0
453424,28.0
453456,56.0
453504,52.0
453504,72.0
453648,27.0
453712,13.0
453744,33.0
453776,30.0
453808,49.0
453824,67.0
453920,76.0
453968,12.0
454000,11.0
454048,57.0
454112,97.0
454128,52.0
454192,77.0
454272,56.0
454288,40.0
454320,36.0
454384,93.0
454416,23.0
454448,62.0
454656,72.0
454656,77.0
454672,30.0
454704,18.0
454704,46.0
454704,44.0
454704,62.0
454736,26.0
454736,39.0
454880,27.0
454912,69.0
454992,67.0
455072,43.0
455136,16.0
455152,31.0
455184,57.0
455200,57.0
455216,35.0
455232,35.0
455248,34.0
455296,73.0
455312,38.0
455328,21.0
455360,41.0
455360,13.0
455440,44.0
455552,12.0
455600,33.0
455648,46.0
455648,13.0
455728,37.0
455776,65.0
455824,70.0
455840,32.0
455904,22.0
455968,48.0
456000,51.0
456016,44.0
456032,16.0
456080,27.0
456096,23.0
456176,21.0
456192,37.0
456256,38.0
456272,64.0
456272,66.0
456288,66.0
456320,60.0
456496,29.0
456528,15.0
456592,81.0
456592,36.0
456672,44.0
456688,27.0
456800,44.0
456800,61.0
457008,26.0
457104,49.0
457136,54.0
457152,41.0
457200,42.0
457232,72.0
457296,64.0
457296,87.0
457392,87.0
457392,24.0
457424,47.0
457440,40.0
457504,44.0
457504,22.0
457584,87.0
457584,10.0
457616,90.0
457696,69.0
457776,42.0
457776,36.0
457872,36.0
457936,34.0
457936,78.0
458032,28.0
458080,31.0
458096,54.0
458112,31.0
458112,38.0
458208,57.0
458208,44.0
458240,69.0
458272,31.0
458480,49.0
458544,21.0
458544,48.0
458592,30.0
458688,41.0
458688,47.0
458704,82.0
458832,47.0
458992,70.0
459024,49.0
459024,57.0
459056,36.0
459120,27.0
459168,30.0
459200,110.0
459296,19.0
459296,64.0
459312,48.0
459328,87.0
459376,80.0
459552,60.0
459552,45.0
459568,85.0
459648,21.0
459728,44.0
459776,67.0
459792,46.0
459792,39.0
459808,30.0
459856,82.0
459888,43.0
459920,12.0
460000,27.0
460016,13.0
460272,56.0
460288,31.0
460336,28.0
460368,22.0
460368,84.0
460400,25.0
460432,55.0
460432,41.0
460464,38.0
460608,43.0
460624,83.0
460624,94.0
460704,88.0
460800,11.0
460800,78.0
460848,36.0
460976,40.0
461104,42.0
461136,48.0
461184,13.0
461248,28.0
461264,101.0
461328,60.0
461408,59.0
461472,105.0
461472,48.0
461472,39.0
461520,45.0
461568,71.0
461664,79.0
461664,86.0
461680,66.0
461712,36.0
461712,29.0
461744,30.0
461744,35.0
461760,12.0
461856,47.0
461888,26.0
461888,26.0
461888,11.0
462000,37.0
462064,34.0
462080,92.0
462096,39.0
462208,29.0
462256,16.0
462272,37.0
462272,59.0
462304,26.0
462320,38.0
462384,40.0
462496,27.0
462624,48.0
462624,60.0
462624,20.0
462672,49.0
462800,11.0
462816,45.0
462816,27.0
462832,39.0
462832,67.0
462880,38.0
463040,26.0
463104,38.0
463104,90.0
463136,51.0
463264,86.0
463424,73.0
463440,38.0
463440,25.0
463456,74.0
463472,23.0
463520,56.0
463536,27.0
463536,44.0
463552,26.0
463616,46.0
463680,26.0
463712,102.0
463712,11.0
463792,23.0
463872,16.0
464016,36.0
464096,41.0
464112,81.0
464304,102.0
464320,50.0
464320,54.0
464320,28.0
464336,49.0
464368,43.0
464416,55.0
464432,102.0
464432,101.0
464480,63.0
464752,26.0
464768,66.0
464784,43.0
464800,63.0
464832,32.0
464880,29.0
464880,35.0
464880,36.0
464960,59.0
464992,80.0
464992,42.0
465008,40.0
465056,36.0
465120,43.0
465264,13.0
465296,29.0
465392,38.0
465440,63.0
465456,36.0
465536,33.0
465584,52.0
465616,14.0
465648,48.0
465664,14.0
465664,56.0
465696,99.0
465696,44.0
465760,48.0
465936,22.0
466064,74.0
466064,79.0
466144,38.0
466256,62.0
466288,40.0
466288,39.0
466336,76.0
466368,14.0
466400,49.0
466416,45.0
466480,26.0
466480,49.0
466496,52.0
466496,13.0
466512,14.0
466624,104.0
466640,36.0
466656,45.0
466832,86.0
467056,81.0
467232,36.0
467248,48.0
467264,13.0
467296,56.0
467296,58.0
467376,47.0
467392,61.0
467392,55.0
467392,10.0
467424,133.0
467440,69.0
467488,12.0
467696,54.0
467760,79.0
467776,95.0
467792,25.0
467808,32.0
467872,38.0
467888,29.0
467936,90.0
467952,35.0
467984,94.0
467984,37.0
468224,22.0
468240,27.0
468256,101.0
468272,56.0
468304,66.0
468320,39.0
468416,33.0
468416,61.0
468432,41.0
468448,29.0
468544,18.0
468656,73.0
468720,49.0
468912,70.0
468944,60.0
468976,46.0
469024,50.0
469024,36.0
469040,68.0
469088,49.0
469104,42.0
469136,37.0
469152,87.0
469152,46.0
469264,38.0
469312,65.0
469424,63.0
469424,28.0
469456,26.0
469472,13.0
469520,50.0
469536,32.0
469632,20.0
469712,35.0
469712,18.0
469728,40.0
469728,16.0
469856,44.0
469872,9.0
469904,12.0
469952,102.0
469984,65.0
470000,61.0
470016,55.0
470032,70.0
470048,12.0
470160,40.0
470176,34.0
470224,12.0
470256,34.0
470304,48.0
470416,15.0
470464,63.0
470560,38.0
470560,21.0
470560,16.0
470608,44.0
470608,28.0
470688,99.0
470704,44.0
470768,49.0
470816,68.0
470880,39.0
470896,27.0
470896,64.0
471088,104.0
471088,33.0
471248,40.0
471296,43.0
471296,55.0
471312,47.0
471328,39.0
471360,29.0
471504,59.0
471536,45.0
471568,20.0
471616,98.0
471616,20.0
471616,58.0
471616,33.0
471808,45.0
471840,114.0
471856,60.0
471968,29.0
471968,38.0
472096,30.0
472128,85.0
472176,53.0
472240,59.0
472272,46.0
472304,28.0
472448,40.0
472464,72.0
472544,36.0
472560,105.0
472560,59.0
472656,26.0
472672,66.0
472704,36.0
472768,13.0
472784,15.0
472800,77.0
472848,42.0
472912,28.0
472912,59.0
472928,14.0
472944,42.0
472960,54.0
472992,27.0
473008,73.0
473104,12.0
473136,95.0
473184,17.0
473200,33.0
473232,58.0
473232,15.0
473232,19.0
473280,39.0
473424,26.0
473456,41.0
473456,43.0
473456,31.0
473584,40.0
473632,31.0
473648,54.0
473792,21.0
473808,44.0
473840,87.0
473904,28.0
473904,44.0
473968,70.0
474000,48.0
474064,40.0
474080,11.0
474080,50.0
474208,61.0
474224,36.0
474304,32.0
474368,74.0
474448,76.0
474464,41.0
474512,13.0
474560,45.0
474592,43.0
474624,25.0
474656,67.0
474672,37.0
474688,77.0
474752,12.0
474752,70.0
474768,11.0
474816,22.0
474816,51.0
474912,25.0
474912,10.0
475008,12.0
475088,64.0
475152,15.0
475168,68.0
475184,76.0
475184,31.0
475216,37.0
475264,32.0
475296,58.0
475392,39.0
475472,41.0
475488,36.0
475520,21.0
475648,61.0
475712,79.0
475792,38.0
475808,32.0
475824,101.0
475872,44.0
475904,56.0
475920,44.0
475952,81.0
475984,31.0
476048,49.0
476048,33.0
476064,22.0
476096,59.0
476160,67.0
476336,59.0
476384,36.0
476416,37.0
476416,23.0
476416,39.0
476416,23.0
476448,34.0
476480,26.0
476544,42.0
476576,69.0
476576,15.0
476592,40.0
476608,32.0
476608,60.0
476640,41.0
476672,16.0
476672,32.0
476752,13.0
476768,12.0
476960,36.0
477024,36.0
477168,35.0
477184,37.0
477200,37.0
477200,28.0
477232,41.0
477248,52.0
477296,39.0
477296,55.0
477376,38.0
477424,47.0
477424,94.0
477440,15.0
477472,28.0
477552,71.0
477600,70.0
477632,24.0
477744,49.0
477840,42.0
478000,44.0
478032,50.0
478096,42.0
478128,93.0
478144,44.0
478224,42.0
478224,37.0
478320,45.0
478336,72.0
478368,14.0
478448,67.0
478464,23.0
478464,39.0
478464,62.0
478624,37.0
478672,13.0
478720,22.0
478752,91.0
478752,27.0
478848,53.0
478992,33.0
479024,56.0
479024,80.0
479088,104.0
479216,12.0
479232,49.0
479312,68.0
479312,40.0
479456,44.0
479472,39.0
479584,60.0
479616,151.0
479632,88.0
479680,37.0
479680,60.0
479728,61.0
479760,46.0
479872,35.0
479872,96.0
479936,30.0
479936,16.0
479968,41.0
480000,48.0
480096,55.0
480112,31.0
480128,104.0
480160,30.0
480192,45.0
480192,27.0
480240,38.0
480336,15.0
480336,47.0
480384,41.0
480464,92.0
480512,25.0
480512,11.0
480656,43.0
480704,44.0
480816,59.0
480832,28.0
480848,41.0
480848,38.0
480928,66.0
480960,39.0
480992,66.0
481024,54.0
481136,39.0
481296,69.0
481392,43.0
481392,58.0
481456,95.0
481520,54.0
481584,39.0
481584,12.0
481616,50.0
481632,50.0
481744,77.0
481760,102.0
481888,54.0
481888,47.0
481888,65.0
481968,13.0
481984,62.0
482032,40.0
482064,76.0
482080,49.0
482112,37.0
482160,12.0
482240,41.0
482272,40.0
482304,26.0
482352,12.0
482400,59.0
482464,55.0
482528,57.0
482640,47.0
482656,57.0
482688,36.0
482816,58.0
482816,36.0
482864,35.0
482896,52.0
482912,35.0
482912,28.0
483008,130.0
483024,47.0
483088,69.0
483120,65.0
483152,31.0
483152,47.0
483280,37.0
483296,79.0
483312,25.0
483328,43.0
483424,38.0
483488,39.0
483488,60.0
483504,43.0
483584,31.0
483728,15.0
483728,45.0
483728,51.0
483744,37.0
483792,40.0
483856,60.0
483904,55.0
483936,41.0
483984,30.0
484160,52.0
484208,68.0
484208,45.0
484224,23.0
484224,18.0
484336,38.0
484352,38.0
484368,49.0
484384,25.0
484400,42.0
484480,66.0
484496,48.0
484496,74.0
484512,45.0
484512,18.0
484592,27.0
484720,13.0
484768,54.0
484832,30.0
484848,22.0
484880,23.0
484896,43.0
484912,34.0
484928,37.0
484944,103.0
485008,50.0
485024,11.0
485056,35.0
485088,54.0
485296,51.0
485344,29.0
485376,41.0
485472,44.0
485520,27.0
485536,12.0
485536,33.0
485584,47.0
485760,52.0
485872,92.0
485920,63.0
485952,26.0
486032,103.0
486048,62.0
486064,65.0
486064,33.0
486080,35.0
486112,73.0
486128,41.0
486144,48.0
486240,23.0
486400,94.0
486416,31.0
486416,29.0
486448,24.0
486464,73.0
486528,121.0
486656,32.0
486720,43.0
486848,48.0
486864,50.0
486912,54.0
486944,51.0
486976,87.0
487056,12.0
487056,41.0
487088,27.0
487248,52.0
487248,49.0
487328,15.0
487344,56.0
487424,32.0
487488,108.0
487504,61.0
487632,95.0
487744,94.0
487808,47.0
487808,54.0
487872,64.0
487920,42.0
487952,44.0
488016,42.0
488048,102.0
488080,37.0
488096,86.0
488208,72.0
488368,65.0
488384,40.0
488416,49.0
488448,36.0
488528,97.0
488592,49.0
488592,11.0
488624,70.0
488672,19.0
488704,56.0
488752,41.0
488768,47.0
488832,49.0
488848,11.0
489008,10.0
489024,40.0
489104,72.0
489168,45.0
489200,62.0
489232,40.0
489280,28.0
489296,33.0
489328,36.0
489376,47.0
489584,62.0
489584,55.0
489584,135.0
489616,38.0
489680,41.0
489680,24.0
489760,30.0
489792,13.0
489920,87.0
489920,51.0
489936,126.0
489952,12.0
489984,38.0
490048,51.0
490064,46.0
490144,61.0
490192,38.0
490240,41.0
490304,69.0
490336,26.0
490448,41.0
490528,36.0
490656,29.0
490672,162.0
490672,66.0
490688,39.0
490704,29.0
490736,43.0
490752,67.0
490800,54.0
490832,10.0
491072,58.0
491104,89.0
491168,40.0
491200,29.0
491200,28.0
491200,32.0
491216,34.0
491232,10.0
491264,51.0
491280,85.0
491296,37.0
491328,42.0
491456,41.0
491568,99.0
491616,82.0
491680,25.0
491792,43.0
491808,92.0
491808,30.0
491824,38.0
491872,44.0
492096,26.0
492128,35.0
492144,43.0
492208,37.0
492288,31.0
492400,75.0
492400,37.0
492416,38.0
492448,78.0
492480,78.0
492512,105.0
492544,78.0
492576,30.0
492608,84.0
492656,49.0
492704,12.0
492720,95.0
492752,29.0
492848,25.0
492944,70.0
492944,34.0
493024,56.0
493056,53.0
493184,30.0
493344,46.0
493456,82.0
493488,27.0
493520,61.0
493568,62.0
493616,54.0
493616,56.0
493840,51.0
493920,61.0
493920,95.0
493952,96.0
493952,81.0
494032,74.0
494048,69.0
494080,35.0
494096,57.0
494240,110.0
494240,39.0
494240,42.0
494272,58.0
494384,48.0
494448,26.0
494528,38.0
494544,37.0
494592,42.0
494640,74.0
494688,38.0
494720,39.0
494720,77.0
494736,49.0
495104,29.0
495104,54.0
495104,41.0
495120,67.0
495136,34.0
495168,28.0
495280,63.0
495296,91.0
495360,70.0
495392,53.0
495408,42.0
495456,46.0
495536,72.0
495536,25.0
495696,37.0
495712,38.0
495744,24.0
495776,42.0
495792,97.0
495792,39.0
495840,82.0
495936,25.0
495936,30.0
496064,42.0
496080,60.0
496144,53.0
496144,46.0
496144,54.0
496208,95.0
496304,32.0
496352,26.0
496384,37.0
496432,23.0
496480,44.0
496640,27.0
496672,33.0
496720,74.0
496720,23.0
496736,65.0
496752,65.0
496768,24.0
496784,65.0
496800,45.0
496832,62.0
496832,43.0
496848,23.0
496912,38.0
497120,43.0
497168,24.0
497184,29.0
497376,13.0
497408,43.0
497408,48.0
497440,40.0
497456,44.0
497536,44.0
497600,54.0
497632,106.0
497648,94.0
497680,53.0
497680,57.0
497872,60.0
498000,37.0
498096,35.0
498160,93.0
498288,90.0
498288,57.0
498368,13.0
498432,64.0
498448,62.0
498464,49.0
498512,83.0
498528,55.0
498672,65.0
498688,68.0
498720,12.0
498784,20.0
498800,32.0
498848,88.0
498896,13.0
498896,28.0
498960,115.0
498976,61.0
499024,11.0
499024,41.0
499072,75.0
499072,61.0
499120,38.0
499120,20.0
499200,33.0
499232,97.0
499280,35.0
499344,57.0
499424,40.0
499440,29.0
499472,28.0
499552,41.0
499584,43.0
499664,44.0
499792,48.0
499792,23.0
499808,36.0
499824,47.0
499856,32.0
499888,38.0
499920,28.0
499936,103.0
500048,38.0
500064,25.0
500112,65.0
500144,37.0
500176,61.0
500208,26.0
500304,24.0
500432,82.0
500480,34.0
500496,27.0
500512,58.0
500512,25.0
500512,87.0
500528,45.0
500560,46.0
500608,47.0
500864,61.0
500992,43.0
501152,40.0
501184,43.0
501200,37.0
501216,89.0
501248,45.0
501264,47.0
501264,76.0
501280,53.0
501296,68.0
501472,60.0
501488,58.0
501520,86.0
501648,25.0
501664,42.0
501680,94.0
501712,28.0
501712,53.0
501792,38.0
501840,40.0
501856,13.0
501856,44.0
501936,14.0
501968,93.0
502064,50.0
502096,51.0
502112,40.0
502208,57.0
502288,31.0
502320,69.0
502336,42.0
502416,30.0
502448,58.0
502464,47.0
502464,39.0
502480,24.0
502544,21.0
502640,60.0
502768,50.0
502864,47.0
502928,38.0
502960,42.0
502976,70.0
503008,34.0
503040,25.0
503072,41.0
503184,53.0
503200,107.0
503216,28.0
503232,43.0
503264,75.0
503312,52.0
503328,54.0
503504,29.0
503552,106.0
503632,26.0
503664,43.0
503696,39.0
503712,24.0
503712,13.0
503712,28.0
503728,54.0
503904,91.0
503904,44.0
504064,47.0
504096,24.0
504208,34.0
504224,81.0
504256,67.0
504288,24.0
504352,70.0
504384,89.0
504448,45.0
504496,37.0
504608,61.0
504624,67.0
504704,63.0
504704,62.0
504720,41.0
504768,42.0
504880,31.0
504960,29.0
505088,30.0
505104,87.0
505120,57.0
505184,30.0
505184,46.0
505184,56.0
505216,54.0
505232,29.0
505248,62.0
505312,144.0
505344,29.0
505392,13.0
505472,53.0
505536,52.0
505664,36.0
505728,94.0
505808,37.0
505808,39.0
505856,56.0
505952,40.0
506064,45.0
506112,24.0
506128,46.0
506224,69.0
506320,100.0
506352,51.0
506400,76.0
506416,74.0
506608,59.0
506608,47.0
506624,95.0
506624,72.0
506640,26.0
506656,53.0
506816,98.0
506816,25.0
506848,46.0
506896,31.0
506928,61.0
506976,53.0
507008,43.0
507056,44.0
507072,16.0
507136,30.0
507216,38.0
507248,39.0
507328,20.0
507344,28.0
507376,47.0
507408,50.0
507408,35.0
507536,13.0
507536,56.0
507536,12.0
507536,38.0
507648,25.0
507696,118.0
507776,25.0
507792,46.0
507792,41.0
507808,62.0
508016,50.0
508064,33.0
508064,125.0
508112,36.0
508112,71.0
508208,50.0
508224,51.0
508304,38.0
508336,43.0
508336,34.0
508368,19.0
508400,54.0
508528,91.0
508544,48.0
508624,35.0
508688,36.0
508688,29.0
508768,61.0
508768,60.0
508784,48.0
508864,83.0
508912,14.0
508928,45.0
508944,40.0
509072,46.0
509104,44.0
509136,22.0
509248,35.0
509248,39.0
509328,50.0
509328,26.0
509376,32.0
509408,67.0
509488,70.0
509536,25.0
509536,29.0
509552,90.0
509568,39.0
509712,49.0
509824,26.0
509856,38.0
509872,34.0
509888,35.0
509904,26.0
510000,77.0
510032,49.0
510032,41.0
510128,26.0
510176,67.0
510192,41.0
510192,89.0
510208,40.0
510224,105.0
510368,30.0
510480,41.0
510496,60.0
510560,24.0
510560,23.0
510592,46.0
510608,66.0
510704,36.0
510720,51.0
510720,43.0
510800,50.0
510848,18.0
510912,13.0
511072,29.0
511136,14.0
511136,59.0
511136,48.0
511152,35.0
511152,37.0
511200,83.0
511280,67.0
511296,36.0
511312,37.0
511360,54.0
511424,75.0
511472,62.0
511504,27.0
511504,44.0
511520,23.0
511664,23.0
511728,37.0
511728,106.0
511856,31.0
511872,37.0
511872,46.0
511888,36.0
512032,74.0
512176,47.0
512208,63.0
512240,46.0
512336,51.0
512384,41.0
512464,82.0
512480,38.0
512480,63.0
512512,86.0
512544,32.0
512544,55.0
512608,69.0
512624,15.0
512672,51.0
512704,52.0
512704,51.0
512880,25.0
512944,17.0
513040,54.0
513056,32.0
513056,37.0
513072,46.0
513072,28.0
513104,35.0
513152,34.0
513264,47.0
513312,52.0
513312,99.0
513312,23.0
513328,70.0
513328,39.0
513376,31.0
513520,29.0
513520,29.0
513536,24.0
513712,28.0
513712,40.0
513760,28.0
513760,66.0
513936,11.0
513936,38.0
513968,41.0
514000,42.0
514112,37.0
514128,68.0
514160,68.0
514176,41.0
514288,128.0
514384,39.0
514400,43.0
514400,81.0
514512,36.0
514560,27.0
514576,75.0
514656,31.0
514752,29.0
514800,54.0
514848,53.0
514976,54.0
514992,12.0
515024,40.0
515024,39.0
515040,94.0
515104,58.0
515168,38.0
515200,28.0
515232,79.0
515248,37.0
515296,56.0
515344,31.0
515392,130.0
515408,106.0
515488,61.0
515504,13.0
515552,36.0
515584,35.0
515616,39.0
515648,28.0
515888,41.0
515888,54.0
515920,47.0
515952,34.0
515968,24.0
516032,30.0
516112,38.0
516160,34.0
516160,57.0
516192,53.0
516304,26.0
516384,62.0
516400,114.0
516512,92.0
516512,34.0
516512,54.0
516512,37.0
516592,27.0
516640,38.0
516864,110.0
516944,27.0
516944,27.0
516960,28.0
516976,64.0
517008,51.0
517088,75.0
517216,69.0
517328,115.0
517328,24.0
517328,58.0
517392,55.0
517456,37.0
517472,73.0
517488,32.0
517488,34.0
517568,88.0
517760,73.0
517792,21.0
517824,21.0
517856,29.0
517856,33.0
517856,76.0
517872,54.0
517936,45.0
518032,29.0
518048,35.0
518176,24.0
518192,54.0
518208,70.0
518208,78.0
518256,49.0
518288,22.0
518288,27.0
518384,32.0
518400,34.0
518400,40.0
518416,68.0
518464,26.0
518672,29.0
518704,145.0
518720,43.0
518752,56.0
518848,42.0
518848,35.0
518896,30.0
518944,12.0
518944,46.0
519008,39.0
519008,74.0
519040,36.0
519088,56.0
519152,47.0
519168,48.0
519344,31.0
519376,30.0
519392,42.0
519504,50.0
519536,23.0
519568,39.0
519616,83.0
519616,38.0
519664,45.0
519680,63.0
519776,25.0
519840,43.0
519856,53.0
519888,53.0
519920,26.0
519968,55.0
519968,22.0
520000,24.0
520032,74.0
520096,47.0
520320,41.0
520320,58.0
520336,35.0
520384,22.0
520560,45.0
520576,38.0
520592,146.0
520656,61.0
520720,25.0
520784,58.0
520800,55.0
520816,53.0
520816,80.0
520848,47.0
520880,62.0
520912,33.0
521056,46.0
521152,19.0
521232,32.0
521248,27.0
521312,46.0
521312,109.0
521328,62.0
521328,33.0
521360,30.0
521376,45.0
521472,35.0
521472,26.0
521584,64.0
521600,100.0
521664,53.0
521744,27.0
521760,27.0
521792,30.0
521808,64.0
521904,82.0
521920,20.0
521936,29.0
522128,50.0
522192,38.0
522288,65.0
522320,68.0
522336,33.0
522368,56.0
522384,77.0
522480,70.0
522560,40.0
522592,52.0
522640,28.0
522704,57.0
522720,61.0
522768,27.0
522848,57.0
522864,60.0
522880,94.0
522896,77.0
522960,52.0
523056,46.0
523168,50.0
523216,46.0
523280,43.0
523296,57.0
523312,42.0
523328,65.0
523360,19.0
523456,43.0
523584,55.0
523600,44.0
523664,50.0
523744,74.0
523792,29.0
523792,59.0
523888,38.0
523920,65.0
523952,40.0
524016,81.0
524048,47.0
524080,30.0
524128,60.0
524160,59.0
524192,77.0
524336,37.0
524384,27.0
524480,27.0
524480,35.0
524528,46.0
524672,76.0
524688,31.0
524768,74.0
524768,24.0
524832,47.0
524912,27.0
524928,25.0
524992,75.0
525024,85.0
525056,106.0
525072,74.0
525088,47.0
525200,65.0
525200,45.0
525200,67.0
525248,36.0
525312,24.0
525376,43.0
525408,87.0
525424,41.0
525472,44.0
525648,41.0
525696,38.0
525696,31.0
525792,55.0
525872,50.0
525920,14.0
525936,32.0
525936,55.0
525952,36.0
525968,41.0
526016,48.0
526064,54.0
526144,59.0
526160,83.0
526256,20.0
526272,78.0
526304,38.0
526352,27.0
526352,13.0
526368,56.0
526384,61.0
526576,32.0
526672,41.0
526832,54.0
526896,39.0
526944,36.0
526992,40.0
527024,86.0
527056,70.0
527056,69.0
527056,79.0
527088,46.0
527120,78.0
527184,64.0
527200,56.0
527216,52.0
527280,44.0
527408,29.0
527408,22.0
527488,51.0
527552,33.0
527600,38.0
527616,35.0
527680,89.0
527680,53.0
527760,40.0
527776,45.0
527808,45.0
527968,26.0
527984,68.0
527984,36.0
528000,49.0
528000,14.0
528080,56.0
528080,55.0
528256,31.0
528256,53.0
528304,64.0
528448,29.0
528448,53.0
528528,53.0
528560,67.0
528736,46.0
528736,58.0
528752,71.0
528768,15.0
528912,52.0
528944,31.0
529056,50.0
529136,91.0
529296,65.0
529328,55.0
529328,84.0
529360,80.0
529376,86.0
529376,40.0
529456,43.0
529488,47.0
529536,98.0
529632,55.0
529680,48.0
529680,20.0
529792,93.0
529856,45.0
529856,57.0
529856,50.0
529952,31.0
530032,22.0
530064,94.0
530064,43.0
530080,44.0
530096,29.0
530176,40.0
530240,47.0
530304,63.0
530320,18.0
530352,64.0
530400,67.0
530432,36.0
530496,40.0
530528,22.0
530592,46.0
530640,43.0
530672,23.0
530848,31.0
530880,68.0
530944,54.0
530960,35.0
531024,58.0
531040,28.0
531040,61.0
531072,36.0
531072,63.0
531088,53.0
531120,50.0
531168,31.0
531184,94.0
531200,35.0
531248,45.0
531328,56.0
531344,31.0
531360,30.0
531552,37.0
531568,30.0
531584,26.0
531616,36.0
531744,50.0
531776,41.0
531792,27.0
531824,47.0
531824,50.0
531888,53.0
531904,21.0
531984,50.0
532016,51.0
532144,35.0
532224,30.0
532256,44.0
532304,32.0
532320,34.0
532368,34.0
532448,75.0
532496,89.0
532496,42.0
532592,38.0
532656,48.0
532752,53.0
532800,91.0
532912,37.0
532928,49.0
532960,13.0
532976,42.0
533040,49.0
533168,97.0
533216,48.0
533248,64.0
533264,78.0
533280,22.0
533328,52.0
533424,66.0
533536,65.0
533552,36.0
533568,57.0
533584,42.0
533648,66.0
533680,55.0
533696,26.0
533696,33.0
533792,23.0
533872,20.0
533920,14.0
534048,30.0
534144,69.0
534176,33.0
534176,31.0
534176,37.0
534192,58.0
534256,65.0
534320,62.0
534400,72.0
534528,46.0
534544,99.0
534592,56.0
534608,67.0
534768,56.0
534864,221.0
534864,45.0
534864,43.0
535040,70.0
535120,59.0
535120,45.0
535200,64.0
535232,40.0
535264,67.0
535280,60.0
535312,79.0
535440,52.0
535472,44.0
535488,23.0
535504,24.0
535504,78.0
535664,71.0
535824,32.0
535872,40.0
535904,25.0
535904,65.0
535936,41.0
536000,32.0
536032,23.0
536048,94.0
536112,42.0
536256,66.0
536272,50.0
536288,64.0
536320,91.0
536384,35.0
536464,12.0
536544,94.0
536544,32.0
536640,22.0
536688,40.0
536704,52.0
536720,76.0
536736,52.0
536784,55.0
536784,53.0
536880,31.0
536912,13.0
536976,54.0
537120,70.0
537136,42.0
537248,23.0
537328,38.0
537392,44.0
537440,12.0
537440,161.0
537440,74.0
537504,37.0
537504,45.0
537520,61.0
537536,47.0
537552,51.0
537568,28.0
537632,68.0
537648,32.0
537872,23.0
537936,24.0
537968,29.0
538016,30.0
538080,40.0
538128,38.0
538144,32.0
538144,73.0
538160,45.0
538256,11.0
538336,48.0
538368,45.0
538448,66.0
538480,65.0
538496,39.0
538592,142.0
538656,40.0
538720,130.0
538768,38.0
538880,34.0
538896,47.0
538912,27.0
538944,43.0
539008,35.0
539024,55.0
539136,15.0
539168,36.0
539184,29.0
539248,82.0
539280,72.0
539312,51.0
539312,124.0
539408,33.0
539456,27.0
539536,39.0
539584,36.0
539712,11.0
539744,31.0
539760,37.0
539808,54.0
539872,46.0
539904,96.0
539952,124.0
540064,30.0
540160,55.0
540224,30.0
540272,23.0
540336,105.0
540336,58.0
540352,73.0
540384,58.0
540416,38.0
540448,71.0
540464,47.0
540512,47.0
540592,27.0
540656,13.0
540672,28.0
540688,46.0
540736,29.0
540864,25.0
540928,66.0
540944,55.0
541120,46.0
541152,115.0
541328,46.0
541408,165.0
541424,67.0
541424,43.0
541536,75.0
541552,71.0
541600,68.0
541600,17.0
541680,47.0
541760,51.0
541872,21.0
541968,69.0
541984,27.0
542000,104.0
542016,38.0
542048,85.0
542112,91.0
542128,23.0
542128,61.0
542192,48.0
542224,69.0
542240,51.0
542240,40.0
542352,42.0
542416,109.0
542624,64.0
542624,36.0
542624,32.0
542640,14.0
542656,41.0
542656,26.0
542688,31.0
542832,44.0
542864,55.0
542880,40.0
542912,43.0
542912,65.0
543008,62.0
543104,12.0
543168,51.0
543216,68.0
543264,25.0
543264,39.0
543296,83.0
543312,39.0
543456,34.0
543504,15.0
543504,55.0
543520,14.0
543552,45.0
543616,62.0
543632,33.0
543712,31.0
543760,55.0
543968,29.0
544000,43.0
544048,37.0
544064,90.0
544080,29.0
544176,42.0
544208,97.0
544240,33.0
544272,63.0
544288,80.0
544384,108.0
544384,52.0
544576,38.0
544608,14.0
544624,62.0
544640,37.0
544704,33.0
544752,29.0
544768,63.0
544912,87.0
544960,36.0
545008,24.0
545072,54.0
545088,32.0
545104,12.0
545168,125.0
545184,59.0
545216,29.0
545248,40.0
545392,70.0
545536,92.0
545568,54.0
545712,102.0
545712,31.0
545776,111.0
545824,74.0
545888,50.0
545936,61.0
545968,75.0
545984,55.0
546016,52.0
546032,40.0
546048,50.0
546096,64.0
546176,40.0
546400,32.0
546480,48.0
546480,41.0
546576,88.0
546576,11.0
546592,41.0
546640,67.0
546672,41.0
546800,112.0
546800,64.0
546848,54.0
546848,50.0
546864,52.0
546976,55.0
547024,66.0
547136,41.0
547216,34.0
547296,31.0
547312,46.0
547392,105.0
547392,57.0
547552,61.0
547584,38.0
547696,56.0
547824,60.0
547840,78.0
547856,29.0
547952,82.0
547952,58.0
547968,70.0
547968,112.0
547984,71.0
548000,54.0
548016,20.0
548064,47.0
548176,13.0
548176,49.0
548320,31.0
548368,67.0
548384,13.0
548544,35.0
548592,33.0
548624,42.0
548624,65.0
548688,32.0
548704,44.0
548752,46.0
548864,64.0
548912,85.0
548912,37.0
549008,66.0
549152,29.0
549184,35.0
549200,52.0
549248,127.0
549280,82.0
549280,41.0
549392,96.0
549440,36.0
549568,11.0
549664,80.0
549664,26.0
549728,51.0
549744,62.0
549760,36.0
549776,36.0
549888,38.0
549984,20.0
550016,69.0
550048,65.0
550048,38.0
550080,96.0
550080,93.0
550192,57.0
550256,97.0
550272,38.0
550304,72.0
550336,38.0
550352,36.0
550480,29.0
550624,23.0
550640,35.0
550640,28.0
550704,27.0
550784,50.0
550784,65.0
550832,67.0
550848,50.0
550864,51.0
550880,82.0
550880,25.0
550928,65.0
551024,59.0
551088,47.0
551104,50.0
551232,55.0
551312,42.0
551472,39.0
551504,26.0
551520,41.0
551536,44.0
551536,52.0
551568,43.0
551584,50.0
551616,52.0
551648,45.0
551648,21.0
551760,55.0
551840,51.0
551952,45.0
551952,53.0
552000,85.0
552048,89.0
552096,39.0
552160,41.0
552240,41.0
552240,18.0
552256,45.0
552256,38.0
552304,46.0
552352,37.0
552448,28.0
552464,39.0
552512,62.0
552624,42.0
552704,68.0
552704,66.0
552752,44.0
552784,34.0
552816,29.0
552832,33.0
552896,50.0
552928,43.0
552960,89.0
552976,51.0
553040,14.0
553056,34.0
553088,40.0
553200,46.0
553232,25.0
553232,28.0
553296,13.0
553296,34.0
553360,41.0
553408,72.0
553552,41.0
553632,17.0
553648,59.0
553664,88.0
553744,44.0
553744,32.0
553808,36.0
553808,52.0
553872,42.0
553872,29.0
553936,61.0
553952,83.0
553984,66.0
554080,49.0
554080,27.0
554112,66.0
554240,59.0
554336,25.0
554368,31.0
554416,38.0
554432,22.0
554464,45.0
554496,52.0
554544,35.0
554560,58.0
554576,29.0
554656,44.0
554672,37.0
554752,32.0
554816,59.0
555040,77.0
555040,29.0
555040,24.0
555136,45.0
555152,41.0
555168,89.0
555376,44.0
555536,62.0
555568,27.0
555584,64.0
555616,36.0
555632,29.0
555632,51.0
555712,42.0
555728,85.0
555744,88.0
555760,11.0
555808,84.0
555952,14.0
555968,58.0
556000,27.0
556096,159.0
556192,30.0
556208,52.0
556272,32.0
556336,99.0
556336,24.0
556352,75.0
556368,47.0
556368,121.0
556368,35.0
556384,53.0
556512,11.0
556560,12.0
556560,51.0
556640,63.0
556736,33.0
556816,28.0
556864,32.0
556896,32.0
556928,52.0
556992,27.0
556992,50.0
557024,66.0
557040,25.0
557040,44.0
557168,56.0
557168,96.0
557296,58.0
557312,20.0
557344,49.0
557360,27.0
557424,89.0
557632,70.0
557728,54.0
557792,47.0
557872,33.0
557936,57.0
557968,58.0
558016,70.0
558048,39.0
558144,52.0
558224,58.0
558272,80.0
558320,43.0
558496,71.0
558528,112.0
558544,47.0
558656,93.0
558752,64.0
558784,123.0
558864,37.0
558896,60.0
558944,45.0
558976,113.0
559008,43.0
559056,74.0
559104,36.0
559104,38.0
559104,68.0
559184,71.0
559264,30.0
559264,32.0
559360,44.0
559392,28.0
559424,33.0
559440,36.0
559488,84.0
559504,60.0
559552,99.0
559568,32.0
559600,37.0
559616,27.0
559680,44.0
559760,31.0
559840,18.0
559888,28.0
559888,49.0
559984,37.0
560000,31.0
560080,51.0
560192,44.0
560208,49.0
560272,57.0
560320,27.0
560416,82.0
560416,53.0
560432,83.0
560432,37.0
560496,38.0
560496,31.0
560592,52.0
560592,32.0
560592,38.0
560704,68.0
560752,27.0
560768,73.0
560800,23.0
560864,74.0
560944,22.0
560960,33.0
560960,16.0
561024,52.0
561024,51.0
561024,33.0
561136,54.0
561296,44.0
561312,11.0
561312,45.0
561328,36.0
561360,59.0
561376,38.0
561408,29.0
561424,25.0
561440,40.0
561584,35.0
561648,43.0
561856,35.0
561936,67.0
561936,90.0
561936,36.0
561936,39.0
562016,43.0
562032,39.0
562096,41.0
562208,78.0
562224,57.0
562224,113.0
562240,37.0
562368,59.0
562416,87.0
562448,37.0
562464,28.0
562496,35.0
562528,37.0
562576,40.0
562656,39.0
562832,46.0
562880,41.0
562960,37.0
562960,47.0
562960,86.0
563024,103.0
563040,50.0
563120,34.0
563232,46.0
563248,50.0
563264,83.0
563264,14.0
563296,67.0
563312,49.0
563344,14.0
563392,58.0
563424,48.0
563440,26.0
563456,13.0
563536,36.0
563632,23.0
563664,25.0
563776,29.0
563776,51.0
563952,45.0
564112,36.0
564240,49.0
564288,59.0
564320,119.0
564352,15.0
564352,36.0
564448,49.0
564512,12.0
564528,77.0
564576,74.0
564640,54.0
564704,67.0
564720,12.0
564736,14.0
564768,121.0
564832,55.0
564912,39.0
564944,31.0
564976,39.0
565024,99.0
565040,43.0
565072,103.0
565088,53.0
565104,29.0
565104,23.0
565120,13.0
565248,34.0
565296,36.0
565328,14.0
565392,157.0
565472,28.0
565584,47.0
565712,40.0
565728,49.0
565760,62.0
565792,76.0
565904,51.0
565936,56.0
565968,36.0
565984,43.0
566144,65.0
566208,46.0
566208,55.0
566224,61.0
566256,71.0
566304,37.0
566320,210.0
566432,29.0
566448,12.0
566496,37.0
566576,16.0
566592,23.0
566592,50.0
566624,26.0
566624,65.0
566688,47.0
566736,63.0
566864,69.0
566896,47.0
566928,59.0
567056,23.0
567072,13.0
567168,60.0
567216,140.0
567280,49.0
567376,28.0
567408,49.0
567440,53.0
567440,24.0
567472,64.0
567472,36.0
567488,74.0
567488,47.0
567696,70.0
567712,34.0
567744,42.0
567744,72.0
567792,32.0
567952,32.0
567968,96.0
568016,50.0
568032,34.0
568112,40.0
568128,43.0
568144,28.0
568320,38.0
568352,61.0
568352,54.0
568352,38.0
568400,28.0
568432,43.0
568496,22.0
568496,24.0
568560,121.0
568624,41.0
568656,74.0
568672,79.0
568704,57.0
568768,40.0
568848,52.0
568912,30.0
569024,29.0
569152,50.0
569184,35.0
569200,73.0
569216,45.0
569280,49.0
569376,38.0
569376,61.0
569408,66.0
569424,45.0
569504,37.0
569600,26.0
569648,62.0
569664,51.0
569680,85.0
569712,31.0
569824,25.0
569840,73.0
569856,52.0
569856,30.0
569888,30.0
569936,49.0
570016,26.0
570016,22.0
570160,55.0
570224,21.0
570240,37.0
570272,21.0
570304,69.0
570368,34.0
570416,57.0
570464,49.0
570496,30.0
570560,44.0
570608,24.0
570624,142.0
570688,12.0
570736,45.0
570800,11.0
570816,90.0
570832,62.0
571040,48.0
571056,75.0
571104,31.0
571136,61.0
571152,43.0
571248,59.0
571312,39.0
571328,33.0
571344,69.0
571472,57.0
571488,28.0
571536,24.0
571616,32.0
571616,78.0
571632,56.0
571680,79.0
571776,60.0
571888,66.0
571888,47.0
571968,41.0
571984,142.0
572032,22.0
572096,48.0
572144,41.0
572208,72.0
572224,43.0
572320,43.0
572384,48.0
572496,45.0
572496,55.0
572688,90.0
572688,44.0
572704,51.0
572880,96.0
572896,47.0
572896,89.0
572928,27.0
572944,46.0
572944,35.0
572944,39.0
572960,54.0
573056,64.0
573088,75.0
573136,40.0
573280,36.0
573312,84.0
573376,31.0
573504,38.0
573520,29.0
573552,29.0
573616,42.0
573760,50.0
573808,70.0
573824,56.0
573840,56.0
573872,74.0
573888,47.0
573920,26.0
573936,39.0
573952,12.0
574016,46.0
574048,72.0
574064,43.0
574112,12.0
574160,76.0
574224,25.0
574256,44.0
574384,32.0
574416,36.0
574432,57.0
574480,26.0
574496,38.0
574560,25.0
574608,149.0
574624,43.0
574656,38.0
574672,54.0
574752,17.0
574832,14.0
574992,65.0
574992,36.0
575040,64.0
575056,39.0
575152,65.0
575168,57.0
575200,44.0
575280,39.0
575296,42.0
575376,21.0
575440,38.0
575504,80.0
575504,59.0
575600,38.0
575632,78.0
575664,57.0
575696,31.0
575760,24.0
575808,71.0
575824,24.0
575872,37.0
575936,40.0
575952,56.0
575984,30.0
576000,63.0
576064,27.0
576112,38.0
576128,157.0
576208,66.0
576240,34.0
576336,36.0
576432,23.0
576464,81.0
576528,37.0
576576,29.0
576576,36.0
576592,38.0
576736,49.0
576752,59.0
576800,71.0
576816,59.0
576928,37.0
576992,49.0
577024,75.0
577072,40.0
577088,32.0
577136,25.0
577136,63.0
577152,36.0
577216,101.0
577232,27.0
577264,42.0
577312,15.0
577360,13.0
577408,20.0
577488,60.0
577488,29.0
577520,66.0
577536,81.0
577552,46.0
577632,20.0
577680,34.0
577696,35.0
577840,53.0
577840,39.0
577952,43.0
577984,29.0
578016,49.0
578016,30.0
578032,80.0
578064,36.0
578128,28.0
578240,34.0
578336,22.0
578400,92.0
578400,24.0
578448,26.0
578464,69.0
578512,42.0
578512,17.0
578544,26.0
578720,82.0
578720,68.0
578752,13.0
578752,79.0
578816,61.0
578832,48.0
578864,26.0
578928,61.0
578944,12.0
578960,39.0
579056,34.0
579056,21.0
579184,45.0
579200,74.0
579248,12.0
579328,51.0
579392,62.0
579408,43.0
579456,39.0
579568,126.0
579632,51.0
579664,57.0
579680,46.0
579728,34.0
579744,34.0
579760,12.0
579840,13.0
579872,26.0
579872,57.0
579936,67.0
579968,65.0
580048,40.0
580064,51.0
580112,24.0
580224,24.0
580224,73.0
580272,32.0
580400,46.0
580416,34.0
580448,44.0
580464,37.0
580464,129.0
580528,29.0
580576,74.0
580592,41.0
580816,53.0
580880,41.0
580912,40.0
580928,51.0
580960,57.0
580992,48.0
580992,104.0
581024,38.0
581056,15.0
581104,44.0
581168,40.0
581168,36.0
581200,95.0
581344,48.0
581472,34.0
581504,32.0
581520,67.0
581552,31.0
581568,69.0
581584,42.0
581600,45.0
581728,79.0
581728,35.0
581776,27.0
581792,50.0
581856,19.0
581904,55.0
581920,21.0
582096,56.0
582144,39.0
582192,29.0
582288,35.0
582288,49.0
582320,85.0
582368,28.0
582528,66.0
582640,92.0
582640,65.0
582640,67.0
582672,24.0
582704,32.0
582752,61.0
582752,38.0
582864,14.0
582864,48.0
582880,35.0
583040,21.0
583040,42.0
583072,80.0
583136,31.0
583232,133.0
583248,36.0
583264,61.0
583312,49.0
583440,96.0
583456,37.0
583504,47.0
583632,55.0
583648,13.0
583712,67.0
583728,43.0
583760,119.0
583808,48.0
583872,38.0
584016,59.0
584016,13.0
584128,55.0
584144,57.0
584176,54.0
584192,43.0
584192,82.0
584336,75.0
584336,44.0
584368,22.0
584400,43.0
584448,50.0
584496,102.0
584544,51.0
584560,12.0
584576,28.0
584656,49.0
584704,43.0
584784,40.0
584800,65.0
584816,39.0
584848,28.0
584896,35.0
584912,91.0
585008,52.0
585008,42.0
585024,52.0
585056,30.0
585056,31.0
585056,32.0
585152,44.0
585200,44.0
585216,12.0
585248,27.0
585392,24.0
585456,50.0
585456,19.0
585584,49.0
585680,42.0
585728,33.0
585744,33.0
585744,53.0
585792,59.0
585824,36.0
585856,50.0
585888,61.0
585936,55.0
585952,35.0
585952,56.0
586016,10.0
586160,44.0
586224,48.0
586256,97.0
586272,93.0
586320,33.0
586320,27.0
586384,44.0
586432,13.0
586432,43.0
586592,48.0
586672,68.0
586720,48.0
586736,63.0
586784,39.0
586832,32.0
586832,36.0
586848,33.0
586848,52.0
586864,58.0
586880,71.0
586912,33.0
587088,41.0
587088,16.0
587168,36.0
587184,29.0
587200,48.0
587216,59.0
587248,32.0
587424,11.0
587440,37.0
587440,41.0
587488,51.0
587504,42.0
587536,23.0
587552,40.0
587712,39.0
587728,54.0
587776,18.0
588032,53.0
588048,38.0
588096,63.0
588128,25.0
588160,38.0
588176,60.0
588224,49.0
588240,44.0
588256,30.0
588256,52.0
588272,145.0
588368,73.0
588464,99.0
588480,61.0
588480,28.0
588480,48.0
588592,23.0
588656,113.0
588720,29.0
588736,43.0
588832,35.0
588912,49.0
588944,36.0
588944,29.0
589024,54.0
589104,63.0
589120,40.0
589184,58.0
589200,23.0
589232,36.0
589264,68.0
589392,57.0
589616,44.0
589664,40.0
589664,67.0
589680,46.0
589712,78.0
589728,38.0
589824,68.0
589920,43.0
589936,62.0
589936,34.0
589984,23.0
590016,81.0
590096,116.0
590112,53.0
590208,33.0
590224,25.0
590272,67.0
590272,73.0
590320,41.0
590384,23.0
590496,49.0
590544,51.0
590560,86.0
590576,41.0
590592,41.0
590624,60.0
590640,44.0
590672,35.0
590736,40.0
590768,35.0
590800,51.0
590848,18.0
590992,25.0
590992,20.0
591040,48.0
591056,35.0
591072,19.0
591072,28.0
591136,21.0
591152,36.0
591216,56.0
591264,55.0
591392,73.0
591440,73.0
591488,31.0
591488,47.0
591536,56.0
591616,48.0
591696,72.0
591712,20.0
591712,36.0
591728,41.0
591776,46.0
591824,42.0
591920,58.0
591936,54.0
591952,43.0
592032,61.0
592208,37.0
592240,29.0
592256,27.0
592256,48.0
592288,67.0
592320,55.0
592320,38.0
592416,44.0
592416,45.0
592448,33.0
592576,40.0
592592,11.0
592640,69.0
592720,25.0
592752,64.0
592784,47.0
592800,82.0
592848,35.0
592944,44.0
592960,44.0
592976,48.0
592992,13.0
593024,48.0
593152,44.0
593232,13.0
593296,41.0
593344,39.0
593344,25.0
593344,37.0
593376,49.0
593392,27.0
593424,39.0
593472,72.0
593472,39.0
593504,97.0
593552,13.0
593632,76.0
593776,49.0
593856,44.0
593872,30.0
593888,37.0
593936,29.0
594032,38.0
594064,13.0
594096,14.0
594096,95.0
594112,71.0
594112,40.0
594176,52.0
594240,46.0
594272,24.0
594288,59.0
594352,61.0
594352,36.0
594368,16.0
594400,29.0
594736,69.0
594736,94.0
594736,44.0
594752,40.0
594768,37.0
594816,36.0
594832,29.0
594848,81.0
594864,48.0
594960,42.0
595024,47.0
595056,12.0
595232,31.0
595264,57.0
595264,31.0
595296,30.0
595312,36.0
595328,58.0
595376,33.0
595376,80.0
595424,42.0
595440,26.0
595520,29.0
595520,43.0
595536,92.0
595552,37.0
595600,78.0
595744,23.0
595808,67.0
595840,26.0
596000,48.0
596016,29.0
596032,44.0
596032,48.0
596080,35.0
596096,36.0
596112,50.0
596224,43.0
596320,36.0
596352,68.0
596352,17.0
596512,57.0
596544,69.0
596576,36.0
596704,56.0
596720,25.0
596768,42.0
596800,60.0
596848,31.0
596880,48.0
596896,100.0
596944,57.0
597040,12.0
597040,33.0
597056,64.0
597120,22.0
597184,38.0
597216,32.0
597264,24.0
597360,35.0
597440,56.0
597488,79.0
597520,94.0
597536,26.0
597552,136.0
597600,34.0
597664,82.0
597696,11.0
597744,24.0
597808,23.0
597808,48.0
597856,40.0
597872,72.0
597984,65.0
598000,28.0
598048,19.0
598064,64.0
598064,36.0
598128,33.0
598128,29.0
598224,43.0
598432,27.0
598464,26.0
598480,39.0
598544,53.0
598672,13.0
598720,57.0
598720,57.0
598736,115.0
598736,38.0
598768,49.0
598928,24.0
598928,66.0
598992,48.0
598992,32.0
599024,110.0
599152,26.0
599264,34.0
599280,76.0
599328,35.0
599376,41.0
599504,90.0
599616,74.0
599680,41.0
599696,48.0
599744,101.0
599792,29.0
599824,52.0
599824,56.0
599824,42.0
599888,169.0
599904,73.0
600016,40.0
600064,10.0
600288,63.0
600320,44.0
600400,36.0
600464,40.0
600592,83.0
600608,54.0
600608,45.0
600688,39.0
600720,58.0
600752,67.0
600816,13.0
600848,33.0
600880,138.0
600896,38.0
600912,120.0
600928,29.0
600976,36.0
601056,28.0
601120,27.0
601168,22.0
601264,26.0
601296,23.0
601328,94.0
601424,120.0
601456,110.0
601456,44.0
601488,92.0
601552,31.0
601552,42.0
601776,66.0
601856,59.0
601952,52.0
601968,50.0
601984,41.0
602032,36.0
602080,51.0
602208,82.0
602224,28.0
602256,48.0
602272,45.0
602288,62.0
602304,83.0
602336,49.0
602496,67.0
602496,40.0
602560,36.0
602560,69.0
602672,24.0
602704,42.0
602736,48.0
602752,42.0
602784,28.0
602896,42.0
602928,23.0
602944,28.0
603008,50.0
603120,28.0
603136,15.0
603248,43.0
603344,67.0
603344,87.0
603344,65.0
603376,70.0
603408,39.0
603488,62.0
603568,51.0
603632,44.0
603712,29.0
603744,63.0
603744,197.0
603776,67.0
603888,34.0
603936,62.0
603968,52.0
604016,42.0
604016,56.0
604128,26.0
604176,50.0
604208,36.0
604288,45.0
604336,53.0
604336,83.0
604496,45.0
604560,72.0
604576,35.0
604640,47.0
604800,29.0
604832,54.0
604848,94.0
604848,35.0
604896,72.0
604912,26.0
604928,62.0
604992,49.0
605024,53.0
605056,16.0
605088,60.0
605120,49.0
605184,90.0
605232,13.0
605264,21.0
605312,42.0
605344,49.0
605344,83.0
605472,39.0
605472,40.0
605520,42.0
605584,31.0
605600,26.0
605632,45.0
605696,36.0
605712,23.0
605776,55.0
605872,51.0
605920,38.0
605936,42.0
605968,61.0
606016,24.0
606064,29.0
606144,39.0
606176,44.0
606208,61.0
606240,41.0
606304,15.0
606384,65.0
606464,37.0
606528,51.0
606576,38.0
606688,42.0
606720,134.0
606736,65.0
606752,51.0
606864,18.0
606896,23.0
606896,70.0
606912,28.0
606944,48.0
606960,36.0
606960,45.0
607072,72.0
607152,63.0
607152,12.0
607184,107.0
607280,61.0
607504,47.0
607536,83.0
607568,31.0
607584,43.0
607584,39.0
607680,48.0
607680,31.0
607712,35.0
607792,56.0
607808,59.0
607856,22.0
607968,51.0
607984,28.0
608064,86.0
608096,32.0
608144,88.0
608176,77.0
608304,45.0
608320,29.0
608336,41.0
608384,42.0
608416,53.0
608496,76.0
608512,33.0
608528,53.0
608560,37.0
608656,121.0
608752,27.0
608768,60.0
608784,40.0
608912,26.0
608928,37.0
608992,30.0
609040,46.0
609104,45.0
609168,69.0
609264,44.0
609280,74.0
609296,94.0
609296,70.0
609344,35.0
609408,47.0
609456,58.0
609680,21.0
609712,38.0
609712,42.0
609728,51.0
609808,40.0
609824,33.0
609936,30.0
609952,14.0
609952,75.0
609984,76.0
610000,12.0
610000,63.0
610016,47.0
610112,25.0
610208,50.0
610320,19.0
610352,67.0
610528,51.0
610528,44.0
610608,58.0
610624,19.0
610704,45.0
610736,145.0
610752,114.0
610784,52.0
610848,46.0
610880,42.0
610880,55.0
610896,56.0
610976,65.0
610976,105.0
610992,65.0
611024,25.0
611104,14.0
611136,33.0
611152,16.0
611152,39.0
611168,12.0
611216,43.0
611408,42.0
611488,71.0
611504,50.0
611600,53.0
611616,29.0
611616,25.0
611696,57.0
611760,57.0
611776,49.0
611808,58.0
611888,45.0
611936,50.0
611968,62.0
612000,31.0
612048,28.0
612096,67.0
612144,23.0
612256,35.0
612304,43.0
612320,35.0
612352,24.0
612384,31.0
612432,64.0
612480,62.0
612544,87.0
612576,36.0
612656,38.0
612688,19.0
612704,68.0
612736,102.0
612752,59.0
612752,41.0
612864,13.0
612880,36.0
613008,54.0
613024,42.0
613088,48.0
613120,36.0
613152,42.0
613200,59.0
613216,40.0
613312,36.0
613328,29.0
613488,30.0
613504,30.0
613536,24.0
613616,105.0
613616,33.0
613680,58.0
613792,37.0
613808,69.0
613824,44.0
613904,76.0
613904,14.0
613936,45.0
613968,29.0
614016,71.0
614016,79.0
614096,35.0
614160,53.0
614224,56.0
614240,27.0
614256,48.0
614512,38.0
614544,47.0
614560,39.0
614608,49.0
614656,27.0
614672,27.0
614688,67.0
614736,36.0
614800,148.0
614832,76.0
614912,51.0
615040,33.0
615120,35.0
615216,75.0
615216,24.0
615248,80.0
615264,85.0
615312,32.0
615440,48.0
615456,57.0
615504,56.0
615616,31.0
615696,105.0
615696,63.0
615712,61.0
615760,69.0
615760,45.0
615888,42.0
615952,46.0
615984,42.0
616000,24.0
616080,40.0
616128,54.0
616128,55.0
616144,118.0
616304,38.0
616368,38.0
616416,41.0
616592,38.0
616640,31.0
616816,58.0
616816,119.0
616832,86.0
616832,70.0
616896,48.0
616896,37.0
616928,89.0
616944,78.0
617024,12.0
617040,57.0
617056,43.0
617072,62.0
617232,37.0
617264,28.0
617280,29.0
617344,87.0
617392,50.0
617408,62.0
617424,89.0
617488,28.0
617504,30.0
617520,11.0
617760,44.0
617776,24.0
617872,65.0
617920,53.0
617920,64.0
617968,46.0
618048,72.0
618064,36.0
618064,34.0
618112,52.0
618240,51.0
618288,20.0
618304,56.0
618320,86.0
618368,38.0
618432,94.0
618464,34.0
618480,26.0
618528,47.0
618560,66.0
618624,32.0
618624,85.0
618672,47.0
618736,54.0
618784,29.0
618944,30.0
618976,31.0
618992,44.0
619008,24.0
619008,60.0
619008,40.0
619072,25.0
619136,67.0
619200,48.0
619232,31.0
619248,19.0
619264,44.0
619376,19.0
619392,38.0
619424,50.0
619488,32.0
619504,79.0
619504,75.0
619520,33.0
619648,14.0
619696,29.0
619744,30.0
619792,49.0
619824,39.0
619856,53.0
619920,26.0
619952,35.0
620000,92.0
620000,39.0
620016,32.0
620048,19.0
620096,68.0
620160,42.0
620240,45.0
620272,14.0
620304,19.0
620320,42.0
620336,30.0
620352,69.0
620368,26.0
620368,77.0
620416,37.0
620480,20.0
620512,12.0
620544,47.0
620608,43.0
620640,17.0
620688,28.0
620736,46.0
620752,28.0
620800,16.0
620864,73.0
620944,27.0
620944,12.0
621216,30.0
621232,18.0
621232,47.0
621280,74.0
621280,54.0
621296,58.0
621328,66.0
621328,24.0
621392,44.0
621536,75.0
621552,57.0
621632,52.0
621696,68.0
621792,32.0
621808,112.0
621856,36.0
621936,44.0
622016,49.0
622032,51.0
622064,23.0
622064,75.0
622128,52.0
622160,48.0
622416,39.0
622464,71.0
622480,20.0
622496,59.0
622544,38.0
622576,139.0
622576,78.0
622704,67.0
622736,42.0
622784,58.0
622784,61.0
622800,24.0
622800,46.0
622816,22.0
622880,21.0
622912,56.0
623008,61.0
623024,33.0
623088,38.0
623248,42.0
623312,36.0
623312,32.0
623328,34.0
623392,38.0
623424,81.0
623504,37.0
623504,44.0
623520,51.0
623536,41.0
623536,125.0
623632,66.0
623760,46.0
623776,60.0
623776,16.0
623872,39.0
623984,42.0
624000,62.0
624048,45.0
624064,47.0
624080,34.0
624176,25.0
624224,43.0
624256,39.0
624336,29.0
624432,22.0
624448,59.0
624464,60.0
624512,68.0
624592,52.0
624592,33.0
624672,99.0
624688,43.0
624704,23.0
624704,58.0
624816,89.0
624832,38.0
624864,38.0
624928,26.0
624944,30.0
625008,36.0
625008,52.0
625120,27.0
625216,48.0
625264,76.0
625296,37.0
625344,47.0
625376,23.0
625392,43.0
625424,52.0
625456,37.0
625504,52.0
625536,97.0
625584,48.0
625584,41.0
625728,14.0
625760,51.0
625792,60.0
625808,37.0
625840,26.0
625856,30.0
625904,40.0
625968,36.0
626016,35.0
626064,48.0
626096,35.0
626144,71.0
626160,36.0
626336,76.0
626368,64.0
626448,40.0
626464,46.0
626464,31.0
626480,40.0
626544,30.0
626592,36.0
626608,53.0
626640,53.0
626736,55.0
626752,24.0
626864,24.0
626880,26.0
626896,46.0
626928,21.0
626960,66.0
627008,23.0
627040,56.0
627184,53.0
627184,100.0
627280,52.0
627344,21.0
627376,57.0
627440,52.0
627472,46.0
627504,60.0
627552,23.0
627568,18.0
627584,25.0
627600,35.0
627616,41.0
627616,54.0
627632,46.0
627840,109.0
627952,67.0
627984,23.0
627984,32.0
628016,40.0
628048,34.0
628112,78.0
628176,38.0
628192,38.0
628272,52.0
628288,85.0
628352,45.0
628352,63.0
628448,56.0
628480,54.0
628560,36.0
628576,37.0
628688,31.0
628720,55.0
628800,33.0
628896,59.0
628928,83.0
628992,51.0
629008,28.0
629024,34.0
629056,44.0
629072,66.0
629232,70.0
629280,44.0
629344,41.0
629360,57.0
629360,63.0
629456,46.0
629456,41.0
629504,28.0
629584,35.0
629616,98.0
629648,26.0
629776,53.0
629792,27.0
629808,29.0
629808,33.0
629856,98.0
629984,68.0
630000,62.0
630048,66.0
630064,44.0
630128,39.0
630384,48.0
630448,86.0
630464,63.0
630464,41.0
630528,67.0
630656,53.0
630752,18.0
630784,25.0
630800,50.0
630832,61.0
630960,74.0
631008,30.0
631120,71.0
631120,62.0
631152,31.0
631184,70.0
631200,72.0
631312,104.0
631312,95.0
631472,64.0
631488,46.0
631520,23.0
631600,51.0
631600,37.0
631616,31.0
631712,55.0
631744,135.0
631744,34.0
631968,73.0
631984,31.0
632032,57.0
632048,68.0
632112,103.0
632112,50.0
632160,53.0
632160,28.0
632160,40.0
632256,41.0
632272,50.0
632320,36.0
632384,75.0
632464,45.0
632528,30.0
632528,58.0
632640,41.0
632672,35.0
632864,34.0
632864,44.0
632880,38.0
632880,45.0
632912,41.0
632944,52.0
633024,66.0
633056,90.0
633120,41.0
633152,30.0
633280,21.0
633344,44.0
633344,60.0
633392,30.0
633392,54.0
633408,33.0
633488,27.0
633568,96.0
633568,28.0
633584,35.0
633648,49.0
633664,71.0
633728,53.0
633856,32.0
633952,35.0
633968,69.0
634016,46.0
634032,117.0
634048,44.0
634080,27.0
634112,24.0
634176,49.0
634176,48.0
634208,66.0
634240,41.0
634272,38.0
634448,60.0
634480,33.0
634512,31.0
634528,60.0
634576,25.0
634576,21.0
634608,40.0
634656,28.0
634720,34.0
634848,62.0
634896,54.0
634896,53.0
634944,23.0
634944,52.0
634976,44.0
635024,36.0
635088,23.0
635088,27.0
635136,12.0
635200,70.0
635200,39.0
635264,26.0
635264,106.0
635264,41.0
635424,59.0
635520,62.0
635552,41.0
635600,29.0
635600,41.0
635664,25.0
635680,37.0
635696,42.0
635728,29.0
635744,34.0
635744,53.0
635792,80.0
635856,41.0
635872,28.0
635888,50.0
635984,29.0
636160,56.0
636208,41.0
636288,38.0
636320,45.0
636352,43.0
636384,43.0
636432,36.0
636448,45.0
636512,57.0
636544,98.0
636560,48.0
636576,44.0
636656,57.0
636672,32.0
636688,50.0
636720,27.0
636768,35.0
636784,13.0
636832,28.0
636944,39.0
636992,27.0
637040,38.0
637072,83.0
637104,24.0
637136,49.0
637168,32.0
637168,41.0
637248,50.0
637360,26.0
637376,34.0
637392,44.0
637472,58.0
637504,45.0
637664,17.0
637696,33.0
637744,40.0
637840,73.0
637872,32.0
637920,72.0
637968,52.0
637984,125.0
638032,21.0
638048,42.0
638064,56.0
638064,62.0
638096,53.0
638192,45.0
638224,22.0
638400,88.0
638528,49.0
638560,45.0
638592,39.0
638592,33.0
638672,63.0
638752,48.0
638752,45.0
638784,37.0
638864,50.0
638864,51.0
638880,60.0
638960,91.0
638976,55.0
638976,36.0
638976,121.0
639168,36.0
639232,44.0
639248,43.0
639264,30.0
639344,37.0
639376,25.0
639440,30.0
639504,80.0
639520,53.0
639680,32.0
639680,50.0
639728,61.0
639728,13.0
639760,32.0
639776,50.0
639792,33.0
639808,59.0
639856,39.0
639920,83.0
639936,37.0
639984,70.0
640080,40.0
640112,27.0
640288,30.0
640336,41.0
640368,40.0
640432,91.0
640560,52.0
640576,40.0
640640,53.0
640672,73.0
640688,20.0
640720,38.0
640720,59.0
640752,29.0
640784,50.0
640832,61.0
640848,48.0
640896,29.0
640928,63.0
640976,26.0
641232,25.0
641264,39.0
641312,21.0
641376,33.0
641376,65.0
641376,28.0
641424,33.0
641456,55.0
641472,43.0
641488,108.0
641504,51.0
641568,53.0
641616,140.0
641872,70.0
641952,80.0
641968,32.0
641968,37.0
642032,48.0
642032,41.0
642144,52.0
642144,89.0
642144,42.0
642160,58.0
642304,51.0
642320,59.0
642336,48.0
642336,19.0
642480,61.0
642512,68.0
642640,42.0
642720,48.0
642736,27.0
642784,39.0
642816,30.0
642816,31.0
642832,43.0
642944,38.0
642976,31.0
642992,86.0
643024,32.0
643088,66.0
643088,22.0
643120,61.0
643248,27.0
643328,74.0
643376,24.0
643392,28.0
643392,26.0
643424,40.0
643456,99.0
643488,25.0
643520,55.0
643520,27.0
643552,46.0
643632,50.0
643680,41.0
643680,60.0
643696,108.0
643792,23.0
643888,48.0
643904,32.0
643936,34.0
643936,38.0
644048,31.0
644144,41.0
644176,58.0
644176,50.0
644256,39.0
644272,47.0
644336,51.0
644368,57.0
644528,22.0
644528,40.0
644528,46.0
644544,53.0
644592,43.0
644656,61.0
644752,51.0
644816,35.0
644832,72.0
644864,51.0
644928,21.0
644960,51.0
644960,27.0
645008,52.0
645088,35.0
645104,48.0
645152,55.0
645168,77.0
645168,39.0
645184,41.0
645232,54.0
645408,16.0
645440,38.0
645488,35.0
645552,46.0
645568,51.0
645584,36.0
645632,33.0
645648,49.0
645680,37.0
645712,30.0
645728,48.0
645792,38.0
645856,56.0
646064,32.0
646064,39.0
646128,35.0
646160,28.0
646224,27.0
646272,39.0
646320,46.0
646448,60.0
646464,113.0
646464,52.0
646512,41.0
646528,13.0
646544,86.0
646624,59.0
646752,18.0
646768,31.0
646768,44.0
646768,38.0
646880,27.0
646944,45.0
646960,97.0
647120,41.0
647136,38.0
647136,23.0
647168,125.0
647184,42.0
647200,71.0
647200,92.0
647216,29.0
647232,29.0
647440,42.0
647488,38.0
647504,86.0
647568,24.0
647632,43.0
647632,25.0
647664,65.0
647696,30.0
647808,42.0
647888,28.0
647904,44.0
648048,94.0
648064,54.0
648064,27.0
648144,40.0
648192,64.0
648208,78.0
648224,69.0
648224,46.0
648240,42.0
648272,29.0
648304,73.0
648304,38.0
648480,26.0
648608,34.0
648672,65.0
648672,28.0
648704,25.0
648704,35.0
648720,30.0
648736,67.0
648752,33.0
648848,59.0
648928,45.0
649040,35.0
649040,72.0
649120,24.0
649184,57.0
649248,40.0
649264,60.0
649392,45.0
649440,37.0
649456,47.0
649568,54.0
649616,43.0
649680,93.0
649696,41.0
649712,42.0
649872,39.0
649936,51.0
650000,78.0
650048,125.0
650112,53.0
650256,36.0
650272,55.0
650336,56.0
650448,79.0
650448,36.0
650496,49.0
650624,36.0
650656,41.0
650656,65.0
650736,65.0
650784,53.0
650816,78.0
650832,86.0
650848,133.0
650912,50.0
651008,47.0
651008,46.0
651088,47.0
651120,42.0
651232,36.0
651248,37.0
651296,50.0
651296,32.0
651328,31.0
651344,167.0
651408,35.0
651456,40.0
651488,47.0
651744,32.0
651856,28.0
651888,79.0
651904,51.0
651920,37.0
651936,30.0
651952,44.0
651968,66.0
651984,61.0
652000,44.0
652128,105.0
652208,45.0
652208,75.0
652304,28.0
652368,25.0
652400,41.0
652480,37.0
652496,36.0
652560,79.0
652576,91.0
652576,77.0
652640,41.0
652784,26.0
652880,30.0
652896,37.0
652896,26.0
652944,51.0
652960,47.0
653024,51.0
653040,30.0
653056,72.0
653104,38.0
653200,75.0
653216,79.0
653232,41.0
653248,82.0
653360,26.0
653392,27.0
653408,52.0
653424,40.0
653440,35.0
653440,24.0
653440,14.0
653568,33.0
653616,24.0
653664,64.0
653664,40.0
653904,41.0
653968,48.0
654016,57.0
654112,45.0
654176,80.0
654208,48.0
654256,22.0
654336,56.0
654416,50.0
654416,53.0
654496,52.0
654512,67.0
654528,69.0
654560,72.0
654576,38.0
654592,58.0
654608,27.0
654688,112.0
654720,38.0
654736,30.0
654752,46.0
654864,28.0
654880,22.0
654880,34.0
654928,21.0
654944,28.0
654960,28.0
654992,26.0
655056,28.0
655104,56.0
655120,44.0
655184,114.0
655296,34.0
655312,47.0
655392,32.0
655488,48.0
655584,45.0
655664,46.0
655680,50.0
655760,36.0
655856,46.0
655888,52.0
655888,58.0
655968,42.0
655968,77.0
656016,27.0
656032,84.0
656096,38.0
656224,80.0
656240,24.0
656336,28.0
656544,49.0
656592,22.0
656608,81.0
656672,40.0
656688,106.0
656720,66.0
656752,54.0
656832,72.0
657008,101.0
657024,58.0
657120,49.0
657136,28.0
657200,77.0
657328,85.0
657376,49.0
657392,86.0
657408,41.0
657424,25.0
657504,52.0
657552,34.0
657600,29.0
657744,26.0
657824,76.0
657920,26.0
657952,88.0
657968,78.0
658032,57.0
658080,44.0
658096,187.0
658112,118.0
658128,33.0
658176,49.0
658224,50.0
658400,62.0
658400,98.0
658576,30.0
658704,39.0
658752,97.0
658832,38.0
658864,57.0
658896,54.0
658928,69.0
658960,88.0
658992,67.0
658992,37.0
659024,57.0
659040,40.0
659056,58.0
659168,37.0
659184,90.0
659200,19.0
659328,25.0
659344,30.0
659360,25.0
659392,25.0
659440,46.0
659472,40.0
659584,52.0
659584,88.0
659680,30.0
659728,34.0
659872,119.0
659872,25.0
659920,58.0
659920,47.0
659952,56.0
660000,26.0
660032,44.0
660080,31.0
660080,66.0
660128,48.0
660160,70.0
660160,30.0
660272,58.0
660352,22.0
660432,62.0
660448,36.0
660496,29.0
660544,24.0
660544,37.0
660576,19.0
660576,41.0
660624,77.0
660720,40.0
660720,53.0
660736,38.0
660880,33.0
660960,32.0
660992,35.0
661008,29.0
661072,28.0
661104,64.0
661136,37.0
661184,79.0
661216,40.0
661248,95.0
661360,54.0
661376,50.0
661424,18.0
661440,44.0
661488,38.0
661536,86.0
661584,54.0
661584,39.0
661664,42.0
661680,31.0
661728,30.0
661792,27.0
661824,47.0
661856,71.0
662112,56.0
662144,65.0
662240,50.0
662384,45.0
662432,53.0
662448,13.0
662464,55.0
662480,92.0
662496,24.0
662544,47.0
662560,46.0
662640,13.0
662672,51.0
662688,60.0
662752,23.0
662864,45.0
662928,30.0
662992,82.0
663152,42.0
663200,41.0
663232,106.0
663248,49.0
663280,112.0
663344,41.0
663392,123.0
663392,45.0
663456,130.0
663456,56.0
663536,56.0
663568,36.0
663744,62.0
663824,27.0
663920,40.0
663952,45.0
663984,37.0
664000,41.0
664096,100.0
664096,40.0
664096,56.0
664128,35.0
664144,76.0
664256,69.0
664272,51.0
664336,15.0
664416,31.0
664448,39.0
664480,46.0
664480,59.0
664544,28.0
664544,34.0
664592,84.0
664688,114.0
664720,39.0
664720,48.0
664864,28.0
665072,59.0
665104,39.0
665248,79.0
665312,73.0
665344,30.0
665392,42.0
665440,62.0
665456,61.0
665472,58.0
665488,48.0
665488,76.0
665632,59.0
665648,69.0
665664,67.0
665824,98.0
665840,31.0
665856,29.0
665904,52.0
666064,38.0
666080,28.0
666144,52.0
666192,59.0
666208,117.0
666256,48.0
666272,39.0
666288,53.0
666320,41.0
666352,28.0
666416,36.0
666448,84.0
666480,41.0
666496,15.0
666672,24.0
666688,75.0
666704,35.0
666784,58.0
666832,85.0
666832,39.0
666976,33.0
667008,58.0
667024,52.0
667056,35.0
667072,63.0
667136,51.0
667152,55.0
667200,53.0
667456,61.0
667456,42.0
667472,48.0
667504,30.0
667536,21.0
667552,36.0
667584,73.0
667616,58.0
667632,50.0
667776,44.0
667808,71.0
667824,22.0
667824,62.0
667856,25.0
667904,48.0
667952,56.0
668064,66.0
668080,58.0
668080,29.0
668096,40.0
668144,37.0
668144,38.0
668160,41.0
668272,28.0
668352,36.0
668480,41.0
668480,53.0
668512,44.0
668512,23.0
668512,41.0
668528,39.0
668560,30.0
668560,31.0
668576,27.0
668752,73.0
668768,42.0
668816,41.0
668864,24.0
669088,14.0
669120,53.0
669120,34.0
669152,37.0
669200,43.0
669216,71.0
669264,47.0
669296,49.0
669392,65.0
669504,61.0
669552,25.0
669600,65.0
669616,54.0
669616,104.0
669680,54.0
669712,26.0
669728,29.0
669760,80.0
669840,45.0
669904,44.0
669920,44.0
670048,34.0
670080,62.0
670096,30.0
670112,27.0
670256,71.0
670272,94.0
670320,44.0
670464,46.0
670464,35.0
670544,49.0
670656,69.0
670672,60.0
670704,54.0
670720,39.0
670720,25.0
670784,54.0
670784,44.0
670784,74.0
670784,46.0
670944,25.0
671168,24.0
671232,32.0
671296,52.0
671296,36.0
671424,40.0
671440,31.0
671440,48.0
671456,62.0
671568,136.0
671568,82.0
671648,59.0
671648,13.0
671728,67.0
671808,96.0
671840,24.0
671872,44.0
671888,69.0
671920,39.0
672000,35.0
672016,28.0
672048,51.0
672096,33.0
672128,52.0
672240,23.0
672256,38.0
672320,56.0
672336,38.0
672368,33.0
672736,45.0
672800,50.0
672800,29.0
672816,73.0
672832,64.0
672832,44.0
672880,39.0
672896,41.0
672928,63.0
673056,184.0
673152,148.0
673312,27.0
673328,80.0
673376,36.0
673376,66.0
673392,35.0
673600,77.0
673696,113.0
673728,58.0
673760,28.0
673776,45.0
673776,60.0
673808,61.0
673824,28.0
673968,37.0
674000,67.0
674080,84.0
674112,76.0
674160,63.0
674176,28.0
674240,57.0
674240,53.0
674368,42.0
674416,28.0
674448,28.0
674512,27.0
674512,21.0
674528,58.0
674592,51.0
674608,157.0
674624,51.0
674688,54.0
674704,58.0
674720,35.0
674736,61.0
674896,30.0
674928,43.0
674976,29.0
674992,25.0
675040,58.0
675088,45.0
675088,40.0
675168,40.0
675264,34.0
675264,40.0
675312,39.0
675392,49.0
675424,31.0
675440,46.0
675616,39.0
675648,42.0
675648,71.0
675664,25.0
675744,44.0
675760,37.0
675792,66.0
675792,44.0
675936,106.0
675984,12.0
676032,45.0
676112,29.0
676128,32.0
676192,47.0
676240,31.0
676288,87.0
676304,55.0
676368,44.0
676400,40.0
676496,53.0
676528,37.0
676544,32.0
676560,73.0
676592,38.0
676592,30.0
676640,97.0
676784,24.0
676784,12.0
676896,37.0
676912,103.0
676928,35.0
676992,54.0
677008,45.0
677056,31.0
677072,80.0
677136,34.0
677232,37.0
677280,22.0
677296,50.0
677312,33.0
677408,54.0
677456,42.0
677456,35.0
677472,59.0
677520,80.0
677600,43.0
677712,95.0
677872,40.0
677920,28.0
677920,53.0
677952,51.0
677952,42.0
677984,43.0
678000,18.0
678000,62.0
678016,26.0
678032,39.0
678176,74.0
678208,47.0
678272,51.0
678560,36.0
678656,46.0
678656,41.0
678656,44.0
678656,100.0
678768,78.0
678784,54.0
678784,38.0
678928,101.0
678944,58.0
678944,62.0
679136,22.0
679312,23.0
679344,67.0
679360,72.0
679376,94.0
679408,47.0
679424,89.0
679456,89.0
679552,49.0
679616,60.0
679760,69.0
679824,79.0
679840,30.0
679920,32.0
679936,62.0
679968,82.0
680016,25.0
680048,57.0
680128,44.0
680160,77.0
680160,49.0
680304,60.0
680352,50.0
680384,28.0
680640,37.0
680640,55.0
680688,33.0
680736,27.0
680848,52.0
680880,33.0
680912,47.0
680944,135.0
680960,71.0
681088,78.0
681104,45.0
681152,77.0
681168,27.0
681184,117.0
681264,39.0
681312,74.0
681376,26.0
681392,32.0
681408,122.0
681536,37.0
681536,56.0
681568,55.0
681568,45.0
681760,112.0
681808,41.0
681904,37.0
681904,51.0
681952,65.0
682064,31.0
682144,55.0
682208,42.0
682224,20.0
682240,53.0
682240,52.0
682240,44.0
682352,73.0
682432,39.0
682448,34.0
682528,36.0
682528,89.0
682528,29.0
682656,26.0
682688,58.0
682688,70.0
682704,83.0
682736,98.0
682848,39.0
682864,21.0
682880,27.0
682912,44.0
682944,26.0
683024,49.0
683072,58.0
683120,27.0
683120,55.0
683168,27.0
683184,21.0
683232,36.0
683312,55.0
683312,39.0
683408,55.0
683456,47.0
683472,38.0
683504,39.0
683600,41.0
683632,20.0
683680,35.0
683728,44.0
683856,39.0
683888,36.0
683888,24.0
683904,46.0
683904,27.0
683968,101.0
684096,64.0
684096,43.0
684160,44.0
684176,66.0
684304,28.0
684320,37.0
684368,43.0
684464,31.0
684464,80.0
684512,38.0
684544,41.0
684608,44.0
684672,13.0
684688,33.0
684752,41.0
684800,118.0
684848,76.0
684848,47.0
684928,65.0
685008,40.0
685008,88.0
685024,44.0
685024,32.0
685088,34.0
685120,59.0
685200,46.0
685232,35.0
685344,46.0
685488,74.0
685488,40.0
685648,40.0
685696,43.0
685808,66.0
685840,57.0
685856,52.0
685856,73.0
685904,55.0
686000,75.0
686016,73.0
686032,34.0
686048,15.0
686080,55.0
686096,47.0
686208,61.0
686320,42.0
686336,31.0
686368,42.0
686384,30.0
686400,80.0
686400,57.0
686416,83.0
686432,25.0
686496,40.0
686512,32.0
686560,32.0
686720,39.0
686720,44.0
686848,62.0
686880,35.0
686992,37.0
687024,41.0
687040,44.0
687088,43.0
687104,43.0
687136,66.0
687168,38.0
687184,50.0
687312,55.0
687392,32.0
687440,58.0
687440,37.0
687504,23.0
687536,27.0
687616,88.0
687632,40.0
687648,58.0
687696,61.0
687728,77.0
687760,46.0
687840,41.0
687904,25.0
687920,24.0
687936,56.0
687936,39.0
688032,40.0
688048,22.0
688048,38.0
688128,65.0
688160,34.0
688224,24.0
688288,40.0
688320,24.0
688320,24.0
688368,40.0
688464,52.0
688560,40.0
688560,32.0
688592,89.0
688640,30.0
688720,80.0
688736,23.0
688768,28.0
688848,39.0
688848,59.0
688880,26.0
688928,40.0
689072,64.0
689088,66.0
689088,83.0
689120,24.0
689184,66.0
689280,43.0
689280,27.0
689392,52.0
689392,39.0
689648,23.0
689664,36.0
689680,50.0
689696,48.0
689744,29.0
689760,70.0
689824,44.0
689904,66.0
690016,91.0
690096,44.0
690272,39.0
690288,76.0
690336,101.0
690336,41.0
690368,38.0
690416,131.0
690464,86.0
690464,40.0
690464,45.0
690480,29.0
690480,36.0
690496,50.0
690512,53.0
690640,78.0
690768,17.0
690848,36.0
690912,28.0
691024,115.0
691056,60.0
691072,44.0
691088,42.0
691136,39.0
691200,45.0
691264,50.0
691296,60.0
691296,51.0
691360,67.0
691520,38.0
691536,48.0
691552,68.0
691568,31.0
691664,38.0
691792,33.0
691792,59.0
691872,77.0
691872,96.0
691904,55.0
692016,45.0
692112,34.0
692160,67.0
692160,31.0
692208,41.0
692208,53.0
692288,72.0
692336,51.0
692464,28.0
692496,44.0
692528,77.0
692560,28.0
692672,50.0
692672,50.0
692720,51.0
692736,96.0
692752,34.0
692768,38.0
692816,33.0
692912,44.0
692976,74.0
693008,28.0
693008,34.0
693008,53.0
693152,101.0
693216,25.0
693232,46.0
693232,35.0
693280,34.0
693296,36.0
693360,37.0
693440,43.0
693440,69.0
693456,34.0
693504,31.0
693616,24.0
693648,70.0
693696,15.0
693776,48.0
693792,22.0
693792,35.0
693856,44.0
693920,44.0
693984,21.0
693984,30.0
694032,64.0
694080,69.0
694160,55.0
694160,50.0
694192,31.0
694224,58.0
694304,32.0
694432,40.0
694464,38.0
694512,67.0
694768,43.0
694800,133.0
694816,37.0
694880,56.0
694944,49.0
694960,28.0
695024,37.0
695072,91.0
695088,73.0
695152,86.0
695184,75.0
695232,13.0
695248,59.0
695280,70.0
695312,80.0
695344,34.0
695440,42.0
695504,35.0
695568,14.0
695584,27.0
695600,45.0
695712,47.0
695728,57.0
695760,98.0
695776,44.0
695840,35.0
695936,53.0
696032,27.0
696048,50.0
696048,34.0
696160,37.0
696192,60.0
696224,110.0
696224,65.0
696240,58.0
696256,31.0
696304,45.0
696336,39.0
696368,33.0
696400,39.0
696416,61.0
696448,32.0
696576,53.0
696608,35.0
696608,13.0
696704,28.0
696784,39.0
696800,48.0
696848,34.0
696960,37.0
696960,45.0
696960,46.0
697200,39.0
697216,62.0
697248,75.0
697248,57.0
697264,29.0
697280,52.0
697520,46.0
697520,42.0
697552,85.0
697584,61.0
697712,81.0
697712,47.0
697792,37.0
697808,35.0
697840,71.0
697936,45.0
698016,66.0
698032,89.0
698128,21.0
698160,56.0
698176,41.0
698256,63.0
698336,31.0
698368,68.0
698400,43.0
698432,39.0
698432,92.0
698448,27.0
698528,37.0
698608,56.0
698624,37.0
698624,69.0
698752,36.0
698784,41.0
698800,40.0
698944,85.0
698992,90.0
699008,36.0
699040,37.0
699056,45.0
699104,22.0
699216,38.0
699248,45.0
699248,51.0
699280,55.0
699312,23.0
699360,69.0
699392,38.0
699488,54.0
699536,27.0
699552,32.0
699568,75.0
699712,25.0
699712,44.0
699760,71.0
699776,49.0
699888,40.0
699936,36.0
699984,26.0
700080,54.0
700096,38.0
700112,35.0
700240,60.0
700240,33.0
700272,35.0
700416,40.0
700464,44.0
700560,28.0
700656,36.0
700688,90.0
700736,53.0
700736,105.0
700784,23.0
700912,22.0
700992,33.0
701136,100.0
701152,66.0
701184,149.0
701200,79.0
701392,125.0
701472,77.0
701472,46.0
701536,81.0
701552,54.0
701552,35.0
701552,23.0
701584,100.0
701600,59.0
701680,56.0
701840,43.0
701872,100.0
701984,32.0
702080,84.0
702224,42.0
702224,40.0
702224,64.0
702288,56.0
702400,53.0
702432,60.0
702640,68.0
702688,29.0
702704,69.0
702736,47.0
702816,24.0
702832,60.0
702848,121.0
702896,110.0
702896,38.0
702912,77.0
702960,70.0
702976,47.0
702976,47.0
703072,62.0
703136,100.0
703184,49.0
703184,30.0
703312,26.0
703344,41.0
703392,47.0
703408,32.0
703600,40.0
703680,54.0
703744,27.0
703792,51.0
703808,60.0
703936,50.0
704000,73.0
704016,80.0
704048,67.0
704064,55.0
704096,44.0
704112,48.0
704128,20.0
704144,29.0
704176,79.0
704304,32.0
704352,21.0
704368,60.0
704576,33.0
704608,27.0
704624,43.0
704736,39.0
704736,37.0
704768,106.0
704896,50.0
704896,56.0
704928,74.0
704976,39.0
705040,42.0
705104,31.0
705216,37.0
705248,30.0
705264,75.0
705360,39.0
705376,25.0
705440,82.0
705536,38.0
705536,27.0
705552,122.0
705568,42.0
705568,79.0
705568,42.0
705600,54.0
705776,25.0
705824,38.0
705840,36.0
705904,34.0
705936,56.0
706000,176.0
706048,38.0
706112,34.0
706112,32.0
706160,99.0
706224,43.0
706336,25.0
706400,35.0
706416,54.0
706592,66.0
706640,67.0
706656,31.0
706672,42.0
706672,56.0
706688,40.0
706704,37.0
706720,56.0
706768,54.0
706800,43.0
706832,38.0
706896,103.0
706896,83.0
706960,39.0
707120,28.0
707136,31.0
707200,50.0
707280,37.0
707360,40.0
707376,60.0
707504,38.0
707520,47.0
707680,53.0
707696,50.0
707712,36.0
707728,23.0
707808,76.0
707840,71.0
707872,23.0
707888,48.0
707904,44.0
707984,74.0
707984,83.0
708000,83.0
708080,24.0
708128,25.0
708128,73.0
708208,43.0
708224,53.0
708224,59.0
708272,37.0
708272,29.0
708576,37.0
708624,31.0
708624,45.0
708736,56.0
708752,65.0
708768,31.0
708816,58.0
708864,40.0
708880,42.0
708880,55.0
708896,57.0
708912,40.0
709056,61.0
709200,83.0
709232,38.0
709280,25.0
709280,72.0
709328,36.0
709344,45.0
709520,20.0
709520,41.0
709520,38.0
709584,85.0
709712,56.0
709728,28.0
709728,62.0
709760,74.0
709760,54.0
709872,69.0
709920,25.0
709952,38.0
710096,23.0
710128,25.0
710176,19.0
710272,59.0
710288,33.0
710336,69.0
710432,86.0
710480,60.0
710480,33.0
710544,79.0
710544,39.0
710592,55.0
710752,117.0
710784,31.0
710864,24.0
710880,44.0
710928,73.0
710944,12.0
710944,53.0
710992,88.0
711056,36.0
711136,44.0
711152,38.0
711168,39.0
711280,63.0
711312,112.0
711328,75.0
711344,63.0
711520,40.0
711584,26.0
711648,45.0
711664,45.0
711664,42.0
711680,46.0
711712,36.0
711712,27.0
711728,36.0
711728,59.0
711936,39.0
711952,27.0
711952,68.0
711968,24.0
712032,23.0
712144,68.0
712160,27.0
712192,54.0
712224,31.0
712224,32.0
712240,33.0
712272,37.0
712288,39.0
712304,22.0
712320,42.0
712432,25.0
712432,115.0
712480,10.0
712624,25.0
712688,34.0
712704,26.0
712800,35.0
712800,91.0
712896,58.0
712960,63.0
712992,35.0
713056,70.0
713072,40.0
713216,64.0
713248,61.0
713344,54.0
713376,47.0
713408,32.0
713424,27.0
713424,39.0
713472,82.0
713472,78.0
713504,75.0
713520,52.0
713536,36.0
713568,22.0
713632,58.0
713680,13.0
713808,46.0
713888,40.0
713888,34.0
713904,24.0
713968,37.0
714160,41.0
714192,71.0
714240,22.0
714256,52.0
714304,94.0
714320,32.0
714384,44.0
714464,62.0
714512,38.0
714560,42.0
714736,75.0
714752,70.0
714768,32.0
714768,75.0
714784,85.0
714816,32.0
714864,39.0
714928,60.0
714928,46.0
715008,14.0
715040,41.0
715072,47.0
715184,26.0
715200,65.0
715264,44.0
715344,52.0
715456,43.0
715472,45.0
715568,40.0
715664,58.0
715664,25.0
715664,141.0
715680,40.0
715696,32.0
715744,51.0
715824,47.0
715856,87.0
715872,66.0
715952,47.0
715968,19.0
716016,63.0
716032,36.0
716160,43.0
716160,37.0
716208,84.0
716304,38.0
716352,42.0
716416,24.0
716480,41.0
716496,52.0
716560,56.0
716688,46.0
716688,42.0
716720,86.0
716816,67.0
716832,60.0
716848,43.0
716992,19.0
716992,64.0
717104,78.0
717136,58.0
717152,50.0
717152,37.0
717200,44.0
717232,34.0
717296,28.0
717328,32.0
717456,81.0
717488,63.0
717504,49.0
717520,69.0
717616,29.0
717648,84.0
717648,32.0
717648,41.0
717760,29.0
717872,40.0
717984,49.0
718000,34.0
718016,64.0
718048,59.0
718048,35.0
718064,34.0
718112,31.0
718128,39.0
718192,34.0
718416,99.0
718416,68.0
718448,25.0
718464,28.0
718496,46.0
718544,56.0
718560,32.0
718912,31.0
718944,47.0
718976,53.0
719008,71.0
719024,64.0
719040,66.0
719040,34.0
719168,126.0
719184,46.0
719216,41.0
719280,73.0
719296,52.0
719312,48.0
719440,64.0
719456,113.0
719520,30.0
719568,94.0
719600,43.0
719616,27.0
719696,42.0
719808,48.0
719888,28.0
719984,51.0
720080,49.0
720144,36.0
720144,28.0
720144,43.0
720192,61.0
720240,27.0
720240,45.0
720256,59.0
720304,64.0
720320,27.0
720432,91.0
720464,95.0
720464,53.0
720576,61.0
720608,39.0
720672,37.0
720704,35.0
720800,35.0
720864,42.0
720864,45.0
720896,118.0
720960,44.0
720992,35.0
721056,57.0
721072,52.0
721088,39.0
721232,58.0
721328,45.0
721424,53.0
721488,39.0
721600,40.0
721616,59.0
721712,51.0
721728,79.0
721760,44.0
721776,43.0
721792,58.0
721808,51.0
721824,47.0
721872,97.0
722000,75.0
722128,32.0
722128,26.0
722208,45.0
722224,62.0
722224,28.0
722240,96.0
722400,61.0
722448,53.0
722448,39.0
722496,39.0
722528,46.0
722560,52.0
722704,56.0
722768,63.0
722800,25.0
722832,38.0
722848,39.0
722864,39.0
722896,28.0
722944,46.0
722960,52.0
722992,104.0
723008,63.0
723216,43.0
723232,33.0
723280,26.0
723280,52.0
723360,37.0
723552,47.0
723584,47.0
723696,44.0
723728,55.0
723744,50.0
723744,78.0
723776,31.0
723776,48.0
723776,103.0
723840,59.0
723904,34.0
723984,48.0
723984,89.0
724048,51.0
724064,69.0
724208,58.0
724208,27.0
724272,27.0
724288,37.0
724288,34.0
724320,36.0
724464,43.0
724576,62.0
724688,25.0
724752,75.0
724832,69.0
724848,54.0
724864,51.0
724864,41.0
724896,52.0
724912,28.0
725072,49.0
725088,82.0
725152,55.0
725152,36.0
725232,83.0
725248,31.0
725264,66.0
725424,35.0
725488,50.0
725504,40.0
725504,41.0
725536,24.0
725568,78.0
725600,23.0
725648,104.0
725680,38.0
725696,28.0
725696,50.0
725744,52.0
725776,13.0
725792,44.0
725824,42.0
725936,15.0
725968,27.0
726080,41.0
726080,36.0
726176,22.0
726208,27.0
726224,45.0
726224,87.0
726256,41.0
726320,42.0
726320,66.0
726464,61.0
726528,49.0
726560,48.0
726560,55.0
726576,25.0
726688,38.0
726720,31.0
726720,25.0
726800,54.0
726832,47.0
726912,28.0
726960,79.0
727024,12.0
727040,51.0
727072,54.0
727072,69.0
727120,37.0
727152,36.0
727200,55.0
727216,41.0
727408,43.0
727456,56.0
727488,29.0
727488,28.0
727504,18.0
727616,51.0
727648,36.0
727648,43.0
727664,34.0
727696,13.0
727744,66.0
727808,56.0
727840,24.0
727840,43.0
727888,102.0
727920,45.0
728064,84.0
728064,26.0
728144,19.0
728160,41.0
728272,41.0
728368,28.0
728384,61.0
728384,34.0
728480,46.0
728624,51.0
728640,62.0
728656,99.0
728672,49.0
728736,78.0
728768,24.0
728912,76.0
728912,53.0
728960,21.0
728976,37.0
729008,59.0
729024,47.0
729056,36.0
729136,30.0
729184,64.0
729232,29.0
729280,57.0
729392,78.0
729456,31.0
729472,35.0
729520,55.0
729584,120.0
729712,15.0
729792,41.0
729840,35.0
729856,74.0
729936,44.0
729984,60.0
730000,38.0
730016,52.0
730032,66.0
730048,29.0
730096,36.0
730240,16.0
730256,78.0
730400,104.0
730416,85.0
730544,102.0
730560,69.0
730576,46.0
730608,36.0
730608,47.0
730656,54.0
730656,59.0
730752,51.0
730752,46.0
730752,21.0
730896,15.0
730976,61.0
730992,46.0
731040,30.0
731056,60.0
731104,66.0
731136,56.0
731232,36.0
731264,32.0
731296,43.0
731360,60.0
731376,39.0
731472,31.0
731504,25.0
731552,59.0
731600,38.0
731600,35.0
731632,66.0
731632,55.0
731664,70.0
731680,26.0
731776,45.0
731920,64.0
731936,44.0
731952,36.0
731984,22.0
731984,43.0
732000,54.0
732000,25.0
732048,31.0
732128,39.0
732144,12.0
732176,51.0
732320,53.0
732368,43.0
732432,52.0
732448,29.0
732464,43.0
732512,55.0
732608,39.0
732608,38.0
732656,62.0
732752,44.0
732752,39.0
732784,54.0
732800,39.0
732960,51.0
732992,42.0
733008,63.0
733104,41.0
733184,24.0
733216,29.0
733216,38.0
733232,54.0
733248,31.0
733264,52.0
733264,38.0
733280,48.0
733328,54.0
733360,25.0
733440,21.0
733456,29.0
733584,20.0
733600,37.0
733680,29.0
733744,60.0
733888,80.0
733920,43.0
733936,36.0
734000,47.0
734016,43.0
734032,131.0
734064,50.0
734144,29.0
734144,58.0
734144,14.0
734208,47.0
734336,66.0
734416,61.0
734464,54.0
734480,81.0
734576,35.0
734576,62.0
734608,34.0
734736,62.0
734768,39.0
734800,50.0
734896,30.0
734912,48.0
734960,64.0
734960,51.0
734976,25.0
735024,14.0
735072,46.0
735200,37.0
735232,29.0
735328,70.0
735344,82.0
735360,39.0
735424,33.0
735488,64.0
735504,64.0
735584,106.0
735600,39.0
735680,69.0
735680,45.0
735728,51.0
735776,47.0
735792,27.0
735840,55.0
735888,34.0
735920,53.0
735936,44.0
736096,48.0
736288,50.0
736336,34.0
736352,26.0
736368,43.0
736448,45.0
736464,54.0
736512,52.0
736528,38.0
736560,71.0
736576,50.0
736784,56.0
736800,100.0
736800,76.0
736816,82.0
736816,33.0
736880,27.0
737072,16.0
737104,34.0
737136,35.0
737152,82.0
737168,23.0
737232,28.0
737280,48.0
737280,51.0
737296,30.0
737312,32.0
737328,77.0
737360,52.0
737408,66.0
737424,34.0
737520,72.0
737520,74.0
737600,23.0
737648,32.0
737744,36.0
737744,40.0
737760,38.0
737824,25.0
737856,49.0
737888,35.0
737968,43.0
738112,52.0
738112,47.0
738160,32.0
738288,25.0
738432,42.0
738480,67.0
738496,40.0
738560,79.0
738592,30.0
738624,32.0
738672,67.0
738784,65.0
738944,75.0
738976,43.0
739056,96.0
739072,37.0
739088,58.0
739136,40.0
739136,29.0
739168,36.0
739216,41.0
739216,78.0
739264,122.0
739264,30.0
739328,44.0
739376,97.0
739504,124.0
739504,26.0
739584,40.0
739680,38.0
739792,36.0
739824,35.0
739856,40.0
739936,50.0
739984,51.0
740032,33.0
740032,56.0
740048,29.0
740176,109.0
740208,24.0
740224,78.0
740240,61.0
740288,60.0
740352,61.0
740400,23.0
740480,43.0
740560,66.0
740736,35.0
740736,55.0
740752,106.0
740784,53.0
740832,72.0
740848,54.0
740864,51.0
740912,44.0
740912,43.0
740992,32.0
741056,64.0
741088,22.0
741264,30.0
741280,58.0
741312,36.0
741440,37.0
741472,67.0
741536,39.0
741536,81.0
741536,49.0
741552,79.0
741616,39.0
741616,66.0
741776,54.0
741872,37.0
741904,51.0
741920,24.0
741936,31.0
741952,56.0
741968,41.0
742016,47.0
742096,35.0
742176,40.0
742256,22.0
742256,40.0
742432,60.0
742464,53.0
742544,28.0
742576,41.0
742576,38.0
742592,45.0
742608,109.0
742800,34.0
742816,65.0
742896,60.0
742912,85.0
742976,60.0
743056,55.0
743072,40.0
743088,52.0
743104,72.0
743168,35.0
743216,40.0
743232,48.0
743264,43.0
743392,50.0
743440,23.0
743456,40.0
743456,23.0
743472,23.0
743504,167.0
743552,63.0
743568,48.0
743744,53.0
743840,23.0
743840,36.0
743904,43.0
743920,43.0
743936,60.0
743936,34.0
743968,25.0
744016,60.0
744144,37.0
744144,44.0
744176,63.0
744192,43.0
744240,49.0
744320,24.0
744320,25.0
744368,25.0
744384,92.0
744560,51.0
744688,53.0
744704,24.0
744752,36.0
744768,58.0
744784,55.0
744800,35.0
744816,85.0
744816,28.0
744848,52.0
744928,62.0
744976,52.0
745008,39.0
745024,29.0
745040,45.0
745296,38.0
745328,34.0
745344,40.0
745392,75.0
745424,41.0
745440,81.0
745440,37.0
745504,47.0
745552,34.0
745568,33.0
745584,49.0
745600,42.0
745648,52.0
745648,42.0
745664,40.0
745664,53.0
745808,14.0
745808,23.0
745872,28.0
745952,22.0
746048,45.0
746064,35.0
746064,25.0
746080,27.0
746080,27.0
746096,50.0
746176,39.0
746224,26.0
746224,52.0
746304,54.0
746336,42.0
746400,52.0
746512,29.0
746528,36.0
746592,78.0
746640,35.0
746672,21.0
746688,51.0
746688,55.0
746704,39.0
746720,39.0
746864,50.0
746880,30.0
746912,25.0
746928,39.0
746944,48.0
747008,49.0
747072,63.0
747200,32.0
747296,27.0
747360,52.0
747440,50.0
747504,80.0
747520,51.0
747536,41.0
747584,41.0
747584,56.0
747600,41.0
747696,39.0
747808,71.0
747856,41.0
747888,55.0
747920,24.0
747968,29.0
748016,89.0
748048,83.0
748112,42.0
748144,35.0
748160,35.0
748192,80.0
748192,31.0
748288,62.0
748336,23.0
748352,27.0
748368,32.0
748384,36.0
748480,27.0
748480,56.0
748480,37.0
748688,31.0
748816,28.0
748944,37.0
748944,29.0
748976,52.0
749056,96.0
749136,64.0
749184,64.0
749200,115.0
749200,45.0
749216,46.0
749232,76.0
749232,53.0
749248,27.0
749264,67.0
749280,59.0
749456,73.0
749488,50.0
749536,21.0
749664,45.0
749696,32.0
749744,29.0
749872,40.0
749888,43.0
749952,31.0
749952,56.0
750032,21.0
750064,50.0
750080,59.0
750176,75.0
750368,55.0
750368,31.0
750384,45.0
750416,29.0
750496,80.0
750512,27.0
750624,87.0
750640,36.0
750704,60.0
750752,54.0
750784,52.0
750832,81.0
750912,33.0
751008,40.0
751088,29.0
751104,67.0
751136,118.0
751264,48.0
751328,149.0
751360,62.0
751360,38.0
751360,59.0
751456,51.0
751472,81.0
751568,27.0
751568,41.0
751616,32.0
751648,71.0
751664,36.0
751760,61.0
751808,69.0
751920,35.0
752000,12.0
752016,28.0
752048,27.0
752144,24.0
752144,55.0
752160,52.0
752208,53.0
752240,42.0
752272,57.0
752320,82.0
752400,15.0
752416,59.0
752480,35.0
752512,32.0
752544,25.0
752640,39.0
752672,22.0
752704,66.0
752736,67.0
752816,85.0
752928,45.0
752944,42.0
752960,28.0
752960,51.0
752992,22.0
753120,24.0
753232,52.0
753280,77.0
753328,32.0
753344,40.0
753520,36.0
753616,39.0
753632,44.0
753648,43.0
753664,34.0
753664,74.0
753696,22.0
753808,87.0
753856,189.0
753872,57.0
753872,102.0
753888,84.0
753936,41.0
753984,47.0
754064,46.0
754176,23.0
754208,21.0
754224,36.0
754256,35.0
754288,39.0
754320,27.0
754336,104.0
754368,44.0
754512,41.0
754560,36.0
754640,29.0
754704,68.0
754800,36.0
754832,48.0
754896,43.0
754944,43.0
755008,67.0
755056,34.0
755072,97.0
755088,50.0
755136,79.0
755168,50.0
755200,55.0
755264,44.0
755280,59.0
755488,20.0
755504,31.0
755504,27.0
755504,38.0
755600,56.0
755712,13.0
755728,58.0
755776,45.0
755776,52.0
755776,36.0
755952,145.0
755968,71.0
756080,50.0
756080,23.0
756128,65.0
756144,40.0
756256,33.0
756304,73.0
756304,65.0
756352,54.0
756416,40.0
756416,111.0
756432,41.0
756448,53.0
756480,32.0
756608,29.0
756800,42.0
756816,54.0
756848,23.0
756848,67.0
756944,54.0
757024,95.0
757056,47.0
757104,53.0
757200,56.0
757216,50.0
757296,76.0
757328,55.0
757376,35.0
757424,39.0
757552,28.0
757568,45.0
757584,40.0
757616,37.0
757696,53.0
757728,33.0
757728,86.0
757824,38.0
757872,91.0
757936,55.0
757952,95.0
757968,34.0
758000,87.0
758000,44.0
758080,47.0
758192,29.0
758224,42.0
758304,38.0
758368,26.0
758368,25.0
758384,48.0
758432,27.0
758464,68.0
758464,55.0
758528,50.0
758544,61.0
758704,44.0
758720,56.0
758752,13.0
758848,57.0
758880,63.0
758880,41.0
758896,33.0
758960,55.0
758992,33.0
759008,51.0
759024,35.0
759072,23.0
759104,36.0
759200,30.0
759216,57.0
759248,23.0
759296,57.0
759424,26.0
759488,40.0
759488,66.0
759536,40.0
759616,39.0
759648,80.0
759760,32.0
759904,59.0
759904,64.0
760000,61.0
760016,37.0
760048,25.0
760080,63.0
760096,35.0
760192,44.0
760224,63.0
760224,64.0
760256,60.0
760464,28.0
760528,48.0
760560,41.0
760624,117.0
760624,25.0
760656,97.0
760656,41.0
760672,74.0
760704,68.0
760704,50.0
760912,52.0
760912,43.0
760960,57.0
761072,25.0
761104,36.0
761168,67.0
761216,37.0
761232,65.0
761344,40.0
761360,69.0
761392,52.0
761392,46.0
761424,50.0
761472,48.0
761472,25.0
761488,24.0
761632,42.0
761632,73.0
761808,72.0
761808,36.0
761840,42.0
761856,59.0
761904,27.0
762000,38.0
762032,35.0
762112,48.0
762128,76.0
762208,36.0
762224,23.0
762272,55.0
762288,67.0
762336,33.0
762384,64.0
762400,25.0
762416,24.0
762464,41.0
762496,54.0
762592,69.0
762656,34.0
762688,29.0
762736,52.0
762784,41.0
762912,28.0
762944,41.0
762976,48.0
762992,98.0
763008,73.0
763248,57.0
763248,29.0
763248,41.0
763280,49.0
763328,59.0
763328,58.0
763376,40.0
763552,38.0
763600,59.0
763616,23.0
763616,75.0
763632,85.0
763744,52.0
763792,50.0
763792,26.0
763792,49.0
763936,38.0
764032,44.0
764176,39.0
764192,94.0
764192,25.0
764208,60.0
764240,39.0
764272,30.0
764272,62.0
764304,42.0
764320,67.0
764400,38.0
764496,55.0
764528,13.0
764656,24.0
764672,106.0
764704,29.0
764704,31.0
764736,44.0
764832,35.0
764912,45.0
764928,83.0
764944,26.0
764960,64.0
765088,26.0
765120,39.0
765152,53.0
765184,62.0
765232,33.0
765344,26.0
765360,41.0
765408,42.0
765472,40.0
765504,35.0
765616,117.0
765632,34.0
765664,79.0
765712,37.0
765760,38.0
765760,33.0
765776,54.0
765792,28.0
765936,61.0
765952,81.0
766000,51.0
766048,27.0
766128,48.0
766176,125.0
766224,27.0
766224,45.0
766240,36.0
766400,58.0
766432,41.0
766480,34.0
766512,32.0
766528,56.0
766560,53.0
766560,32.0
766672,34.0
766736,21.0
766736,49.0
766736,61.0
766752,62.0
766768,37.0
766960,97.0
766976,47.0
767008,48.0
767024,31.0
767072,21.0
767072,37.0
767072,35.0
767072,53.0
767184,27.0
767184,26.0
767376,59.0
767408,53.0
767424,54.0
767440,23.0
767472,46.0
767552,30.0
767568,52.0
767584,36.0
767744,35.0
767840,54.0
767856,74.0
767936,33.0
767952,36.0
768016,52.0
768080,63.0
768080,70.0
768128,44.0
768336,49.0
768336,48.0
768400,83.0
768416,61.0
768448,32.0
768480,40.0
768496,92.0
768512,27.0
768544,60.0
768560,38.0
768752,42.0
768768,81.0
768784,65.0
768864,28.0
768880,47.0
768928,37.0
768960,25.0
769008,72.0
769040,33.0
769088,67.0
769104,39.0
769232,30.0
769232,46.0
769264,14.0
769440,41.0
769520,26.0
769568,44.0
769616,73.0
769616,24.0
769680,50.0
769760,62.0
769792,52.0
769824,56.0
769840,25.0
769856,91.0
769872,96.0
769904,40.0
769952,88.0
769968,55.0
770080,29.0
770112,55.0
770208,19.0
770272,79.0
770352,42.0
770368,47.0
770480,39.0
770496,24.0
770592,45.0
770592,52.0
770656,44.0
770672,52.0
770688,70.0
770784,36.0
770864,84.0
770896,51.0
771024,22.0
771088,51.0
771120,40.0
771168,86.0
771216,39.0
771312,39.0
771328,85.0
771360,63.0
771392,98.0
771392,31.0
771424,35.0
771504,24.0
771552,60.0
771584,58.0
771600,51.0
771632,38.0
771744,24.0
771760,34.0
771824,41.0
771888,18.0
771920,89.0
771968,55.0
771968,36.0
772032,44.0
772096,13.0
772128,51.0
772160,21.0
772176,26.0
772192,48.0
772192,50.0
772208,44.0
772208,115.0
772240,38.0
772272,45.0
772320,36.0
772448,26.0
772576,24.0
772624,29.0
772768,37.0
772800,37.0
772816,43.0
772880,27.0
772896,58.0
772912,62.0
772928,19.0
772944,85.0
772992,64.0
773040,59.0
773104,56.0
773104,52.0
773120,22.0
773136,56.0
773184,18.0
773248,58.0
773424,30.0
773520,30.0
773584,63.0
773648,34.0
773664,46.0
773664,49.0
773728,96.0
773760,36.0
773760,53.0
773824,63.0
773888,48.0
774080,52.0
774096,62.0
774112,43.0
774160,27.0
774160,32.0
774176,65.0
774208,34.0
774272,92.0
774288,48.0
774304,34.0
774352,85.0
774496,38.0
774688,64.0
774704,39.0
774720,23.0
774752,36.0
774848,43.0
774896,49.0
774912,83.0
774944,41.0
774992,56.0
775024,47.0
775088,58.0
775136,82.0
775168,42.0
775184,61.0
775232,34.0
775520,42.0
775568,113.0
775648,58.0
775664,36.0
775680,32.0
775696,32.0
775728,51.0
775744,62.0
775840,38.0
775872,53.0
775920,49.0
775952,63.0
776016,31.0
776048,24.0
776064,110.0
776096,28.0
776224,31.0
776256,97.0
776256,21.0
776288,45.0
776288,81.0
776416,34.0
776512,101.0
776528,43.0
776592,56.0
776608,34.0
776624,38.0
776720,27.0
776752,33.0
776784,33.0
776816,67.0
776848,27.0
776848,73.0
776928,26.0
777008,57.0
777040,68.0
777056,28.0
777056,48.0
777072,51.0
777344,21.0
777392,42.0
777424,40.0
777456,58.0
777456,44.0
777488,42.0
777504,57.0
777504,27.0
777536,31.0
777632,49.0
777648,100.0
777712,16.0
777712,49.0
777840,62.0
777968,29.0
777984,58.0
778016,23.0
778160,46.0
778240,56.0
778368,109.0
778432,26.0
778432,37.0
778448,46.0
778448,60.0
778576,59.0
778608,76.0
778624,73.0
778624,57.0
778640,71.0
778640,99.0
778704,29.0
778800,22.0
778816,28.0
778896,58.0
779072,28.0
779152,44.0
779264,40.0
779280,70.0
779344,85.0
779376,46.0
779392,37.0
779488,53.0
779504,50.0
779552,126.0
779568,71.0
779616,21.0
779728,72.0
779744,58.0
779856,60.0
779872,79.0
779968,36.0
779968,96.0
780128,35.0
780128,32.0
780176,28.0
780192,40.0
780224,72.0
780288,59.0
780320,28.0
780320,73.0
780528,64.0
780528,35.0
780528,49.0
780560,37.0
780592,69.0
780784,88.0
780848,41.0
780864,43.0
780864,100.0
780896,42.0
780896,65.0
780944,39.0
781008,55.0
781072,47.0
781104,34.0
781120,37.0
781184,66.0
781248,15.0
781296,48.0
781392,31.0
781504,76.0
781504,38.0
781504,57.0
781520,41.0
781536,26.0
781568,44.0
781584,46.0
781584,40.0
781680,36.0
781728,34.0
781760,32.0
781760,77.0
781936,72.0
781952,28.0
782064,48.0
782128,39.0
782128,34.0
782160,40.0
782256,42.0
782256,36.0
782288,47.0
782352,39.0
782368,38.0
782432,54.0
782720,27.0
782768,40.0
782768,106.0
782816,29.0
782848,91.0
782848,43.0
782864,50.0
782944,62.0
782992,54.0
782992,46.0
783136,44.0
783152,18.0
783168,104.0
783184,78.0
783200,27.0
783232,26.0
783248,30.0
783456,29.0
783472,76.0
783616,116.0
783648,44.0
783696,83.0
783696,53.0
783728,31.0
783744,47.0
783792,37.0
783840,43.0
783840,62.0
783872,44.0
783984,33.0
784064,28.0
784064,84.0
784096,16.0
784096,53.0
784096,57.0
784176,44.0
784176,33.0
784288,14.0
784352,35.0
784416,42.0
784560,29.0
784560,54.0
784656,30.0
784656,35.0
784688,60.0
784688,62.0
784768,49.0
784784,59.0
784816,59.0
784912,51.0
785040,24.0
785120,48.0
785136,45.0
785168,55.0
785280,45.0
785328,79.0
785360,36.0
785392,36.0
785584,26.0
785600,89.0
785616,58.0
785648,33.0
785696,71.0
785712,27.0
785760,62.0
785760,39.0
785792,27.0
785824,57.0
785904,54.0
785904,78.0
786016,43.0
786032,24.0
786048,41.0
786096,24.0
786160,189.0
786272,42.0
786304,38.0
786304,32.0
786336,36.0
786352,28.0
786368,47.0
786432,42.0
786432,109.0
786528,32.0
786656,38.0
786736,29.0
786752,53.0
786816,45.0
786848,79.0
787056,47.0
787104,42.0
787136,38.0
787136,50.0
787152,83.0
787248,56.0
787264,26.0
787296,62.0
787296,58.0
787408,86.0
787440,80.0
787440,24.0
787616,55.0
787712,36.0
787728,30.0
787792,41.0
787856,69.0
787936,80.0
787984,55.0
788048,101.0
788144,83.0
788176,55.0
788192,49.0
788208,37.0
788256,60.0
788352,68.0
788496,49.0
788560,88.0
788608,47.0
788624,36.0
788656,54.0
788688,47.0
788832,39.0
788848,44.0
788880,14.0
788896,57.0
788912,41.0
788928,93.0
789040,43.0
789104,86.0
789152,29.0
789168,108.0
789232,65.0
789232,66.0
789472,36.0
789504,41.0
789536,65.0
789568,63.0
789600,45.0
789648,65.0
789664,39.0
789680,53.0
789808,55.0
789904,23.0
789920,47.0
789968,84.0
790016,34.0
790032,27.0
790064,60.0
790064,26.0
790208,25.0
790256,69.0
790256,47.0
790320,88.0
790352,70.0
790464,56.0
790496,27.0
790560,33.0
790576,35.0
790704,92.0
790720,66.0
790736,52.0
790880,51.0
790912,44.0
790976,32.0
791024,66.0
791056,50.0
791072,31.0
791072,87.0
791232,57.0
791264,57.0
791296,86.0
791296,35.0
791376,55.0
791376,41.0
791408,72.0
791520,51.0
791568,31.0
791600,65.0
791728,41.0
791824,33.0
791824,48.0
791872,31.0
791872,29.0
791904,62.0
791904,58.0
791904,11.0
791936,40.0
792224,41.0
792224,84.0
792224,25.0
792240,61.0
792256,55.0
792256,46.0
792256,41.0
792320,28.0
792448,89.0
792560,41.0
792576,84.0
792592,22.0
792608,44.0
792672,48.0
792672,46.0
792704,28.0
792736,30.0
792800,36.0
792832,63.0
792912,43.0
792960,40.0
793024,27.0
793040,51.0
793040,21.0
793056,74.0
793184,38.0
793280,64.0
793296,31.0
793424,23.0
793440,48.0
793456,45.0
793584,61.0
793712,65.0
793728,43.0
793776,51.0
793776,46.0
793792,77.0
793808,61.0
793840,26.0
794000,34.0
794000,61.0
794064,49.0
794112,58.0
794144,23.0
794224,24.0
794256,84.0
794256,60.0
794336,39.0
794384,50.0
794384,24.0
794528,68.0
794624,39.0
794624,52.0
794656,27.0
794672,38.0
794784,28.0
794864,71.0
794896,153.0
794944,35.0
795056,80.0
795072,60.0
795072,43.0
795104,60.0
795104,53.0
795184,33.0
795216,88.0
795280,41.0
795312,40.0
795344,45.0
795376,37.0
795568,31.0
795600,31.0
795664,35.0
795728,52.0
795744,76.0
795808,54.0
795824,34.0
795920,54.0
795952,55.0
795952,106.0
796016,40.0
796032,53.0
796032,23.0
796144,25.0
796256,87.0
796336,62.0
796432,70.0
796448,55.0
796480,41.0
796496,30.0
796496,48.0
796512,44.0
796528,38.0
796544,32.0
796608,41.0
796880,25.0
796880,28.0
796912,48.0
796912,55.0
796944,62.0
797024,113.0
797104,37.0
797104,41.0
797120,95.0
797136,40.0
797200,44.0
797248,23.0
797248,44.0
797296,24.0
797376,65.0
797376,27.0
797392,49.0
797488,77.0
797568,43.0
797600,67.0
797632,32.0
797840,58.0
797872,31.0
797920,42.0
797936,28.0
797936,52.0
797984,38.0
798000,47.0
798048,26.0
798112,57.0
798128,62.0
798144,36.0
798144,53.0
798192,73.0
798272,25.0
798304,57.0
798368,24.0
798400,50.0
798448,32.0
798464,34.0
798512,25.0
798592,28.0
798592,47.0
798608,35.0
798656,33.0
798672,33.0
798800,18.0
798816,107.0
798848,53.0
798928,62.0
798976,23.0
799008,51.0
799040,42.0
799088,51.0
799136,43.0
799232,48.0
799232,52.0
799248,37.0
799264,37.0
799296,16.0
799296,62.0
799312,45.0
799472,55.0
799552,16.0
799568,47.0
799648,40.0
799664,54.0
799712,49.0
799776,43.0
799936,60.0
799984,71.0
800032,45.0
800048,50.0
800112,34.0
800208,59.0
800368,41.0
800368,45.0
800416,54.0
800416,27.0
800432,75.0
800432,60.0
800624,87.0
800640,37.0
800704,58.0
800880,76.0
800880,59.0
800896,43.0
800960,114.0
801040,38.0
801056,40.0
801168,50.0
801168,33.0
801168,29.0
801184,72.0
801184,67.0
801184,51.0
801216,37.0
801280,54.0
801392,131.0
801520,21.0
801536,23.0
801584,26.0
801616,74.0
801808,39.0
801808,37.0
801856,36.0
801904,64.0
801920,65.0
801936,55.0
802000,52.0
802032,40.0
802064,30.0
802064,28.0
802144,38.0
802288,69.0
802288,87.0
802320,85.0
802368,35.0
802400,37.0
802464,89.0
802464,38.0
802512,23.0
802560,40.0
802608,36.0
802640,70.0
802688,43.0
802720,41.0
802768,44.0
802896,31.0
802976,67.0
803040,69.0
803168,44.0
803296,63.0
803312,42.0
803312,50.0
803408,68.0
803424,54.0
803456,46.0
803472,74.0
803472,27.0
803712,84.0
803728,26.0
803776,82.0
803808,52.0
803952,33.0
803984,86.0
804016,83.0
804112,40.0
804128,45.0
804144,86.0
804208,31.0
804256,68.0
804272,60.0
804320,34.0
804352,56.0
804432,39.0
804448,31.0
804464,62.0
804560,104.0
804592,81.0
804592,54.0
804592,38.0
804752,40.0
804768,40.0
804784,48.0
804784,36.0
804832,30.0
804832,43.0
804832,36.0
804896,36.0
804976,24.0
805040,38.0
805056,18.0
805072,32.0
805088,39.0
805120,53.0
805136,24.0
805184,46.0
805312,45.0
805344,32.0
805472,27.0
805520,58.0
805536,35.0
805600,30.0
805712,25.0
805712,58.0
805728,52.0
805728,42.0
805728,34.0
805760,42.0
805872,50.0
805872,25.0
805904,67.0
805920,71.0
805984,24.0
806064,58.0
806096,36.0
806112,48.0
806160,83.0
806176,29.0
806256,24.0
806304,36.0
806320,37.0
806352,51.0
806368,19.0
806384,32.0
806400,43.0
806608,44.0
806624,56.0
806704,38.0
806752,52.0
806768,24.0
806896,37.0
806992,52.0
807072,47.0
807104,53.0
807216,91.0
807248,56.0
807264,31.0
807328,76.0
807344,46.0
807456,52.0
807456,47.0
807488,82.0
807504,69.0
807520,28.0
807632,79.0
807680,43.0
807696,27.0
807776,64.0
807792,56.0
807856,47.0
807888,119.0
807984,18.0
808096,40.0
808208,55.0
808272,47.0
808336,34.0
808336,41.0
808352,53.0
808448,37.0
808448,75.0
808448,77.0
808528,74.0
808576,70.0
808608,39.0
808688,30.0
808720,77.0
808832,30.0
808832,14.0
808832,24.0
808880,78.0
808912,64.0
808944,14.0
808976,33.0
808992,56.0
809104,48.0
809152,86.0
809216,59.0
809248,35.0
809312,30.0
809360,49.0
809424,56.0
809456,63.0
809472,40.0
809520,34.0
809648,48.0
809664,47.0
809696,54.0
809840,43.0
809840,37.0
809872,48.0
809888,97.0
809920,28.0
810016,35.0
810048,46.0
810128,74.0
810208,76.0
810240,51.0
810336,51.0
810352,29.0
810352,71.0
810368,44.0
810512,72.0
810512,40.0
810528,38.0
810544,56.0
810592,47.0
810704,54.0
810720,44.0
810832,49.0
810896,41.0
810896,43.0
810912,36.0
810912,35.0
810960,27.0
810976,39.0
811040,42.0
811120,62.0
811120,38.0
811168,41.0
811232,43.0
811296,29.0
811408,28.0
811472,31.0
811488,37.0
811584,29.0
811584,34.0
811648,46.0
811664,23.0
811776,55.0
811792,131.0
811808,69.0
811872,47.0
811936,48.0
811936,18.0
811968,86.0
812000,48.0
812080,31.0
812112,39.0
812128,76.0
812208,21.0
812272,21.0
812272,50.0
812368,60.0
812400,51.0
812624,51.0
812672,55.0
812688,123.0
812768,50.0
812800,50.0
812848,74.0
812864,12.0
812864,49.0
812976,44.0
813056,49.0
813136,58.0
813168,77.0
813184,26.0
813280,73.0
813296,58.0
813328,97.0
813344,76.0
813376,43.0
813392,34.0
813408,27.0
813488,43.0
813520,41.0
813520,56.0
813520,24.0
813712,23.0
813744,28.0
813856,42.0
813968,28.0
813968,98.0
813984,44.0
814000,71.0
814000,38.0
814016,31.0
814064,43.0
814144,68.0
814160,42.0
814320,38.0
814368,53.0
814384,66.0
814464,20.0
814464,31.0
814480,82.0
814544,24.0
814640,77.0
814704,24.0
814720,47.0
814816,51.0
814816,60.0
814880,56.0
814944,25.0
815040,42.0
815040,35.0
815072,38.0
815088,39.0
815136,31.0
815200,91.0
815232,76.0
815248,78.0
815248,54.0
815344,80.0
815472,41.0
815504,49.0
815520,24.0
815600,45.0
815632,37.0
815648,44.0
815680,30.0
815744,44.0
815888,18.0
815984,32.0
815984,46.0
816000,74.0
816016,59.0
816144,39.0
816192,60.0
816288,65.0
816336,52.0
816352,45.0
816368,23.0
816480,111.0
816560,51.0
816688,84.0
816704,101.0
816704,32.0
816704,51.0
816784,71.0
816864,31.0
816864,55.0
816944,37.0
817104,70.0
817120,52.0
817136,91.0
817248,43.0
817344,40.0
817424,80.0
817440,60.0
817536,52.0
817584,50.0
817600,41.0
817616,47.0
817616,100.0
817648,49.0
817648,25.0
817712,64.0
817728,37.0
817888,49.0
817936,37.0
817936,51.0
817968,102.0
817968,79.0
817984,34.0
818272,46.0
818336,45.0
818368,45.0
818384,42.0
818448,50.0
818480,55.0
818528,34.0
818560,71.0
818560,39.0
818576,40.0
818704,51.0
818720,69.0
818752,49.0
818880,72.0
818896,28.0
818976,40.0
819008,27.0
819040,30.0
819056,43.0
819072,43.0
819088,33.0
819104,13.0
819152,74.0
819168,29.0
819200,101.0
819216,43.0
819328,36.0
819408,27.0
819488,48.0
819504,64.0
819520,78.0
819616,28.0
819616,25.0
819648,37.0
819648,35.0
819680,36.0
819760,55.0
819792,49.0
819968,58.0
819984,29.0
819984,41.0
820032,55.0
820048,25.0
820048,34.0
820096,38.0
820144,29.0
820160,32.0
820208,11.0
820352,46.0
820368,81.0
820368,24.0
820384,61.0
820464,79.0
820512,29.0
820560,50.0
820608,35.0
820640,64.0
820688,21.0
820688,56.0
820752,37.0
820752,38.0
820800,26.0
820816,28.0
820944,60.0
821040,52.0
821040,67.0
821200,46.0
821216,36.0
821232,71.0
821248,46.0
821264,32.0
821280,29.0
821280,37.0
821280,42.0
821312,35.0
821344,41.0
821344,61.0
821360,35.0
821440,55.0
821600,41.0
821728,33.0
821872,33.0
821904,43.0
821920,40.0
821984,44.0
822000,41.0
822000,40.0
822128,51.0
822160,57.0
822176,36.0
822224,22.0
822320,55.0
822400,73.0
822416,86.0
822576,82.0
822704,30.0
822704,89.0
822720,46.0
822752,39.0
822768,65.0
822784,49.0
822800,39.0
822832,26.0
822832,52.0
822848,58.0
823056,126.0
823088,48.0
823088,43.0
823120,60.0
823152,78.0
823248,33.0
823376,36.0
823376,34.0
823424,45.0
823424,53.0
823424,41.0
823600,56.0
823664,36.0
823680,39.0
823680,27.0
823776,41.0
823792,63.0
823856,44.0
823904,51.0
824032,80.0
824032,22.0
824048,39.0
824128,33.0
824128,81.0
824192,84.0
824384,63.0
824400,23.0
824400,61.0
824416,62.0
824416,46.0
824432,33.0
824496,52.0
824512,71.0
824624,52.0
824624,12.0
824720,59.0
824736,44.0
824768,23.0
824784,25.0
824816,60.0
824816,12.0
824832,26.0
824848,45.0
824992,36.0
825040,34.0
825120,58.0
825136,39.0
825168,70.0
825184,29.0
825264,54.0
825264,71.0
825328,44.0
825440,42.0
825488,44.0
825520,44.0
825568,45.0
825632,51.0
825648,51.0
825712,61.0
825776,49.0
825824,41.0
825824,43.0
825952,57.0
826080,35.0
826096,17.0
826112,49.0
826208,68.0
826240,47.0
826272,40.0
826288,36.0
826304,46.0
826336,67.0
826384,38.0
826416,72.0
826464,24.0
826560,57.0
826704,38.0
826704,37.0
826704,79.0
826720,28.0
826736,27.0
826736,49.0
826784,23.0
826800,61.0
826848,40.0
826928,109.0
826944,41.0
826944,35.0
827216,30.0
827248,57.0
827280,35.0
827312,38.0
827360,41.0
827392,38.0
827424,74.0
827440,37.0
827504,59.0
827600,56.0
827600,41.0
827616,51.0
827648,74.0
827680,59.0
827696,47.0
828000,40.0
828032,38.0
828112,42.0
828112,52.0
828160,57.0
828160,53.0
828176,35.0
828208,44.0
828304,44.0
828320,42.0
828416,93.0
828480,55.0
828528,82.0
828592,30.0
828672,62.0
828736,13.0
828768,38.0
828768,48.0
828880,45.0
828912,95.0
828944,78.0
828944,40.0
828944,11.0
829040,58.0
829056,53.0
829088,57.0
829088,66.0
829152,35.0
829232,12.0
829376,29.0
829504,68.0
829552,29.0
829584,51.0
829584,53.0
829664,49.0
829696,38.0
829744,79.0
829792,53.0
829792,46.0
829792,70.0
829952,63.0
830080,31.0
830128,36.0
830192,78.0
830208,39.0
830208,66.0
830224,62.0
830256,29.0
830272,122.0
830304,38.0
830336,34.0
830528,54.0
830592,68.0
830624,34.0
830640,28.0
830656,57.0
830736,59.0
830800,89.0
830848,40.0
830896,37.0
830896,43.0
830976,47.0
831008,47.0
831056,69.0
831056,45.0
831088,22.0
831184,57.0
831200,34.0
831248,70.0
831408,38.0
831440,37.0
831456,52.0
831488,37.0
831584,33.0
831584,62.0
831648,28.0
831696,28.0
831696,38.0
831712,44.0
831760,44.0
831760,22.0
831776,71.0
831792,38.0
831872,84.0
831888,25.0
832048,29.0
832176,30.0
832176,46.0
832272,36.0
832288,44.0
832288,87.0
832368,87.0
832560,50.0
832576,58.0
832624,54.0
832672,56.0
832736,53.0
832784,67.0
832784,83.0
832800,32.0
832848,50.0
832992,51.0
832992,70.0
833008,46.0
833088,57.0
833120,34.0
833200,88.0
833312,47.0
833392,12.0
833472,29.0
833520,53.0
833520,46.0
833520,56.0
833616,55.0
833616,78.0
833632,84.0
833632,40.0
833696,56.0
833728,46.0
833824,44.0
833824,46.0
833856,29.0
833936,26.0
833968,41.0
834000,30.0
834144,39.0
834208,46.0
834224,37.0
834224,86.0
834336,97.0
834352,39.0
834432,51.0
834448,30.0
834528,57.0
834560,35.0
834592,60.0
834592,48.0
834640,51.0
834672,46.0
834928,44.0
834960,27.0
834976,24.0
835088,87.0
835136,57.0
835168,60.0
835216,85.0
835248,20.0
835280,58.0
835296,54.0
835312,40.0
835344,75.0
835376,46.0
835536,23.0
835600,24.0
835632,31.0
835712,86.0
835728,47.0
835760,75.0
835872,89.0
835920,40.0
835984,38.0
836000,23.0
836000,88.0
836032,27.0
836144,66.0
836176,16.0
836320,85.0
836336,29.0
836368,67.0
836368,70.0
836368,40.0
836384,67.0
836432,45.0
836624,80.0
836656,41.0
836704,59.0
836752,23.0
836768,39.0
836784,78.0
836832,31.0
836864,43.0
836880,55.0
836896,33.0
836896,54.0
836896,15.0
836928,35.0
836944,32.0
837184,35.0
837216,56.0
837216,28.0
837264,80.0
837376,31.0
837568,44.0
837648,54.0
837664,28.0
837680,58.0
837712,63.0
837728,85.0
837744,23.0
837792,38.0
837872,41.0
837888,62.0
837904,63.0
837968,71.0
837968,64.0
838048,49.0
838192,30.0
838240,36.0
838256,24.0
838272,86.0
838288,85.0
838384,31.0
838416,39.0
838448,55.0
838576,53.0
838624,55.0
838624,59.0
838688,25.0
838688,45.0
838896,62.0
839024,25.0
839024,47.0
839072,55.0
839072,39.0
839104,54.0
839168,57.0
839200,77.0
839216,37.0
839280,56.0
839296,103.0
839328,40.0
839424,63.0
839520,52.0
839520,39.0
839568,22.0
839584,24.0
839696,33.0
839776,44.0
839856,35.0
839888,54.0
839888,35.0
839936,41.0
840000,26.0
840016,31.0
840064,65.0
840112,43.0
840192,42.0
840192,101.0
840192,134.0
840256,43.0
840320,29.0
840320,78.0
840352,36.0
840496,35.0
840544,53.0
840624,38.0
840624,46.0
840656,21.0
840688,39.0
840736,30.0
840768,26.0
840800,50.0
840832,40.0
840848,41.0
840960,67.0
841040,34.0
841232,38.0
841328,40.0
841360,78.0
841392,41.0
841424,41.0
841440,78.0
841472,27.0
841520,56.0
841536,62.0
841552,153.0
841552,77.0
841568,57.0
841680,55.0
841776,24.0
841872,32.0
841888,26.0
841920,67.0
841952,45.0
841984,27.0
842064,39.0
842112,49.0
842128,44.0
842208,42.0
842224,44.0
842240,43.0
842368,43.0
842400,98.0
842448,42.0
842480,35.0
842576,44.0
842576,101.0
842672,34.0
842864,55.0
842912,50.0
843056,93.0
843056,73.0
843088,64.0
843088,38.0
843152,44.0
843216,40.0
843232,52.0
843248,65.0
843376,89.0
843408,31.0
843552,61.0
843600,34.0
843616,24.0
843728,94.0
843728,93.0
843760,42.0
843840,39.0
844000,71.0
844048,40.0
844048,50.0
844064,43.0
844096,34.0
844144,111.0
844240,72.0
844288,35.0
844336,31.0
844336,21.0
844352,75.0
844416,43.0
844432,110.0
844528,92.0
844720,42.0
844720,41.0
844752,72.0
844832,76.0
844848,47.0
844976,35.0
845072,49.0
845104,48.0
845184,21.0
845200,72.0
845200,66.0
845200,42.0
845232,56.0
845264,64.0
845424,62.0
845456,39.0
845552,52.0
845648,56.0
845648,26.0
845760,65.0
845872,132.0
845888,43.0
845888,57.0
845920,31.0
845968,48.0
846000,58.0
846000,51.0
846032,48.0
846144,24.0
846160,44.0
846176,11.0
846256,72.0
846352,44.0
846368,51.0
846416,129.0
846528,55.0
846608,46.0
846656,91.0
846672,49.0
846672,40.0
846736,37.0
846768,38.0
846816,58.0
846848,42.0
846912,59.0
846912,62.0
846944,59.0
846976,39.0
846992,39.0
847104,53.0
847264,46.0
847296,39.0
847376,44.0
847424,41.0
847424,63.0
847488,34.0
847520,57.0
847568,41.0
847584,53.0
847664,63.0
847728,55.0
847792,26.0
847808,56.0
847824,52.0
847856,37.0
847856,55.0
847904,30.0
847920,51.0
848064,78.0
848096,42.0
848112,37.0
848144,35.0
848176,55.0
848176,32.0
848272,44.0
848368,32.0
848368,55.0
848416,39.0
848544,40.0
848592,54.0
848640,51.0
848688,39.0
848704,38.0
848768,53.0
848784,38.0
848784,38.0
848864,45.0
848880,38.0
848928,51.0
849008,23.0
849056,32.0
849088,42.0
849168,19.0
849168,82.0
849200,87.0
849312,33.0
849424,40.0
849424,66.0
849472,44.0
849520,37.0
849760,42.0
849776,88.0
849792,57.0
849856,41.0
849936,84.0
849968,80.0
850112,40.0
850144,45.0
850256,68.0
850304,62.0
850336,102.0
850352,84.0
850368,75.0
850400,38.0
850432,86.0
850448,42.0
850448,64.0
850464,22.0
850464,38.0
850512,34.0
850528,37.0
850672,15.0
850784,79.0
850848,44.0
850880,13.0
850960,38.0
851024,36.0
851072,42.0
851088,36.0
851216,48.0
851280,95.0
851312,59.0
851344,29.0
851440,69.0
851456,38.0
851456,62.0
851504,34.0
851568,82.0
851616,37.0
851712,31.0
851728,26.0
851856,83.0
851968,55.0
852016,42.0
852064,38.0
852096,51.0
852192,46.0
852288,36.0
852288,124.0
852288,114.0
852304,28.0
852304,43.0
852448,59.0
852592,64.0
852672,24.0
852672,118.0
852672,100.0
852672,30.0
852672,44.0
852704,25.0
852704,61.0
852752,82.0
852848,35.0
852944,58.0
852992,25.0
853040,47.0
853072,48.0
853104,65.0
853184,27.0
853248,34.0
853280,38.0
853344,42.0
853376,80.0
853392,45.0
853424,22.0
853440,46.0
853488,51.0
853664,30.0
853728,49.0
853808,51.0
853824,45.0
853824,72.0
853840,28.0
853856,38.0
853984,96.0
853984,59.0
853984,38.0
854064,76.0
854096,41.0
854176,43.0
854192,24.0
854272,38.0
854320,61.0
854464,38.0
854496,25.0
854592,38.0
854624,49.0
854640,41.0
854784,37.0
854832,35.0
854832,48.0
854880,72.0
854944,104.0
854960,61.0
855088,79.0
855168,84.0
855184,63.0
855184,110.0
855200,38.0
855280,41.0
855360,45.0
855376,37.0
855392,56.0
855408,68.0
855424,34.0
855440,38.0
855664,36.0
855760,37.0
855824,55.0
855872,32.0
855936,92.0
855984,50.0
856000,38.0
856016,66.0
856064,43.0
856080,41.0
856080,56.0
856096,43.0
856128,81.0
856208,21.0
856272,67.0
856304,54.0
856400,70.0
856464,40.0
856464,28.0
856480,26.0
856528,54.0
856608,53.0
856624,40.0
856832,44.0
856848,40.0
856864,29.0
856880,50.0
856896,60.0
856896,39.0
856944,26.0
856992,24.0
856992,23.0
857040,59.0
857120,40.0
857168,73.0
857216,57.0
857232,25.0
857392,25.0
857440,61.0
857472,39.0
857504,89.0
857536,42.0
857568,25.0
857648,74.0
857792,53.0
857808,43.0
857856,40.0
857856,20.0
858000,33.0
858016,61.0
858032,40.0
858096,37.0
858144,72.0
858144,79.0
858160,79.0
858208,22.0
858256,51.0
858304,46.0
858352,70.0
858400,37.0
858400,34.0
858480,30.0
858560,57.0
858608,25.0
858608,107.0
858624,37.0
858656,54.0
858864,38.0
858864,45.0
858976,42.0
859008,53.0
859072,45.0
859088,62.0
859088,43.0
859104,39.0
859248,77.0
859312,73.0
859312,19.0
859328,48.0
859344,45.0
859392,62.0
859472,54.0
859472,51.0
859536,28.0
859632,19.0
859664,50.0
859808,35.0
859872,33.0
859888,36.0
859904,65.0
860048,60.0
860096,39.0
860176,69.0
860192,76.0
860208,46.0
860240,21.0
860256,103.0
860256,37.0
860288,61.0
860336,50.0
860464,36.0
860576,48.0
860576,59.0
860608,94.0
860608,46.0
860672,26.0
860736,30.0
860752,85.0
860768,42.0
860768,30.0
860832,40.0
860864,51.0
860960,39.0
861104,58.0
861120,41.0
861168,27.0
861216,63.0
861232,41.0
861376,48.0
861376,38.0
861408,46.0
861408,52.0
861472,45.0
861488,45.0
861536,27.0
861584,47.0
861600,23.0
861728,48.0
861728,20.0
861760,37.0
861840,27.0
861872,102.0
861936,35.0
861984,70.0
862016,27.0
862064,59.0
862128,57.0
862160,20.0
862176,43.0
862320,24.0
862384,23.0
862400,54.0
862464,46.0
862512,65.0
862576,25.0
862592,27.0
862592,62.0
862752,134.0
862816,68.0
862928,54.0
862976,69.0
862976,62.0
862976,37.0
863056,105.0
863120,34.0
863120,50.0
863312,57.0
863328,25.0
863392,40.0
863488,64.0
863504,109.0
863568,47.0
863632,65.0
863696,24.0
863792,42.0
863808,76.0
863872,47.0
863888,110.0
863888,57.0
863904,58.0
863920,59.0
863968,36.0
864112,26.0
864176,34.0
864320,113.0
864352,81.0
864352,15.0
864448,60.0
864480,42.0
864512,39.0
864560,62.0
864592,26.0
864624,52.0
864688,21.0
864752,78.0
864848,25.0
864864,60.0
864896,36.0
864912,62.0
864944,37.0
864992,64.0
865024,21.0
865040,28.0
865152,42.0
865184,39.0
865200,22.0
865232,85.0
865232,38.0
865312,23.0
865344,126.0
865456,44.0
865472,60.0
865472,36.0
865536,103.0
865536,42.0
865552,25.0
865568,33.0
865664,27.0
865760,53.0
865792,21.0
865920,56.0
865952,60.0
865952,48.0
865952,47.0
865968,41.0
866032,31.0
866176,44.0
866272,50.0
866288,47.0
866336,26.0
866416,53.0
866448,69.0
866480,33.0
866512,80.0
866544,62.0
866560,50.0
866704,65.0
866752,50.0
866880,58.0
866944,72.0
866944,61.0
866944,12.0
867008,37.0
867072,49.0
867088,38.0
867136,36.0
867152,51.0
867232,66.0
867264,20.0
867280,46.0
867280,25.0
867296,79.0
867328,66.0
867392,24.0
867520,63.0
867536,29.0
867552,38.0
867600,56.0
867696,38.0
867712,35.0
867728,25.0
867760,51.0
867840,36.0
867840,28.0
867856,36.0
867904,48.0
867920,39.0
867984,47.0
868000,97.0
868080,34.0
868096,51.0
868096,31.0
868192,22.0
868432,42.0
868448,58.0
868464,23.0
868608,66.0
868640,46.0
868688,62.0
868688,53.0
868816,39.0
868864,59.0
868880,55.0
868880,50.0
868896,73.0
868944,77.0
869024,58.0
869072,39.0
869152,32.0
869200,84.0
869200,76.0
869200,46.0
869248,51.0
869408,45.0
869424,22.0
869456,36.0
869472,49.0
869472,54.0
869488,42.0
869536,42.0
869584,40.0
869712,51.0
869760,46.0
869840,43.0
869968,48.0
870080,55.0
870112,57.0
870176,44.0
870192,59.0
870256,42.0
870272,54.0
870288,51.0
870336,50.0
870400,43.0
870496,101.0
870512,68.0
870560,45.0
870560,24.0
870768,63.0
870832,35.0
870880,89.0
870896,51.0
870912,89.0
871024,66.0
871056,50.0
871136,64.0
871184,39.0
871200,43.0
871328,71.0
871360,60.0
871424,58.0
871456,73.0
871520,38.0
871520,39.0
871552,22.0
871600,29.0
871696,51.0
871696,85.0
871728,56.0
871760,62.0
871904,34.0
871936,55.0
871936,38.0
871984,89.0
872000,61.0
872016,52.0
872080,39.0
872128,23.0
872144,39.0
872256,22.0
872304,38.0
872352,52.0
872352,41.0
872480,30.0
872512,24.0
872560,60.0
872592,28.0
872592,65.0
872608,37.0
872672,20.0
872736,63.0
872752,42.0
873008,44.0
873040,101.0
873040,33.0
873104,73.0
873264,42.0
873296,44.0
873296,59.0
873312,83.0
873312,86.0
873328,37.0
873328,45.0
873520,60.0
873584,57.0
873616,38.0
873664,39.0
873664,35.0
873728,92.0
873760,28.0
873760,31.0
873840,85.0
873856,33.0
873872,70.0
874032,45.0
874032,44.0
874080,31.0
874096,36.0
874096,50.0
874176,20.0
874208,34.0
874288,62.0
874288,28.0
874384,22.0
874416,43.0
874448,52.0
874448,49.0
874480,45.0
874592,97.0
874736,61.0
874736,35.0
874768,42.0
874896,26.0
874944,41.0
874976,56.0
875008,61.0
875040,47.0
875056,74.0
875152,35.0
875152,44.0
875184,46.0
875248,22.0
875312,58.0
875328,70.0
875392,41.0
875424,63.0
875440,31.0
875456,43.0
875504,33.0
875536,50.0
875552,32.0
875568,92.0
875792,30.0
875808,50.0
875920,48.0
876000,36.0
876032,40.0
876032,55.0
876048,34.0
876048,38.0
876112,58.0
876112,41.0
876112,49.0
876288,47.0
876432,40.0
876544,81.0
876560,47.0
876560,62.0
876608,97.0
876624,36.0
876672,35.0
876736,39.0
876832,57.0
876992,62.0
877024,61.0
877024,62.0
877056,59.0
877072,32.0
877120,36.0
877168,46.0
877200,103.0
877248,43.0
877424,23.0
877440,88.0
877440,72.0
877472,40.0
877488,54.0
877616,55.0
877648,39.0
877712,34.0
877744,45.0
877760,43.0
877808,43.0
877824,24.0
877872,55.0
878064,54.0
878080,38.0
878112,90.0
878176,33.0
878176,35.0
878240,102.0
878288,65.0
878416,42.0
878432,59.0
878512,50.0
878528,28.0
878528,69.0
878560,46.0
878672,27.0
878688,32.0
878704,40.0
878784,22.0
878816,44.0
878832,60.0
878880,44.0
878912,92.0
878960,25.0
878976,73.0
879008,30.0
879056,40.0
879072,82.0
879104,36.0
879184,42.0
879408,25.0
879440,16.0
879440,39.0
879536,54.0
879552,53.0
879568,41.0
879584,81.0
879664,38.0
879696,45.0
879696,39.0
879696,54.0
879760,55.0
879840,27.0
879904,50.0
879984,18.0
880096,41.0
880096,88.0
880096,27.0
880128,37.0
880208,48.0
880256,35.0
880288,83.0
880432,53.0
880464,57.0
880496,107.0
880640,59.0
880704,45.0
880736,40.0
880752,29.0
880768,40.0
880800,65.0
880848,13.0
880848,80.0
880864,48.0
880912,41.0
880992,56.0
880992,35.0
881088,37.0
881152,24.0
881184,84.0
881232,24.0
881264,66.0
881264,85.0
881344,38.0
881344,22.0
881344,55.0
881408,44.0
881504,26.0
881552,13.0
881552,44.0
881696,56.0
881696,59.0
881712,28.0
881760,36.0
881856,28.0
881856,54.0
881920,63.0
881968,29.0
881984,40.0
882048,51.0
882128,26.0
882128,79.0
882208,54.0
882224,67.0
882288,27.0
882304,38.0
882352,19.0
882416,27.0
882416,31.0
882512,47.0
882576,28.0
882592,24.0
882656,69.0
882656,87.0
882688,45.0
882720,37.0
882720,64.0
882832,33.0
882880,41.0
882896,30.0
882944,16.0
882960,38.0
883120,29.0
883168,37.0
883184,56.0
883216,50.0
883312,91.0
883344,32.0
883456,119.0
883488,61.0
883520,39.0
883568,61.0
883584,54.0
883632,57.0
883680,35.0
883728,48.0
883728,49.0
883744,36.0
883872,76.0
883888,25.0
883968,49.0
884000,70.0
884032,28.0
884064,53.0
884176,41.0
884208,30.0
884224,41.0
884256,33.0
884272,60.0
884336,21.0
884352,42.0
884480,26.0
884512,48.0
884576,70.0
884656,64.0
884672,83.0
884704,51.0
884720,43.0
884832,36.0
884864,40.0
884896,64.0
884912,36.0
884928,36.0
884960,30.0
885040,33.0
885072,26.0
885088,57.0
885152,55.0
885184,61.0
885264,37.0
885376,88.0
885424,45.0
885472,47.0
885472,38.0
885648,36.0
885664,52.0
885760,53.0
885760,42.0
885776,19.0
885840,41.0
885856,37.0
885888,58.0
885920,64.0
885936,56.0
885968,34.0
886256,21.0
886256,83.0
886256,30.0
886256,31.0
886272,39.0
886304,52.0
886320,24.0
886352,31.0
886432,116.0
886592,21.0
886640,93.0
886704,65.0
886704,51.0
886720,29.0
886736,61.0
886864,32.0
886928,60.0
886976,45.0
886992,46.0
887008,73.0
887088,28.0
887168,29.0
887184,47.0
887216,31.0
887232,60.0
887248,59.0
887280,60.0
887312,38.0
887408,127.0
887408,30.0
887408,34.0
887424,52.0
887488,47.0
887504,31.0
887680,43.0
887808,40.0
887808,25.0
887808,52.0
887808,37.0
887824,37.0
887824,26.0
887904,39.0
887920,32.0
887952,48.0
887968,55.0
887968,45.0
888160,41.0
888192,55.0
888192,24.0
888320,40.0
888384,29.0
888448,64.0
888480,62.0
888592,49.0
888608,44.0
888624,41.0
888624,41.0
888656,52.0
888688,33.0
888688,54.0
888720,48.0
888752,35.0
888784,61.0
888912,29.0
888928,46.0
889040,77.0
889088,44.0
889104,32.0
889120,40.0
889168,32.0
889184,36.0
889264,40.0
889264,34.0
889264,59.0
889296,38.0
889344,26.0
889360,28.0
889408,39.0
889424,46.0
889440,43.0
889520,26.0
889648,35.0
889664,31.0
889792,73.0
889824,25.0
889888,44.0
889984,39.0
889984,54.0
890016,23.0
890048,49.0
890080,42.0
890096,52.0
890144,50.0
890192,72.0
890208,48.0
890256,37.0
890320,66.0
890416,70.0
890432,40.0
890576,47.0
890576,37.0
890624,33.0
890672,49.0
890688,38.0
890688,40.0
890752,27.0
890816,52.0
891008,54.0
891040,95.0
891056,65.0
891152,45.0
891184,61.0
891184,35.0
891216,29.0
891232,41.0
891312,70.0
891440,74.0
891488,51.0
891536,53.0
891536,33.0
891568,62.0
891664,39.0
891664,30.0
891712,35.0
891712,41.0
891792,69.0
891808,87.0
891824,32.0
891952,46.0
892080,32.0
892192,30.0
892224,35.0
892224,65.0
892224,25.0
892272,29.0
892272,91.0
892288,66.0
892336,56.0
892448,57.0
892496,49.0
892528,62.0
892560,67.0
892608,33.0
892656,54.0
892688,64.0
892896,42.0
892928,41.0
893056,54.0
893088,71.0
893104,28.0
893136,57.0
893248,12.0
893248,64.0
893264,62.0
893360,27.0
893408,45.0
893408,50.0
893408,67.0
893440,62.0
893488,25.0
893696,75.0
893728,29.0
893792,24.0
893840,59.0
893840,44.0
893840,97.0
893872,82.0
893920,30.0
894000,37.0
894032,94.0
894064,51.0
894208,26.0
894256,63.0
894288,58.0
894384,29.0
894400,35.0
894400,23.0
894432,59.0
894496,39.0
894496,48.0
894576,55.0
894672,52.0
894672,79.0
894816,107.0
894864,50.0
894944,34.0
894944,69.0
894960,47.0
895056,42.0
895104,69.0
895104,38.0
895152,45.0
895168,48.0
895216,45.0
895264,63.0
895472,50.0
895488,51.0
895504,34.0
895520,36.0
895536,37.0
895552,46.0
895600,34.0
895616,22.0
895664,50.0
895744,40.0
895744,91.0
895888,49.0
895904,43.0
895920,48.0
895984,23.0
895984,88.0
896224,43.0
896240,31.0
896256,41.0
896336,22.0
896400,56.0
896416,32.0
896416,54.0
896416,59.0
896496,32.0
896528,38.0
896560,56.0
896784,81.0
896784,65.0
896800,34.0
896848,28.0
896864,61.0
896880,85.0
896944,24.0
897040,34.0
897184,41.0
897232,51.0
897264,20.0
897280,66.0
897312,56.0
897312,61.0
897376,37.0
897392,37.0
897408,39.0
897424,63.0
897472,77.0
897568,44.0
897648,48.0
897664,39.0
897776,37.0
897824,166.0
897856,28.0
897888,38.0
898016,34.0
898128,44.0
898160,37.0
898224,52.0
898304,26.0
898320,63.0
898416,65.0
898432,41.0
898432,75.0
898432,36.0
898480,102.0
898496,21.0
898496,53.0
898528,54.0
898624,38.0
898656,87.0
898736,89.0
898752,20.0
898816,25.0
898880,22.0
899008,43.0
899024,50.0
899024,37.0
899040,34.0
899088,60.0
899184,85.0
899200,34.0
899280,41.0
899296,34.0
899392,60.0
899472,24.0
899520,44.0
899568,52.0
899696,51.0
899712,33.0
899712,76.0
899712,88.0
899776,81.0
899840,28.0
899904,55.0
899920,40.0
899920,55.0
899968,25.0
900048,64.0
900080,49.0
900112,25.0
900144,39.0
900288,68.0
900304,29.0
900336,39.0
900368,37.0
900400,30.0
900416,31.0
900480,36.0
900496,28.0
900560,54.0
900688,105.0
900752,80.0
900768,41.0
900832,27.0
900864,31.0
900944,77.0
900960,62.0
901008,44.0
901024,59.0
901024,46.0
901072,37.0
901104,60.0
901136,36.0
901232,23.0
901248,30.0
901248,47.0
901280,37.0
901408,67.0
901424,25.0
901504,68.0
901520,32.0
901664,35.0
901680,46.0
901808,66.0
901808,61.0
901888,40.0
901920,49.0
902000,45.0
902064,51.0
902128,45.0
902128,66.0
902128,56.0
902240,27.0
902304,31.0
902304,40.0
902400,56.0
902480,50.0
902624,75.0
902656,71.0
902688,35.0
902720,106.0
902784,30.0
902848,58.0
902864,119.0
902896,56.0
902928,65.0
902944,34.0
902992,58.0
903040,57.0
903056,27.0
903088,53.0
903120,29.0
903328,38.0
903344,54.0
903456,83.0
903488,74.0
903536,47.0
903584,45.0
903632,36.0
903648,44.0
903664,34.0
903696,53.0
903696,48.0
903712,11.0
903728,52.0
903824,23.0
904016,58.0
904096,32.0
904096,38.0
904192,33.0
904192,72.0
904272,59.0
904304,38.0
904320,102.0
904384,47.0
904416,67.0
904464,46.0
904656,29.0
904656,24.0
904704,24.0
904768,24.0
904832,115.0
904832,46.0
904896,67.0
904896,78.0
904928,57.0
904976,79.0
905024,23.0
905040,21.0
905088,62.0
905136,90.0
905168,54.0
905440,29.0
905456,65.0
905472,40.0
905504,36.0
905520,43.0
905536,48.0
905632,46.0
905728,43.0
905776,40.0
905808,40.0
905856,48.0
906016,97.0
906048,87.0
906048,72.0
906080,40.0
906112,38.0
906128,25.0
906224,75.0
906256,30.0
906272,50.0
906304,49.0
906336,134.0
906400,24.0
906464,58.0
906480,16.0
906576,59.0
906592,49.0
906592,34.0
906672,76.0
906672,26.0
906704,25.0
906832,27.0
906896,49.0
906944,51.0
907056,30.0
907088,65.0
907104,39.0
907136,34.0
907136,29.0
907152,55.0
907152,28.0
907184,45.0
907200,38.0
907216,55.0
907216,85.0
907520,53.0
907552,26.0
907568,26.0
907600,44.0
907632,43.0
907728,37.0
907744,35.0
907744,104.0
907808,45.0
907840,63.0
907872,51.0
907888,42.0
907984,29.0
908016,57.0
908032,51.0
908048,28.0
908112,34.0
908144,32.0
908224,21.0
908288,28.0
908320,48.0
908368,24.0
908448,25.0
908464,82.0
908544,51.0
908576,44.0
908608,36.0
908688,55.0
908752,29.0
908768,64.0
908768,39.0
908832,102.0
908960,53.0
909040,22.0
909088,67.0
909120,34.0
909152,58.0
909168,45.0
909232,54.0
909280,42.0
909408,68.0
909408,54.0
909440,42.0
909440,106.0
909472,32.0
909664,27.0
909664,34.0
909744,57.0
909744,41.0
909760,37.0
909776,64.0
909776,39.0
909904,71.0
909952,32.0
909952,57.0
909968,35.0
909984,36.0
910016,34.0
910080,40.0
910192,26.0
910336,37.0
910368,44.0
910400,39.0
910480,126.0
910480,32.0
910512,20.0
910512,77.0
910576,52.0
910624,45.0
910672,43.0
910752,62.0
910752,42.0
910768,47.0
910784,52.0
910800,71.0
910832,29.0
910960,39.0
911040,26.0
911056,69.0
911072,35.0
911152,36.0
911168,25.0
911328,34.0
911408,63.0
911424,23.0
911440,58.0
911456,39.0
911472,45.0
911504,21.0
911504,44.0
911568,56.0
911648,56.0
911760,80.0
911808,83.0
911856,28.0
911856,56.0
911888,24.0
911888,51.0
911952,57.0
911984,52.0
912000,31.0
912000,22.0
912048,38.0
912048,37.0
912096,39.0
912208,22.0
912272,24.0
912352,31.0
912368,59.0
912384,27.0
912384,24.0
912432,42.0
912528,60.0
912592,49.0
912608,80.0
912624,46.0
912704,27.0
912768,49.0
912848,47.0
912896,43.0
912912,34.0
912992,59.0
913088,41.0
913104,66.0
913120,22.0
913152,72.0
913280,36.0
913456,53.0
913536,63.0
913552,58.0
913648,79.0
913744,39.0
913760,57.0
913776,39.0
913792,32.0
913824,46.0
913856,54.0
913856,94.0
913888,62.0
914064,92.0
914080,33.0
914096,74.0
914144,24.0
914160,111.0
914176,20.0
914240,49.0
914304,41.0
914352,33.0
914432,56.0
914448,44.0
914512,39.0
914528,47.0
914528,42.0
914656,35.0
914800,63.0
914816,40.0
914880,50.0
914912,48.0
914928,48.0
914944,115.0
914960,56.0
914960,41.0
915024,49.0
915152,39.0
915216,44.0
915248,27.0
915248,28.0
915280,25.0
915296,48.0
915408,30.0
915424,29.0
915472,64.0
915568,57.0
915568,41.0
915664,44.0
915696,28.0
915744,37.0
915792,90.0
915824,38.0
915888,91.0
915888,54.0
916032,46.0
916032,29.0
916112,54.0
916128,44.0
916240,60.0
916272,24.0
916272,44.0
916352,59.0
916384,57.0
916416,42.0
916416,47.0
916464,42.0
916464,27.0
916464,12.0
916672,25.0
916672,53.0
916704,37.0
916720,52.0
916736,22.0
916752,45.0
916800,24.0
916848,45.0
916864,120.0
916992,36.0
917008,21.0
917024,83.0
917120,41.0
917152,50.0
917232,23.0
917360,43.0
917360,41.0
917392,58.0
917440,37.0
917472,45.0
917632,52.0
917648,74.0
917712,43.0
917728,38.0
917808,68.0
917808,98.0
917888,72.0
917920,35.0
917936,59.0
917936,36.0
917968,51.0
918032,37.0
918064,42.0
918144,14.0
918320,42.0
918336,54.0
918416,30.0
918496,29.0
918512,55.0
918512,50.0
918544,82.0
918560,47.0
918576,43.0
918608,42.0
918688,39.0
918736,12.0
918752,64.0
918752,49.0
918800,24.0
918864,33.0
919024,33.0
919088,130.0
919104,81.0
919200,37.0
919216,30.0
919216,56.0
919232,34.0
919232,42.0
919248,42.0
919312,73.0
919312,28.0
919392,55.0
919552,29.0
919568,48.0
919584,23.0
919584,52.0
919616,23.0
919680,36.0
919696,30.0
919760,63.0
919760,78.0
919920,38.0
919936,44.0
919952,25.0
920032,52.0
920048,29.0
920144,24.0
920208,28.0
920304,43.0
920304,39.0
920416,29.0
920432,65.0
920464,34.0
920560,61.0
920576,33.0
920592,28.0
920656,60.0
920720,88.0
920736,73.0
920752,28.0
920752,34.0
920832,25.0
921040,28.0
921040,63.0
921056,70.0
921120,44.0
921120,118.0
921232,58.0
921328,37.0
921424,37.0
921424,42.0
921440,24.0
921520,25.0
921520,66.0
921632,32.0
921664,27.0
921696,61.0
921696,65.0
921712,71.0
921888,83.0
921904,180.0
922080,65.0
922080,26.0
922080,40.0
922080,41.0
922112,49.0
922112,85.0
922144,45.0
922176,41.0
922208,36.0
922288,48.0
922528,22.0
922624,34.0
922640,47.0
922640,33.0
922688,25.0
922720,38.0
922752,34.0
922864,72.0
922896,51.0
922928,53.0
922944,65.0
922960,55.0
922992,122.0
923072,86.0
923264,98.0
923344,39.0
923344,44.0
923376,43.0
923376,77.0
923376,30.0
923600,60.0
923632,55.0
923648,44.0
923664,50.0
923664,25.0
923776,53.0
923824,47.0
923840,55.0
923872,33.0
923904,86.0
923920,34.0
923968,84.0
924000,39.0
924160,35.0
924240,54.0
924256,79.0
924256,27.0
924288,28.0
924384,45.0
924416,26.0
924448,34.0
924512,53.0
924528,74.0
924528,41.0
924544,39.0
924576,58.0
924768,30.0
924864,44.0
924896,40.0
924912,80.0
925008,39.0
925024,30.0
925040,79.0
925120,37.0
925136,55.0
925152,46.0
925184,59.0
925200,21.0
925440,62.0
925456,59.0
925488,60.0
925536,22.0
925552,34.0
925568,34.0
925616,65.0
925744,37.0
925744,53.0
925872,46.0
925952,124.0
925984,54.0
926032,31.0
926048,63.0
926080,40.0
926128,58.0
926224,42.0
926272,85.0
926304,35.0
926304,46.0
926384,32.0
926512,48.0
926528,57.0
926608,33.0
926672,43.0
926720,42.0
926720,122.0
926752,28.0
926800,26.0
926816,43.0
926992,65.0
927008,95.0
927008,25.0
927024,62.0
927152,58.0
927184,108.0
927200,58.0
927216,57.0
927344,52.0
927376,36.0
927392,45.0
927456,40.0
927472,47.0
927520,48.0
927552,52.0
927568,65.0
927584,36.0
927664,40.0
927712,32.0
927792,38.0
927792,36.0
927824,52.0
927936,49.0
927984,61.0
928064,25.0
928064,43.0
928112,34.0
928208,41.0
928224,55.0
928224,44.0
928272,35.0
928352,26.0
928400,51.0
928400,26.0
928448,61.0
928464,25.0
928480,68.0
928576,70.0
928576,29.0
928592,50.0
928672,38.0
928784,21.0
928832,38.0
928880,66.0
928896,42.0
929008,76.0
929040,29.0
929184,45.0
929216,51.0
929232,55.0
929248,65.0
929360,43.0
929392,57.0
929408,71.0
929424,37.0
929456,54.0
929664,55.0
929728,43.0
929760,54.0
929776,48.0
929792,25.0
929792,38.0
929808,24.0
929808,77.0
929824,59.0
929872,39.0
930000,34.0
930016,49.0
930016,50.0
930112,107.0
930208,25.0
930224,26.0
930304,34.0
930320,57.0
930336,61.0
930336,29.0
930336,35.0
930352,35.0
930400,12.0
930432,27.0
930464,40.0
930464,28.0
930528,50.0
930688,23.0
930736,24.0
930768,41.0
930784,35.0
930816,30.0
930864,67.0
931024,43.0
931040,46.0
931152,93.0
931264,50.0
931280,55.0
931312,55.0
931312,39.0
931536,50.0
931536,63.0
931552,32.0
931568,47.0
931568,77.0
931680,25.0
931840,51.0
931840,86.0
931856,115.0
932016,72.0
932064,24.0
932096,35.0
932144,55.0
932240,91.0
932256,93.0
932304,48.0
932336,74.0
932480,57.0
932592,36.0
932656,84.0
932656,37.0
932800,93.0
932832,80.0
932848,62.0
932944,40.0
933008,47.0
933072,37.0
933104,54.0
933120,61.0
933168,83.0
933184,101.0
933280,43.0
933280,39.0
933312,41.0
933408,36.0
933408,67.0
933424,22.0
933520,36.0
933568,92.0
933680,36.0
933696,36.0
933760,120.0
933776,48.0
933888,68.0
933904,46.0
933920,40.0
933952,33.0
933984,36.0
934112,37.0
934144,36.0
934208,16.0
934288,55.0
934304,34.0
934384,29.0
934400,70.0
934448,15.0
934480,81.0
934480,44.0
934496,74.0
934496,38.0
934688,63.0
934752,53.0
934816,123.0
934832,24.0
934832,33.0
934848,23.0
934880,46.0
934896,31.0
934896,26.0
935008,56.0
935008,39.0
935056,23.0
935216,58.0
935280,81.0
935328,32.0
935328,52.0
935392,106.0
935392,40.0
935408,32.0
935424,36.0
935424,37.0
935456,36.0
935520,15.0
935568,35.0
935584,33.0
935600,13.0
935856,85.0
935872,61.0
935888,66.0
935904,30.0
935984,41.0
936080,42.0
936256,58.0
936304,46.0
936320,50.0
936368,48.0
936480,66.0
936480,92.0
936544,43.0
936544,35.0
936544,83.0
936720,53.0
936720,11.0
936736,84.0
936784,56.0
936816,85.0
936816,77.0
936896,62.0
936912,38.0
936992,46.0
937008,33.0
937088,45.0
937152,38.0
937168,68.0
937216,31.0
937248,33.0
937248,58.0
937264,45.0
937344,33.0
937392,15.0
937424,40.0
937440,34.0
937440,60.0
937616,25.0
937632,40.0
937680,42.0
937680,27.0
937680,27.0
937712,34.0
937728,57.0
937744,41.0
937760,20.0
937824,68.0
937920,30.0
938016,12.0
938016,42.0
938064,21.0
938112,27.0
938160,33.0
938224,34.0
938288,54.0
938336,67.0
938416,46.0
938448,66.0
938544,33.0
938592,36.0
938640,56.0
938672,110.0
938688,36.0
938736,25.0
938768,44.0
938800,65.0
938816,69.0
938864,78.0
938864,28.0
938880,60.0
939104,23.0
939216,42.0
939232,49.0
939248,60.0
939248,24.0
939264,37.0
939296,41.0
939312,31.0
939312,45.0
939312,39.0
939328,33.0
939408,74.0
939440,42.0
939584,21.0
939664,35.0
939712,24.0
939744,55.0
939840,37.0
939856,106.0
939872,38.0
939920,43.0
940016,38.0
940080,54.0
940096,27.0
940112,42.0
940112,33.0
940176,21.0
940224,58.0
940304,62.0
940304,89.0
940432,70.0
940448,44.0
940544,27.0
940656,27.0
940688,86.0
940704,53.0
940720,63.0
940720,39.0
940736,45.0
940784,57.0
940800,23.0
940832,45.0
940880,50.0
941104,25.0
941152,53.0
941248,59.0
941248,32.0
941264,27.0
941360,74.0
941376,37.0
941424,55.0
941440,40.0
941488,50.0
941648,75.0
941664,25.0
941664,59.0
941680,110.0
941712,29.0
941760,55.0
941792,71.0
941840,22.0
941904,41.0
941936,36.0
942032,58.0
942192,33.0
942208,66.0
942208,49.0
942368,62.0
942400,46.0
942400,47.0
942416,39.0
942464,49.0
942480,110.0
942496,35.0
942576,51.0
942592,55.0
942608,15.0
942672,17.0
942800,37.0
942816,61.0
942848,28.0
942864,42.0
942960,66.0
943152,41.0
943168,60.0
943184,45.0
943200,45.0
943216,25.0
943232,112.0
943248,42.0
943360,59.0
943456,53.0
943616,64.0
943648,25.0
943664,62.0
943680,30.0
943712,30.0
943728,23.0
943744,56.0
943744,107.0
943792,62.0
943840,55.0
943920,44.0
943952,49.0
944000,71.0
944064,20.0
944080,21.0
944096,23.0
944224,35.0
944288,31.0
944400,35.0
944416,29.0
944448,46.0
944512,28.0
944576,60.0
944608,33.0
944720,98.0
944736,68.0
944768,99.0
944768,48.0
944784,35.0
944816,45.0
944848,73.0
944976,33.0
945008,37.0
945024,98.0
945040,47.0
945072,35.0
945248,53.0
945392,23.0
945440,54.0
945440,42.0
945584,53.0
945680,52.0
945712,46.0
945712,40.0
945712,112.0
945776,63.0
945776,21.0
945856,67.0
945856,53.0
945968,85.0
946000,60.0
946064,51.0
946112,81.0
946128,26.0
946160,45.0
946176,49.0
946224,32.0
946224,23.0
946256,30.0
946336,101.0
946352,24.0
946448,54.0
946544,18.0
946704,58.0
946736,46.0
946768,38.0
946800,39.0
946832,70.0
946848,39.0
946928,50.0
946928,44.0
946944,55.0
946992,71.0
947008,56.0
947040,31.0
947136,25.0
947152,51.0
947312,23.0
947360,63.0
947408,35.0
947488,49.0
947520,24.0
947568,50.0
947600,72.0
947616,51.0
947632,44.0
947664,41.0
947696,54.0
947840,30.0
947888,60.0
947920,38.0
947968,51.0
947984,59.0
948000,27.0
948000,145.0
948144,32.0
948176,74.0
948288,50.0
948400,46.0
948416,50.0
948608,39.0
948704,54.0
948752,84.0
948800,57.0
948832,54.0
948848,78.0
948880,44.0
948992,53.0
949024,83.0
949056,28.0
949088,42.0
949248,31.0
949264,61.0
949296,81.0
949408,22.0
949440,35.0
949472,122.0
949552,72.0
949600,48.0
949616,39.0
949632,34.0
949680,105.0
949696,111.0
949728,55.0
949744,65.0
949920,42.0
949936,71.0
949936,24.0
949952,58.0
949968,31.0
950016,25.0
950016,36.0
950144,26.0
950144,29.0
950256,62.0
950320,43.0
950384,28.0
950384,43.0
950400,41.0
950464,73.0
950464,33.0
950512,69.0
950608,63.0
950800,53.0
950848,44.0
950848,44.0
950896,32.0
950944,21.0
950960,36.0
951024,44.0
951040,64.0
951104,74.0
951136,46.0
951184,45.0
951328,85.0
951344,24.0
951344,34.0
951360,26.0
951360,53.0
951376,70.0
951408,24.0
951408,59.0
951568,45.0
951616,27.0
951680,104.0
951712,51.0
951760,26.0
951856,31.0
951904,33.0
952000,56.0
952016,38.0
952032,44.0
952080,65.0
952144,63.0
952208,85.0
952256,40.0
952288,59.0
952320,29.0
952368,50.0
952384,30.0
952416,66.0
952576,36.0
952592,52.0
952624,57.0
952688,80.0
952800,14.0
952800,45.0
952800,70.0
952832,26.0
952864,36.0
952880,46.0
952944,39.0
953056,53.0
953088,52.0
953104,67.0
953200,51.0
953376,47.0
953456,37.0
953488,50.0
953504,28.0
953568,39.0
953584,49.0
953584,47.0
953600,45.0
953664,103.0
953664,81.0
953760,73.0
953776,36.0
953984,56.0
954032,23.0
954064,38.0
954144,40.0
954208,38.0
954240,42.0
954240,90.0
954288,74.0
954304,51.0
954368,49.0
954384,39.0
954432,41.0
954496,27.0
954560,33.0
954592,112.0
954656,26.0
954688,30.0
954704,65.0
954896,95.0
954928,84.0
955008,64.0
955104,34.0
955120,52.0
955168,32.0
955216,57.0
955248,63.0
955264,35.0
955280,57.0
955456,35.0
955472,49.0
955488,30.0
955504,63.0
955504,70.0
955536,27.0
955568,40.0
955600,91.0
955632,65.0
955712,80.0
955712,29.0
955840,39.0
955968,25.0
955968,43.0
956000,23.0
956048,55.0
956112,25.0
956128,39.0
956144,42.0
956240,46.0
956336,50.0
956384,70.0
956432,59.0
956448,83.0
956448,28.0
956480,48.0
956496,56.0
956544,27.0
956656,33.0
956672,52.0
956688,45.0
956704,46.0
956816,42.0
956832,49.0
956864,39.0
957024,36.0
957184,40.0
957216,55.0
957248,27.0
957280,49.0
957392,121.0
957408,36.0
957440,63.0
957456,47.0
957472,68.0
957488,39.0
957504,53.0
957520,15.0
957536,53.0
957616,73.0
957792,48.0
957872,75.0
957888,88.0
957920,42.0
957920,28.0
957936,30.0
958000,35.0
958064,34.0
958080,42.0
958192,61.0
958320,24.0
958384,24.0
958416,58.0
958416,50.0
958544,22.0
958672,80.0
958704,75.0
958720,41.0
958800,101.0
958816,56.0
958832,28.0
958848,27.0
958896,36.0
959008,13.0
959040,72.0
959072,62.0
959072,96.0
959088,73.0
959104,35.0
959120,14.0
959168,31.0
959200,83.0
959232,90.0
959376,42.0
959408,43.0
959600,37.0
959648,35.0
959696,20.0
959728,82.0
959744,34.0
959760,43.0
959776,58.0
959840,46.0
959904,46.0
959904,68.0
959920,55.0
959936,69.0
960048,58.0
960080,53.0
960144,24.0
960208,50.0
960256,41.0
960304,36.0
960336,31.0
960336,79.0
960368,27.0
960512,48.0
960592,56.0
960608,52.0
960656,38.0
960704,66.0
960912,63.0
960960,41.0
960976,48.0
961056,71.0
961072,58.0
961104,48.0
961120,49.0
961136,27.0
961168,57.0
961200,52.0
961200,38.0
961216,82.0
961248,73.0
961344,52.0
961392,27.0
961424,48.0
961584,33.0
961616,40.0
961648,46.0
961648,28.0
961664,31.0
961680,35.0
961712,38.0
961808,42.0
961824,27.0
961840,77.0
961872,39.0
961904,44.0
961984,21.0
962112,28.0
962160,68.0
962176,29.0
962192,48.0
962208,54.0
962224,36.0
962240,39.0
962256,42.0
962256,36.0
962464,41.0
962496,41.0
962512,81.0
962528,44.0
962656,30.0
962672,43.0
962720,38.0
962720,35.0
962800,36.0
962880,43.0
962944,43.0
962944,67.0
962992,68.0
963072,34.0
963136,29.0
963152,59.0
963152,43.0
963232,62.0
963232,61.0
963280,48.0
963344,39.0
963344,43.0
963424,39.0
963424,58.0
963424,27.0
963504,35.0
963600,41.0
963632,25.0
963648,36.0
963712,62.0
963776,40.0
963904,64.0
963920,40.0
963984,40.0
964016,42.0
964112,43.0
964128,44.0
964128,56.0
964208,27.0
964288,49.0
964320,25.0
964352,44.0
964384,42.0
964416,32.0
964464,82.0
964528,56.0
964544,87.0
964592,62.0
964592,29.0
964592,73.0
964656,34.0
964672,24.0
964704,43.0
964880,31.0
964896,27.0
965056,24.0
965088,46.0
965104,25.0
965136,63.0
965184,37.0
965216,39.0
965248,45.0
965280,60.0
965344,85.0
965376,52.0
965408,47.0
965520,58.0
965552,84.0
965600,24.0
965616,45.0
965664,38.0
965664,78.0
965760,22.0
965872,39.0
965888,34.0
965888,50.0
965904,39.0
965904,64.0
965936,47.0
965952,27.0
966048,59.0
966192,33.0
966256,23.0
966272,32.0
966288,24.0
966304,27.0
966336,45.0
966384,52.0
966432,66.0
966544,31.0
966576,90.0
966720,33.0
966720,49.0
966736,28.0
966736,53.0
966784,74.0
966800,31.0
966928,79.0
966960,24.0
966992,41.0
967008,36.0
967040,49.0
967152,78.0
967168,28.0
967184,57.0
967376,52.0
967392,38.0
967408,42.0
967424,29.0
967456,29.0
967472,42.0
967520,71.0
967536,99.0
967584,41.0
967696,34.0
967712,62.0
967792,66.0
967872,54.0
967872,31.0
967936,26.0
967952,48.0
968016,20.0
968064,56.0
968080,39.0
968240,52.0
968240,53.0
968256,45.0
968256,34.0
968400,51.0
968400,28.0
968416,39.0
968464,25.0
968480,66.0
968496,39.0
968688,38.0
968704,52.0
968752,32.0
968800,110.0
968800,83.0
968800,49.0
968960,44.0
968992,66.0
969056,36.0
969088,53.0
969184,48.0
969216,26.0
969232,61.0
969296,19.0
969312,53.0
969360,38.0
969376,61.0
969392,56.0
969424,39.0
969440,47.0
969520,51.0
969552,31.0
969616,76.0
969648,35.0
969664,44.0
969760,33.0
969792,62.0
969968,38.0
969984,35.0
970016,25.0
970032,45.0
970080,44.0
970112,45.0
970160,61.0
970160,40.0
970160,25.0
970192,56.0
970240,50.0
970272,45.0
970336,23.0
970368,44.0
970384,23.0
970400,38.0
970400,74.0
970432,28.0
970608,33.0
970672,32.0
970704,27.0
970768,41.0
970800,40.0
970848,41.0
970896,31.0
970896,46.0
971008,61.0
971072,89.0
971136,33.0
971168,52.0
971168,46.0
971168,31.0
971184,50.0
971232,54.0
971264,35.0
971280,55.0
971424,26.0
971616,28.0
971632,46.0
971648,55.0
971664,33.0
971680,28.0
971792,23.0
971792,56.0
971840,62.0
971840,35.0
971856,49.0
971904,40.0
971984,51.0
972048,78.0
972128,118.0
972160,62.0
972240,66.0
972256,29.0
972272,41.0
972272,30.0
972448,38.0
972512,52.0
972528,54.0
972656,51.0
972688,35.0
972704,53.0
972768,71.0
972768,45.0
972848,36.0
972896,46.0
972912,40.0
973104,28.0
973104,54.0
973120,38.0
973152,78.0
973232,49.0
973232,29.0
973264,101.0
973264,31.0
973280,81.0
973296,38.0
973344,68.0
973504,50.0
973552,44.0
973632,25.0
973632,69.0
973680,36.0
973824,37.0
973840,45.0
973872,61.0
973872,60.0
973904,39.0
974016,54.0
974064,50.0
974256,39.0
974272,63.0
974336,49.0
974336,29.0
974368,64.0
974416,49.0
974512,52.0
974528,44.0
974608,69.0
974608,94.0
974624,49.0
974624,83.0
974640,48.0
974704,40.0
974704,43.0
974880,38.0
974912,34.0
974944,43.0
974976,67.0
975008,25.0
975008,42.0
975088,30.0
975184,48.0
975216,19.0
975328,44.0
975360,52.0
975392,66.0
975424,13.0
975424,21.0
975488,54.0
975520,32.0
975536,37.0
975552,42.0
975568,37.0
975680,61.0
975680,65.0
975744,14.0
975744,65.0
975824,27.0
975824,31.0
975984,35.0
976048,32.0
976080,37.0
976096,99.0
976112,43.0
976128,48.0
976144,37.0
976160,30.0
976256,32.0
976352,49.0
976464,91.0
976464,49.0
976496,28.0
976496,15.0
976592,88.0
976608,49.0
976720,46.0
976736,41.0
976752,39.0
976752,58.0
976784,65.0
976800,44.0
976832,43.0
976976,54.0
976976,51.0
977056,28.0
977152,43.0
977152,43.0
977216,39.0
977312,37.0
977376,37.0
977424,39.0
977424,58.0
977520,19.0
977536,74.0
977552,50.0
977568,37.0
977616,35.0
977696,54.0
977792,26.0
977840,43.0
977856,27.0
977888,72.0
977888,57.0
977920,73.0
977984,29.0
978000,27.0
978128,27.0
978128,36.0
978272,60.0
978288,71.0
978320,25.0
978368,59.0
978416,36.0
978432,34.0
978480,22.0
978608,39.0
978608,132.0
978624,48.0
978640,69.0
978640,23.0
978656,54.0
978688,67.0
978720,45.0
978800,57.0
978880,25.0
978944,36.0
978960,33.0
978992,42.0
979024,46.0
979040,39.0
979152,29.0
979200,35.0
979232,69.0
979312,42.0
979440,49.0
979488,38.0
979520,31.0
979520,57.0
979600,38.0
979632,25.0
979744,64.0
979824,54.0
979856,57.0
979872,78.0
979952,84.0
980032,55.0
980096,49.0
980112,57.0
980128,38.0
980160,42.0
980336,51.0
980400,34.0
980432,52.0
980432,102.0
980528,44.0
980560,58.0
980560,51.0
980576,39.0
980640,15.0
980656,35.0
980672,35.0
980720,105.0
980720,43.0
980768,56.0
980864,18.0
980960,39.0
981136,26.0
981136,38.0
981152,24.0
981184,66.0
981232,36.0
981232,67.0
981264,44.0
981296,54.0
981312,47.0
981360,43.0
981408,28.0
981456,37.0
981488,19.0
981536,56.0
981616,24.0
981696,141.0
981776,34.0
981808,41.0
981824,69.0
981856,89.0
981904,31.0
981952,40.0
981952,41.0
981952,51.0
981968,44.0
982096,38.0
982208,53.0
982224,25.0
982336,45.0
982368,37.0
982416,32.0
982416,60.0
982544,43.0
982560,29.0
982640,42.0
982672,54.0
982688,46.0
982704,47.0
982736,25.0
982752,101.0
982800,79.0
982880,58.0
982928,45.0
983008,23.0
983072,44.0
983088,42.0
983152,28.0
983168,38.0
983280,54.0
983328,49.0
983360,39.0
983488,50.0
983520,114.0
983552,39.0
983600,53.0
983600,45.0
983648,40.0
983664,90.0
983776,28.0
983808,40.0
983808,71.0
983856,49.0
983920,25.0
983984,74.0
984000,40.0
984016,54.0
984048,60.0
984096,34.0
984128,29.0
984160,42.0
984192,34.0
984192,37.0
984320,65.0
984320,32.0
984368,48.0
984464,21.0
984528,38.0
984528,33.0
984592,31.0
984608,47.0
984672,30.0
984672,39.0
984768,38.0
984816,63.0
984832,66.0
984848,52.0
984960,40.0
985008,25.0
985024,44.0
985072,68.0
985152,43.0
985184,37.0
985232,44.0
985328,41.0
985360,32.0
985408,24.0
985424,41.0
985488,60.0
985520,44.0
985616,41.0
985616,89.0
985616,29.0
985648,40.0
985744,86.0
985904,67.0
985904,26.0
985920,32.0
986016,84.0
986048,45.0
986048,39.0
986048,54.0
986128,56.0
986256,46.0
986272,39.0
986272,23.0
986304,59.0
986336,27.0
986496,47.0
986512,29.0
986544,58.0
986656,38.0
986704,49.0
986704,36.0
986720,26.0
986848,32.0
986912,115.0
986960,28.0
986992,86.0
987056,49.0
987056,49.0
987072,36.0
987104,53.0
987184,71.0
987200,99.0
987360,84.0
987408,21.0
987424,45.0
987504,60.0
987504,28.0
987568,54.0
987616,32.0
987648,62.0
987680,52.0
987808,51.0
987872,12.0
987904,25.0
987968,49.0
987968,57.0
987984,49.0
988080,73.0
988096,37.0
988096,46.0
988304,84.0
988304,31.0
988320,56.0
988320,42.0
988400,62.0
988512,26.0
988528,60.0
988576,116.0
988688,38.0
988688,45.0
988720,53.0
988752,41.0
988816,26.0
988816,75.0
988848,54.0
989040,45.0
989136,77.0
989152,53.0
989152,27.0
989216,44.0
989280,29.0
989296,38.0
989296,45.0
989328,50.0
989328,85.0
989376,67.0
989440,70.0
989440,37.0
989680,40.0
989680,62.0
989680,34.0
989712,27.0
989760,27.0
989856,35.0
989936,45.0
990016,36.0
990048,47.0
990096,26.0
990096,84.0
990096,59.0
990176,64.0
990240,35.0
990304,54.0
990320,94.0
990368,43.0
990368,27.0
990432,26.0
990432,45.0
990464,71.0
990528,27.0
990544,43.0
990544,73.0
990576,51.0
990640,29.0
990720,42.0
990752,41.0
990800,35.0
990944,53.0
990944,39.0
990992,39.0
991040,42.0
991072,38.0
991072,48.0
991120,43.0
991136,38.0
991216,26.0
991216,31.0
991216,40.0
991344,50.0
991376,27.0
991424,22.0
991488,53.0
991504,67.0
991536,20.0
991616,36.0
991616,67.0
991680,46.0
991696,59.0
991744,38.0
991824,52.0
991952,55.0
991968,29.0
992048,42.0
992064,40.0
992096,38.0
992160,59.0
992256,71.0
992272,58.0
992320,69.0
992336,23.0
992352,42.0
992432,51.0
992512,56.0
992512,51.0
992544,45.0
992560,64.0
992640,56.0
992688,46.0
992752,44.0
992848,36.0
992976,51.0
992992,40.0
993008,28.0
993024,60.0
993056,32.0
993056,60.0
993072,46.0
993072,40.0
993168,53.0
993264,32.0
993280,40.0
993408,56.0
993552,54.0
993584,35.0
993616,34.0
993664,41.0
993664,37.0
993680,39.0
993952,43.0
994000,21.0
994016,38.0
994032,30.0
994048,55.0
994064,76.0
994128,53.0
994176,104.0
994240,41.0
994304,40.0
994320,79.0
994352,131.0
994528,97.0
994528,32.0
994544,34.0
994560,59.0
994576,39.0
994672,40.0
994688,39.0
994784,34.0
994800,70.0
994816,114.0
994832,30.0
994848,34.0
994864,20.0
994928,38.0
994944,56.0
994944,24.0
995040,32.0
995088,57.0
995120,62.0
995120,37.0
995248,36.0
995296,28.0
995328,40.0
995360,26.0
995520,25.0
995520,43.0
995552,47.0
995568,62.0
995600,51.0
995616,36.0
995632,48.0
995696,55.0
995728,50.0
995728,40.0
995808,43.0
995872,58.0
995936,24.0
996064,46.0
996080,52.0
996128,38.0
996240,55.0
996240,19.0
996256,41.0
996256,11.0
996336,65.0
996384,54.0
996384,41.0
996400,49.0
996416,45.0
996464,56.0
996560,58.0
996624,35.0
996656,26.0
996656,53.0
996816,68.0
996864,62.0
996880,29.0
996912,32.0
997040,57.0
997056,45.0
997152,56.0
997152,33.0
997200,34.0
997216,52.0
997264,25.0
997312,66.0
997312,58.0
997328,42.0
997440,75.0
997616,36.0
997632,67.0
997680,26.0
997712,52.0
997760,28.0
997776,45.0
997856,44.0
997952,47.0
997968,66.0
997984,73.0
998032,51.0
998080,47.0
998096,59.0
998192,27.0
998304,33.0
998336,117.0
998400,43.0
998416,27.0
998464,72.0
998496,66.0
998528,35.0
998656,65.0
998688,38.0
998752,26.0
998752,41.0
998768,23.0
998800,31.0
998816,60.0
998832,55.0
998880,53.0
998912,26.0
999072,87.0
999088,56.0
999152,43.0
999232,44.0
999232,26.0
999392,40.0
999424,112.0
999440,38.0
999472,44.0
999504,51.0
999520,48.0
999552,40.0
999648,36.0
999664,78.0
999776,61.0
999792,44.0
999904,24.0
999936,66.0
999952,25.0
999984,83.0
1000048,51.0
1000048,39.0
1000112,28.0
1000144,42.0
1000240,68.0
1000256,29.0
1000384,62.0
1000496,62.0
1000560,26.0
1000576,40.0
1000592,13.0
1000624,61.0
1000624,74.0
1000720,38.0
1000736,60.0
1000736,47.0
1000800,98.0
1000880,39.0
1000976,67.0
1001168,28.0
1001200,39.0
1001216,45.0
1001232,27.0
1001232,38.0
1001248,41.0
1001264,76.0
1001264,82.0
1001312,36.0
1001312,67.0
1001312,43.0
1001744,74.0
1001792,109.0
1001856,37.0
1001888,41.0
1001952,45.0
1001984,42.0
1002000,43.0
1002016,53.0
1002048,50.0
1002048,73.0
1002080,54.0
1002208,77.0
1002224,64.0
1002240,31.0
1002256,62.0
1002352,65.0
1002400,38.0
1002432,34.0
1002448,107.0
1002544,43.0
1002576,35.0
1002752,48.0
1002784,52.0
1002816,35.0
1002912,35.0
1002992,37.0
1003008,58.0
1003056,38.0
1003104,42.0
1003120,56.0
1003120,67.0
1003136,58.0
1003264,64.0
1003360,51.0
1003552,46.0
1003584,63.0
1003584,99.0
1003616,52.0
1003648,46.0
1003664,35.0
1003776,49.0
1003888,48.0
1003888,52.0
1003888,55.0
1003984,39.0
1004000,46.0
1004016,23.0
1004032,124.0
1004144,87.0
1004240,70.0
1004272,38.0
1004384,31.0
1004432,53.0
1004480,84.0
1004528,47.0
1004544,41.0
1004576,37.0
1004608,66.0
1004608,62.0
1004768,24.0
1004800,12.0
1004912,56.0
1004928,24.0
1004944,42.0
1004960,58.0
1004992,62.0
1005104,60.0
1005104,39.0
1005120,55.0
1005136,38.0
1005168,80.0
1005216,38.0
1005264,105.0
1005312,22.0
1005360,49.0
1005392,29.0
1005488,36.0
1005552,28.0
1005600,38.0
1005760,40.0
1005808,31.0
1005840,88.0
1005872,67.0
1005872,44.0
1005920,44.0
1005968,44.0
1005968,75.0
1006000,54.0
1006016,41.0
1006064,36.0
1006112,63.0
1006128,23.0
1006224,42.0
1006320,22.0
1006352,27.0
1006544,72.0
1006576,29.0
1006640,32.0
1006656,49.0
1006672,22.0
1006688,109.0
1006704,56.0
1006768,50.0
1006784,59.0
1006864,54.0
1006864,79.0
1006992,70.0
1007024,20.0
1007072,45.0
1007088,64.0
1007152,23.0
1007216,62.0
1007296,38.0
1007376,52.0
1007408,21.0
1007440,42.0
1007488,29.0
1007504,54.0
1007536,34.0
1007552,96.0
1007568,56.0
1007568,57.0
1007632,48.0
1007648,35.0
1007760,56.0
1007808,41.0
1007888,82.0
1007968,47.0
1008064,41.0
1008064,32.0
1008112,42.0
1008224,37.0
1008240,44.0
1008256,28.0
1008256,55.0
1008320,51.0
1008400,47.0
1008416,58.0
1008448,43.0
1008528,40.0
1008528,77.0
1008592,21.0
1008624,66.0
1008656,34.0
1008720,72.0
1008736,42.0
1008896,42.0
1008944,34.0
1009072,22.0
1009168,58.0
1009168,47.0
1009184,58.0
1009200,71.0
1009216,56.0
1009264,81.0
1009296,42.0
1009312,49.0
1009328,27.0
1009392,11.0
1009408,60.0
1009424,48.0
1009440,44.0
1009536,29.0
1009712,34.0
1009808,26.0
1009840,40.0
1009872,36.0
1009888,30.0
1009904,82.0
1009936,47.0
1010000,92.0
1010048,38.0
1010112,73.0
1010144,61.0
1010192,41.0
1010224,50.0
1010288,61.0
1010416,44.0
1010416,32.0
1010432,39.0
1010448,35.0
1010512,20.0
1010528,79.0
1010576,40.0
1010624,36.0
1010672,35.0
1010832,62.0
1010928,44.0
1010944,67.0
1010960,24.0
1010976,61.0
1011008,30.0
1011024,32.0
1011120,112.0
1011136,53.0
1011168,47.0
1011184,65.0
1011184,47.0
1011232,51.0
1011344,42.0
1011424,61.0
1011424,29.0
1011520,25.0
1011584,38.0
1011600,42.0
1011632,39.0
1011712,33.0
1011792,23.0
1011792,41.0
1011888,66.0
1011952,49.0
1012016,19.0
1012048,64.0
1012128,44.0
1012144,60.0
1012192,37.0
1012256,82.0
1012304,42.0
1012368,64.0
1012448,54.0
1012480,33.0
1012528,40.0
1012528,46.0
1012672,90.0
1012720,22.0
1012720,36.0
1012752,46.0
1012800,63.0
1012880,141.0
1013008,44.0
1013072,25.0
1013200,42.0
1013248,70.0
1013280,35.0
1013296,69.0
1013296,48.0
1013408,60.0
1013456,88.0
1013520,79.0
1013584,49.0
1013664,49.0
1013728,78.0
1013744,62.0
1013776,48.0
1013776,33.0
1013808,33.0
1013856,71.0
1013872,42.0
1014048,37.0
1014080,13.0
1014080,49.0
1014144,39.0
1014224,28.0
1014240,41.0
1014256,11.0
1014352,43.0
1014416,38.0
1014448,72.0
1014464,24.0
1014480,185.0
1014544,43.0
1014608,54.0
1014672,59.0
1014848,50.0
1014848,44.0
1014880,41.0
1014880,26.0
1014896,114.0
1014960,32.0
1014960,74.0
1014960,45.0
1015024,101.0
1015072,41.0
1015072,51.0
1015104,31.0
1015232,24.0
1015264,26.0
1015312,60.0
1015344,42.0
1015440,26.0
1015440,30.0
1015456,35.0
1015488,38.0
1015520,40.0
1015648,26.0
1015648,43.0
1015760,80.0
1015808,79.0
1015856,56.0
1015968,32.0
1016000,58.0
1016016,42.0
1016096,52.0
1016128,64.0
1016208,48.0
1016224,49.0
1016256,46.0
1016336,64.0
1016384,39.0
1016416,25.0
1016464,51.0
1016544,36.0
1016592,37.0
1016736,32.0
1016752,69.0
1016800,62.0
1016896,40.0
1016976,48.0
1017008,95.0
1017024,122.0
1017104,63.0
1017152,48.0
1017200,49.0
1017296,44.0
1017328,92.0
1017344,63.0
1017376,40.0
1017440,40.0
1017488,59.0
1017520,48.0
1017552,89.0
1017584,43.0
1017616,40.0
1017712,35.0
1017776,82.0
1017792,49.0
1017792,48.0
1017872,22.0
1017872,31.0
1017920,45.0
1018000,44.0
1018064,45.0
1018304,75.0
1018304,61.0
1018304,37.0
1018480,11.0
1018544,69.0
1018544,62.0
1018560,40.0
1018560,67.0
1018576,44.0
1018592,51.0
1018608,51.0
1018624,52.0
1018624,63.0
1018656,41.0
1018880,51.0
1018912,38.0
1018944,22.0
1019120,35.0
1019136,79.0
1019136,41.0
1019152,38.0
1019200,101.0
1019264,44.0
1019344,43.0
1019456,52.0
1019504,24.0
1019520,36.0
1019536,57.0
1019616,22.0
1019616,46.0
1019680,34.0
1019744,90.0
1019808,56.0
1019920,86.0
1019952,51.0
1020000,50.0
1020000,87.0
1020016,42.0
1020112,37.0
1020112,96.0
1020240,68.0
1020272,41.0
1020288,42.0
1020368,39.0
1020464,58.0
1020480,42.0
1020528,33.0
1020528,53.0
1020544,27.0
1020576,35.0
1020608,43.0
1020608,41.0
1020624,39.0
1020736,80.0
1020864,37.0
1020896,22.0
1020960,53.0
1021008,27.0
1021024,95.0
1021024,41.0
1021072,38.0
1021088,38.0
1021136,53.0
1021168,35.0
1021232,39.0
1021392,41.0
1021456,31.0
1021488,30.0
1021536,57.0
1021536,32.0
1021616,37.0
1021648,35.0
1021680,72.0
1021792,39.0
1021808,57.0
1021808,46.0
1021824,27.0
1021824,43.0
1021936,88.0
1022016,72.0
1022080,27.0
1022144,57.0
1022320,40.0
1022352,46.0
1022416,38.0
1022480,43.0
1022496,30.0
1022544,38.0
1022544,63.0
1022560,67.0
1022624,50.0
1022688,72.0
1022752,42.0
1022784,159.0
1022832,32.0
1022944,71.0
1023040,43.0
1023088,29.0
1023168,107.0
1023184,27.0
1023184,65.0
1023280,37.0
1023328,49.0
1023360,59.0
1023360,55.0
1023376,52.0
1023488,104.0
1023552,12.0
1023600,69.0
1023680,32.0
1023696,54.0
1023760,42.0
1023824,40.0
1023856,67.0
1023856,42.0
1023872,32.0
1023872,34.0
1023920,34.0
1023936,86.0
1024064,49.0
1024080,30.0
1024160,70.0
1024160,30.0
1024256,44.0
1024272,12.0
1024320,52.0
1024400,44.0
1024448,37.0
1024512,40.0
1024560,50.0
1024592,41.0
1024640,36.0
1024672,25.0
1024688,52.0
1024704,34.0
1024704,28.0
1024720,53.0
1024736,112.0
1024864,59.0
1024896,67.0
1024944,49.0
1024944,39.0
1024992,30.0
1025040,19.0
1025120,35.0
1025136,27.0
1025168,36.0
1025216,48.0
1025312,12.0
1025424,49.0
1025488,48.0
1025488,68.0
1025552,53.0
1025616,45.0
1025648,44.0
1025680,51.0
1025680,34.0
1025696,64.0
1025744,33.0
1025776,46.0
1025776,68.0
1025888,59.0
1025952,40.0
1026048,23.0
1026080,68.0
1026080,37.0
1026144,37.0
1026256,30.0
1026272,69.0
1026288,37.0
1026432,30.0
1026464,53.0
1026464,43.0
1026480,50.0
1026560,51.0
1026576,43.0
1026592,73.0
1026624,36.0
1026688,75.0
1026688,38.0
1026736,30.0
1026768,31.0
1026800,72.0
1026800,41.0
1026928,29.0
1027056,48.0
1027152,42.0
1027168,36.0
1027232,38.0
1027328,78.0
1027328,33.0
1027344,57.0
1027440,55.0
1027504,51.0
1027520,49.0
1027520,37.0
1027648,30.0
1027760,60.0
1027872,40.0
1027952,86.0
1027952,39.0
1028000,42.0
1028112,89.0
1028128,85.0
1028176,41.0
1028208,54.0
1028256,24.0
1028320,50.0
1028384,55.0
1028400,60.0
1028464,32.0
1028480,30.0
1028528,129.0
1028608,97.0
1028624,61.0
1028672,26.0
1028704,37.0
1028768,51.0
1028832,39.0
1028848,106.0
1028848,68.0
1028864,34.0
1028880,25.0
1028944,48.0
1029040,36.0
1029152,34.0
1029184,30.0
1029184,21.0
1029216,34.0
1029248,53.0
1029280,56.0
1029328,44.0
1029376,38.0
1029408,12.0
1029440,38.0
1029472,37.0
1029616,68.0
1029616,47.0
1029728,55.0
1029888,46.0
1029904,29.0
1029904,33.0
1029920,46.0
1029920,19.0
1029936,43.0
1029936,29.0
1030000,66.0
1030048,63.0
1030080,50.0
1030096,123.0
1030112,44.0
1030224,65.0
1030352,39.0
1030416,30.0
1030448,70.0
1030496,36.0
1030528,38.0
1030560,41.0
1030560,42.0
1030576,36.0
1030624,63.0
1030640,37.0
1030688,47.0
1030704,13.0
1030720,51.0
1030800,36.0
1030880,48.0
1030880,50.0
1030928,30.0
1030944,53.0
1031104,43.0
1031168,28.0
1031200,20.0
1031216,32.0
1031264,57.0
1031280,45.0
1031312,42.0
1031376,53.0
1031424,50.0
1031440,21.0
1031472,42.0
1031648,30.0
1031648,67.0
1031728,73.0
1031744,23.0
1031808,58.0
1031856,27.0
1031856,41.0
1031856,40.0
1031872,37.0
1031968,64.0
1032000,67.0
1032096,28.0
1032112,29.0
1032144,91.0
1032160,53.0
1032256,33.0
1032336,29.0
1032352,68.0
1032400,41.0
1032448,37.0
1032464,64.0
1032464,38.0
1032592,46.0
1032608,50.0
1032640,31.0
1032656,41.0
1032720,78.0
1032736,40.0
1032736,39.0
1032784,51.0
1032832,36.0
1032864,44.0
1033056,44.0
1033136,43.0
1033168,33.0
1033232,28.0
1033232,31.0
1033264,42.0
1033328,54.0
1033408,43.0
1033600,59.0
1033648,57.0
1033648,49.0
1033648,65.0
1033680,53.0
1033744,32.0
1033760,85.0
1033808,40.0
1033840,44.0
1033872,40.0
1033904,98.0
1033968,40.0
1033984,58.0
1034016,97.0
1034080,21.0
1034096,12.0
1034240,61.0
1034240,37.0
1034288,40.0
1034336,58.0
1034368,25.0
1034384,25.0
1034400,37.0
1034416,20.0
1034448,38.0
1034464,28.0
1034544,54.0
1034736,31.0
1034736,41.0
1034816,66.0
1034880,31.0
1034912,42.0
1034944,25.0
1034992,11.0
1035024,39.0
1035120,92.0
1035184,56.0
1035264,87.0
1035312,54.0
1035328,37.0
1035344,20.0
1035360,110.0
1035456,45.0
1035472,71.0
1035504,39.0
1035568,39.0
1035584,70.0
1035600,16.0
1035632,23.0
1035792,27.0
1035840,41.0
1035856,54.0
1035856,34.0
1035904,62.0
1035920,50.0
1035968,25.0
1036032,104.0
1036144,40.0
1036144,108.0
1036144,32.0
1036176,44.0
1036176,37.0
1036384,34.0
1036480,43.0
1036480,72.0
1036496,37.0
1036576,41.0
1036592,62.0
1036608,29.0
1036608,72.0
1036656,43.0
1036704,33.0
1036736,55.0
1036800,59.0
1036880,44.0
1036928,49.0
1036928,20.0
1036928,28.0
1036944,50.0
1036944,57.0
1037056,30.0
1037120,12.0
1037152,48.0
1037200,31.0
1037248,48.0
1037312,32.0
1037328,45.0
1037360,54.0
1037504,36.0
1037504,57.0
1037632,43.0
1037648,62.0
1037696,28.0
1037760,51.0
1037824,56.0
1037872,51.0
1037920,38.0
1037952,39.0
1038016,41.0
1038016,56.0
1038112,38.0
1038144,59.0
1038208,44.0
1038224,93.0
1038272,28.0
1038320,43.0
1038320,19.0
1038336,26.0
1038400,95.0
1038416,79.0
1038448,47.0
1038496,24.0
1038592,52.0
1038608,41.0
1038672,41.0
1038752,27.0
1038752,38.0
1038864,62.0
1038992,31.0
1039008,46.0
1039152,59.0
1039200,55.0
1039216,38.0
1039232,63.0
1039264,25.0
1039360,43.0
1039360,22.0
1039376,65.0
1039424,63.0
1039440,112.0
1039488,46.0
1039504,32.0
1039536,71.0
1039648,27.0
1039728,71.0
1039760,38.0
1039856,41.0
1040016,32.0
1040048,39.0
1040080,45.0
1040080,44.0
1040096,46.0
1040192,58.0
1040240,93.0
1040240,32.0
1040288,40.0
1040288,115.0
1040416,61.0
1040512,27.0
1040528,65.0
1040624,54.0
1040704,73.0
1040832,46.0
1040880,29.0
1040928,40.0
1040944,41.0
1040944,47.0
1040960,45.0
1040976,46.0
1041088,65.0
1041104,117.0
1041120,69.0
1041120,37.0
1041184,83.0
1041216,71.0
1041232,33.0
1041488,24.0
1041488,34.0
1041536,36.0
1041552,38.0
1041616,43.0
1041616,40.0
1041664,34.0
1041712,55.0
1041728,69.0
1041840,39.0
1041856,46.0
1041904,87.0
1041920,65.0
1042048,51.0
1042064,55.0
1042112,36.0
1042208,41.0
1042240,33.0
1042352,28.0
1042352,79.0
1042416,35.0
1042448,60.0
1042480,51.0
1042576,46.0
1042592,33.0
1042608,62.0
1042640,37.0
1042656,65.0
1042784,42.0
1042816,83.0
1042848,40.0
1042880,15.0
1042976,39.0
1042976,33.0
1043104,74.0
1043200,38.0
1043216,50.0
1043232,41.0
1043232,62.0
1043248,40.0
1043296,98.0
1043376,45.0
1043440,41.0
1043472,70.0
1043472,62.0
1043536,27.0
1043616,24.0
1043648,50.0
1043680,28.0
1043760,18.0
1043792,61.0
1043840,54.0
1043904,29.0
1043920,39.0
1043920,45.0
1044000,70.0
1044016,65.0
1044080,34.0
1044128,32.0
1044144,58.0
1044160,57.0
1044224,47.0
1044256,26.0
1044304,58.0
1044416,39.0
1044416,48.0
1044496,46.0
1044512,37.0
1044528,38.0
1044544,54.0
1044576,27.0
1044608,33.0
1044640,46.0
1044656,33.0
1044736,27.0
1044736,32.0
1044736,45.0
1044992,31.0
1044992,52.0
1045040,49.0
1045216,76.0
1045232,41.0
1045264,53.0
1045296,41.0
1045312,50.0
1045344,38.0
1045392,25.0
1045424,43.0
1045520,61.0
1045568,65.0
1045744,63.0
1045760,84.0
1045792,35.0
1045792,47.0
1045840,36.0
1045920,38.0
1045936,23.0
1045984,37.0
1045984,62.0
1046016,50.0
1046032,38.0
1046096,93.0
1046144,39.0
1046256,14.0
1046288,33.0
1046336,105.0
1046384,65.0
1046432,37.0
1046592,41.0
1046608,54.0
1046640,39.0
1046672,43.0
1046672,86.0
1046688,56.0
1046864,48.0
1046960,36.0
1046960,42.0
1047024,37.0
1047104,70.0
1047120,32.0
1047168,31.0
1047168,52.0
1047216,34.0
1047264,63.0
1047312,95.0
1047440,53.0
1047488,50.0
1047552,102.0
1047600,21.0
1047632,38.0
1047680,15.0
1047696,33.0
1047776,71.0
1047872,48.0
1047888,36.0
1047888,42.0
1047952,20.0
1047984,64.0
1048016,117.0
1048176,76.0
1048224,21.0
1048224,46.0
1048304,38.0
1048368,48.0
1048416,97.0
1048432,55.0
1048448,80.0
1048560,43.0
1048672,45.0
1048736,45.0
1048768,55.0
1048768,49.0
1048784,69.0
1048880,44.0
1048896,70.0
1048912,30.0
1048928,39.0
1048944,36.0
1048976,116.0
1049040,39.0
1049040,51.0
1049056,31.0
1049088,22.0
1049152,58.0
1049200,27.0
1049280,12.0
1049376,58.0
1049440,32.0
1049488,32.0
1049536,40.0
1049584,57.0
1049632,53.0
1049632,43.0
1049712,32.0
1049712,59.0
1049776,56.0
1049808,48.0
1049840,50.0
1049840,35.0
1049920,27.0
1049936,49.0
1049984,34.0
1050160,28.0
1050176,21.0
1050192,30.0
1050336,50.0
1050368,46.0
1050416,40.0
1050480,69.0
1050496,90.0
1050528,43.0
1050576,40.0
1050656,53.0
1050656,46.0
1050656,67.0
1050672,30.0
1050688,32.0
1050688,111.0
1050832,42.0
1050864,55.0
1050928,32.0
1051040,44.0
1051184,43.0
1051200,52.0
1051216,11.0
1051248,101.0
1051280,37.0
1051296,39.0
1051296,38.0
1051312,41.0
1051392,54.0
1051392,35.0
1051440,60.0
1051504,36.0
1051584,24.0
1051728,32.0
1051776,75.0
1051792,31.0
1051840,61.0
1051920,79.0
1051936,80.0
1051952,35.0
1051984,42.0
1052000,45.0
1052064,48.0
1052144,47.0
1052208,48.0
1052256,33.0
1052288,69.0
1052368,33.0
1052400,26.0
1052400,29.0
1052560,82.0
1052592,50.0
1052624,53.0
1052624,35.0
1052640,40.0
1052688,74.0
1052816,33.0
1052848,28.0
1052880,58.0
1052880,60.0
1052896,43.0
1052976,45.0
1053008,38.0
1053008,24.0
1053056,29.0
1053072,93.0
1053184,31.0
1053216,37.0
1053232,42.0
1053344,75.0
1053408,65.0
1053488,30.0
1053520,42.0
1053568,58.0
1053584,44.0
1053616,38.0
1053632,46.0
1053648,48.0
1053728,42.0
1053840,64.0
1053952,38.0
1053968,62.0
1054032,60.0
1054080,28.0
1054112,55.0
1054128,40.0
1054224,65.0
1054352,71.0
1054400,52.0
1054416,43.0
1054464,66.0
1054496,34.0
1054512,42.0
1054512,62.0
1054576,38.0
1054592,63.0
1054720,37.0
1054752,71.0
1054752,69.0
1054752,45.0
1054800,45.0
1054848,31.0
1054992,31.0
1055104,44.0
1055200,43.0
1055216,39.0
1055248,25.0
1055328,57.0
1055328,51.0
1055344,39.0
1055424,42.0
1055536,67.0
1055552,28.0
1055568,51.0
1055568,84.0
1055600,38.0
1055664,21.0
1055728,58.0
1055728,33.0
1055744,102.0
1055744,26.0
1055792,76.0
1055840,37.0
1055904,30.0
1056080,83.0
1056080,54.0
1056096,23.0
1056096,35.0
1056128,36.0
1056208,26.0
1056208,23.0
1056384,45.0
1056416,67.0
1056432,52.0
1056464,24.0
1056544,61.0
1056576,31.0
1056576,12.0
1056640,57.0
1056640,56.0
1056752,53.0
1056768,12.0
1056864,25.0
1056944,53.0
1056960,54.0
1057024,51.0
1057216,50.0
1057248,30.0
1057264,71.0
1057312,98.0
1057328,19.0
1057376,26.0
1057376,113.0
1057456,57.0
1057488,66.0
1057728,72.0
1057728,54.0
1057776,71.0
1057792,36.0
1057840,75.0
1057872,70.0
1057904,37.0
1057904,41.0
1057968,37.0
1058032,41.0
1058080,39.0
1058160,122.0
1058224,46.0
1058240,32.0
1058288,84.0
1058368,40.0
1058416,72.0
1058432,25.0
1058512,42.0
1058624,47.0
1058640,42.0
1058656,27.0
1058656,54.0
1058688,25.0
1058688,85.0
1058752,53.0
1058768,54.0
1058864,49.0
1058944,32.0
1058944,49.0
1059072,26.0
1059136,45.0
1059136,56.0
1059200,52.0
1059216,44.0
1059232,30.0
1059248,30.0
1059312,28.0
1059344,25.0
1059408,48.0
1059472,49.0
1059504,53.0
1059632,59.0
1059696,120.0
1059696,30.0
1059728,37.0
1059840,31.0
1059904,60.0
1059952,83.0
1059952,40.0
1059968,52.0
1060016,11.0
1060048,51.0
1060064,35.0
1060144,56.0
1060160,47.0
1060176,69.0
1060288,41.0
1060320,23.0
1060352,28.0
1060384,43.0
1060448,78.0
1060480,33.0
1060608,57.0
1060736,45.0
1060736,35.0
1060768,38.0
1060768,28.0
1060800,46.0
1060848,55.0
1060880,46.0
1060928,75.0
1060928,91.0
1060944,56.0
1061104,41.0
1061120,46.0
1061248,30.0
1061248,32.0
1061344,36.0
1061344,46.0
1061392,29.0
1061472,39.0
1061488,24.0
1061536,41.0
1061536,26.0
1061552,67.0
1061568,76.0
1061584,40.0
1061600,82.0
1061616,43.0
1061664,12.0
1061792,66.0
1061808,26.0
1061856,38.0
1061936,71.0
1061936,37.0
1062016,48.0
1062096,38.0
1062176,40.0
1062208,42.0
1062224,27.0
1062240,39.0
1062240,40.0
1062336,49.0
1062352,31.0
1062400,52.0
1062432,21.0
1062448,69.0
1062464,33.0
1062464,33.0
1062544,46.0
1062624,60.0
1062704,30.0
1062752,32.0
1062832,51.0
1062848,32.0
1062864,39.0
1062960,31.0
1062976,39.0
1063024,25.0
1063024,36.0
1063040,40.0
1063056,53.0
1063152,38.0
1063152,43.0
1063264,27.0
1063328,36.0
1063328,109.0
1063376,75.0
1063456,25.0
1063504,34.0
1063520,41.0
1063664,60.0
1063696,42.0
1063728,36.0
1063824,61.0
1063872,11.0
1063920,48.0
1063984,41.0
1064064,38.0
1064112,68.0
1064144,107.0
1064160,74.0
1064256,47.0
1064272,34.0
1064368,44.0
1064416,86.0
1064432,11.0
1064448,67.0
1064528,34.0
1064688,85.0
1064752,38.0
1064768,44.0
1064784,95.0
1064816,81.0
1064832,26.0
1064832,25.0
1065040,22.0
1065040,76.0
1065040,48.0
1065088,61.0
1065088,40.0
1065120,60.0
1065136,23.0
1065168,81.0
1065184,41.0
1065232,12.0
1065264,27.0
1065264,56.0
1065360,33.0
1065568,25.0
1065728,38.0
1065760,42.0
1065792,33.0
1065792,65.0
1065808,34.0
1065808,39.0
1065824,43.0
1065968,74.0
1066016,41.0
1066016,58.0
1066080,65.0
1066096,136.0
1066256,90.0
1066352,82.0
1066416,28.0
1066432,42.0
1066464,28.0
1066464,77.0
1066560,47.0
1066576,30.0
1066640,39.0
1066656,52.0
1066672,55.0
1066720,62.0
1066752,60.0
1066816,63.0
1066912,41.0
1067024,91.0
1067040,30.0
1067104,42.0
1067152,43.0
1067152,46.0
1067232,72.0
1067296,59.0
1067360,43.0
1067392,42.0
1067408,48.0
1067488,42.0
1067552,61.0
1067600,35.0
1067632,30.0
1067648,34.0
1067664,75.0
1067680,64.0
1067872,60.0
1067888,71.0
1068048,64.0
1068128,46.0
1068176,64.0
1068240,47.0
1068256,38.0
1068272,45.0
1068384,45.0
1068384,64.0
1068544,82.0
1068576,43.0
1068656,30.0
1068688,68.0
1068736,90.0
1068752,44.0
1068784,32.0
1068864,39.0
1068896,40.0
1068944,96.0
1068960,68.0
1069024,40.0
1069040,88.0
1069216,33.0
1069232,53.0
1069360,44.0
1069376,78.0
1069392,38.0
1069488,57.0
1069520,48.0
1069568,44.0
1069584,65.0
1069680,59.0
1069776,47.0
1069824,38.0
1069904,59.0
1069920,27.0
1069968,36.0
1070032,68.0
1070080,44.0
1070080,74.0
1070096,33.0
1070112,33.0
1070240,63.0
1070288,23.0
1070320,165.0
1070368,29.0
1070448,88.0
1070480,28.0
1070544,74.0
1070608,52.0
1070640,70.0
1070720,38.0
1070720,47.0
1070768,59.0
1070880,50.0
1070976,27.0
1071024,34.0
1071040,47.0
1071088,63.0
1071136,51.0
1071152,92.0
1071216,48.0
1071216,38.0
1071248,38.0
1071248,63.0
1071264,34.0
1071488,32.0
1071504,88.0
1071584,44.0
1071616,37.0
1071632,79.0
1071632,31.0
1071808,34.0
1071872,69.0
1071968,51.0
1072032,62.0
1072048,50.0
1072064,53.0
1072064,35.0
1072160,22.0
1072208,93.0
1072224,71.0
1072240,62.0
1072288,44.0
1072368,72.0
1072432,29.0
1072480,26.0
1072480,54.0
1072512,28.0
1072608,61.0
1072640,27.0
1072640,38.0
1072688,75.0
1072752,55.0
1072768,45.0
1072848,76.0
1072896,29.0
1072944,19.0
1072976,51.0
1073072,44.0
1073120,55.0
1073136,28.0
1073248,64.0
1073264,61.0
1073296,51.0
1073312,42.0
1073344,52.0
1073392,57.0
1073424,28.0
1073440,43.0
1073456,53.0
1073472,39.0
1073536,29.0
1073728,60.0
1073776,52.0
1073792,56.0
1073808,35.0
1073904,48.0
1073904,40.0
1073920,36.0
1073952,40.0
1073952,30.0
1074000,35.0
1074016,45.0
1074160,65.0
1074176,28.0
1074288,56.0
1074288,23.0
1074304,25.0
1074304,55.0
1074368,35.0
1074448,42.0
1074464,42.0
1074512,66.0
1074560,34.0
1074624,68.0
1074640,43.0
1074640,43.0
1074704,34.0
1074928,39.0
1074944,65.0
1074944,36.0
1074976,50.0
1075104,40.0
1075120,52.0
1075216,57.0
1075248,43.0
1075248,38.0
1075360,57.0
1075376,54.0
1075392,43.0
1075472,23.0
1075488,75.0
1075584,38.0
1075584,99.0
1075632,63.0
1075680,65.0
1075696,36.0
1075856,58.0
1075856,38.0
1075872,11.0
1075872,39.0
1075872,58.0
1075952,46.0
1075968,36.0
1076000,39.0
1076160,43.0
1076160,30.0
1076256,56.0
1076256,48.0
1076304,27.0
1076352,45.0
1076416,35.0
1076496,34.0
1076512,41.0
1076544,60.0
1076672,68.0
1076688,33.0
1076704,52.0
1076768,56.0
1076768,48.0
1076800,34.0
1076848,37.0
1076912,123.0
1076912,47.0
1076976,39.0
1076976,30.0
1077008,37.0
1077104,27.0
1077152,11.0
1077184,40.0
1077216,78.0
1077280,36.0
1077312,50.0
1077360,32.0
1077408,69.0
1077440,33.0
1077488,36.0
1077568,50.0
1077632,41.0
1077760,41.0
1077776,68.0
1077824,34.0
1077904,47.0
1077936,58.0
1078016,50.0
1078032,37.0
1078064,41.0
1078080,48.0
1078176,38.0
1078192,87.0
1078208,45.0
1078304,34.0
1078352,62.0
1078400,29.0
1078400,76.0
1078448,39.0
1078528,47.0
1078576,113.0
1078592,35.0
1078640,63.0
1078736,41.0
1078768,47.0
1078848,28.0
1078848,20.0
1078880,44.0
1078960,35.0
1078976,57.0
1079072,12.0
1079104,50.0
1079152,60.0
1079184,37.0
1079216,54.0
1079216,40.0
1079248,84.0
1079264,12.0
1079360,32.0
1079440,77.0
1079440,42.0
1079456,31.0
1079488,47.0
1079552,44.0
1079552,57.0
1079552,28.0
1079616,22.0
1079744,24.0
1079744,35.0
1079776,83.0
1079808,23.0
1079856,26.0
1079856,38.0
1080016,54.0
1080032,30.0
1080032,11.0
1080064,53.0
1080080,33.0
1080112,39.0
1080176,27.0
1080304,83.0
1080352,71.0
1080384,52.0
1080384,48.0
1080432,25.0
1080480,42.0
1080544,48.0
1080592,26.0
1080640,56.0
1080672,40.0
1080784,83.0
1080816,27.0
1080864,53.0
1080880,33.0
1080960,41.0
1081056,29.0
1081088,77.0
1081088,38.0
1081104,35.0
1081232,70.0
1081248,54.0
1081248,74.0
1081424,38.0
1081472,65.0
1081584,30.0
1081600,45.0
1081760,105.0
1081824,54.0
1081856,24.0
1081872,63.0
1081984,46.0
1082048,88.0
1082064,51.0
1082096,63.0
1082096,42.0
1082128,84.0
1082304,67.0
1082304,27.0
1082320,14.0
1082352,79.0
1082368,48.0
1082464,88.0
1082496,57.0
1082512,41.0
1082544,35.0
1082592,120.0
1082656,38.0
1082688,54.0
1082752,25.0
1082816,66.0
1082864,25.0
1082864,48.0
1082880,23.0
1082896,36.0
1082944,51.0
1082960,29.0
1082992,43.0
1083040,61.0
1083056,23.0
1083152,38.0
1083152,12.0
1083280,33.0
1083280,39.0
1083376,67.0
1083520,40.0
1083616,78.0
1083632,22.0
1083696,40.0
1083712,45.0
1083728,36.0
1083728,43.0
1083792,32.0
1083824,58.0
1083968,64.0
1083968,86.0
1084000,71.0
1084048,74.0
1084080,35.0
1084224,88.0
1084304,37.0
1084416,26.0
1084432,44.0
1084432,66.0
1084432,44.0
1084512,43.0
1084576,38.0
1084576,60.0
1084752,70.0
1084816,25.0
1084832,54.0
1084864,49.0
1084880,108.0
1084928,39.0
1084944,45.0
1084992,75.0
1085008,36.0
1085152,45.0
1085248,42.0
1085248,75.0
1085264,52.0
1085280,99.0
1085504,39.0
1085504,36.0
1085520,59.0
1085712,27.0
1085728,56.0
1085744,62.0
1085776,33.0
1085776,79.0
1085840,43.0
1085904,65.0
1085936,42.0
1085952,28.0
1086016,32.0
1086032,76.0
1086112,73.0
1086128,55.0
1086272,31.0
1086304,82.0
1086304,37.0
1086336,38.0
1086448,58.0
1086528,95.0
1086592,41.0
1086608,52.0
1086656,51.0
1086704,47.0
1086752,39.0
1086768,54.0
1086864,47.0
1086928,30.0
1087056,49.0
1087104,68.0
1087136,50.0
1087168,89.0
1087184,37.0
1087264,46.0
1087296,79.0
1087376,67.0
1087408,50.0
1087488,74.0
1087488,39.0
1087520,47.0
1087632,36.0
1087680,64.0
1087728,29.0
1087760,37.0
1087792,54.0
1087824,45.0
1087824,70.0
1087824,12.0
1087888,71.0
1088032,41.0
1088064,34.0
1088080,22.0
1088112,44.0
1088144,60.0
1088160,42.0
1088224,25.0
1088272,37.0
1088368,21.0
1088368,77.0
1088432,40.0
1088528,29.0
1088576,47.0
1088608,28.0
1088624,30.0
1088640,72.0
1088656,85.0
1088672,35.0
1088768,55.0
1088864,69.0
1088912,40.0
1088960,71.0
1089024,31.0
1089056,39.0
1089104,28.0
1089200,61.0
1089200,52.0
1089248,73.0
1089264,22.0
1089312,44.0
1089312,18.0
1089328,44.0
1089376,32.0
1089376,50.0
1089408,65.0
1089408,48.0
1089520,12.0
1089680,57.0
1089728,39.0
1089776,36.0
1089808,31.0
1089840,73.0
1089856,34.0
1089888,32.0
1089888,40.0
1090032,39.0
1090032,67.0
1090032,52.0
1090048,42.0
1090064,41.0
1090112,37.0
1090224,28.0
1090224,73.0
1090288,11.0
1090384,36.0
1090448,38.0
1090480,37.0
1090496,77.0
1090512,52.0
1090528,31.0
1090544,32.0
1090560,32.0
1090576,43.0
1090576,45.0
1090624,35.0
1090688,29.0
1090832,38.0
1090960,58.0
1090992,79.0
1091024,36.0
1091056,42.0
1091088,33.0
1091152,29.0
1091200,41.0
1091248,47.0
1091376,22.0
1091408,52.0
1091424,23.0
1091440,58.0
1091456,23.0
1091504,34.0
1091536,44.0
1091568,36.0
1091632,84.0
1091632,69.0
1091664,65.0
1091664,68.0
1091712,77.0
1091792,37.0
1091840,29.0
1091872,45.0
1091872,39.0
1092032,39.0
1092160,39.0
1092240,36.0
1092256,52.0
1092256,43.0
1092288,49.0
1092288,36.0
1092304,42.0
1092400,59.0
1092512,40.0
1092592,60.0
1092656,25.0
1092672,77.0
1092752,45.0
1092784,34.0
1092816,64.0
1092816,35.0
1092848,63.0
1092912,25.0
1093088,89.0
1093104,59.0
1093120,51.0
1093168,55.0
1093168,24.0
1093216,51.0
1093216,29.0
1093232,40.0
1093248,60.0
1093360,44.0
1093584,42.0
1093632,51.0
1093648,27.0
1093680,63.0
1093776,35.0
1093824,44.0
1093840,37.0
1093920,128.0
1093936,53.0
1093968,46.0
1093968,72.0
1093984,55.0
1094000,72.0
1094016,53.0
1094128,28.0
1094272,40.0
1094384,25.0
1094416,26.0
1094416,31.0
1094416,48.0
1094432,53.0
1094528,43.0
1094592,41.0
1094608,37.0
1094736,60.0
1094848,55.0
1094880,47.0
1094880,66.0
1094992,114.0
1095056,40.0
1095072,30.0
1095072,43.0
1095120,44.0
1095168,46.0
1095200,58.0
1095280,120.0
1095440,44.0
1095440,37.0
1095472,26.0
1095616,34.0
1095664,49.0
1095680,35.0
1095696,26.0
1095760,48.0
1095824,88.0
1095888,120.0
1095904,46.0
1095920,82.0
1095952,47.0
1096016,36.0
1096096,30.0
1096112,26.0
1096240,50.0
1096288,33.0
1096320,14.0
1096400,30.0
1096448,39.0
1096480,50.0
1096512,90.0
1096624,46.0
1096768,23.0
1096784,119.0
1096784,55.0
1096848,145.0
1096944,92.0
1096976,64.0
1096976,46.0
1096976,60.0
1097040,37.0
1097072,35.0
1097136,64.0
1097168,20.0
1097296,42.0
1097328,24.0
1097344,64.0
1097376,38.0
1097392,57.0
1097424,28.0
1097520,116.0
1097552,36.0
1097664,55.0
1097712,36.0
1097760,43.0
1097760,45.0
1097808,95.0
1097904,70.0
1097920,36.0
1097952,61.0
1098080,57.0
1098096,44.0
1098160,52.0
1098224,35.0
1098256,46.0
1098272,29.0
1098304,14.0
1098336,57.0
1098352,66.0
1098368,26.0
1098464,68.0
1098480,45.0
1098560,63.0
1098592,43.0
1098608,24.0
1098720,39.0
1098800,40.0
1098848,58.0
1098960,75.0
1099104,34.0
1099152,49.0
1099152,90.0
1099168,57.0
1099200,54.0
1099232,40.0
1099232,60.0
1099296,31.0
1099344,65.0
1099392,58.0
1099424,59.0
1099440,21.0
1099456,46.0
1099536,43.0
1099584,61.0
1099600,25.0
1099696,29.0
1099776,89.0
1099792,40.0
1099808,53.0
1099856,25.0
1100048,38.0
1100272,58.0
1100272,69.0
1100304,63.0
1100320,39.0
1100352,36.0
1100384,62.0
1100384,37.0
1100480,83.0
1100480,42.0
1100560,83.0
1100640,66.0
1100704,27.0
1100736,75.0
1100816,34.0
1100832,22.0
1100912,35.0
1100912,54.0
1100928,94.0
1100960,20.0
1101040,35.0
1101168,53.0
1101168,29.0
1101232,102.0
1101328,64.0
1101392,63.0
1101408,28.0
1101584,47.0
1101648,30.0
1101680,59.0
1101792,35.0
1101792,54.0
1101856,65.0
1101888,35.0
1101920,47.0
1101952,87.0
1102064,138.0
1102064,105.0
1102112,75.0
1102144,47.0
1102256,36.0
1102256,84.0
1102272,77.0
1102320,33.0
1102512,28.0
1102528,38.0
1102560,26.0
1102640,62.0
1102672,38.0
1102784,56.0
1102784,58.0
1102800,63.0
1102816,11.0
1102816,35.0
1102848,79.0
1102864,47.0
1102896,40.0
1102928,38.0
1102944,42.0
1103072,13.0
1103136,108.0
1103184,42.0
1103184,32.0
1103200,24.0
1103232,26.0
1103360,50.0
1103408,39.0
1103472,36.0
1103552,38.0
1103568,49.0
1103744,112.0
1103744,56.0
1103776,34.0
1103792,79.0
1103808,42.0
1103840,57.0
1103840,65.0
1103888,21.0
1103920,35.0
1103968,56.0
1104032,52.0
1104064,17.0
1104064,55.0
1104272,54.0
1104288,51.0
1104352,49.0
1104368,39.0
1104448,40.0
1104480,46.0
1104480,37.0
1104496,29.0
1104528,43.0
1104608,34.0
1104624,35.0
1104640,50.0
1104896,58.0
1104944,42.0
1105024,36.0
1105056,43.0
1105056,48.0
1105072,27.0
1105104,39.0
1105104,47.0
1105120,75.0
1105136,38.0
1105168,124.0
1105280,49.0
1105344,54.0
1105360,99.0
1105408,50.0
1105536,30.0
1105616,21.0
1105664,45.0
1105728,41.0
1105744,39.0
1105760,71.0
1105856,50.0
1105904,31.0
1105920,47.0
1105920,51.0
1105920,56.0
1105952,51.0
1106000,69.0
1106096,62.0
1106096,35.0
1106144,50.0
1106240,36.0
1106256,56.0
1106480,35.0
1106480,21.0
1106544,51.0
1106576,42.0
1106576,52.0
1106576,41.0
1106688,37.0
1106704,28.0
1106784,73.0
1106784,64.0
1106816,56.0
1106896,26.0
1107088,62.0
1107200,31.0
1107216,33.0
1107280,44.0
1107280,44.0
1107312,46.0
1107328,53.0
1107488,96.0
1107488,42.0
1107568,42.0
1107568,107.0
1107648,88.0
1107664,70.0
1107728,108.0
1107856,40.0
1107888,43.0
1107888,36.0
1107952,73.0
1108080,47.0
1108096,38.0
1108128,40.0
1108160,37.0
1108272,39.0
1108320,37.0
1108368,30.0
1108384,51.0
1108400,82.0
1108496,76.0
1108496,40.0
1108512,22.0
1108528,36.0
1108544,110.0
1108576,43.0
1108816,43.0
1108832,73.0
1108864,34.0
1108896,50.0
1109008,108.0
1109024,47.0
1109040,41.0
1109072,35.0
1109152,47.0
1109184,43.0
1109392,54.0
1109440,39.0
1109488,57.0
1109504,38.0
1109520,64.0
1109568,33.0
1109584,65.0
1109744,46.0
1109776,37.0
1109808,59.0
1109952,55.0
1109968,118.0
1109968,71.0
1110000,53.0
1110048,30.0
1110096,67.0
1110160,36.0
1110192,50.0
1110272,11.0
1110384,40.0
1110400,60.0
1110464,60.0
1110464,26.0
1110464,131.0
1110560,49.0
1110656,43.0
1110800,38.0
1110800,40.0
1110832,82.0
1110864,54.0
1110880,58.0
1110896,39.0
1110928,60.0
1110928,29.0
1110992,12.0
1111008,39.0
1111008,28.0
1111104,44.0
1111168,44.0
1111200,46.0
1111200,87.0
1111248,28.0
1111408,30.0
1111456,123.0
1111520,20.0
1111520,54.0
1111536,44.0
1111600,37.0
1111600,37.0
1111712,32.0
1111728,30.0
1111744,53.0
1111744,40.0
1111904,12.0
1111952,13.0
1112032,27.0
1112032,65.0
1112192,29.0
1112224,12.0
1112288,52.0
1112288,24.0
1112288,48.0
1112336,91.0
1112384,49.0
1112400,96.0
1112400,41.0
1112432,94.0
1112432,57.0
1112560,72.0
1112592,19.0
1112608,13.0
1112656,93.0
1112704,20.0
1112720,43.0
1112768,23.0
1112864,40.0
1112880,58.0
1112896,85.0
1112928,31.0
1112976,49.0
1112992,44.0
1113056,39.0
1113136,33.0
1113216,41.0
1113232,22.0
1113344,22.0
1113360,41.0
1113408,47.0
1113456,43.0
1113456,70.0
1113456,33.0
1113520,34.0
1113520,77.0
1113520,50.0
1113568,44.0
1113792,75.0
1113792,35.0
1113840,44.0
1113872,33.0
1113888,62.0
1114048,40.0
1114048,30.0
1114112,41.0
1114144,39.0
1114160,40.0
1114160,18.0
1114192,46.0
1114240,45.0
1114240,12.0
1114272,51.0
1114384,83.0
1114448,41.0
1114496,41.0
1114576,27.0
1114656,54.0
1114752,96.0
1114768,38.0
1114768,55.0
1114816,91.0
1114832,40.0
1114944,42.0
1114960,45.0
1115040,62.0
1115040,55.0
1115104,41.0
1115104,54.0
1115104,62.0
1115136,24.0
1115184,38.0
1115248,54.0
1115376,17.0
1115456,60.0
1115472,32.0
1115552,49.0
1115584,34.0
1115712,48.0
1115776,63.0
1115808,72.0
1115968,72.0
1116048,59.0
1116080,78.0
1116080,61.0
1116112,61.0
1116272,29.0
1116288,36.0
1116368,37.0
1116384,52.0
1116400,58.0
1116416,28.0
1116416,73.0
1116432,61.0
1116464,89.0
1116480,56.0
1116544,85.0
1116672,24.0
1116768,24.0
1116864,93.0
1116880,50.0
1116944,25.0
1117024,39.0
1117056,63.0
1117152,46.0
1117168,68.0
1117232,23.0
1117248,51.0
1117280,51.0
1117280,25.0
1117392,39.0
1117408,58.0
1117456,14.0
1117456,49.0
1117472,85.0
1117472,19.0
1117552,71.0
1117552,74.0
1117568,39.0
1117632,22.0
1117664,38.0
1117728,91.0
1117760,22.0
1118048,31.0
1118080,32.0
1118096,39.0
1118096,44.0
1118144,54.0
1118176,64.0
1118192,59.0
1118256,37.0
1118304,47.0
1118304,52.0
1118336,36.0
1118336,44.0
1118368,20.0
1118432,44.0
1118592,98.0
1118640,74.0
1118640,74.0
1118672,31.0
1118736,40.0
1118800,23.0
1118880,49.0
1118928,37.0
1118928,21.0
1118944,50.0
1118976,42.0
1119024,24.0
1119040,60.0
1119088,56.0
1119152,49.0
1119168,52.0
1119232,35.0
1119328,33.0
1119344,23.0
1119424,30.0
1119520,27.0
1119520,79.0
1119520,22.0
1119552,42.0
1119552,57.0
1119616,43.0
1119664,20.0
1119712,49.0
1119792,47.0
1119808,67.0
1119904,42.0
1119920,48.0
1120128,38.0
1120160,40.0
1120176,72.0
1120192,40.0
1120384,60.0
1120384,52.0
1120416,38.0
1120448,70.0
1120464,59.0
1120512,138.0
1120576,41.0
1120608,51.0
1120672,48.0
1120720,66.0
1120720,69.0
1120784,39.0
1120912,46.0
1120976,37.0
1120976,33.0
1121072,38.0
1121168,91.0
1121200,51.0
1121264,47.0
1121280,35.0
1121312,74.0
1121392,38.0
1121424,44.0
1121424,63.0
1121488,57.0
1121504,82.0
1121504,52.0
1121520,34.0
1121600,39.0
1121760,35.0
1121792,74.0
1121840,48.0
1121888,23.0
1121936,32.0
1121952,29.0
1121952,65.0
1121968,41.0
1122000,45.0
1122096,19.0
1122096,52.0
1122112,59.0
1122128,39.0
1122128,46.0
1122240,46.0
1122320,23.0
1122432,42.0
1122496,35.0
1122496,38.0
1122528,58.0
1122704,47.0
1122864,46.0
1122880,91.0
1122928,51.0
1122944,39.0
1122976,28.0
1122976,53.0
1122976,30.0
1123056,51.0
1123056,66.0
1123072,61.0
1123104,71.0
1123120,80.0
1123232,46.0
1123264,73.0
1123344,40.0
1123360,27.0
1123408,34.0
1123408,27.0
1123616,34.0
1123728,47.0
1123728,53.0
1123744,82.0
1123760,41.0
1123824,44.0
1123824,48.0
1123856,31.0
1123920,36.0
1123984,36.0
1124032,61.0
1124160,58.0
1124160,34.0
1124176,75.0
1124208,50.0
1124336,67.0
1124352,27.0
1124384,41.0
1124400,41.0
1124432,36.0
1124448,45.0
1124464,95.0
1124656,39.0
1124720,56.0
1124752,37.0
1124752,25.0
1124896,43.0
1124896,57.0
1124928,47.0
1125008,78.0
1125008,16.0
1125072,46.0
1125088,58.0
1125152,43.0
1125232,36.0
1125248,31.0
1125264,52.0
1125280,91.0
1125312,37.0
1125328,58.0
1125344,26.0
1125360,61.0
1125408,60.0
1125584,36.0
1125616,34.0
1125664,41.0
1125728,52.0
1125744,32.0
1125824,13.0
1125904,63.0
1125904,51.0
1125984,52.0
1125984,46.0
1126000,46.0
1126000,43.0
1126016,38.0
1126144,49.0
1126144,35.0
1126336,38.0
1126432,69.0
1126432,33.0
1126528,74.0
1126576,52.0
1126656,62.0
1126656,32.0
1126656,40.0
1126768,39.0
1126784,55.0
1126800,23.0
1126896,57.0
1126912,57.0
1126912,57.0
1126944,60.0
1126976,106.0
1126992,21.0
1126992,73.0
1127008,27.0
1127072,26.0
1127088,35.0
1127120,22.0
1127152,51.0
1127280,53.0
1127280,31.0
1127344,21.0
1127472,24.0
1127472,42.0
1127536,12.0
1127536,29.0
1127584,38.0
1127648,47.0
1127744,37.0
1127760,40.0
1127760,30.0
1127808,72.0
1127888,19.0
1127888,61.0
1127952,63.0
1127968,27.0
1127984,62.0
1127984,44.0
1128128,71.0
1128144,42.0
1128144,38.0
1128176,44.0
1128256,23.0
1128288,86.0
1128464,32.0
1128480,45.0
1128480,52.0
1128496,32.0
1128640,31.0
1128656,43.0
1128720,37.0
1128816,42.0
1128832,34.0
1128880,71.0
1128880,70.0
1128992,69.0
1129008,75.0
1129040,24.0
1129072,56.0
1129104,40.0
1129136,41.0
1129136,72.0
1129232,61.0
1129312,31.0
1129376,23.0
1129552,67.0
1129568,58.0
1129568,43.0
1129600,48.0
1129600,55.0
1129664,27.0
1129696,41.0
1129712,45.0
1129760,39.0
1129856,49.0
1129872,62.0
1130112,61.0
1130176,32.0
1130192,55.0
1130240,54.0
1130256,72.0
1130256,43.0
1130288,46.0
1130304,46.0
1130352,11.0
1130352,47.0
1130368,42.0
1130384,39.0
1130464,38.0
1130544,59.0
1130544,12.0
1130560,53.0
1130576,24.0
1130608,20.0
1130640,24.0
1130656,49.0
1130672,136.0
1130704,28.0
1130816,22.0
1130832,12.0
1130976,38.0
1130976,46.0
1131024,30.0
1131056,44.0
1131088,32.0
1131120,46.0
1131152,34.0
1131216,69.0
1131280,45.0
1131280,29.0
1131296,37.0
1131376,25.0
1131488,27.0
1131520,54.0
1131600,81.0
1131664,40.0
1131728,28.0
1131728,56.0
1131760,42.0
1131760,34.0
1131760,38.0
1131936,35.0
1131968,89.0
1132016,45.0
1132032,47.0
1132064,36.0
1132096,36.0
1132144,73.0
1132160,93.0
1132256,71.0
1132272,32.0
1132336,38.0
1132368,44.0
1132384,39.0
1132496,29.0
1132688,34.0
1132704,40.0
1132704,43.0
1132704,59.0
1132816,35.0
1132848,78.0
1132928,75.0
1132960,43.0
1132960,54.0
1132992,41.0
1133008,39.0
1133024,66.0
1133056,43.0
1133056,70.0
1133072,57.0
1133296,37.0
1133360,41.0
1133408,35.0
1133424,38.0
1133504,36.0
1133552,53.0
1133632,42.0
1133664,44.0
1133696,40.0
1133728,41.0
1133824,33.0
1133920,77.0
1133984,61.0
1134064,63.0
1134112,30.0
1134128,69.0
1134128,102.0
1134176,22.0
1134208,53.0
1134352,27.0
1134368,44.0
1134384,52.0
1134464,25.0
1134496,23.0
1134496,48.0
1134528,52.0
1134624,102.0
1134624,40.0
1134672,73.0
1134736,13.0
1134736,39.0
1134880,44.0
1135040,34.0
1135040,26.0
1135056,102.0
1135072,36.0
1135088,60.0
1135200,29.0
1135232,35.0
1135392,58.0
1135408,23.0
1135488,80.0
1135552,29.0
1135568,74.0
1135728,69.0
1135744,54.0
1135792,90.0
1135808,48.0
1135904,52.0
1135936,33.0
1135936,44.0
1135984,37.0
1136128,35.0
1136192,62.0
1136192,114.0
1136224,42.0
1136272,29.0
1136304,181.0
1136352,39.0
1136400,41.0
1136400,38.0
1136400,84.0
1136480,34.0
1136576,40.0
1136608,44.0
1136624,40.0
1136736,38.0
1136752,33.0
1136816,130.0
1136944,91.0
1137024,25.0
1137072,37.0
1137152,55.0
1137168,48.0
1137184,52.0
1137200,29.0
1137232,26.0
1137232,58.0
1137248,40.0
1137424,42.0
1137424,77.0
1137456,79.0
1137472,67.0
1137504,58.0
1137696,81.0
1137744,50.0
1137744,42.0
1137776,34.0
1138064,40.0
1138096,54.0
1138128,69.0
1138144,59.0
1138208,65.0
1138240,51.0
1138272,50.0
1138272,68.0
1138320,73.0
1138336,40.0
1138352,36.0
1138400,41.0
1138464,45.0
1138512,66.0
1138560,66.0
1138608,30.0
1138688,39.0
1138752,30.0
1138752,26.0
1138784,40.0
1138912,51.0
1138960,107.0
1138976,39.0
1139088,36.0
1139136,33.0
1139136,46.0
1139216,47.0
1139232,57.0
1139248,61.0
1139344,24.0
1139344,35.0
1139392,44.0
1139536,83.0
1139552,62.0
1139584,52.0
1139616,30.0
1139664,57.0
1139680,37.0
1139744,25.0
1139760,39.0
1139792,35.0
1139792,97.0
1139824,53.0
1139824,36.0
1139984,48.0
1140176,52.0
1140208,28.0
1140224,52.0
1140224,40.0
1140240,43.0
1140336,41.0
1140368,52.0
1140368,39.0
1140416,50.0
1140416,27.0
1140448,49.0
1140608,49.0
1140624,52.0
1140624,26.0
1140640,51.0
1140656,54.0
1140832,41.0
1140848,39.0
1140864,40.0
1140928,20.0
1140928,126.0
1140976,38.0
1141008,37.0
1141120,49.0
1141152,49.0
1141200,36.0
1141200,47.0
1141248,39.0
1141312,67.0
1141328,42.0
1141344,58.0
1141472,20.0
1141504,33.0
1141520,37.0
1141568,23.0
1141616,49.0
1141696,31.0
1141760,70.0
1141776,57.0
1141776,27.0
1141792,29.0
1141792,49.0
1141840,21.0
1141840,57.0
1141904,41.0
1141968,70.0
1141984,54.0
1142112,34.0
1142160,11.0
1142176,44.0
1142224,57.0
1142240,39.0
1142272,30.0
1142400,35.0
1142416,40.0
1142416,56.0
1142416,28.0
1142480,43.0
1142512,38.0
1142544,27.0
1142592,47.0
1142640,59.0
1142656,56.0
1142848,38.0
1142864,44.0
1142912,31.0
1142960,28.0
1143008,77.0
1143008,37.0
1143024,50.0
1143088,42.0
1143104,58.0
1143200,34.0
1143312,57.0
1143376,52.0
1143392,47.0
1143456,34.0
1143520,78.0
1143536,32.0
1143552,34.0
1143600,47.0
1143616,71.0
1143632,33.0
1143680,37.0
1143712,53.0
1143712,47.0
1143728,26.0
1143776,36.0
1143808,76.0
1143936,58.0
1144096,40.0
1144208,37.0
1144224,44.0
1144304,44.0
1144336,50.0
1144368,46.0
1144368,62.0
1144432,47.0
1144480,48.0
1144512,60.0
1144512,70.0
1144528,27.0
1144656,53.0
1144720,22.0
1144752,51.0
1144880,28.0
1144928,28.0
1145008,49.0
1145104,56.0
1145120,47.0
1145136,39.0
1145168,87.0
1145168,41.0
1145232,94.0
1145232,36.0
1145264,58.0
1145296,99.0
1145312,63.0
1145376,39.0
1145472,22.0
1145536,41.0
1145536,63.0
1145552,24.0
1145584,41.0
1145600,37.0
1145664,27.0
1145680,34.0
1145792,30.0
1145840,38.0
1145888,49.0
1146032,31.0
1146080,57.0
1146112,87.0
1146112,20.0
1146208,38.0
1146256,62.0
1146304,39.0
1146416,36.0
1146416,70.0
1146432,22.0
1146560,74.0
1146560,68.0
1146608,67.0
1146688,69.0
1146784,36.0
1146832,73.0
1146848,51.0
1146880,20.0
1146896,84.0
1147024,71.0
1147024,38.0
1147040,39.0
1147088,61.0
1147168,57.0
1147216,69.0
1147216,57.0
1147216,38.0
1147344,57.0
1147424,40.0
1147424,54.0
1147456,39.0
1147584,46.0
1147648,27.0
1147664,40.0
1147664,31.0
1147680,41.0
1147744,44.0
1147760,34.0
1147824,71.0
1147872,28.0
1147888,42.0
1147984,68.0
1148016,71.0
1148048,60.0
1148112,29.0
1148208,24.0
1148240,12.0
1148240,49.0
1148288,44.0
1148304,40.0
1148320,28.0
1148336,62.0
1148400,46.0
1148464,65.0
1148576,37.0
1148592,57.0
1148592,36.0
1148608,23.0
1148688,50.0
1148736,25.0
1148752,40.0
1148848,40.0
1148864,69.0
1148864,35.0
1149024,49.0
1149040,28.0
1149056,46.0
1149088,21.0
1149104,40.0
1149216,92.0
1149232,39.0
1149312,57.0
1149344,38.0
1149392,23.0
1149408,52.0
1149424,71.0
1149472,24.0
1149552,28.0
1149584,56.0
1149648,49.0
1149648,66.0
1149664,51.0
1149664,39.0
1149696,30.0
1149728,21.0
1149840,38.0
1149936,29.0
1149952,56.0
1150016,72.0
1150112,26.0
1150112,28.0
1150144,46.0
1150208,35.0
1150240,58.0
1150256,42.0
1150416,43.0
1150464,65.0
1150496,53.0
1150528,43.0
1150608,66.0
1150640,61.0
1150720,44.0
1150736,30.0
1150816,38.0
1150880,48.0
1150896,60.0
1150896,47.0
1150976,21.0
1150976,28.0
1150992,47.0
1151056,107.0
1151056,21.0
1151072,29.0
1151264,72.0
1151280,34.0
1151280,51.0
1151312,31.0
1151360,59.0
1151376,24.0
1151392,31.0
1151472,95.0
1151488,38.0
1151520,39.0
1151632,36.0
1151648,72.0
1151792,45.0
1151840,54.0
1151904,53.0
1152016,47.0
1152032,47.0
1152064,49.0
1152064,37.0
1152128,47.0
1152128,48.0
1152160,40.0
1152272,81.0
1152320,63.0
1152368,33.0
1152400,63.0
1152496,53.0
1152496,29.0
1152512,38.0
1152640,30.0
1152672,38.0
1152720,37.0
1152736,69.0
1152736,78.0
1152768,61.0
1152848,33.0
1152848,36.0
1152880,47.0
1152976,36.0
1152992,31.0
1153040,33.0
1153040,25.0
1153056,21.0
1153088,45.0
1153136,29.0
1153184,21.0
1153200,29.0
1153248,23.0
1153296,33.0
1153312,51.0
1153344,31.0
1153472,91.0
1153536,50.0
1153568,37.0
1153632,98.0
1153632,34.0
1153792,38.0
1153936,55.0
1153968,27.0
1153968,39.0
1153968,42.0
1154016,55.0
1154032,65.0
1154144,52.0
1154288,68.0
1154288,78.0
1154384,47.0
1154400,27.0
1154416,73.0
1154432,50.0
1154464,42.0
1154528,66.0
1154528,93.0
1154624,41.0
1154704,42.0
1154784,51.0
1154816,26.0
1154848,27.0
1154928,49.0
1155008,30.0
1155072,71.0
1155072,94.0
1155088,67.0
1155184,30.0
1155216,47.0
1155232,44.0
1155248,60.0
1155264,26.0
1155296,54.0
1155376,68.0
1155472,34.0
1155536,28.0
1155568,47.0
1155568,59.0
1155632,39.0
1155712,30.0
1155808,46.0
1155872,31.0
1155904,38.0
1155904,52.0
1155968,47.0
1155968,44.0
1155984,26.0
1156000,101.0
1156224,90.0
1156272,46.0
1156304,21.0
1156304,66.0
1156336,23.0
1156336,27.0
1156352,73.0
1156400,58.0
1156480,42.0
1156512,59.0
1156608,21.0
1156608,38.0
1156624,62.0
1156656,59.0
1156672,43.0
1156720,51.0
1156800,58.0
1156816,30.0
1156848,32.0
1156848,34.0
1156880,41.0
1157040,40.0
1157120,32.0
1157184,23.0
1157232,55.0
1157248,39.0
1157296,26.0
1157376,41.0
1157408,35.0
1157424,51.0
1157472,39.0
1157520,53.0
1157568,79.0
1157632,25.0
1157648,38.0
1157728,76.0
1157744,35.0
1157744,23.0
1157776,33.0
1157872,87.0
1157888,77.0
1157952,72.0
1158016,56.0
1158064,27.0
1158080,35.0
1158128,44.0
1158256,30.0
1158256,23.0
1158272,54.0
1158320,19.0
1158336,29.0
1158384,20.0
1158448,72.0
1158544,26.0
1158544,51.0
1158592,32.0
1158640,56.0
1158640,73.0
1158736,30.0
1158816,67.0
1158928,41.0
1158944,43.0
1158944,62.0
1159008,85.0
1159024,36.0
1159072,94.0
1159152,26.0
1159168,39.0
1159168,36.0
1159200,51.0
1159248,58.0
1159424,31.0
1159424,68.0
1159456,24.0
1159472,52.0
1159488,53.0
1159488,30.0
1159552,24.0
1159584,48.0
1159584,40.0
1159776,22.0
1159808,54.0
1159920,45.0
1159920,86.0
1159952,49.0
1159984,25.0
1160016,34.0
1160176,58.0
1160256,69.0
1160256,48.0
1160272,51.0
1160304,22.0
1160416,40.0
1160416,87.0
1160416,58.0
1160496,57.0
1160576,41.0
1160592,49.0
1160608,66.0
1160672,78.0
1160672,26.0
1160688,42.0
1160784,33.0
1160864,59.0
1161008,52.0
1161040,27.0
1161056,24.0
1161056,40.0
1161088,49.0
1161104,43.0
1161168,30.0
1161248,79.0
1161296,45.0
1161344,35.0
1161456,74.0
1161472,38.0
1161504,57.0
1161520,30.0
1161552,66.0
1161872,26.0
1161872,54.0
1161888,45.0
1161888,24.0
1161920,78.0
1162032,101.0
1162048,36.0
1162064,34.0
1162128,36.0
1162128,49.0
1162144,66.0
1162208,72.0
1162208,21.0
1162240,62.0
1162272,73.0
1162448,72.0
1162512,39.0
1162512,39.0
1162528,41.0
1162592,24.0
1162608,43.0
1162608,36.0
1162656,33.0
1162704,103.0
1162720,42.0
1162752,38.0
1162944,46.0
1162944,27.0
1163040,57.0
1163040,37.0
1163152,39.0
1163184,57.0
1163200,60.0
1163264,38.0
1163264,34.0
1163328,46.0
1163424,85.0
1163472,60.0
1163568,60.0
1163632,37.0
1163664,66.0
1163856,37.0
1163856,69.0
1163904,36.0
1163904,30.0
1163936,62.0
1164000,27.0
1164048,36.0
1164096,57.0
1164128,68.0
1164128,31.0
1164240,65.0
1164240,81.0
1164304,25.0
1164368,29.0
1164384,70.0
1164464,38.0
1164528,86.0
1164576,57.0
1164576,36.0
1164656,45.0
1164704,53.0
1164816,36.0
1164864,46.0
1164928,25.0
1164992,143.0
1165008,48.0
1165040,62.0
1165056,58.0
1165072,31.0
1165136,52.0
1165136,42.0
1165168,37.0
1165200,69.0
1165264,56.0
1165312,58.0
1165360,18.0
1165472,51.0
1165552,53.0
1165600,25.0
1165728,50.0
1165728,35.0
1165728,23.0
1165744,38.0
1165856,34.0
1165888,53.0
1165888,64.0
1165968,60.0
1165968,23.0
1166064,67.0
1166112,81.0
1166112,40.0
1166272,34.0
1166336,28.0
1166432,44.0
1166480,76.0
1166544,43.0
1166560,51.0
1166576,90.0
1166576,53.0
1166576,38.0
1166608,34.0
1166624,41.0
1166656,100.0
1166704,37.0
1166704,72.0
1166880,34.0
1166928,41.0
1166944,32.0
1167024,28.0
1167040,58.0
1167056,22.0
1167072,31.0
1167168,80.0
1167216,37.0
1167328,49.0
1167328,47.0
1167392,32.0
1167408,30.0
1167408,58.0
1167424,48.0
1167472,48.0
1167584,35.0
1167600,34.0
1167632,26.0
1167680,67.0
1167760,37.0
1167776,52.0
1167840,48.0
1167856,81.0
1167920,32.0
1167968,40.0
1167968,35.0
1168032,44.0
1168128,33.0
1168256,36.0
1168352,60.0
1168416,40.0
1168416,49.0
1168576,38.0
1168608,98.0
1168688,58.0
1168832,78.0
1168848,58.0
1168896,30.0
1168912,67.0
1168928,32.0
1168960,96.0
1168976,70.0
1169008,61.0
1169072,69.0
1169088,101.0
1169152,64.0
1169216,33.0
1169248,56.0
1169360,32.0
1169376,25.0
1169408,72.0
1169408,25.0
1169440,32.0
1169488,33.0
1169520,27.0
1169568,31.0
1169600,28.0
1169616,25.0
1169648,51.0
1169792,55.0
1169904,63.0
1169984,38.0
1170064,91.0
1170080,52.0
1170096,33.0
1170096,43.0
1170144,41.0
1170176,46.0
1170400,47.0
1170416,56.0
1170432,116.0
1170448,68.0
1170464,54.0
1170480,36.0
1170560,72.0
1170624,63.0
1170688,44.0
1170720,39.0
1170784,40.0
1170832,41.0
1170864,28.0
1170880,51.0
1170944,72.0
1170992,37.0
1171040,59.0
1171168,46.0
1171168,44.0
1171184,46.0
1171280,31.0
1171280,26.0
1171312,47.0
1171328,44.0
1171344,39.0
1171456,86.0
1171456,61.0
1171488,38.0
1171536,53.0
1171568,18.0
1171632,37.0
1171648,23.0
1171664,52.0
1171664,45.0
1171680,32.0
1171808,51.0
1171936,17.0
1171952,49.0
1171968,41.0
1171968,40.0
1172096,40.0
1172128,30.0
1172176,31.0
1172176,40.0
1172256,43.0
1172320,61.0
1172368,55.0
1172384,36.0
1172432,61.0
1172512,35.0
1172528,84.0
1172560,58.0
1172592,58.0
1172656,30.0
1172736,50.0
1172736,48.0
1172784,25.0
1172800,39.0
1172944,51.0
1172960,62.0
1173120,20.0
1173136,36.0
1173152,49.0
1173280,64.0
1173280,34.0
1173328,56.0
1173360,48.0
1173376,66.0
1173456,58.0
1173472,33.0
1173488,87.0
1173504,48.0
1173552,37.0
1173616,52.0
1173632,70.0
1173808,43.0
1173808,41.0
1173856,36.0
1173904,26.0
1174032,44.0
1174048,34.0
1174144,37.0
1174176,45.0
1174176,65.0
1174224,53.0
1174256,100.0
1174256,61.0
1174272,41.0
1174320,53.0
1174336,44.0
1174432,24.0
1174464,69.0
1174480,28.0
1174512,21.0
1174576,45.0
1174608,44.0
1174736,58.0
1174752,31.0
1174768,34.0
1174896,35.0
1174912,41.0
1174960,33.0
1175008,46.0
1175136,60.0
1175264,70.0
1175312,36.0
1175328,51.0
1175360,25.0
1175376,98.0
1175408,32.0
1175456,71.0
1175472,44.0
1175472,45.0
1175488,57.0
1175504,23.0
1175568,41.0
1175632,64.0
1175648,74.0
1175664,25.0
1175744,17.0
1175856,31.0
1175936,58.0
1175936,23.0
1175936,30.0
1175984,94.0
1175984,41.0
1176112,29.0
1176128,12.0
1176224,23.0
1176288,61.0
1176288,49.0
1176288,50.0
1176352,61.0
1176464,50.0
1176528,26.0
1176576,59.0
1176624,43.0
1176624,72.0
1176640,41.0
1176720,23.0
1176752,48.0
1176768,85.0
1176848,39.0
1176928,40.0
1177024,56.0
1177072,34.0
1177072,49.0
1177216,40.0
1177216,36.0
1177312,64.0
1177328,87.0
1177360,40.0
1177376,47.0
1177392,103.0
1177456,44.0
1177488,45.0
1177568,40.0
1177600,33.0
1177632,49.0
1177696,30.0
1177824,50.0
1177856,77.0
1177888,35.0
1177904,34.0
1177904,43.0
1177920,33.0
1177952,93.0
1177952,29.0
1178000,58.0
1178112,32.0
1178144,36.0
1178192,51.0
1178224,57.0
1178224,23.0
1178256,27.0
1178448,62.0
1178464,32.0
1178464,22.0
1178544,34.0
1178576,42.0
1178608,41.0
1178640,26.0
1178672,47.0
1178688,62.0
1178704,67.0
1178784,35.0
1178816,42.0
1178816,35.0
1178912,28.0
1179168,45.0
1179184,80.0
1179280,42.0
1179328,71.0
1179376,42.0
1179392,58.0
1179392,53.0
1179408,37.0
1179408,37.0
1179504,58.0
1179520,102.0
1179552,48.0
1179568,58.0
1179680,25.0
1179776,24.0
1179808,27.0
1179824,71.0
1179840,18.0
1179888,30.0
1179904,31.0
1179936,47.0
1180032,54.0
1180064,42.0
1180096,74.0
1180240,45.0
1180256,58.0
1180368,37.0
1180368,50.0
1180416,46.0
1180512,30.0
1180544,38.0
1180576,43.0
1180640,51.0
1180704,75.0
1180752,43.0
1180768,54.0
1180832,135.0
1180912,41.0
1180912,69.0
1180944,25.0
1180976,55.0
1181040,39.0
1181040,42.0
1181072,27.0
1181072,77.0
1181104,33.0
1181200,52.0
1181248,63.0
1181328,39.0
1181376,54.0
1181392,20.0
1181568,46.0
1181600,31.0
1181648,25.0
1181664,47.0
1181728,60.0
1181808,56.0
1181824,53.0
1181824,55.0
1181872,70.0
1182064,43.0
1182080,47.0
1182096,66.0
1182112,67.0
1182160,37.0
1182208,24.0
1182256,74.0
1182368,61.0
1182400,37.0
1182448,45.0
1182464,54.0
1182480,38.0
1182480,80.0
1182496,21.0
1182608,22.0
1182656,36.0
1182672,35.0
1182800,37.0
1182864,65.0
1182880,51.0
1182976,38.0
1182992,32.0
1182992,84.0
1183008,38.0
1183040,86.0
1183104,40.0
1183152,42.0
1183152,31.0
1183248,40.0
1183280,52.0
1183344,30.0
1183376,36.0
1183424,34.0
1183424,83.0
1183504,32.0
1183632,37.0
1183664,62.0
1183744,37.0
1183792,50.0
1183792,40.0
1183904,33.0
1183904,50.0
1183904,39.0
1183936,58.0
1183952,91.0
1183968,45.0
1184096,37.0
1184096,70.0
1184112,20.0
1184128,29.0
1184160,46.0
1184240,21.0
1184384,30.0
1184400,41.0
1184480,36.0
1184480,66.0
1184512,55.0
1184528,37.0
1184656,35.0
1184704,29.0
1184752,41.0
1184768,41.0
1184896,59.0
1184896,32.0
1184928,33.0
1184928,50.0
1184944,61.0
1184976,51.0
1185056,36.0
1185104,36.0
1185248,91.0
1185344,43.0
1185472,33.0
1185536,27.0
1185584,69.0
1185584,41.0
1185600,56.0
1185632,55.0
1185680,39.0
1185712,51.0
1185856,32.0
1185872,39.0
1185920,64.0
1185936,162.0
1185952,64.0
1186000,64.0
1186016,94.0
1186160,87.0
1186256,34.0
1186256,45.0
1186336,46.0
1186368,49.0
1186416,46.0
1186544,43.0
1186576,44.0
1186592,40.0
1186688,76.0
1186704,34.0
1186800,54.0
1186864,77.0
1186896,40.0
1186912,41.0
1186912,83.0
1187008,63.0
1187024,41.0
1187056,30.0
1187120,49.0
1187216,81.0
1187248,77.0
1187344,40.0
1187344,27.0
1187408,45.0
1187472,66.0
1187488,43.0
1187520,39.0
1187632,18.0
1187792,58.0
1187808,56.0
1187840,78.0
1187856,52.0
1187872,54.0
1187936,51.0
1187968,39.0
1188048,62.0
1188048,50.0
1188064,53.0
1188096,43.0
1188112,40.0
1188224,23.0
1188272,30.0
1188336,44.0
1188448,58.0
1188464,120.0
1188528,45.0
1188624,47.0
1188672,35.0
1188752,57.0
1188800,47.0
1188816,45.0
1188864,50.0
1188880,52.0
1188896,35.0
1188912,89.0
1189056,24.0
1189104,13.0
1189120,56.0
1189168,23.0
1189328,32.0
1189360,52.0
1189376,57.0
1189408,92.0
1189408,60.0
1189440,43.0
1189568,41.0
1189584,45.0
1189616,84.0
1189632,32.0
1189664,106.0
1189760,55.0
1189792,39.0
1189952,32.0
1189984,36.0
1190032,88.0
1190080,28.0
1190160,50.0
1190176,70.0
1190192,49.0
1190224,53.0
1190272,32.0
1190480,86.0
1190528,60.0
1190576,62.0
1190576,22.0
1190640,23.0
1190640,53.0
1190656,36.0
1190656,31.0
1190688,67.0
1190704,86.0
1190704,47.0
1190720,66.0
1190848,51.0
1190864,55.0
1191008,52.0
1191040,53.0
1191072,34.0
1191152,42.0
1191232,41.0
1191232,36.0
1191296,41.0
1191296,36.0
1191296,27.0
1191376,19.0
1191440,27.0
1191456,47.0
1191584,55.0
1191616,29.0
1191648,50.0
1191696,66.0
1191744,44.0
1191744,66.0
1191840,38.0
1191952,81.0
1192032,36.0
1192032,91.0
1192080,49.0
1192080,49.0
1192128,43.0
1192176,37.0
1192192,60.0
1192288,42.0
1192288,62.0
1192320,59.0
1192336,37.0
1192336,37.0
1192464,27.0
1192464,24.0
1192704,42.0
1192720,55.0
1192736,28.0
1192784,31.0
1192800,45.0
1192944,38.0
1193056,88.0
1193120,50.0
1193152,51.0
1193232,48.0
1193248,66.0
1193248,70.0
1193344,25.0
1193424,44.0
1193472,43.0
1193472,95.0
1193504,48.0
1193552,116.0
1193680,76.0
1193680,35.0
1193760,44.0
1193760,66.0
1193808,41.0
1193952,30.0
1194000,114.0
1194016,34.0
1194080,52.0
1194096,42.0
1194128,28.0
1194176,39.0
1194176,26.0
1194192,87.0
1194416,41.0
1194464,41.0
1194496,72.0
1194592,84.0
1194608,26.0
1194656,41.0
1194672,45.0
1194752,95.0
1194896,48.0
1194912,52.0
1194912,28.0
1195008,52.0
1195072,87.0
1195088,37.0
1195104,100.0
1195136,65.0
1195200,64.0
1195200,37.0
1195248,31.0
1195280,23.0
1195360,44.0
1195472,12.0
1195472,24.0
1195600,63.0
1195696,37.0
1195728,82.0
1195792,41.0
1195840,23.0
1195888,33.0
1195904,118.0
1195936,29.0
1196064,23.0
1196112,75.0
1196128,66.0
1196144,56.0
1196288,24.0
1196320,70.0
1196416,95.0
1196416,51.0
1196480,26.0
1196560,52.0
1196576,98.0
1196736,59.0
1196768,30.0
1196768,98.0
1196816,61.0
1196848,57.0
1196880,46.0
1196880,29.0
1196944,142.0
1196976,41.0
1196976,53.0
1197024,57.0
1197088,42.0
1197264,20.0
1197312,52.0
1197312,34.0
1197344,23.0
1197424,53.0
1197456,98.0
1197488,58.0
1197536,41.0
1197568,37.0
1197584,51.0
1197584,53.0
1197600,36.0
1197648,35.0
1197792,57.0
1197824,35.0
1197840,62.0
1197856,23.0
1197888,36.0
1198080,32.0
1198144,43.0
1198144,35.0
1198208,56.0
1198224,50.0
1198240,26.0
1198288,59.0
1198288,40.0
1198432,53.0
1198432,101.0
1198576,49.0
1198624,64.0
1198672,71.0
1198688,16.0
1198704,26.0
1198720,40.0
1198752,54.0
1198800,60.0
1198816,42.0
1198832,37.0
1198896,43.0
1199024,37.0
1199040,74.0
1199088,54.0
1199184,23.0
1199184,38.0
1199200,36.0
1199216,67.0
1199248,31.0
1199296,37.0
1199296,63.0
1199312,26.0
1199424,21.0
1199504,49.0
1199552,45.0
1199600,50.0
1199696,25.0
1199744,34.0
1199824,25.0
1199856,52.0
1199952,40.0
1199968,81.0
1200000,47.0
1200048,85.0
1200048,54.0
1200112,38.0
1200112,26.0
1200272,45.0
1200288,78.0
1200368,23.0
1200400,22.0
1200464,78.0
1200480,32.0
1200480,41.0
1200512,14.0
1200576,80.0
1200608,41.0
1200640,91.0
1200832,77.0
1200848,23.0
1200912,34.0
1200928,51.0
1200928,55.0
1201008,25.0
1201024,32.0
1201040,48.0
1201072,15.0
1201120,79.0
1201120,45.0
1201184,38.0
1201264,49.0
1201312,24.0
1201376,102.0
1201408,59.0
1201456,84.0
1201488,35.0
1201520,42.0
1201584,59.0
1201616,37.0
1201648,29.0
1201648,40.0
1201648,46.0
1201664,39.0
1201872,35.0
1201920,34.0
1201952,27.0
1201952,52.0
1201952,43.0
1201968,53.0
1202096,28.0
1202176,32.0
1202176,35.0
1202256,38.0
1202288,55.0
1202384,82.0
1202448,36.0
1202464,61.0
1202544,68.0
1202624,41.0
1202672,36.0
1202752,69.0
1202752,50.0
1202800,76.0
1202800,39.0
1202880,39.0
1203040,70.0
1203072,39.0
1203104,72.0
1203200,41.0
1203232,38.0
1203264,24.0
1203264,50.0
1203392,37.0
1203392,40.0
1203424,47.0
1203424,92.0
1203440,66.0
1203488,75.0
1203536,85.0
1203584,49.0
1203744,62.0
1203808,38.0
1203840,25.0
1203904,52.0
1203968,44.0
1203984,37.0
1204064,30.0
1204080,41.0
1204096,35.0
1204096,54.0
1204112,23.0
1204144,45.0
1204160,70.0
1204176,49.0
1204224,60.0
1204448,24.0
1204480,62.0
1204512,22.0
1204544,46.0
1204544,90.0
1204560,28.0
1204592,47.0
1204672,43.0
1204704,38.0
1204800,56.0
1204928,49.0
1205024,50.0
1205040,54.0
1205072,35.0
1205136,37.0
1205248,72.0
1205344,26.0
1205376,51.0
1205392,43.0
1205408,24.0
1205408,83.0
1205424,47.0
1205440,40.0
1205584,69.0
1205600,33.0
1205616,36.0
1205632,12.0
1205648,69.0
1205712,70.0
1205824,26.0
1205936,93.0
1206032,25.0
1206032,56.0
1206048,50.0
1206112,33.0
1206144,46.0
1206160,28.0
1206208,140.0
1206208,52.0
1206224,52.0
1206288,42.0
1206288,54.0
1206352,47.0
1206368,45.0
1206432,25.0
1206480,27.0
1206592,30.0
1206656,28.0
1206656,39.0
1206704,55.0
1206704,30.0
1206720,27.0
1206752,24.0
1206848,57.0
1206864,32.0
1206928,99.0
1206976,48.0
1207040,47.0
1207040,55.0
1207088,59.0
1207312,41.0
1207360,40.0
1207424,24.0
1207440,37.0
1207568,51.0
1207584,34.0
1207600,39.0
1207600,59.0
1207616,64.0
1207616,47.0
1207648,59.0
1207664,36.0
1207696,76.0
1207712,63.0
1207808,28.0
1207824,25.0
1207936,31.0
1207952,95.0
1208080,24.0
1208112,74.0
1208224,38.0
1208256,42.0
1208304,41.0
1208336,64.0
1208336,33.0
1208336,46.0
1208336,45.0
1208576,61.0
1208576,29.0
1208608,49.0
1208624,57.0
1208928,53.0
1208928,61.0
1208944,38.0
1208944,38.0
1208960,87.0
1208960,44.0
1209008,27.0
1209056,47.0
1209104,31.0
1209152,93.0
1209200,39.0
1209232,56.0
1209248,82.0
1209344,70.0
1209552,37.0
1209568,39.0
1209584,40.0
1209600,40.0
1209696,28.0
1209744,51.0
1209776,45.0
1209808,38.0
1209840,52.0
1209888,46.0
1209920,81.0
1209936,100.0
1209968,39.0
1210000,56.0
1210080,33.0
1210240,63.0
1210304,29.0
1210352,38.0
1210352,27.0
1210368,90.0
1210384,50.0
1210432,29.0
1210480,34.0
1210480,44.0
1210560,35.0
1210624,64.0
1210624,58.0
1210640,67.0
1210672,54.0
1210800,27.0
1210864,61.0
1210912,38.0
1210944,29.0
1210960,45.0
1210976,39.0
1211008,41.0
1211040,25.0
1211056,27.0
1211120,65.0
1211248,54.0
1211312,25.0
1211360,46.0
1211408,58.0
1211456,56.0
1211536,36.0
1211568,71.0
1211616,59.0
1211664,45.0
1211680,40.0
1211728,42.0
1211744,59.0
1211840,52.0
1211904,49.0
1211952,40.0
1211968,45.0
1212032,66.0
1212080,25.0
1212112,23.0
1212144,80.0
1212176,40.0
1212208,23.0
1212288,58.0
1212288,55.0
1212304,53.0
1212336,48.0
1212368,40.0
1212384,22.0
1212416,28.0
1212512,53.0
1212624,42.0
1212640,29.0
1212704,26.0
1212720,26.0
1212736,41.0
1212736,52.0
1212784,36.0
1212944,52.0
1212976,35.0
1212976,52.0
1213008,40.0
1213024,43.0
1213072,28.0
1213072,49.0
1213216,100.0
1213312,42.0
1213328,34.0
1213344,38.0
1213344,60.0
1213344,21.0
1213360,21.0
1213456,47.0
1213472,60.0
1213488,26.0
1213600,54.0
1213792,51.0
1213824,47.0
1213888,34.0
1213936,28.0
1213936,62.0
1213936,60.0
1213952,31.0
1214080,48.0
1214080,46.0
1214080,46.0
1214080,30.0
1214096,46.0
1214224,56.0
1214304,99.0
1214336,54.0
1214496,35.0
1214576,85.0
1214592,50.0
1214656,35.0
1214672,49.0
1214688,46.0
1214848,48.0
1214928,53.0
1214944,38.0
1215008,67.0
1215264,90.0
1215296,23.0
1215376,50.0
1215392,45.0
1215440,59.0
1215504,89.0
1215520,90.0
1215552,83.0
1215568,61.0
1215600,57.0
1215616,48.0
1215648,22.0
1215712,66.0
1215776,32.0
1215792,93.0
1215808,117.0
1215936,62.0
1216016,26.0
1216080,29.0
1216112,42.0
1216128,26.0
1216224,41.0
1216256,55.0
1216272,55.0
1216320,19.0
1216352,53.0
1216384,38.0
1216448,32.0
1216464,41.0
1216496,59.0
1216544,29.0
1216688,56.0
1216752,39.0
1216784,32.0
1216800,80.0
1216864,76.0
1216864,26.0
1216928,27.0
1216976,123.0
1217040,51.0
1217056,37.0
1217056,23.0
1217136,37.0
1217168,49.0
1217200,28.0
1217216,60.0
1217440,68.0
1217472,31.0
1217504,28.0
1217520,45.0
1217552,90.0
1217584,26.0
1217600,42.0
1217632,26.0
1217680,56.0
1217744,38.0
1217808,93.0
1217824,22.0
1217968,69.0
1218016,26.0
1218096,36.0
1218128,36.0
1218192,23.0
1218208,25.0
1218208,63.0
1218224,37.0
1218224,74.0
1218224,85.0
1218352,24.0
1218384,44.0
1218400,60.0
1218480,24.0
1218480,89.0
1218576,22.0
1218608,30.0
1218704,43.0
1218720,31.0
1218768,34.0
1218800,81.0
1218800,76.0
1218848,31.0
1218944,29.0
1218960,35.0
1218992,38.0
1219008,51.0
1219024,34.0
1219072,54.0
1219152,59.0
1219216,31.0
1219264,12.0
1219360,35.0
1219360,35.0
1219360,47.0
1219360,22.0
1219376,42.0
1219424,27.0
1219440,54.0
1219504,46.0
1219568,114.0
1219632,49.0
1219648,44.0
1219728,48.0
1219824,29.0
1219824,29.0
1219824,29.0
1219952,43.0
1219952,32.0
1220016,62.0
1220048,43.0
1220112,34.0
1220128,44.0
1220208,35.0
1220224,63.0
1220336,74.0
1220336,24.0
1220432,50.0
1220448,39.0
1220528,72.0
1220544,45.0
1220560,66.0
1220640,37.0
1220656,52.0
1220688,36.0
1220704,36.0
1220752,50.0
1220816,68.0
1220832,12.0
1221040,44.0
1221072,46.0
1221088,35.0
1221104,28.0
1221136,44.0
1221168,59.0
1221280,37.0
1221312,48.0
1221344,49.0
1221392,43.0
1221664,57.0
1221664,103.0
1221680,53.0
1221680,34.0
1221712,34.0
1221728,57.0
1221744,44.0
1221744,42.0
1221808,100.0
1221840,35.0
1222032,45.0
1222048,44.0
1222064,24.0
1222112,28.0
1222160,107.0
1222160,66.0
1222208,70.0
1222208,23.0
1222352,19.0
1222448,46.0
1222448,66.0
1222560,56.0
1222592,24.0
1222624,35.0
1222672,54.0
1222816,49.0
1222880,71.0
1222896,43.0
1222896,46.0
1222992,40.0
1222992,34.0
1223056,59.0
1223088,84.0
1223120,90.0
1223216,48.0
1223248,68.0
1223280,24.0
1223328,27.0
1223472,37.0
1223520,60.0
1223520,112.0
1223520,44.0
1223616,39.0
1223632,63.0
1223680,63.0
1223744,41.0
1223744,31.0
1223744,72.0
1223808,37.0
1223840,53.0
1223920,37.0
1223936,26.0
1223936,51.0
1224096,36.0
1224128,38.0
1224160,43.0
1224160,30.0
1224240,74.0
1224272,22.0
1224272,33.0
1224368,68.0
1224560,45.0
1224576,59.0
1224656,65.0
1224688,33.0
1224720,57.0
1224768,38.0
1224784,34.0
1224784,53.0
1224816,43.0
1224848,57.0
1224848,47.0
1224960,43.0
1224992,45.0
1225008,79.0
1225120,47.0
1225168,28.0
1225232,34.0
1225232,28.0
1225312,98.0
1225312,41.0
1225328,23.0
1225392,51.0
1225536,43.0
1225568,47.0
1225664,69.0
1225664,42.0
1225664,55.0
1225776,48.0
1225840,38.0
1225872,30.0
1225904,71.0
1225952,40.0
1226048,55.0
1226048,45.0
1226064,76.0
1226096,27.0
1226160,53.0
1226240,63.0
1226304,48.0
1226320,41.0
1226400,31.0
1226416,40.0
1226464,84.0
1226480,38.0
1226528,60.0
1226528,29.0
1226544,44.0
1226640,37.0
1226656,26.0
1226704,24.0
1226736,43.0
1226832,42.0
1227040,68.0
1227056,36.0
1227056,41.0
1227088,62.0
1227120,37.0
1227120,26.0
1227248,52.0
1227296,52.0
1227360,39.0
1227408,55.0
1227408,47.0
1227424,55.0
1227440,38.0
1227456,26.0
1227536,117.0
1227552,78.0
1227632,13.0
1227648,33.0
1227712,26.0
1227760,44.0
1227792,27.0
1227808,47.0
1227856,26.0
1227936,81.0
1227952,44.0
1227952,25.0
1228064,61.0
1228112,62.0
1228208,47.0
1228304,23.0
1228368,38.0
1228400,54.0
1228416,44.0
1228480,67.0
1228512,28.0
1228576,39.0
1228720,38.0
1228736,69.0
1228752,69.0
1228800,62.0
1228848,34.0
1228864,41.0
1228960,69.0
1229008,100.0
1229024,17.0
1229104,46.0
1229104,82.0
1229152,27.0
1229296,45.0
1229296,84.0
1229328,53.0
1229344,52.0
1229392,41.0
1229424,64.0
1229424,39.0
1229424,63.0
1229520,26.0
1229520,41.0
1229600,47.0
1229632,38.0
1229648,43.0
1229808,32.0
1229968,40.0
1230032,46.0
1230048,39.0
1230064,40.0
1230064,57.0
1230064,66.0
1230128,49.0
1230192,48.0
1230208,69.0
1230208,38.0
1230432,65.0
1230448,16.0
1230448,24.0
1230528,45.0
1230528,56.0
1230560,65.0
1230560,31.0
1230592,59.0
1230656,71.0
1230768,50.0
1230864,27.0
1230912,53.0
1230928,30.0
1230928,25.0
1230992,34.0
1231088,33.0
1231088,27.0
1231168,38.0
1231200,42.0
1231296,24.0
1231328,81.0
1231392,84.0
1231456,78.0
1231504,32.0
1231520,27.0
1231552,84.0
1231568,40.0
1231584,62.0
1231600,52.0
1231648,22.0
1231712,49.0
1231744,55.0
1231760,102.0
1231856,48.0
1231968,24.0
1232032,30.0
1232080,47.0
1232176,61.0
1232192,46.0
1232208,29.0
1232256,46.0
1232272,44.0
1232272,39.0
1232320,51.0
1232416,35.0
1232432,65.0
1232448,80.0
1232464,44.0
1232544,21.0
1232608,63.0
1232608,22.0
1232656,39.0
1232784,22.0
1232816,23.0
1232816,53.0
1232832,32.0
1232928,41.0
1232944,48.0
1232960,22.0
1233008,37.0
1233056,25.0
1233072,38.0
1233088,51.0
1233120,65.0
1233152,60.0
1233232,43.0
1233392,29.0
1233456,109.0
1233536,58.0
1233632,51.0
1233664,44.0
1233792,46.0
1233824,62.0
1233840,52.0
1233952,54.0
1234000,48.0
1234000,53.0
1234016,22.0
1234048,69.0
1234064,59.0
1234064,62.0
1234112,36.0
1234160,33.0
1234208,87.0
1234272,93.0
1234368,34.0
1234480,23.0
1234560,31.0
1234592,75.0
1234624,39.0
1234640,40.0
1234640,50.0
1234752,44.0
1234768,51.0
1234784,62.0
1234816,85.0
1234832,39.0
1234832,42.0
1235040,35.0
1235056,49.0
1235056,26.0
1235056,62.0
1235072,27.0
1235200,23.0
1235216,24.0
1235232,40.0
1235392,38.0
1235424,42.0
1235456,56.0
1235456,90.0
1235472,53.0
1235584,23.0
1235584,76.0
1235600,34.0
1235600,34.0
1235632,54.0
1235664,27.0
1235728,57.0
1235744,44.0
1235824,27.0
1235840,49.0
1235920,29.0
1236096,64.0
1236112,24.0
1236128,33.0
1236160,31.0
1236224,40.0
1236256,42.0
1236288,51.0
1236336,55.0
1236368,28.0
1236432,63.0
1236512,57.0
1236576,59.0
1236672,28.0
1236672,58.0
1236688,53.0
1236720,38.0
1236752,97.0
1236784,60.0
1236832,25.0
1236896,46.0
1236896,24.0
1236912,39.0
1236912,51.0
1236928,42.0
1236976,38.0
1237056,58.0
1237072,25.0
1237120,34.0
1237328,38.0
1237392,35.0
1237440,48.0
1237504,47.0
1237552,41.0
1237568,37.0
1237600,43.0
1237600,79.0
1237600,33.0
1237616,52.0
1237680,49.0
1237808,70.0
1237808,47.0
1237824,57.0
1237856,26.0
1237952,25.0
1238000,42.0
1238080,36.0
1238144,47.0
1238160,37.0
1238208,68.0
1238224,38.0
1238240,24.0
1238432,47.0
1238448,53.0
1238464,54.0
1238496,56.0
1238496,43.0
1238496,98.0
1238688,55.0
1238704,47.0
1238864,26.0
1238896,25.0
1238912,47.0
1238928,58.0
1238944,54.0
1238960,47.0
1238992,19.0
1239008,48.0
1239040,76.0
1239152,58.0
1239280,49.0
1239296,72.0
1239296,25.0
1239328,54.0
1239344,30.0
1239408,29.0
1239472,61.0
1239488,66.0
1239584,39.0
1239616,39.0
1239632,45.0
1239712,35.0
1239792,29.0
1239824,49.0
1239872,36.0
1239872,37.0
1239904,35.0
1240096,29.0
1240128,41.0
1240224,22.0
1240256,22.0
1240256,24.0
1240272,79.0
1240288,62.0
1240288,36.0
1240368,104.0
1240432,38.0
1240480,56.0
1240480,67.0
1240544,28.0
1240720,28.0
1240720,58.0
1240752,31.0
1240752,71.0
1240816,35.0
1240816,28.0
1240896,26.0
1240960,127.0
1240992,54.0
1241024,19.0
1241136,103.0
1241152,54.0
1241216,62.0
1241264,32.0
1241280,29.0
1241296,47.0
1241360,55.0
1241376,68.0
1241456,44.0
1241552,41.0
1241552,70.0
1241600,49.0
1241648,22.0
1241808,49.0
1241824,52.0
1241840,36.0
1241936,61.0
1241952,25.0
1242000,39.0
1242016,50.0
1242160,63.0
1242176,56.0
1242288,43.0
1242320,74.0
1242384,64.0
1242416,60.0
1242432,39.0
1242480,20.0
1242480,33.0
1242496,53.0
1242544,38.0
1242704,33.0
1242704,72.0
1242736,46.0
1242784,48.0
1242864,36.0
1242864,34.0
1242896,66.0
1242896,30.0
1243040,35.0
1243072,23.0
1243120,40.0
1243152,152.0
1243168,39.0
1243184,30.0
1243264,90.0
1243312,58.0
1243344,38.0
1243344,28.0
1243504,67.0
1243520,25.0
1243568,24.0
1243632,48.0
1243664,31.0
1243680,56.0
1243712,42.0
1243728,41.0
1243792,33.0
1243840,84.0
1243856,62.0
1243872,23.0
1243920,36.0
1243952,38.0
1244032,55.0
1244080,74.0
1244176,34.0
1244272,47.0
1244320,30.0
1244336,41.0
1244384,32.0
1244400,42.0
1244464,34.0
1244528,54.0
1244560,62.0
1244576,25.0
1244672,60.0
1244688,46.0
1244768,43.0
1244784,32.0
1244816,94.0
1244832,61.0
1244960,73.0
1245008,61.0
1245024,21.0
1245024,39.0
1245072,34.0
1245088,39.0
1245232,53.0
1245328,48.0
1245360,43.0
1245392,51.0
1245424,26.0
1245472,41.0
1245504,45.0
1245536,28.0
1245632,54.0
1245728,25.0
1245728,87.0
1245760,21.0
1245792,27.0
1245904,55.0
1245904,52.0
1245936,13.0
1245984,104.0
1246016,39.0
1246064,52.0
1246096,79.0
1246096,23.0
1246128,69.0
1246144,22.0
1246208,78.0
1246240,38.0
1246288,33.0
1246288,22.0
1246432,60.0
1246448,34.0
1246496,25.0
1246544,26.0
1246544,35.0
1246720,76.0
1246752,76.0
1246784,40.0
1246816,24.0
1246864,60.0
1246912,42.0
1246976,43.0
1247072,39.0
1247136,37.0
1247168,60.0
1247184,27.0
1247200,57.0
1247216,75.0
1247264,75.0
1247264,34.0
1247280,23.0
1247312,76.0
1247360,34.0
1247360,54.0
1247664,19.0
1247728,34.0
1247776,40.0
1247808,64.0
1247824,38.0
1247840,35.0
1247856,34.0
1247888,43.0
1247904,85.0
1247968,69.0
1248048,61.0
1248096,70.0
1248128,29.0
1248128,25.0
1248224,54.0
1248272,69.0
1248288,29.0
1248352,68.0
1248400,39.0
1248432,34.0
1248448,74.0
1248624,48.0
1248704,41.0
1248720,47.0
1248720,31.0
1248752,57.0
1248864,29.0
1248864,32.0
1248944,42.0
1248976,73.0
1248992,56.0
1249072,28.0
1249136,63.0
1249152,44.0
1249280,86.0
1249296,73.0
1249328,36.0
1249344,25.0
1249376,25.0
1249408,44.0
1249568,44.0
1249568,31.0
1249680,87.0
1249728,63.0
1249776,49.0
1249840,27.0
1249904,36.0
1249920,34.0
1249936,76.0
1249952,24.0
1250016,55.0
1250032,100.0
1250048,44.0
1250080,50.0
1250144,53.0
1250160,63.0
1250336,38.0
1250432,22.0
1250496,58.0
1250528,36.0
1250576,107.0
1250624,38.0
1250656,46.0
1250672,11.0
1250688,53.0
1250688,49.0
1250848,67.0
1250896,76.0
1250912,48.0
1250944,57.0
1250944,63.0
1251056,25.0
1251088,25.0
1251088,65.0
1251088,32.0
1251120,49.0
1251232,35.0
1251328,30.0
1251344,57.0
1251440,57.0
1251456,52.0
1251504,35.0
1251504,37.0
1251536,37.0
1251536,86.0
1251648,60.0
1251664,34.0
1251696,38.0
1251728,40.0
1251760,44.0
1251824,58.0
1251984,33.0
1252048,60.0
1252064,23.0
1252112,38.0
1252176,53.0
1252304,60.0
1252352,51.0
1252368,40.0
1252368,54.0
1252496,53.0
1252496,32.0
1252544,82.0
1252560,46.0
1252656,76.0
1252720,66.0
1252768,45.0
1252816,80.0
1252976,76.0
1252976,54.0
1253024,33.0
1253088,64.0
1253104,38.0
1253136,52.0
1253136,49.0
1253152,31.0
1253248,67.0
1253280,45.0
1253296,30.0
1253424,44.0
1253568,75.0
1253600,29.0
1253600,36.0
1253616,40.0
1253616,33.0
1253632,68.0
1253712,36.0
1253728,27.0
1253744,61.0
1253760,32.0
1253776,88.0
1253776,42.0
1253808,52.0
1253952,24.0
1254032,27.0
1254048,17.0
1254144,27.0
1254192,35.0
1254192,57.0
1254240,27.0
1254336,46.0
1254336,57.0
1254352,39.0
1254480,54.0
1254560,26.0
1254576,39.0
1254576,24.0
1254592,51.0
1254608,26.0
1254720,24.0
1254784,65.0
1254848,51.0
1255024,61.0
1255040,80.0
1255040,50.0
1255056,90.0
1255088,38.0
1255216,38.0
1255216,129.0
1255296,28.0
1255392,52.0
1255456,25.0
1255456,26.0
1255472,56.0
1255488,48.0
1255520,73.0
1255600,24.0
1255600,24.0
1255616,33.0
1255648,82.0
1255712,42.0
1255712,70.0
1255968,36.0
1256032,26.0
1256032,35.0
1256048,92.0
1256128,38.0
1256144,34.0
1256192,30.0
1256208,31.0
1256208,57.0
1256240,49.0
1256256,77.0
1256304,51.0
1256432,52.0
1256432,103.0
1256480,64.0
1256656,32.0
1256752,45.0
1256768,50.0
1256784,19.0
1256784,47.0
1256784,34.0
1256816,38.0
1256912,45.0
1256992,84.0
1257056,47.0
1257104,53.0
1257152,59.0
1257184,66.0
1257344,27.0
1257408,61.0
1257456,88.0
1257536,47.0
1257584,25.0
1257616,39.0
1257648,54.0
1257696,55.0
1257760,69.0
1257776,63.0
1257808,86.0
1257952,73.0
1257984,36.0
1258016,57.0
1258048,22.0
1258064,38.0
1258112,60.0
1258176,37.0
1258208,91.0
1258352,34.0
1258368,20.0
1258368,45.0
1258448,42.0
1258448,87.0
1258480,71.0
1258480,26.0
1258512,61.0
1258560,34.0
1258576,39.0
1258768,41.0
1258800,27.0
1258832,24.0
1258848,23.0
1258880,56.0
1258912,44.0
1258960,75.0
1259056,36.0
1259088,40.0
1259120,47.0
1259152,96.0
1259200,64.0
1259200,53.0
1259280,48.0
1259296,31.0
1259344,27.0
1259456,25.0
1259488,57.0
1259504,59.0
1259552,37.0
1259584,46.0
1259584,51.0
1259744,28.0
1259760,35.0
1259840,47.0
1260000,53.0
1260048,58.0
1260048,35.0
1260080,39.0
1260192,43.0
1260208,63.0
1260240,88.0
1260272,58.0
1260288,88.0
1260416,54.0
1260432,53.0
1260448,44.0
1260464,24.0
1260528,59.0
1260560,80.0
1260608,48.0
1260656,26.0
1260656,38.0
1260672,25.0
1260768,63.0
1260848,40.0
1260864,42.0
1260912,39.0
1261008,60.0
1261088,39.0
1261152,46.0
1261184,47.0
1261184,74.0
1261232,36.0
1261296,39.0
1261344,56.0
1261520,42.0
1261536,63.0
1261632,54.0
1261648,46.0
1261760,38.0
1261776,34.0
1261792,28.0
1261824,40.0
1261888,50.0
1261920,82.0
1261936,80.0
1261952,41.0
1262096,96.0
1262112,37.0
1262176,25.0
1262208,20.0
1262208,64.0
1262240,44.0
1262256,39.0
1262336,43.0
1262368,94.0
1262496,93.0
1262496,46.0
1262496,24.0
1262512,36.0
1262528,36.0
1262560,46.0
1262640,25.0
1262752,52.0
1262832,41.0
1262864,23.0
1262880,49.0
1262960,37.0
1263008,30.0
1263120,54.0
1263184,43.0
1263216,89.0
1263296,68.0
1263312,50.0
1263312,51.0
1263328,70.0
1263328,29.0
1263376,65.0
1263456,56.0
1263520,48.0
1263728,56.0
1263792,36.0
1263840,52.0
1263888,35.0
1263952,36.0
1263968,41.0
1263984,50.0
1264016,66.0
1264064,89.0
1264176,41.0
1264272,72.0
1264384,94.0
1264384,27.0
1264480,43.0
1264496,27.0
1264544,78.0
1264576,70.0
1264576,38.0
1264608,48.0
1264656,84.0
1264720,62.0
1264864,37.0
1264880,97.0
1264912,26.0
1264992,63.0
1265008,39.0
1265008,25.0
1265040,35.0
1265056,73.0
1265104,28.0
1265152,36.0
1265152,61.0
1265232,32.0
1265280,23.0
1265344,21.0
1265360,51.0
1265424,53.0
1265472,38.0
1265520,32.0
1265520,71.0
1265584,44.0
1265728,107.0
1265744,47.0
1265744,40.0
1265808,48.0
1265824,37.0
1265824,34.0
1265840,30.0
1265856,44.0
1265984,52.0
1266016,27.0
1266048,39.0
1266064,34.0
1266160,26.0
1266192,71.0
1266208,23.0
1266336,62.0
1266400,34.0
1266416,38.0
1266416,59.0
1266464,45.0
1266528,44.0
1266544,45.0
1266576,26.0
1266608,39.0
1266608,68.0
1266736,42.0
1266784,66.0
1266832,27.0
1267040,52.0
1267040,53.0
1267168,40.0
1267232,43.0
1267296,78.0
1267296,55.0
1267328,47.0
1267376,34.0
1267376,48.0
1267408,39.0
1267424,88.0
1267472,66.0
1267504,29.0
1267552,59.0
1267616,36.0
1267680,84.0
1267824,68.0
1268016,45.0
1268048,27.0
1268064,37.0
1268064,35.0
1268064,46.0
1268080,41.0
1268080,33.0
1268128,60.0
1268288,38.0
1268448,23.0
1268496,70.0
1268496,79.0
1268496,70.0
1268544,78.0
1268624,135.0
1268672,41.0
1268864,50.0
1268912,53.0
1268928,53.0
1268960,97.0
1268960,71.0
1268960,56.0
1269024,33.0
1269040,26.0
1269056,35.0
1269104,41.0
1269200,41.0
1269248,75.0
1269296,73.0
1269328,52.0
1269472,35.0
1269536,31.0
1269536,21.0
1269552,39.0
1269632,24.0
1269712,47.0
1269744,40.0
1269760,50.0
1269824,96.0
1269840,32.0
1269904,59.0
1269984,58.0
1270096,67.0
1270128,52.0
1270176,82.0
1270208,23.0
1270208,42.0
1270240,38.0
1270256,31.0
1270304,48.0
1270304,102.0
1270320,31.0
1270336,54.0
1270608,54.0
1270672,29.0
1270688,28.0
1270736,38.0
1270784,77.0
1270784,33.0
1270800,51.0
1270912,38.0
1270992,51.0
1271088,25.0
1271152,52.0
1271152,66.0
1271168,91.0
1271184,55.0
1271248,57.0
1271296,87.0
1271360,43.0
1271376,73.0
1271408,42.0
1271424,51.0
1271472,24.0
1271520,46.0
1271568,48.0
1271648,30.0
1271696,49.0
1271776,39.0
1271792,63.0
1271792,50.0
1271968,42.0
1272032,38.0
1272032,35.0
1272064,57.0
1272080,45.0
1272128,45.0
1272160,61.0
1272192,25.0
1272240,28.0
1272288,45.0
1272416,24.0
1272448,75.0
1272448,58.0
1272496,70.0
1272512,51.0
1272576,58.0
1272608,52.0
1272656,43.0
1272816,49.0
1272816,47.0
1272832,21.0
1272880,43.0
1272896,28.0
1273056,48.0
1273088,53.0
1273120,44.0
1273120,65.0
1273120,62.0
1273216,40.0
1273232,67.0
1273248,27.0
1273312,54.0
1273456,23.0
1273456,21.0
1273472,60.0
1273488,38.0
1273520,39.0
1273552,46.0
1273584,33.0
1273600,30.0
1273600,62.0
1273616,60.0
1273712,29.0
1273744,57.0
1273760,28.0
1273792,35.0
1273936,29.0
1274048,52.0
1274064,36.0
1274160,44.0
1274160,38.0
1274240,49.0
1274416,50.0
1274464,55.0
1274480,43.0
1274528,58.0
1274528,49.0
1274608,63.0
1274672,46.0
1274688,73.0
1274752,65.0
1274848,50.0
1274896,52.0
1274976,35.0
1274976,76.0
1274992,47.0
1275040,120.0
1275088,58.0
1275136,24.0
1275184,41.0
1275232,39.0
1275248,49.0
1275296,39.0
1275328,73.0
1275376,24.0
1275488,50.0
1275536,66.0
1275568,45.0
1275728,47.0
1275744,41.0
1275744,32.0
1275760,49.0
1275760,39.0
1275776,78.0
1275792,47.0
1275824,36.0
1275904,45.0
1276192,51.0
1276208,55.0
1276208,45.0
1276256,45.0
1276304,88.0
1276336,38.0
1276432,40.0
1276528,60.0
1276528,47.0
1276544,45.0
1276560,50.0
1276592,24.0
1276624,83.0
1276656,25.0
1276688,58.0
1276704,25.0
1276736,25.0
1276816,39.0
1276864,41.0
1276912,63.0
1276912,30.0
1276960,76.0
1277232,43.0
1277280,37.0
1277280,47.0
1277312,47.0
1277408,44.0
1277456,107.0
1277504,43.0
1277536,50.0
1277648,46.0
1277712,70.0
1277712,66.0
1277744,70.0
1277792,35.0
1277824,32.0
1277952,65.0
1278032,47.0
1278032,73.0
1278032,47.0
1278064,69.0
1278192,46.0
1278208,50.0
1278240,107.0
1278352,40.0
1278464,45.0
1278480,41.0
1278480,28.0
1278512,63.0
1278608,56.0
1278624,52.0
1278736,44.0
1278800,35.0
1278816,49.0
1278848,23.0
1278864,42.0
1278880,77.0
1278880,23.0
1279088,71.0
1279136,100.0
1279216,30.0
1279248,49.0
1279248,24.0
1279264,75.0
1279344,45.0
1279344,46.0
1279344,71.0
1279472,37.0
1279504,41.0
1279520,44.0
1279520,45.0
1279584,31.0
1279600,45.0
1279680,75.0
1279744,33.0
1279744,38.0
1279872,38.0
1279968,101.0
1279984,46.0
1280064,51.0
1280112,40.0
1280128,49.0
1280208,54.0
1280224,40.0
1280352,63.0
1280368,53.0
1280448,44.0
1280448,53.0
1280496,51.0
1280512,40.0
1280512,34.0
1280560,65.0
1280560,36.0
1280560,51.0
1280592,24.0
1280784,42.0
1280832,48.0
1280864,17.0
1280976,12.0
1280992,93.0
1281008,55.0
1281040,37.0
1281088,36.0
1281120,56.0
1281264,44.0
1281312,60.0
1281376,51.0
1281392,55.0
1281408,27.0
1281504,63.0
1281520,72.0
1281536,42.0
1281632,37.0
1281712,25.0
1281744,30.0
1281760,48.0
1281824,27.0
1281888,50.0
1281920,85.0
1281984,61.0
1282080,34.0
1282096,43.0
1282096,103.0
1282144,64.0
1282144,24.0
1282224,53.0
1282272,24.0
1282336,44.0
1282352,95.0
1282384,25.0
1282400,55.0
1282576,52.0
1282720,76.0
1282752,58.0
1282800,41.0
1282912,43.0
1282960,54.0
1283024,55.0
1283040,59.0
1283104,44.0
1283200,93.0
1283216,40.0
1283216,81.0
1283216,59.0
1283232,56.0
1283264,57.0
1283280,75.0
1283360,38.0
1283376,41.0
1283408,64.0
1283440,40.0
1283648,23.0
1283760,34.0
1283824,26.0
1283840,55.0
1283840,39.0
1283856,51.0
1283888,42.0
1283904,62.0
1283920,51.0
1283936,57.0
1283952,36.0
1284032,50.0
1284032,52.0
1284144,55.0
1284176,51.0
1284272,27.0
1284336,32.0
1284336,24.0
1284352,57.0
1284368,33.0
1284384,30.0
1284400,32.0
1284432,36.0
1284528,37.0
1284576,51.0
1284592,59.0
1284672,47.0
1284784,40.0
1284800,29.0
1284944,32.0
1284960,49.0
1284976,39.0
1285040,28.0
1285040,41.0
1285088,45.0
1285104,67.0
1285120,68.0
1285168,52.0
1285184,57.0
1285200,33.0
1285248,53.0
1285376,36.0
1285504,24.0
1285568,49.0
1285600,25.0
1285600,35.0
1285600,27.0
1285616,41.0
1285648,38.0
1285664,45.0
1285696,32.0
1285776,78.0
1285776,75.0
1285888,24.0
1285952,44.0
1286000,64.0
1286064,43.0
1286128,65.0
1286144,34.0
1286160,66.0
1286208,35.0
1286208,38.0
1286288,32.0
1286304,44.0
1286368,50.0
1286368,30.0
1286400,39.0
1286432,27.0
1286480,51.0
1286512,24.0
1286544,58.0
1286592,14.0
1286720,36.0
1286816,38.0
1286880,45.0
1286912,27.0
1286928,39.0
1286928,54.0
1286992,44.0
1287056,32.0
1287072,44.0
1287104,37.0
1287168,28.0
1287168,48.0
1287200,38.0
1287328,26.0
1287424,76.0
1287456,94.0
1287504,113.0
1287520,40.0
1287552,35.0
1287568,47.0
1287584,24.0
1287664,37.0
1287696,40.0
1287712,38.0
1287792,54.0
1287872,59.0
1287888,23.0
1287952,49.0
1287968,24.0
1288016,53.0
1288176,32.0
1288208,40.0
1288240,113.0
1288240,51.0
1288352,40.0
1288384,58.0
1288416,39.0
1288672,70.0
1288704,51.0
1288752,46.0
1288784,91.0
1288784,25.0
1288976,48.0
1289024,53.0
1289024,95.0
1289040,68.0
1289152,23.0
1289232,35.0
1289264,30.0
1289280,99.0
1289312,38.0
1289344,58.0
1289360,70.0
1289488,95.0
1289488,46.0
1289488,29.0
1289552,105.0
1289568,76.0
1289648,42.0
1289696,21.0
1289728,43.0
1289808,49.0
1289856,39.0
1289856,44.0
1289984,40.0
1290000,27.0
1290000,110.0
1290128,40.0
1290208,58.0
1290224,42.0
1290256,48.0
1290272,36.0
1290288,40.0
1290304,28.0
1290368,40.0
1290368,66.0
1290400,25.0
1290416,27.0
1290416,35.0
1290496,77.0
1290512,32.0
1290736,58.0
1290832,44.0
1290912,40.0
1290912,39.0
1290928,26.0
1290928,42.0
1290976,42.0
1291024,38.0
1291136,58.0
1291168,48.0
1291184,106.0
1291216,45.0
1291296,55.0
1291376,72.0
1291376,63.0
1291504,33.0
1291504,13.0
1291568,52.0
1291648,51.0
1291744,51.0
1291760,46.0
1291840,92.0
1291856,42.0
1291920,63.0
1292016,40.0
1292048,34.0
1292064,35.0
1292064,56.0
1292192,79.0
1292256,70.0
1292288,57.0
1292336,89.0
1292352,37.0
1292416,22.0
1292480,26.0
1292544,61.0
1292560,84.0
1292560,40.0
1292736,68.0
1292880,39.0
1292896,65.0
1292912,54.0
1292976,49.0
1293056,44.0
1293072,49.0
1293152,37.0
1293216,92.0
1293264,58.0
1293280,13.0
1293344,28.0
1293376,25.0
1293408,31.0
1293408,53.0
1293472,91.0
1293488,38.0
1293488,103.0
1293504,64.0
1293632,68.0
1293760,84.0
1293824,35.0
1293824,42.0
1293888,38.0
1293920,44.0
1293936,27.0
1294000,37.0
1294016,80.0
1294016,40.0
1294064,63.0
1294096,38.0
1294288,23.0
1294384,65.0
1294416,37.0
1294416,33.0
1294480,41.0
1294512,31.0
1294576,40.0
1294576,69.0
1294592,69.0
1294624,33.0
1294656,78.0
1294784,64.0
1294896,20.0
1294912,56.0
1294928,54.0
1294976,61.0
1295040,47.0
1295040,33.0
1295040,39.0
1295088,91.0
1295136,32.0
1295152,35.0
1295232,41.0
1295232,21.0
1295248,54.0
1295264,49.0
1295264,21.0
1295328,42.0
1295360,59.0
1295376,25.0
1295536,31.0
1295568,21.0
1295632,25.0
1295680,40.0
1295824,43.0
1295920,24.0
1295920,41.0
1295920,63.0
1295936,53.0
1295984,39.0
1296064,46.0
1296112,54.0
1296112,46.0
1296192,35.0
1296240,68.0
1296256,62.0
1296288,94.0
1296320,80.0
1296368,34.0
1296384,12.0
1296544,27.0
1296576,37.0
1296656,46.0
1296720,38.0
1296784,29.0
1296864,36.0
1296880,60.0
1296880,59.0
1296896,83.0
1296912,62.0
1296944,55.0
1296960,80.0
1297088,23.0
1297104,53.0
1297168,50.0
1297184,50.0
1297312,46.0
1297328,24.0
1297376,32.0
1297504,79.0
1297520,54.0
1297536,36.0
1297616,32.0
1297632,47.0
1297648,35.0
1297728,52.0
1297760,53.0
1297808,30.0
1297968,41.0
1298064,28.0
1298096,58.0
1298128,38.0
1298192,63.0
1298272,56.0
1298288,109.0
1298304,89.0
1298336,36.0
1298352,45.0
1298400,37.0
1298480,106.0
1298480,47.0
1298544,63.0
1298576,67.0
1298688,65.0
1298704,46.0
1298800,42.0
1298816,29.0
1298912,32.0
1298960,54.0
1298976,40.0
1299008,51.0
1299024,45.0
1299056,36.0
1299072,16.0
1299104,39.0
1299104,51.0
1299184,40.0
1299184,57.0
1299216,72.0
1299328,47.0
1299488,50.0
1299552,37.0
1299600,56.0
1299648,34.0
1299664,47.0
1299696,30.0
1299728,34.0
1299744,45.0
1299744,43.0
1299824,47.0
1299824,51.0
1299872,67.0
1299936,38.0
1299952,22.0
1299968,54.0
1300048,35.0
1300064,68.0
1300160,61.0
1300192,40.0
1300224,36.0
1300272,38.0
1300320,36.0
1300368,31.0
1300416,37.0
1300448,25.0
1300480,41.0
1300528,49.0
1300624,58.0
1300640,23.0
1300704,40.0
1300784,53.0
1300800,52.0
1300848,33.0
1300864,26.0
1300976,49.0
1301072,84.0
1301120,40.0
1301152,49.0
1301152,46.0
1301264,46.0
1301264,65.0
1301280,40.0
1301296,32.0
1301344,45.0
1301392,77.0
1301424,92.0
1301424,36.0
1301536,52.0
1301600,50.0
1301696,52.0
1301712,26.0
1301744,30.0
1301824,47.0
1301872,47.0
1301888,22.0
1302000,46.0
1302080,58.0
1302128,49.0
1302128,72.0
1302240,51.0
1302336,37.0
1302336,74.0
1302352,29.0
1302368,61.0
1302368,41.0
1302400,50.0
1302448,36.0
1302496,67.0
1302512,77.0
1302560,30.0
1302624,39.0
1302688,35.0
1302768,40.0
1302832,63.0
1302928,77.0
1302976,38.0
1302992,23.0
1303088,47.0
1303152,37.0
1303152,49.0
1303248,53.0
1303360,57.0
1303376,38.0
1303392,56.0
1303440,75.0
1303472,60.0
1303552,76.0
1303552,75.0
1303568,26.0
1303584,38.0
1303632,50.0
1303728,65.0
1303808,55.0
1303840,29.0
1303888,50.0
1304032,35.0
1304048,43.0
1304064,27.0
1304208,39.0
1304256,26.0
1304320,55.0
1304336,48.0
1304368,51.0
1304384,36.0
1304432,34.0
1304464,67.0
1304480,93.0
1304528,61.0
1304544,87.0
1304608,36.0
1304656,28.0
1304768,45.0
1304800,23.0
1304816,98.0
1304848,49.0
1305056,45.0
1305072,26.0
1305120,47.0
1305136,38.0
1305200,51.0
1305376,38.0
1305408,38.0
1305440,70.0
1305488,55.0
1305504,65.0
1305504,78.0
1305632,49.0
1305632,27.0
1305632,72.0
1305648,69.0
1305712,56.0
1305744,39.0
1305968,57.0
1306000,39.0
1306048,40.0
1306128,150.0
1306192,35.0
1306192,35.0
1306208,36.0
1306224,46.0
1306304,19.0
1306320,78.0
1306368,58.0
1306384,55.0
1306512,48.0
1306528,55.0
1306544,65.0
1306768,36.0
1306800,52.0
1306864,72.0
1306912,111.0
1306960,41.0
1306976,47.0
1307072,64.0
1307168,61.0
1307216,56.0
1307216,52.0
1307312,50.0
1307328,26.0
1307376,52.0
1307408,80.0
1307440,77.0
1307456,43.0
1307504,44.0
1307536,63.0
1307552,11.0
1307584,23.0
1307616,47.0
1307712,84.0
1307744,42.0
1307760,28.0
1307776,35.0
1307776,23.0
1307856,56.0
1307872,56.0
1308080,57.0
1308096,30.0
1308096,37.0
1308208,27.0
1308208,48.0
1308224,43.0
1308256,58.0
1308336,55.0
1308336,36.0
1308496,47.0
1308496,59.0
1308544,42.0
1308592,63.0
1308608,25.0
1308656,27.0
1308752,41.0
1308752,65.0
1308912,41.0
1309024,59.0
1309040,44.0
1309040,27.0
1309056,75.0
1309072,36.0
1309072,81.0
1309072,61.0
1309088,47.0
1309104,35.0
1309184,37.0
1309232,20.0
1309248,47.0
1309280,39.0
1309312,69.0
1309504,27.0
1309520,48.0
1309680,31.0
1309712,40.0
1309712,40.0
1309712,42.0
1309744,62.0
1309952,56.0
1309984,46.0
1310064,60.0
1310064,64.0
1310080,53.0
1310128,53.0
1310144,70.0
1310144,39.0
1310240,35.0
1310304,50.0
1310320,38.0
1310384,42.0
1310448,85.0
1310464,24.0
1310576,54.0
1310576,39.0
1310592,33.0
1310720,46.0
1310800,22.0
1310864,46.0
1310896,99.0
1310896,72.0
1310928,38.0
1311152,68.0
1311168,64.0
1311168,37.0
1311248,33.0
1311312,24.0
1311360,56.0
1311376,50.0
1311376,62.0
1311440,40.0
1311472,55.0
1311488,74.0
1311600,28.0
1311632,93.0
1311776,55.0
1311824,60.0
1311888,40.0
1311984,38.0
1311984,51.0
1312032,35.0
1312048,43.0
1312048,46.0
1312080,40.0
1312096,45.0
1312112,59.0
1312208,123.0
1312240,84.0
1312272,18.0
1312448,23.0
1312480,37.0
1312528,56.0
1312544,31.0
1312576,37.0
1312624,24.0
1312720,56.0
1312720,70.0
1312816,45.0
1312832,24.0
1312880,87.0
1312896,49.0
1313024,62.0
1313088,82.0
1313248,65.0
1313248,42.0
1313248,39.0
1313280,25.0
1313312,52.0
1313360,68.0
1313440,45.0
1313456,58.0
1313472,40.0
1313504,43.0
1313504,91.0
1313520,61.0
1313568,53.0
1313568,42.0
1313616,23.0
1313680,27.0
1313728,23.0
1313776,31.0
1313824,46.0
1313840,23.0
1313856,38.0
1313952,58.0
1313968,25.0
1313968,29.0
1314000,27.0
1314160,41.0
1314208,56.0
1314224,44.0
1314288,28.0
1314304,53.0
1314416,35.0
1314512,32.0
1314592,39.0
1314624,26.0
1314672,28.0
1314688,33.0
1314752,67.0
1314768,29.0
1314784,51.0
1314800,85.0
1314832,76.0
1314960,77.0
1314976,24.0
1314992,73.0
1315168,26.0
1315232,28.0
1315232,27.0
1315296,63.0
1315296,42.0
1315392,90.0
1315408,62.0
1315424,28.0
1315552,111.0
1315600,68.0
1315632,60.0
1315680,57.0
1315712,64.0
1315744,57.0
1315792,52.0
1315856,39.0
1315920,33.0
1315936,40.0
1315936,40.0
1315952,45.0
1315968,35.0
1315968,34.0
1316240,43.0
1316256,41.0
1316304,37.0
1316384,87.0
1316384,47.0
1316448,30.0
1316480,82.0
1316528,35.0
1316608,42.0
1316640,49.0
1316672,47.0
1316672,46.0
1316768,24.0
1316848,23.0
1316944,44.0
1316976,77.0
1316976,37.0
1317024,84.0
1317040,32.0
1317040,68.0
1317200,88.0
1317248,36.0
1317264,63.0
1317280,38.0
1317360,24.0
1317392,59.0
1317408,23.0
1317408,40.0
1317424,28.0
1317536,56.0
1317568,60.0
1317600,12.0
1317696,53.0
1317776,52.0
1317776,32.0
1317920,45.0
1317952,44.0
1317968,59.0
1317968,38.0
1317968,25.0
1318000,37.0
1318064,18.0
1318096,112.0
1318096,51.0
1318144,28.0
1318192,48.0
1318208,38.0
1318240,44.0
1318256,76.0
1318400,28.0
1318448,66.0
1318624,41.0
1318704,46.0
1318704,44.0
1318720,50.0
1318784,43.0
1318800,44.0
1318848,28.0
1318880,46.0
1318912,13.0
1318912,71.0
1318928,42.0
1319008,51.0
1319072,63.0
1319152,74.0
1319248,39.0
1319360,70.0
1319376,29.0
1319424,44.0
1319488,26.0
1319584,27.0
1319600,43.0
1319600,50.0
1319616,46.0
1319632,24.0
1319648,40.0
1319664,60.0
1319744,60.0
1319824,25.0
1319888,65.0
1319920,20.0
1319952,23.0
1319952,64.0
1319968,95.0
1320016,23.0
1320016,113.0
1320032,34.0
1320032,41.0
1320048,26.0
1320064,25.0
1320128,48.0
1320192,23.0
1320224,39.0
1320384,27.0
1320400,41.0
1320400,30.0
1320464,27.0
1320480,22.0
1320496,27.0
1320544,37.0
1320544,33.0
1320560,23.0
1320704,43.0
1320704,46.0
1320720,69.0
1320832,49.0
1320896,54.0
1320944,34.0
1320960,30.0
1321024,50.0
1321040,40.0
1321104,45.0
1321104,35.0
1321152,43.0
1321232,84.0
1321280,49.0
1321408,43.0
1321456,27.0
1321472,48.0
1321616,67.0
1321664,45.0
1321680,45.0
1321696,37.0
1321712,51.0
1321760,41.0
1321792,40.0
1321792,60.0
1321840,80.0
1321872,52.0
1321936,33.0
1321952,45.0
1322048,84.0
1322128,42.0
1322160,29.0
1322208,26.0
1322272,41.0
1322304,40.0
1322320,53.0
1322400,45.0
1322432,31.0
1322464,39.0
1322544,31.0
1322544,37.0
1322624,26.0
1322640,32.0
1322704,59.0
1322912,23.0
1322928,41.0
1323024,20.0
1323056,84.0
1323168,53.0
1323232,85.0
1323312,95.0
1323312,55.0
1323328,73.0
1323392,48.0
1323408,63.0
1323424,70.0
1323440,24.0
1323488,53.0
1323536,32.0
1323648,74.0
1323664,46.0
1323792,35.0
1323904,30.0
1323984,41.0
1324000,91.0
1324032,40.0
1324048,24.0
1324096,49.0
1324112,177.0
1324144,52.0
1324160,23.0
1324272,54.0
1324320,72.0
1324336,53.0
1324384,25.0
1324464,27.0
1324512,67.0
1324512,54.0
1324592,37.0
1324640,34.0
1324640,108.0
1324720,38.0
1324784,78.0
1324832,49.0
1324896,39.0
1324896,46.0
1324928,34.0
1324976,40.0
1324992,42.0
1325088,36.0
1325136,34.0
1325264,23.0
1325264,39.0
1325296,25.0
1325312,73.0
1325376,92.0
1325424,37.0
1325440,61.0
1325440,58.0
1325456,46.0
1325488,53.0
1325488,44.0
1325712,21.0
1325728,40.0
1325776,49.0
1325792,23.0
1325872,59.0
1325888,28.0
1325904,48.0
1325936,42.0
1325968,42.0
1325984,34.0
1326000,46.0
1326160,53.0
1326176,43.0
1326192,44.0
1326224,78.0
1326352,40.0
1326352,22.0
1326416,43.0
1326512,46.0
1326560,41.0
1326656,45.0
1326704,34.0
1326720,47.0
1326768,26.0
1326800,24.0
1326848,54.0
1326880,43.0
1326896,63.0
1326992,40.0
1327024,53.0
1327024,50.0
1327040,99.0
1327088,76.0
1327168,41.0
1327200,27.0
1327200,22.0
1327216,89.0
1327248,23.0
1327248,34.0
1327504,32.0
1327520,54.0
1327536,40.0
1327552,33.0
1327632,29.0
1327632,37.0
1327648,39.0
1327664,59.0
1327808,78.0
1327824,39.0
1327856,40.0
1327872,39.0
1327936,53.0
1328064,54.0
1328128,55.0
1328144,39.0
1328144,32.0
1328160,41.0
1328160,14.0
1328192,87.0
1328432,38.0
1328432,50.0
1328528,61.0
1328528,41.0
1328560,25.0
1328576,57.0
1328592,28.0
1328656,29.0
1328672,51.0
1328784,39.0
1328784,40.0
1328912,53.0
1328928,31.0
1328960,82.0
1329040,94.0
1329072,30.0
1329088,80.0
1329152,36.0
1329168,40.0
1329216,41.0
1329248,45.0
1329312,41.0
1329328,26.0
1329360,13.0
1329360,58.0
1329376,37.0
1329472,24.0
1329536,31.0
1329536,88.0
1329632,60.0
1329712,47.0
1329840,66.0
1329872,50.0
1329952,46.0
1329968,41.0
1330032,69.0
1330064,43.0
1330144,61.0
1330272,57.0
1330320,62.0
1330320,22.0
1330400,65.0
1330448,36.0
1330448,51.0
1330464,58.0
1330544,44.0
1330544,67.0
1330576,39.0
1330656,70.0
1330704,40.0
1330768,20.0
1330784,96.0
1330880,46.0
1330912,37.0
1330944,39.0
1331008,46.0
1331024,28.0
1331040,40.0
1331056,64.0
1331056,32.0
1331200,34.0
1331232,33.0
1331280,51.0
1331312,25.0
1331472,110.0
1331472,64.0
1331504,39.0
1331504,45.0
1331648,28.0
1331712,41.0
1331744,61.0
1331744,75.0
1331840,52.0
1331872,53.0
1331888,26.0
1332016,67.0
1332064,49.0
1332064,26.0
1332144,40.0
1332160,26.0
1332208,29.0
1332240,58.0
1332256,26.0
1332288,66.0
1332320,79.0
1332336,39.0
1332368,56.0
1332448,88.0
1332496,62.0
1332496,15.0
1332512,31.0
1332576,44.0
1332672,49.0
1332688,34.0
1332736,26.0
1332832,48.0
1332880,37.0
1332896,46.0
1332896,33.0
1332928,30.0
1333056,23.0
1333184,53.0
1333264,48.0
1333264,66.0
1333264,48.0
1333280,44.0
1333328,37.0
1333392,72.0
1333440,32.0
1333472,13.0
1333552,93.0
1333632,46.0
1333632,28.0
1333648,71.0
1333648,61.0
1333760,23.0
1333760,58.0
1333824,59.0
1333824,58.0
1333936,41.0
1334032,48.0
1334080,64.0
1334224,60.0
1334256,38.0
1334304,54.0
1334400,53.0
1334448,43.0
1334464,40.0
1334480,52.0
1334512,47.0
1334544,45.0
1334544,57.0
1334560,39.0
1334704,67.0
1334784,24.0
1334816,49.0
1334864,38.0
1334896,98.0
1334960,55.0
1335040,37.0
1335216,44.0
1335296,52.0
1335296,51.0
1335296,62.0
1335312,115.0
1335424,75.0
1335440,56.0
1335504,34.0
1335536,31.0
1335552,46.0
1335568,54.0
1335680,49.0
1335696,72.0
1335744,74.0
1335840,26.0
1335904,25.0
1335920,39.0
1335920,39.0
1335984,75.0
1336048,52.0
1336096,77.0
1336128,43.0
1336208,32.0
1336208,40.0
1336240,58.0
1336272,46.0
1336320,36.0
1336384,68.0
1336416,46.0
1336432,37.0
1336480,22.0
1336480,24.0
1336480,35.0
1336544,35.0
1336640,68.0
1336720,30.0
1336752,44.0
1336784,55.0
1336848,36.0
1336880,42.0
1337056,71.0
1337136,51.0
1337168,43.0
1337264,30.0
1337264,49.0
1337264,49.0
1337344,57.0
1337360,72.0
1337472,68.0
1337584,59.0
1337664,78.0
1337760,63.0
1337760,55.0
1337776,40.0
1337808,34.0
1337808,79.0
1337872,38.0
1337888,39.0
1337936,11.0
1337968,78.0
1337984,39.0
1338064,56.0
1338160,36.0
1338320,41.0
1338336,80.0
1338352,30.0
1338368,95.0
1338416,59.0
1338416,40.0
1338416,27.0
1338416,38.0
1338432,29.0
1338432,68.0
1338480,45.0
1338544,46.0
1338672,49.0
1338736,24.0
1338768,38.0
1338800,24.0
1338896,33.0
1338944,63.0
1339040,38.0
1339088,42.0
1339088,38.0
1339088,64.0
1339088,47.0
1339104,43.0
1339168,53.0
1339184,47.0
1339200,25.0
1339232,51.0
1339296,35.0
1339456,49.0
1339568,50.0
1339616,32.0
1339648,47.0
1339664,36.0
1339664,45.0
1339680,71.0
1339728,34.0
1339808,36.0
1339856,51.0
1339936,48.0
1339968,42.0
1340000,50.0
1340032,59.0
1340048,30.0
1340064,28.0
1340064,61.0
1340160,30.0
1340224,71.0
1340336,42.0
1340336,55.0
1340368,44.0
1340480,26.0
1340528,29.0
1340608,50.0
1340640,42.0
1340672,46.0
1340720,24.0
1340736,63.0
1340784,39.0
1340816,48.0
1340816,51.0
1340848,62.0
1340896,42.0
1340896,54.0
1340912,34.0
1340976,83.0
1341024,24.0
1341056,36.0
1341184,53.0
1341344,23.0
1341376,35.0
1341440,48.0
1341456,34.0
1341536,43.0
1341664,66.0
1341712,56.0
1341792,56.0
1341792,67.0
1341824,24.0
1341824,40.0
1341824,68.0
1341840,59.0
1341856,67.0
1341888,52.0
1342016,93.0
1342032,23.0
1342144,43.0
1342160,71.0
1342256,27.0
1342304,37.0
1342320,31.0
1342320,61.0
1342400,64.0
1342464,28.0
1342480,39.0
1342528,23.0
1342544,41.0
1342656,54.0
1342656,54.0
1342688,54.0
1342720,36.0
1342736,56.0
1342768,77.0
1342848,51.0
1342896,36.0
1343008,34.0
1343024,34.0
1343056,25.0
1343120,51.0
1343184,49.0
1343200,42.0
1343232,31.0
1343232,34.0
1343264,59.0
1343328,67.0
1343392,17.0
1343424,41.0
1343488,37.0
1343616,67.0
1343664,38.0
1343712,28.0
1343776,47.0
1343888,25.0
1343888,73.0
1343904,42.0
1343984,35.0
1343984,47.0
1343984,41.0
1344000,84.0
1344016,73.0
1344048,27.0
1344096,68.0
1344112,58.0
1344192,50.0
1344368,37.0
1344416,27.0
1344528,34.0
1344624,57.0
1344688,93.0
1344752,48.0
1344816,58.0
1344848,52.0
1344848,60.0
1344896,50.0
1344928,58.0
1344928,79.0
1344960,66.0
1345072,24.0
1345088,42.0
1345104,57.0
1345136,48.0
1345136,38.0
1345168,66.0
1345280,29.0
1345344,81.0
1345488,54.0
1345504,27.0
1345536,38.0
1345552,39.0
1345664,51.0
1345712,60.0
1345744,41.0
1345792,56.0
1345920,36.0
1345968,27.0
1345984,31.0
1346000,72.0
1346032,56.0
1346032,58.0
1346032,54.0
1346144,27.0
1346192,66.0
1346208,58.0
1346224,42.0
1346320,85.0
1346464,45.0
1346480,35.0
1346576,67.0
1346672,33.0
1346704,65.0
1346736,48.0
1346752,45.0
1346800,38.0
1346832,65.0
1346864,54.0
1347072,20.0
1347072,53.0
1347088,48.0
1347088,32.0
1347136,69.0
1347168,44.0
1347184,44.0
1347232,78.0
1347312,38.0
1347312,30.0
1347344,34.0
1347392,74.0
1347456,23.0
1347520,53.0
1347536,23.0
1347648,36.0
1347712,40.0
1347728,26.0
1347744,107.0
1347744,55.0
1347776,43.0
1347792,25.0
1347984,78.0
1348000,43.0
1348016,52.0
1348048,57.0
1348080,23.0
1348240,31.0
1348368,64.0
1348400,39.0
1348400,26.0
1348432,40.0
1348464,77.0
1348464,24.0
1348560,52.0
1348624,61.0
1348672,58.0
1348688,42.0
1348800,25.0
1348816,26.0
1348832,23.0
1348832,23.0
1348912,57.0
1348912,42.0
1348976,95.0
1349056,31.0
1349072,44.0
1349088,65.0
1349104,26.0
1349136,20.0
1349152,30.0
1349216,106.0
1349296,110.0
1349440,63.0
1349504,55.0
1349568,46.0
1349664,54.0
1349712,31.0
1349712,36.0
1349760,58.0
1349776,50.0
1349792,40.0
1349824,57.0
1349952,55.0
1349968,33.0
1349984,67.0
1350000,44.0
1350160,21.0
1350224,27.0
1350240,36.0
1350272,73.0
1350288,36.0
1350320,35.0
1350336,39.0
1350384,81.0
1350448,55.0
1350480,44.0
1350560,94.0
1350608,40.0
1350720,31.0
1350864,54.0
1350912,60.0
1350912,47.0
1351008,43.0
1351024,36.0
1351088,44.0
1351104,52.0
1351104,39.0
1351120,101.0
1351216,77.0
1351280,42.0
1351296,60.0
1351296,46.0
1351312,64.0
1351328,20.0
1351408,31.0
1351456,37.0
1351616,44.0
1351616,25.0
1351616,33.0
1351680,90.0
1351728,63.0
1351728,39.0
1351872,48.0
1351872,36.0
1352048,58.0
1352080,22.0
1352112,68.0
1352112,41.0
1352160,52.0
1352176,35.0
1352224,51.0
1352272,41.0
1352304,27.0
1352304,64.0
1352432,70.0
1352480,47.0
1352528,26.0
1352592,34.0
1352608,62.0
1352608,27.0
1352704,52.0
1352752,91.0
1352928,78.0
1352944,45.0
1352960,41.0
1353008,25.0
1353024,57.0
1353184,57.0
1353184,55.0
1353248,48.0
1353344,47.0
1353360,47.0
1353408,41.0
1353488,30.0
1353536,37.0
1353536,63.0
1353616,74.0
1353632,42.0
1353648,59.0
1353792,28.0
1353792,107.0
1353840,57.0
1353840,105.0
1353904,34.0
1353920,46.0
1353936,25.0
1354000,29.0
1354032,39.0
1354224,27.0
1354272,23.0
1354272,49.0
1354320,42.0
1354336,68.0
1354400,38.0
1354400,23.0
1354432,78.0
1354480,35.0
1354496,92.0
1354496,35.0
1354640,64.0
1354704,67.0
1354768,58.0
1354896,25.0
1354992,62.0
1354992,41.0
1354992,37.0
1355024,74.0
1355088,43.0
1355120,53.0
1355152,42.0
1355184,57.0
1355264,59.0
1355312,42.0
1355360,71.0
1355456,47.0
1355456,29.0
1355472,65.0
1355488,23.0
1355504,38.0
1355552,18.0
1355600,26.0
1355632,54.0
1355664,42.0
1355840,30.0
1355856,85.0
1355888,24.0
1355936,57.0
1355936,49.0
1355952,31.0
1355952,60.0
1356080,28.0
1356096,27.0
1356160,44.0
1356208,56.0
1356272,50.0
1356320,30.0
1356368,80.0
1356416,54.0
1356416,30.0
1356560,38.0
1356592,62.0
1356656,36.0
1356672,74.0
1356704,53.0
1356704,47.0
1356752,24.0
1356800,44.0
1356816,38.0
1357008,37.0
1357040,45.0
1357120,60.0
1357152,76.0
1357216,32.0
1357232,51.0
1357264,42.0
1357360,68.0
1357376,36.0
1357408,41.0
1357456,28.0
1357456,56.0
1357472,48.0
1357504,101.0
1357552,55.0
1357552,46.0
1357760,34.0
1357808,28.0
1357808,41.0
1357888,53.0
1357984,47.0
1358016,29.0
1358048,58.0
1358064,88.0
1358096,40.0
1358192,27.0
1358192,58.0
1358304,15.0
1358464,66.0
1358464,41.0
1358464,60.0
1358480,37.0
1358480,64.0
1358560,63.0
1358576,48.0
1358688,82.0
1358688,40.0
1358688,37.0
1358704,32.0
1358832,33.0
1358912,58.0
1358912,28.0
1359088,101.0
1359104,39.0
1359168,44.0
1359216,47.0
1359312,70.0
1359376,85.0
1359392,44.0
1359424,54.0
1359440,54.0
1359536,53.0
1359632,50.0
1359648,46.0
1359648,46.0
1359696,37.0
1359760,37.0
1359824,28.0
1359872,27.0
1359920,52.0
1359952,79.0
1359952,92.0
1360096,28.0
1360160,48.0
1360192,41.0
1360208,36.0
1360224,57.0
1360272,53.0
1360352,33.0
1360368,38.0
1360416,75.0
1360416,107.0
1360464,48.0
1360496,25.0
1360544,37.0
1360560,38.0
1360656,24.0
1360672,64.0
1360672,28.0
1360704,32.0
1360816,29.0
1360864,59.0
1360880,63.0
1361024,38.0
1361040,55.0
1361088,26.0
1361088,42.0
1361088,55.0
1361104,38.0
1361168,50.0
1361248,24.0
1361280,51.0
1361312,48.0
1361376,42.0
1361472,37.0
1361488,51.0
1361552,29.0
1361552,46.0
1361744,41.0
1361760,37.0
1361824,46.0
1361856,51.0
1361872,35.0
1361888,54.0
1361920,79.0
1361936,41.0
1361968,37.0
1362000,56.0
1362032,34.0
1362080,38.0
1362240,30.0
1362272,64.0
1362304,109.0
1362352,24.0
1362384,52.0
1362384,29.0
1362384,52.0
1362384,28.0
1362480,46.0
1362544,42.0
1362592,48.0
1362624,39.0
1362672,23.0
1362672,51.0
1362784,34.0
1362784,47.0
1362800,33.0
1362848,29.0
1362896,63.0
1362992,25.0
1363008,58.0
1363040,41.0
1363184,52.0
1363248,54.0
1363280,27.0
1363296,57.0
1363344,50.0
1363376,44.0
1363472,50.0
1363488,54.0
1363488,44.0
1363520,46.0
1363632,52.0
1363680,49.0
1363728,27.0
1363744,23.0
1363792,38.0
1363872,37.0
1363952,29.0
1363984,61.0
1364016,42.0
1364016,64.0
1364032,32.0
1364080,52.0
1364096,38.0
1364256,36.0
1364288,78.0
1364352,55.0
1364464,37.0
1364512,55.0
1364512,48.0
1364528,128.0
1364672,41.0
1364672,40.0
1364672,45.0
1364848,47.0
1364848,70.0
1364896,38.0
1364896,40.0
1364896,69.0
1364960,59.0
1364976,62.0
1365040,60.0
1365056,33.0
1365072,35.0
1365104,27.0
1365120,38.0
1365136,29.0
1365216,54.0
1365408,59.0
1365440,48.0
1365520,24.0
1365568,37.0
1365600,47.0
1365664,44.0
1365680,35.0
1365728,39.0
1365776,35.0
1365856,60.0
1365856,63.0
1365920,64.0
1365952,66.0
1365968,58.0
1366048,61.0
1366064,39.0
1366112,12.0
1366112,32.0
1366256,53.0
1366288,38.0
1366352,39.0
1366384,21.0
1366400,46.0
1366416,56.0
1366448,37.0
1366576,63.0
1366576,95.0
1366752,29.0
1366752,25.0
1366816,26.0
1366896,58.0
1366960,56.0
1366976,75.0
1366976,35.0
1367040,49.0
1367088,61.0
1367120,73.0
1367168,45.0
1367248,87.0
1367280,73.0
1367360,25.0
1367424,53.0
1367440,43.0
1367504,43.0
1367520,25.0
1367552,61.0
1367664,48.0
1367760,86.0
1367792,47.0
1367808,23.0
1367856,69.0
1367904,22.0
1367936,48.0
1368016,48.0
1368048,34.0
1368048,24.0
1368048,67.0
1368080,45.0
1368128,72.0
1368208,58.0
1368368,20.0
1368416,32.0
1368480,25.0
1368480,45.0
1368496,43.0
1368528,42.0
1368544,91.0
1368592,34.0
1368624,43.0
1368640,39.0
1368688,73.0
1368752,44.0
1368800,20.0
1368864,23.0
1368976,97.0
1368992,49.0
1368992,29.0
1369024,77.0
1369072,24.0
1369136,34.0
1369232,69.0
1369264,40.0
1369296,55.0
1369376,63.0
1369424,42.0
1369456,27.0
1369472,52.0
1369488,32.0
1369504,32.0
1369552,67.0
1369696,25.0
1369712,53.0
1369712,40.0
1369728,29.0
1369776,49.0
1369792,62.0
1369856,45.0
1369888,41.0
1370080,24.0
1370160,49.0
1370160,43.0
1370272,24.0
1370272,51.0
1370320,51.0
1370480,48.0
1370480,58.0
1370512,45.0
1370576,26.0
1370608,47.0
1370624,22.0
1370688,38.0
1370768,84.0
1370784,63.0
1370800,141.0
1370816,34.0
1370864,44.0
1370928,76.0
1371008,43.0
1371040,35.0
1371072,84.0
1371216,38.0
1371232,47.0
1371344,36.0
1371392,48.0
1371392,37.0
1371536,33.0
1371568,55.0
1371632,35.0
1371632,51.0
1371712,75.0
1371728,72.0
1371744,25.0
1371776,62.0
1371792,144.0
1372016,39.0
1372032,31.0
1372048,70.0
1372048,41.0
1372096,77.0
1372176,34.0
1372176,29.0
1372208,40.0
1372224,27.0
1372368,83.0
1372384,73.0
1372416,74.0
1372464,27.0
1372512,49.0
1372512,48.0
1372656,38.0
1372704,58.0
1372720,31.0
1372720,21.0
1372736,45.0
1372736,43.0
1372832,75.0
1372832,26.0
1372864,22.0
1372944,53.0
1372992,39.0
1373008,52.0
1373056,55.0
1373072,38.0
1373312,38.0
1373376,41.0
1373440,44.0
1373456,39.0
1373504,81.0
1373520,43.0
1373568,57.0
1373600,68.0
1373632,40.0
1373808,50.0
1373824,32.0
1373824,55.0
1373936,55.0
1373968,37.0
1373968,23.0
1373984,70.0
1374032,82.0
1374048,38.0
1374272,28.0
1374288,76.0
1374384,55.0
1374384,58.0
1374384,51.0
1374416,105.0
1374432,57.0
1374560,47.0
1374592,35.0
1374640,37.0
1374704,46.0
1374752,12.0
1374784,72.0
1374864,28.0
1374864,56.0
1374976,37.0
1375040,48.0
1375104,80.0
1375216,77.0
1375216,49.0
1375216,52.0
1375280,43.0
1375280,31.0
1375328,87.0
1375520,48.0
1375552,57.0
1375552,53.0
1375552,43.0
1375568,33.0
1375584,38.0
1375584,75.0
1375616,47.0
1375680,25.0
1375680,22.0
1375728,32.0
1375792,94.0
1375824,15.0
1375984,44.0
1376032,58.0
1376048,33.0
1376112,56.0
1376144,58.0
1376176,35.0
1376224,42.0
1376384,52.0
1376400,45.0
1376432,44.0
1376464,27.0
1376464,42.0
1376464,55.0
1376464,49.0
1376480,57.0
1376560,46.0
1376640,37.0
1376768,23.0
1376800,78.0
1376848,24.0
1376896,57.0
1376960,25.0
1376992,48.0
1377008,56.0
1377024,55.0
1377040,38.0
1377104,40.0
1377200,51.0
1377216,47.0
1377328,23.0
1377392,57.0
1377408,35.0
1377424,60.0
1377440,79.0
1377520,39.0
1377536,46.0
1377600,52.0
1377648,38.0
1377664,41.0
1377760,41.0
1377808,25.0
1377936,46.0
1378016,86.0
1378032,51.0
1378064,46.0
1378096,41.0
1378096,42.0
1378176,49.0
1378304,80.0
1378320,83.0
1378336,43.0
1378336,50.0
1378384,39.0
1378512,57.0
1378640,39.0
1378640,61.0
1378672,40.0
1378688,55.0
1378688,37.0
1378832,82.0
1378848,42.0
1378880,34.0
1378960,28.0
1378976,21.0
1378992,66.0
1379056,47.0
1379072,47.0
1379360,79.0
1379392,44.0
1379472,68.0
1379488,89.0
1379536,44.0
1379536,53.0
1379536,35.0
1379600,60.0
1379664,44.0
1379680,84.0
1379680,63.0
1379728,46.0
1379744,42.0
1379744,56.0
1379904,53.0
1379920,28.0
1379920,27.0
1379984,69.0
1380016,39.0
1380112,27.0
1380128,24.0
1380144,38.0
1380192,41.0
1380208,53.0
1380224,39.0
1380256,36.0
1380336,37.0
1380416,47.0
1380496,60.0
1380512,37.0
1380544,35.0
1380592,23.0
1380608,44.0
1380608,55.0
1380640,32.0
1380672,47.0
1380720,44.0
1380752,40.0
1380864,33.0
1380912,45.0
1380928,49.0
1381008,31.0
1381056,50.0
1381104,43.0
1381152,35.0
1381200,44.0
1381216,31.0
1381344,46.0
1381376,48.0
1381392,21.0
1381424,55.0
1381456,33.0
1381472,29.0
1381520,41.0
1381536,49.0
1381584,42.0
1381696,64.0
1381728,39.0
1381776,98.0
1381952,50.0
1381968,83.0
1382000,36.0
1382048,41.0
1382064,54.0
1382064,38.0
1382080,38.0
1382128,38.0
1382208,52.0
1382224,28.0
1382336,40.0
1382336,24.0
1382368,49.0
1382384,53.0
1382400,74.0
1382592,39.0
1382688,60.0
1382720,32.0
1382720,45.0
1382736,38.0
1382784,90.0
1382800,26.0
1382848,39.0
1382848,49.0
1382912,54.0
1382944,54.0
1382960,56.0
1383088,43.0
1383344,31.0
1383376,65.0
1383424,43.0
1383472,49.0
1383536,75.0
1383552,44.0
1383552,52.0
1383584,40.0
1383616,41.0
1383616,51.0
1383632,65.0
1383648,80.0
1383664,47.0
1383680,60.0
1383920,34.0
1383952,73.0
1384016,34.0
1384080,29.0
1384080,34.0
1384096,34.0
1384096,47.0
1384112,64.0
1384160,38.0
1384224,38.0
1384256,36.0
1384288,54.0
1384320,43.0
1384320,46.0
1384432,22.0
1384528,27.0
1384656,34.0
1384720,48.0
1384768,38.0
1384800,44.0
1384800,72.0
1384832,25.0
1384848,35.0
1384896,42.0
1384912,41.0
1384928,79.0
1384944,54.0
1384960,40.0
1385008,68.0
1385104,68.0
1385168,53.0
1385200,42.0
1385264,26.0
1385360,29.0
1385360,27.0
1385376,23.0
1385456,43.0
1385472,42.0
1385520,54.0
1385600,41.0
1385616,44.0
1385712,47.0
1385712,34.0
1385760,25.0
1385824,39.0
1385840,63.0
1385872,67.0
1385936,76.0
1385952,53.0
1385984,29.0
1386048,36.0
1386240,61.0
1386288,42.0
1386320,38.0
1386336,55.0
1386336,61.0
1386432,30.0
1386496,28.0
1386512,47.0
1386528,51.0
1386608,46.0
1386640,41.0
1386672,67.0
1386720,55.0
1386832,32.0
1386960,99.0
1386992,44.0
1386992,35.0
1387008,21.0
1387120,49.0
1387184,36.0
1387184,53.0
1387280,91.0
1387296,41.0
1387312,86.0
1387440,58.0
1387472,40.0
1387488,78.0
1387520,62.0
1387536,34.0
1387568,24.0
1387632,42.0
1387632,71.0
1387744,28.0
1387776,31.0
1387936,29.0
1387936,31.0
1387984,61.0
1388000,27.0
1388032,65.0
1388032,53.0
1388064,84.0
1388144,32.0
1388144,23.0
1388256,45.0
1388256,48.0
1388384,79.0
1388480,60.0
1388560,39.0
1388576,79.0
1388672,40.0
1388720,61.0
1388752,48.0
1388768,44.0
1388784,49.0
1388816,74.0
1388832,43.0
1388848,23.0
1388864,45.0
1388880,59.0
1388896,54.0
1389056,50.0
1389136,47.0
1389136,35.0
1389216,41.0
1389296,26.0
1389344,68.0
1389360,38.0
1389392,45.0
1389472,39.0
1389488,39.0
1389552,46.0
1389584,47.0
1389584,54.0
1389584,43.0
1389696,40.0
1389824,66.0
1389952,23.0
1389952,37.0
1389968,42.0
1389984,53.0
1390048,79.0
1390064,58.0
1390112,33.0
1390128,34.0
1390192,50.0
1390256,57.0
1390272,28.0
1390288,20.0
1390304,51.0
1390304,47.0
1390368,56.0
1390416,75.0
1390416,45.0
1390480,26.0
1390608,39.0
1390640,43.0
1390928,40.0
1390960,44.0
1390960,37.0
1390976,49.0
1391008,66.0
1391008,56.0
1391056,58.0
1391072,41.0
1391152,55.0
1391216,50.0
1391216,73.0
1391232,58.0
1391232,37.0
1391280,61.0
1391344,24.0
1391456,28.0
1391584,69.0
1391632,44.0
1391728,42.0
1391792,36.0
1391808,52.0
1391808,46.0
1391856,39.0
1391872,45.0
1391904,56.0
1391936,41.0
1391952,84.0
1391968,63.0
1392032,51.0
1392048,37.0
1392144,57.0
1392176,37.0
1392272,29.0
1392352,39.0
1392352,31.0
1392368,46.0
1392416,67.0
1392416,39.0
1392528,37.0
1392528,41.0
1392576,38.0
1392624,42.0
1392624,51.0
1392720,42.0
1392784,32.0
1392800,56.0
1392832,26.0
1392848,27.0
1393072,34.0
1393072,58.0
1393136,48.0
1393168,28.0
1393184,41.0
1393200,53.0
1393264,68.0
1393264,27.0
1393296,42.0
1393392,65.0
1393392,51.0
1393424,87.0
1393424,40.0
1393504,44.0
1393552,30.0
1393600,29.0
1393632,23.0
1393664,51.0
1393728,69.0
1393744,34.0
1393760,37.0
1393792,33.0
1393840,41.0
1393856,27.0
1393888,51.0
1393952,28.0
1394160,26.0
1394176,49.0
1394192,40.0
1394224,58.0
1394288,54.0
1394352,39.0
1394384,45.0
1394400,50.0
1394448,51.0
1394608,51.0
1394624,42.0
1394672,51.0
1394672,52.0
1394752,62.0
1394832,59.0
1394944,48.0
1395040,47.0
1395040,37.0
1395040,13.0
1395072,43.0
1395120,60.0
1395184,52.0
1395232,18.0
1395280,42.0
1395280,41.0
1395312,57.0
1395376,74.0
1395424,75.0
1395440,48.0
1395536,31.0
1395568,56.0
1395568,136.0
1395664,39.0
1395664,37.0
1395776,41.0
1395776,46.0
1395808,27.0
1395824,24.0
1395824,34.0
1395856,34.0
1395888,71.0
1395920,22.0
1395920,40.0
1396048,54.0
1396096,27.0
1396144,30.0
1396224,23.0
1396384,31.0
1396400,54.0
1396432,38.0
1396496,67.0
1396512,37.0
1396528,81.0
1396544,48.0
1396608,49.0
1396656,55.0
1396688,37.0
1396752,59.0
1396784,54.0
1396848,50.0
1396848,29.0
1396864,45.0
1397120,39.0
1397136,46.0
1397136,44.0
1397152,34.0
1397168,41.0
1397200,28.0
1397296,67.0
1397328,50.0
1397376,45.0
1397392,17.0
1397440,37.0
1397440,36.0
1397440,56.0
1397584,24.0
1397632,49.0
1397664,32.0
1397680,32.0
1397696,35.0
1397760,137.0
1397872,68.0
1397904,76.0
1397936,17.0
1397968,42.0
1398000,54.0
1398016,40.0
1398016,27.0
1398032,37.0
1398112,49.0
1398128,27.0
1398208,51.0
1398352,42.0
1398384,23.0
1398544,27.0
1398576,71.0
1398608,38.0
1398608,46.0
1398624,43.0
1398624,62.0
1398688,78.0
1398752,53.0
1398752,45.0
1398816,53.0
1398848,68.0
1398864,53.0
1398896,48.0
1398896,34.0
1399072,24.0
1399120,32.0
1399136,37.0
1399152,33.0
1399264,66.0
1399280,41.0
1399312,35.0
1399344,37.0
1399376,50.0
1399392,36.0
1399472,54.0
1399600,30.0
1399648,79.0
1399696,53.0
1399792,56.0
1399808,57.0
1399824,60.0
1399904,52.0
1399920,49.0
1399952,43.0
1400064,45.0
1400080,50.0
1400224,47.0
1400256,55.0
1400288,31.0
1400288,71.0
1400384,27.0
1400416,38.0
1400464,48.0
1400480,73.0
1400544,40.0
1400592,23.0
1400640,65.0
1400672,64.0
1400688,54.0
1400720,83.0
1400720,50.0
1400800,46.0
1400960,36.0
1400960,44.0
1401056,48.0
1401120,36.0
1401136,41.0
1401216,50.0
1401376,81.0
1401424,23.0
1401456,46.0
1401456,62.0
1401520,77.0
1401536,36.0
1401536,56.0
1401552,60.0
1401664,34.0
1401680,63.0
1401744,66.0
1401792,52.0
1401888,29.0
1401904,74.0
1401904,24.0
1402064,25.0
1402080,59.0
1402112,46.0
1402112,36.0
1402208,41.0
1402208,88.0
1402304,53.0
1402320,40.0
1402384,53.0
1402400,41.0
1402464,36.0
1402480,23.0
1402576,31.0
1402608,72.0
1402624,45.0
1402640,46.0
1402672,91.0
1402896,27.0
1402912,37.0
1402960,56.0
1403024,24.0
1403024,40.0
1403072,80.0
1403120,57.0
1403136,32.0
1403168,66.0
1403200,50.0
1403280,50.0
1403296,39.0
1403312,25.0
1403408,50.0
1403456,78.0
1403568,27.0
1403584,26.0
1403664,23.0
1403760,43.0
1403792,52.0
1403888,99.0
1403936,41.0
1403968,67.0
1404016,90.0
1404096,67.0
1404144,36.0
1404192,62.0
1404288,25.0
1404368,66.0
1404400,27.0
1404448,43.0
1404464,55.0
1404560,96.0
1404608,51.0
1404608,93.0
1404624,73.0
1404624,60.0
1404688,47.0
1404800,49.0
1404944,34.0
1404944,50.0
1404960,48.0
1405008,25.0
1405040,59.0
1405136,108.0
1405296,52.0
1405328,44.0
1405376,48.0
1405392,59.0
1405392,27.0
1405408,38.0
1405408,23.0
1405488,58.0
1405552,38.0
1405568,59.0
1405584,40.0
1405632,84.0
1405632,39.0
1405712,24.0
1405760,23.0
1405808,42.0
1405904,38.0
1406000,82.0
1406016,40.0
1406080,107.0
1406112,44.0
1406176,43.0
1406256,53.0
1406288,36.0
1406400,37.0
1406448,66.0
1406528,59.0
1406576,29.0
1406608,53.0
1406624,66.0
1406656,69.0
1406688,42.0
1406688,38.0
1406736,21.0
1406768,32.0
1406848,59.0
1406880,37.0
1406880,78.0
1406960,22.0
1406992,62.0
1407008,30.0
1407056,55.0
1407184,97.0
1407200,20.0
1407296,53.0
1407328,40.0
1407344,41.0
1407360,46.0
1407456,50.0
1407472,46.0
1407520,59.0
1407536,41.0
1407696,31.0
1407696,46.0
1407696,58.0
1407744,56.0
1407808,39.0
1407824,52.0
1407856,50.0
1407920,25.0
1407952,31.0
1407952,59.0
1407968,42.0
1408016,42.0
1408096,46.0
1408256,28.0
1408304,38.0
1408304,38.0
1408368,34.0
1408416,31.0
1408480,72.0
1408496,60.0
1408512,35.0
1408576,69.0
1408592,46.0
1408672,26.0
1408704,46.0
1408704,60.0
1408736,65.0
1408816,54.0
1408848,22.0
1408848,47.0
1408848,34.0
1408880,54.0
1409168,37.0
1409168,29.0
1409216,34.0
1409296,58.0
1409392,41.0
1409408,35.0
1409440,46.0
1409472,73.0
1409472,62.0
1409536,43.0
1409568,66.0
1409728,55.0
1409760,55.0
1409776,35.0
1409808,62.0
1409840,27.0
1409904,38.0
1409936,31.0
1410016,53.0
1410064,56.0
1410144,36.0
1410208,112.0
1410224,102.0
1410240,48.0
1410256,26.0
1410368,37.0
1410400,29.0
1410400,42.0
1410448,66.0
1410448,61.0
1410464,44.0
1410576,65.0
1410656,25.0
1410672,38.0
1410688,42.0
1410704,35.0
1410736,33.0
1410752,22.0
1410784,24.0
1410832,37.0
1410912,21.0
1410912,43.0
1410912,29.0
1411008,69.0
1411104,25.0
1411104,41.0
1411184,28.0
1411200,33.0
1411232,89.0
1411248,49.0
1411264,56.0
1411376,45.0
1411408,45.0
1411424,37.0
1411440,41.0
1411488,24.0
1411664,27.0
1411680,58.0
1411760,24.0
1411760,53.0
1411808,44.0
1411904,41.0
1411920,31.0
1411952,34.0
1412000,35.0
1412032,48.0
1412048,71.0
1412096,68.0
1412144,41.0
1412240,66.0
1412272,37.0
1412352,43.0
1412448,78.0
1412544,102.0
1412560,38.0
1412592,43.0
1412608,38.0
1412624,44.0
1412640,34.0
1412656,26.0
1412704,56.0
1412720,60.0
1412720,42.0
1412832,35.0
1412832,67.0
1413040,31.0
1413040,26.0
1413104,41.0
1413120,61.0
1413120,35.0
1413184,37.0
1413216,36.0
1413216,35.0
1413296,37.0
1413360,33.0
1413392,49.0
1413472,90.0
1413488,71.0
1413552,23.0
1413568,53.0
1413584,29.0
1413616,25.0
1413664,59.0
1413744,44.0
1413888,48.0
1413904,43.0
1413920,39.0
1413920,68.0
1413920,51.0
1414064,37.0
1414128,68.0
1414144,47.0
1414144,36.0
1414176,39.0
1414224,38.0
1414272,24.0
1414304,59.0
1414320,25.0
1414400,51.0
1414448,33.0
1414496,37.0
1414512,37.0
1414528,65.0
1414528,49.0
1414752,39.0
1414816,40.0
1414864,45.0
1414896,36.0
1414992,83.0
1414992,34.0
1414992,43.0
1415072,53.0
1415088,43.0
1415168,64.0
1415184,70.0
1415232,44.0
1415232,44.0
1415264,32.0
1415312,28.0
1415344,67.0
1415472,60.0
1415488,42.0
1415568,36.0
1415600,38.0
1415664,48.0
1415696,38.0
1415776,38.0
1415904,45.0
1415952,43.0
1416080,37.0
1416144,42.0
1416176,59.0
1416208,56.0
1416208,40.0
1416256,57.0
1416272,42.0
1416304,25.0
1416320,114.0
1416432,41.0
1416496,50.0
1416528,96.0
1416560,22.0
1416560,38.0
1416576,84.0
1416608,59.0
1416688,34.0
1416752,105.0
1416832,14.0
1416864,37.0
1416912,44.0
1416928,23.0
1417056,30.0
1417088,37.0
1417104,34.0
1417152,53.0
1417200,48.0
1417216,24.0
1417216,60.0
1417264,59.0
1417424,56.0
1417456,25.0
1417552,28.0
1417568,44.0
1417616,54.0
1417696,101.0
1417696,30.0
1417744,52.0
1417744,98.0
1417760,31.0
1417776,53.0
1417840,43.0
1417968,80.0
1418048,60.0
1418080,33.0
1418096,42.0
1418128,42.0
1418224,41.0
1418256,66.0
1418304,68.0
1418352,41.0
1418352,38.0
1418368,47.0
1418448,43.0
1418496,47.0
1418528,43.0
1418528,35.0
1418576,28.0
1418656,27.0
1418736,65.0
1418752,42.0
1418880,49.0
1418912,38.0
1418976,39.0
1418992,39.0
1419056,33.0
1419056,35.0
1419072,31.0
1419184,58.0
1419264,38.0
1419280,77.0
1419344,98.0
1419344,37.0
1419424,67.0
1419440,57.0
1419456,63.0
1419472,46.0
1419536,22.0
1419616,35.0
1419696,39.0
1419760,26.0
1419824,53.0
1419856,25.0
1419904,57.0
1419936,37.0
1419952,26.0
1419984,58.0
1420048,73.0
1420112,31.0
1420128,53.0
1420224,50.0
1420256,25.0
1420272,52.0
1420320,35.0
1420336,27.0
1420416,59.0
1420416,30.0
1420448,47.0
1420448,74.0
1420480,98.0
1420512,43.0
1420672,26.0
1420704,45.0
1420720,24.0
1420784,52.0
1420816,23.0
1420848,45.0
1420928,51.0
1421024,61.0
1421088,42.0
1421136,39.0
1421152,46.0
1421184,25.0
1421216,59.0
1421280,38.0
1421296,51.0
1421360,41.0
1421360,71.0
1421360,65.0
1421440,32.0
1421504,43.0
1421600,29.0
1421744,56.0
1421776,30.0
1421792,48.0
1421808,45.0
1421872,41.0
1421920,35.0
1421920,75.0
1422000,97.0
1422000,35.0
1422064,44.0
1422096,46.0
1422176,27.0
1422304,64.0
1422352,27.0
1422352,53.0
1422352,75.0
1422352,22.0
1422384,24.0
1422384,49.0
1422512,26.0
1422512,45.0
1422560,40.0
1422560,86.0
1422560,43.0
1422752,25.0
1422928,26.0
1422992,76.0
1423008,41.0
1423056,78.0
1423088,44.0
1423120,51.0
1423120,38.0
1423200,40.0
1423248,56.0
1423248,43.0
1423312,60.0
1423344,60.0
1423376,82.0
1423424,31.0
1423440,24.0
1423504,47.0
1423600,65.0
1423616,23.0
1423632,24.0
1423696,43.0
1423776,41.0
1423792,44.0
1423840,29.0
1423872,106.0
1424000,55.0
1424128,71.0
1424304,43.0
1424304,54.0
1424320,61.0
1424336,57.0
1424368,37.0
1424384,37.0
1424400,48.0
1424480,73.0
1424512,51.0
1424544,44.0
1424624,70.0
1424672,50.0
1424848,103.0
1424928,50.0
1424944,35.0
1424960,85.0
1425040,40.0
1425088,48.0
1425104,37.0
1425184,55.0
1425232,77.0
1425264,60.0
1425264,58.0
1425408,65.0
1425408,46.0
1425472,39.0
1425472,27.0
1425568,59.0
1425664,70.0
1425696,37.0
1425712,48.0
1425728,40.0
1425808,36.0
1425920,41.0
1425936,63.0
1425952,30.0
1426032,39.0
1426032,97.0
1426064,37.0
1426224,51.0
1426240,27.0
1426256,81.0
1426320,47.0
1426368,42.0
1426384,45.0
1426400,42.0
1426432,25.0
1426432,30.0
1426464,27.0
1426512,50.0
1426560,86.0
1426656,46.0
1426656,87.0
1426864,40.0
1426880,26.0
1426896,52.0
1426960,36.0
1426976,36.0
1426976,34.0
1427104,42.0
1427136,75.0
1427200,34.0
1427216,60.0
1427248,55.0
1427264,64.0
1427280,48.0
1427344,64.0
1427456,56.0
1427472,51.0
1427520,40.0
1427568,38.0
1427600,39.0
1427664,24.0
1427680,21.0
1427712,32.0
1427744,48.0
1427808,59.0
1427920,64.0
1427936,29.0
1427936,50.0
1427936,43.0
1428032,51.0
1428192,37.0
1428320,50.0
1428368,69.0
1428432,83.0
1428464,34.0
1428512,52.0
1428528,54.0
1428544,61.0
1428576,40.0
1428624,55.0
1428688,47.0
1428752,45.0
1428768,60.0
1428800,68.0
1428816,85.0
1428816,24.0
1428944,27.0
1428976,49.0
1429056,70.0
1429072,38.0
1429072,33.0
1429184,54.0
1429200,39.0
1429216,26.0
1429280,41.0
1429328,50.0
1429360,26.0
1429424,23.0
1429456,43.0
1429472,31.0
1429488,50.0
1429520,44.0
1429552,74.0
1429600,24.0
1429616,34.0
1429728,28.0
1429776,36.0
1429824,21.0
1429904,52.0
1429936,26.0
1429968,76.0
1429984,27.0
1430000,51.0
1430048,27.0
1430096,42.0
1430128,41.0
1430128,48.0
1430144,83.0
1430208,55.0
1430400,36.0
1430416,26.0
1430528,24.0
1430544,38.0
1430544,31.0
1430576,70.0
1430672,59.0
1430736,71.0
1430736,38.0
1430736,52.0
1430768,40.0
1430816,52.0
1430816,65.0
1430928,33.0
1430944,46.0
1430976,35.0
1431072,61.0
1431136,38.0
1431280,34.0
1431280,44.0
1431376,40.0
1431392,36.0
1431456,57.0
1431456,45.0
1431552,63.0
1431568,50.0
1431584,41.0
1431600,39.0
1431680,25.0
1431696,55.0
1431776,44.0
1431776,69.0
1431776,40.0
1431904,20.0
1431936,35.0
1431936,41.0
1431984,27.0
1432080,132.0
1432176,77.0
1432176,30.0
1432208,47.0
1432208,27.0
1432256,50.0
1432256,20.0
1432272,23.0
1432304,57.0
1432336,25.0
1432480,50.0
1432480,57.0
1432528,58.0
1432576,31.0
1432672,31.0
1432688,57.0
1432704,31.0
1432736,33.0
1432800,51.0
1432976,42.0
1432976,45.0
1433008,33.0
1433072,56.0
1433088,24.0
1433120,84.0
1433120,53.0
1433152,30.0
1433152,42.0
1433264,46.0
1433392,51.0
1433456,70.0
1433456,21.0
1433488,50.0
1433520,79.0
1433520,27.0
1433664,37.0
1433664,41.0
1433696,56.0
1433872,45.0
1433888,48.0
1433888,46.0
1433888,39.0
1433968,77.0
1433968,28.0
1434064,34.0
1434096,40.0
1434112,28.0
1434112,41.0
1434128,72.0
1434128,46.0
1434160,42.0
1434256,80.0
1434400,33.0
1434464,50.0
1434480,37.0
1434480,22.0
1434608,34.0
1434640,47.0
1434720,47.0
1434736,39.0
1434768,42.0
1434784,24.0
1434864,38.0
1434976,31.0
1434976,12.0
1435024,57.0
1435024,34.0
1435136,73.0
1435168,27.0
1435232,84.0
1435248,30.0
1435264,98.0
1435360,56.0
1435440,82.0
1435488,83.0
1435520,34.0
1435568,44.0
1435664,31.0
1435680,67.0
1435696,66.0
1435792,48.0
1435808,49.0
1435872,56.0
1435936,31.0
1436000,40.0
1436000,46.0
1436080,85.0
1436128,35.0
1436144,41.0
1436192,66.0
1436208,60.0
1436208,32.0
1436224,35.0
1436288,30.0
1436352,52.0
1436384,37.0
1436416,74.0
1436448,23.0
1436464,49.0
1436624,47.0
1436640,40.0
1436688,43.0
1436736,24.0
1436864,58.0
1436864,42.0
1436960,42.0
1437056,23.0
1437072,59.0
1437120,42.0
1437152,48.0
1437152,59.0
1437152,33.0
1437168,64.0
1437216,63.0
1437248,32.0
1437344,58.0
1437344,70.0
1437424,60.0
1437520,35.0
1437696,34.0
1437712,35.0
1437744,37.0
1437776,57.0
1437776,71.0
1437840,49.0
1437952,44.0
1437968,56.0
1438000,52.0
1438016,50.0
1438128,49.0
1438144,50.0
1438176,41.0
1438384,38.0
1438384,40.0
1438432,45.0
1438448,83.0
1438448,47.0
1438560,49.0
1438592,40.0
1438608,48.0
1438752,46.0
1438784,49.0
1438816,122.0
1438832,88.0
1438896,58.0
1438896,48.0
1438944,22.0
1438944,31.0
1439024,53.0
1439040,41.0
1439056,39.0
1439088,59.0
1439120,35.0
1439168,24.0
1439184,36.0
1439216,20.0
1439424,65.0
1439504,30.0
1439552,46.0
1439584,40.0
1439632,74.0
1439632,50.0
1439648,47.0
1439776,35.0
1439808,54.0
1439872,49.0
1440016,53.0
1440016,56.0
1440016,60.0
1440032,80.0
1440080,33.0
1440096,29.0
1440256,76.0
1440336,52.0
1440336,72.0
1440352,36.0
1440432,39.0
1440464,28.0
1440464,52.0
1440480,66.0
1440480,38.0
1440496,57.0
1440608,60.0
1440704,39.0
1440736,40.0
1440848,52.0
1440864,32.0
1440880,54.0
1440912,55.0
1440960,14.0
1440976,23.0
1441056,50.0
1441072,40.0
1441088,38.0
1441168,44.0
1441184,43.0
1441248,49.0
1441248,34.0
1441296,28.0
1441424,29.0
1441440,69.0
1441488,63.0
1441536,41.0
1441568,37.0
1441584,45.0
1441648,37.0
1441728,40.0
1441792,38.0
1441824,93.0
1441824,41.0
1441904,29.0
1441968,42.0
1442128,66.0
1442160,57.0
1442192,39.0
1442336,34.0
1442400,36.0
1442512,43.0
1442512,54.0
1442528,101.0
1442576,42.0
1442608,70.0
1442656,58.0
1442720,74.0
1442800,86.0
1442896,82.0
1442896,48.0
1442944,27.0
1442944,26.0
1443024,39.0
1443040,27.0
1443104,48.0
1443280,70.0
1443296,128.0
1443392,37.0
1443408,32.0
1443456,79.0
1443552,38.0
1443568,53.0
1443584,43.0
1443600,68.0
1443616,103.0
1443616,42.0
1443648,38.0
1443808,72.0
1443824,78.0
1443840,28.0
1444048,27.0
1444096,43.0
1444096,62.0
1444176,36.0
1444176,23.0
1444208,40.0
1444224,75.0
1444400,59.0
1444400,51.0
1444416,37.0
1444416,50.0
1444480,24.0
1444528,30.0
1444544,62.0
1444736,68.0
1444768,92.0
1444800,60.0
1444832,46.0
1444864,28.0
1444912,32.0
1444976,36.0
1444992,51.0
1445040,35.0
1445136,37.0
1445152,46.0
1445184,63.0
1445216,43.0
1445248,65.0
1445296,35.0
1445296,126.0
1445424,35.0
1445456,39.0
1445488,79.0
1445504,46.0
1445584,49.0
1445600,38.0
1445616,44.0
1445632,37.0
1445664,30.0
1445680,24.0
1445744,37.0
1445760,39.0
1445920,29.0
1445920,42.0
1446000,49.0
1446032,27.0
1446048,24.0
1446080,28.0
1446096,37.0
1446192,48.0
1446256,48.0
1446288,33.0
1446288,62.0
1446368,39.0
1446416,52.0
1446416,31.0
1446416,46.0
1446496,36.0
1446512,56.0
1446544,98.0
1446560,33.0
1446608,38.0
1446800,27.0
1446800,24.0
1446848,50.0
1446880,43.0
1446928,23.0
1446960,44.0
1446992,28.0
1447008,58.0
1447120,52.0
1447136,39.0
1447152,54.0
1447264,29.0
1447312,20.0
1447328,57.0
1447360,30.0
1447424,83.0
1447424,26.0
1447488,35.0
1447504,44.0
1447536,70.0
1447584,68.0
1447648,21.0
1447680,52.0
1447760,40.0
1447760,38.0
1447856,78.0
1447872,34.0
1447872,23.0
1447968,63.0
1447984,19.0
1448000,32.0
1448080,41.0
1448160,56.0
1448272,57.0
1448304,48.0
1448320,46.0
1448336,21.0
1448352,31.0
1448352,37.0
1448368,59.0
1448400,79.0
1448416,34.0
1448624,29.0
1448672,44.0
1448688,38.0
1448736,61.0
1448832,27.0
1448944,81.0
1448944,36.0
1448960,41.0
1449008,43.0
1449040,39.0
1449088,22.0
1449104,77.0
1449216,59.0
1449248,39.0
1449248,26.0
1449392,65.0
1449392,27.0
1449392,44.0
1449504,73.0
1449536,74.0
1449568,39.0
1449632,60.0
1449648,38.0
1449664,45.0
1449712,29.0
1449744,31.0
1449856,117.0
1450032,40.0
1450048,52.0
1450064,60.0
1450112,30.0
1450144,66.0
1450240,44.0
1450368,41.0
1450416,23.0
1450432,65.0
1450464,50.0
1450480,61.0
1450576,98.0
1450592,46.0
1450640,62.0
1450656,68.0
1450752,21.0
1450800,46.0
1450832,50.0
1450848,38.0
1450880,26.0
1450912,95.0
1450928,35.0
1450976,54.0
1451264,29.0
1451456,34.0
1451472,108.0
1451488,41.0
1451488,53.0
1451520,54.0
1451568,51.0
1451584,69.0
1451632,93.0
1451648,45.0
1451664,77.0
1451696,51.0
1451712,46.0
1451760,57.0
1452064,37.0
1452064,25.0
1452080,35.0
1452096,94.0
1452176,37.0
1452176,43.0
1452192,30.0
1452192,35.0
1452368,42.0
1452384,58.0
1452432,49.0
1452560,81.0
1452560,62.0
1452624,35.0
1452672,31.0
1452704,59.0
1452720,77.0
1452784,138.0
1452784,25.0
1452816,47.0
1452816,39.0
1452848,26.0
1452896,51.0
1452976,49.0
1452976,38.0
1453056,55.0
1453184,25.0
1453360,43.0
1453424,54.0
1453424,45.0
1453440,55.0
1453472,41.0
1453504,28.0
1453600,55.0
1453680,44.0
1453696,100.0
1453776,37.0
1453824,61.0
1453840,59.0
1453968,74.0
1454016,34.0
1454080,91.0
1454112,27.0
1454160,84.0
1454176,30.0
1454256,56.0
1454320,84.0
1454336,57.0
1454336,57.0
1454384,34.0
1454400,56.0
1454416,16.0
1454416,51.0
1454464,24.0
1454480,65.0
1454496,45.0
1454512,25.0
1454656,40.0
1454736,48.0
1454784,24.0
1454784,33.0
1454832,41.0
1454864,65.0
1454864,22.0
1455072,37.0
1455072,46.0
1455072,47.0
1455136,40.0
1455152,48.0
1455232,51.0
1455312,33.0
1455360,44.0
1455392,61.0
1455408,59.0
1455424,37.0
1455472,38.0
1455488,47.0
1455504,27.0
1455568,77.0
1455616,47.0
1455728,36.0
1455776,62.0
1455824,22.0
1455856,34.0
1455872,50.0
1456000,37.0
1456032,40.0
1456096,64.0
1456112,34.0
1456144,57.0
1456176,35.0
1456224,45.0
1456288,54.0
1456336,53.0
1456352,62.0
1456416,34.0
1456464,46.0
1456544,88.0
1456576,45.0
1456720,56.0
1456720,38.0
1456960,51.0
1456976,50.0
1457024,28.0
1457072,41.0
1457088,82.0
1457104,67.0
1457152,51.0
1457216,76.0
1457248,33.0
1457312,37.0
1457360,51.0
1457408,74.0
1457456,73.0
1457504,25.0
1457568,92.0
1457648,81.0
1457712,47.0
1457776,33.0
1457792,44.0
1457904,43.0
1457920,91.0
1457968,56.0
1457984,42.0
1458000,61.0
1458016,38.0
1458064,44.0
1458112,41.0
1458192,25.0
1458288,45.0
1458320,73.0
1458320,34.0
1458368,54.0
1458464,25.0
1458496,49.0
1458544,39.0
1458592,101.0
1458608,39.0
1458624,61.0
1458640,42.0
1458640,39.0
1458720,38.0
1458720,33.0
1458720,25.0
1458880,55.0
1458928,64.0
1458944,39.0
1458992,39.0
1459072,33.0
1459200,30.0
1459312,51.0
1459328,65.0
1459328,24.0
1459360,40.0
1459424,49.0
1459472,53.0
1459488,64.0
1459520,58.0
1459536,56.0
1459536,38.0
1459584,44.0
1459600,38.0
1459648,36.0
1459744,64.0
1459808,30.0
1459872,79.0
1459872,42.0
1459872,32.0
1459920,38.0
1460032,38.0
1460144,35.0
1460160,39.0
1460160,39.0
1460224,39.0
1460384,56.0
1460384,46.0
1460400,33.0
1460464,62.0
1460528,75.0
1460560,43.0
1460704,35.0
1460736,76.0
1460896,72.0
1460896,54.0
1460960,68.0
1460976,32.0
1460992,67.0
1461008,38.0
1461056,78.0
1461104,55.0
1461120,46.0
1461152,28.0
1461328,59.0
1461376,76.0
1461392,54.0
1461472,36.0
1461520,23.0
1461552,37.0
1461616,91.0
1461648,40.0
1461680,59.0
1461696,50.0
1461712,41.0
1461760,40.0
1461760,75.0
1461920,28.0
1461968,54.0
1462000,39.0
1462080,43.0
1462112,70.0
1462112,35.0
1462128,23.0
1462128,23.0
1462224,38.0
1462224,78.0
1462288,38.0
1462304,38.0
1462400,30.0
1462416,48.0
1462496,73.0
1462512,25.0
1462512,25.0
1462560,37.0
1462736,76.0
1462736,38.0
1462832,27.0
1462848,45.0
1462864,72.0
1462864,49.0
1462896,56.0
1462928,44.0
1462944,40.0
1462992,27.0
1463072,13.0
1463104,37.0
1463168,27.0
1463216,58.0
1463360,27.0
1463360,53.0
1463408,74.0
1463424,35.0
1463440,28.0
1463552,21.0
1463584,73.0
1463696,50.0
1463712,40.0
1463712,55.0
1463728,77.0
1463776,52.0
1463792,66.0
1464000,40.0
1464016,37.0
1464032,37.0
1464048,43.0
1464128,45.0
1464256,42.0
1464288,37.0
1464336,93.0
1464384,24.0
1464416,40.0
1464496,59.0
1464608,56.0
1464624,95.0
1464640,37.0
1464640,39.0
1464704,42.0
1464832,104.0
1464912,75.0
1464992,36.0
1464992,38.0
1465024,43.0
1465104,51.0
1465136,84.0
1465200,36.0
1465216,32.0
1465280,72.0
1465360,69.0
1465360,45.0
1465424,58.0
1465472,109.0
1465472,54.0
1465520,43.0
1465568,27.0
1465568,41.0
1465584,37.0
1465632,40.0
1465664,29.0
1465696,30.0
1465728,39.0
1465840,35.0
1465968,31.0
1466000,36.0
1466000,30.0
1466048,29.0
1466160,27.0
1466192,97.0
1466224,54.0
1466272,50.0
1466336,23.0
1466368,23.0
1466416,66.0
1466416,53.0
1466496,54.0
1466560,56.0
1466592,56.0
1466688,70.0
1466768,109.0
1466800,36.0
1466816,48.0
1466832,40.0
1466848,63.0
1466912,34.0
1466960,60.0
1466976,30.0
1467040,39.0
1467104,43.0
1467248,41.0
1467248,57.0
1467312,47.0
1467360,35.0
1467392,70.0
1467440,47.0
1467440,42.0
1467632,92.0
1467680,54.0
1467712,54.0
1467760,50.0
1467856,47.0
1467856,34.0
1467888,57.0
1467936,43.0
1467952,44.0
1467984,39.0
1467984,59.0
1468064,39.0
1468096,74.0
1468160,11.0
1468176,46.0
1468240,53.0
1468384,25.0
1468400,98.0
1468496,51.0
1468544,43.0
1468592,52.0
1468688,47.0
1468704,47.0
1468736,36.0
1468768,33.0
1468896,12.0
1468928,47.0
1468944,82.0
1468992,80.0
1469024,40.0
1469104,76.0
1469184,37.0
1469200,84.0
1469216,42.0
1469280,49.0
1469296,77.0
1469312,34.0
1469344,26.0
1469360,23.0
1469392,31.0
1469424,43.0
1469536,90.0
1469584,30.0
1469680,24.0
1469792,27.0
1469808,54.0
1469840,40.0
1469856,52.0
1469872,92.0
1469904,39.0
1470000,49.0
1470000,51.0
1470016,37.0
1470064,42.0
1470112,89.0
1470144,38.0
1470288,30.0
1470336,34.0
1470352,63.0
1470368,22.0
1470384,67.0
1470448,37.0
1470480,56.0
1470560,41.0
1470576,44.0
1470592,33.0
1470624,59.0
1470752,26.0
1470752,23.0
1470768,26.0
1470768,39.0
1470768,48.0
1470800,20.0
1470864,47.0
1470896,56.0
1470928,68.0
1470992,44.0
1471104,46.0
1471168,45.0
1471248,24.0
1471392,37.0
1471408,51.0
1471536,57.0
1471536,27.0
1471536,60.0
1471536,48.0
1471600,65.0
1471600,52.0
1471760,48.0
1471776,38.0
1471776,63.0
1471856,69.0
1471872,29.0
1472000,25.0
1472016,39.0
1472032,31.0
1472048,81.0
1472080,74.0
1472096,20.0
1472160,35.0
1472192,41.0
1472272,64.0
1472320,28.0
1472352,89.0
1472480,39.0
1472496,60.0
1472624,53.0
1472656,40.0
1472752,76.0
1472768,63.0
1472784,44.0
1472896,25.0
1472912,40.0
1472960,38.0
1472960,30.0
1472992,56.0
1473088,58.0
1473088,48.0
1473120,70.0
1473168,70.0
1473168,25.0
1473232,75.0
1473328,71.0
1473392,27.0
1473424,40.0
1473440,43.0
1473504,37.0
1473520,33.0
1473600,32.0
1473632,46.0
1473664,63.0
1473776,24.0
1473840,25.0
1473840,47.0
1473888,41.0
1473920,50.0
1473952,83.0
1473968,34.0
1474016,53.0
1474368,54.0
1474480,51.0
1474480,72.0
1474496,61.0
1474528,85.0
1474576,39.0
1474608,48.0
1474624,44.0
1474672,56.0
1474736,71.0
1474784,72.0
1474800,115.0
1474864,61.0
1474992,23.0
1475072,77.0
1475088,19.0
1475168,50.0
1475168,75.0
1475184,38.0
1475200,74.0
1475216,45.0
1475248,40.0
1475280,38.0
1475328,37.0
1475344,34.0
1475440,60.0
1475648,70.0
1475664,50.0
1475664,42.0
1475712,40.0
1475792,34.0
1475792,29.0
1475792,82.0
1475808,37.0
1475840,41.0
1475872,44.0
1476000,45.0
1476064,45.0
1476112,29.0
1476112,57.0
1476128,65.0
1476208,26.0
1476224,27.0
1476256,12.0
1476352,43.0
1476496,66.0
1476512,53.0
1476592,49.0
1476608,24.0
1476624,32.0
1476720,58.0
1476720,97.0
1476800,58.0
1476816,35.0
1476864,23.0
1476880,48.0
1476896,43.0
1476928,68.0
1477120,62.0
1477120,88.0
1477152,50.0
1477168,28.0
1477328,51.0
1477376,49.0
1477456,46.0
1477520,56.0
1477520,95.0
1477520,45.0
1477536,38.0
1477616,50.0
1477632,47.0
1477664,48.0
1477680,35.0
1477696,34.0
1477696,52.0
1477712,37.0
1477904,46.0
1477952,39.0
1477968,85.0
1477968,27.0
1478096,36.0
1478176,35.0
1478192,42.0
1478320,39.0
1478320,43.0
1478336,40.0
1478512,71.0
1478528,54.0
1478544,36.0
1478544,68.0
1478560,65.0
1478608,58.0
1478624,27.0
1478704,47.0
1478720,51.0
1478736,48.0
1478736,40.0
1478752,65.0
1478752,26.0
1478784,38.0
1478816,12.0
1478912,12.0
1478976,28.0
1479072,32.0
1479168,53.0
1479232,39.0
1479312,38.0
1479312,48.0
1479344,38.0
1479360,51.0
1479376,39.0
1479376,39.0
1479408,39.0
1479456,59.0
1479456,34.0
1479488,32.0
1479568,47.0
1479600,27.0
1479824,68.0
1479856,49.0
1479904,99.0
1479904,31.0
1479920,29.0
1479984,42.0
1480016,40.0
1480016,42.0
1480080,45.0
1480096,38.0
1480224,48.0
1480224,23.0
1480304,46.0
1480320,31.0
1480320,25.0
1480352,70.0
1480432,33.0
1480432,28.0
1480432,26.0
1480512,27.0
1480608,77.0
1480656,27.0
1480688,37.0
1480688,68.0
1480912,56.0
1480992,40.0
1481008,36.0
1481056,39.0
1481104,75.0
1481136,52.0
1481184,60.0
1481200,55.0
1481264,59.0
1481264,41.0
1481312,50.0
1481376,129.0
1481392,44.0
1481424,62.0
1481456,29.0
1481456,34.0
1481488,50.0
1481616,35.0
1481616,32.0
1481744,27.0
1481920,41.0
1481936,50.0
1482016,52.0
1482032,38.0
1482064,66.0
1482080,29.0
1482096,44.0
1482112,46.0
1482112,57.0
1482128,92.0
1482128,24.0
1482144,55.0
1482240,49.0
1482240,49.0
1482448,33.0
1482480,62.0
1482496,22.0
1482512,56.0
1482576,34.0
1482624,32.0
1482688,47.0
1482704,39.0
1482704,37.0
1482768,40.0
1482800,46.0
1482848,38.0
1482880,54.0
1482960,54.0
1482992,47.0
1483024,36.0
1483056,36.0
1483088,37.0
1483152,40.0
1483200,32.0
1483200,67.0
1483312,38.0
1483376,36.0
1483392,34.0
1483440,46.0
1483472,26.0
1483552,61.0
1483712,68.0
1483744,34.0
1483808,45.0
1483840,55.0
1483840,43.0
1483904,27.0
1483984,76.0
1484032,37.0
1484048,21.0
1484048,73.0
1484080,66.0
1484096,44.0
1484112,57.0
1484144,72.0
1484464,39.0
1484496,24.0
1484512,71.0
1484544,40.0
1484576,46.0
1484640,41.0
1484672,40.0
1484688,55.0
1484832,95.0
1484848,50.0
1484896,72.0
1484944,50.0
1484960,54.0
1485008,58.0
1485008,91.0
1485120,38.0
1485312,79.0
1485360,51.0
1485408,57.0
1485424,33.0
1485456,39.0
1485520,59.0
1485632,39.0
1485712,37.0
1485712,47.0
1485744,24.0
1485824,55.0
1485824,51.0
1485840,72.0
1485840,73.0
1485920,67.0
1486048,39.0
1486064,41.0
1486128,51.0
1486160,106.0
1486160,95.0
1486192,42.0
1486240,38.0
1486320,54.0
1486416,44.0
1486464,26.0
1486496,42.0
1486544,24.0
1486608,56.0
1486640,32.0
1486656,51.0
1486688,54.0
1486720,33.0
1486736,20.0
1486800,30.0
1486880,45.0
1486896,66.0
1486896,22.0
1486960,76.0
1487040,50.0
1487200,71.0
1487280,40.0
1487280,49.0
1487360,42.0
1487376,91.0
1487376,36.0
1487392,49.0
1487440,34.0
1487600,54.0
1487616,72.0
1487712,66.0
1487744,29.0
1487744,49.0
1487792,37.0
1487824,28.0
1487840,70.0
1487856,61.0
1487872,37.0
1487904,33.0
1487904,29.0
1487920,64.0
1488048,27.0
1488048,63.0
1488192,52.0
1488240,40.0
1488304,32.0
1488336,37.0
1488336,27.0
1488352,30.0
1488464,67.0
1488480,27.0
1488624,44.0
1488656,57.0
1488672,60.0
1488672,39.0
1488768,27.0
1488816,39.0
1488864,64.0
1488944,30.0
1489024,34.0
1489072,48.0
1489216,55.0
1489248,56.0
1489264,88.0
1489264,40.0
1489280,26.0
1489296,66.0
1489328,89.0
1489360,34.0
1489376,97.0
1489392,28.0
1489488,15.0
1489520,53.0
1489664,25.0
1489712,43.0
1489856,23.0
1489872,69.0
1489904,39.0
1489920,39.0
1489952,55.0
1489952,80.0
1490096,46.0
1490112,25.0
1490112,56.0
1490144,55.0
1490240,36.0
1490272,23.0
1490336,24.0
1490336,59.0
1490368,53.0
1490592,45.0
1490592,42.0
1490640,49.0
1490640,43.0
1490672,126.0
1490688,85.0
1490752,41.0
1490768,39.0
1490816,44.0
1490816,30.0
1490928,51.0
1490944,36.0
1491104,48.0
1491136,54.0
1491168,36.0
1491248,27.0
1491264,118.0
1491312,23.0
1491360,70.0
1491456,43.0
1491456,49.0
1491456,51.0
1491552,57.0
1491552,50.0
1491680,68.0
1491712,25.0
1491744,40.0
1491776,68.0
1491808,42.0
1491888,21.0
1491968,44.0
1492000,52.0
1492048,43.0
1492096,40.0
1492160,38.0
1492176,25.0
1492304,93.0
1492320,36.0
1492448,48.0
1492480,64.0
1492560,37.0
1492656,31.0
1492656,53.0
1492672,76.0
1492800,20.0
1492896,37.0
1492928,47.0
1492944,53.0
1492944,126.0
1492992,109.0
1493040,65.0
1493040,83.0
1493104,66.0
1493168,80.0
1493200,25.0
1493200,40.0
1493200,34.0
1493392,59.0
1493440,48.0
1493472,36.0
1493504,74.0
1493504,32.0
1493568,57.0
1493776,52.0
1493792,53.0
1493808,55.0
1493824,22.0
1493888,53.0
1493888,31.0
1493904,21.0
1493920,55.0
1493920,47.0
1493952,28.0
1493968,54.0
1494016,51.0
1494032,37.0
1494176,61.0
1494224,64.0
1494336,52.0
1494352,35.0
1494352,24.0
1494384,38.0
1494432,38.0
1494480,37.0
1494480,33.0
1494608,43.0
1494624,46.0
1494656,40.0
1494688,49.0
1494704,56.0
1494736,32.0
1494768,26.0
1494944,29.0
1494944,38.0
1495024,69.0
1495056,42.0
1495152,42.0
1495168,25.0
1495280,42.0
1495344,73.0
1495504,92.0
1495520,68.0
1495520,49.0
1495664,38.0
1495680,46.0
1495680,46.0
1495712,27.0
1495728,44.0
1495760,67.0
1495824,92.0
1495840,42.0
1495984,52.0
1496032,43.0
1496032,86.0
1496112,88.0
1496176,32.0
1496224,44.0
1496272,35.0
1496320,30.0
1496336,107.0
1496352,42.0
1496448,43.0
1496464,60.0
1496592,35.0
1496688,63.0
1496704,45.0
1496736,76.0
1496768,26.0
1496800,22.0
1496832,31.0
1496864,25.0
1496864,40.0
1496912,55.0
1496944,39.0
1497056,83.0
1497280,63.0
1497424,78.0
1497440,83.0
1497488,39.0
1497536,59.0
1497568,41.0
1497584,45.0
1497584,55.0
1497584,56.0
1497648,57.0
1497648,23.0
1497696,56.0
1497760,62.0
1497856,64.0
1497904,60.0
1497920,54.0
1498128,37.0
1498192,38.0
1498256,38.0
1498272,53.0
1498320,25.0
1498320,52.0
1498336,56.0
1498400,44.0
1498416,41.0
1498432,163.0
1498544,61.0
1498544,56.0
1498576,45.0
1498592,63.0
1498608,44.0
1498608,22.0
1498848,28.0
1498848,41.0
1498864,37.0
1498896,48.0
1498928,37.0
1498944,39.0
1499024,37.0
1499040,91.0
1499072,41.0
1499248,44.0
1499264,26.0
1499328,45.0
1499360,65.0
1499360,47.0
1499392,22.0
1499440,36.0
1499456,54.0
1499488,35.0
1499488,34.0
1499728,41.0
1499760,76.0
1499936,42.0
1499984,46.0
1500000,61.0
1500080,40.0
1500144,81.0
1500192,52.0
1500224,103.0
1500304,51.0
1500320,54.0
1500320,52.0
1500384,64.0
1500400,63.0
1500432,96.0
1500480,47.0
1500624,54.0
1500704,86.0
1500720,31.0
1500720,21.0
1500752,38.0
1500784,29.0
1500816,52.0
1500832,25.0
1500864,42.0
1500912,52.0
1500960,35.0
1500976,61.0
1500992,43.0
1501184,54.0
1501184,27.0
1501248,39.0
1501264,27.0
1501280,50.0
1501296,36.0
1501296,21.0
1501312,38.0
1501392,91.0
1501568,49.0
1501616,27.0
1501632,40.0
1501712,28.0
1501712,53.0
1501712,33.0
1501776,33.0
1501824,34.0
1501824,63.0
1501824,69.0
1501904,62.0
1502016,45.0
1502016,24.0
1502064,47.0
1502096,20.0
1502272,41.0
1502288,29.0
1502336,39.0
1502384,35.0
1502416,53.0
1502432,91.0
1502512,31.0
1502512,26.0
1502528,44.0
1502608,76.0
1502640,84.0
1502656,24.0
1502656,59.0
1502672,21.0
1502752,65.0
1502816,27.0
1502832,51.0
1502912,39.0
1502912,63.0
1502912,31.0
1502944,27.0
1502960,22.0
1503024,31.0
1503200,34.0
1503200,43.0
1503248,37.0
1503280,33.0
1503360,34.0
1503392,45.0
1503408,48.0
1503456,39.0
1503616,26.0
1503680,48.0
1503744,82.0
1503792,32.0
1503808,54.0
1503808,56.0
1503904,115.0
1503920,60.0
1503936,57.0
1503984,49.0
1504080,29.0
1504112,41.0
1504176,58.0
1504272,37.0
1504288,55.0
1504304,57.0
1504304,59.0
1504320,88.0
1504336,27.0
1504368,39.0
1504384,36.0
1504432,32.0
1504512,36.0
1504512,27.0
1504560,28.0
1504624,52.0
1504720,34.0
1504784,29.0
1504912,33.0
1504912,34.0
1504928,41.0
1504960,33.0
1505024,45.0
1505088,50.0
1505104,81.0
1505120,51.0
1505136,72.0
1505152,51.0
1505168,34.0
1505216,44.0
1505296,46.0
1505376,29.0
1505392,42.0
1505408,30.0
1505456,59.0
1505520,35.0
1505584,28.0
1505600,27.0
1505760,42.0
1505776,42.0
1505856,52.0
1505856,28.0
1505904,43.0
1505952,31.0
1505968,51.0
1505984,29.0
1506000,76.0
1506160,65.0
1506192,50.0
1506208,28.0
1506272,61.0
1506288,43.0
1506288,27.0
1506384,50.0
1506544,34.0
1506544,102.0
1506640,27.0
1506656,47.0
1506736,22.0
1506752,48.0
1506784,52.0
1506800,52.0
1506832,35.0
1506864,68.0
1507008,45.0
1507072,106.0
1507104,29.0
1507104,78.0
1507232,36.0
1507248,26.0
1507248,66.0
1507296,71.0
1507312,48.0
1507360,51.0
1507360,36.0
1507472,42.0
1507504,40.0
1507520,48.0
1507584,53.0
1507712,38.0
1507776,34.0
1507776,93.0
1507824,51.0
1507856,38.0
1507872,48.0
1507968,45.0
1507984,57.0
1507984,30.0
1508144,42.0
1508176,54.0
1508192,52.0
1508208,43.0
1508272,43.0
1508272,57.0
1508336,65.0
1508464,47.0
1508496,39.0
1508528,44.0
1508560,49.0
1508624,26.0
1508624,27.0
1508656,42.0
1508720,46.0
1508832,54.0
1508848,62.0
1508928,47.0
1509008,54.0
1509056,45.0
1509136,54.0
1509200,23.0
1509296,42.0
1509296,52.0
1509376,45.0
1509408,43.0
1509408,71.0
1509408,102.0
1509472,59.0
1509504,28.0
1509536,33.0
1509616,62.0
1509680,70.0
1509744,28.0
1509792,54.0
1509840,40.0
1509904,66.0
1509936,25.0
1510064,58.0
1510064,41.0
1510080,49.0
1510144,46.0
1510176,105.0
1510176,27.0
1510224,53.0
1510240,52.0
1510336,54.0
1510400,29.0
1510480,25.0
1510512,38.0
1510560,55.0
1510656,37.0
1510720,41.0
1510752,78.0
1510784,34.0
1510800,39.0
1510816,30.0
1510816,37.0
1510832,62.0
1510880,23.0
1510880,68.0
1510912,48.0
1510944,83.0
1511024,53.0
1511232,52.0
1511360,33.0
1511392,38.0
1511408,24.0
1511456,36.0
1511472,47.0
1511488,58.0
1511488,42.0
1511504,43.0
1511616,44.0
1511616,51.0
1511728,31.0
1511792,57.0
1511808,54.0
1511824,29.0
1511856,25.0
1511936,74.0
1511968,93.0
1512000,32.0
1512016,38.0
1512048,41.0
1512096,90.0
1512224,38.0
1512256,27.0
1512336,33.0
1512336,53.0
1512336,54.0
1512384,26.0
1512480,27.0
1512560,34.0
1512592,41.0
1512624,56.0
1512640,49.0
1512656,72.0
1512672,26.0
1512688,43.0
1512720,24.0
1512752,60.0
1512848,39.0
1512848,23.0
1512848,32.0
1512928,34.0
1512976,40.0
1513120,35.0
1513136,65.0
1513248,31.0
1513296,28.0
1513312,40.0
1513344,43.0
1513408,45.0
1513424,52.0
1513424,50.0
1513488,40.0
1513488,40.0
1513680,129.0
1513776,66.0
1513792,54.0
1513824,36.0
1513824,25.0
1513840,54.0
1513920,38.0
1513936,40.0
1513984,36.0
1514048,39.0
1514064,36.0
1514080,90.0
1514160,65.0
1514176,65.0
1514256,12.0
1514288,28.0
1514384,56.0
1514384,44.0
1514432,41.0
1514512,27.0
1514512,43.0
1514544,75.0
1514560,48.0
1514576,47.0
1514576,26.0
1514736,50.0
1514736,43.0
1514752,36.0
1514768,24.0
1514912,25.0
1514912,11.0
1514928,59.0
1514928,40.0
1514960,33.0
1514960,65.0
1514976,37.0
1515056,34.0
1515120,54.0
1515264,33.0
1515344,48.0
1515408,27.0
1515424,23.0
1515440,56.0
1515440,54.0
1515440,55.0
1515600,43.0
1515616,43.0
1515648,55.0
1515648,33.0
1515664,25.0
1515712,47.0
1515808,56.0
1515808,23.0
1515856,58.0
1515872,70.0
1516016,38.0
1516064,69.0
1516112,42.0
1516144,30.0
1516176,29.0
1516256,52.0
1516256,38.0
1516272,26.0
1516304,43.0
1516320,28.0
1516320,61.0
1516480,55.0
1516528,17.0
1516544,23.0
1516592,59.0
1516624,74.0
1516720,41.0
1516768,60.0
1516832,36.0
1516864,37.0
1516896,68.0
1517040,45.0
1517168,54.0
1517184,54.0
1517200,41.0
1517232,25.0
1517264,42.0
1517312,73.0
1517312,37.0
1517328,35.0
1517392,48.0
1517408,55.0
1517536,95.0
1517584,20.0
1517616,94.0
1517632,48.0
1517664,74.0
1517744,36.0
1517920,11.0
1517920,64.0
1517952,26.0
1517968,48.0
1518000,43.0
1518096,43.0
1518144,35.0
1518176,53.0
1518176,54.0
1518320,80.0
1518416,26.0
1518432,30.0
1518480,78.0
1518528,84.0
1518544,57.0
1518592,75.0
1518592,61.0
1518720,50.0
1518800,24.0
1518880,76.0
1518896,47.0
1518896,50.0
1518944,39.0
1518944,48.0
1518976,24.0
1519024,53.0
1519104,39.0
1519184,40.0
1519248,19.0
1519248,33.0
1519264,52.0
1519280,82.0
1519296,86.0
1519392,50.0
1519472,36.0
1519536,41.0
1519616,51.0
1519616,68.0
1519648,42.0
1519744,40.0
1519760,51.0
1519904,41.0
1520000,51.0
1520000,69.0
1520000,61.0
1520016,34.0
1520048,41.0
1520048,27.0
1520080,34.0
1520096,30.0
1520208,58.0
1520336,68.0
1520400,25.0
1520400,69.0
1520416,25.0
1520432,73.0
1520512,26.0
1520544,56.0
1520560,51.0
1520560,30.0
1520592,43.0
1520656,38.0
1520768,48.0
1520784,46.0
1520816,66.0
1520848,53.0
1520928,24.0
1520976,24.0
1521008,37.0
1521040,38.0
1521120,45.0
1521120,57.0
1521152,51.0
1521168,41.0
1521184,26.0
1521216,51.0
1521328,48.0
1521408,37.0
1521424,24.0
1521520,46.0
1521520,60.0
1521520,37.0
1521552,36.0
1521680,33.0
1521696,53.0
1521728,38.0
1521728,20.0
1521776,37.0
1521776,48.0
1521872,47.0
1521936,32.0
1521968,50.0
1521984,29.0
1522064,32.0
1522096,90.0
1522096,48.0
1522208,43.0
1522240,23.0
1522272,34.0
1522288,20.0
1522368,40.0
1522384,25.0
1522560,55.0
1522608,57.0
1522608,52.0
1522640,25.0
1522640,27.0
1522672,25.0
1522752,43.0
1522784,79.0
1522784,43.0
1522896,105.0
1523056,80.0
1523072,25.0
1523104,51.0
1523200,51.0
1523264,41.0
1523328,36.0
1523376,51.0
1523376,46.0
1523424,93.0
1523456,42.0
1523472,69.0
1523520,55.0
1523648,97.0
1523680,49.0
1523680,39.0
1523696,68.0
1523760,27.0
1523856,49.0
1523888,39.0
1523936,35.0
1523968,48.0
1523984,29.0
1524016,40.0
1524032,24.0
1524240,35.0
1524288,51.0
1524320,27.0
1524384,44.0
1524400,24.0
1524448,62.0
1524544,53.0
1524576,45.0
1524576,92.0
1524592,73.0
1524640,41.0
1524656,117.0
1524736,61.0
1524928,33.0
1524944,63.0
1524944,23.0
1525008,45.0
1525040,37.0
1525088,48.0
1525104,67.0
1525152,38.0
1525168,49.0
1525184,38.0
1525248,63.0
1525312,36.0
1525392,50.0
1525408,29.0
1525424,49.0
1525440,49.0
1525472,94.0
1525504,26.0
1525584,34.0
1525616,43.0
1525840,46.0
1525872,43.0
1525936,43.0
1525952,63.0
1526000,52.0
1526000,43.0
1526016,37.0
1526064,41.0
1526112,45.0
1526128,43.0
1526160,13.0
1526192,22.0
1526256,40.0
1526272,43.0
1526304,27.0
1526352,55.0
1526368,23.0
1526400,56.0
1526464,82.0
1526656,41.0
1526720,107.0
1526736,39.0
1526736,42.0
1526784,37.0
1526784,53.0
1526816,43.0
1526848,52.0
1526864,35.0
1526976,51.0
1527008,47.0
1527024,35.0
1527184,52.0
1527184,57.0
1527216,27.0
1527312,31.0
1527328,37.0
1527344,43.0
1527408,25.0
1527456,66.0
1527472,46.0
1527552,23.0
1527552,74.0
1527584,23.0
1527584,46.0
1527712,46.0
1527808,25.0
1527840,51.0
1527888,73.0
1527936,67.0
1528016,52.0
1528032,35.0
1528096,40.0
1528160,36.0
1528192,53.0
1528288,61.0
1528320,38.0
1528400,32.0
1528400,67.0
1528416,54.0
1528432,39.0
1528496,107.0
1528640,34.0
1528656,67.0
1528736,50.0
1528752,27.0
1528752,57.0
1528864,52.0
1528896,46.0
1528912,31.0
1528976,89.0
1529072,66.0
1529120,45.0
1529136,46.0
1529168,42.0
1529200,57.0
1529232,50.0
1529232,31.0
1529296,40.0
1529328,71.0
1529408,34.0
1529488,53.0
1529584,22.0
1529648,32.0
1529648,26.0
1529696,59.0
1529712,51.0
1529760,43.0
1529792,55.0
1529920,47.0
1529984,77.0
1530000,42.0
1530048,53.0
1530112,39.0
1530128,45.0
1530160,28.0
1530160,54.0
1530208,77.0
1530240,41.0
1530240,37.0
1530304,38.0
1530464,84.0
1530544,24.0
1530608,43.0
1530656,63.0
1530656,41.0
1530704,34.0
1530848,50.0
1530864,69.0
1530912,70.0
1530960,45.0
1531008,25.0
1531024,65.0
1531104,28.0
1531136,52.0
1531200,67.0
1531232,62.0
1531376,52.0
1531408,34.0
1531520,82.0
1531536,27.0
1531568,34.0
1531568,69.0
1531584,92.0
1531584,22.0
1531616,44.0
1531648,40.0
1531664,63.0
1531680,52.0
1531680,45.0
1531760,24.0
1531984,26.0
1532000,29.0
1532048,84.0
1532064,54.0
1532096,36.0
1532112,44.0
1532112,29.0
1532160,30.0
1532192,32.0
1532368,50.0
1532384,48.0
1532384,45.0
1532432,81.0
1532512,47.0
1532576,62.0
1532624,36.0
1532656,41.0
1532688,36.0
1532688,16.0
1532832,46.0
1532864,80.0
1532928,59.0
1532928,34.0
1533104,33.0
1533120,66.0
1533152,40.0
1533184,33.0
1533200,68.0
1533216,33.0
1533232,67.0
1533264,40.0
1533312,58.0
1533408,36.0
1533440,47.0
1533440,11.0
1533488,35.0
1533568,28.0
1533568,86.0
1533680,23.0
1533696,52.0
1533712,49.0
1533712,38.0
1533808,37.0
1533904,96.0
1533920,22.0
1534000,48.0
1534096,59.0
1534112,12.0
1534176,48.0
1534192,47.0
1534256,43.0
1534336,41.0
1534384,75.0
1534384,74.0
1534464,35.0
1534544,46.0
1534608,32.0
1534640,75.0
1534640,59.0
1534752,79.0
1534864,38.0
1534880,34.0
1534880,48.0
1534896,32.0
1535008,51.0
1535008,81.0
1535184,74.0
1535200,93.0
1535200,41.0
1535296,41.0
1535296,25.0
1535376,75.0
1535456,36.0
1535520,55.0
1535600,37.0
1535600,25.0
1535664,57.0
1535664,50.0
1535696,82.0
1535776,82.0
1535872,79.0
1535872,26.0
1535888,44.0
1535920,65.0
1536048,53.0
1536080,49.0
1536112,69.0
1536160,35.0
1536208,43.0
1536256,37.0
1536352,41.0
1536352,43.0
1536464,36.0
1536528,28.0
1536560,74.0
1536640,48.0
1536640,84.0
1536656,46.0
1536704,69.0
1536736,60.0
1536752,40.0
1536768,56.0
1536768,38.0
1536800,28.0
1536848,13.0
1536992,59.0
1537040,24.0
1537056,44.0
1537088,39.0
1537120,24.0
1537168,60.0
1537184,30.0
1537200,40.0
1537312,42.0
1537392,71.0
1537424,56.0
1537488,27.0
1537536,49.0
1537536,46.0
1537648,38.0
1537712,54.0
1537792,64.0
1537856,68.0
1537872,55.0
1537952,49.0
1537952,33.0
1537952,47.0
1538064,36.0
1538096,44.0
1538112,50.0
1538112,58.0
1538304,74.0
1538320,42.0
1538384,37.0
1538448,36.0
1538496,88.0
1538528,62.0
1538528,51.0
1538576,39.0
1538576,29.0
1538592,46.0
1538672,45.0
1538832,32.0
1538864,47.0
1538960,56.0
1538960,41.0
1539104,32.0
1539168,102.0
1539168,49.0
1539184,38.0
1539200,39.0
1539216,43.0
1539216,43.0
1539312,28.0
1539312,85.0
1539328,41.0
1539344,24.0
1539440,62.0
1539440,84.0
1539504,63.0
1539552,24.0
1539552,45.0
1539632,29.0
1539712,31.0
1539808,39.0
1539872,34.0
1539872,42.0
1539872,41.0
1539952,40.0
1539952,53.0
1539968,41.0
1540032,33.0
1540128,43.0
1540144,50.0
1540192,40.0
1540272,45.0
1540288,36.0
1540336,33.0
1540352,57.0
1540352,87.0
1540384,26.0
1540432,25.0
1540448,36.0
1540528,41.0
1540544,37.0
1540656,44.0
1540784,40.0
1540816,29.0
1540816,39.0
1540832,30.0
1540880,27.0
1540928,41.0
1540960,68.0
1540960,39.0
1540992,29.0
1541008,55.0
1541008,45.0
1541104,35.0
1541264,102.0
1541280,53.0
1541280,56.0
1541632,42.0
1541632,44.0
1541664,24.0
1541696,46.0
1541696,54.0
1541744,54.0
1541760,47.0
1541840,64.0
1541952,73.0
1541968,72.0
1542016,57.0
1542016,64.0
1542112,91.0
1542112,28.0
1542128,31.0
1542160,72.0
1542240,61.0
1542288,34.0
1542304,64.0
1542384,23.0
1542576,38.0
1542704,63.0
1542720,60.0
1542736,56.0
1542768,67.0
1542768,41.0
1542784,72.0
1542832,37.0
1542848,35.0
1542912,38.0
1543056,42.0
1543056,65.0
1543120,73.0
1543216,69.0
1543232,69.0
1543408,40.0
1543408,52.0
1543424,37.0
1543504,41.0
1543536,30.0
1543568,52.0
1543584,89.0
1543648,27.0
1543696,61.0
1543696,36.0
1543808,24.0
1543824,66.0
1543904,62.0
1543904,42.0
1543936,77.0
1543984,58.0
1544128,35.0
1544256,42.0
1544288,94.0
1544288,55.0
1544320,49.0
1544336,43.0
1544416,63.0
1544432,46.0
1544448,47.0
1544464,40.0
1544464,60.0
1544480,36.0
1544560,39.0
1544576,28.0
1544656,47.0
1544656,53.0
1544672,43.0
1544880,35.0
1544912,21.0
1544944,38.0
1545040,36.0
1545072,51.0
1545168,55.0
1545184,39.0
1545200,33.0
1545200,34.0
1545216,49.0
1545264,49.0
1545280,62.0
1545312,53.0
1545344,29.0
1545392,28.0
1545408,47.0
1545424,63.0
1545552,22.0
1545616,21.0
1545648,36.0
1545792,39.0
1545904,37.0
1545920,45.0
1546000,38.0
1546080,42.0
1546144,69.0
1546256,52.0
1546272,85.0
1546304,47.0
1546384,73.0
1546400,122.0
1546400,38.0
1546496,53.0
1546608,44.0
1546656,46.0
1546688,27.0
1546752,42.0
1546752,71.0
1546880,55.0
1546912,108.0
1546928,33.0
1546960,36.0
1547024,110.0
1547152,47.0
1547184,43.0
1547184,115.0
1547200,28.0
1547264,62.0
1547312,73.0
1547344,37.0
1547424,29.0
1547456,50.0
1547536,53.0
1547552,42.0
1547696,48.0
1547728,34.0
1547792,37.0
1547808,29.0
1547824,57.0
1547904,55.0
1547952,84.0
1548016,52.0
1548048,109.0
1548112,50.0
1548208,41.0
1548224,67.0
1548224,31.0
1548304,65.0
1548304,48.0
1548400,44.0
1548464,42.0
1548480,41.0
1548528,45.0
1548720,81.0
1548768,82.0
1548784,46.0
1548784,55.0
1548800,43.0
1548880,54.0
1548960,41.0
1549008,49.0
1549024,50.0
1549056,47.0
1549136,38.0
1549168,43.0
1549184,45.0
1549344,29.0
1549376,73.0
1549424,40.0
1549456,42.0
1549488,68.0
1549664,59.0
1549696,56.0
1549696,20.0
1549712,110.0
1549712,33.0
1549728,35.0
1549728,37.0
1549776,51.0
1549824,30.0
1549904,26.0
1549936,57.0
1549968,57.0
1550112,84.0
1550112,28.0
1550208,49.0
1550208,30.0
1550224,25.0
1550288,36.0
1550320,24.0
1550448,90.0
1550480,47.0
1550480,44.0
1550496,65.0
1550544,27.0
1550608,57.0
1550608,40.0
1550640,58.0
1550688,36.0
1550816,23.0
1550848,59.0
1550880,42.0
1550928,44.0
1550960,79.0
1550960,42.0
1550976,31.0
1551088,34.0
1551136,41.0
1551152,41.0
1551216,56.0
1551248,38.0
1551328,45.0
1551392,29.0
1551392,27.0
1551408,45.0
1551440,52.0
1551520,35.0
1551536,35.0
1551616,48.0
1551632,51.0
1551664,49.0
1551776,28.0
1551776,21.0
1551792,36.0
1551904,106.0
1551920,42.0
1551952,50.0
1551968,36.0
1552064,27.0
1552080,43.0
1552224,71.0
1552224,44.0
1552240,29.0
1552256,70.0
1552272,46.0
1552304,43.0
1552400,39.0
1552432,64.0
1552528,39.0
1552704,57.0
1552752,50.0
1552768,43.0
1552800,36.0
1552816,37.0
1552912,38.0
1552992,67.0
1553072,40.0
1553152,68.0
1553152,47.0
1553216,61.0
1553232,79.0
1553248,27.0
1553344,105.0
1553392,71.0
1553392,25.0
1553552,40.0
1553568,65.0
1553568,51.0
1553584,55.0
1553680,57.0
1553696,29.0
1553824,64.0
1553840,31.0
1553872,39.0
1553904,102.0
1554032,60.0
1554032,29.0
1554176,64.0
1554192,65.0
1554240,64.0
1554336,49.0
1554400,63.0
1554400,51.0
1554416,53.0
1554416,45.0
1554480,68.0
1554512,52.0
1554624,49.0
1554672,53.0
1554720,34.0
1554800,56.0
1554832,26.0
1554992,70.0
1554992,37.0
1555024,62.0
1555040,33.0
1555168,52.0
1555184,35.0
1555200,63.0
1555200,23.0
1555232,62.0
1555232,51.0
1555280,55.0
1555344,54.0
1555392,85.0
1555504,21.0
1555504,44.0
1555568,56.0
1555648,58.0
1555696,22.0
1555712,43.0
1555712,45.0
1555776,37.0
1555808,38.0
1555808,51.0
1555824,37.0
1555840,40.0
1555856,39.0
1555888,53.0
1556080,43.0
1556176,42.0
1556208,31.0
1556208,31.0
1556208,40.0
1556256,25.0
1556336,66.0
1556368,54.0
1556432,37.0
1556432,49.0
1556560,22.0
1556592,51.0
1556688,50.0
1556704,56.0
1556832,36.0
1556832,63.0
1556848,32.0
1556880,28.0
1556912,69.0
1556928,45.0
1556976,80.0
1557040,52.0
1557120,27.0
1557184,30.0
1557184,47.0
1557296,26.0
1557312,59.0
1557344,79.0
1557360,48.0
1557376,51.0
1557392,34.0
1557440,38.0
1557472,35.0
1557488,82.0
1557536,35.0
1557680,40.0
1557712,23.0
1557712,25.0
1557744,24.0
1557792,54.0
1557808,27.0
1557824,40.0
1557920,30.0
1557920,46.0
1557936,29.0
1558016,45.0
1558080,60.0
1558096,38.0
1558144,27.0
1558144,27.0
1558320,33.0
1558368,96.0
1558528,45.0
1558560,40.0
1558592,36.0
1558592,48.0
1558624,33.0
1558688,47.0
1558768,39.0
1558800,88.0
1558848,82.0
1558880,35.0
1558912,73.0
1558944,24.0
1558976,52.0
1558976,81.0
1559072,62.0
1559248,23.0
1559280,37.0
1559296,33.0
1559328,44.0
1559360,90.0
1559376,63.0
1559376,25.0
1559408,51.0
1559456,41.0
1559504,57.0
1559504,37.0
1559680,72.0
1559696,53.0
1559808,25.0
1559840,35.0
1559840,48.0
1559840,29.0
1559968,62.0
1559968,64.0
1560048,43.0
1560048,50.0
1560048,45.0
1560096,45.0
1560112,38.0
1560208,47.0
1560208,44.0
1560288,38.0
1560336,65.0
1560416,36.0
1560432,46.0
1560560,37.0
1560592,39.0
1560608,48.0
1560672,54.0
1560704,54.0
1560752,34.0
1560752,44.0
1560816,48.0
1560864,36.0
1560912,54.0
1561072,61.0
1561120,33.0
1561120,49.0
1561184,36.0
1561264,35.0
1561280,54.0
1561296,54.0
1561344,71.0
1561392,80.0
1561424,42.0
1561440,23.0
1561456,11.0
1561504,47.0
1561584,64.0
1561616,59.0
1561696,36.0
1561760,36.0
1561776,60.0
1561952,35.0
1561984,67.0
1562032,37.0
1562048,34.0
1562048,27.0
1562128,27.0
1562176,37.0
1562176,47.0
1562224,28.0
1562240,61.0
1562352,56.0
1562352,93.0
1562400,66.0
1562560,21.0
1562560,36.0
1562592,40.0
1562592,81.0
1562688,41.0
1562736,43.0
1562736,101.0
1562816,29.0
1562928,55.0
1562928,43.0
1562992,54.0
1563040,40.0
1563056,55.0
1563136,34.0
1563168,36.0
1563184,39.0
1563296,96.0
1563344,62.0
1563408,42.0
1563456,80.0
1563552,39.0
1563552,51.0
1563632,40.0
1563664,53.0
1563760,52.0
1563824,40.0
1563872,36.0
1563952,49.0
1564032,61.0
1564048,26.0
1564048,40.0
1564064,86.0
1564080,59.0
1564176,26.0
1564208,24.0
1564256,24.0
1564256,57.0
1564304,47.0
1564304,40.0
1564320,110.0
1564400,85.0
1564432,30.0
1564464,63.0
1564624,37.0
1564736,41.0
1564736,43.0
1564752,43.0
1564768,76.0
1564784,29.0
1564880,44.0
1564896,53.0
1564912,38.0
1564960,47.0
1564960,31.0
1564992,43.0
1565120,54.0
1565152,24.0
1565184,47.0
1565200,15.0
1565296,65.0
1565360,39.0
1565360,38.0
1565488,54.0
1565520,49.0
1565600,75.0
1565600,25.0
1565632,46.0
1565648,43.0
1565664,55.0
1565696,51.0
1565728,36.0
1565744,52.0
1565856,42.0
1565888,56.0
1566080,49.0
1566096,27.0
1566096,38.0
1566112,47.0
1566160,35.0
1566160,65.0
1566272,40.0
1566288,35.0
1566400,41.0
1566464,36.0
1566480,39.0
1566480,24.0
1566480,49.0
1566528,28.0
1566544,74.0
1566560,65.0
1566656,63.0
1566688,26.0
1566736,21.0
1566800,75.0
1566816,41.0
1566944,49.0
1567008,20.0
1567088,50.0
1567104,62.0
1567120,64.0
1567136,20.0
1567152,42.0
1567200,40.0
1567216,26.0
1567264,49.0
1567264,49.0
1567296,52.0
1567392,54.0
1567456,22.0
1567472,46.0
1567520,23.0
1567648,44.0
1567696,72.0
1567712,37.0
1567760,23.0
1567792,31.0
1567824,46.0
1567856,37.0
1567872,54.0
1568032,35.0
1568032,51.0
1568048,33.0
1568080,51.0
1568096,40.0
1568240,34.0
1568336,34.0
1568384,39.0
1568432,111.0
1568480,84.0
1568496,40.0
1568512,54.0
1568608,32.0
1568704,42.0
1568736,54.0
1568736,25.0
1568784,67.0
1568800,100.0
1568832,49.0
1568848,64.0
1569072,65.0
1569088,22.0
1569136,56.0
1569136,44.0
1569184,43.0
1569200,43.0
1569232,72.0
1569248,32.0
1569296,37.0
1569392,57.0
1569408,39.0
1569488,43.0
1569568,74.0
1569712,55.0
1569728,41.0
1569744,38.0
1569824,43.0
1569856,63.0
1569888,20.0
1569904,41.0
1569984,56.0
1570000,51.0
1570016,39.0
1570096,54.0
1570128,40.0
1570192,49.0
1570208,57.0
1570304,36.0
1570336,27.0
1570352,72.0
1570496,47.0
1570512,50.0
1570544,26.0
1570576,37.0
1570624,126.0
1570688,42.0
1570800,38.0
1570816,29.0
1570832,52.0
1570896,22.0
1570896,65.0
1570944,53.0
1570944,70.0
1570960,67.0
1570976,30.0
1571152,36.0
1571216,25.0
1571248,39.0
1571264,60.0
1571328,23.0
1571344,63.0
1571424,30.0
1571504,38.0
1571536,46.0
1571552,84.0
1571616,69.0
1571616,45.0
1571632,59.0
1571632,43.0
1571648,42.0
1571680,53.0
1571792,33.0
1571824,38.0
1571824,42.0
1572032,24.0
1572128,39.0
1572160,38.0
1572160,51.0
1572192,25.0
1572240,39.0
1572288,41.0
1572336,63.0
1572368,34.0
1572368,34.0
1572400,61.0
1572400,48.0
1572416,55.0
1572480,50.0
1572528,57.0
1572608,36.0
1572704,34.0
1572720,92.0
1572736,23.0
1572768,38.0
1572800,24.0
1572800,27.0
1572864,42.0
1572864,29.0
1572880,47.0
1572976,28.0
1572976,36.0
1573040,47.0
1573088,47.0
1573104,39.0
1573152,24.0
1573184,29.0
1573184,13.0
1573232,33.0
1573328,45.0
1573456,23.0
1573488,39.0
1573616,86.0
1573616,51.0
1573616,47.0
1573664,30.0
1573760,33.0
1573792,57.0
1573808,67.0
1573856,44.0
1573904,36.0
1573952,53.0
1573952,72.0
1574112,39.0
1574192,76.0
1574240,30.0
1574272,51.0
1574288,69.0
1574320,41.0
1574368,36.0
1574528,57.0
1574576,29.0
1574576,60.0
1574592,49.0
1574672,66.0
1574704,104.0
1574768,54.0
1574832,61.0
1574848,56.0
1575104,36.0
1575104,72.0
1575152,36.0
1575216,53.0
1575232,60.0
1575248,36.0
1575280,60.0
1575280,62.0
1575328,35.0
1575440,53.0
1575472,77.0
1575504,58.0
1575552,85.0
1575632,58.0
1575696,54.0
1575728,55.0
1575888,49.0
1575936,52.0
1576032,37.0
1576048,52.0
1576064,23.0
1576128,25.0
1576128,55.0
1576128,41.0
1576160,52.0
1576208,41.0
1576224,67.0
1576272,40.0
1576320,51.0
1576352,67.0
1576512,39.0
1576512,30.0
1576560,39.0
1576672,34.0
1576720,42.0
1576736,29.0
1576784,39.0
1576848,101.0
1576864,22.0
1576928,50.0
1576960,47.0
1576976,53.0
1577024,22.0
1577056,46.0
1577088,33.0
1577120,38.0
1577120,48.0
1577280,125.0
1577328,69.0
1577328,25.0
1577456,25.0
1577472,22.0
1577536,51.0
1577552,44.0
1577552,48.0
1577696,102.0
1577728,62.0
1577744,41.0
1577744,55.0
1577840,45.0
1577920,37.0
1577984,64.0
1578000,64.0
1578016,30.0
1578096,48.0
1578160,55.0
1578288,46.0
1578288,34.0
1578336,38.0
1578336,37.0
1578432,88.0
1578448,62.0
1578496,64.0
1578512,60.0
1578512,33.0
1578576,55.0
1578624,44.0
1578656,51.0
1578832,46.0
1578864,53.0
1578880,24.0
1578896,20.0
1578912,36.0
1578928,40.0
1578960,42.0
1578976,22.0
1578976,51.0
1579024,32.0
1579184,47.0
1579216,35.0
1579392,32.0
1579392,27.0
1579408,30.0
1579440,26.0
1579456,63.0
1579472,36.0
1579504,94.0
1579536,44.0
1579552,65.0
1579568,37.0
1579600,12.0
1579664,83.0
1579792,58.0
1579824,57.0
1579856,40.0
1579888,31.0
1579952,18.0
1579984,24.0
1580048,41.0
1580096,57.0
1580128,39.0
1580144,73.0
1580176,44.0
1580224,49.0
1580400,38.0
1580448,57.0
1580480,58.0
1580544,23.0
1580560,42.0
1580560,29.0
1580608,35.0
1580656,42.0
1580672,45.0
1580736,55.0
1580848,28.0
1580912,84.0
1580928,49.0
1581024,98.0
1581072,53.0
1581120,62.0
1581152,34.0
1581248,25.0
1581280,91.0
1581360,57.0
1581424,59.0
1581440,55.0
1581440,56.0
1581456,56.0
1581488,47.0
1581504,36.0
1581584,42.0
1581616,34.0
1581632,61.0
1581632,60.0
1581920,30.0
1581968,51.0
1581968,38.0
1581968,24.0
1581984,54.0
1582032,37.0
1582048,48.0
1582064,27.0
1582192,43.0
1582192,59.0
1582192,46.0
1582240,39.0
1582288,54.0
1582336,44.0
1582352,23.0
1582384,85.0
1582384,22.0
1582464,31.0
1582544,19.0
1582560,32.0
1582560,31.0
1582624,44.0
1582640,42.0
1582736,34.0
1582736,78.0
1582736,48.0
1582832,28.0
1582896,21.0
1583056,37.0
1583136,37.0
1583168,33.0
1583168,51.0
1583184,53.0
1583200,40.0
1583216,52.0
1583216,24.0
1583216,64.0
1583280,41.0
1583296,35.0
1583376,74.0
1583376,40.0
1583472,36.0
1583536,20.0
1583584,81.0
1583632,26.0
1583648,28.0
1583664,38.0
1583696,25.0
1583712,36.0
1583728,35.0
1583760,37.0
1583808,11.0
1583968,77.0
1583984,48.0
1584112,58.0
1584144,54.0
1584176,29.0
1584224,53.0
1584240,41.0
1584256,49.0
1584368,52.0
1584448,67.0
1584464,48.0
1584464,41.0
1584512,25.0
1584544,51.0
1584608,39.0
1584704,46.0
1584800,41.0
1584832,74.0
1584912,42.0
1584944,30.0
1584960,81.0
1585024,48.0
1585056,37.0
1585072,56.0
1585120,56.0
1585168,39.0
1585184,42.0
1585280,95.0
1585328,60.0
1585440,62.0
1585504,20.0
1585504,56.0
1585584,29.0
1585664,54.0
1585744,42.0
1585760,50.0
1585760,53.0
1585824,55.0
1585856,52.0
1585888,74.0
1585952,39.0
1585968,43.0
1586000,59.0
1586016,27.0
1586128,81.0
1586144,40.0
1586224,49.0
1586256,25.0
1586304,35.0
1586304,21.0
1586336,52.0
1586352,33.0
1586368,26.0
1586416,41.0
1586480,82.0
1586512,24.0
1586528,48.0
1586784,48.0
1586880,39.0
1586912,78.0
1586928,32.0
1586944,40.0
1587008,44.0
1587040,56.0
1587072,45.0
1587168,73.0
1587184,53.0
1587280,57.0
1587296,88.0
1587344,54.0
1587360,28.0
1587456,42.0
1587472,60.0
1587488,35.0
1587568,25.0
1587584,25.0
1587648,40.0
1587712,26.0
1587712,48.0
1587728,43.0
1587744,24.0
1587824,59.0
1587840,101.0
1587840,82.0
1587936,41.0
1587952,55.0
1588112,40.0
1588176,52.0
1588208,45.0
1588256,26.0
1588352,56.0
1588352,40.0
1588368,49.0
1588464,33.0
1588560,45.0
1588592,59.0
1588592,24.0
1588608,65.0
1588608,27.0
1588624,50.0
1588640,57.0
1588640,43.0
1588688,20.0
1588752,65.0
1588864,47.0
1588912,73.0
1589024,48.0
1589040,30.0
1589072,38.0
1589088,46.0
1589136,31.0
1589168,30.0
1589328,61.0
1589376,49.0
1589392,49.0
1589408,41.0
1589456,53.0
1589520,22.0
1589536,56.0
1589648,64.0
1589664,37.0
1589712,42.0
1589808,27.0
1589808,49.0
1589808,45.0
1589840,27.0
1589936,30.0
1589968,86.0
1590080,43.0
1590112,78.0
1590144,51.0
1590160,78.0
1590176,29.0
1590176,41.0
1590208,34.0
1590304,48.0
1590320,24.0
1590416,28.0
1590464,51.0
1590480,40.0
1590560,89.0
1590592,26.0
1590624,26.0
1590704,37.0
1590784,61.0
1590816,41.0
1590896,36.0
1590960,72.0
1590960,41.0
1590992,51.0
1591056,78.0
1591152,46.0
1591200,46.0
1591216,46.0
1591248,41.0
1591296,76.0
1591296,30.0
1591312,38.0
1591344,49.0
1591360,46.0
1591488,84.0
1591536,40.0
1591600,40.0
1591648,43.0
1591712,41.0
1591856,67.0
1591856,35.0
1591904,34.0
1591936,45.0
1591936,40.0
1591968,51.0
1592016,33.0
1592016,64.0
1592032,45.0
1592064,29.0
1592112,57.0
1592192,41.0
1592352,40.0
1592464,76.0
1592512,36.0
1592576,45.0
1592624,61.0
1592688,39.0
1592688,45.0
1592704,42.0
1592736,39.0
1592752,56.0
1592832,40.0
1592848,52.0
1592912,63.0
1592960,101.0
1593056,22.0
1593088,36.0
1593104,68.0
1593200,29.0
1593248,56.0
1593248,82.0
1593328,44.0
1593328,54.0
1593360,42.0
1593488,25.0
1593552,37.0
1593600,57.0
1593632,50.0
1593648,56.0
1593712,24.0
1593792,43.0
1593904,66.0
1593952,25.0
1593952,44.0
1593968,57.0
1593968,66.0
1594016,23.0
1594032,27.0
1594048,53.0
1594064,46.0
1594144,56.0
1594160,99.0
1594304,59.0
1594336,20.0
1594336,24.0
1594336,24.0
1594352,35.0
1594368,20.0
1594496,33.0
1594512,64.0
1594512,50.0
1594576,34.0
1594576,38.0
1594672,65.0
1594672,48.0
1594800,31.0
1594816,41.0
1594832,48.0
1594960,51.0
1595024,41.0
1595056,30.0
1595120,49.0
1595120,38.0
1595264,48.0
1595264,37.0
1595376,54.0
1595376,50.0
1595408,46.0
1595424,67.0
1595424,68.0
1595440,38.0
1595440,39.0
1595504,34.0
1595520,74.0
1595600,50.0
1595632,38.0
1595840,27.0
1595840,45.0
1595888,52.0
1595936,42.0
1595984,29.0
1596000,39.0
1596016,32.0
1596016,36.0
1596048,39.0
1596304,65.0
1596320,43.0
1596400,64.0
1596448,32.0
1596496,41.0
1596496,86.0
1596544,59.0
1596608,45.0
1596624,38.0
1596672,77.0
1596704,45.0
1596720,44.0
1596720,55.0
1596960,60.0
1597024,39.0
1597040,26.0
1597040,46.0
1597088,40.0
1597184,43.0
1597200,44.0
1597280,42.0
1597360,51.0
1597440,46.0
1597440,48.0
1597536,132.0
1597584,96.0
1597584,54.0
1597648,35.0
1597744,64.0
1597808,23.0
1597808,53.0
1597856,51.0
1597920,55.0
1597952,47.0
1598016,62.0
1598032,42.0
1598032,28.0
1598048,54.0
1598112,33.0
1598128,53.0
1598176,116.0
1598336,33.0
1598352,38.0
1598464,28.0
1598480,28.0
1598496,34.0
1598512,61.0
1598528,26.0
1598592,59.0
1598608,50.0
1598704,53.0
1598864,52.0
1598896,48.0
1598944,94.0
1598944,38.0
1598944,30.0
1598960,65.0
1598976,58.0
1599040,54.0
1599056,44.0
1599072,30.0
1599072,34.0
1599248,47.0
1599264,49.0
1599296,37.0
1599296,27.0
1599360,53.0
1599424,24.0
1599488,34.0
1599648,44.0
1599648,44.0
1599680,38.0
1599680,38.0
1599776,45.0
1599808,35.0
1599840,77.0
1599888,58.0
1599888,25.0
1599936,40.0
1600048,43.0
1600080,51.0
1600112,51.0
1600192,32.0
1600320,84.0
1600320,89.0
1600368,43.0
1600448,42.0
1600480,66.0
1600736,53.0
1600768,52.0
1600784,46.0
1600832,40.0
1600880,77.0
1600880,77.0
1600896,28.0
1600992,57.0
1601040,77.0
1601072,47.0
1601088,61.0
1601120,80.0
1601168,24.0
1601280,57.0
1601360,55.0
1601440,35.0
1601456,26.0
1601504,46.0
1601552,77.0
1601568,42.0
1601600,30.0
1601664,49.0
1601696,44.0
1601744,36.0
1601824,24.0
1601840,122.0
1601840,35.0
1601856,64.0
1601936,54.0
1601952,24.0
1601968,38.0
1602144,66.0
1602160,29.0
1602192,40.0
1602256,41.0
1602288,39.0
1602352,101.0
1602352,56.0
1602576,45.0
1602688,45.0
1602688,27.0
1602720,55.0
1602752,63.0
1602768,58.0
1602896,67.0
1602944,37.0
1602992,93.0
1603024,55.0
1603088,56.0
1603104,51.0
1603152,50.0
1603152,75.0
1603152,76.0
1603312,35.0
1603392,44.0
1603472,47.0
1603504,30.0
1603536,37.0
1603664,94.0
1603664,61.0
1603696,34.0
1603712,51.0
1603728,36.0
1603728,72.0
1603760,42.0
1603776,29.0
1603856,54.0
1604016,57.0
1604032,23.0
1604032,40.0
1604192,43.0
1604256,93.0
1604288,51.0
1604448,45.0
1604448,57.0
1604480,48.0
1604496,46.0
1604496,50.0
1604512,30.0
1604528,86.0
1604528,54.0
1604576,50.0
1604592,54.0
1604608,36.0
1604608,47.0
1604656,40.0
1604848,35.0
1604992,50.0
1605024,28.0
1605056,33.0
1605088,37.0
1605104,39.0
1605120,33.0
1605120,39.0
1605168,45.0
1605168,40.0
1605200,43.0
1605456,75.0
1605488,25.0
1605600,38.0
1605616,63.0
1605648,62.0
1605680,35.0
1605696,33.0
1605712,34.0
1605712,38.0
1605760,72.0
1605808,49.0
1605824,48.0
1605888,65.0
1606160,34.0
1606192,62.0
1606192,67.0
1606224,34.0
1606304,41.0
1606352,40.0
1606368,41.0
1606416,45.0
1606464,40.0
1606480,42.0
1606496,65.0
1606640,65.0
1606656,48.0
1606656,29.0
1606704,59.0
1606896,153.0
1606976,30.0
1607008,53.0
1607088,42.0
1607104,50.0
1607104,57.0
1607104,46.0
1607200,53.0
1607216,62.0
1607216,108.0
1607248,49.0
1607296,51.0
1607328,42.0
1607424,48.0
1607456,35.0
1607504,54.0
1607552,53.0
1607584,38.0
1607760,34.0
1607872,20.0
1607936,32.0
1607936,53.0
1607968,47.0
1608032,46.0
1608048,65.0
1608080,55.0
1608176,42.0
1608192,54.0
1608192,68.0
1608256,31.0
1608320,67.0
1608352,56.0
1608368,79.0
1608416,30.0
1608432,35.0
1608448,54.0
1608576,34.0
1608640,96.0
1608640,44.0
1608656,38.0
1608704,32.0
1608912,41.0
1608944,54.0
1608944,37.0
1609040,67.0
1609184,62.0
1609184,63.0
1609184,48.0
1609184,34.0
1609232,50.0
1609248,50.0
1609408,47.0
1609472,48.0
1609536,37.0
1609552,40.0
1609616,36.0
1609648,44.0
1609664,81.0
1609696,66.0
1609792,35.0
1609792,38.0
1609824,40.0
1609840,23.0
1609856,38.0
1609888,82.0
1609920,46.0
1609968,35.0
1609984,104.0
1610160,32.0
1610176,30.0
1610176,39.0
1610224,65.0
1610400,36.0
1610416,47.0
1610480,37.0
1610496,36.0
1610528,34.0
1610560,48.0
1610560,59.0
1610592,39.0
1610672,55.0
1610864,43.0
1610912,20.0
1610928,44.0
1610944,24.0
1611008,38.0
1611088,58.0
1611104,11.0
1611136,38.0
1611184,83.0
1611184,44.0
1611232,66.0
1611296,12.0
1611312,56.0
1611328,112.0
1611392,30.0
1611456,101.0
1611504,59.0
1611568,67.0
1611616,38.0
1611648,49.0
1611680,37.0
1611744,35.0
1611792,38.0
1611824,37.0
1611888,37.0
1612032,24.0
1612032,56.0
1612032,36.0
1612080,48.0
1612160,93.0
1612176,38.0
1612224,12.0
1612240,53.0
1612272,41.0
1612288,38.0
1612416,42.0
1612480,72.0
1612592,50.0
1612640,71.0
1612640,38.0
1612656,39.0
1612720,111.0
1612720,40.0
1612768,34.0
1612800,40.0
1612848,38.0
1612880,62.0
1612992,45.0
1613088,38.0
1613136,82.0
1613248,23.0
1613248,25.0
1613312,64.0
1613392,50.0
1613424,44.0
1613440,42.0
1613472,52.0
1613472,51.0
1613472,81.0
1613536,56.0
1613552,47.0
1613632,40.0
1613664,12.0
1613680,60.0
1613680,37.0
1613680,34.0
1613744,83.0
1613824,36.0
1613856,29.0
1613888,40.0
1613984,34.0
1614032,35.0
1614064,40.0
1614160,43.0
1614176,54.0
1614176,31.0
1614208,42.0
1614256,25.0
1614304,39.0
1614352,38.0
1614384,47.0
1614448,35.0
1614544,30.0
1614576,25.0
1614576,37.0
1614688,41.0
1614736,33.0
1614752,58.0
1614768,76.0
1614864,35.0
1614896,46.0
1614912,46.0
1614912,78.0
1614976,37.0
1615072,31.0
1615072,51.0
1615136,25.0
1615136,49.0
1615200,47.0
1615328,35.0
1615424,46.0
1615440,36.0
1615504,114.0
1615664,47.0
1615664,37.0
1615696,72.0
1615792,76.0
1615808,57.0
1615840,44.0
1615888,61.0
1615920,31.0
1615920,59.0
1615968,76.0
1616000,58.0
1616016,43.0
1616080,36.0
1616128,58.0
1616240,36.0
1616400,25.0
1616400,35.0
1616448,63.0
1616576,31.0
1616624,93.0
1616656,33.0
1616688,42.0
1616768,69.0
1616784,61.0
1616784,51.0
1616880,27.0
1616896,31.0
1616976,66.0
1617024,77.0
1617056,73.0
1617152,91.0
1617168,48.0
1617184,38.0
1617248,35.0
1617296,25.0
1617328,68.0
1617376,45.0
1617408,93.0
1617472,43.0
1617488,12.0
1617536,24.0
1617600,52.0
1617616,27.0
1617680,50.0
1617696,45.0
1617744,31.0
1617760,37.0
1617824,48.0
1617872,34.0
1617968,35.0
1618032,35.0
1618048,89.0
1618096,67.0
1618128,32.0
1618160,49.0
1618176,87.0
1618272,37.0
1618288,37.0
1618304,44.0
1618304,34.0
1618448,36.0
1618496,47.0
1618496,25.0
1618576,38.0
1618592,34.0
1618704,76.0
1618752,58.0
1618768,77.0
1618864,37.0
1618912,49.0
1619056,55.0
1619056,56.0
1619056,38.0
1619072,48.0
1619120,33.0
1619216,32.0
1619376,55.0
1619408,34.0
1619440,88.0
1619488,74.0
1619536,39.0
1619600,24.0
1619616,53.0
1619616,34.0
1619648,37.0
1619744,43.0
1619824,67.0
1619856,20.0
1619872,86.0
1619888,30.0
1619936,31.0
1619968,105.0
1620064,12.0
1620064,43.0
1620096,38.0
1620112,32.0
1620192,101.0
1620224,36.0
1620272,41.0
1620320,31.0
1620352,77.0
1620400,49.0
1620416,85.0
1620464,45.0
1620544,27.0
1620592,33.0
1620672,44.0
1620720,52.0
1620768,52.0
1620816,45.0
1620832,40.0
1620864,50.0
1620912,40.0
1620912,35.0
1621056,75.0
1621120,36.0
1621120,33.0
1621168,44.0
1621216,24.0
1621328,63.0
1621376,32.0
1621392,73.0
1621408,31.0
1621440,64.0
1621440,48.0
1621440,33.0
1621568,73.0
1621584,29.0
1621728,42.0
1621760,12.0
1621760,62.0
1621840,27.0
1621856,65.0
1621856,43.0
1621856,71.0
1621872,34.0
1621888,28.0
1621920,33.0
1621936,35.0
1622032,51.0
1622064,59.0
1622256,31.0
1622336,47.0
1622352,31.0
1622400,34.0
1622400,33.0
1622544,32.0
1622560,42.0
1622560,70.0
1622640,57.0
1622688,48.0
1622704,23.0
1622720,55.0
1622864,29.0
1622880,64.0
1622896,71.0
1623008,59.0
1623040,43.0
1623072,23.0
1623104,104.0
1623152,56.0
1623216,42.0
1623232,42.0
1623248,53.0
1623280,24.0
1623296,38.0
1623440,50.0
1623456,37.0
1623520,40.0
1623520,32.0
1623552,52.0
1623632,33.0
1623648,36.0
1623696,41.0
1623792,116.0
1623808,78.0
1623808,41.0
1623872,27.0
1623904,42.0
1623952,42.0
1623984,43.0
1624096,40.0
1624160,40.0
1624192,40.0
1624224,61.0
1624256,65.0
1624304,31.0
1624448,47.0
1624480,60.0
1624528,39.0
1624544,57.0
1624640,52.0
1624688,56.0
1624688,31.0
1624752,69.0
1624784,33.0
1624784,50.0
1624816,54.0
1624832,42.0
1624944,19.0
1625024,58.0
1625104,35.0
1625152,80.0
1625344,70.0
1625344,56.0
1625344,41.0
1625424,70.0
1625472,45.0
1625536,37.0
1625552,48.0
1625600,49.0
1625712,77.0
1625744,57.0
1625776,78.0
1625792,63.0
1625792,43.0
1625840,51.0
1625936,37.0
1625984,28.0
1625984,40.0
1626000,36.0
1626016,42.0
1626064,37.0
1626112,60.0
1626192,40.0
1626256,34.0
1626304,32.0
1626432,31.0
1626480,112.0
1626480,44.0
1626544,35.0
1626560,28.0
1626656,37.0
1626720,46.0
1626736,56.0
1626784,33.0
1626896,56.0
1626912,70.0
1626928,39.0
1627008,88.0
1627008,79.0
1627024,30.0
1627104,13.0
1627168,43.0
1627200,45.0
1627296,46.0
1627328,42.0
1627408,76.0
1627424,62.0
1627472,91.0
1627472,46.0
1627472,47.0
1627584,50.0
1627600,37.0
1627680,47.0
1627776,36.0
1627840,58.0
1627856,52.0
1627872,44.0
1628000,44.0
1628112,33.0
1628128,50.0
1628160,43.0
1628160,66.0
1628160,43.0
1628176,36.0
1628208,23.0
1628288,38.0
1628304,28.0
1628320,56.0
1628352,59.0
1628416,88.0
1628672,35.0
1628704,58.0
1628736,36.0
1628736,24.0
1628784,29.0
1628784,39.0
1628800,50.0
1628896,64.0
1628912,49.0
1628912,38.0
1628928,48.0
1629040,98.0
1629136,58.0
1629152,46.0
1629280,69.0
1629328,41.0
1629360,28.0
1629360,28.0
1629424,39.0
1629488,28.0
1629504,45.0
1629520,37.0
1629568,42.0
1629616,52.0
1629616,57.0
1629648,57.0
1629664,58.0
1629776,39.0
1629856,98.0
1629872,22.0
1629888,38.0
1630128,39.0
1630128,50.0
1630144,33.0
1630224,54.0
1630256,38.0
1630256,52.0
1630272,57.0
1630288,72.0
1630288,45.0
1630304,40.0
1630320,44.0
1630368,37.0
1630400,34.0
1630432,59.0
1630512,39.0
1630608,24.0
1630688,27.0
1630704,35.0
1630752,55.0
1630816,28.0
1630880,47.0
1630880,30.0
1630896,40.0
1630912,40.0
1630928,40.0
1630944,40.0
1630960,40.0
1631024,56.0
1631120,38.0
1631120,23.0
1631120,43.0
1631184,56.0
1631232,33.0
1631248,40.0
1631312,39.0
1631456,31.0
1631488,23.0
1631520,44.0
1631520,31.0
1631568,41.0
1631632,44.0
1631664,48.0
1631760,36.0
1631856,38.0
1631968,64.0
1631984,29.0
1632000,55.0
1632000,43.0
1632016,31.0
1632016,28.0
1632064,38.0
1632096,61.0
1632160,33.0
1632176,11.0
1632192,60.0
1632208,45.0
1632240,85.0
1632256,86.0
1632288,33.0
1632304,20.0
1632384,20.0
1632400,46.0
1632528,33.0
1632576,25.0
1632592,21.0
1632624,29.0
1632624,48.0
1632720,20.0
1632736,45.0
1632768,29.0
1632800,32.0
1632816,12.0
1632848,41.0
1632848,52.0
1632912,42.0
1632912,51.0
1632928,60.0
1632944,26.0
1632960,47.0
1633056,42.0
1633184,24.0
1633216,28.0
1633248,20.0
1633296,24.0
1633312,43.0
1633312,23.0
1633312,37.0
1633424,43.0
1633440,24.0
1633488,11.0
1633488,40.0
1633536,45.0
1633696,28.0
1633760,73.0
1633776,58.0
1633792,36.0
1633792,23.0
1633840,79.0
1633856,56.0
1633872,60.0
1634144,24.0
1634208,22.0
1634208,45.0
1634256,45.0
1634304,62.0
1634320,63.0
1634352,73.0
1634400,57.0
1634416,61.0
1634480,49.0
1634512,42.0
1634672,56.0
1634672,33.0
1634688,87.0
1634720,26.0
1634736,21.0
1634768,56.0
1634800,37.0
1634896,69.0
1634992,46.0
1635072,24.0
1635088,48.0
1635136,45.0
1635168,51.0
1635168,60.0
1635168,86.0
1635200,27.0
1635296,39.0
1635296,51.0
1635296,35.0
1635312,40.0
1635360,35.0
1635408,56.0
1635472,47.0
1635472,30.0
1635664,23.0
1635808,40.0
1635872,50.0
1635888,47.0
1635904,44.0
1636000,44.0
1636016,41.0
1636016,70.0
1636064,37.0
1636128,65.0
1636176,48.0
1636272,38.0
1636320,72.0
1636384,76.0
1636384,68.0
1636480,73.0
1636512,39.0
1636544,40.0
1636560,34.0
1636576,36.0
1636688,55.0
1636720,53.0
1636720,78.0
1636800,33.0
1636800,49.0
1636896,21.0
1636944,51.0
1636976,29.0
1637024,40.0
1637072,63.0
1637088,38.0
1637120,27.0
1637232,66.0
1637248,28.0
1637424,33.0
1637504,70.0
1637584,38.0
1637584,29.0
1637600,41.0
1637616,67.0
1637616,65.0
1637664,36.0
1637712,43.0
1637728,58.0
1637856,71.0
1637936,54.0
1637968,103.0
1638016,81.0
1638016,48.0
1638064,30.0
1638128,56.0
1638128,44.0
1638208,31.0
1638256,40.0
1638336,47.0
1638448,32.0
1638496,56.0
1638512,56.0
1638528,12.0
1638528,50.0
1638576,67.0
1638640,39.0
1638672,29.0
1638720,37.0
1638736,48.0
1638784,58.0
1638816,35.0
1638880,54.0
1638896,52.0
1638944,51.0
1638976,28.0
1639040,37.0
1639056,24.0
1639216,97.0
1639392,38.0
1639408,57.0
1639456,32.0
1639456,36.0
1639472,52.0
1639584,43.0
1639616,36.0
1639680,60.0
1639680,44.0
1639696,73.0
1639792,76.0
1639840,69.0
1639952,71.0
1639952,90.0
1639984,36.0
1640000,33.0
1640048,41.0
1640128,42.0
1640144,43.0
1640160,59.0
1640224,27.0
1640272,43.0
1640272,41.0
1640352,42.0
1640400,35.0
1640432,28.0
1640432,47.0
1640544,37.0
1640560,38.0
1640624,36.0
1640656,27.0
1640672,25.0
1640704,27.0
1640768,39.0
1640800,109.0
1640912,76.0
1640944,49.0
1641040,40.0
1641056,39.0
1641184,47.0
1641200,41.0
1641248,34.0
1641280,72.0
1641280,45.0
1641328,61.0
1641408,40.0
1641424,48.0
1641504,52.0
1641520,56.0
1641520,38.0
1641616,23.0
1641696,41.0
1641696,106.0
1641728,49.0
1641744,59.0
1641824,48.0
1641968,43.0
1642064,49.0
1642128,27.0
1642144,60.0
1642224,33.0
1642256,46.0
1642304,56.0
1642336,51.0
1642352,72.0
1642352,38.0
1642384,41.0
1642384,60.0
1642448,59.0
1642496,23.0
1642496,73.0
1642528,35.0
1642736,70.0
1642800,31.0
1642800,41.0
1642880,34.0
1642880,41.0
1642912,26.0
1642928,12.0
1642976,72.0
1643072,39.0
1643088,44.0
1643232,55.0
1643264,75.0
1643296,20.0
1643376,62.0
1643408,38.0
1643424,73.0
1643488,38.0
1643568,43.0
1643584,49.0
1643584,77.0
1643680,47.0
1643792,33.0
1643824,37.0
1643840,82.0
1643856,35.0
1643984,36.0
1644160,68.0
1644176,79.0
1644192,48.0
1644224,71.0
1644240,109.0
1644288,44.0
1644304,51.0
1644368,36.0
1644384,51.0
1644384,50.0
1644480,41.0
1644544,35.0
1644688,52.0
1644720,31.0
1644736,34.0
1644752,57.0
1644768,38.0
1644784,38.0
1644784,88.0
1644880,37.0
1644880,36.0
1644992,39.0
1645024,40.0
1645040,31.0
1645072,87.0
1645168,24.0
1645232,62.0
1645376,22.0
1645392,25.0
1645408,43.0
1645440,42.0
1645440,43.0
1645472,43.0
1645520,52.0
1645552,67.0
1645712,42.0
1645760,55.0
1645792,45.0
1645936,34.0
1646016,31.0
1646112,108.0
1646144,27.0
1646144,24.0
1646176,46.0
1646176,46.0
1646208,50.0
1646208,41.0
1646224,66.0
1646304,32.0
1646320,99.0
1646368,71.0
1646384,94.0
1646464,20.0
1646464,28.0
1646624,28.0
1646640,73.0
1646656,32.0
1646736,27.0
1646880,26.0
1646912,44.0
1647040,45.0
1647040,42.0
1647056,105.0
1647056,59.0
1647088,39.0
1647104,28.0
1647104,58.0
1647152,59.0
1647184,60.0
1647232,37.0
1647280,34.0
1647456,25.0
1647504,70.0
1647536,27.0
1647552,40.0
1647584,27.0
1647648,23.0
1647664,49.0
1647664,39.0
1647856,77.0
1647888,52.0
1647936,125.0
1648000,31.0
1648064,60.0
1648080,33.0
1648128,56.0
1648128,68.0
1648128,34.0
1648272,51.0
1648288,40.0
1648320,49.0
1648368,44.0
1648432,48.0
1648448,79.0
1648560,30.0
1648576,28.0
1648720,49.0
1648800,50.0
1648880,27.0
1648912,53.0
1648928,40.0
1648928,38.0
1648928,50.0
1648992,54.0
1649120,35.0
1649216,133.0
1649216,85.0
1649232,84.0
1649328,47.0
1649392,64.0
1649408,38.0
1649440,32.0
1649488,66.0
1649552,42.0
1649632,26.0
1649744,33.0
1649872,59.0
1649888,31.0
1649904,74.0
1649968,40.0
1649984,67.0
1650144,41.0
1650224,122.0
1650240,82.0
1650304,74.0
1650352,57.0
1650384,26.0
1650384,87.0
1650400,53.0
1650448,29.0
1650464,36.0
1650512,69.0
1650528,81.0
1650560,43.0
1650576,52.0
1650640,46.0
1650800,31.0
1650832,30.0
1650832,38.0
1650880,40.0
1650912,33.0
1650960,24.0
1650992,53.0
1650992,34.0
1651120,41.0
1651120,30.0
1651168,96.0
1651248,26.0
1651280,30.0
1651328,48.0
1651360,53.0
1651440,66.0
1651520,43.0
1651552,27.0
1651584,42.0
1651824,54.0
1651824,36.0
1651824,52.0
1651856,91.0
1651952,89.0
1651952,27.0
1652048,55.0
1652144,72.0
1652176,46.0
1652192,40.0
1652352,64.0
1652368,34.0
1652368,68.0
1652368,34.0
1652416,52.0
1652448,98.0
1652480,70.0
1652496,28.0
1652512,87.0
1652528,36.0
1652704,55.0
1652912,48.0
1652944,37.0
1652944,31.0
1652944,47.0
1652976,29.0
1652976,38.0
1653008,40.0
1653040,42.0
1653056,33.0
1653072,56.0
1653200,78.0
1653328,20.0
1653328,57.0
1653360,26.0
1653440,31.0
1653472,48.0
1653504,64.0
1653600,33.0
1653600,43.0
1653616,42.0
1653680,39.0
1653680,22.0
1653680,74.0
1653712,24.0
1653744,48.0
1653824,49.0
1653952,131.0
1654048,53.0
1654160,26.0
1654192,76.0
1654192,45.0
1654192,32.0
1654240,33.0
1654272,42.0
1654352,42.0
1654352,42.0
1654384,64.0
1654416,29.0
1654496,55.0
1654512,43.0
1654528,68.0
1654608,26.0
1654640,65.0
1654704,41.0
1654736,77.0
1654752,23.0
1654800,28.0
1654800,24.0
1654832,35.0
1654864,42.0
1654912,24.0
1655168,51.0
1655216,61.0
1655216,38.0
1655232,65.0
1655248,38.0
1655248,32.0
1655264,22.0
1655296,37.0
1655312,51.0
1655392,33.0
1655408,41.0
1655424,37.0
1655536,64.0
1655632,26.0
1655632,52.0
1655648,53.0
1655824,27.0
1655968,41.0
1655968,42.0
1656000,37.0
1656016,48.0
1656080,41.0
1656144,31.0
1656208,61.0
1656256,65.0
1656272,40.0
1656304,65.0
1656320,49.0
1656320,31.0
1656528,56.0
1656560,82.0
1656608,90.0
1656624,39.0
1656672,157.0
1656736,41.0
1656736,48.0
1656784,36.0
1656800,49.0
1656848,34.0
1656880,57.0
1656880,38.0
1656928,49.0
1656928,38.0
1657056,27.0
1657104,34.0
1657152,56.0
1657168,53.0
1657264,37.0
1657328,28.0
1657360,30.0
1657392,49.0
1657456,58.0
1657568,45.0
1657568,52.0
1657600,27.0
1657728,58.0
1657728,59.0
1657760,41.0
1657808,28.0
1657824,35.0
1657936,49.0
1658016,80.0
1658016,28.0
1658112,66.0
1658128,25.0
1658144,76.0
1658176,38.0
1658192,79.0
1658224,56.0
1658304,53.0
1658400,37.0
1658480,41.0
1658496,48.0
1658496,22.0
1658576,51.0
1658592,62.0
1658608,37.0
1658672,46.0
1658704,37.0
1658800,12.0
1658864,23.0
1658928,96.0
1658960,49.0
1659008,49.0
1659072,25.0
1659072,42.0
1659136,35.0
1659200,25.0
1659232,65.0
1659232,76.0
1659296,51.0
1659376,42.0
1659376,55.0
1659536,33.0
1659536,38.0
1659536,29.0
1659568,79.0
1659600,40.0
1659632,65.0
1659680,51.0
1659728,100.0
1659760,39.0
1659792,35.0
1659792,45.0
1659808,36.0
1659856,35.0
1659920,12.0
1659952,36.0
1660096,29.0
1660128,47.0
1660208,38.0
1660352,42.0
1660384,53.0
1660384,74.0
1660416,38.0
1660432,14.0
1660432,42.0
1660464,58.0
1660496,44.0
1660544,37.0
1660624,68.0
1660624,44.0
1660800,23.0
1660832,28.0
1660864,48.0
1660880,68.0
1660912,84.0
1660928,27.0
1661024,37.0
1661088,44.0
1661104,43.0
1661104,61.0
1661184,24.0
1661264,40.0
1661408,66.0
1661440,61.0
1661520,37.0
1661552,63.0
1661600,45.0
1661680,37.0
1661680,66.0
1661696,49.0
1661696,37.0
1661744,55.0
1661776,47.0
1661856,64.0
1661936,52.0
1661952,131.0
1662064,50.0
1662144,29.0
1662208,64.0
1662224,18.0
1662240,45.0
1662240,34.0
1662240,24.0
1662256,53.0
1662288,53.0
1662304,38.0
1662304,39.0
1662304,47.0
1662400,28.0
1662400,39.0
1662416,51.0
1662480,46.0
1662784,40.0
1662896,37.0
1662944,43.0
1663008,59.0
1663040,39.0
1663040,52.0
1663056,36.0
1663120,51.0
1663136,53.0
1663168,54.0
1663168,48.0
1663200,60.0
1663216,61.0
1663232,63.0
1663344,69.0
1663344,59.0
1663360,36.0
1663424,23.0
1663568,42.0
1663664,39.0
1663680,46.0
1663712,37.0
1663728,33.0
1663744,38.0
1663760,37.0
1663936,58.0
1663968,50.0
1664128,49.0
1664160,51.0
1664176,59.0
1664256,36.0
1664256,37.0
1664256,52.0
1664288,45.0
1664352,62.0
1664368,39.0
1664384,41.0
1664576,96.0
1664704,59.0
1664736,48.0
1664752,39.0
1664752,96.0
1664768,37.0
1664784,39.0
1664800,34.0
1664800,68.0
1664880,39.0
1664896,60.0
1664960,36.0
1665120,48.0
1665248,42.0
1665296,63.0
1665312,36.0
1665408,41.0
1665408,38.0
1665472,42.0
1665472,69.0
1665552,49.0
1665616,46.0
1665680,61.0
1665680,58.0
1665920,104.0
1665936,51.0
1666032,78.0
1666160,47.0
1666176,48.0
1666176,39.0
1666192,55.0
1666240,62.0
1666240,39.0
1666288,51.0
1666320,40.0
1666336,26.0
1666336,86.0
1666368,67.0
1666464,62.0
1666480,34.0
1666640,60.0
1666720,114.0
1666768,30.0
1666800,40.0
1666800,29.0
1666832,50.0
1666880,26.0
1666928,35.0
1666976,46.0
1666976,49.0
1667024,44.0
1667104,58.0
1667232,66.0
1667376,34.0
1667392,37.0
1667408,27.0
1667440,42.0
1667536,35.0
1667584,41.0
1667584,49.0
1667584,44.0
1667712,43.0
1667712,38.0
1667792,25.0
1667856,101.0
1667936,76.0
1667984,103.0
1668000,29.0
1668000,48.0
1668128,34.0
1668144,104.0
1668144,44.0
1668160,28.0
1668192,51.0
1668416,27.0
1668416,63.0
1668544,60.0
1668624,43.0
1668640,53.0
1668640,31.0
1668672,68.0
1668720,130.0
1668752,38.0
1668832,61.0
1668848,27.0
1668864,54.0
1668960,60.0
1668976,79.0
1668992,50.0
1669072,27.0
1669104,61.0
1669184,48.0
1669216,42.0
1669216,37.0
1669248,33.0
1669248,38.0
1669248,68.0
1669344,37.0
1669424,36.0
1669424,37.0
1669488,51.0
1669488,33.0
1669584,23.0
1669648,41.0
1669696,45.0
1669840,39.0
1669856,62.0
1669888,40.0
1669936,52.0
1669984,50.0
1670080,52.0
1670128,40.0
1670144,67.0
1670176,47.0
1670176,30.0
1670192,59.0
1670256,42.0
1670256,38.0
1670448,64.0
1670464,61.0
1670576,77.0
1670624,34.0
1670688,44.0
1670752,57.0
1670800,42.0
1670800,22.0
1670928,62.0
1670960,67.0
1670992,71.0
1671024,25.0
1671056,55.0
1671056,55.0
1671104,26.0
1671136,55.0
1671136,55.0
1671136,35.0
1671232,48.0
1671328,14.0
1671344,24.0
1671408,79.0
1671424,77.0
1671440,40.0
1671472,42.0
1671472,30.0
1671616,54.0
1671744,51.0
1671744,43.0
1671936,50.0
1671952,56.0
1671984,36.0
1672048,36.0
1672096,67.0
1672128,56.0
1672128,44.0
1672192,54.0
1672256,57.0
1672304,73.0
1672336,37.0
1672384,48.0
1672400,58.0
1672496,28.0
1672496,85.0
1672560,29.0
1672576,39.0
1672592,72.0
1672672,46.0
1672752,48.0
1672784,41.0
1672784,25.0
1672832,40.0
1672928,37.0
1672944,28.0
1672976,36.0
1672992,54.0
1673024,45.0
1673056,50.0
1673216,41.0
1673216,92.0
1673232,25.0
1673280,44.0
1673296,50.0
1673312,45.0
1673392,38.0
1673424,13.0
1673424,25.0
1673440,43.0
1673472,31.0
1673488,34.0
1673568,21.0
1673616,35.0
1673648,41.0
1673792,31.0
1673936,29.0
1673984,44.0
1674000,36.0
1674000,36.0
1674016,77.0
1674064,31.0
1674064,39.0
1674080,88.0
1674096,73.0
1674240,37.0
1674336,34.0
1674352,46.0
1674432,31.0
1674448,60.0
1674464,72.0
1674544,35.0
1674544,12.0
1674592,37.0
1674640,36.0
1674720,40.0
1674736,12.0
1674784,49.0
1674800,46.0
1674832,51.0
1674896,35.0
1674928,31.0
1674960,109.0
1675024,49.0
1675152,44.0
1675168,67.0
1675184,37.0
1675184,28.0
1675248,33.0
1675312,120.0
1675360,29.0
1675408,38.0
1675440,50.0
1675440,61.0
1675440,26.0
1675472,43.0
1675552,37.0
1675552,39.0
1675616,67.0
1675648,51.0
1675664,12.0
1675696,33.0
1675712,35.0
1675872,39.0
1675920,46.0
1675952,48.0
1676064,44.0
1676080,40.0
1676096,43.0
1676128,36.0
1676224,49.0
1676368,45.0
1676384,45.0
1676384,43.0
1676448,33.0
1676480,65.0
1676528,27.0
1676544,42.0
1676560,63.0
1676560,38.0
1676672,34.0
1676720,41.0
1676784,92.0
1676848,29.0
1676928,35.0
1676960,30.0
1676992,48.0
1677040,89.0
1677120,88.0
1677152,37.0
1677168,39.0
1677168,38.0
1677168,24.0
1677200,70.0
1677328,23.0
1677392,42.0
1677456,38.0
1677504,29.0
1677568,40.0
1677600,76.0
1677616,73.0
1677728,46.0
1677744,76.0
1677856,44.0
1677920,45.0
1677952,39.0
1678016,84.0
1678064,59.0
1678080,57.0
1678112,59.0
1678176,49.0
1678224,45.0
1678256,33.0
1678288,34.0
1678320,45.0
1678352,74.0
1678400,59.0
1678400,49.0
1678416,35.0
1678416,29.0
1678528,38.0
1678560,21.0
1678624,35.0
1678672,41.0
1678672,69.0
1678816,40.0
1678816,33.0
1678832,45.0
1678832,36.0
1678848,28.0
1678864,32.0
1679104,64.0
1679120,45.0
1679232,26.0
1679264,37.0
1679264,40.0
1679296,46.0
1679328,57.0
1679392,36.0
1679408,35.0
1679472,59.0
1679504,42.0
1679504,74.0
1679616,59.0
1679696,80.0
1679696,12.0
1679696,37.0
1679696,36.0
1679776,59.0
1679856,33.0
1679888,39.0
1679952,34.0
1679984,47.0
1680000,46.0
1680048,41.0
1680048,36.0
1680096,25.0
1680112,51.0
1680192,83.0
1680208,32.0
1680256,47.0
1680288,27.0
1680352,41.0
1680384,31.0
1680432,51.0
1680528,30.0
1680560,28.0
1680624,58.0
1680640,27.0
1680672,56.0
1680672,42.0
1680768,36.0
1680832,55.0
1680864,36.0
1681040,49.0
1681152,32.0
1681168,31.0
1681216,49.0
1681232,78.0
1681232,35.0
1681328,35.0
1681344,32.0
1681344,81.0
1681344,30.0
1681376,53.0
1681488,54.0
1681520,12.0
1681520,23.0
1681696,33.0
1681728,31.0
1681760,24.0
1681760,104.0
1681760,26.0
1681792,77.0
1681808,89.0
1681824,37.0
1681872,52.0
1681952,46.0
1682080,108.0
1682112,48.0
1682128,23.0
1682272,58.0
1682384,35.0
1682400,38.0
1682416,43.0
1682464,48.0
1682592,52.0
1682608,41.0
1682640,70.0
1682640,35.0
1682688,75.0
1682704,74.0
1682736,54.0
1682784,32.0
1682784,25.0
1682800,24.0
1682864,47.0
1682912,69.0
1682944,22.0
1683024,56.0
1683040,25.0
1683088,39.0
1683120,32.0
1683216,51.0
1683248,38.0
1683296,96.0
1683360,36.0
1683360,41.0
1683504,37.0
1683536,42.0
1683584,50.0
1683632,52.0
1683664,28.0
1683712,43.0
1683728,43.0
1683728,40.0
1683744,50.0
1683808,67.0
1683824,29.0
1683840,21.0
1683936,19.0
1683952,44.0
1684032,13.0
1684160,92.0
1684176,32.0
1684176,37.0
1684208,53.0
1684208,31.0
1684336,38.0
1684448,57.0
1684560,90.0
1684608,55.0
1684608,25.0
1684640,84.0
1684656,39.0
1684688,55.0
1684736,49.0
1684752,37.0
1684832,41.0
1684912,44.0
1684960,32.0
1684960,49.0
1685024,43.0
1685024,68.0
1685056,76.0
1685136,33.0
1685280,42.0
1685280,96.0
1685312,41.0
1685424,43.0
1685472,32.0
1685584,64.0
1685600,48.0
1685616,37.0
1685632,45.0
1685664,57.0
1685680,25.0
1685696,46.0
1685888,78.0
1685920,56.0
1685920,38.0
1686048,85.0
1686064,49.0
1686064,58.0
1686112,66.0
1686128,34.0
1686160,46.0
1686272,37.0
1686400,48.0
1686400,44.0
1686400,49.0
1686416,47.0
1686528,58.0
1686528,38.0
1686560,40.0
1686576,11.0
1686624,31.0
1686640,30.0
1686656,38.0
1686656,37.0
1686720,28.0
1686720,78.0
1686752,43.0
1686768,55.0
1686816,44.0
1686864,29.0
1687024,29.0
1687024,31.0
1687088,29.0
1687104,33.0
1687104,43.0
1687120,25.0
1687216,43.0
1687248,27.0
1687296,36.0
1687312,28.0
1687376,45.0
1687440,50.0
1687472,51.0
1687552,33.0
1687552,50.0
1687568,50.0
1687568,22.0
1687568,34.0
1687696,25.0
1687744,40.0
1687856,91.0
1687904,27.0
1687936,23.0
1687968,55.0
1688048,30.0
1688096,49.0
1688144,48.0
1688208,68.0
1688240,62.0
1688288,53.0
1688304,38.0
1688304,47.0
1688304,47.0
1688336,48.0
1688352,78.0
1688384,33.0
1688528,39.0
1688544,50.0
1688736,37.0
1688752,32.0
1688816,55.0
1688832,33.0
1688880,36.0
1688944,61.0
1688976,58.0
1689056,42.0
1689072,33.0
1689088,62.0
1689104,47.0
1689184,41.0
1689184,61.0
1689216,58.0
1689264,11.0
1689280,33.0
1689392,68.0
1689488,34.0
1689504,25.0
1689520,43.0
1689568,47.0
1689632,56.0
1689648,48.0
1689840,36.0
1689856,13.0
1689888,52.0
1689888,51.0
1689920,40.0
1689936,100.0
1689936,45.0
1690064,36.0
1690096,37.0
1690176,38.0
1690240,66.0
1690288,28.0
1690336,28.0
1690384,47.0
1690432,36.0
1690496,35.0
1690512,62.0
1690576,74.0
1690656,35.0
1690656,105.0
1690672,47.0
1690704,95.0
1690848,49.0
1690880,40.0
1690880,31.0
1690912,46.0
1690928,37.0
1690976,68.0
1691024,11.0
1691040,47.0
1691088,13.0
1691168,29.0
1691184,38.0
1691232,22.0
1691248,20.0
1691264,37.0
1691328,42.0
1691344,53.0
1691344,88.0
1691392,46.0
1691456,34.0
1691552,70.0
1691552,36.0
1691648,38.0
1691680,37.0
1691744,77.0
1691760,36.0
1691760,26.0
1691776,38.0
1691888,40.0
1691952,25.0
1691968,40.0
1692016,29.0
1692016,49.0
1692096,67.0
1692112,45.0
1692128,42.0
1692208,54.0
1692224,34.0
1692240,37.0
1692352,68.0
1692416,41.0
1692432,34.0
1692448,43.0
1692448,27.0
1692512,34.0
1692528,27.0
1692528,49.0
1692656,33.0
1692800,43.0
1692800,53.0
1692832,51.0
1692832,66.0
1692864,41.0
1692992,34.0
1693008,49.0
1693040,24.0
1693056,33.0
1693088,40.0
1693120,48.0
1693136,44.0
1693216,61.0
1693264,14.0
1693296,48.0
1693296,29.0
1693376,36.0
1693376,54.0
1693440,64.0
1693472,29.0
1693520,29.0
1693552,35.0
1693568,44.0
1693648,27.0
1693664,52.0
1693712,39.0
1693744,59.0
1693776,41.0
1693776,40.0
1693856,26.0
1693872,36.0
1694000,39.0
1694016,45.0
1694096,45.0
1694144,37.0
1694144,55.0
1694176,41.0
1694176,32.0
1694192,45.0
1694320,42.0
1694384,38.0
1694400,34.0
1694400,43.0
1694400,41.0
1694528,41.0
1694544,34.0
1694624,30.0
1694656,68.0
1694752,61.0
1694816,39.0
1694848,52.0
1694864,43.0
1694896,47.0
1694976,36.0
1695056,41.0
1695072,47.0
1695120,29.0
1695168,39.0
1695184,50.0
1695200,69.0
1695264,68.0
1695264,32.0
1695312,43.0
1695440,29.0
1695488,27.0
1695488,39.0
1695536,71.0
1695568,31.0
1695616,68.0
1695728,38.0
1695744,56.0
1695760,35.0
1695760,37.0
1695776,37.0
1695824,58.0
1695840,36.0
1695888,67.0
1695888,22.0
1695936,28.0
1695952,29.0
1696064,50.0
1696160,25.0
1696272,32.0
1696304,30.0
1696304,33.0
1696416,50.0
1696432,23.0
1696464,36.0
1696496,58.0
1696512,75.0
1696544,41.0
1696576,39.0
1696608,48.0
1696624,74.0
1696720,61.0
1696832,69.0
1696896,37.0
1696944,27.0
1697008,53.0
1697056,70.0
1697104,42.0
1697152,41.0
1697200,46.0
1697216,40.0
1697216,57.0
1697264,53.0
1697360,40.0
1697456,25.0
1697504,38.0
1697520,43.0
1697616,38.0
1697616,42.0
1697648,34.0
1697696,30.0
1697760,71.0
1697776,36.0
1697856,37.0
1697872,83.0
1697872,79.0
1697904,47.0
1697936,30.0
1697984,107.0
1698000,40.0
1698016,50.0
1698096,37.0
1698304,38.0
1698320,42.0
1698368,47.0
1698416,30.0
1698480,38.0
1698496,25.0
1698512,62.0
1698544,35.0
1698576,44.0
1698624,45.0
1698736,12.0
1698816,65.0
1698880,79.0
1699056,47.0
1699056,75.0
1699104,68.0
1699104,69.0
1699152,36.0
1699152,42.0
1699168,53.0
1699184,43.0
1699232,38.0
1699344,38.0
1699344,99.0
1699344,58.0
1699408,56.0
1699456,68.0
1699488,24.0
1699568,47.0
1699568,32.0
1699680,31.0
1699808,44.0
1699840,43.0
1699888,52.0
1699952,38.0
1699952,67.0
1699952,50.0
1700032,43.0
1700048,30.0
1700160,47.0
1700192,64.0
1700208,47.0
1700240,25.0
1700256,57.0
1700352,42.0
1700352,25.0
1700352,12.0
1700368,26.0
1700432,34.0
1700448,76.0
1700496,28.0
1700560,38.0
1700560,67.0
1700560,33.0
1700592,64.0
1700608,15.0
1700752,25.0
1700784,11.0
1700832,40.0
1700864,39.0
1700928,36.0
1700944,46.0
1701152,50.0
1701168,85.0
1701456,63.0
1701472,38.0
1701536,61.0
1701568,63.0
1701584,72.0
1701616,70.0
1701696,71.0
1701744,50.0
1701776,95.0
1701776,62.0
1701776,19.0
1701808,61.0
1701856,79.0
1701872,59.0
1701904,47.0
1702032,29.0
1702128,27.0
1702160,62.0
1702208,29.0
1702224,28.0
1702272,46.0
1702304,53.0
1702368,101.0
1702432,41.0
1702448,42.0
1702464,37.0
1702480,36.0
1702544,60.0
1702640,32.0
1702704,34.0
1702784,61.0
1702896,37.0
1703040,63.0
1703056,75.0
1703152,32.0
1703152,96.0
1703168,44.0
1703184,51.0
1703200,61.0
1703232,47.0
1703312,48.0
1703344,35.0
1703440,25.0
1703600,83.0
1703616,88.0
1703648,76.0
1703664,29.0
1703712,51.0
1703824,86.0
1703856,44.0
1703872,73.0
1703920,46.0
1704000,59.0
1704000,43.0
1704000,41.0
1704032,55.0
1704048,28.0
1704320,68.0
1704400,49.0
1704416,24.0
1704416,61.0
1704496,31.0
1704512,41.0
1704560,35.0
1704576,58.0
1704592,45.0
1704656,62.0
1704672,94.0
1704768,48.0
1704848,64.0
1704896,30.0
1705008,28.0
1705024,69.0
1705040,28.0
1705104,38.0
1705120,44.0
1705152,30.0
1705184,92.0
1705200,43.0
1705264,76.0
1705280,32.0
1705280,39.0
1705456,66.0
1705552,33.0
1705616,48.0
1705648,83.0
1705648,23.0
1705648,34.0
1705664,68.0
1705664,39.0
1705696,27.0
1705712,33.0
1705824,23.0
1705888,43.0
1705968,67.0
1706160,55.0
1706176,33.0
1706208,41.0
1706240,77.0
1706352,29.0
1706352,40.0
1706368,44.0
1706400,46.0
1706416,79.0
1706496,33.0
1706496,50.0
1706592,26.0
1706720,69.0
1706800,25.0
1706800,37.0
1706928,80.0
1706944,70.0
1706944,49.0
1706976,11.0
1707024,38.0
1707040,43.0
1707040,42.0
1707040,34.0
1707136,93.0
1707136,49.0
1707184,43.0
1707184,129.0
1707200,38.0
1707296,22.0
1707376,36.0
1707376,41.0
1707472,21.0
1707552,39.0
1707584,28.0
1707600,36.0
1707616,36.0
1707648,42.0
1707712,26.0
1707728,43.0
1707744,94.0
1707792,26.0
1707808,39.0
1707856,57.0
1707856,42.0
1707952,57.0
1707984,24.0
1708032,52.0
1708128,36.0
1708240,48.0
1708304,45.0
1708336,43.0
1708336,38.0
1708384,37.0
1708400,49.0
1708448,44.0
1708464,41.0
1708496,29.0
1708592,46.0
1708608,56.0
1708608,77.0
1708640,32.0
1708768,51.0
1708976,40.0
1709008,39.0
1709088,49.0
1709120,39.0
1709184,45.0
1709216,39.0
1709264,80.0
1709392,47.0
1709424,74.0
1709456,63.0
1709536,105.0
1709552,29.0
1709552,49.0
1709584,78.0
1709600,39.0
1709664,30.0
1709840,28.0
1709888,21.0
1709936,83.0
1709984,45.0
1709984,27.0
1710032,64.0
1710096,61.0
1710128,34.0
1710128,95.0
1710144,109.0
1710144,43.0
1710160,31.0
1710192,48.0
1710288,67.0
1710336,50.0
1710384,34.0
1710400,26.0
1710448,26.0
1710608,28.0
1710704,35.0
1710704,45.0
1710704,36.0
1710768,27.0
1710848,78.0
1710880,49.0
1710928,40.0
1711008,35.0
1711008,70.0
1711040,53.0
1711056,58.0
1711088,24.0
1711104,60.0
1711200,37.0
1711248,34.0
1711376,42.0
1711488,97.0
1711504,46.0
1711552,34.0
1711568,30.0
1711584,74.0
1711616,46.0
1711664,35.0
1711728,45.0
1711824,56.0
1711904,41.0
1711904,95.0
1712000,39.0
1712048,62.0
1712048,31.0
1712064,28.0
1712112,79.0
1712112,39.0
1712176,42.0
1712224,35.0
1712304,79.0
1712304,12.0
1712320,31.0
1712400,51.0
1712512,28.0
1712512,38.0
1712544,34.0
1712688,40.0
1712736,63.0
1712752,28.0
1712768,41.0
1712816,101.0
1712880,41.0
1712896,53.0
1712912,23.0
1712944,48.0
1712960,41.0
1713008,69.0
1713088,36.0
1713104,13.0
1713104,96.0
1713280,33.0
1713424,69.0
1713424,43.0
1713520,38.0
1713600,37.0
1713648,23.0
1713760,78.0
1713808,44.0
1713808,62.0
1713872,58.0
1713936,32.0
1713968,75.0
1714000,65.0
1714000,36.0
1714000,100.0
1714032,32.0
1714048,85.0
1714176,81.0
1714176,68.0
1714224,36.0
1714224,70.0
1714352,37.0
1714528,58.0
1714576,48.0
1714576,36.0
1714592,39.0
1714624,36.0
1714656,41.0
1714656,49.0
1714688,55.0
1714784,49.0
1714784,53.0
1714800,39.0
1714896,42.0
1715008,13.0
1715024,28.0
1715040,28.0
1715104,55.0
1715104,67.0
1715184,38.0
1715296,70.0
1715392,23.0
1715408,39.0
1715424,67.0
1715488,52.0
1715504,55.0
1715504,38.0
1715552,28.0
1715600,59.0
1715616,38.0
1715696,57.0
1715728,34.0
1715856,83.0
1715920,51.0
1715952,29.0
1716000,36.0
1716032,33.0
1716048,41.0
1716080,42.0
1716112,89.0
1716240,32.0
1716272,45.0
1716304,43.0
1716320,64.0
1716320,39.0
1716368,54.0
1716400,50.0
1716432,24.0
1716432,87.0
1716464,34.0
1716496,24.0
1716560,12.0
1716688,46.0
1716704,42.0
1716736,11.0
1716800,33.0
1716912,57.0
1716960,55.0
1716976,46.0
1717008,38.0
1717040,36.0
1717040,45.0
1717072,48.0
1717088,77.0
1717168,42.0
1717232,57.0
1717392,37.0
1717408,61.0
1717456,34.0
1717472,65.0
1717520,28.0
1717648,43.0
1717648,42.0
1717712,63.0
1717712,39.0
1717856,39.0
1717968,80.0
1717984,37.0
1718192,49.0
1718224,36.0
1718240,94.0
1718320,53.0
1718336,73.0
1718352,23.0
1718352,40.0
1718352,56.0
1718416,86.0
1718480,52.0
1718496,40.0
1718576,96.0
1718672,12.0
1718688,22.0
1718752,65.0
1718768,50.0
1718800,80.0
1718880,24.0
1718896,36.0
1718944,45.0
1719008,125.0
1719024,38.0
1719152,25.0
1719200,39.0
1719280,58.0
1719280,30.0
1719344,36.0
1719376,44.0
1719472,70.0
1719504,82.0
1719616,79.0
1719616,37.0
1719664,89.0
1719664,45.0
1719696,51.0
1719712,44.0
1719824,39.0
1719872,37.0
1719904,76.0
1719984,38.0
1720080,50.0
1720080,46.0
1720112,76.0
1720112,31.0
1720224,45.0
1720240,33.0
1720320,44.0
1720320,39.0
1720464,50.0
1720512,38.0
1720560,68.0
1720640,61.0
1720656,52.0
1720672,50.0
1720688,23.0
1720752,42.0
1720752,40.0
1720768,101.0
1721024,44.0
1721040,22.0
1721056,37.0
1721072,68.0
1721072,25.0
1721104,62.0
1721136,56.0
1721200,40.0
1721232,63.0
1721280,39.0
1721360,38.0
1721472,28.0
1721504,54.0
1721504,62.0
1721584,51.0
1721616,36.0
1721808,36.0
1721856,50.0
1721872,46.0
1721888,71.0
1721904,50.0
1721904,39.0
1721920,35.0
1721920,45.0
1722048,61.0
1722064,62.0
1722176,131.0
1722224,38.0
1722240,46.0
1722336,47.0
1722432,32.0
1722512,65.0
1722512,37.0
1722560,47.0
1722592,43.0
1722640,48.0
1722720,76.0
1722736,55.0
1722768,45.0
1722864,50.0
1722896,63.0
1722944,45.0
1723040,71.0
1723088,36.0
1723120,38.0
1723136,44.0
1723152,35.0
1723232,66.0
1723280,59.0
1723280,40.0
1723312,47.0
1723312,37.0
1723408,34.0
1723456,35.0
1723472,46.0
1723648,88.0
1723648,33.0
1723664,56.0
1723696,47.0
1723728,31.0
1723808,41.0
1723840,35.0
1723856,28.0
1723856,36.0
1723904,37.0
1724032,45.0
1724048,22.0
1724064,13.0
1724096,66.0
1724128,42.0
1724160,22.0
1724176,44.0
1724224,36.0
1724304,28.0
1724480,52.0
1724496,37.0
1724512,42.0
1724512,53.0
1724512,29.0
1724512,49.0
1724560,31.0
1724672,34.0
1724768,34.0
1724864,43.0
1724880,109.0
1724896,50.0
1724944,40.0
1725008,32.0
1725024,121.0
1725024,32.0
1725072,37.0
1725088,36.0
1725184,42.0
1725216,41.0
1725296,27.0
1725296,49.0
1725360,37.0
1725424,79.0
1725472,37.0
1725488,25.0
1725552,95.0
1725584,36.0
1725600,44.0
1725616,59.0
1725632,28.0
1725728,15.0
1725792,48.0
1725888,54.0
1725888,42.0
1725904,60.0
1725952,41.0
1726016,45.0
1726048,27.0
1726112,65.0
1726144,42.0
1726144,49.0
1726144,45.0
1726176,39.0
1726208,36.0
1726352,35.0
1726368,40.0
1726512,35.0
1726544,60.0
1726560,42.0
1726640,65.0
1726656,47.0
1726672,41.0
1726720,52.0
1726720,32.0
1726736,39.0
1726816,48.0
1726912,35.0
1726992,22.0
1727008,12.0
1727056,57.0
1727072,44.0
1727088,23.0
1727088,27.0
1727168,38.0
1727184,42.0
1727200,41.0
1727232,35.0
1727312,14.0
1727312,73.0
1727328,72.0
1727360,40.0
1727376,23.0
1727440,28.0
1727584,33.0
1727584,42.0
1727584,53.0
1727648,21.0
1727680,96.0
1727696,20.0
1727712,33.0
1727824,41.0
1727856,41.0
1727920,30.0
1727984,47.0
1728016,58.0
1728048,46.0
1728048,45.0
1728112,33.0
1728240,37.0
1728288,44.0
1728320,46.0
1728336,79.0
1728416,44.0
1728432,46.0
1728464,38.0
1728512,29.0
1728544,54.0
1728656,81.0
1728672,22.0
1728832,45.0
1728848,24.0
1728864,65.0
1728944,38.0
1728960,45.0
1728976,34.0
1729040,70.0
1729104,66.0
1729168,32.0
1729200,23.0
1729200,43.0
1729232,51.0
1729232,43.0
1729232,24.0
1729296,80.0
1729344,66.0
1729392,33.0
1729424,47.0
1729536,35.0
1729552,37.0
1729648,26.0
1729712,30.0
1729728,109.0
1729744,44.0
1729760,41.0
1729840,40.0
1729888,31.0
1729936,48.0
1730016,29.0
1730064,40.0
1730064,54.0
1730096,54.0
1730160,27.0
1730160,39.0
1730224,58.0
1730272,58.0
1730304,35.0
1730304,41.0
1730336,25.0
1730416,44.0
1730448,38.0
1730528,29.0
1730544,100.0
1730656,22.0
1730656,40.0
1730672,36.0
1730720,41.0
1730768,63.0
1730800,40.0
1730816,34.0
1730848,43.0
1730864,20.0
1730928,39.0
1730960,46.0
1730960,32.0
1731008,37.0
1731088,27.0
1731120,29.0
1731232,56.0
1731232,26.0
1731280,47.0
1731296,88.0
1731392,45.0
1731440,37.0
1731472,34.0
1731488,30.0
1731504,34.0
1731664,54.0
1731696,38.0
1731712,27.0
1731760,40.0
1731760,50.0
1731920,30.0
1731920,39.0
1731968,78.0
1731984,47.0
1732096,37.0
1732112,28.0
1732112,55.0
1732192,45.0
1732208,28.0
1732240,33.0
1732272,94.0
1732304,57.0
1732304,34.0
1732352,27.0
1732448,33.0
1732464,48.0
1732624,40.0
1732672,74.0
1732672,44.0
1732800,22.0
1732832,45.0
1732864,42.0
1732912,128.0
1732944,52.0
1733040,46.0
1733088,49.0
1733120,53.0
1733136,29.0
1733216,47.0
1733248,63.0
1733328,33.0
1733360,46.0
1733456,32.0
1733456,85.0
1733520,41.0
1733584,77.0
1733616,59.0
1733664,28.0
1733680,37.0
1733712,94.0
1733728,56.0
1733760,40.0
1733760,25.0
1733776,28.0
1733984,33.0
1734080,52.0
1734096,24.0
1734160,31.0
1734176,26.0
1734208,73.0
1734320,74.0
1734320,50.0
1734352,37.0
1734368,40.0
1734528,27.0
1734608,52.0
1734624,63.0
1734672,20.0
1734768,28.0
1734784,36.0
1734816,71.0
1734832,42.0
1734832,86.0
1734864,55.0
1734912,19.0
1734976,56.0
1734992,39.0
1734992,130.0
1734992,88.0
1735040,54.0
1735120,50.0
1735136,29.0
1735136,38.0
1735200,27.0
1735216,37.0
1735296,32.0
1735424,27.0
1735440,36.0
1735472,30.0
1735568,46.0
1735600,35.0
1735648,41.0
1735680,48.0
1735680,29.0
1735728,37.0
1735744,57.0
1735824,63.0
1735856,55.0
1735888,28.0
1735920,39.0
1736032,27.0
1736064,37.0
1736080,60.0
1736096,60.0
1736144,45.0
1736208,63.0
1736368,45.0
1736416,46.0
1736480,37.0
1736512,49.0
1736560,51.0
1736560,62.0
1736624,34.0
1736688,39.0
1736720,39.0
1736752,38.0
1736848,64.0
1736880,75.0
1736992,27.0
1737008,68.0
1737040,22.0
1737056,64.0
1737104,39.0
1737104,30.0
1737200,84.0
1737200,28.0
1737216,41.0
1737248,33.0
1737328,28.0
1737360,20.0
1737520,32.0
1737568,75.0
1737584,86.0
1737584,24.0
1737600,47.0
1737632,27.0
1737664,38.0
1737760,27.0
1737776,85.0
1737792,43.0
1737872,55.0
1737872,48.0
1737952,90.0
1738080,13.0
1738192,52.0
1738208,39.0
1738240,42.0
1738240,62.0
1738256,31.0
1738288,44.0
1738352,71.0
1738352,30.0
1738464,24.0
1738464,42.0
1738496,52.0
1738528,36.0
1738528,63.0
1738560,49.0
1738576,21.0
1738624,64.0
1738688,30.0
1738848,37.0
1738960,25.0
1738960,31.0
1739088,46.0
1739088,37.0
1739152,95.0
1739168,37.0
1739184,52.0
1739232,38.0
1739328,65.0
1739344,11.0
1739456,48.0
1739472,39.0
1739472,63.0
1739488,81.0
1739552,37.0
1739568,65.0
1739616,33.0
1739664,71.0
1739808,41.0
1739824,37.0
1739824,40.0
1739856,32.0
1739856,48.0
1739904,28.0
1739984,109.0
1740016,43.0
1740208,46.0
1740224,41.0
1740272,26.0
1740272,49.0
1740336,49.0
1740336,33.0
1740352,87.0
1740464,30.0
1740464,40.0
1740480,36.0
1740496,30.0
1740528,57.0
1740656,62.0
1740672,53.0
1740768,27.0
1740784,36.0
1740816,60.0
1740896,89.0
1740896,35.0
1740896,26.0
1740928,25.0
1740944,30.0
1741088,27.0
1741200,53.0
1741216,59.0
1741328,41.0
1741344,67.0
1741376,30.0
1741392,73.0
1741408,59.0
1741568,50.0
1741600,42.0
1741632,53.0
1741808,62.0
1741936,62.0
1742000,69.0
1742016,38.0
1742016,95.0
1742064,31.0
1742096,45.0
1742096,29.0
1742192,37.0
1742224,83.0
1742256,57.0
1742272,59.0
1742352,60.0
1742368,80.0
1742416,38.0
1742512,82.0
1742544,33.0
1742544,28.0
1742560,29.0
1742608,38.0
1742656,29.0
1742688,42.0
1742688,39.0
1742704,30.0
1742784,98.0
1742816,35.0
1743008,28.0
1743008,37.0
1743056,23.0
1743088,30.0
1743104,47.0
1743152,76.0
1743184,31.0
1743184,23.0
1743312,38.0
1743312,33.0
1743360,51.0
1743376,52.0
1743392,64.0
1743456,59.0
1743536,55.0
1743536,14.0
1743552,80.0
1743584,36.0
1743632,28.0
1743648,29.0
1743664,41.0
1743728,39.0
1743744,37.0
1743744,43.0
1743888,50.0
1744000,29.0
1744032,30.0
1744096,28.0
1744128,51.0
1744144,26.0
1744256,54.0
1744288,57.0
1744288,58.0
1744336,55.0
1744352,48.0
1744448,49.0
1744496,47.0
1744576,43.0
1744592,37.0
1744608,67.0
1744688,37.0
1744736,44.0
1744816,23.0
1744848,37.0
1744896,79.0
1744912,39.0
1744960,42.0
1744992,54.0
1745104,31.0
1745104,32.0
1745120,27.0
1745120,48.0
1745136,62.0
1745152,41.0
1745296,45.0
1745328,99.0
1745392,66.0
1745424,33.0
1745472,35.0
1745632,51.0
1745664,42.0
1745696,37.0
1745712,37.0
1745760,40.0
1745792,52.0
1745808,41.0
1745872,46.0
1745936,52.0
1745968,70.0
1746000,44.0
1746000,79.0
1746128,44.0
1746160,48.0
1746224,47.0
1746256,35.0
1746368,44.0
1746400,43.0
1746432,69.0
1746592,49.0
1746608,42.0
1746640,63.0
1746656,54.0
1746720,45.0
1746736,23.0
1746800,34.0
1746816,24.0
1746848,53.0
1746912,49.0
1746992,52.0
1747008,71.0
1747072,29.0
1747184,11.0
1747248,41.0
1747248,25.0
1747280,40.0
1747280,82.0
1747360,71.0
1747376,45.0
1747488,48.0
1747488,47.0
1747504,43.0
1747552,40.0
1747712,45.0
1747728,41.0
1747728,30.0
1747760,30.0
1747776,126.0
1747808,88.0
1747808,28.0
1747856,23.0
1747872,39.0
1747952,42.0
1748000,39.0
1748000,32.0
1748240,43.0
1748240,29.0
1748272,48.0
1748336,96.0
1748352,39.0
1748352,40.0
1748416,38.0
1748448,37.0
1748496,43.0
1748544,34.0
1748576,44.0
1748640,40.0
1748656,44.0
1748720,62.0
1748720,23.0
1748816,102.0
1748832,37.0
1748928,41.0
1749024,23.0
1749120,49.0
1749168,39.0
1749168,42.0
1749200,60.0
1749216,40.0
1749232,32.0
1749296,53.0
1749360,59.0
1749376,41.0
1749440,105.0
1749440,39.0
1749472,40.0
1749552,39.0
1749600,30.0
1749664,28.0
1749728,18.0
1749792,26.0
1749792,39.0
1749808,36.0
1749920,30.0
1750016,45.0
1750064,44.0
1750080,90.0
1750096,39.0
1750112,59.0
1750144,112.0
1750176,72.0
1750208,38.0
1750240,43.0
1750240,65.0
1750288,39.0
1750352,39.0
1750368,36.0
1750464,24.0
1750496,36.0
1750512,23.0
1750560,31.0
1750624,33.0
1750688,55.0
1750736,31.0
1750784,36.0
1750784,31.0
1750784,38.0
1750800,28.0
1750816,36.0
1750944,72.0
1751008,40.0
1751040,58.0
1751056,27.0
1751056,35.0
1751184,31.0
1751312,53.0
1751312,33.0
1751424,40.0
1751424,57.0
1751440,55.0
1751472,91.0
1751552,31.0
1751584,53.0
1751600,49.0
1751648,54.0
1751680,39.0
1751696,24.0
1751728,49.0
1751744,35.0
1751760,60.0
1751952,12.0
1752000,33.0
1752144,28.0
1752144,26.0
1752160,36.0
1752192,32.0
1752208,73.0
1752208,38.0
1752256,78.0
1752256,52.0
1752352,65.0
1752384,60.0
1752384,46.0
1752464,29.0
1752640,31.0
1752640,56.0
1752704,31.0
1752720,29.0
1752736,24.0
1752832,36.0
1752848,81.0
1752992,65.0
1752992,49.0
1753056,42.0
1753072,43.0
1753120,105.0
1753168,27.0
1753232,32.0
1753264,39.0
1753264,50.0
1753312,72.0
1753312,30.0
1753408,35.0
1753424,27.0
1753616,28.0
1753616,12.0
1753632,40.0
1753696,39.0
1753696,66.0
1753728,96.0
1753760,101.0
1753888,39.0
1753888,52.0
1754000,81.0
1754048,49.0
1754048,27.0
1754208,13.0
1754336,44.0
1754336,40.0
1754336,36.0
1754368,60.0
1754400,22.0
1754416,69.0
1754416,81.0
1754528,57.0
1754544,82.0
1754592,34.0
1754672,49.0
1754768,67.0
1754784,12.0
1754832,39.0
1754848,70.0
1754864,28.0
1754912,31.0
1754928,33.0
1754944,38.0
1755008,42.0
1755056,45.0
1755088,45.0
1755104,36.0
1755152,79.0
1755184,32.0
1755232,24.0
1755248,121.0
1755264,45.0
1755408,34.0
1755472,43.0
1755520,38.0
1755568,32.0
1755648,34.0
1755744,57.0
1755760,62.0
1755792,54.0
1755872,49.0
1756000,62.0
1756016,38.0
1756032,29.0
1756048,51.0
1756112,73.0
1756144,60.0
1756224,61.0
1756256,62.0
1756320,42.0
1756336,36.0
1756384,57.0
1756416,12.0
1756416,39.0
1756480,60.0
1756496,84.0
1756512,40.0
1756608,35.0
1756624,55.0
1756688,11.0
1756720,29.0
1756720,43.0
1756816,42.0
1756848,29.0
1756864,28.0
1756960,40.0
1756960,53.0
1757024,43.0
1757024,25.0
1757056,35.0
1757072,37.0
1757072,67.0
1757168,35.0
1757312,37.0
1757328,38.0
1757376,33.0
1757424,63.0
1757424,35.0
1757440,23.0
1757472,41.0
1757472,91.0
1757488,20.0
1757552,33.0
1757600,40.0
1757616,11.0
1757648,43.0
1757680,62.0
1757712,43.0
1757728,25.0
1757824,48.0
1757840,29.0
1757856,49.0
1758032,35.0
1758064,40.0
1758064,24.0
1758112,43.0
1758224,12.0
1758256,34.0
1758352,39.0
1758368,48.0
1758368,47.0
1758432,70.0
1758496,53.0
1758560,44.0
1758576,68.0
1758624,32.0
1758672,75.0
1758688,71.0
1758704,55.0
1758736,56.0
1758736,42.0
1758736,32.0
1758768,44.0
1758880,32.0
1758880,33.0
1759040,30.0
1759104,30.0
1759120,47.0
1759168,57.0
1759216,33.0
1759248,42.0
1759248,32.0
1759296,35.0
1759296,37.0
1759360,54.0
1759424,47.0
1759456,43.0
1759520,25.0
1759552,28.0
1759568,71.0
1759696,60.0
1759712,52.0
1759728,43.0
1759824,41.0
1759856,27.0
1759920,65.0
1759952,46.0
1760000,44.0
1760016,29.0
1760032,42.0
1760064,21.0
1760112,37.0
1760208,40.0
1760288,37.0
1760336,21.0
1760368,34.0
1760368,41.0
1760384,29.0
1760512,79.0
1760528,42.0
1760528,67.0
1760576,80.0
1760608,85.0
1760656,40.0
1760736,23.0
1760752,43.0
1760752,34.0
1760832,34.0
1760848,51.0
1760976,54.0
1760992,39.0
1761024,26.0
1761040,68.0
1761040,44.0
1761136,24.0
1761136,38.0
1761152,39.0
1761200,51.0
1761296,40.0
1761360,32.0
1761360,20.0
1761392,55.0
1761408,36.0
1761440,54.0
1761440,28.0
1761552,33.0
1761584,27.0
1761600,53.0
1761616,55.0
1761760,25.0
1761808,38.0
1761856,55.0
1761872,29.0
1761904,29.0
1761952,32.0
1762016,61.0
1762048,31.0
1762080,43.0
1762096,60.0
1762240,24.0
1762272,42.0
1762304,22.0
1762336,47.0
1762352,46.0
1762400,37.0
1762496,39.0
1762496,37.0
1762544,88.0
1762736,61.0
1762736,41.0
1762800,47.0
1762816,91.0
1762848,52.0
1762944,37.0
1762992,31.0
1763008,46.0
1763120,49.0
1763136,25.0
1763168,54.0
1763312,48.0
1763344,78.0
1763408,25.0
1763440,40.0
1763440,75.0
1763472,61.0
1763472,46.0
1763472,33.0
1763488,42.0
1763504,24.0
1763536,140.0
1763584,28.0
1763632,49.0
1763680,43.0
1763808,29.0
1763808,40.0
1763888,26.0
1763968,29.0
1764032,39.0
1764048,36.0
1764048,103.0
1764064,36.0
1764080,40.0
1764096,35.0
1764160,22.0
1764208,46.0
1764240,58.0
1764304,54.0
1764304,39.0
1764352,45.0
1764448,40.0
1764496,33.0
1764512,30.0
1764560,32.0
1764592,44.0
1764608,33.0
1764608,32.0
1764608,34.0
1764688,69.0
1764704,12.0
1764800,12.0
1764816,38.0
1764864,44.0
1764880,27.0
1764912,38.0
1764944,28.0
1764960,41.0
1764976,58.0
1765024,26.0
1765104,10.0
1765200,31.0
1765312,67.0
1765424,38.0
1765456,69.0
1765488,56.0
1765600,65.0
1765632,27.0
1765648,48.0
1765648,42.0
1765648,53.0
1765664,40.0
1765744,66.0
1765744,40.0
1765792,74.0
1765888,27.0
1765936,67.0
1765984,42.0
1766064,69.0
1766064,36.0
1766112,29.0
1766112,32.0
1766112,75.0
1766144,25.0
1766144,32.0
1766176,12.0
1766192,48.0
1766336,43.0
1766400,29.0
1766400,41.0
1766432,34.0
1766496,27.0
1766512,53.0
1766560,28.0
1766576,58.0
1766656,16.0
1766656,54.0
1766688,39.0
1766736,39.0
1766752,38.0
1766896,24.0
1766912,46.0
1766912,30.0
1767024,43.0
1767104,62.0
1767232,21.0
1767264,43.0
1767264,36.0
1767328,42.0
1767344,27.0
1767376,77.0
1767488,36.0
1767504,82.0
1767584,20.0
1767648,78.0
1767648,62.0
1767664,69.0
1767760,33.0
1767776,47.0
1767792,66.0
1767920,37.0
1767952,75.0
1767968,30.0
1768080,99.0
1768080,61.0
1768112,53.0
1768144,48.0
1768224,29.0
1768256,38.0
1768272,30.0
1768288,39.0
1768304,33.0
1768352,44.0
1768416,29.0
1768496,72.0
1768640,35.0
1768672,35.0
1768768,74.0
1768848,39.0
1768864,45.0
1768880,38.0
1768896,58.0
1768928,89.0
1768976,42.0
1769008,37.0
1769008,68.0
1769056,50.0
1769088,46.0
1769152,67.0
1769232,35.0
1769360,67.0
1769408,35.0
1769472,36.0
1769504,31.0
1769520,40.0
1769712,53.0
1769712,46.0
1769776,43.0
1769808,73.0
1769840,84.0
1769904,56.0
1769936,33.0
1769952,45.0
1769984,39.0
1769984,66.0
1770016,60.0
1770080,36.0
1770192,65.0
1770208,46.0
1770208,90.0
1770336,24.0
1770400,43.0
1770432,45.0
1770528,47.0
1770544,35.0
1770544,64.0
1770544,38.0
1770576,46.0
1770592,49.0
1770592,38.0
1770608,33.0
1770688,49.0
1770768,21.0
1770800,37.0
1770864,42.0
1770896,22.0
1770912,44.0
1771040,31.0
1771104,68.0
1771200,54.0
1771264,36.0
1771328,46.0
1771392,39.0
1771424,55.0
1771488,43.0
1771520,39.0
1771600,64.0
1771696,52.0
1771712,42.0
1771872,38.0
1771904,94.0
1771936,83.0
1772048,41.0
1772144,51.0
1772160,98.0
1772192,80.0
1772272,42.0
1772288,50.0
1772304,37.0
1772320,56.0
1772320,76.0
1772432,33.0
1772496,50.0
1772496,35.0
1772560,127.0
1772576,26.0
1772672,39.0
1772704,25.0
1772720,53.0
1772768,39.0
1772816,34.0
1772896,86.0
1772944,39.0
1772976,49.0
1773184,124.0
1773184,38.0
1773200,31.0
1773232,50.0
1773328,65.0
1773424,58.0
1773440,42.0
1773440,48.0
1773456,46.0
1773552,62.0
1773584,43.0
1773744,89.0
1773840,38.0
1773904,88.0
1773920,59.0
1773936,70.0
1773968,48.0
1774016,52.0
1774064,39.0
1774128,36.0
1774128,74.0
1774192,38.0
1774208,55.0
1774224,50.0
1774256,26.0
1774272,52.0
1774384,28.0
1774400,41.0
1774416,28.0
1774464,80.0
1774512,31.0
1774560,69.0
1774608,30.0
1774624,44.0
1774656,47.0
1774880,41.0
1774976,53.0
1774992,37.0
1775024,51.0
1775024,52.0
1775040,27.0
1775056,49.0
1775072,43.0
1775184,70.0
1775216,41.0
1775216,50.0
1775232,48.0
1775296,40.0
1775296,42.0
1775360,53.0
1775376,31.0
1775376,70.0
1775616,40.0
1775616,37.0
1775648,37.0
1775680,43.0
1775760,45.0
1775776,34.0
1775840,39.0
1775888,33.0
1775904,38.0
1775904,55.0
1775984,48.0
1775984,50.0
1776016,25.0
1776016,59.0
1776064,43.0
1776080,49.0
1776208,52.0
1776224,20.0
1776240,37.0
1776272,32.0
1776288,38.0
1776336,20.0
1776400,35.0
1776480,29.0
1776480,12.0
1776512,46.0
1776528,28.0
1776528,57.0
1776528,40.0
1776576,32.0
1776688,28.0
1776688,44.0
1776816,38.0
1776960,43.0
1776976,47.0
1777008,30.0
1777056,72.0
1777056,41.0
1777088,47.0
1777136,39.0
1777216,77.0
1777328,40.0
1777392,57.0
1777456,61.0
1777472,59.0
1777504,31.0
1777536,60.0
1777600,67.0
1777648,42.0
1777664,44.0
1777808,47.0
1777824,38.0
1777904,27.0
1777904,53.0
1777968,32.0
1778112,49.0
1778128,46.0
1778160,41.0
1778160,31.0
1778224,25.0
1778240,69.0
1778432,39.0
1778496,33.0
1778496,37.0
1778512,114.0
1778560,64.0
1778576,61.0
1778624,29.0
1778656,63.0
1778672,99.0
1778784,55.0
1778800,43.0
1778832,42.0
1778848,45.0
1778880,41.0
1778912,131.0
1778928,43.0
1778976,22.0
1779040,12.0
1779104,37.0
1779104,38.0
1779152,37.0
1779232,25.0
1779232,27.0
1779296,45.0
1779312,33.0
1779328,56.0
1779360,28.0
1779360,54.0
1779488,51.0
1779488,38.0
1779536,27.0
1779632,61.0
1779696,41.0
1779728,47.0
1779760,41.0
1779872,36.0
1779888,25.0
1779968,40.0
1780000,43.0
1780032,21.0
1780080,45.0
1780144,62.0
1780144,32.0
1780160,58.0
1780176,43.0
1780256,56.0
1780304,86.0
1780336,38.0
1780352,51.0
1780416,41.0
1780560,26.0
1780576,38.0
1780592,44.0
1780640,48.0
1780672,42.0
1780672,20.0
1780720,24.0
1780768,96.0
1780816,41.0
1780848,42.0
1780912,48.0
1780912,38.0
1780960,25.0
1780976,59.0
1781024,59.0
1781056,50.0
1781104,12.0
1781200,49.0
1781280,38.0
1781296,45.0
1781360,48.0
1781376,44.0
1781440,39.0
1781536,43.0
1781584,38.0
1781600,43.0
1781616,56.0
1781616,41.0
1781664,40.0
1781712,67.0
1781728,60.0
1781760,44.0
1781776,36.0
1781936,35.0
1781968,22.0
1781984,34.0
1782000,56.0
1782000,44.0
1782160,55.0
1782160,35.0
1782176,51.0
1782192,26.0
1782240,41.0
1782304,48.0
1782320,44.0
1782384,13.0
1782512,47.0
1782528,54.0
1782640,44.0
1782688,43.0
1782704,34.0
1782736,36.0
1782832,69.0
1782864,34.0
1782896,32.0
1782912,42.0
1782992,80.0
1783120,38.0
1783152,26.0
1783184,55.0
1783216,76.0
1783232,79.0
1783248,45.0
1783280,40.0
1783344,72.0
1783408,36.0
1783440,91.0
1783440,36.0
1783520,39.0
1783552,35.0
1783616,44.0
1783680,27.0
1783680,62.0
1783760,36.0
1783824,44.0
1783840,71.0
1783904,29.0
1783904,39.0
1783952,38.0
1784016,36.0
1784032,30.0
1784032,50.0
1784096,36.0
1784256,65.0
1784272,70.0
1784304,30.0
1784304,39.0
1784336,41.0
1784448,22.0
1784464,35.0
1784480,28.0
1784544,40.0
1784544,49.0
1784560,59.0
1784656,44.0
1784688,26.0
1784736,27.0
1784768,47.0
1784832,33.0
1784944,38.0
1785008,34.0
1785024,30.0
1785040,63.0
1785072,33.0
1785088,22.0
1785168,43.0
1785200,85.0
1785232,114.0
1785296,53.0
1785344,41.0
1785360,69.0
1785376,34.0
1785488,58.0
1785600,52.0
1785648,40.0
1785680,37.0
1785728,67.0
1785728,41.0
1785760,35.0
1785936,44.0
1785984,39.0
1786000,52.0
1786048,35.0
1786160,49.0
1786192,56.0
1786208,30.0
1786272,34.0
1786288,43.0
1786352,23.0
1786368,83.0
1786416,23.0
1786560,55.0
1786576,77.0
1786592,103.0
1786656,102.0
1786672,24.0
1786816,29.0
1786816,38.0
1786864,76.0
1786880,45.0
1786896,71.0
1786912,61.0
1786912,40.0
1786976,61.0
1786992,36.0
1787392,36.0
1787440,67.0
1787440,48.0
1787456,56.0
1787472,35.0
1787488,52.0
1787520,34.0
1787552,41.0
1787552,60.0
1787568,43.0
1787568,36.0
1787648,49.0
1787680,54.0
1787856,104.0
1787872,60.0
1787904,83.0
1787952,31.0
1787952,25.0
1788000,28.0
1788016,33.0
1788032,37.0
1788064,24.0
1788096,41.0
1788272,50.0
1788272,55.0
1788432,23.0
1788448,37.0
1788464,29.0
1788512,38.0
1788512,26.0
1788528,60.0
1788560,38.0
1788576,44.0
1788624,66.0
1788656,39.0
1788672,13.0
1788720,75.0
1788784,48.0
1789056,69.0
1789072,50.0
1789072,35.0
1789104,28.0
1789120,37.0
1789152,45.0
1789216,98.0
1789216,34.0
1789248,43.0
1789264,51.0
1789280,48.0
1789456,42.0
1789456,55.0
1789552,27.0
1789568,81.0
1789584,60.0
1789600,55.0
1789696,39.0
1789696,40.0
1789792,43.0
1789792,34.0
1789792,40.0
1789808,46.0
1789824,38.0
1789840,36.0
1789904,39.0
1789920,44.0
1790112,26.0
1790144,37.0
1790160,44.0
1790208,26.0
1790224,48.0
1790304,31.0
1790368,49.0
1790400,38.0
1790432,54.0
1790448,41.0
1790464,48.0
1790656,51.0
1790672,67.0
1790720,36.0
1790784,36.0
1790800,56.0
1790848,64.0
1790912,38.0
1790912,29.0
1790944,52.0
1790976,47.0
1790976,32.0
1791168,63.0
1791184,25.0
1791184,49.0
1791184,29.0
1791200,34.0
1791216,15.0
1791264,84.0
1791360,28.0
1791360,58.0
1791408,46.0
1791440,37.0
1791456,17.0
1791536,39.0
1791536,35.0
1791600,26.0
1791760,36.0
1791824,91.0
1791824,29.0
1791888,30.0
1791888,59.0
1791984,48.0
1792016,47.0
1792016,76.0
1792048,28.0
1792080,45.0
1792096,56.0
1792144,38.0
1792160,45.0
1792208,42.0
1792240,49.0
1792400,40.0
1792416,33.0
1792464,36.0
1792592,89.0
1792592,36.0
1792656,35.0
1792672,53.0
1792672,43.0
1792784,39.0
1792784,60.0
1792816,22.0
1792832,15.0
1792912,56.0
1792928,45.0
1793040,39.0
1793088,43.0
1793168,64.0
1793248,41.0
1793296,76.0
1793360,34.0
1793360,70.0
1793392,38.0
1793440,48.0
1793488,52.0
1793488,20.0
1793504,37.0
1793552,94.0
1793552,48.0
1793648,38.0
1793728,23.0
1793728,50.0
1793824,72.0
1793824,24.0
1793856,64.0
1793856,29.0
1793856,13.0
1793904,25.0
1794000,28.0
1794016,41.0
1794048,35.0
1794160,38.0
1794240,24.0
1794304,66.0
1794320,37.0
1794336,78.0
1794384,35.0
1794416,37.0
1794416,43.0
1794544,43.0
1794544,66.0
1794608,82.0
1794672,39.0
1794704,50.0
1794768,48.0
1794816,32.0
1794848,43.0
1794896,65.0
1794928,38.0
1794928,34.0
1795024,38.0
1795056,24.0
1795184,73.0
1795184,59.0
1795184,21.0
1795216,42.0
1795296,43.0
1795392,66.0
1795408,40.0
1795424,38.0
1795504,36.0
1795600,36.0
1795616,57.0
1795648,77.0
1795680,39.0
1795712,26.0
1795776,77.0
1795840,39.0
1795856,60.0
1796048,54.0
1796064,24.0
1796080,23.0
1796080,19.0
1796160,46.0
1796224,52.0
1796272,12.0
1796304,56.0
1796304,28.0
1796336,88.0
1796368,48.0
1796432,37.0
1796512,28.0
1796512,63.0
1796528,57.0
1796608,28.0
1796672,37.0
1796720,42.0
1796832,74.0
1796848,104.0
1796912,40.0
1796912,38.0
1796976,42.0
1796992,48.0
1797008,40.0
1797024,11.0
1797056,117.0
1797088,23.0
1797104,48.0
1797120,32.0
1797200,33.0
1797424,32.0
1797472,59.0
1797568,28.0
1797600,73.0
1797664,40.0
1797680,36.0
1797696,49.0
1797696,54.0
1797792,20.0
1797904,56.0
1797968,62.0
1798016,51.0
1798016,37.0
1798064,67.0
1798096,99.0
1798160,67.0
1798192,39.0
1798384,12.0
1798464,23.0
1798464,122.0
1798480,43.0
1798512,91.0
1798544,33.0
1798592,43.0
1798640,65.0
1798656,37.0
1798720,66.0
1798784,51.0
1798928,29.0
1799008,53.0
1799040,41.0
1799104,40.0
1799104,88.0
1799152,71.0
1799184,40.0
1799200,94.0
1799248,29.0
1799264,39.0
1799280,48.0
1799296,40.0
1799376,106.0
1799504,14.0
1799504,64.0
1799504,31.0
1799664,67.0
1799680,36.0
1799696,37.0
1799744,28.0
1799776,37.0
1799792,34.0
1799808,34.0
1799856,30.0
1799888,60.0
1799888,73.0
1800000,13.0
1800048,24.0
1800096,37.0
1800128,68.0
1800144,29.0
1800192,43.0
1800208,63.0
1800256,69.0
1800336,28.0
1800352,36.0
1800432,39.0
1800448,25.0
1800448,37.0
1800528,64.0
1800576,36.0
1800592,25.0
1800640,32.0
1800640,31.0
1800656,35.0
1800672,49.0
1800752,25.0
1800976,33.0
1800976,33.0
1801040,81.0
1801200,94.0
1801200,48.0
1801216,36.0
1801216,63.0
1801248,36.0
1801248,37.0
1801296,34.0
1801296,60.0
1801344,68.0
1801424,53.0
1801520,55.0
1801760,29.0
1801776,36.0
1801776,36.0
1801856,83.0
1801936,45.0
1801952,41.0
1801952,61.0
1801952,46.0
1802032,90.0
1802080,41.0
1802128,55.0
1802128,68.0
1802160,40.0
1802160,24.0
1802160,51.0
1802384,38.0
1802400,72.0
1802624,34.0
1802672,106.0
1802688,52.0
1802704,47.0
1802736,36.0
1802768,46.0
1802800,42.0
1802848,57.0
1802944,62.0
1802976,51.0
1803008,39.0
1803008,66.0
1803040,40.0
1803072,23.0
1803088,26.0
1803136,28.0
1803232,29.0
1803232,38.0
1803248,25.0
1803280,95.0
1803296,31.0
1803312,72.0
1803360,22.0
1803376,78.0
1803616,55.0
1803760,45.0
1803824,32.0
1803840,44.0
1803904,52.0
1803904,39.0
1803936,53.0
1803968,45.0
1803984,61.0
1804000,48.0
1804064,70.0
1804128,52.0
1804224,78.0
1804224,25.0
1804272,41.0
1804304,67.0
1804352,37.0
1804352,61.0
1804384,64.0
1804400,31.0
1804400,35.0
1804672,38.0
1804720,21.0
1804768,50.0
1804768,48.0
1804784,53.0
1804864,60.0
1804880,30.0
1804944,37.0
1805008,44.0
1805008,55.0
1805072,42.0
1805072,68.0
1805152,24.0
1805152,55.0
1805168,59.0
1805264,24.0
1805264,30.0
1805344,62.0
1805376,41.0
1805424,41.0
1805440,36.0
1805488,34.0
1805552,25.0
1805584,27.0
1805648,40.0
1805744,95.0
1805744,42.0
1805744,46.0
1805824,72.0
1805888,39.0
1806112,23.0
1806128,54.0
1806144,31.0
1806160,38.0
1806160,26.0
1806224,49.0
1806304,35.0
1806336,28.0
1806352,80.0
1806352,33.0
1806448,54.0
1806480,22.0
1806480,82.0
1806560,25.0
1806672,28.0
1806704,76.0
1806752,38.0
1806752,25.0
1806864,44.0
1806912,36.0
1806960,30.0
1807024,105.0
1807056,44.0
1807104,25.0
1807120,51.0
1807152,44.0
1807248,117.0
1807312,40.0
1807328,53.0
1807360,78.0
1807472,23.0
1807472,28.0
1807504,59.0
1807520,38.0
1807536,132.0
1807536,49.0
1807680,23.0
1807744,37.0
1807808,43.0
1807904,65.0
1807984,77.0
1808096,39.0
1808112,49.0
1808128,55.0
1808144,49.0
1808160,75.0
1808240,45.0
1808240,44.0
1808272,37.0
1808288,49.0
1808304,35.0
1808352,55.0
1808432,33.0
1808512,33.0
1808544,25.0
1808560,28.0
1808560,27.0
1808560,64.0
1808736,28.0
1808736,58.0
1808736,36.0
1808784,27.0
1808816,24.0
1808880,40.0
1808928,117.0
1808960,28.0
1809024,49.0
1809056,20.0
1809104,34.0
1809152,37.0
1809168,54.0
1809296,35.0
1809312,76.0
1809344,50.0
1809344,29.0
1809488,42.0
1809504,45.0
1809616,37.0
1809696,60.0
1809840,33.0
1809856,99.0
1810000,56.0
1810048,12.0
1810064,57.0
1810080,36.0
1810080,57.0
1810080,24.0
1810144,53.0
1810224,104.0
1810304,60.0
1810384,56.0
1810464,25.0
1810464,39.0
1810544,99.0
1810576,77.0
1810608,29.0
1810656,65.0
1810896,51.0
1810912,52.0
1810928,53.0
1810960,127.0
1810992,33.0
1810992,121.0
1811024,40.0
1811136,35.0
1811168,59.0
1811200,56.0
1811248,49.0
1811376,86.0
1811392,53.0
1811504,32.0
1811536,34.0
1811600,59.0
1811680,34.0
1811744,53.0
1811760,72.0
1811856,59.0
1811872,39.0
1811952,64.0
1812016,123.0
1812032,33.0
1812048,53.0
1812064,56.0
1812144,70.0
1812144,74.0
1812176,49.0
1812176,40.0
1812240,24.0
1812256,32.0
1812288,38.0
1812352,47.0
1812352,25.0
1812432,23.0
1812432,42.0
1812544,73.0
1812656,49.0
1812736,37.0
1812736,45.0
1812816,36.0
1812832,50.0
1812832,43.0
1812880,44.0
1812960,38.0
1812960,44.0
1812992,35.0
1813008,41.0
1813072,33.0
1813072,40.0
1813120,59.0
1813120,24.0
1813152,54.0
1813232,22.0
1813264,38.0
1813392,20.0
1813392,35.0
1813424,43.0
1813440,30.0
1813440,20.0
1813552,35.0
1813584,47.0
1813696,103.0
1813728,38.0
1813808,53.0
1813824,42.0
1813856,37.0
1813936,58.0
1813968,34.0
1813984,27.0
1813984,73.0
1814048,41.0
1814080,63.0
1814144,44.0
1814192,38.0
1814384,35.0
1814400,26.0
1814448,40.0
1814480,34.0
1814496,33.0
1814528,42.0
1814608,86.0
1814640,37.0
1814720,20.0
1814736,65.0
1814736,37.0
1814816,46.0
1814912,58.0
1814912,95.0
1814928,25.0
1814960,77.0
1815072,43.0
1815088,40.0
1815136,40.0
1815136,31.0
1815200,63.0
1815328,118.0
1815408,50.0
1815520,37.0
1815536,45.0
1815552,30.0
1815568,53.0
1815648,73.0
1815664,29.0
1815664,58.0
1815680,48.0
1815680,48.0
1815792,52.0
1815792,44.0
1815952,76.0
1815968,28.0
1816000,42.0
1816048,57.0
1816096,34.0
1816160,64.0
1816272,38.0
1816304,48.0
1816320,42.0
1816320,33.0
1816432,48.0
1816432,47.0
1816464,42.0
1816480,57.0
1816496,51.0
1816608,28.0
1816640,42.0
1816656,24.0
1816704,38.0
1816720,45.0
1816752,50.0
1816816,88.0
1816912,38.0
1816960,33.0
1816992,35.0
1817056,37.0
1817104,38.0
1817120,40.0
1817152,52.0
1817200,55.0
1817216,73.0
1817248,37.0
1817328,38.0
1817328,45.0
1817360,34.0
1817472,45.0
1817536,52.0
1817632,42.0
1817648,28.0
1817680,22.0
1817680,29.0
1817696,36.0
1817696,66.0
1817792,40.0
1817856,54.0
1817888,61.0
1817952,39.0
1818000,56.0
1818080,28.0
1818128,67.0
1818240,48.0
1818288,40.0
1818384,43.0
1818384,31.0
1818400,45.0
1818432,36.0
1818480,25.0
1818496,51.0
1818512,35.0
1818624,86.0
1818640,53.0
1818752,66.0
1818768,77.0
1818896,24.0
1818912,57.0
1818928,98.0
1818960,29.0
1818976,46.0
1818992,44.0
1818992,35.0
1819008,38.0
1819024,40.0
1819056,42.0
1819088,60.0
1819120,14.0
1819264,49.0
1819328,21.0
1819360,25.0
1819440,43.0
1819504,54.0
1819568,50.0
1819600,42.0
1819648,40.0
1819664,42.0
1819680,48.0
1819696,38.0
1819728,44.0
1819744,39.0
1819760,49.0
1819888,79.0
1820016,60.0
1820064,50.0
1820128,43.0
1820144,36.0
1820160,25.0
1820176,30.0
1820240,35.0
1820272,24.0
1820336,61.0
1820400,24.0
1820480,46.0
1820480,61.0
1820480,52.0
1820544,55.0
1820576,25.0
1820592,79.0
1820608,63.0
1820688,39.0
1820736,29.0
1820784,66.0
1820800,41.0
1820992,25.0
1821120,40.0
1821136,35.0
1821168,39.0
1821184,64.0
1821248,35.0
1821264,71.0
1821328,68.0
1821360,60.0
1821456,45.0
1821472,43.0
1821488,31.0
1821504,64.0
1821520,45.0
1821584,69.0
1821632,81.0
1821728,37.0
1821792,34.0
1821904,27.0
1822016,56.0
1822064,56.0
1822096,46.0
1822128,40.0
1822128,39.0
1822144,39.0
1822144,55.0
1822160,23.0
1822176,37.0
1822304,53.0
1822336,108.0
1822384,47.0
1822384,75.0
1822512,49.0
1822528,32.0
1822544,40.0
1822576,27.0
1822592,29.0
1822640,82.0
1822672,36.0
1822816,47.0
1822848,45.0
1822896,32.0
1822912,47.0
1822992,41.0
1823024,30.0
1823088,26.0
1823120,33.0
1823120,30.0
1823200,64.0
1823232,53.0
1823280,61.0
1823280,44.0
1823296,72.0
1823504,24.0
1823520,39.0
1823568,41.0
1823664,36.0
1823664,29.0
1823776,41.0
1823776,79.0
1823808,80.0
1823904,39.0
1823952,28.0
1823968,46.0
1824032,76.0
1824048,64.0
1824080,26.0
1824096,50.0
1824128,53.0
1824240,78.0
1824304,46.0
1824304,33.0
1824336,51.0
1824416,40.0
1824432,33.0
1824512,53.0
1824512,44.0
1824544,106.0
1824576,30.0
1824592,40.0
1824624,37.0
1824656,38.0
1824720,30.0
1824752,28.0
1824880,47.0
1824896,58.0
1824944,27.0
1824960,23.0
1825008,42.0
1825024,37.0
1825088,21.0
1825104,35.0
1825168,28.0
1825184,48.0
1825264,38.0
1825280,25.0
1825280,61.0
1825312,43.0
1825392,31.0
1825424,25.0
1825456,59.0
1825520,32.0
1825600,40.0
1825632,43.0
1825664,36.0
1825664,35.0
1825680,23.0
1825696,70.0
1825760,37.0
1825824,109.0
1825872,37.0
1825872,37.0
1825904,32.0
1825984,29.0
1825984,50.0
1826144,45.0
1826224,35.0
1826304,40.0
1826384,58.0
1826384,47.0
1826400,31.0
1826512,40.0
1826512,33.0
1826528,52.0
1826544,35.0
1826608,53.0
1826672,33.0
1826752,55.0
1826784,60.0
1826800,75.0
1826960,35.0
1826976,37.0
1826992,43.0
1827024,31.0
1827040,33.0
1827152,92.0
1827216,42.0
1827232,30.0
1827232,39.0
1827392,37.0
1827440,29.0
1827472,50.0
1827472,68.0
1827536,36.0
1827568,49.0
1827568,144.0
1827744,77.0
1827760,12.0
1827840,101.0
1827856,39.0
1827904,29.0
1827904,42.0
1828032,55.0
1828112,40.0
1828160,37.0
1828176,49.0
1828224,43.0
1828256,65.0
1828256,49.0
1828272,33.0
1828288,33.0
1828464,35.0
1828480,40.0
1828480,93.0
1828512,92.0
1828576,42.0
1828672,25.0
1828704,105.0
1828816,44.0
1828944,43.0
1829008,53.0
1829040,35.0
1829072,51.0
1829152,43.0
1829168,41.0
1829184,56.0
1829296,79.0
1829312,91.0
1829312,68.0
1829376,75.0
1829424,47.0
1829552,38.0
1829552,23.0
1829552,53.0
1829552,61.0
1829584,27.0
1829600,70.0
1829664,37.0
1829664,53.0
1829664,39.0
1829680,24.0
1829680,42.0
1829792,23.0
1829904,37.0
1829920,38.0
1830032,30.0
1830128,60.0
1830176,39.0
1830176,50.0
1830192,33.0
1830208,39.0
1830240,43.0
1830240,43.0
1830320,40.0
1830368,48.0
1830400,46.0
1830544,55.0
1830592,57.0
1830640,27.0
1830704,42.0
1830880,47.0
1830960,45.0
1830992,28.0
1831008,69.0
1831024,69.0
1831040,53.0
1831040,54.0
1831168,48.0
1831200,35.0
1831216,61.0
1831216,89.0
1831248,34.0
1831312,45.0
1831552,74.0
1831552,86.0
1831584,37.0
1831600,36.0
1831600,45.0
1831632,29.0
1831648,83.0
1831728,48.0
1831872,39.0
1831968,41.0
1832016,61.0
1832016,27.0
1832032,51.0
1832048,65.0
1832144,34.0
1832160,27.0
1832208,41.0
1832224,42.0
1832240,65.0
1832288,67.0
1832464,31.0
1832544,33.0
1832560,32.0
1832560,20.0
1832800,58.0
1832816,33.0
1832832,74.0
1832848,44.0
1832896,42.0
1832928,118.0
1832944,84.0
1832976,84.0
1833040,36.0
1833152,71.0
1833184,40.0
1833280,45.0
1833360,32.0
1833376,30.0
1833408,38.0
1833440,39.0
1833520,34.0
1833552,39.0
1833696,93.0
1833728,73.0
1833856,57.0
1833904,54.0
1833920,110.0
1833920,68.0
1833936,119.0
1833952,37.0
1833968,35.0
1834080,56.0
1834112,42.0
1834176,56.0
1834192,40.0
1834304,25.0
1834336,23.0
1834352,39.0
1834512,37.0
1834544,38.0
1834560,88.0
1834576,39.0
1834576,66.0
1834592,42.0
1834720,64.0
1834752,35.0
1834768,37.0
1834784,42.0
1834816,60.0
1834864,20.0
1835040,44.0
1835120,33.0
1835120,34.0
1835136,52.0
1835152,111.0
1835168,51.0
1835280,35.0
1835312,77.0
1835312,31.0
1835328,48.0
1835344,36.0
1835360,53.0
1835376,39.0
1835408,52.0
1835472,43.0
1835600,46.0
1835616,29.0
1835872,33.0
1835904,49.0
1835904,37.0
1835936,21.0
1835936,41.0
1836000,40.0
1836000,54.0
1836016,38.0
1836016,56.0
1836048,63.0
1836128,60.0
1836128,50.0
1836160,43.0
1836256,40.0
1836336,25.0
1836416,25.0
1836416,65.0
1836496,74.0
1836512,32.0
1836528,37.0
1836544,40.0
1836560,32.0
1836640,46.0
1836656,49.0
1836768,40.0
1836800,49.0
1836816,25.0
1836880,21.0
1837008,47.0
1837040,55.0
1837104,36.0
1837136,50.0
1837152,41.0
1837184,74.0
1837376,46.0
1837424,41.0
1837520,69.0
1837568,47.0
1837600,50.0
1837648,71.0
1837696,37.0
1837696,41.0
1837712,99.0
1837856,44.0
1837872,82.0
1837888,55.0
1837936,32.0
1837968,68.0
1838000,22.0
1838080,44.0
1838144,93.0
1838192,66.0
1838224,65.0
1838240,42.0
1838320,39.0
1838352,30.0
1838368,42.0
1838432,29.0
1838448,35.0
1838448,58.0
1838560,60.0
1838656,59.0
1838704,35.0
1838752,42.0
1838800,50.0
1838848,57.0
1838864,63.0
1838896,41.0
1838976,34.0
1838976,41.0
1839152,44.0
1839168,32.0
1839168,59.0
1839184,46.0
1839200,22.0
1839232,65.0
1839280,58.0
1839376,25.0
1839376,32.0
1839392,40.0
1839424,39.0
1839440,67.0
1839568,54.0
1839584,22.0
1839664,43.0
1839664,30.0
1839728,52.0
1839824,41.0
1839824,79.0
1839840,40.0
1839888,45.0
1839888,31.0
1839952,42.0
1839984,38.0
1840032,37.0
1840112,33.0
1840176,32.0
1840176,22.0
1840192,23.0
1840240,36.0
1840256,52.0
1840272,44.0
1840560,52.0
1840560,88.0
1840608,41.0
1840656,30.0
1840672,52.0
1840752,54.0
1840768,41.0
1840768,55.0
1840896,54.0
1840928,97.0
1840960,43.0
1840976,49.0
1841024,53.0
1841088,69.0
1841200,59.0
1841312,47.0
1841344,36.0
1841392,26.0
1841392,72.0
1841408,41.0
1841408,50.0
1841456,50.0
1841504,59.0
1841552,39.0
1841616,59.0
1841632,46.0
1841664,44.0
1841776,63.0
1841776,47.0
1841856,28.0
1841888,21.0
1841920,52.0
1842064,42.0
1842176,48.0
1842192,50.0
1842208,63.0
1842224,35.0
1842240,58.0
1842368,46.0
1842400,39.0
1842416,40.0
1842432,61.0
1842432,51.0
1842608,79.0
1842640,29.0
1842672,73.0
1842672,49.0
1842720,50.0
1842768,44.0
1842784,58.0
1842848,27.0
1842848,40.0
1842896,44.0
1842928,33.0
1843040,38.0
1843232,24.0
1843280,38.0
1843296,43.0
1843312,59.0
1843328,68.0
1843488,66.0
1843488,48.0
1843488,40.0
1843584,57.0
1843584,41.0
1843696,66.0
1843808,57.0
1843824,100.0
1843872,52.0
1843872,36.0
1843920,37.0
1843920,40.0
1844112,55.0
1844160,42.0
1844240,41.0
1844256,42.0
1844256,92.0
1844320,28.0
1844432,32.0
1844496,36.0
1844512,40.0
1844512,51.0
1844576,47.0
1844624,29.0
1844688,23.0
1844688,55.0
1844688,75.0
1844800,82.0
1844832,36.0
1844832,25.0
1844880,48.0
1844944,44.0
1845008,47.0
1845136,148.0
1845200,43.0
1845232,22.0
1845264,122.0
1845344,53.0
1845344,41.0
1845344,25.0
1845360,42.0
1845376,43.0
1845408,36.0
1845408,56.0
1845456,52.0
1845488,57.0
1845680,55.0
1845760,33.0
1845760,35.0
1845776,27.0
1845840,31.0
1845872,38.0
1845904,31.0
1845968,52.0
1845984,72.0
1845984,61.0
1846000,40.0
1846000,39.0
1846032,36.0
1846048,44.0
1846080,42.0
1846160,42.0
1846304,34.0
1846448,43.0
1846512,42.0
1846592,32.0
1846672,62.0
1846720,47.0
1846720,45.0
1846784,47.0
1846816,48.0
1846816,57.0
1846832,24.0
1846848,34.0
1846864,55.0
1846912,58.0
1846944,73.0
1847296,36.0
1847328,73.0
1847392,36.0
1847408,29.0
1847424,38.0
1847472,55.0
1847488,51.0
1847504,94.0
1847536,39.0
1847584,54.0
1847616,52.0
1847632,70.0
1847632,50.0
1847680,51.0
1847696,114.0
1847712,54.0
1847840,23.0
1847904,38.0
1847904,25.0
1848016,30.0
1848064,27.0
1848288,56.0
1848336,47.0
1848416,46.0
1848432,45.0
1848480,54.0
1848528,69.0
1848544,66.0
1848576,59.0
1848608,57.0
1848640,50.0
1848656,40.0
1848656,11.0
1848768,54.0
1848800,87.0
1848832,48.0
1848864,96.0
1848864,33.0
1848880,37.0
1848880,61.0
1849056,39.0
1849072,41.0
1849152,38.0
1849232,27.0
1849264,43.0
1849280,32.0
1849472,40.0
1849504,28.0
1849504,53.0
1849600,46.0
1849632,62.0
1849648,26.0
1849664,71.0
1849712,35.0
1849712,66.0
1849792,57.0
1849872,63.0
1850064,29.0
1850080,51.0
1850112,52.0
1850128,39.0
1850128,26.0
1850160,41.0
1850240,38.0
1850256,86.0
1850272,39.0
1850368,41.0
1850400,46.0
1850416,34.0
1850432,85.0
1850448,115.0
1850480,63.0
1850512,24.0
1850608,51.0
1850688,36.0
1850688,33.0
1850704,40.0
1850704,29.0
1850704,27.0
1850816,43.0
1850848,30.0
1850896,28.0
1850896,51.0
1850976,35.0
1851120,26.0
1851152,34.0
1851152,28.0
1851296,51.0
1851312,39.0
1851328,51.0
1851360,60.0
1851408,44.0
1851424,33.0
1851472,39.0
1851488,32.0
1851488,23.0
1851520,79.0
1851696,34.0
1851728,65.0
1851776,60.0
1851792,29.0
1851824,58.0
1851872,90.0
1851936,39.0
1852016,41.0
1852016,38.0
1852048,35.0
1852192,56.0
1852192,29.0
1852224,67.0
1852480,38.0
1852496,45.0
1852528,52.0
1852544,64.0
1852544,70.0
1852544,67.0
1852560,67.0
1852624,27.0
1852736,57.0
1852784,35.0
1852816,20.0
1852880,52.0
1852880,54.0
1852928,46.0
1852944,58.0
1852992,75.0
1853056,70.0
1853088,38.0
1853200,40.0
1853216,42.0
1853280,25.0
1853312,49.0
1853328,49.0
1853344,38.0
1853392,48.0
1853408,22.0
1853424,13.0
1853440,56.0
1853504,39.0
1853568,36.0
1853680,37.0
1853728,50.0
1853776,36.0
1853824,55.0
1853888,28.0
1853904,70.0
1853920,69.0
1853936,41.0
1854000,43.0
1854032,33.0
1854048,44.0
1854112,43.0
1854224,25.0
1854256,36.0
1854272,59.0
1854272,22.0
1854304,46.0
1854320,37.0
1854368,37.0
1854448,26.0
1854464,36.0
1854544,34.0
1854624,22.0
1854672,22.0
1854704,50.0
1854720,38.0
1854720,29.0
1854736,43.0
1854816,37.0
1854960,98.0
1854992,39.0
1855008,46.0
1855040,102.0
1855072,25.0
1855072,39.0
1855296,62.0
1855344,24.0
1855360,46.0
1855440,46.0
1855568,69.0
1855584,32.0
1855712,61.0
1855712,26.0
1855776,49.0
1855888,55.0
1855920,75.0
1855968,127.0
1855984,57.0
1856048,94.0
1856048,29.0
1856144,83.0
1856144,49.0
1856208,73.0
1856224,41.0
1856240,50.0
1856320,27.0
1856352,40.0
1856368,24.0
1856448,42.0
1856480,48.0
1856480,71.0
1856528,24.0
1856544,31.0
1856592,34.0
1856624,41.0
1856704,35.0
1856752,52.0
1856800,28.0
1856816,37.0
1856848,40.0
1856848,38.0
1856960,37.0
1856976,141.0
1856992,28.0
1856992,34.0
1857072,17.0
1857136,41.0
1857232,47.0
1857296,61.0
1857360,41.0
1857392,25.0
1857392,36.0
1857424,56.0
1857456,44.0
1857520,42.0
1857552,58.0
1857632,40.0
1857680,68.0
1857712,40.0
1857712,54.0
1857744,24.0
1857792,21.0
1857840,38.0
1857936,60.0
1857952,35.0
1857984,53.0
1858032,67.0
1858064,42.0
1858080,41.0
1858080,35.0
1858192,28.0
1858224,32.0
1858320,30.0
1858336,41.0
1858368,51.0
1858432,25.0
1858448,14.0
1858448,23.0
1858608,61.0
1858624,34.0
1858736,42.0
1858752,60.0
1858880,59.0
1858896,28.0
1858976,23.0
1859008,81.0
1859024,41.0
1859040,53.0
1859104,41.0
1859152,52.0
1859168,26.0
1859184,53.0
1859232,78.0
1859232,50.0
1859312,85.0
1859376,40.0
1859488,54.0
1859584,143.0
1859632,38.0
1859664,43.0
1859728,35.0
1859792,40.0
1859824,51.0
1859824,59.0
1859904,50.0
1859920,64.0
1859936,39.0
1860032,50.0
1860096,54.0
1860096,57.0
1860160,21.0
1860192,72.0
1860192,51.0
1860208,34.0
1860416,39.0
1860432,59.0
1860432,33.0
1860464,27.0
1860512,55.0
1860528,50.0
1860672,29.0
1860672,46.0
1860736,34.0
1860752,58.0
1860784,39.0
1860832,78.0
1860848,26.0
1860848,47.0
1860896,24.0
1860912,62.0
1861024,37.0
1861152,30.0
1861184,45.0
1861360,43.0
1861360,33.0
1861360,39.0
1861376,33.0
1861456,79.0
1861568,65.0
1861632,96.0
1861648,50.0
1861664,48.0
1861664,78.0
1861712,35.0
1861744,45.0
1861760,61.0
1861760,25.0
1861872,70.0
1861952,37.0
1861968,25.0
1861968,66.0
1862048,42.0
1862112,41.0
1862272,68.0
1862336,44.0
1862368,44.0
1862384,39.0
1862384,27.0
1862400,33.0
1862416,28.0
1862432,67.0
1862448,30.0
1862496,53.0
1862512,48.0
1862608,53.0
1862608,59.0
1862672,60.0
1862704,27.0
1862704,41.0
1862800,22.0
1862800,43.0
1862848,28.0
1862912,34.0
1863024,40.0
1863040,38.0
1863056,40.0
1863056,24.0
1863088,24.0
1863088,37.0
1863184,42.0
1863296,28.0
1863296,60.0
1863424,51.0
1863488,27.0
1863504,28.0
1863568,48.0
1863616,57.0
1863616,44.0
1863632,37.0
1863632,64.0
1863776,43.0
1863776,30.0
1863840,65.0
1863888,24.0
1863920,56.0
1863936,97.0
1864000,36.0
1864032,46.0
1864048,60.0
1864144,23.0
1864176,38.0
1864240,39.0
1864368,55.0
1864368,74.0
1864384,38.0
1864400,35.0
1864432,34.0
1864512,36.0
1864528,57.0
1864544,57.0
1864592,35.0
1864688,66.0
1864768,53.0
1864768,24.0
1864832,43.0
1864896,56.0
1864960,45.0
1865088,36.0
1865120,45.0
1865136,60.0
1865168,50.0
1865248,75.0
1865264,56.0
1865280,47.0
1865296,54.0
1865328,40.0
1865344,36.0
1865392,53.0
1865488,37.0
1865504,26.0
1865520,58.0
1865536,25.0
1865584,39.0
1865664,56.0
1865680,26.0
1865712,34.0
1865776,33.0
1865888,37.0
1865904,35.0
1865920,50.0
1865968,71.0
1866000,26.0
1866032,47.0
1866112,39.0
1866176,40.0
1866192,43.0
1866208,51.0
1866272,38.0
1866320,50.0
1866336,63.0
1866416,44.0
1866512,39.0
1866560,55.0
1866576,34.0
1866576,23.0
1866608,38.0
1866624,53.0
1866688,36.0
1866816,40.0
1866864,60.0
1866960,34.0
1867024,44.0
1867136,73.0
1867168,37.0
1867184,42.0
1867264,40.0
1867280,68.0
1867312,61.0
1867344,67.0
1867344,24.0
1867360,90.0
1867408,52.0
1867472,54.0
1867472,41.0
1867568,63.0
1867584,35.0
1867648,49.0
1867696,32.0
1867792,33.0
1867824,34.0
1867936,50.0
1867984,81.0
1868032,43.0
1868048,36.0
1868112,44.0
1868128,34.0
1868144,61.0
1868176,54.0
1868192,53.0
1868304,41.0
1868320,60.0
1868368,56.0
1868448,21.0
1868608,39.0
1868656,38.0
1868720,33.0
1868736,59.0
1868768,39.0
1868784,76.0
1868832,56.0
1868896,67.0
1868912,19.0
1868912,55.0
1868992,51.0
1869024,36.0
1869040,84.0
1869104,61.0
1869104,46.0
1869152,27.0
1869152,24.0
1869168,53.0
1869200,56.0
1869472,35.0
1869488,47.0
1869504,38.0
1869568,57.0
1869600,51.0
1869712,32.0
1869760,45.0
1869760,53.0
1869808,44.0
1869824,52.0
1869904,55.0
1869936,49.0
1869968,51.0
1869968,71.0
1869968,29.0
1870000,56.0
1870112,59.0
1870128,23.0
1870192,45.0
1870240,47.0
1870240,33.0
1870384,36.0
1870432,38.0
1870448,32.0
1870464,56.0
1870480,32.0
1870480,55.0
1870480,22.0
1870528,48.0
1870656,43.0
1870688,45.0
1870704,29.0
1870752,32.0
1870768,48.0
1870784,37.0
1870880,48.0
1870896,62.0
1870944,29.0
1871008,33.0
1871040,24.0
1871040,41.0
1871040,37.0
1871200,28.0
1871312,53.0
1871312,49.0
1871408,58.0
1871456,47.0
1871472,44.0
1871504,51.0
1871648,76.0
1871808,64.0
1871824,51.0
1871824,49.0
1871856,57.0
1871888,62.0
1871904,64.0
1871920,55.0
1872032,45.0
1872128,41.0
1872160,21.0
1872208,73.0
1872256,28.0
1872304,56.0
1872320,54.0
1872384,74.0
1872384,67.0
1872416,24.0
1872480,37.0
1872528,42.0
1872544,21.0
1872624,45.0
1872640,30.0
1872656,25.0
1872656,72.0
1872656,52.0
1872768,53.0
1872800,42.0
1872864,24.0
1872864,30.0
1872992,36.0
1873040,26.0
1873088,34.0
1873104,91.0
1873168,54.0
1873168,40.0
1873344,64.0
1873376,45.0
1873440,25.0
1873488,39.0
1873568,44.0
1873584,58.0
1873584,58.0
1873584,59.0
1873616,51.0
1873680,57.0
1873728,35.0
1873824,52.0
1873856,47.0
1873888,45.0
1873888,94.0
1873936,23.0
1873968,39.0
1873984,56.0
1873984,31.0
1874000,35.0
1874048,29.0
1874224,34.0
1874240,54.0
1874240,26.0
1874320,46.0
1874336,45.0
1874464,33.0
1874560,42.0
1874624,25.0
1874656,58.0
1874688,69.0
1874800,57.0
1874832,61.0
1874848,54.0
1874896,41.0
1874960,40.0
1874960,31.0
1875024,43.0
1875104,66.0
1875168,74.0
1875184,59.0
1875280,27.0
1875344,45.0
1875392,46.0
1875472,40.0
1875472,23.0
1875520,60.0
1875536,96.0
1875552,41.0
1875552,37.0
1875552,54.0
1875568,48.0
1875648,29.0
1875712,47.0
1875728,35.0
1875872,25.0
1875920,23.0
1875920,40.0
1875968,39.0
1875968,26.0
1875984,60.0
1875984,26.0
1876000,127.0
1876080,43.0
1876144,27.0
1876144,38.0
1876144,26.0
1876176,44.0
1876224,42.0
1876336,22.0
1876352,44.0
1876368,28.0
1876464,29.0
1876480,32.0
1876480,60.0
1876528,38.0
1876528,41.0
1876672,37.0
1876688,45.0
1876720,23.0
1876784,35.0
1876816,42.0
1876832,43.0
1876832,53.0
1876960,37.0
1877072,58.0
1877072,46.0
1877120,37.0
1877136,41.0
1877232,48.0
1877248,33.0
1877328,72.0
1877376,26.0
1877504,64.0
1877520,43.0
1877552,64.0
1877552,55.0
1877616,30.0
1877632,59.0
1877696,28.0
1877744,42.0
1877792,42.0
1877808,62.0
1877904,52.0
1877952,45.0
1877968,40.0
1877984,27.0
1878016,32.0
1878144,25.0
1878144,48.0
1878176,87.0
1878240,39.0
1878256,89.0
1878272,23.0
1878288,41.0
1878384,36.0
1878480,58.0
1878544,47.0
1878608,23.0
1878624,58.0
1878704,46.0
1878784,48.0
1878880,39.0
1878880,85.0
1878944,20.0
1878976,44.0
1879040,41.0
1879072,68.0
1879120,61.0
1879152,54.0
1879280,50.0
1879280,71.0
1879312,44.0
1879328,28.0
1879392,53.0
1879408,91.0
1879472,33.0
1879552,53.0
1879552,48.0
1879552,32.0
1879600,39.0
1879616,21.0
1879792,101.0
1879808,41.0
1879840,35.0
1879856,33.0
1879904,64.0
1879936,54.0
1879984,54.0
1880032,39.0
1880096,44.0
1880112,40.0
1880176,54.0
1880192,40.0
1880256,26.0
1880288,43.0
1880320,44.0
1880320,48.0
1880384,52.0
1880416,27.0
1880464,22.0
1880496,37.0
1880512,20.0
1880544,38.0
1880640,53.0
1880704,24.0
1880720,34.0
1880720,54.0
1880720,57.0
1880752,31.0
1880832,28.0
1880896,50.0
1880896,38.0
1880896,24.0
1880960,40.0
1881072,22.0
1881152,41.0
1881168,71.0
1881264,50.0
1881344,40.0
1881360,40.0
1881472,47.0
1881472,45.0
1881504,54.0
1881520,39.0
1881568,46.0
1881600,40.0
1881616,45.0
1881840,89.0
1881856,60.0
1881904,46.0
1881904,34.0
1881952,27.0
1881984,45.0
1882000,31.0
1882032,60.0
1882032,55.0
1882048,36.0
1882048,36.0
1882144,50.0
1882176,35.0
1882176,38.0
1882336,30.0
1882416,27.0
1882416,51.0
1882480,27.0
1882576,42.0
1882608,44.0
1882608,36.0
1882688,34.0
1882720,45.0
1882768,45.0
1882816,54.0
1882832,62.0
1882864,52.0
1882896,45.0
1882992,153.0
1883024,26.0
1883072,29.0
1883136,50.0
1883200,64.0
1883232,51.0
1883312,52.0
1883328,35.0
1883328,29.0
1883392,42.0
1883440,26.0
1883440,47.0
1883520,69.0
1883632,12.0
1883664,21.0
1883712,51.0
1883744,58.0
1883760,33.0
1883856,54.0
1883888,43.0
1883888,82.0
1883936,26.0
1883952,39.0
1884112,14.0
1884112,25.0
1884160,53.0
1884160,68.0
1884224,52.0
1884224,68.0
1884368,38.0
1884368,96.0
1884400,48.0
1884448,32.0
1884464,64.0
1884464,50.0
1884512,39.0
1884672,35.0
1884736,55.0
1884768,64.0
1884768,38.0
1884800,36.0
1884880,58.0
1884976,38.0
1885008,34.0
1885136,39.0
1885136,57.0
1885200,46.0
1885248,71.0
1885296,39.0
1885344,36.0
1885424,39.0
1885424,64.0
1885456,68.0
1885536,41.0
1885568,52.0
1885744,81.0
1885760,47.0
1885824,66.0
1885888,43.0
1885968,39.0
1886016,116.0
1886016,55.0
1886064,51.0
1886080,41.0
1886128,52.0
1886144,63.0
1886224,43.0
1886256,80.0
1886288,52.0
1886320,36.0
1886336,28.0
1886432,38.0
1886592,73.0
1886608,34.0
1886672,21.0
1886688,45.0
1886720,72.0
1886736,45.0
1886768,34.0
1886800,30.0
1886800,65.0
1886816,42.0
1886816,50.0
1886880,39.0
1886928,53.0
1886992,54.0
1887024,46.0
1887072,24.0
1887136,29.0
1887280,29.0
1887440,39.0
1887456,29.0
1887504,36.0
1887536,59.0
1887536,51.0
1887600,45.0
1887600,52.0
1887600,54.0
1887664,37.0
1887696,56.0
1887760,72.0
1887776,47.0
1887776,84.0
1887808,63.0
1887936,50.0
1888032,47.0
1888096,35.0
1888176,26.0
1888224,39.0
1888240,29.0
1888288,32.0
1888304,53.0
1888336,33.0
1888352,47.0
1888384,45.0
1888448,47.0
1888496,66.0
1888592,62.0
1888688,74.0
1888688,47.0
1888704,23.0
1888768,33.0
1888864,52.0
1888912,43.0
1888912,35.0
1888928,52.0
1888976,90.0
1889024,53.0
1889168,30.0
1889248,60.0
1889280,37.0
1889312,51.0
1889328,59.0
1889328,35.0
1889328,55.0
1889392,50.0
1889408,34.0
1889536,77.0
1889632,45.0
1889680,47.0
1889696,62.0
1889760,53.0
1889776,24.0
1889824,53.0
1889904,41.0
1889920,37.0
1889952,39.0
1890000,42.0
1890160,47.0
1890208,36.0
1890208,42.0
1890240,67.0
1890368,66.0
1890368,23.0
1890400,70.0
1890416,46.0
1890432,88.0
1890480,35.0
1890496,37.0
1890544,37.0
1890560,22.0
1890560,25.0
1890672,57.0
1890672,27.0
1890720,56.0
1890768,22.0
1890832,39.0
1890848,30.0
1890928,33.0
1890928,35.0
1890992,35.0
1891024,34.0
1891120,89.0
1891120,35.0
1891152,38.0
1891232,35.0
1891248,36.0
1891296,46.0
1891328,52.0
1891344,39.0
1891408,40.0
1891472,39.0
1891504,108.0
1891568,28.0
1891632,25.0
1891664,20.0
1891728,46.0
1891776,28.0
1891792,42.0
1891824,62.0
1891872,59.0
1891952,64.0
1891968,59.0
1891984,36.0
1892016,34.0
1892064,57.0
1892144,40.0
1892224,41.0
1892240,29.0
1892256,33.0
1892272,38.0
1892288,41.0
1892368,67.0
1892400,38.0
1892432,74.0
1892560,46.0
1892624,40.0
1892624,42.0
1892704,27.0
1892768,50.0
1892816,47.0
1892832,60.0
1892880,28.0
1892960,37.0
1892976,46.0
1893008,62.0
1893088,29.0
1893088,43.0
1893216,41.0
1893296,63.0
1893376,31.0
1893408,49.0
1893408,37.0
1893488,45.0
1893520,86.0
1893552,83.0
1893568,35.0
1893584,55.0
1893648,42.0
1893712,39.0
1893808,53.0
1893952,54.0
1893968,35.0
1894000,30.0
1894032,46.0
1894080,114.0
1894128,34.0
1894128,30.0
1894144,37.0
1894192,51.0
1894272,54.0
1894352,34.0
1894384,24.0
1894464,61.0
1894544,83.0
1894592,39.0
1894656,59.0
1894704,117.0
1894704,71.0
1894720,40.0
1894736,44.0
1894848,44.0
1894896,44.0
1894960,31.0
1895040,43.0
1895040,24.0
1895056,49.0
1895152,75.0
1895200,67.0
1895216,68.0
1895216,31.0
1895296,28.0
1895328,46.0
1895424,43.0
1895440,66.0
1895616,67.0
1895680,61.0
1895712,32.0
1895744,44.0
1895792,36.0
1895808,53.0
1895824,48.0
1895872,45.0
1895952,39.0
1895952,66.0
1895968,79.0
1896176,46.0
1896208,57.0
1896256,36.0
1896256,28.0
1896336,32.0
1896368,31.0
1896400,61.0
1896528,36.0
1896640,24.0
1896656,44.0
1896688,56.0
1896704,33.0
1896736,62.0
1896752,71.0
1896800,68.0
1896832,101.0
1896912,34.0
1896928,25.0
1896992,49.0
1897120,130.0
1897136,21.0
1897216,51.0
1897232,79.0
1897248,38.0
1897312,36.0
1897328,67.0
1897424,42.0
1897472,40.0
1897504,73.0
1897536,39.0
1897648,62.0
1897808,70.0
1897824,43.0
1897856,58.0
1897872,34.0
1897920,58.0
1897968,41.0
1897984,48.0
1897984,54.0
1898016,37.0
1898032,33.0
1898064,26.0
1898192,21.0
1898208,61.0
1898320,53.0
1898368,52.0
1898432,38.0
1898592,25.0
1898624,37.0
1898688,51.0
1898800,97.0
1898800,62.0
1898816,56.0
1898816,52.0
1898848,55.0
1898928,139.0
1898944,58.0
1898976,38.0
1898976,48.0
1898992,63.0
1899104,65.0
1899152,52.0
1899168,22.0
1899280,29.0
1899360,27.0
1899360,48.0
1899424,39.0
1899440,29.0
1899456,38.0
1899504,21.0
1899520,34.0
1899584,56.0
1899600,61.0
1899632,52.0
1899680,25.0
1899728,23.0
1899760,51.0
1899968,51.0
1900048,34.0
1900048,37.0
1900064,60.0
1900080,35.0
1900096,41.0
1900128,71.0
1900240,40.0
1900256,56.0
1900256,114.0
1900480,66.0
1900544,60.0
1900560,31.0
1900592,60.0
1900624,56.0
1900752,41.0
1900784,51.0
1900816,71.0
1900816,48.0
1900896,40.0
1900896,41.0
1900912,41.0
1900944,51.0
1900992,32.0
1901264,23.0
1901328,98.0
1901328,36.0
1901344,47.0
1901344,50.0
1901376,35.0
1901408,53.0
1901424,86.0
1901424,50.0
1901520,39.0
1901536,45.0
1901616,96.0
1901712,48.0
1901744,26.0
1901776,62.0
1901808,29.0
1901808,29.0
1901840,58.0
1901856,27.0
1901872,38.0
1902016,43.0
1902048,66.0
1902080,23.0
1902240,45.0
1902272,56.0
1902352,38.0
1902384,53.0
1902416,38.0
1902416,50.0
1902480,27.0
1902496,30.0
1902512,41.0
1902592,47.0
1902720,40.0
1902768,84.0
1902800,24.0
1902832,22.0
1902912,71.0
1902976,24.0
1902976,39.0
1902992,74.0
1903024,72.0
1903040,50.0
1903072,36.0
1903088,51.0
1903120,107.0
1903248,52.0
1903264,27.0
1903280,56.0
1903440,58.0
1903456,41.0
1903552,33.0
1903632,35.0
1903648,46.0
1903648,42.0
1903648,35.0
1903664,56.0
1903696,41.0
1903712,62.0
1903760,40.0
1903760,49.0
1903904,39.0
1903968,61.0
1904064,38.0
1904160,56.0
1904176,26.0
1904192,47.0
1904192,35.0
1904192,33.0
1904224,61.0
1904256,44.0
1904272,36.0
1904304,41.0
1904352,44.0
1904496,46.0
1904512,38.0
1904528,35.0
1904576,54.0
1904640,62.0
1904720,26.0
1904768,44.0
1904784,38.0
1904784,37.0
1904832,36.0
1904880,41.0
1904896,24.0
1904944,47.0
1904944,37.0
1904976,49.0
1904992,52.0
1905008,23.0
1905040,48.0
1905120,37.0
1905168,42.0
1905424,33.0
1905472,33.0
1905488,57.0
1905504,39.0
1905520,47.0
1905616,52.0
1905616,49.0
1905616,36.0
1905632,39.0
1905712,58.0
1905776,50.0
1905776,38.0
1905952,29.0
1905984,79.0
1906000,33.0
1906016,56.0
1906048,34.0
1906064,67.0
1906144,23.0
1906208,27.0
1906304,55.0
1906336,87.0
1906336,44.0
1906352,52.0
1906368,47.0
1906432,51.0
1906432,51.0
1906480,27.0
1906640,41.0
1906688,43.0
1906704,25.0
1906736,24.0
1906768,27.0
1906784,67.0
1906800,29.0
1906816,42.0
1906848,56.0
1906880,42.0
1907008,36.0
1907024,63.0
1907104,65.0
1907216,36.0
1907264,49.0
1907328,35.0
1907360,35.0
1907376,40.0
1907376,35.0
1907440,63.0
1907472,49.0
1907504,30.0
1907520,32.0
1907552,74.0
1907568,54.0
1907664,51.0
1907712,38.0
1907760,61.0
1907776,25.0
1907856,37.0
1907872,41.0
1907968,37.0
1908016,28.0
1908016,71.0
1908080,38.0
1908096,36.0
1908096,48.0
1908160,50.0
1908176,25.0
1908176,46.0
1908256,37.0
1908304,27.0
1908448,37.0
1908544,62.0
1908576,38.0
1908624,54.0
1908720,29.0
1908752,41.0
1908784,48.0
1908816,69.0
1908848,48.0
1908928,30.0
1908992,26.0
1909024,25.0
1909072,56.0
1909152,27.0
1909248,31.0
1909408,35.0
1909424,83.0
1909424,120.0
1909440,41.0
1909456,33.0
1909488,92.0
1909488,83.0
1909536,77.0
1909664,93.0
1909664,40.0
1909680,33.0
1909680,54.0
1909808,79.0
1909936,54.0
1910032,65.0
1910048,38.0
1910192,41.0
1910208,50.0
1910272,37.0
1910272,29.0
1910304,53.0
1910400,23.0
1910400,46.0
1910416,58.0
1910448,64.0
1910448,75.0
1910592,69.0
1910672,23.0
1910688,47.0
1910736,33.0
1910800,70.0
1910896,53.0
1910912,29.0
1911024,47.0
1911024,52.0
1911056,23.0
1911088,31.0
1911120,91.0
1911152,108.0
1911200,25.0
1911248,50.0
1911408,63.0
1911456,35.0
1911488,76.0
1911504,69.0
1911536,39.0
1911584,35.0
1911600,58.0
1911600,54.0
1911808,35.0
1911840,43.0
1911872,42.0
1911888,50.0
1911888,54.0
1911936,33.0
1911952,28.0
1912000,29.0
1912032,101.0
1912064,38.0
1912096,61.0
1912160,69.0
1912272,49.0
1912288,22.0
1912448,31.0
1912464,54.0
1912496,38.0
1912496,57.0
1912640,65.0
1912656,51.0
1912672,49.0
1912688,43.0
1912688,51.0
1912704,56.0
1912784,32.0
1912800,48.0
1912800,21.0
1912896,52.0
1913056,48.0
1913088,58.0
1913168,29.0
1913232,34.0
1913248,29.0
1913280,39.0
1913280,74.0
1913280,52.0
1913344,41.0
1913392,37.0
1913392,45.0
1913424,49.0
1913424,21.0
1913456,60.0
1913472,26.0
1913616,45.0
1913696,33.0
1913712,76.0
1913712,57.0
1913776,27.0
1913872,37.0
1913888,41.0
1913920,29.0
1914000,47.0
1914080,50.0
1914112,52.0
1914112,45.0
1914112,45.0
1914112,43.0
1914144,28.0
1914288,51.0
1914336,39.0
1914352,58.0
1914384,48.0
1914400,30.0
1914480,30.0
1914560,49.0
1914560,28.0
1914624,32.0
1914656,49.0
1914656,48.0
1914688,61.0
1914752,38.0
1914832,34.0
1914848,48.0
1914864,47.0
1914928,51.0
1914960,39.0
1915008,24.0
1915008,28.0
1915056,44.0
1915072,42.0
1915168,30.0
1915232,53.0
1915264,44.0
1915328,36.0
1915376,45.0
1915392,33.0
1915424,48.0
1915504,34.0
1915600,42.0
1915680,26.0
1915680,42.0
1915696,43.0
1915744,56.0
1915760,80.0
1915824,37.0
1915872,51.0
1915888,66.0
1915920,53.0
1916032,54.0
1916096,25.0
1916112,45.0
1916224,34.0
1916224,39.0
1916240,57.0
1916240,31.0
1916256,21.0
1916320,51.0
1916416,46.0
1916576,72.0
1916576,75.0
1916688,54.0
1916688,27.0
1916720,52.0
1916752,41.0
1916784,47.0
1916800,36.0
1916816,31.0
1916832,38.0
1916848,38.0
1916912,50.0
1917104,54.0
1917120,78.0
1917168,26.0
1917216,91.0
1917344,41.0
1917376,41.0
1917456,55.0
1917472,23.0
1917472,39.0
1917520,44.0
1917552,71.0
1917568,62.0
1917584,50.0
1917600,48.0
1917600,24.0
1917648,60.0
1917696,20.0
1917728,38.0
1917760,60.0
1917792,55.0
1917952,25.0
1918080,30.0
1918128,38.0
1918176,38.0
1918256,49.0
1918304,34.0
1918320,54.0
1918320,53.0
1918352,25.0
1918384,76.0
1918400,66.0
1918544,56.0
1918544,59.0
1918544,53.0
1918608,51.0
1918640,29.0
1918800,45.0
1918928,38.0
1918928,75.0
1918928,24.0
1918944,43.0
1919072,45.0
1919136,37.0
1919152,48.0
1919216,38.0
1919248,28.0
1919264,60.0
1919280,22.0
1919360,51.0
1919392,79.0
1919504,69.0
1919504,35.0
1919552,77.0
1919616,127.0
1919680,38.0
1919680,27.0
1919728,23.0
1919776,53.0
1919824,74.0
1919952,25.0
1919952,51.0
1919984,44.0
1920000,31.0
1920096,73.0
1920144,47.0
1920272,41.0
1920288,67.0
1920304,39.0
1920320,66.0
1920448,45.0
1920448,28.0
1920464,30.0
1920464,43.0
1920560,55.0
1920576,67.0
1920688,34.0
1920736,99.0
1920752,50.0
1920880,38.0
1920992,34.0
1921008,34.0
1921120,41.0
1921120,73.0
1921136,51.0
1921216,48.0
1921216,87.0
1921232,31.0
1921328,36.0
1921360,67.0
1921424,53.0
1921472,22.0
1921472,57.0
1921520,24.0
1921696,43.0
1921744,90.0
1921840,23.0
1921856,61.0
1921856,40.0
1921920,44.0
1921936,26.0
1921936,78.0
1922032,50.0
1922032,57.0
1922048,45.0
1922048,66.0
1922064,37.0
1922304,38.0
1922320,25.0
1922352,58.0
1922400,29.0
1922416,66.0
1922448,24.0
1922496,150.0
1922496,29.0
1922512,41.0
1922544,44.0
1922576,52.0
1922592,46.0
1922752,44.0
1922784,23.0
1922960,35.0
1922960,26.0
1922992,59.0
1923104,38.0
1923120,33.0
1923200,79.0
1923248,76.0
1923248,56.0
1923296,49.0
1923408,57.0
1923424,42.0
1923440,28.0
1923440,70.0
1923504,58.0
1923520,46.0
1923568,38.0
1923568,79.0
1923648,25.0
1923664,44.0
1923920,26.0
1923936,33.0
1923968,54.0
1924000,47.0
1924016,98.0
1924016,56.0
1924096,33.0
1924128,38.0
1924208,48.0
1924256,66.0
1924432,48.0
1924432,49.0
1924512,59.0
1924512,31.0
1924544,70.0
1924608,42.0
1924688,78.0
1924688,37.0
1924704,49.0
1924704,28.0
1924832,54.0
1924832,44.0
1924944,103.0
1925104,69.0
1925120,57.0
1925168,72.0
1925280,48.0
1925296,54.0
1925328,39.0
1925344,32.0
1925376,43.0
1925408,54.0
1925520,25.0
1925536,69.0
1925568,46.0
1925568,55.0
1925584,40.0
1925600,62.0
1925760,66.0
1925856,28.0
1925872,85.0
1925872,31.0
1926000,42.0
1926016,30.0
1926144,61.0
1926208,40.0
1926272,44.0
1926368,48.0
1926384,50.0
1926448,58.0
1926448,72.0
1926464,37.0
1926592,24.0
1926608,79.0
1926608,46.0
1926640,31.0
1926640,49.0
1926656,97.0
1926704,43.0
1926768,63.0
1926784,94.0
1926816,27.0
1926848,25.0
1926848,25.0
1926960,43.0
1927056,26.0
1927056,66.0
1927152,34.0
1927232,48.0
1927248,38.0
1927328,34.0
1927392,34.0
1927408,51.0
1927408,65.0
1927440,46.0
1927472,39.0
1927536,30.0
1927664,63.0
1927712,29.0
1927776,51.0
1927808,25.0
1927824,42.0
1927904,68.0
1927920,82.0
1928016,49.0
1928016,60.0
1928112,45.0
1928144,46.0
1928192,45.0
1928192,54.0
1928256,27.0
1928256,51.0
1928272,35.0
1928560,112.0
1928576,65.0
1928608,29.0
1928688,48.0
1928704,58.0
1928784,32.0
1928816,50.0
1928848,37.0
1928880,76.0
1928944,47.0
1929024,21.0
1929056,54.0
1929072,66.0
1929104,81.0
1929152,56.0
1929280,29.0
1929312,88.0
1929344,40.0
1929392,51.0
1929392,28.0
1929424,34.0
1929504,45.0
1929552,44.0
1929552,90.0
1929616,66.0
1929632,64.0
1929696,39.0
1929744,45.0
1929760,41.0
1929792,46.0
1929856,22.0
1929872,37.0
1930016,29.0
1930048,46.0
1930080,29.0
1930096,22.0
1930144,47.0
1930224,42.0
1930272,58.0
1930288,41.0
1930336,74.0
1930336,57.0
1930432,65.0
1930496,46.0
1930624,47.0
1930656,60.0
1930752,29.0
1930768,47.0
1930768,21.0
1930848,47.0
1930848,39.0
1930880,50.0
1930880,34.0
1930912,66.0
1930928,55.0
1930944,50.0
1930944,28.0
1931008,46.0
1931152,51.0
1931280,32.0
1931280,33.0
1931344,31.0
1931360,98.0
1931360,46.0
1931392,32.0
1931536,24.0
1931552,44.0
1931616,44.0
1931648,40.0
1931664,45.0
1931744,24.0
1931760,69.0
1931760,52.0
1931856,61.0
1931936,62.0
1932000,77.0
1932096,51.0
1932112,52.0
1932112,29.0
1932112,45.0
1932144,38.0
1932176,51.0
1932224,55.0
1932368,38.0
1932384,39.0
1932400,41.0
1932448,56.0
1932480,23.0
1932496,52.0
1932512,36.0
1932592,23.0
1932720,54.0
1932736,39.0
1932752,23.0
1932784,40.0
1932832,52.0
1932880,48.0
1932944,48.0
1932976,85.0
1933072,44.0
1933104,39.0
1933200,30.0
1933232,52.0
1933232,71.0
1933296,44.0
1933376,27.0
1933392,40.0
1933408,27.0
1933408,60.0
1933488,41.0
1933584,24.0
1933616,69.0
1933696,75.0
1933728,27.0
1933792,43.0
1933808,25.0
1933824,65.0
1933840,38.0
1933856,49.0
1933920,74.0
1933984,69.0
1933984,38.0
1934048,40.0
1934128,25.0
1934128,46.0
1934176,37.0
1934176,59.0
1934352,23.0
1934368,24.0
1934400,36.0
1934416,36.0
1934464,21.0
1934496,55.0
1934496,44.0
1934592,69.0
1934640,49.0
1934640,59.0
1934720,57.0
1934736,35.0
1934736,23.0
1934816,56.0
1934816,26.0
1934880,24.0
1934960,49.0
1934960,57.0
1935056,58.0
1935072,21.0
1935136,40.0
1935216,25.0
1935248,56.0
1935280,40.0
1935296,55.0
1935376,57.0
1935456,54.0
1935472,47.0
1935472,37.0
1935488,26.0
1935488,42.0
1935520,35.0
1935584,53.0
1935744,38.0
1935776,33.0
1935808,47.0
1935808,33.0
1935936,45.0
1935952,27.0
1935968,42.0
1936112,39.0
1936112,33.0
1936176,25.0
1936272,50.0
1936304,22.0
1936304,104.0
1936304,52.0
1936336,53.0
1936384,40.0
1936432,39.0
1936432,31.0
1936480,23.0
1936496,33.0
1936608,77.0
1936656,24.0
1936704,37.0
1936704,109.0
1936752,59.0
1936784,30.0
1937008,39.0
1937040,54.0
1937072,48.0
1937088,49.0
1937088,38.0
1937104,42.0
1937120,26.0
1937136,40.0
1937216,35.0
1937248,29.0
1937248,51.0
1937296,60.0
1937456,23.0
1937504,128.0
1937504,25.0
1937648,38.0
1937664,36.0
1937696,28.0
1937824,43.0
1937888,71.0
1937888,74.0
1937888,42.0
1938000,62.0
1938016,32.0
1938144,64.0
1938192,70.0
1938272,28.0
1938336,68.0
1938368,67.0
1938384,43.0
1938416,113.0
1938448,49.0
1938448,35.0
1938576,35.0
1938640,40.0
1938672,73.0
1938784,71.0
1938848,30.0
1938880,89.0
1938912,64.0
1938912,36.0
1938944,47.0
1939008,54.0
1939008,39.0
1939120,53.0
1939264,24.0
1939296,55.0
1939312,54.0
1939344,21.0
1939376,33.0
1939376,44.0
1939440,54.0
1939488,53.0
1939504,35.0
1939520,67.0
1939568,105.0
1939600,37.0
1939648,46.0
1939664,25.0
1939760,24.0
1939824,24.0
1939872,60.0
1939984,75.0
1940000,27.0
1940144,52.0
1940176,55.0
1940192,37.0
1940240,46.0
1940304,40.0
1940304,74.0
1940368,38.0
1940416,34.0
1940432,38.0
1940480,31.0
1940512,64.0
1940560,76.0
1940576,58.0
1940656,71.0
1940688,24.0
1940704,35.0
1940736,34.0
1940736,46.0
1940800,89.0
1940816,32.0
1940832,41.0
1941056,40.0
1941072,24.0
1941072,52.0
1941200,43.0
1941264,56.0
1941264,49.0
1941312,55.0
1941344,32.0
1941360,34.0
1941376,51.0
1941456,12.0
1941488,52.0
1941488,57.0
1941504,27.0
1941600,54.0
1941600,56.0
1941648,37.0
1941696,60.0
1941712,22.0
1941888,24.0
1941968,44.0
1942048,61.0
1942080,48.0
1942080,37.0
1942096,56.0
1942144,34.0
1942144,41.0
1942160,51.0
1942160,49.0
1942240,37.0
1942272,92.0
1942384,42.0
1942400,59.0
1942512,39.0
1942544,59.0
1942544,25.0
1942576,38.0
1942656,36.0
1942688,37.0
1942784,39.0
1942816,48.0
1942848,72.0
1942912,23.0
1942960,55.0
1943056,49.0
1943120,36.0
1943120,46.0
1943152,63.0
1943216,61.0
1943232,41.0
1943232,67.0
1943376,54.0
1943392,34.0
1943424,46.0
1943504,53.0
1943520,70.0
1943520,23.0
1943664,47.0
1943680,39.0
1943712,30.0
1943744,39.0
1943776,60.0
1943808,26.0
1943936,26.0
1943936,44.0
1943968,37.0
1943968,53.0
1944112,38.0
1944144,74.0
1944224,50.0
1944320,40.0
1944336,39.0
1944432,103.0
1944448,42.0
1944448,32.0
1944512,48.0
1944528,35.0
1944528,37.0
1944560,37.0
1944624,51.0
1944624,25.0
1944688,92.0
1944720,66.0
1944896,47.0
1944976,29.0
1944992,42.0
1944992,35.0
1945024,31.0
1945088,40.0
1945152,39.0
1945168,66.0
1945184,53.0
1945312,26.0
1945312,43.0
1945344,56.0
1945440,120.0
1945536,61.0
1945552,36.0
1945600,26.0
1945648,30.0
1945664,59.0
1945664,36.0
1945712,64.0
1945712,68.0
1945712,45.0
1945872,53.0
1945888,36.0
1945920,58.0
1945968,41.0
1946064,39.0
1946064,45.0
1946096,27.0
1946256,41.0
1946288,36.0
1946304,72.0
1946320,49.0
1946528,51.0
1946544,62.0
1946592,58.0
1946592,39.0
1946640,48.0
1946736,53.0
1946752,43.0
1946784,71.0
1946848,58.0
1946960,44.0
1946960,23.0
1947008,26.0
1947040,45.0
1947152,39.0
1947168,69.0
1947264,73.0
1947312,36.0
1947312,42.0
1947344,66.0
1947344,37.0
1947424,29.0
1947440,25.0
1947488,33.0
1947504,75.0
1947568,64.0
1947696,124.0
1947728,59.0
1947760,47.0
1947808,60.0
1947936,48.0
1947968,33.0
1948000,27.0
1948016,37.0
1948048,34.0
1948064,50.0
1948176,52.0
1948224,67.0
1948224,46.0
1948352,39.0
1948368,38.0
1948400,68.0
1948496,72.0
1948576,32.0
1948608,40.0
1948720,31.0
1948720,23.0
1948784,46.0
1948784,61.0
1948816,70.0
1948944,45.0
1948960,35.0
1948976,50.0
1949104,73.0
1949120,69.0
1949168,73.0
1949232,41.0
1949248,121.0
1949392,27.0
1949488,48.0
1949504,35.0
1949504,43.0
1949552,48.0
1949552,24.0
1949696,61.0
1949712,58.0
1949712,76.0
1949760,87.0
1949824,53.0
1949936,51.0
1949952,45.0
1949968,26.0
1949984,46.0
1950080,24.0
1950080,92.0
1950096,34.0
1950144,24.0
1950144,27.0
1950192,44.0
1950272,48.0
1950288,49.0
1950320,38.0
1950320,76.0
1950448,66.0
1950608,29.0
1950640,43.0
1950672,24.0
1950704,38.0
1950720,40.0
1950736,47.0
1950768,36.0
1950768,28.0
1950832,63.0
1950880,38.0
1950960,55.0
1950976,52.0
1951152,52.0
1951168,75.0
1951248,50.0
1951424,41.0
1951440,46.0
1951440,50.0
1951456,39.0
1951520,99.0
1951536,35.0
1951600,55.0
1951616,29.0
1951632,54.0
1951664,58.0
1951680,63.0
1951808,58.0
1951824,54.0
1951952,21.0
1952000,47.0
1952128,33.0
1952144,44.0
1952176,63.0
1952192,35.0
1952192,99.0
1952256,36.0
1952368,57.0
1952416,61.0
1952528,24.0
1952576,66.0
1952640,76.0
1952640,51.0
1952640,40.0
1952656,29.0
1952688,72.0
1952704,36.0
1952784,70.0
1952832,29.0
1952896,45.0
1952912,13.0
1952976,25.0
1952976,28.0
1952992,50.0
1953008,47.0
1953040,39.0
1953168,33.0
1953248,38.0
1953264,82.0
1953280,40.0
1953328,34.0
1953408,36.0
1953424,32.0
1953456,103.0
1953456,35.0
1953488,28.0
1953584,58.0
1953648,41.0
1953648,30.0
1953680,62.0
1953712,46.0
1953920,57.0
1953936,38.0
1953984,46.0
1953984,45.0
1954000,45.0
1954032,66.0
1954096,42.0
1954144,29.0
1954160,47.0
1954176,45.0
1954192,30.0
1954240,49.0
1954272,43.0
1954320,25.0
1954368,24.0
1954384,25.0
1954416,58.0
1954480,52.0
1954624,39.0
1954624,37.0
1954672,22.0
1954752,51.0
1954912,31.0
1954912,40.0
1954992,51.0
1955008,85.0
1955024,25.0
1955040,41.0
1955056,24.0
1955088,56.0
1955120,55.0
1955184,44.0
1955216,19.0
1955248,39.0
1955360,76.0
1955376,63.0
1955376,80.0
1955392,21.0
1955456,81.0
1955488,30.0
1955552,32.0
1955552,33.0
1955632,28.0
1955632,40.0
1955728,51.0
1955760,63.0
1955888,32.0
1955920,34.0
1955968,53.0
1956000,23.0
1956016,48.0
1956032,51.0
1956048,26.0
1956096,34.0
1956096,46.0
1956128,42.0
1956144,47.0
1956256,44.0
1956304,36.0
1956304,51.0
1956480,45.0
1956496,23.0
1956512,26.0
1956512,89.0
1956528,38.0
1956544,33.0
1956576,36.0
1956592,35.0
1956704,46.0
1956928,52.0
1956944,40.0
1956992,29.0
1957056,35.0
1957072,48.0
1957072,30.0
1957088,36.0
1957088,59.0
1957136,55.0
1957168,41.0
1957232,74.0
1957264,86.0
1957296,47.0
1957312,46.0
1957360,55.0
1957520,27.0
1957616,20.0
1957632,58.0
1957680,37.0
1957712,41.0
1957760,51.0
1957776,53.0
1957824,41.0
1957888,56.0
1957920,53.0
1957984,47.0
1958016,55.0
1958048,33.0
1958064,24.0
1958176,35.0
1958224,25.0
1958240,38.0
1958304,77.0
1958304,65.0
1958368,30.0
1958464,43.0
1958496,28.0
1958576,22.0
1958576,25.0
1958608,81.0
1958624,38.0
1958624,79.0
1958704,40.0
1958864,39.0
1958896,37.0
1958960,78.0
1958960,41.0
1959024,65.0
1959056,35.0
1959072,29.0
1959152,33.0
1959216,40.0
1959248,24.0
1959264,23.0
1959264,84.0
1959360,46.0
1959424,53.0
1959456,27.0
1959472,63.0
1959632,35.0
1959664,81.0
1959680,61.0
1959712,47.0
1959728,23.0
1959824,42.0
1959872,51.0
1959888,133.0
1959904,59.0
1959920,41.0
1960064,37.0
1960256,52.0
1960304,25.0
1960304,40.0
1960336,68.0
1960336,39.0
1960416,75.0
1960432,50.0
1960432,32.0
1960448,48.0
1960464,63.0
1960528,79.0
1960544,51.0
1960704,23.0
1960736,57.0
1960752,54.0
1960848,25.0
1960864,38.0
1961024,45.0
1961072,48.0
1961120,49.0
1961136,67.0
1961136,44.0
1961168,46.0
1961264,45.0
1961296,35.0
1961328,50.0
1961376,39.0
1961504,65.0
1961504,102.0
1961568,25.0
1961584,45.0
1961680,38.0
1961728,22.0
1961728,55.0
1961760,29.0
1961888,74.0
1961888,48.0
1961920,56.0
1961952,28.0
1961952,51.0
1962000,27.0
1962000,54.0
1962080,47.0
1962128,54.0
1962272,34.0
1962272,43.0
1962272,22.0
1962336,52.0
1962480,45.0
1962512,131.0
1962576,36.0
1962624,22.0
1962688,50.0
1962720,40.0
1962752,39.0
1962784,32.0
1962784,28.0
1962816,54.0
1962832,52.0
1962848,60.0
1962864,37.0
1963008,31.0
1963088,38.0
1963200,39.0
1963232,97.0
1963280,41.0
1963312,37.0
1963312,85.0
1963312,39.0
1963376,103.0
1963456,42.0
1963536,45.0
1963552,44.0
1963600,53.0
1963616,38.0
1963712,53.0
1963712,55.0
1963744,27.0
1963744,32.0
1963792,63.0
1963872,42.0
1964064,47.0
1964096,40.0
1964128,53.0
1964160,67.0
1964240,39.0
1964352,50.0
1964368,41.0
1964384,49.0
1964400,41.0
1964400,68.0
1964416,44.0
1964448,57.0
1964448,41.0
1964464,25.0
1964576,44.0
1964656,26.0
1964688,82.0
1964784,41.0
1964864,26.0
1964912,51.0
1964976,37.0
1964976,77.0
1964992,37.0
1965056,44.0
1965120,44.0
1965152,47.0
1965248,35.0
1965264,30.0
1965296,27.0
1965296,52.0
1965328,42.0
1965328,73.0
1965392,64.0
1965424,28.0
1965504,66.0
1965664,47.0
1965664,23.0
1965696,70.0
1965728,36.0
1965872,47.0
1965872,55.0
1965936,42.0
1966016,48.0
1966032,61.0
1966032,66.0
1966128,52.0
1966144,47.0
1966160,46.0
1966160,31.0
1966272,38.0
1966448,45.0
1966448,47.0
1966464,37.0
1966480,61.0
1966496,73.0
1966576,26.0
1966720,49.0
1966736,37.0
1966736,88.0
1966768,31.0
1966832,51.0
1966912,26.0
1966992,54.0
1967024,35.0
1967104,59.0
1967136,43.0
1967152,44.0
1967184,38.0
1967184,28.0
1967248,33.0
1967280,88.0
1967376,84.0
1967424,37.0
1967456,61.0
1967584,97.0
1967632,54.0
1967680,59.0
1967696,28.0
1967744,47.0
1967904,39.0
1968112,43.0
1968128,42.0
1968176,62.0
1968208,66.0
1968224,34.0
1968288,74.0
1968336,89.0
1968400,12.0
1968400,79.0
1968448,51.0
1968512,38.0
1968528,84.0
1968704,26.0
1968736,65.0
1968736,62.0
1968752,86.0
1968768,41.0
1968784,38.0
1968880,47.0
1969024,90.0
1969056,127.0
1969056,20.0
1969072,20.0
1969088,22.0
1969152,51.0
1969184,41.0
1969200,27.0
1969200,26.0
1969264,54.0
1969376,72.0
1969472,25.0
1969504,69.0
1969536,64.0
1969664,32.0
1969776,67.0
1969776,45.0
1969776,47.0
1969936,66.0
1970016,51.0
1970048,54.0
1970048,100.0
1970080,55.0
1970176,57.0
1970224,73.0
1970240,72.0
1970256,47.0
1970304,40.0
1970320,34.0
1970400,39.0
1970544,67.0
1970576,50.0
1970704,41.0
1970880,84.0
1970912,56.0
1970928,44.0
1970944,54.0
1971008,27.0
1971024,61.0
1971040,69.0
1971120,54.0
1971168,62.0
1971168,58.0
1971200,114.0
1971232,58.0
1971424,55.0
1971440,46.0
1971456,71.0
1971472,33.0
1971488,35.0
1971552,32.0
1971584,74.0
1971696,43.0
1971728,38.0
1971840,40.0
1971872,44.0
1971872,44.0
1971904,55.0
1972032,38.0
1972064,36.0
1972112,24.0
1972160,78.0
1972192,46.0
1972240,21.0
1972368,93.0
1972384,52.0
1972400,23.0
1972496,66.0
1972512,25.0
1972576,26.0
1972688,62.0
1972704,77.0
1972720,41.0
1972784,57.0
1972816,59.0
1972832,100.0
1972976,37.0
1973056,34.0
1973088,45.0
1973120,45.0
1973152,27.0
1973168,24.0
1973248,42.0
1973264,28.0
1973280,68.0
1973344,94.0
1973376,112.0
1973392,56.0
1973472,48.0
1973520,43.0
1973568,55.0
1973744,94.0
1973776,27.0
1973888,31.0
1973888,38.0
1973888,50.0
1973920,54.0
1973920,48.0
1973984,38.0
1973984,54.0
1974000,46.0
1974048,50.0
1974160,62.0
1974272,44.0
1974336,37.0
1974384,88.0
1974384,38.0
1974400,58.0
1974496,38.0
1974576,37.0
1974720,52.0
1974784,39.0
1974784,49.0
1974800,55.0
1974928,37.0
1974992,45.0
1975104,66.0
1975232,53.0
1975264,54.0
1975408,39.0
1975440,40.0
1975456,33.0
1975456,42.0
1975488,57.0
1975504,101.0
1975520,125.0
1975536,65.0
1975568,103.0
1975584,100.0
1975632,25.0
1975728,84.0
1975840,53.0
1975856,47.0
1975888,39.0
1975888,73.0
1976048,34.0
1976048,40.0
1976064,39.0
1976080,34.0
1976160,36.0
1976192,39.0
1976304,28.0
1976336,55.0
1976336,51.0
1976416,43.0
1976416,36.0
1976432,61.0
1976480,27.0
1976496,54.0
1976544,41.0
1976544,31.0
1976592,44.0
1976640,30.0
1976640,28.0
1976640,72.0
1976688,39.0
1976736,25.0
1976752,26.0
1976896,37.0
1976960,55.0
1977040,25.0
1977088,38.0
1977152,35.0
1977152,38.0
1977168,47.0
1977280,46.0
1977328,27.0
1977360,59.0
1977376,55.0
1977392,47.0
1977472,46.0
1977520,35.0
1977568,26.0
1977600,60.0
1977616,36.0
1977632,22.0
1977696,79.0
1977760,38.0
1977824,71.0
1977936,74.0
1977984,24.0
1978000,33.0
1978032,54.0
1978160,49.0
1978160,34.0
1978208,43.0
1978240,53.0
1978256,39.0
1978320,62.0
1978336,40.0
1978352,33.0
1978368,27.0
1978464,69.0
1978480,31.0
1978560,62.0
1978608,53.0
1978624,96.0
1978640,24.0
1978688,33.0
1978720,43.0
1978752,34.0
1978784,39.0
1978896,56.0
1978960,39.0
1978960,40.0
1979088,33.0
1979200,53.0
1979248,63.0
1979312,53.0
1979376,46.0
1979392,40.0
1979456,42.0
1979456,46.0
1979536,40.0
1979568,68.0
1979568,75.0
1979648,65.0
1979696,24.0
1979712,32.0
1979712,39.0
1979776,51.0
1979792,52.0
1979888,75.0
1979920,42.0
1979952,36.0
1979952,26.0
1980064,31.0
1980064,22.0
1980112,93.0
1980112,29.0
1980112,45.0
1980304,46.0
1980352,56.0
1980400,43.0
1980416,39.0
1980432,30.0
1980480,49.0
1980496,45.0
1980544,27.0
1980624,42.0
1980752,54.0
1980768,44.0
1980816,47.0
1980880,36.0
1980928,27.0
1980960,94.0
1981040,26.0
1981088,41.0
1981088,38.0
1981104,43.0
1981136,64.0
1981184,40.0
1981216,54.0
1981360,37.0
1981408,63.0
1981456,84.0
1981472,45.0
1981520,35.0
1981584,104.0
1981648,48.0
1981664,39.0
1981808,45.0
1981840,27.0
1981840,64.0
1981888,27.0
1982000,67.0
1982000,54.0
1982048,25.0
1982064,61.0
1982128,41.0
1982144,60.0
1982192,42.0
1982240,64.0
1982272,57.0
1982320,46.0
1982416,38.0
1982480,30.0
1982512,42.0
1982560,42.0
1982576,57.0
1982592,33.0
1982624,49.0
1982688,99.0
1982800,38.0
1982848,50.0
1982848,21.0
1982864,54.0
1982912,37.0
1983008,54.0
1983008,48.0
1983040,26.0
1983072,59.0
1983072,37.0
1983152,36.0
1983168,36.0
1983216,41.0
1983248,61.0
1983264,36.0
1983360,59.0
1983424,36.0
1983472,27.0
1983472,29.0
1983520,28.0
1983568,44.0
1983616,29.0
1983616,44.0
1983664,41.0
1983728,32.0
1983760,43.0
1983808,34.0
1983808,21.0
1983808,60.0
1983856,66.0
1984000,40.0
1984000,47.0
1984016,53.0
1984016,31.0
1984096,23.0
1984144,33.0
1984240,51.0
1984240,42.0
1984240,39.0
1984304,40.0
1984320,53.0
1984464,38.0
1984496,46.0
1984592,49.0
1984592,22.0
1984656,53.0
1984672,41.0
1984672,54.0
1984688,42.0
1984688,34.0
1984848,53.0
1984912,57.0
1984928,39.0
1985024,35.0
1985056,46.0
1985056,29.0
1985072,24.0
1985200,33.0
1985216,61.0
1985280,43.0
1985360,54.0
1985424,48.0
1985424,47.0
1985440,24.0
1985456,33.0
1985488,50.0
1985536,39.0
1985664,29.0
1985760,43.0
1985808,107.0
1985856,40.0
1985888,38.0
1985904,34.0
1986032,37.0
1986080,37.0
1986080,66.0
1986096,27.0
1986128,37.0
1986144,43.0
1986176,70.0
1986192,122.0
1986224,86.0
1986240,51.0
1986336,33.0
1986416,41.0
1986512,24.0
1986560,26.0
1986592,73.0
1986656,36.0
1986720,51.0
1986752,56.0
1986752,41.0
1986784,35.0
1986880,40.0
1986896,51.0
1986960,49.0
1986976,29.0
1987008,61.0
1987024,71.0
1987104,57.0
1987136,24.0
1987168,38.0
1987184,27.0
1987184,37.0
1987248,37.0
1987296,25.0
1987328,57.0
1987344,63.0
1987472,19.0
1987584,25.0
1987584,50.0
1987632,57.0
1987648,48.0
1987664,35.0
1987696,42.0
1987712,24.0
1987760,29.0
1987824,40.0
1987920,36.0
1987936,58.0
1987952,61.0
1987984,53.0
1988000,47.0
1988064,23.0
1988096,27.0
1988176,37.0
1988240,33.0
1988256,39.0
1988320,35.0
1988432,31.0
1988496,57.0
1988512,43.0
1988528,66.0
1988608,39.0
1988688,39.0
1988704,47.0
1988704,44.0
1988720,50.0
1988736,35.0
1988768,70.0
1988800,23.0
1988816,45.0
1988928,26.0
1988944,124.0
1988992,47.0
1989008,47.0
1989040,45.0
1989088,37.0
1989120,37.0
1989184,30.0
1989216,28.0
1989264,34.0
1989264,41.0
1989344,26.0
1989472,30.0
1989552,29.0
1989568,55.0
1989648,52.0
1989696,60.0
1989712,44.0
1989760,31.0
1989840,50.0
1989872,41.0
1989952,38.0
1990096,57.0
1990112,34.0
1990128,63.0
1990192,87.0
1990208,59.0
1990240,96.0
1990288,40.0
1990288,33.0
1990352,41.0
1990368,51.0
1990368,41.0
1990512,40.0
1990544,37.0
1990576,69.0
1990688,109.0
1990784,41.0
1990800,38.0
1990832,46.0
1990880,37.0
1990976,27.0
1991008,41.0
1991024,51.0
1991040,50.0
1991104,46.0
1991120,47.0
1991120,38.0
1991200,68.0
1991264,36.0
1991264,27.0
1991328,93.0
1991344,34.0
1991424,71.0
1991440,26.0
1991600,37.0
1991616,65.0
1991632,23.0
1991648,54.0
1991728,38.0
1991792,57.0
1991840,54.0
1991968,48.0
1991984,45.0
1992000,42.0
1992000,56.0
1992000,24.0
1992016,36.0
1992096,29.0
1992240,28.0
1992256,38.0
1992256,52.0
1992256,33.0
1992256,41.0
1992384,79.0
1992384,24.0
1992384,24.0
1992448,69.0
1992464,30.0
1992592,22.0
1992592,31.0
1992592,37.0
1992624,99.0
1992640,24.0
1992672,52.0
1992704,43.0
1992896,28.0
1992960,44.0
1993040,28.0
1993040,41.0
1993056,42.0
1993168,57.0
1993200,38.0
1993280,82.0
1993360,45.0
1993488,64.0
1993520,51.0
1993536,72.0
1993568,82.0
1993600,44.0
1993616,41.0
1993632,63.0
1993648,61.0
1993712,32.0
1993728,43.0
1993776,38.0
1993952,56.0
1994016,89.0
1994064,36.0
1994064,49.0
1994080,65.0
1994144,23.0
1994144,39.0
1994352,44.0
1994400,65.0
1994416,53.0
1994416,51.0
1994432,51.0
1994432,44.0
1994448,31.0
1994448,46.0
1994624,68.0
1994688,66.0
1994736,42.0
1994752,38.0
1994864,50.0
1994944,58.0
1994944,50.0
1994976,36.0
1994992,36.0
1995120,48.0
1995120,65.0
1995184,35.0
1995248,50.0
1995264,52.0
1995328,55.0
1995360,39.0
1995360,59.0
1995440,31.0
1995488,39.0
1995536,49.0
1995552,54.0
1995552,70.0
1995568,28.0
1995632,24.0
1995792,51.0
1995840,41.0
1995904,60.0
1995904,29.0
1995936,24.0
1995952,37.0
1996016,47.0
1996016,41.0
1996096,61.0
1996112,36.0
1996128,35.0
1996144,37.0
1996192,54.0
1996288,81.0
1996320,33.0
1996464,28.0
1996480,21.0
1996496,35.0
1996544,57.0
1996576,28.0
1996688,75.0
1996704,50.0
1996768,30.0
1996800,38.0
1996816,50.0
1996880,25.0
1996880,24.0
1996896,50.0
1996928,68.0
1996976,67.0
1997232,29.0
1997280,24.0
1997328,49.0
1997344,87.0
1997360,78.0
1997424,39.0
1997440,70.0
1997440,47.0
1997472,31.0
1997552,20.0
1997568,69.0
1997712,52.0
1997728,25.0
1997744,73.0
1997808,55.0
1997824,59.0
1997824,24.0
1997824,34.0
1997840,64.0
1997856,72.0
1997936,31.0
1997968,39.0
1998080,38.0
1998096,46.0
1998144,25.0
1998304,55.0
1998336,31.0
1998352,40.0
1998400,27.0
1998448,37.0
1998480,41.0
1998528,50.0
1998576,47.0
1998608,66.0
1998688,70.0
1998688,37.0
1998768,59.0
1998848,65.0
1998912,61.0
1998944,31.0
1998960,38.0
1998976,52.0
1999056,36.0
1999056,47.0
1999088,47.0
1999088,35.0
1999152,29.0
1999184,49.0
1999184,69.0
1999344,25.0
1999424,23.0
1999440,54.0
1999440,52.0
1999472,24.0
1999568,55.0
1999648,46.0
1999712,59.0
1999744,41.0
1999760,57.0
1999760,36.0
1999840,54.0
1999904,30.0
1999936,47.0
2000112,34.0
2000144,74.0
2000160,45.0
2000176,64.0
2000208,35.0
2000256,49.0
2000256,34.0
2000304,54.0
2000416,41.0
2000448,12.0
2000608,53.0
2000624,55.0
2000640,44.0
2000672,31.0
2000672,83.0
2000688,49.0
2000832,36.0
2000864,113.0
2000992,49.0
2000992,55.0
2000992,43.0
2001008,54.0
2001040,37.0
2001136,45.0
2001216,38.0
2001264,37.0
2001296,38.0
2001328,43.0
2001360,43.0
2001392,24.0
2001408,98.0
2001440,51.0
2001456,39.0
2001616,39.0
2001680,95.0
2001728,54.0
2001760,45.0
2001776,40.0
2001792,50.0
2001824,29.0
2001872,41.0
2002016,64.0
2002160,34.0
2002256,58.0
2002304,65.0
2002416,46.0
2002448,66.0
2002496,44.0
2002544,45.0
2002560,52.0
2002592,71.0
2002592,81.0
2002624,76.0
2002640,30.0
2002656,40.0
2002800,24.0
2002816,86.0
2002896,28.0
2002912,23.0
2002928,72.0
2002992,70.0
2002992,46.0
2003024,45.0
2003152,41.0
2003168,33.0
2003168,38.0
2003232,38.0
2003344,99.0
2003376,24.0
2003392,37.0
2003408,51.0
2003472,36.0
2003536,38.0
2003552,56.0
2003584,62.0
2003632,45.0
2003664,42.0
2003744,58.0
2003776,39.0
2003824,27.0
2003872,53.0
2003888,45.0
2003984,20.0
2003984,40.0
2004000,37.0
2004000,39.0
2004064,33.0
2004176,59.0
2004176,27.0
2004288,41.0
2004304,52.0
2004416,78.0
2004544,45.0
2004592,37.0
2004608,46.0
2004656,41.0
2004656,69.0
2004672,56.0
2004672,31.0
2004704,33.0
2004752,43.0
2004768,55.0
2004800,32.0
2004896,57.0
2004896,30.0
2004912,23.0
2004928,39.0
2004976,20.0
2004976,87.0
2005024,23.0
2005024,22.0
2005184,75.0
2005200,37.0
2005232,29.0
2005264,42.0
2005424,31.0
2005440,34.0
2005456,34.0
2005456,41.0
2005536,49.0
2005600,56.0
2005600,36.0
2005696,32.0
2005696,64.0
2005744,48.0
2005744,48.0
2005872,40.0
2005888,54.0
2006080,74.0
2006096,40.0
2006112,23.0
2006128,43.0
2006176,40.0
2006256,24.0
2006320,39.0
2006320,45.0
2006336,46.0
2006352,56.0
2006416,72.0
2006432,43.0
2006560,42.0
2006576,86.0
2006592,56.0
2006656,77.0
2006720,37.0
2006720,40.0
2006736,25.0
2006816,24.0
2006976,55.0
2007072,45.0
2007088,57.0
2007104,24.0
2007136,25.0
2007184,54.0
2007184,38.0
2007200,68.0
2007200,34.0
2007232,57.0
2007360,40.0
2007488,42.0
2007568,82.0
2007648,66.0
2007696,80.0
2007712,39.0
2007728,37.0
2007744,35.0
2007936,54.0
2007936,52.0
2008016,41.0
2008048,53.0
2008160,37.0
2008192,30.0
2008192,63.0
2008256,48.0
2008304,35.0
2008336,111.0
2008496,95.0
2008512,36.0
2008544,53.0
2008592,36.0
2008624,87.0
2008640,21.0
2008656,38.0
2008704,32.0
2008704,66.0
2008800,38.0
2008832,42.0
2008848,37.0
2008880,59.0
2008896,106.0
2008960,77.0
2008992,41.0
2009024,27.0
2009072,36.0
2009264,40.0
2009312,30.0
2009312,32.0
2009312,50.0
2009328,39.0
2009440,37.0
2009520,39.0
2009552,56.0
2009648,39.0
2009696,66.0
2009760,50.0
2009776,77.0
2009776,29.0
2009792,57.0
2009840,25.0
2009888,56.0
2009904,37.0
2009936,42.0
2009952,40.0
2010048,45.0
2010112,35.0
2010192,42.0
2010192,70.0
2010288,99.0
2010368,27.0
2010496,45.0
2010544,41.0
2010544,56.0
2010560,50.0
2010560,54.0
2010624,53.0
2010768,41.0
2010784,62.0
2010880,43.0
2010992,68.0
2011104,66.0
2011120,36.0
2011136,81.0
2011152,24.0
2011168,42.0
2011200,20.0
2011216,41.0
2011216,37.0
2011248,55.0
2011280,31.0
2011296,47.0
2011296,63.0
2011344,87.0
2011440,55.0
2011520,25.0
2011616,29.0
2011664,35.0
2011696,94.0
2011696,33.0
2011712,36.0
2011760,35.0
2011888,37.0
2011952,38.0
2012048,52.0
2012064,39.0
2012112,52.0
2012160,54.0
2012208,28.0
2012208,76.0
2012224,44.0
2012224,61.0
2012288,37.0
2012304,40.0
2012304,38.0
2012320,44.0
2012336,70.0
2012432,24.0
2012512,28.0
2012528,23.0
2012592,40.0
2012640,47.0
2012672,60.0
2012720,32.0
2012800,31.0
2012848,39.0
2012848,34.0
2012864,27.0
2012896,36.0
2012928,51.0
2012976,43.0
2012992,49.0
2013024,22.0
2013024,50.0
2013136,38.0
2013216,55.0
2013296,23.0
2013328,27.0
2013344,34.0
2013472,47.0
2013472,39.0
2013536,59.0
2013536,35.0
2013584,67.0
2013584,45.0
2013616,39.0
2013792,41.0
2013824,50.0
2013888,42.0
2013920,80.0
2013936,57.0
2013952,38.0
2014096,35.0
2014096,48.0
2014208,39.0
2014288,42.0
2014304,52.0
2014336,24.0
2014352,51.0
2014400,97.0
2014464,33.0
2014528,77.0
2014608,71.0
2014624,52.0
2014672,23.0
2014688,22.0
2014688,37.0
2014720,50.0
2014864,25.0
2014864,80.0
2014880,42.0
2014928,69.0
2014960,38.0
2015008,38.0
2015056,21.0
2015072,61.0
2015136,78.0
2015184,56.0
2015232,23.0
2015248,23.0
2015248,39.0
2015296,38.0
2015344,46.0
2015376,43.0
2015424,35.0
2015424,47.0
2015504,34.0
2015568,32.0
2015664,23.0
2015680,38.0
2015744,51.0
2015808,35.0
2015824,43.0
2015840,38.0
2015936,37.0
2016032,38.0
2016064,24.0
2016128,39.0
2016144,60.0
2016272,53.0
2016288,30.0
2016336,60.0
2016336,83.0
2016352,49.0
2016400,117.0
2016528,43.0
2016544,38.0
2016544,25.0
2016592,58.0
2016608,54.0
2016624,50.0
2016656,24.0
2016720,92.0
2016784,41.0
2016816,47.0
2016864,52.0
2016880,33.0
2017040,44.0
2017104,28.0
2017136,53.0
2017168,35.0
2017216,37.0
2017328,38.0
2017344,50.0
2017392,54.0
2017408,33.0
2017440,41.0
2017520,61.0
2017536,23.0
2017552,43.0
2017632,65.0
2017776,86.0
2017792,47.0
2017872,96.0
2017872,34.0
2017888,47.0
2017952,71.0
2018048,52.0
2018080,43.0
2018128,64.0
2018160,45.0
2018224,44.0
2018256,53.0
2018304,42.0
2018384,38.0
2018448,69.0
2018496,39.0
2018544,41.0
2018560,48.0
2018576,65.0
2018592,45.0
2018624,25.0
2018640,37.0
2018656,69.0
2018704,36.0
2018736,41.0
2018784,33.0
2018800,53.0
2019024,45.0
2019040,19.0
2019120,30.0
2019184,33.0
2019200,51.0
2019232,27.0
2019248,41.0
2019280,44.0
2019296,50.0
2019392,77.0
2019520,30.0
2019536,57.0
2019552,62.0
2019584,55.0
2019600,66.0
2019696,26.0
2019696,78.0
2019696,57.0
2019872,42.0
2019920,39.0
2019920,50.0
2019920,25.0
2019984,37.0
2020048,50.0
2020080,66.0
2020128,34.0
2020176,59.0
2020272,68.0
2020304,38.0
2020304,48.0
2020384,52.0
2020400,30.0
2020464,54.0
2020480,49.0
2020608,57.0
2020688,40.0
2020752,55.0
2020784,44.0
2020816,32.0
2020816,34.0
2020912,58.0
2020928,63.0
2020960,49.0
2021008,39.0
2021104,61.0
2021200,80.0
2021216,46.0
2021280,51.0
2021312,31.0
2021328,36.0
2021344,24.0
2021360,60.0
2021376,37.0
2021376,29.0
2021424,51.0
2021472,49.0
2021536,33.0
2021552,21.0
2021568,79.0
2021728,28.0
2021744,24.0
2021760,52.0
2021888,36.0
2021952,30.0
2021952,39.0
2022000,50.0
2022048,39.0
2022080,44.0
2022080,34.0
2022080,79.0
2022128,35.0
2022144,50.0
2022208,52.0
2022208,41.0
2022336,38.0
2022448,23.0
2022464,32.0
2022464,45.0
2022496,46.0
2022512,27.0
2022528,89.0
2022592,24.0
2022752,54.0
2022768,45.0
2022800,45.0
2022816,43.0
2022896,35.0
2022944,46.0
2023008,63.0
2023040,28.0
2023168,45.0
2023184,42.0
2023200,78.0
2023280,51.0
2023312,34.0
2023328,36.0
2023440,81.0
2023488,42.0
2023568,65.0
2023632,73.0
2023648,38.0
2023664,30.0
2023712,57.0
2023728,52.0
2023744,50.0
2023808,50.0
2023808,30.0
2023920,47.0
2023936,31.0
2023952,29.0
2023952,20.0
2024064,49.0
2024080,48.0
2024144,59.0
2024208,34.0
2024208,25.0
2024272,111.0
2024320,42.0
2024336,25.0
2024400,41.0
2024416,44.0
2024416,43.0
2024448,55.0
2024544,39.0
2024576,48.0
2024592,40.0
2024656,44.0
2024784,44.0
2024816,31.0
2024864,45.0
2024896,35.0
2024976,57.0
2025024,51.0
2025024,36.0
2025040,48.0
2025088,55.0
2025152,47.0
2025168,36.0
2025216,50.0
2025248,42.0
2025264,53.0
2025360,51.0
2025408,47.0
2025424,40.0
2025456,18.0
2025488,37.0
2025504,22.0
2025600,46.0
2025680,44.0
2025792,24.0
2025808,62.0
2025840,47.0
2025888,54.0
2025920,29.0
2025920,42.0
2025984,35.0
2026096,55.0
2026096,38.0
2026144,34.0
2026144,49.0
2026240,27.0
2026240,61.0
2026272,48.0
2026288,38.0
2026448,33.0
2026560,95.0
2026560,48.0
2026608,45.0
2026640,34.0
2026656,42.0
2026656,26.0
2026720,39.0
2026736,56.0
2026736,37.0
2026800,111.0
2026976,43.0
2026976,44.0
2027168,27.0
2027200,47.0
2027216,41.0
2027280,39.0
2027280,42.0
2027296,46.0
2027344,75.0
2027360,35.0
2027376,46.0
2027536,81.0
2027552,102.0
2027680,30.0
2027696,26.0
2027760,64.0
2027776,70.0
2027872,56.0
2027968,38.0
2027984,28.0
2028000,41.0
2028048,52.0
2028096,45.0
2028096,50.0
2028096,34.0
2028112,52.0
2028208,93.0
2028288,37.0
2028320,34.0
2028320,40.0
2028352,86.0
2028432,42.0
2028544,35.0
2028576,16.0
2028624,33.0
2028640,48.0
2028672,35.0
2028688,43.0
2028720,39.0
2028736,43.0
2028752,99.0
2028864,27.0
2028944,41.0
2028944,53.0
2028976,41.0
2029088,55.0
2029168,37.0
2029168,39.0
2029248,80.0
2029248,39.0
2029296,34.0
2029312,40.0
2029344,39.0
2029360,63.0
2029392,41.0
2029424,35.0
2029520,52.0
2029552,57.0
2029584,38.0
2029712,34.0
2029824,41.0
2029824,36.0
2029840,56.0
2029920,52.0
2029984,65.0
2030048,33.0
2030096,34.0
2030144,20.0
2030176,47.0
2030192,38.0
2030192,55.0
2030192,56.0
2030256,57.0
2030368,70.0
2030400,65.0
2030432,65.0
2030624,33.0
2030640,50.0
2030704,35.0
2030720,63.0
2030736,51.0
2030736,34.0
2030848,64.0
2030928,55.0
2031024,52.0
2031056,41.0
2031072,40.0
2031104,46.0
2031216,30.0
2031232,78.0
2031264,39.0
2031360,46.0
2031408,44.0
2031408,76.0
2031440,74.0
2031472,26.0
2031520,42.0
