Timestep,Reward
160,10.0
160,10.0
192,12.0
208,13.0
224,14.0
240,15.0
272,17.0
288,18.0
368,23.0
400,25.0
416,16.0
416,14.0
432,17.0
480,30.0
480,30.0
496,18.0
512,18.0
528,33.0
608,20.0
624,9.0
624,39.0
640,13.0
672,27.0
688,10.0
704,27.0
752,47.0
768,18.0
768,16.0
784,10.0
816,13.0
848,13.0
896,30.0
976,13.0
992,14.0
992,31.0
1008,40.0
1008,14.0
1024,64.0
1040,39.0
1088,25.0
1088,43.0
1136,29.0
1152,16.0
1168,11.0
1168,26.0
1232,14.0
1248,13.0
1264,16.0
1264,15.0
1280,19.0
1280,27.0
1280,12.0
1344,13.0
1344,11.0
1360,34.0
1376,14.0
1376,24.0
1376,42.0
1408,15.0
1408,11.0
1408,10.0
1456,52.0
1456,11.0
1504,14.0
1520,27.0
1520,11.0
1536,16.0
1536,11.0
1600,21.0
1600,12.0
1648,17.0
1664,13.0
1664,18.0
1680,21.0
1696,20.0
1696,15.0
1696,10.0
1760,31.0
1808,19.0
1824,26.0
1824,19.0
1840,20.0
1856,28.0
1888,18.0
1936,11.0
1952,26.0
1968,17.0
1968,17.0
1984,24.0
1984,20.0
1984,19.0
2016,10.0
2048,25.0
2176,12.0
2176,21.0
2192,11.0
2192,13.0
2224,15.0
2224,25.0
2240,36.0
2288,21.0
2304,21.0
2320,39.0
2320,17.0
2384,13.0
2400,29.0
2416,37.0
2464,31.0
2496,13.0
2512,44.0
2512,20.0
2528,22.0
2592,44.0
2592,23.0
2592,17.0
2608,19.0
2656,16.0
2688,29.0
2704,11.0
2752,10.0
2784,17.0
2784,20.0
2800,35.0
2800,13.0
2816,25.0
2832,15.0
2832,20.0
2848,33.0
2896,13.0
2912,13.0
2928,34.0
3024,33.0
3024,14.0
3040,13.0
3072,18.0
3072,16.0
3072,14.0
3104,31.0
3136,21.0
3200,17.0
3216,24.0
3216,12.0
3248,22.0
3248,11.0
3264,38.0
3280,33.0
3312,13.0
3328,34.0
3344,17.0
3392,12.0
3424,13.0
3456,20.0
3488,17.0
3520,17.0
3552,19.0
3552,15.0
3584,16.0
3600,20.0
3648,24.0
3680,48.0
3696,15.0
3808,13.0
3808,101.0
3840,20.0
3856,17.0
3872,20.0
3904,16.0
3904,55.0
4032,40.0
4080,46.0
4096,12.0
4112,65.0
4144,45.0
4160,16.0
4176,21.0
4192,40.0
4192,31.0
4208,45.0
4208,25.0
4224,23.0
4256,14.0
4320,14.0
4336,16.0
4336,11.0
4352,42.0
4384,10.0
4384,13.0
4400,12.0
4432,18.0
4480,38.0
4496,19.0
4496,24.0
4512,10.0
4528,45.0
4544,21.0
4560,14.0
4560,14.0
4576,16.0
4576,12.0
4592,13.0
4608,11.0
4656,101.0
4688,27.0
4736,15.0
4736,8.0
4800,14.0
4800,17.0
4800,16.0
4832,21.0
4848,28.0
4944,27.0
4944,29.0
4960,48.0
4976,18.0
4976,11.0
4992,27.0
4992,12.0
5024,11.0
5104,23.0
5120,29.0
5120,11.0
5152,10.0
5168,38.0
5168,27.0
5232,18.0
5232,17.0
5264,27.0
5264,43.0
5280,43.0
5280,10.0
5280,10.0
5280,18.0
5296,9.0
5312,32.0
5328,19.0
5440,29.0
5472,19.0
5504,25.0
5504,33.0
5504,17.0
5520,18.0
5584,16.0
5616,20.0
5632,22.0
5632,22.0
5648,23.0
5664,31.0
5680,15.0
5680,11.0
5680,26.0
5712,28.0
5712,15.0
5728,14.0
5760,28.0
5792,32.0
5824,20.0
5840,11.0
5872,15.0
5872,22.0
5888,11.0
5888,13.0
5904,18.0
5984,14.0
6000,20.0
6000,13.0
6000,20.0
6048,11.0
6048,26.0
6064,11.0
6064,22.0
6144,20.0
6144,15.0
6160,18.0
6176,28.0
6240,16.0
6272,43.0
6304,15.0
6304,26.0
6368,20.0
6384,14.0
6384,20.0
6416,17.0
6448,17.0
6464,26.0
6480,13.0
6544,34.0
6560,20.0
6592,37.0
6592,14.0
6592,47.0
6592,18.0
6624,20.0
6640,31.0
6688,14.0
6736,11.0
6752,23.0
6768,70.0
6784,25.0
6848,27.0
6848,19.0
6880,18.0
6896,13.0
6896,19.0
6928,28.0
6944,13.0
6960,23.0
6976,12.0
6992,34.0
7008,24.0
7024,64.0
7104,29.0
7120,23.0
7120,17.0
7152,19.0
7200,27.0
7216,21.0
7232,18.0
7232,17.0
7264,15.0
7264,21.0
7280,19.0
7280,17.0
7312,26.0
7312,20.0
7328,13.0
7392,18.0
7408,16.0
7440,13.0
7456,21.0
7488,14.0
7504,12.0
7520,18.0
7520,12.0
7536,21.0
7536,59.0
7552,17.0
7600,21.0
7600,13.0
7648,8.0
7664,14.0
7664,48.0
7696,24.0
7744,13.0
7744,18.0
7808,10.0
7824,38.0
7856,16.0
7872,24.0
7904,24.0
7904,13.0
7936,17.0
8016,13.0
8016,10.0
8032,18.0
8032,33.0
8048,48.0
8096,12.0
8112,28.0
8160,18.0
8176,48.0
8176,40.0
8176,36.0
8208,17.0
8208,12.0
8208,11.0
8288,24.0
8288,29.0
8304,16.0
8320,19.0
8448,18.0
8448,15.0
8448,26.0
8496,12.0
8496,13.0
8512,19.0
8576,25.0
8576,30.0
8672,14.0
8736,14.0
8736,74.0
8752,19.0
8768,28.0
8768,17.0
8768,64.0
8784,13.0
8816,40.0
8832,21.0
8912,46.0
8928,45.0
8928,16.0
8976,14.0
8992,14.0
8992,14.0
8992,44.0
9008,15.0
9024,18.0
9024,36.0
9056,17.0
9056,30.0
9104,62.0
9200,23.0
9200,12.0
9200,14.0
9280,22.0
9312,18.0
9312,31.0
9328,19.0
9328,14.0
9344,9.0
9344,22.0
9360,19.0
9456,16.0
9472,17.0
9488,27.0
9504,48.0
9520,13.0
9536,39.0
9552,17.0
9584,15.0
9632,18.0
9664,22.0
9712,45.0
9760,25.0
9760,13.0
9760,17.0
9776,19.0
9808,51.0
9824,31.0
9872,34.0
9872,59.0
9872,21.0
9920,9.0
9936,14.0
9936,19.0
9968,28.0
9984,30.0
10032,17.0
10048,29.0
10096,10.0
10112,41.0
10112,22.0
10208,11.0
10208,10.0
10240,26.0
10304,13.0
10304,12.0
10336,25.0
10368,28.0
10384,32.0
10416,13.0
10448,36.0
10480,38.0
10512,25.0
10512,53.0
10512,19.0
10544,36.0
10544,46.0
10640,8.0
10640,21.0
10656,9.0
10672,18.0
10720,15.0
10720,11.0
10736,20.0
10768,25.0
10800,18.0
10848,54.0
10880,15.0
10912,16.0
10944,14.0
10960,20.0
10960,41.0
10976,27.0
11024,18.0
11040,44.0
11056,51.0
11072,22.0
11072,17.0
11088,83.0
11152,13.0
11184,21.0
11248,50.0
11280,23.0
11296,21.0
11312,14.0
11312,27.0
11360,25.0
11424,11.0
11440,25.0
11472,50.0
11488,26.0
11520,34.0
11520,13.0
11520,31.0
11520,47.0
11568,17.0
11600,18.0
11632,28.0
11632,36.0
11632,22.0
11664,12.0
11696,34.0
11728,13.0
11776,21.0
11888,16.0
11888,51.0
11888,18.0
11920,31.0
11920,9.0
11936,19.0
11952,18.0
11952,24.0
11968,28.0
11968,17.0
11984,16.0
12080,10.0
12096,11.0
12112,30.0
12128,40.0
12144,13.0
12144,10.0
12160,40.0
12176,13.0
12192,15.0
12208,20.0
12224,21.0
12224,9.0
12256,19.0
12272,47.0
12272,57.0
12304,10.0
12352,24.0
12416,12.0
12416,19.0
12416,33.0
12448,15.0
12512,15.0
12528,23.0
12544,17.0
12560,26.0
12592,23.0
12592,11.0
12624,33.0
12640,14.0
12672,16.0
12688,27.0
12720,37.0
12736,24.0
12768,20.0
12768,36.0
12768,37.0
12816,12.0
12928,39.0
12928,13.0
12944,25.0
13024,16.0
13040,19.0
13072,30.0
13120,19.0
13232,45.0
13232,34.0
13248,30.0
13248,36.0
13280,47.0
13296,46.0
13312,12.0
13360,37.0
13376,9.0
13408,24.0
13424,52.0
13424,31.0
13440,50.0
13488,15.0
13488,28.0
13504,36.0
13520,15.0
13552,15.0
13568,17.0
13632,13.0
13664,19.0
13664,10.0
13696,39.0
13712,12.0
13744,50.0
13744,16.0
13760,17.0
13824,24.0
13872,29.0
13888,16.0
13904,41.0
13920,11.0
13936,35.0
13936,17.0
13968,46.0
13968,34.0
14000,19.0
14000,16.0
14048,30.0
14080,23.0
14080,26.0
14144,20.0
14176,16.0
14208,17.0
14240,30.0
14240,17.0
14256,23.0
14256,44.0
14256,11.0
14256,18.0
14256,13.0
14272,23.0
14352,22.0
14368,18.0
14400,25.0
14432,14.0
14448,13.0
14464,20.0
14480,14.0
14496,15.0
14512,10.0
14576,40.0
14576,21.0
14656,16.0
14672,15.0
14720,29.0
14736,35.0
14784,32.0
14832,16.0
14864,26.0
14880,63.0
14896,15.0
14912,25.0
14912,11.0
14960,29.0
14976,45.0
15040,13.0
15040,23.0
15056,50.0
15088,11.0
15088,14.0
15104,39.0
15104,14.0
15152,16.0
15200,26.0
15216,31.0
15216,47.0
15216,16.0
15232,54.0
15264,11.0
15296,12.0
15312,14.0
15328,14.0
15392,15.0
15424,32.0
15440,24.0
15456,55.0
15488,16.0
15504,18.0
15520,19.0
15536,14.0
15616,20.0
15648,38.0
15648,27.0
15712,46.0
15728,21.0
15744,20.0
15776,20.0
15808,18.0
15856,51.0
15904,16.0
15904,29.0
15952,26.0
16000,24.0
16032,52.0
16048,35.0
16064,35.0
16096,20.0
16128,14.0
16176,28.0
16224,36.0
16256,28.0
16272,26.0
16336,19.0
16352,64.0
16368,15.0
16384,10.0
16400,8.0
16432,43.0
16448,46.0
16464,35.0
16496,77.0
16496,20.0
16608,22.0
16624,14.0
16624,39.0
16656,18.0
16656,38.0
16704,17.0
16720,39.0
16736,15.0
16816,29.0
16816,30.0
16912,53.0
16912,26.0
16928,20.0
16944,62.0
16960,31.0
16976,33.0
16976,22.0
16976,17.0
16992,23.0
17008,39.0
17072,10.0
17104,18.0
17152,14.0
17200,16.0
17232,16.0
17248,27.0
17248,32.0
17264,38.0
17280,35.0
17280,19.0
17360,23.0
17376,45.0
17392,27.0
17392,15.0
17424,9.0
17536,39.0
17552,28.0
17568,12.0
17680,16.0
17680,26.0
17680,9.0
17696,19.0
17728,21.0
17792,37.0
17824,16.0
17824,17.0
17840,35.0
17856,39.0
17856,49.0
17856,53.0
17904,41.0
17936,60.0
18000,47.0
18032,13.0
18064,21.0
18080,25.0
18080,15.0
18080,14.0
18112,11.0
18160,19.0
18240,35.0
18288,11.0
18320,29.0
18336,32.0
18384,19.0
18400,45.0
18416,24.0
18480,49.0
18480,25.0
18496,26.0
18496,37.0
18496,21.0
18528,29.0
18544,16.0
18624,18.0
18624,13.0
18656,54.0
18704,20.0
18752,32.0
18800,16.0
18800,20.0
18832,13.0
18848,22.0
18848,14.0
18880,24.0
18896,36.0
18912,26.0
18928,14.0
18928,33.0
18960,60.0
18976,14.0
18976,101.0
19008,33.0
19088,10.0
19088,15.0
19120,9.0
19120,13.0
19152,22.0
19168,10.0
19184,16.0
19248,18.0
19280,25.0
19280,47.0
19312,21.0
19312,32.0
19312,30.0
19328,42.0
19344,16.0
19424,11.0
19456,11.0
19472,19.0
19488,21.0
19504,14.0
19520,25.0
19568,42.0
19600,47.0
19616,19.0
19616,18.0
19648,33.0
19664,15.0
19744,16.0
19744,35.0
19760,28.0
19808,29.0
19856,16.0
19872,13.0
19872,22.0
19888,17.0
19904,37.0
19904,27.0
19968,29.0
20016,17.0
20032,18.0
20080,29.0
20112,15.0
20128,23.0
20144,43.0
20144,17.0
20176,17.0
20208,70.0
20208,22.0
20240,27.0
20256,18.0
20272,39.0
20304,14.0
20320,12.0
20336,48.0
20336,14.0
20352,29.0
20400,31.0
20432,16.0
20448,26.0
20528,14.0
20560,19.0
20640,20.0
20672,14.0
20688,26.0
20688,42.0
20704,29.0
20704,35.0
20784,22.0
20800,17.0
20848,40.0
20880,20.0
20928,37.0
20944,9.0
20960,51.0
21040,43.0
21056,13.0
21056,53.0
21072,23.0
21120,11.0
21152,51.0
21232,17.0
21264,14.0
21328,17.0
21328,13.0
21344,44.0
21344,41.0
21360,19.0
21488,49.0
21488,21.0
21520,11.0
21536,12.0
21552,72.0
21568,31.0
21584,22.0
21600,42.0
21600,17.0
21600,58.0
21648,48.0
21648,60.0
21664,9.0
21744,30.0
21760,61.0
21776,18.0
21808,28.0
21808,10.0
21808,10.0
21824,16.0
21824,14.0
21840,22.0
21888,22.0
21952,25.0
21984,10.0
21984,25.0
22000,25.0
22000,42.0
22016,12.0
22032,14.0
22048,19.0
22096,31.0
22144,24.0
22160,9.0
22176,14.0
22224,14.0
22272,18.0
22288,16.0
22288,19.0
22304,16.0
22320,32.0
22320,14.0
22336,33.0
22416,47.0
22416,16.0
22432,34.0
22432,37.0
22512,11.0
22544,16.0
22560,49.0
22576,10.0
22576,36.0
22592,17.0
22672,23.0
22768,37.0
22784,22.0
22832,17.0
22832,32.0
22864,17.0
22912,30.0
22928,40.0
22944,23.0
22992,28.0
22992,53.0
23008,27.0
23008,46.0
23024,32.0
23040,23.0
23072,41.0
23072,19.0
23136,12.0
23152,8.0
23168,59.0
23184,22.0
23184,16.0
23200,13.0
23200,18.0
23216,22.0
23248,11.0
23296,16.0
23360,36.0
23424,14.0
23440,38.0
23472,19.0
23488,26.0
23504,16.0
23504,20.0
23504,13.0
23520,32.0
23584,28.0
23616,38.0
23632,28.0
23648,18.0
23664,9.0
23680,29.0
23696,34.0
23712,15.0
23760,35.0
23792,50.0
23824,20.0
23840,21.0
23840,12.0
23856,15.0
23872,23.0
23984,12.0
23984,35.0
24032,28.0
24032,21.0
24032,37.0
24048,11.0
24048,35.0
24080,25.0
24112,28.0
24176,22.0
24192,13.0
24224,24.0
24256,39.0
24256,17.0
24272,14.0
24304,29.0
24320,29.0
24336,39.0
24336,19.0
24352,15.0
24400,22.0
24432,22.0
24448,12.0
24560,24.0
24560,21.0
24608,53.0
24624,27.0
24624,37.0
24704,23.0
24704,17.0
24720,28.0
24736,18.0
24736,25.0
24768,46.0
24784,24.0
24832,33.0
24896,21.0
24928,38.0
24944,20.0
24992,13.0
24992,24.0
25008,19.0
25056,27.0
25152,27.0
25168,14.0
25200,53.0
25200,23.0
25232,14.0
25264,23.0
25280,18.0
25280,32.0
25392,15.0
25440,15.0
25456,25.0
25504,48.0
25536,52.0
25600,65.0
25616,39.0
25632,44.0
25712,34.0
25760,31.0
25792,35.0
25808,38.0
25808,11.0
25808,97.0
25840,35.0
25840,15.0
25856,70.0
25984,28.0
25984,37.0
26032,12.0
26064,14.0
26096,37.0
26192,57.0
26192,8.0
26224,27.0
26240,39.0
26288,19.0
26288,30.0
26304,34.0
26320,54.0
26320,55.0
26368,8.0
26528,34.0
26576,34.0
26640,58.0
26672,22.0
26688,55.0
26736,27.0
26736,28.0
26784,61.0
26800,30.0
26816,28.0
26848,39.0
26848,41.0
26928,25.0
26944,68.0
26960,42.0
26992,50.0
27072,27.0
27136,29.0
27152,26.0
27200,22.0
27232,10.0
27232,31.0
27264,17.0
27312,11.0
27328,23.0
27328,47.0
27424,40.0
27424,12.0
27424,46.0
27424,17.0
27440,84.0
27520,36.0
27568,48.0
27568,21.0
27648,24.0
27664,22.0
27696,53.0
27728,50.0
27856,33.0
27872,13.0
27872,28.0
27888,10.0
27952,27.0
27968,34.0
28016,37.0
28032,44.0
28032,37.0
28128,35.0
28144,31.0
28160,18.0
28192,62.0
28240,22.0
28256,35.0
28288,26.0
28304,55.0
28336,95.0
28400,23.0
28448,20.0
28496,16.0
28512,59.0
28512,22.0
28544,15.0
28544,43.0
28560,23.0
28640,38.0
28640,22.0
28704,13.0
28720,29.0
28784,17.0
28848,32.0
28848,56.0
28848,44.0
28880,30.0
28896,58.0
28896,24.0
28912,12.0
28960,26.0
28976,21.0
29024,36.0
29072,66.0
29072,27.0
29104,16.0
29104,12.0
29120,17.0
29152,12.0
29152,37.0
29184,30.0
29200,41.0
29280,13.0
29312,12.0
29376,33.0
29392,18.0
29392,31.0
29440,29.0
29440,21.0
29472,17.0
29472,28.0
29488,44.0
29520,40.0
29552,25.0
29648,13.0
29664,17.0
29664,32.0
29696,13.0
29728,41.0
29808,57.0
29808,33.0
29856,12.0
29856,21.0
29872,14.0
29888,26.0
29904,33.0
29920,46.0
29968,10.0
30000,21.0
30032,11.0
30160,45.0
30176,39.0
30192,45.0
30224,26.0
30240,53.0
30256,16.0
30272,15.0
30288,61.0
30304,21.0
30304,38.0
30464,19.0
30512,38.0
30512,49.0
30528,22.0
30576,43.0
30672,51.0
30704,25.0
30784,17.0
30800,36.0
30800,34.0
30816,34.0
30816,59.0
30832,34.0
30832,37.0
30848,11.0
30912,28.0
30960,9.0
31056,34.0
31072,17.0
31088,16.0
31088,73.0
31152,39.0
31152,22.0
31152,21.0
31200,31.0
31280,61.0
31328,71.0
31408,52.0
31408,16.0
31504,26.0
31520,29.0
31552,22.0
31568,46.0
31600,47.0
31600,43.0
31680,56.0
31696,38.0
31744,12.0
31760,38.0
31776,39.0
31792,32.0
31856,33.0
31888,20.0
31904,13.0
31952,17.0
31968,14.0
31984,64.0
32032,32.0
32032,39.0
32048,34.0
32048,12.0
32064,29.0
32064,17.0
32096,31.0
32208,10.0
32224,17.0
32240,22.0
32256,17.0
32288,32.0
32336,27.0
32368,60.0
32368,25.0
32368,17.0
32400,83.0
32464,14.0
32496,15.0
32592,35.0
32624,21.0
32720,41.0
32752,22.0
32752,26.0
32768,63.0
32848,40.0
32896,53.0
32960,37.0
32992,48.0
33024,62.0
33040,61.0
33072,36.0
33088,29.0
33232,48.0
33248,55.0
33248,25.0
33264,56.0
33264,32.0
33280,20.0
33312,20.0
33344,39.0
33376,38.0
33440,13.0
33472,36.0
33552,29.0
33568,34.0
33600,16.0
33760,63.0
33792,34.0
33856,36.0
33856,79.0
33888,18.0
33936,35.0
33936,29.0
33968,56.0
33968,33.0
33968,45.0
33968,44.0
33984,26.0
33984,27.0
34048,46.0
34096,15.0
34144,13.0
34160,12.0
34208,73.0
34208,28.0
34240,17.0
34288,19.0
34400,16.0
34432,34.0
34448,74.0
34464,16.0
34480,32.0
34560,48.0
34560,32.0
34576,40.0
34608,13.0
34672,12.0
34704,9.0
34704,53.0
34752,41.0
34800,37.0
34960,18.0
34960,31.0
34976,63.0
35008,64.0
35008,48.0
35088,58.0
35104,42.0
35248,31.0
35280,11.0
35280,62.0
35296,46.0
35312,32.0
35328,45.0
35328,55.0
35344,40.0
35424,26.0
35440,30.0
35520,32.0
35520,12.0
35520,15.0
35536,60.0
35552,37.0
35616,21.0
35632,41.0
35696,22.0
35760,27.0
35760,21.0
35808,31.0
35824,70.0
35824,33.0
35856,14.0
35984,28.0
36000,30.0
36048,33.0
36096,36.0
36160,19.0
36192,23.0
36224,42.0
36288,65.0
36336,78.0
36336,36.0
36352,57.0
36416,41.0
36416,37.0
36464,48.0
36512,56.0
36512,32.0
36560,36.0
36592,31.0
36608,17.0
36752,37.0
36784,61.0
36848,21.0
36848,39.0
36864,33.0
36864,28.0
36880,52.0
36912,25.0
36944,10.0
36976,23.0
36992,44.0
37024,27.0
37024,10.0
37040,53.0
37120,44.0
37136,18.0
37216,41.0
37248,56.0
37280,27.0
37296,11.0
37296,17.0
37312,20.0
37392,22.0
37440,19.0
37440,12.0
37536,39.0
37568,44.0
37600,39.0
37600,10.0
37648,74.0
37728,53.0
37728,28.0
37792,53.0
37808,32.0
37824,50.0
37840,15.0
37840,68.0
37888,15.0
37936,45.0
38016,18.0
38048,16.0
38064,14.0
38080,22.0
38096,16.0
38128,51.0
38144,20.0
38176,49.0
38192,41.0
38240,50.0
38272,24.0
38272,29.0
38272,44.0
38320,12.0
38320,24.0
38336,12.0
38560,18.0
38560,60.0
38560,24.0
38640,34.0
38656,40.0
38656,85.0
38688,23.0
38704,39.0
38816,47.0
38816,16.0
38816,36.0
38864,11.0
38944,18.0
38992,21.0
39040,48.0
39104,52.0
39200,54.0
39280,18.0
39312,31.0
39360,34.0
39376,83.0
39392,75.0
39392,43.0
39456,56.0
39456,56.0
39488,73.0
39504,12.0
39536,56.0
39696,52.0
39712,56.0
39712,48.0
39744,22.0
39760,16.0
39840,46.0
39920,29.0
39936,35.0
40000,50.0
40016,39.0
40064,33.0
40096,24.0
40096,51.0
40128,13.0
40128,18.0
40144,43.0
40144,49.0
40240,47.0
40288,37.0
40304,13.0
40304,79.0
40336,20.0
40368,17.0
40400,17.0
40544,25.0
40544,49.0
40544,30.0
40560,39.0
40576,28.0
40608,19.0
40608,56.0
40640,17.0
40672,42.0
40784,40.0
40784,65.0
40816,26.0
40880,40.0
40944,40.0
40992,41.0
41104,31.0
41216,21.0
41216,36.0
41280,31.0
41280,46.0
41312,64.0
41360,23.0
41360,49.0
41440,55.0
41440,56.0
41488,51.0
41504,14.0
41680,71.0
41776,26.0
41856,65.0
41920,44.0
41920,35.0
41936,39.0
41936,41.0
41936,45.0
41952,73.0
41984,86.0
42000,9.0
42048,35.0
42048,34.0
42064,39.0
42112,11.0
42128,43.0
42128,22.0
42208,14.0
42224,11.0
42224,70.0
42368,27.0
42560,22.0
42624,31.0
42640,45.0
42640,106.0
42672,38.0
42688,46.0
42688,29.0
42768,34.0
42784,69.0
42816,48.0
42896,21.0
42944,64.0
43008,21.0
43088,60.0
43120,30.0
43152,72.0
43248,15.0
43280,29.0
43360,45.0
43408,29.0
43424,66.0
43424,41.0
43424,82.0
43440,51.0
43440,22.0
43440,41.0
43488,50.0
43504,98.0
43504,14.0
43552,41.0
43616,11.0
43680,20.0
43696,17.0
43824,17.0
43872,28.0
43872,23.0
43904,29.0
43920,31.0
43920,77.0
43936,49.0
43984,18.0
44080,36.0
44096,41.0
44096,12.0
44176,16.0
44208,21.0
44208,33.0
44224,38.0
44224,46.0
44272,18.0
44288,12.0
44320,75.0
44352,33.0
44432,14.0
44448,75.0
44464,16.0
44496,26.0
44496,36.0
44512,69.0
44512,36.0
44528,41.0
44672,11.0
44736,29.0
44736,13.0
44752,33.0
44768,42.0
44800,30.0
44864,25.0
44896,45.0
44928,30.0
44976,47.0
45024,32.0
45104,47.0
45168,26.0
45216,28.0
45264,48.0
45312,64.0
45376,32.0
45392,31.0
45392,55.0
45408,42.0
45488,43.0
45488,14.0
45504,48.0
45520,37.0
45536,69.0
45584,35.0
45680,44.0
45696,64.0
45744,36.0
45760,41.0
45824,20.0
45872,24.0
45888,30.0
45952,35.0
45968,24.0
45968,36.0
46000,43.0
46016,31.0
46032,41.0
46064,15.0
46128,40.0
46160,12.0
46208,28.0
46240,64.0
46240,17.0
46256,32.0
46352,30.0
46480,26.0
46496,50.0
46512,32.0
46592,66.0
46592,24.0
46656,31.0
46688,50.0
46752,50.0
46800,13.0
46816,50.0
46832,22.0
46912,35.0
46960,45.0
47008,48.0
47040,63.0
47072,24.0
47088,52.0
47120,39.0
47136,30.0
47216,44.0
47280,17.0
47296,31.0
47360,34.0
47360,20.0
47376,16.0
47392,35.0
47456,44.0
47456,15.0
47472,112.0
47472,55.0
47504,14.0
47536,15.0
47568,38.0
47600,33.0
47760,16.0
47776,103.0
47776,11.0
47840,28.0
47840,58.0
47872,25.0
47952,24.0
47984,13.0
48016,35.0
48096,46.0
48128,48.0
48144,43.0
48144,42.0
48176,14.0
48192,69.0
48192,66.0
48208,52.0
48256,26.0
48272,46.0
48368,38.0
48400,19.0
48400,35.0
48416,34.0
48544,21.0
48544,25.0
48560,24.0
48624,22.0
48784,63.0
48832,26.0
48848,41.0
48864,29.0
48880,32.0
48912,49.0
48992,63.0
49040,12.0
49104,44.0
49120,61.0
49136,37.0
49216,42.0
49216,60.0
49232,38.0
49312,27.0
49328,71.0
49344,83.0
49344,49.0
49424,40.0
49456,15.0
49520,43.0
49536,26.0
49552,14.0
49632,40.0
49664,33.0
49728,24.0
49808,48.0
49808,37.0
49840,33.0
49888,49.0
49920,66.0
49920,63.0
49936,44.0
50000,29.0
50000,41.0
50048,31.0
50080,26.0
50096,42.0
50112,12.0
50320,24.0
50368,46.0
50416,43.0
50432,34.0
50496,43.0
50544,29.0
50656,41.0
50656,34.0
50688,37.0
50688,40.0
50768,82.0
50800,62.0
50832,82.0
50848,33.0
50864,20.0
50960,29.0
50992,62.0
51008,37.0
51072,19.0
51072,77.0
51120,43.0
51136,48.0
51152,10.0
51168,30.0
51232,34.0
51328,30.0
51344,30.0
51344,12.0
51376,91.0
51392,46.0
51456,41.0
51456,31.0
51504,42.0
51568,25.0
51728,31.0
51728,22.0
51776,44.0
51808,50.0
51824,27.0
51856,33.0
51968,82.0
52000,41.0
52064,13.0
52096,37.0
52144,26.0
52144,26.0
52144,67.0
52192,66.0
52240,49.0
52240,26.0
52272,51.0
52352,49.0
52416,17.0
52448,83.0
52480,42.0
52608,52.0
52720,39.0
52736,42.0
52736,31.0
52800,38.0
52800,41.0
52816,42.0
52912,40.0
52960,62.0
52960,30.0
53056,44.0
53072,67.0
53072,41.0
53104,24.0
53120,24.0
53152,44.0
53184,24.0
53184,23.0
53184,59.0
53248,32.0
53264,41.0
53280,121.0
53408,14.0
53440,30.0
53552,23.0
53616,51.0
53632,35.0
53648,46.0
53696,46.0
53744,37.0
53744,40.0
53744,35.0
53840,36.0
53856,15.0
53872,14.0
53888,40.0
53904,52.0
54096,29.0
54128,67.0
54192,67.0
54224,51.0
54352,57.0
54352,41.0
54368,39.0
54368,32.0
54416,33.0
54480,40.0
54528,11.0
54544,28.0
54576,28.0
54576,42.0
54592,65.0
54640,56.0
54688,51.0
54688,29.0
54768,93.0
54848,20.0
54896,30.0
54912,73.0
54944,47.0
54960,30.0
54976,13.0
54992,25.0
55024,42.0
55104,46.0
55168,12.0
55232,34.0
55280,44.0
55280,27.0
55344,27.0
55360,42.0
55440,17.0
55440,56.0
55520,35.0
55568,62.0
55584,40.0
55584,30.0
55744,53.0
55744,47.0
55808,23.0
55808,28.0
55840,38.0
55872,77.0
55952,38.0
55968,59.0
55984,11.0
56000,102.0
56016,31.0
56096,22.0
56112,52.0
56144,54.0
56144,35.0
56160,13.0
56176,37.0
56176,38.0
56256,51.0
56320,32.0
56336,23.0
56352,30.0
56384,15.0
56384,14.0
56432,28.0
56464,23.0
56464,45.0
56464,28.0
56480,19.0
56544,27.0
56576,12.0
56624,12.0
56672,52.0
56672,13.0
56720,45.0
56800,41.0
56848,31.0
56960,31.0
56960,24.0
57008,43.0
57040,26.0
57056,50.0
57088,47.0
57088,44.0
57152,42.0
57280,12.0
57296,52.0
57312,32.0
57392,53.0
57392,34.0
57424,21.0
57440,48.0
57440,45.0
57520,30.0
57520,84.0
57568,35.0
57584,18.0
57664,44.0
57680,18.0
57872,22.0
57872,27.0
57872,45.0
57888,13.0
57888,14.0
57904,37.0
57936,26.0
57952,80.0
58000,36.0
58000,26.0
58016,66.0
58032,61.0
58048,11.0
58048,30.0
58128,53.0
58176,49.0
58320,28.0
58336,28.0
58416,61.0
58416,24.0
58432,35.0
58448,35.0
58512,24.0
58592,34.0
58592,36.0
58688,32.0
58752,10.0
58784,49.0
58800,30.0
58816,23.0
58816,55.0
58832,31.0
58848,26.0
58848,53.0
58960,23.0
59008,60.0
59024,17.0
59024,38.0
59168,22.0
59184,48.0
59216,26.0
59232,80.0
59312,33.0
59328,51.0
59472,98.0
59488,33.0
59520,52.0
59520,43.0
59552,15.0
59696,53.0
59696,42.0
59696,43.0
59712,30.0
59744,33.0
59744,45.0
59840,64.0
59920,67.0
59968,31.0
60064,23.0
60144,28.0
60240,17.0
60256,67.0
60272,47.0
60272,45.0
60288,48.0
60320,52.0
60320,38.0
60320,62.0
60384,15.0
60416,36.0
60544,30.0
60608,22.0
60640,56.0
60656,21.0
60688,26.0
60720,97.0
60736,26.0
60832,37.0
60848,36.0
60880,60.0
60912,12.0
60960,22.0
60992,16.0
61152,19.0
61168,92.0
61200,15.0
61200,51.0
61232,51.0
61248,35.0
61264,22.0
61360,44.0
61376,66.0
61440,38.0
61488,109.0
61568,36.0
61584,24.0
61616,83.0
61648,63.0
61680,27.0
61696,27.0
61696,16.0
61696,72.0
61712,35.0
61792,13.0
61808,27.0
61872,11.0
61904,42.0
61984,26.0
62112,57.0
62128,28.0
62144,61.0
62160,34.0
62176,51.0
62176,30.0
62224,84.0
62272,29.0
62368,9.0
62464,35.0
62464,51.0
62464,48.0
62480,48.0
62528,41.0
62544,27.0
62592,20.0
62592,38.0
62624,52.0
62640,31.0
62640,17.0
62768,37.0
62784,81.0
62944,19.0
62976,32.0
62976,22.0
63024,30.0
63040,17.0
63040,54.0
63056,33.0
63088,31.0
63104,40.0
63184,44.0
63248,41.0
63408,27.0
63488,53.0
63504,16.0
63568,33.0
63584,50.0
63664,43.0
63744,16.0
63760,81.0
63760,44.0
63856,28.0
63856,106.0
63856,18.0
63904,50.0
63920,56.0
63984,116.0
64000,51.0
64080,14.0
64080,65.0
64112,73.0
64256,37.0
64304,28.0
64352,48.0
64400,41.0
64400,34.0
64448,43.0
64480,36.0
64480,61.0
64544,49.0
64576,29.0
64640,97.0
64656,11.0
64704,39.0
64736,21.0
64736,41.0
64864,32.0
64896,56.0
64960,61.0
65024,48.0
65040,46.0
65040,40.0
65200,29.0
65200,34.0
65232,49.0
65248,44.0
65264,49.0
65264,33.0
65296,37.0
65296,25.0
65296,86.0
65312,42.0
65456,12.0
65568,34.0
65744,49.0
65760,45.0
65792,34.0
65824,37.0
65904,83.0
65952,40.0
65968,44.0
65968,13.0
65984,33.0
66000,44.0
66208,63.0
66208,63.0
66208,40.0
66224,30.0
66432,30.0
66448,39.0
66464,89.0
66480,32.0
66528,46.0
66560,35.0
66560,106.0
66672,86.0
66704,46.0
66720,12.0
66752,53.0
66768,49.0
66848,24.0
66880,42.0
66896,100.0
66912,27.0
67024,51.0
67024,37.0
67056,22.0
67168,60.0
67200,61.0
67216,41.0
67216,41.0
67216,28.0
67232,49.0
67280,14.0
67296,17.0
67392,40.0
67424,13.0
67488,38.0
67504,38.0
67536,54.0
67648,26.0
67648,28.0
67680,60.0
67728,14.0
67776,35.0
67792,59.0
67824,27.0
67856,40.0
67904,62.0
67920,56.0
67952,42.0
68080,27.0
68112,59.0
68128,11.0
68144,29.0
68144,22.0
68144,26.0
68192,21.0
68336,43.0
68400,16.0
68560,26.0
68608,13.0
68624,27.0
68640,76.0
68640,31.0
68688,35.0
68752,58.0
68768,77.0
68784,54.0
68816,57.0
68880,48.0
68896,35.0
68896,16.0
68928,102.0
68944,73.0
69024,59.0
69040,18.0
69136,36.0
69136,28.0
69232,37.0
69312,18.0
69344,46.0
69360,20.0
69408,17.0
69408,49.0
69456,14.0
69472,43.0
69488,34.0
69536,40.0
69568,130.0
69648,47.0
69680,12.0
69728,50.0
69728,60.0
69760,14.0
69776,60.0
69824,59.0
69824,26.0
69856,13.0
69904,34.0
70096,39.0
70112,18.0
70144,52.0
70144,18.0
70224,51.0
70256,33.0
70352,49.0
70400,39.0
70464,63.0
70480,84.0
70544,51.0
70544,27.0
70592,57.0
70608,24.0
70608,53.0
70672,33.0
70768,89.0
70768,39.0
70832,58.0
70896,40.0
70944,25.0
70960,54.0
70960,35.0
71056,29.0
71072,25.0
71072,37.0
71088,34.0
71232,55.0
71328,23.0
71408,59.0
71424,30.0
71488,33.0
71488,45.0
71488,55.0
71568,109.0
71600,32.0
71680,49.0
71744,61.0
71760,27.0
71776,73.0
71856,49.0
71872,17.0
71952,55.0
71952,17.0
72032,11.0
72048,62.0
72048,40.0
72064,36.0
72112,15.0
72176,47.0
72240,29.0
72240,47.0
72272,33.0
72288,11.0
72304,22.0
72320,68.0
72336,48.0
72352,19.0
72464,61.0
72544,23.0
72592,52.0
72640,22.0
72720,23.0
72752,50.0
72816,47.0
72848,34.0
72864,127.0
72896,35.0
72912,28.0
72976,46.0
73008,61.0
73008,48.0
73008,43.0
73072,33.0
73168,70.0
73168,56.0
73184,29.0
73216,20.0
73360,32.0
73408,51.0
73424,38.0
73456,44.0
73456,37.0
73488,30.0
73488,26.0
73552,12.0
73568,22.0
73632,29.0
73744,46.0
73824,41.0
73824,74.0
73904,26.0
74016,12.0
74032,64.0
74048,71.0
74112,23.0
74128,45.0
74176,34.0
74240,47.0
74240,66.0
74272,53.0
74272,51.0
74320,54.0
74320,48.0
74416,53.0
74448,27.0
74464,93.0
74576,42.0
74624,36.0
74656,30.0
74768,46.0
74784,23.0
74816,22.0
74864,65.0
74864,18.0
74928,50.0
75152,31.0
75200,58.0
75264,59.0
75312,33.0
75344,69.0
75344,77.0
75360,65.0
75360,46.0
75408,73.0
75408,40.0
75472,64.0
75568,47.0
75632,44.0
75696,21.0
75696,22.0
75792,37.0
75808,59.0
75856,44.0
75904,65.0
75904,17.0
75936,104.0
75968,17.0
75984,26.0
76096,49.0
76112,20.0
76160,51.0
76224,33.0
76272,54.0
76320,26.0
76336,58.0
76368,56.0
76384,64.0
76400,37.0
76432,33.0
76592,46.0
76624,40.0
76656,43.0
76656,87.0
76736,19.0
76848,57.0
76912,36.0
76944,18.0
76960,53.0
76976,51.0
77008,38.0
77072,44.0
77120,56.0
77200,51.0
77248,72.0
77360,28.0
77408,27.0
77440,70.0
77472,25.0
77520,36.0
77600,63.0
77600,83.0
77632,49.0
77744,39.0
77776,70.0
77856,38.0
77856,53.0
77920,74.0
77936,36.0
77968,31.0
78000,25.0
78032,88.0
78032,67.0
78048,26.0
78128,58.0
78128,45.0
78160,40.0
78224,30.0
78272,42.0
78400,60.0
78416,35.0
78432,27.0
78432,41.0
78464,38.0
78608,28.0
78704,46.0
78784,41.0
78816,37.0
78912,62.0
78928,31.0
78976,58.0
78976,65.0
79008,61.0
79136,54.0
79152,47.0
79200,26.0
79264,28.0
79344,40.0
79376,84.0
79424,63.0
79456,30.0
79488,32.0
79520,24.0
79520,32.0
79536,24.0
79600,71.0
79616,93.0
79760,21.0
79760,72.0
79808,29.0
79824,39.0
79840,36.0
79856,59.0
79968,28.0
80016,99.0
80144,39.0
80208,45.0
80208,42.0
80288,42.0
80320,32.0
80464,44.0
80464,31.0
80480,55.0
80512,42.0
80512,47.0
80528,42.0
80528,67.0
80608,105.0
80656,32.0
80672,24.0
80736,85.0
80832,39.0
80864,34.0
81024,63.0
81024,34.0
81056,37.0
81056,77.0
81072,38.0
81120,32.0
81168,31.0
81200,42.0
81216,35.0
81312,36.0
81376,54.0
81392,12.0
81456,59.0
81536,42.0
81600,87.0
81632,36.0
81728,38.0
81792,48.0
81840,49.0
81856,49.0
81904,86.0
81952,58.0
82000,49.0
82080,43.0
82144,61.0
82160,23.0
82320,54.0
82336,94.0
82352,61.0
82384,33.0
82400,31.0
82416,49.0
82416,36.0
82432,56.0
82432,70.0
82608,41.0
82624,64.0
82704,61.0
82896,56.0
82912,36.0
82928,31.0
82960,51.0
83024,54.0
83056,39.0
83072,41.0
83136,47.0
83184,36.0
83200,53.0
83232,38.0
83248,58.0
83344,79.0
83424,33.0
83568,40.0
83568,41.0
83792,28.0
83792,45.0
83920,95.0
83952,44.0
83968,79.0
84000,54.0
84128,44.0
84160,37.0
84192,60.0
84208,74.0
84240,74.0
84256,16.0
84352,121.0
84368,36.0
84384,51.0
84384,37.0
84416,91.0
84528,84.0
84592,87.0
84608,25.0
84608,23.0
84624,15.0
84720,50.0
84752,50.0
84752,39.0
84768,50.0
84768,32.0
84848,43.0
84880,32.0
84944,37.0
85056,29.0
85136,38.0
85168,26.0
85184,36.0
85280,25.0
85344,25.0
85344,46.0
85376,62.0
85392,48.0
85424,41.0
85440,43.0
85504,49.0
85568,50.0
85744,36.0
85824,48.0
85840,28.0
85888,92.0
85888,34.0
86000,51.0
86032,74.0
86080,32.0
86128,62.0
86128,43.0
86176,50.0
86272,33.0
86288,54.0
86320,30.0
86448,73.0
86448,28.0
86560,42.0
86592,78.0
86592,68.0
86800,30.0
86832,24.0
86832,35.0
86864,61.0
86864,43.0
86928,40.0
86960,23.0
86960,173.0
86976,59.0
87024,59.0
87040,37.0
87056,77.0
87072,59.0
87216,26.0
87280,72.0
87312,24.0
87376,34.0
87408,53.0
87456,31.0
87648,37.0
87760,49.0
87760,56.0
87792,48.0
87824,60.0
87840,39.0
87840,27.0
87920,83.0
87984,57.0
88032,41.0
88032,75.0
88064,64.0
88112,50.0
88208,47.0
88256,81.0
88272,39.0
88320,30.0
88400,38.0
88432,37.0
88448,73.0
88480,41.0
88512,30.0
88576,32.0
88640,24.0
88640,41.0
88672,47.0
88736,44.0
88736,39.0
88880,70.0
88976,36.0
89040,33.0
89040,45.0
89152,30.0
89168,88.0
89216,59.0
89248,32.0
89296,51.0
89472,37.0
89488,53.0
89504,67.0
89520,59.0
89584,34.0
89600,87.0
89616,55.0
89696,33.0
89744,31.0
89792,18.0
89824,42.0
89872,89.0
89904,79.0
89904,54.0
90096,12.0
90096,55.0
90144,41.0
90240,79.0
90256,29.0
90272,43.0
90288,37.0
90320,45.0
90352,55.0
90368,39.0
90448,72.0
90560,43.0
90576,16.0
90608,62.0
90704,55.0
90720,29.0
90720,22.0
90752,12.0
90768,31.0
90832,82.0
90880,27.0
90912,19.0
90928,52.0
90992,68.0
91136,49.0
91152,63.0
91200,60.0
91264,22.0
91360,37.0
91376,41.0
91376,68.0
91456,44.0
91488,41.0
91520,59.0
91568,26.0
91584,93.0
91600,42.0
91632,58.0
91680,14.0
91680,60.0
91824,29.0
91824,39.0
91952,67.0
91984,22.0
92000,11.0
92048,42.0
92112,53.0
92128,38.0
92240,69.0
92240,35.0
92240,40.0
92368,16.0
92464,55.0
92480,57.0
92544,19.0
92608,58.0
92608,101.0
92640,79.0
92656,73.0
92784,49.0
92800,35.0
92896,67.0
92992,54.0
93088,30.0
93168,24.0
93232,80.0
93248,38.0
93248,37.0
93280,81.0
93344,69.0
93360,29.0
93376,83.0
93376,48.0
93408,15.0
93408,59.0
93504,60.0
93632,79.0
93696,44.0
93744,23.0
93760,32.0
93776,34.0
93808,83.0
93952,36.0
93984,56.0
94048,40.0
94064,49.0
94064,51.0
94112,23.0
94144,12.0
94160,25.0
94208,54.0
94256,35.0
94256,53.0
94272,14.0
94336,52.0
94352,23.0
94400,21.0
94496,71.0
94496,27.0
94528,47.0
94592,49.0
94704,119.0
94784,72.0
94896,43.0
94928,42.0
94960,50.0
95024,33.0
95056,57.0
95104,11.0
95168,40.0
95216,16.0
95232,40.0
95248,56.0
95280,36.0
95344,35.0
95344,59.0
95360,68.0
95376,70.0
95472,36.0
95536,89.0
95632,71.0
95808,92.0
95808,36.0
95824,48.0
95856,24.0
95952,44.0
95952,58.0
95968,39.0
95984,22.0
96048,32.0
96080,45.0
96112,63.0
96128,60.0
96128,19.0
96144,50.0
96256,19.0
96272,56.0
96288,10.0
96304,28.0
96336,33.0
96384,19.0
96448,77.0
96544,31.0
96592,30.0
96608,21.0
96640,52.0
96704,45.0
96720,37.0
96784,25.0
96832,43.0
96864,26.0
96864,20.0
96912,13.0
96944,22.0
96960,42.0
96976,63.0
97008,66.0
97024,109.0
97056,45.0
97072,27.0
97136,52.0
97232,20.0
97328,45.0
97408,36.0
97504,17.0
97568,82.0
97632,42.0
97632,35.0
97696,52.0
97792,49.0
97808,59.0
97808,42.0
97808,64.0
97824,50.0
97840,54.0
97968,78.0
97984,58.0
98080,47.0
98112,73.0
98112,34.0
98128,45.0
98256,47.0
98320,43.0
98432,40.0
98496,43.0
98512,51.0
98560,58.0
98576,46.0
98592,30.0
98608,22.0
98736,58.0
98768,60.0
98800,52.0
98880,50.0
98976,13.0
99024,65.0
99120,39.0
99184,54.0
99200,67.0
99232,31.0
99232,70.0
99264,29.0
99360,58.0
99440,29.0
99472,103.0
99472,56.0
99536,26.0
99568,60.0
99600,25.0
99600,68.0
99648,39.0
99712,70.0
99712,15.0
99808,15.0
99808,78.0
99920,43.0
99952,48.0
99968,44.0
100000,70.0
100000,33.0
100016,41.0
100128,37.0
100144,27.0
100224,36.0
100240,40.0
100304,37.0
100336,33.0
100480,55.0
100496,43.0
100528,33.0
100560,83.0
100576,22.0
100576,17.0
100672,44.0
100736,25.0
100736,81.0
100752,11.0
100768,48.0
100784,34.0
100784,40.0
100800,42.0
100976,60.0
100992,27.0
101088,37.0
101104,33.0
101104,72.0
101248,32.0
101264,29.0
101312,36.0
101344,42.0
101360,90.0
101408,58.0
101536,48.0
101616,54.0
101728,29.0
101744,76.0
101760,41.0
101792,63.0
101920,52.0
101968,22.0
101984,75.0
102016,64.0
102208,60.0
102224,27.0
102256,33.0
102272,33.0
102272,60.0
102320,76.0
102352,59.0
102384,23.0
102384,29.0
102400,12.0
102432,56.0
102432,29.0
102432,28.0
102528,73.0
102576,22.0
102736,110.0
102736,22.0
102752,88.0
102784,32.0
102800,65.0
102864,29.0
102896,32.0
102960,40.0
103008,36.0
103088,52.0
103136,24.0
103328,23.0
103328,34.0
103328,66.0
103504,48.0
103552,70.0
103552,14.0
103584,43.0
103616,51.0
103712,61.0
103744,73.0
103760,56.0
103792,85.0
103936,99.0
103968,29.0
103984,56.0
103984,41.0
104048,45.0
104064,17.0
104112,69.0
104192,40.0
104208,37.0
104208,29.0
104208,17.0
104432,119.0
104480,58.0
104496,57.0
104496,28.0
104560,36.0
104624,54.0
104704,98.0
104736,48.0
104736,33.0
104784,42.0
104800,37.0
104912,44.0
104976,30.0
104976,31.0
105088,86.0
105104,30.0
105120,71.0
105168,38.0
105216,26.0
105232,65.0
105248,34.0
105264,22.0
105280,76.0
105328,22.0
105504,33.0
105504,48.0
105584,50.0
105664,36.0
105728,28.0
105744,82.0
105776,12.0
105792,29.0
105808,44.0
105888,87.0
105888,48.0
105904,40.0
105936,48.0
105968,77.0
105968,29.0
105984,46.0
106016,49.0
106112,56.0
106176,32.0
106208,27.0
106240,14.0
106256,23.0
106256,20.0
106352,24.0
106448,40.0
106496,32.0
106496,24.0
106544,40.0
106592,50.0
106688,27.0
106768,32.0
106784,21.0
106800,81.0
106800,57.0
106880,21.0
106896,58.0
106896,45.0
106992,12.0
107008,41.0
107056,83.0
107072,36.0
107152,59.0
107200,60.0
107280,24.0
107328,99.0
107360,36.0
107408,45.0
107408,51.0
107424,41.0
107552,31.0
107552,35.0
107568,26.0
107600,25.0
107712,40.0
107744,54.0
107856,85.0
107856,36.0
107984,35.0
108032,77.0
108048,31.0
108080,42.0
108096,33.0
108288,87.0
108384,64.0
108400,50.0
108416,44.0
108512,74.0
108592,32.0
108640,15.0
108672,43.0
108672,51.0
108672,58.0
108672,51.0
108752,44.0
108816,113.0
108896,84.0
109008,16.0
109088,26.0
109152,32.0
109200,57.0
109200,43.0
109216,39.0
109216,34.0
109280,38.0
109280,24.0
109296,75.0
109376,84.0
109520,71.0
109552,22.0
109632,51.0
109648,28.0
109728,145.0
109760,47.0
109808,37.0
109824,42.0
109872,14.0
109888,42.0
109904,22.0
109952,54.0
110032,101.0
110032,46.0
110064,43.0
110128,91.0
110160,55.0
110336,66.0
110336,33.0
110416,34.0
110416,56.0
110448,43.0
110496,29.0
110528,44.0
110592,54.0
110736,52.0
110848,32.0
110880,34.0
110896,28.0
110912,53.0
110944,66.0
110960,34.0
111008,86.0
111184,66.0
111280,83.0
111296,35.0
111296,48.0
111360,54.0
111392,34.0
111424,52.0
111440,80.0
111536,39.0
111600,45.0
111712,44.0
111744,83.0
111744,53.0
111808,53.0
111920,46.0
112000,40.0
112000,66.0
112016,124.0
112048,41.0
112096,22.0
112208,58.0
112272,35.0
112320,64.0
112368,58.0
112416,70.0
112480,30.0
112544,39.0
112624,64.0
112640,69.0
112640,40.0
112688,55.0
112704,80.0
112720,42.0
112832,39.0
112992,36.0
113024,24.0
113024,47.0
113024,24.0
113040,64.0
113088,84.0
113136,48.0
113168,39.0
113216,31.0
113264,49.0
113280,41.0
113360,42.0
113408,36.0
113456,85.0
113472,48.0
113504,23.0
113520,75.0
113664,40.0
113664,42.0
113696,42.0
113760,30.0
113792,44.0
113840,51.0
113872,44.0
113904,40.0
113968,47.0
114048,18.0
114080,38.0
114096,19.0
114176,71.0
114256,46.0
114272,23.0
114336,42.0
114352,41.0
114352,32.0
114400,65.0
114448,22.0
114496,65.0
114496,52.0
114528,64.0
114672,37.0
114832,41.0
114864,62.0
114912,26.0
114928,95.0
115008,42.0
115008,30.0
115072,69.0
115104,38.0
115136,43.0
115136,55.0
115152,50.0
115200,72.0
115296,59.0
115312,40.0
115344,26.0
115376,11.0
115424,72.0
115520,38.0
115568,12.0
115584,47.0
115664,50.0
115760,43.0
115776,30.0
115776,42.0
115872,54.0
115888,20.0
115984,53.0
116128,70.0
116160,64.0
116176,47.0
116272,117.0
116288,59.0
116320,73.0
116352,52.0
116352,36.0
116368,31.0
116512,33.0
116592,27.0
116592,63.0
116608,45.0
116672,57.0
116800,28.0
116832,66.0
116848,33.0
116864,97.0
117088,57.0
117088,60.0
117104,46.0
117184,57.0
117344,105.0
117392,55.0
117392,34.0
117440,53.0
117472,54.0
117504,52.0
117536,42.0
117584,81.0
117776,59.0
117840,31.0
117872,67.0
117872,49.0
117888,96.0
117968,49.0
118000,56.0
118016,39.0
118112,64.0
118144,40.0
118160,45.0
118176,40.0
118256,49.0
118352,36.0
118448,19.0
118464,22.0
118544,41.0
118560,43.0
118576,38.0
118608,64.0
118752,46.0
118768,58.0
118816,59.0
118832,24.0
118848,141.0
118864,32.0
118880,93.0
118944,59.0
119040,29.0
119072,38.0
119120,60.0
119120,11.0
119152,25.0
119200,41.0
119344,31.0
119440,42.0
119472,37.0
119488,41.0
119536,61.0
119584,34.0
119584,29.0
119600,62.0
119648,92.0
119728,57.0
119744,93.0
119840,31.0
119872,50.0
120016,72.0
120032,27.0
120272,70.0
120304,35.0
120336,76.0
120416,59.0
120416,25.0
120560,64.0
120560,67.0
120640,66.0
120672,77.0
120672,59.0
120688,65.0
120752,73.0
120784,23.0
120816,49.0
120832,62.0
120928,39.0
120944,42.0
120976,35.0
121008,28.0
121088,25.0
121104,17.0
121120,30.0
121168,123.0
121328,34.0
121360,24.0
121376,44.0
121392,52.0
121392,95.0
121408,67.0
121536,23.0
121536,49.0
121552,39.0
121568,29.0
121632,43.0
121632,32.0
121648,40.0
121648,61.0
121680,54.0
121728,25.0
121760,42.0
121936,33.0
121952,25.0
122000,23.0
122000,23.0
122000,29.0
122144,47.0
122256,31.0
122304,46.0
122320,58.0
122384,63.0
122400,54.0
122480,30.0
122512,72.0
122512,35.0
122528,53.0
122560,39.0
122592,17.0
122640,62.0
122768,39.0
122848,37.0
122864,76.0
122976,78.0
122992,30.0
123040,65.0
123088,44.0
123088,28.0
123168,41.0
123216,43.0
123216,39.0
123232,23.0
123248,43.0
123264,54.0
123296,62.0
123408,26.0
123456,91.0
123472,39.0
123632,54.0
123664,36.0
123712,28.0
123776,46.0
123792,34.0
123792,36.0
123904,27.0
124048,98.0
124128,56.0
124240,49.0
124304,42.0
124304,40.0
124512,46.0
124528,90.0
124544,52.0
124624,103.0
124656,90.0
124672,34.0
124688,28.0
124736,59.0
124768,85.0
124800,63.0
124800,31.0
124848,59.0
125120,24.0
125136,115.0
125152,40.0
125152,31.0
125200,42.0
125264,40.0
125280,38.0
125328,33.0
125392,84.0
125424,39.0
125424,141.0
125472,21.0
125552,78.0
125568,55.0
125664,34.0
125696,72.0
125760,35.0
125824,42.0
125856,63.0
126048,56.0
126096,83.0
126144,42.0
126160,55.0
126176,57.0
126176,47.0
126240,57.0
126272,32.0
126368,42.0
126400,53.0
126448,64.0
126464,14.0
126528,54.0
126528,22.0
126560,26.0
126576,30.0
126592,26.0
126624,36.0
126656,79.0
126672,25.0
126800,59.0
126832,63.0
126848,80.0
126880,30.0
126944,26.0
127008,40.0
127056,33.0
127072,15.0
127120,31.0
127152,36.0
127152,30.0
127168,45.0
127376,57.0
127392,77.0
127392,28.0
127456,56.0
127568,45.0
127584,32.0
127648,40.0
127680,39.0
127712,35.0
127744,68.0
127776,41.0
127792,40.0
127808,26.0
127856,61.0
127920,34.0
128032,90.0
128080,57.0
128160,85.0
128160,22.0
128176,49.0
128208,22.0
128224,34.0
128304,46.0
128448,50.0
128448,41.0
128496,45.0
128544,23.0
128752,34.0
128768,43.0
128800,40.0
128800,66.0
128848,71.0
128912,23.0
128912,47.0
128960,41.0
129056,38.0
129072,72.0
129136,21.0
129136,43.0
129216,28.0
129264,77.0
129312,35.0
129328,117.0
129344,110.0
129456,34.0
129568,67.0
129600,40.0
129632,49.0
129664,21.0
129664,38.0
129712,36.0
129712,23.0
129760,60.0
129824,43.0
129824,100.0
129856,37.0
129888,14.0
130000,49.0
130064,38.0
130080,73.0
130112,34.0
130144,27.0
130304,12.0
130336,64.0
130336,46.0
130368,38.0
130368,44.0
130448,46.0
130496,89.0
130560,58.0
130560,30.0
130576,32.0
130576,45.0
130656,52.0
130720,36.0
130736,57.0
130848,12.0
131056,66.0
131200,54.0
131216,40.0
131232,42.0
131248,33.0
131296,53.0
131296,88.0
131312,36.0
131344,61.0
131360,32.0
131664,29.0
131792,93.0
131808,32.0
131808,37.0
131824,33.0
131872,51.0
131936,39.0
132016,103.0
132016,105.0
132016,90.0
132032,14.0
132032,23.0
132048,50.0
132064,52.0
132208,17.0
132240,28.0
132304,113.0
132320,110.0
132384,64.0
132400,66.0
132560,34.0
132576,34.0
132656,40.0
132736,43.0
132768,60.0
132768,47.0
132848,51.0
132912,38.0
133056,74.0
133072,10.0
133088,32.0
133168,58.0
133200,50.0
133232,29.0
133360,81.0
133360,17.0
133376,97.0
133392,14.0
133392,34.0
133520,60.0
133584,32.0
133584,51.0
133632,36.0
133712,61.0
133760,90.0
133888,31.0
133888,94.0
133920,107.0
133968,82.0
134016,41.0
134176,37.0
134176,29.0
134208,43.0
134288,25.0
134288,44.0
134320,43.0
134368,63.0
134368,61.0
134368,73.0
134592,42.0
134656,48.0
134752,27.0
134800,65.0
134864,36.0
134928,60.0
134928,97.0
134944,107.0
134960,13.0
135056,43.0
135200,62.0
135232,76.0
135328,29.0
135408,77.0
135424,29.0
135424,39.0
135504,36.0
135568,80.0
135664,67.0
135712,24.0
135728,50.0
135728,97.0
135760,87.0
135776,22.0
135776,88.0
135808,72.0
135808,54.0
135856,41.0
135952,24.0
135952,34.0
135952,56.0
136048,51.0
136192,43.0
136304,36.0
136336,33.0
136336,42.0
136416,23.0
136416,14.0
136416,44.0
136448,37.0
136464,65.0
136640,11.0
136704,58.0
136784,66.0
136864,28.0
136864,57.0
136864,66.0
136864,68.0
136992,65.0
137056,47.0
137072,41.0
137152,51.0
137200,54.0
137376,24.0
137408,34.0
137408,34.0
137424,49.0
137456,63.0
137504,50.0
137520,110.0
137584,33.0
137584,102.0
137664,78.0
137712,58.0
137712,40.0
137776,36.0
137776,22.0
137808,59.0
137856,30.0
137984,36.0
138080,76.0
138160,36.0
138256,42.0
138304,56.0
138320,29.0
138320,73.0
138352,40.0
138416,47.0
138480,61.0
138544,52.0
138672,54.0
138800,34.0
138800,80.0
138848,54.0
138848,33.0
138944,49.0
138976,35.0
138992,96.0
139008,43.0
139184,44.0
139216,71.0
139248,44.0
139296,22.0
139312,60.0
139408,102.0
139424,39.0
139440,40.0
139456,38.0
139568,22.0
139584,37.0
139632,41.0
139648,40.0
139712,25.0
139792,34.0
139824,26.0
139824,95.0
139824,33.0
139936,135.0
139984,33.0
140000,83.0
140048,75.0
140080,28.0
140096,32.0
140224,49.0
140352,33.0
140368,23.0
140384,35.0
140400,76.0
140448,50.0
140464,47.0
140512,68.0
140672,55.0
140704,55.0
140704,38.0
140752,25.0
140864,81.0
140912,43.0
140912,54.0
140944,27.0
140992,38.0
141008,38.0
141024,59.0
141024,20.0
141184,75.0
141216,53.0
141248,82.0
141344,56.0
141376,57.0
141456,49.0
141504,40.0
141536,49.0
141568,22.0
141664,42.0
141696,47.0
141728,64.0
141824,50.0
141872,43.0
141904,62.0
141920,57.0
142048,30.0
142064,72.0
142064,35.0
142224,48.0
142336,68.0
142384,41.0
142576,41.0
142576,77.0
142624,35.0
142704,73.0
142720,41.0
142736,107.0
142768,34.0
142800,58.0
142896,75.0
143024,103.0
143040,62.0
143104,48.0
143120,46.0
143200,29.0
143216,31.0
143248,99.0
143264,90.0
143408,32.0
143440,40.0
143472,56.0
143504,30.0
143536,48.0
143552,58.0
143584,30.0
143648,59.0
143696,112.0
143760,40.0
143872,42.0
143904,31.0
143904,25.0
143936,25.0
143952,30.0
143968,87.0
143984,18.0
144016,48.0
144032,28.0
144048,31.0
144144,31.0
144224,49.0
144256,22.0
144304,79.0
144352,71.0
144368,69.0
144416,30.0
144464,30.0
144480,38.0
144480,45.0
144496,37.0
144656,40.0
144752,38.0
144752,16.0
144816,48.0
144832,26.0
144896,58.0
144928,35.0
144928,44.0
144944,43.0
144944,57.0
145040,46.0
145040,43.0
145152,42.0
145168,43.0
145280,39.0
145392,40.0
145424,33.0
145456,94.0
145520,44.0
145600,48.0
145664,31.0
145696,77.0
145712,27.0
145744,62.0
145824,23.0
145888,59.0
145936,17.0
145968,65.0
145984,52.0
146064,40.0
146064,34.0
146096,24.0
146096,66.0
146112,67.0
146240,31.0
146240,82.0
146464,48.0
146480,41.0
146512,17.0
146528,99.0
146576,61.0
146576,38.0
146608,34.0
146624,46.0
146656,37.0
146688,47.0
146704,38.0
146720,38.0
146784,50.0
146944,21.0
146960,28.0
147104,36.0
147184,112.0
147216,31.0
147248,42.0
147280,20.0
147296,51.0
147440,41.0
147440,51.0
147504,51.0
147760,74.0
147776,42.0
147792,36.0
147888,44.0
147888,74.0
147936,106.0
147952,42.0
148016,67.0
148112,126.0
148160,54.0
148176,107.0
148272,101.0
148400,38.0
148448,75.0
148464,44.0
148528,47.0
148544,41.0
148592,27.0
148608,27.0
148624,70.0
148656,76.0
148672,46.0
148736,39.0
148864,89.0
148880,27.0
148928,33.0
148960,59.0
148992,69.0
149024,25.0
149056,37.0
149168,36.0
149168,76.0
149168,31.0
149280,46.0
149344,29.0
149360,44.0
149392,29.0
149424,23.0
149440,26.0
149456,58.0
149632,48.0
149648,30.0
149760,50.0
149808,23.0
149840,42.0
149840,77.0
149888,45.0
149952,35.0
149952,42.0
149968,106.0
150000,63.0
150016,42.0
150128,44.0
150192,24.0
150224,54.0
150288,28.0
150288,52.0
150304,21.0
150384,31.0
150400,48.0
150448,27.0
150512,54.0
150544,44.0
150720,48.0
150736,21.0
150864,69.0
150864,46.0
150864,42.0
150880,58.0
150912,136.0
151072,49.0
151152,38.0
151200,75.0
151280,26.0
151456,67.0
151488,47.0
151616,26.0
151664,47.0
151664,37.0
151808,85.0
151824,96.0
151824,95.0
151856,62.0
151872,62.0
151888,46.0
151952,42.0
151968,32.0
152048,35.0
152096,99.0
152192,92.0
152272,24.0
152272,38.0
152304,22.0
152416,37.0
152448,49.0
152448,30.0
152672,53.0
152688,26.0
152768,60.0
152768,36.0
152784,43.0
152800,74.0
152832,49.0
152832,33.0
152912,66.0
152960,32.0
152976,69.0
153008,134.0
153104,180.0
153136,23.0
153184,48.0
153200,23.0
153280,23.0
153296,32.0
153408,13.0
153408,45.0
153440,48.0
153488,41.0
153648,53.0
153648,86.0
153664,30.0
153744,38.0
153744,49.0
153744,46.0
153760,62.0
153776,50.0
153856,35.0
153936,52.0
153984,21.0
154000,35.0
154096,38.0
154112,52.0
154144,24.0
154160,47.0
154208,35.0
154272,26.0
154304,116.0
154336,58.0
154480,31.0
154480,46.0
154544,48.0
154560,51.0
154560,35.0
154624,22.0
154672,63.0
154720,26.0
154800,29.0
154800,54.0
154864,41.0
154864,24.0
154992,55.0
154992,52.0
155040,30.0
155168,28.0
155296,47.0
155360,20.0
155376,80.0
155392,57.0
155424,54.0
155472,108.0
155520,53.0
155536,87.0
155552,35.0
155584,49.0
155648,49.0
155664,54.0
155776,25.0
155840,30.0
155936,34.0
156016,87.0
156016,72.0
156048,66.0
156112,35.0
156128,44.0
156128,37.0
156256,42.0
156304,71.0
156320,41.0
156368,37.0
156400,58.0
156416,36.0
156496,61.0
156512,76.0
156624,32.0
156656,33.0
156688,23.0
156752,31.0
156848,50.0
156928,27.0
157040,22.0
157120,74.0
157184,66.0
157184,49.0
157232,99.0
157264,78.0
157264,78.0
157296,40.0
157376,33.0
157472,69.0
157504,36.0
157504,62.0
157504,24.0
157520,76.0
157568,72.0
157584,34.0
157616,27.0
157760,24.0
157824,35.0
157872,36.0
157872,70.0
157888,44.0
157904,40.0
157920,26.0
157936,29.0
157984,26.0
158016,31.0
158048,34.0
158096,92.0
158224,62.0
158272,41.0
158288,25.0
158384,32.0
158384,29.0
158496,39.0
158496,37.0
158512,47.0
158528,59.0
158576,30.0
158640,44.0
158688,74.0
158704,43.0
158832,53.0
158832,38.0
158880,31.0
158880,37.0
158896,25.0
158912,54.0
159008,39.0
159104,29.0
159120,37.0
159120,53.0
159296,38.0
159328,52.0
159392,31.0
159392,32.0
159456,39.0
159472,40.0
159472,48.0
159488,36.0
159504,62.0
159520,59.0
159760,47.0
159776,56.0
159952,53.0
159952,35.0
160000,34.0
160080,37.0
160080,36.0
160080,43.0
160096,39.0
160144,42.0
160160,40.0
160224,69.0
160224,56.0
160240,59.0
160272,72.0
160272,153.0
160512,35.0
160528,48.0
160560,30.0
160640,26.0
160720,31.0
160736,31.0
160768,42.0
160848,13.0
160912,24.0
160928,72.0
160992,52.0
161024,59.0
161040,56.0
161056,66.0
161072,50.0
161088,20.0
161088,15.0
161168,28.0
161264,47.0
161376,24.0
161392,30.0
161392,23.0
161536,38.0
161568,52.0
161616,104.0
161696,101.0
161792,77.0
161792,47.0
161824,27.0
161856,48.0
161888,50.0
162064,112.0
162080,51.0
162144,47.0
162160,21.0
162208,65.0
162272,30.0
162288,77.0
162416,55.0
162464,68.0
162464,36.0
162480,43.0
162480,88.0
162528,60.0
162560,54.0
162592,24.0
162608,47.0
162608,62.0
162608,33.0
162848,15.0
162864,45.0
162960,34.0
163040,36.0
163040,48.0
163104,59.0
163104,51.0
163120,37.0
163152,42.0
163168,69.0
163264,49.0
163264,41.0
163296,52.0
163408,53.0
163424,52.0
163440,52.0
163504,41.0
163568,26.0
163680,40.0
163712,53.0
163776,22.0
163792,52.0
163888,39.0
164016,61.0
164016,28.0
164032,20.0
164080,12.0
164160,56.0
164160,54.0
164224,69.0
164288,74.0
164288,53.0
164336,52.0
164352,35.0
164352,74.0
164464,19.0
164496,51.0
164528,47.0
164560,30.0
164768,34.0
164816,88.0
164816,50.0
164864,53.0
164912,39.0
165008,41.0
165056,122.0
165104,67.0
165120,48.0
165120,35.0
165136,42.0
165168,55.0
165200,54.0
165200,24.0
165296,50.0
165344,51.0
165360,37.0
165360,14.0
165504,43.0
165504,84.0
165616,26.0
165776,38.0
165856,31.0
165968,29.0
166000,56.0
166032,64.0
166032,73.0
166064,45.0
166080,60.0
166096,74.0
166096,37.0
166208,37.0
166368,37.0
166368,67.0
166432,22.0
166480,85.0
166496,29.0
166512,34.0
166560,29.0
166576,95.0
166656,81.0
166736,40.0
166800,48.0
166848,30.0
166848,18.0
166880,32.0
166960,29.0
167056,66.0
167104,65.0
167104,42.0
167120,40.0
167152,59.0
167200,34.0
167296,49.0
167344,31.0
167408,138.0
167440,40.0
167536,105.0
167552,51.0
167568,38.0
167600,45.0
167744,28.0
167824,61.0
167840,49.0
167856,41.0
167872,48.0
167872,33.0
167904,47.0
167952,32.0
167984,55.0
168000,89.0
168032,57.0
168048,30.0
168160,38.0
168336,37.0
168368,34.0
168448,36.0
168480,38.0
168496,40.0
168544,44.0
168544,35.0
168544,37.0
168688,72.0
168688,12.0
168704,81.0
168736,71.0
168800,40.0
168848,53.0
168896,35.0
168912,29.0
169008,19.0
169088,66.0
169104,39.0
169120,24.0
169216,82.0
169232,43.0
169376,36.0
169408,35.0
169456,68.0
169456,28.0
169520,61.0
169536,53.0
169616,33.0
169648,69.0
169744,66.0
169904,28.0
169920,43.0
169952,36.0
169968,54.0
169984,54.0
170000,122.0
170016,50.0
170080,35.0
170080,34.0
170128,45.0
170208,35.0
170256,84.0
170272,86.0
170368,25.0
170448,33.0
170448,34.0
170544,34.0
170608,41.0
170608,39.0
170752,71.0
170752,34.0
170768,82.0
170816,43.0
170848,36.0
170928,57.0
170992,34.0
171024,48.0
171024,26.0
171056,61.0
171200,70.0
171232,43.0
171232,93.0
171312,59.0
171440,42.0
171488,46.0
171504,43.0
171504,66.0
171552,22.0
171616,24.0
171680,67.0
171760,63.0
171872,55.0
171904,29.0
171936,55.0
171952,58.0
172032,74.0
172032,45.0
172032,30.0
172192,18.0
172304,51.0
172304,67.0
172352,37.0
172368,84.0
172384,44.0
172480,54.0
172480,34.0
172480,38.0
172528,64.0
172592,35.0
172624,15.0
172688,41.0
172736,44.0
172896,26.0
172896,34.0
172896,123.0
172960,41.0
173024,45.0
173104,13.0
173104,39.0
173120,47.0
173232,31.0
173280,43.0
173376,47.0
173456,35.0
173664,107.0
173664,71.0
173696,137.0
173728,31.0
173744,79.0
173824,54.0
173904,50.0
173936,52.0
173936,35.0
174016,62.0
174064,86.0
174144,43.0
174176,80.0
174240,31.0
174288,63.0
174336,25.0
174368,44.0
174400,80.0
174400,138.0
174448,24.0
174528,39.0
174544,38.0
174576,57.0
174656,52.0
174752,64.0
174784,48.0
174816,30.0
174848,25.0
174864,29.0
174880,32.0
174992,21.0
174992,29.0
175088,57.0
175088,59.0
175152,47.0
175184,56.0
175360,104.0
175456,29.0
175488,42.0
175488,78.0
175536,41.0
175552,50.0
175600,46.0
175632,53.0
175712,39.0
175776,39.0
175888,65.0
175936,53.0
175952,37.0
176000,89.0
176000,63.0
176080,56.0
176128,31.0
176144,37.0
176176,25.0
176256,48.0
176320,45.0
176384,56.0
176400,43.0
176480,64.0
176560,64.0
176560,35.0
176672,26.0
176672,34.0
176720,136.0
176768,23.0
176768,51.0
176800,26.0
176864,49.0
176880,59.0
176960,51.0
176960,60.0
177040,45.0
177120,59.0
177120,22.0
177168,38.0
177184,39.0
177232,35.0
177280,87.0
177328,35.0
177472,50.0
177616,31.0
177648,73.0
177664,59.0
177712,52.0
177728,28.0
177744,59.0
177760,27.0
177792,35.0
177808,39.0
177824,54.0
177824,44.0
178000,60.0
178048,24.0
178128,19.0
178192,64.0
178240,39.0
178240,31.0
178256,87.0
178272,50.0
178304,34.0
178304,30.0
178416,91.0
178432,39.0
178432,49.0
178448,13.0
178464,47.0
178624,27.0
178720,30.0
178800,47.0
178832,25.0
178832,52.0
178880,38.0
178944,32.0
178976,42.0
179088,52.0
179120,87.0
179136,43.0
179136,63.0
179152,43.0
179264,60.0
179360,59.0
179360,26.0
179376,41.0
179424,102.0
179504,24.0
179504,23.0
179552,45.0
179568,59.0
179696,35.0
179776,56.0
179776,59.0
179792,44.0
179936,49.0
179984,45.0
180128,47.0
180192,39.0
180208,27.0
180208,44.0
180336,57.0
180352,86.0
180400,26.0
180432,55.0
180480,44.0
180512,45.0
180576,111.0
180592,56.0
180752,25.0
180800,90.0
180832,44.0
180864,41.0
180928,62.0
180976,34.0
181056,45.0
181088,55.0
181184,24.0
181184,13.0
181200,43.0
181200,23.0
181360,60.0
181408,41.0
181424,120.0
181472,38.0
181488,133.0
181488,27.0
181504,57.0
181664,30.0
181744,97.0
181792,82.0
181904,26.0
181920,35.0
181968,48.0
182032,91.0
182048,39.0
182112,39.0
182128,39.0
182160,47.0
182240,65.0
182272,68.0
182496,33.0
182512,29.0
182528,23.0
182544,91.0
182560,28.0
182560,68.0
182576,28.0
182608,44.0
182672,55.0
182928,27.0
182944,27.0
182944,126.0
182992,60.0
183152,37.0
183216,61.0
183248,40.0
183296,22.0
183296,47.0
183312,87.0
183456,58.0
183584,18.0
183600,83.0
183632,43.0
183632,123.0
183680,63.0
183744,125.0
183760,48.0
183824,38.0
184000,90.0
184064,27.0
184080,94.0
184112,60.0
184192,56.0
184240,40.0
184256,36.0
184288,29.0
184304,42.0
184352,56.0
184400,13.0
184416,52.0
184464,96.0
184528,80.0
184576,31.0
184576,52.0
184592,80.0
184656,26.0
184688,58.0
184752,40.0
184768,44.0
184800,28.0
184816,51.0
184880,29.0
184976,45.0
185296,34.0
185312,41.0
185328,50.0
185328,47.0
185328,64.0
185344,36.0
185408,45.0
185424,52.0
185504,12.0
185536,46.0
185536,71.0
185664,75.0
185776,50.0
185824,31.0
185856,61.0
185872,81.0
185936,103.0
185968,35.0
186064,78.0
186144,23.0
186160,41.0
186240,56.0
186288,39.0
186288,54.0
186400,54.0
186416,30.0
186512,43.0
186528,41.0
186544,76.0
186576,38.0
186608,67.0
186624,24.0
186624,83.0
186800,92.0
186816,25.0
186864,22.0
186880,64.0
186880,45.0
186992,58.0
187008,24.0
187056,48.0
187120,34.0
187136,38.0
187184,40.0
187216,58.0
187328,33.0
187408,33.0
187440,27.0
187456,66.0
187536,58.0
187600,30.0
187680,43.0
187696,67.0
187712,98.0
187776,40.0
187808,62.0
187824,31.0
187840,61.0
187936,47.0
187968,18.0
188016,35.0
188048,73.0
188256,28.0
188304,68.0
188320,24.0
188352,51.0
188352,81.0
188448,53.0
188480,29.0
188512,34.0
188672,60.0
188688,53.0
188800,61.0
188832,87.0
188896,37.0
188928,26.0
188960,79.0
189040,79.0
189056,50.0
189168,51.0
189280,38.0
189296,61.0
189312,52.0
189360,42.0
189440,38.0
189488,20.0
189504,34.0
189520,92.0
189552,75.0
189632,52.0
189648,75.0
189728,52.0
189760,45.0
189808,31.0
189840,49.0
189872,37.0
189904,61.0
189904,26.0
190080,28.0
190240,177.0
190320,51.0
190336,51.0
190352,62.0
190368,58.0
190400,42.0
190432,39.0
190448,38.0
190480,45.0
190528,41.0
190544,62.0
190544,40.0
190592,32.0
190672,48.0
190720,24.0
190736,90.0
190736,68.0
190800,27.0
190912,35.0
190960,33.0
191120,50.0
191120,36.0
191136,56.0
191200,42.0
191232,32.0
191232,49.0
191280,50.0
191360,39.0
191360,43.0
191376,61.0
191568,23.0
191584,29.0
191600,54.0
191632,68.0
191696,56.0
191728,38.0
191728,31.0
191744,72.0
191776,51.0
191808,28.0
191904,42.0
191920,63.0
191952,51.0
191968,38.0
192000,23.0
192160,27.0
192192,26.0
192384,40.0
192400,52.0
192448,53.0
192464,32.0
192480,75.0
192544,24.0
192544,34.0
192560,61.0
192560,74.0
192576,42.0
192640,57.0
192880,74.0
192896,61.0
192976,36.0
193024,52.0
193040,67.0
193088,33.0
193104,41.0
193136,35.0
193248,48.0
193248,49.0
193264,91.0
193264,44.0
193296,47.0
193520,55.0
193584,43.0
193600,31.0
193648,38.0
193648,48.0
193696,72.0
193712,43.0
193744,48.0
193840,47.0
193904,40.0
193936,42.0
193952,51.0
193984,100.0
194016,48.0
194144,28.0
194208,57.0
194288,43.0
194288,40.0
194336,24.0
194352,32.0
194352,40.0
194400,51.0
194448,50.0
194464,45.0
194480,36.0
194576,40.0
194624,40.0
194704,74.0
194736,28.0
194768,47.0
194784,96.0
194832,43.0
194832,24.0
194864,33.0
194864,32.0
194896,34.0
194976,43.0
195056,36.0
195104,25.0
195152,59.0
195216,40.0
195232,52.0
195280,24.0
195376,38.0
195376,57.0
195392,33.0
195408,34.0
195584,30.0
195600,48.0
195616,24.0
195632,63.0
195696,60.0
195760,61.0
195792,24.0
195792,12.0
195824,42.0
195840,35.0
195904,53.0
196016,24.0
196048,67.0
196064,43.0
196160,48.0
196160,34.0
196288,91.0
196368,42.0
196368,34.0
196400,38.0
196416,41.0
196464,78.0
196464,42.0
196688,42.0
196704,83.0
196784,75.0
196784,46.0
196800,24.0
196832,62.0
196944,49.0
196992,39.0
197024,60.0
197152,54.0
197168,48.0
197216,27.0
197264,69.0
197312,23.0
197312,38.0
197344,55.0
197392,64.0
197504,100.0
197584,70.0
197600,51.0
197680,26.0
197728,46.0
197744,57.0
197792,25.0
197824,71.0
197872,45.0
198032,51.0
198032,54.0
198048,78.0
198096,49.0
198112,27.0
198160,51.0
198160,53.0
198240,40.0
198400,41.0
198448,41.0
198480,38.0
198560,96.0
198672,36.0
198720,42.0
198800,67.0
198832,42.0
198848,79.0
198880,53.0
198896,54.0
198912,47.0
198928,43.0
198944,90.0
199008,13.0
199040,76.0
199136,26.0
199200,18.0
199200,68.0
199216,46.0
199216,51.0
199312,47.0
199328,24.0
199360,43.0
199392,32.0
199456,39.0
199488,35.0
199488,65.0
199632,27.0
199680,40.0
199696,50.0
199728,32.0
199792,41.0
199888,65.0
199936,28.0
199952,37.0
200000,50.0
200016,44.0
200048,26.0
200048,20.0
200048,52.0
200112,49.0
200128,28.0
200208,12.0
200240,47.0
200352,41.0
200400,32.0
200496,93.0
200496,28.0
200528,36.0
200528,67.0
200624,77.0
200656,38.0
200720,37.0
200736,31.0
200736,43.0
200736,46.0
200784,53.0
200912,50.0
200928,36.0
200928,27.0
200944,28.0
200992,75.0
201072,54.0
201104,36.0
201120,45.0
201136,38.0
201200,30.0
201312,36.0
201344,38.0
201408,42.0
201424,48.0
201456,42.0
201504,37.0
201664,45.0
201680,17.0
201712,49.0
201792,45.0
201792,21.0
201856,54.0
201904,49.0
201920,51.0
202032,56.0
202112,43.0
202128,58.0
202144,76.0
202192,25.0
202320,61.0
202352,108.0
202368,66.0
202464,42.0
202496,37.0
202512,25.0
202528,64.0
202576,54.0
202624,48.0
202656,62.0
202704,35.0
202704,42.0
202736,66.0
202784,37.0
202880,35.0
202992,23.0
203008,41.0
203056,58.0
203120,47.0
203152,43.0
203344,52.0
203376,42.0
203376,55.0
203408,52.0
203440,44.0
203488,27.0
203488,98.0
203504,61.0
203712,35.0
203824,73.0
203856,72.0
203952,36.0
203984,75.0
204048,44.0
204096,69.0
204144,40.0
204144,27.0
204176,50.0
204208,75.0
204224,51.0
204256,27.0
204304,89.0
204320,52.0
204432,62.0
204432,59.0
204544,43.0
204608,32.0
204624,40.0
204640,20.0
204656,44.0
204688,29.0
204688,98.0
204800,39.0
204800,41.0
204896,43.0
204912,38.0
204928,55.0
204976,52.0
205184,31.0
205280,30.0
205360,69.0
205424,62.0
205440,63.0
205504,55.0
205504,51.0
205520,39.0
205520,61.0
205536,22.0
205536,55.0
205568,40.0
205584,61.0
205616,61.0
205712,46.0
205840,25.0
205856,59.0
206000,40.0
206016,25.0
206032,38.0
206048,78.0
206144,40.0
206144,27.0
206160,55.0
206176,42.0
206320,47.0
206352,52.0
206448,37.0
206464,27.0
206560,32.0
206592,37.0
206592,36.0
206608,29.0
206704,74.0
206720,55.0
206736,75.0
206752,38.0
206800,79.0
206832,17.0
206864,80.0
206944,21.0
206976,51.0
207072,56.0
207104,47.0
207184,27.0
207184,20.0
207216,48.0
207264,34.0
207280,36.0
207328,63.0
207392,37.0
207456,54.0
207632,23.0
207680,59.0
207696,39.0
207760,51.0
207824,53.0
207856,40.0
207872,34.0
207968,49.0
208000,56.0
208080,56.0
208112,41.0
208144,29.0
208272,40.0
208288,114.0
208400,63.0
208496,33.0
208512,120.0
208528,106.0
208560,46.0
208560,50.0
208576,44.0
208672,51.0
208720,90.0
208784,44.0
208880,74.0
208896,39.0
208896,38.0
208960,29.0
209008,38.0
209072,60.0
209104,37.0
209104,36.0
209120,61.0
209216,41.0
209216,76.0
209248,29.0
209280,38.0
209280,24.0
209312,37.0
209328,47.0
209440,27.0
209456,24.0
209488,58.0
209520,39.0
209600,24.0
209664,24.0
209680,50.0
209680,29.0
209840,32.0
209904,59.0
209904,41.0
209952,42.0
209968,54.0
209984,54.0
210128,42.0
210176,43.0
210208,56.0
210304,75.0
210304,25.0
210320,40.0
210368,33.0
210368,25.0
210400,46.0
210400,55.0
210496,51.0
210512,35.0
210656,76.0
210736,71.0
210752,39.0
210768,37.0
210864,60.0
210880,35.0
210896,43.0
210896,31.0
211040,66.0
211104,50.0
211152,49.0
211168,42.0
211216,57.0
211296,58.0
211376,17.0
211424,57.0
211504,53.0
211536,40.0
211568,44.0
211648,48.0
211664,57.0
211712,31.0
211760,38.0
211792,39.0
211856,51.0
211888,70.0
211904,73.0
211920,24.0
211920,34.0
212048,25.0
212080,36.0
212208,34.0
212208,28.0
212304,46.0
212304,55.0
212336,65.0
212352,35.0
212352,40.0
212352,122.0
212464,34.0
212480,37.0
212512,41.0
212528,39.0
212592,106.0
212752,25.0
212784,54.0
212896,27.0
212912,36.0
212944,37.0
212944,26.0
212944,46.0
213024,59.0
213088,38.0
213216,44.0
213280,58.0
213344,47.0
213440,41.0
213440,31.0
213520,48.0
213696,42.0
213728,49.0
213792,93.0
213808,54.0
213840,58.0
213888,50.0
213920,64.0
213936,118.0
213968,43.0
214096,55.0
214208,43.0
214240,50.0
214272,52.0
214288,35.0
214368,36.0
214400,35.0
214432,133.0
214496,36.0
214576,43.0
214640,81.0
214736,50.0
214768,42.0
214768,35.0
214800,32.0
214800,162.0
214848,38.0
214976,13.0
215120,89.0
215120,53.0
215168,46.0
215184,24.0
215216,28.0
215280,27.0
215312,94.0
215344,59.0
215360,87.0
215472,42.0
215488,70.0
215536,50.0
215616,28.0
215712,71.0
215712,46.0
215728,38.0
215760,79.0
215872,33.0
215888,36.0
215904,39.0
215984,84.0
216000,51.0
216048,20.0
216080,45.0
216080,37.0
216128,41.0
216160,39.0
216208,62.0
216288,36.0
216368,29.0
216400,40.0
216496,55.0
216544,42.0
216544,52.0
216544,41.0
216560,25.0
216576,91.0
216656,42.0
216832,49.0
216848,53.0
216864,49.0
217008,27.0
217040,60.0
217104,35.0
217104,56.0
217152,64.0
217168,38.0
217200,52.0
217264,61.0
217296,27.0
217312,41.0
217376,61.0
217520,23.0
217520,61.0
217632,49.0
217648,34.0
217696,20.0
217760,76.0
217808,82.0
217920,55.0
217952,27.0
218000,56.0
218016,44.0
218032,17.0
218144,59.0
218208,75.0
218208,43.0
218224,33.0
218224,58.0
218352,25.0
218368,69.0
218432,25.0
218480,52.0
218480,82.0
218512,44.0
218592,42.0
218624,38.0
218656,114.0
218672,42.0
218688,34.0
218720,31.0
218800,37.0
218848,40.0
218944,82.0
219008,24.0
219088,46.0
219136,39.0
219168,28.0
219248,36.0
219248,48.0
219264,42.0
219296,58.0
219360,71.0
219424,30.0
219440,19.0
219472,62.0
219504,41.0
219520,68.0
219520,54.0
219584,56.0
219616,33.0
219616,51.0
219824,51.0
219840,36.0
219856,35.0
219872,39.0
219904,30.0
219936,43.0
219968,28.0
219984,51.0
220096,36.0
220272,57.0
220352,46.0
220416,59.0
220512,58.0
220544,43.0
220544,36.0
220544,45.0
220544,65.0
220640,50.0
220704,45.0
220752,30.0
220768,83.0
220816,25.0
220832,46.0
220864,58.0
220896,34.0
220896,22.0
220928,66.0
221072,73.0
221104,93.0
221200,41.0
221216,25.0
221280,24.0
221280,24.0
221328,36.0
221328,49.0
221424,49.0
221472,23.0
221472,40.0
221536,62.0
221616,57.0
221824,82.0
221824,56.0
221904,71.0
221936,38.0
221952,39.0
222112,31.0
222160,59.0
222192,45.0
222192,83.0
222224,59.0
222256,49.0
222320,70.0
222368,29.0
222400,83.0
222464,40.0
222528,44.0
222528,78.0
222624,75.0
222688,23.0
222784,39.0
222800,27.0
222816,35.0
222816,37.0
222896,44.0
222928,87.0
222944,63.0
223008,30.0
223136,59.0
223184,77.0
223200,36.0
223264,28.0
223344,59.0
223392,24.0
223424,38.0
223440,83.0
223520,46.0
223552,26.0
223584,70.0
223616,58.0
223680,55.0
223712,48.0
223760,35.0
223808,80.0
223824,40.0
223872,30.0
223904,61.0
223968,24.0
223984,68.0
224016,13.0
224160,30.0
224176,41.0
224176,57.0
224224,50.0
224256,51.0
224272,28.0
224288,24.0
224288,59.0
224496,55.0
224528,61.0
224672,44.0
224688,42.0
224720,27.0
224720,34.0
224816,69.0
224848,43.0
224880,38.0
224928,66.0
224960,44.0
225056,55.0
225136,38.0
225168,28.0
225184,43.0
225248,36.0
225312,83.0
225376,41.0
225440,105.0
225488,75.0
225504,80.0
225520,13.0
225552,26.0
225584,56.0
225616,35.0
225648,43.0
225648,45.0
225680,52.0
225776,33.0
225808,62.0
225824,40.0
225952,67.0
225984,25.0
226000,30.0
226144,40.0
226208,52.0
226256,68.0
226288,46.0
226384,44.0
226416,40.0
226416,58.0
226448,50.0
226480,31.0
226560,38.0
226672,66.0
226736,58.0
226768,22.0
226800,61.0
226816,51.0
226880,25.0
226880,37.0
226896,43.0
226912,79.0
227024,55.0
227104,45.0
227120,42.0
227136,45.0
227152,56.0
227312,47.0
227376,31.0
227440,40.0
227440,125.0
227440,34.0
227456,45.0
227520,31.0
227536,45.0
227568,41.0
227584,44.0
227664,32.0
227744,67.0
227904,29.0
227984,54.0
228000,35.0
228032,23.0
228048,30.0
228064,38.0
228080,34.0
228160,87.0
228160,49.0
228192,38.0
228240,58.0
228240,45.0
228272,71.0
228304,25.0
228320,55.0
228608,26.0
228624,29.0
228640,96.0
228640,41.0
228672,42.0
228704,29.0
228736,42.0
228768,38.0
228784,44.0
228960,43.0
229008,24.0
229056,24.0
229120,51.0
229120,32.0
229136,69.0
229152,52.0
229168,89.0
229248,34.0
229328,68.0
229344,35.0
229424,86.0
229456,25.0
229472,21.0
229488,45.0
229536,36.0
229568,52.0
229584,29.0
229664,64.0
229664,41.0
229824,42.0
229856,23.0
229888,48.0
230016,28.0
230016,22.0
230096,58.0
230096,53.0
230128,29.0
230176,45.0
230176,96.0
230192,53.0
230192,21.0
230272,59.0
230288,51.0
230320,49.0
230576,28.0
230592,63.0
230608,49.0
230672,41.0
230672,36.0
230704,33.0
230768,36.0
230800,38.0
230816,31.0
230864,61.0
230864,37.0
230864,53.0
230944,53.0
230976,97.0
231008,25.0
231024,28.0
231120,52.0
231280,38.0
231296,27.0
231296,70.0
231376,36.0
231440,36.0
231520,58.0
231536,35.0
231632,48.0
231648,61.0
231680,61.0
231680,41.0
231696,36.0
231744,29.0
231808,54.0
231952,41.0
232000,74.0
232048,38.0
232144,86.0
232160,40.0
232224,34.0
232240,44.0
232288,30.0
232304,81.0
232368,67.0
232368,43.0
232384,63.0
232400,28.0
232624,36.0
232624,39.0
232688,59.0
232688,19.0
232736,68.0
232768,25.0
232832,43.0
232832,42.0
232880,36.0
232912,80.0
232928,77.0
232976,22.0
233024,50.0
233040,42.0
233072,49.0
233104,23.0
233168,30.0
233200,50.0
233232,62.0
233312,34.0
233392,32.0
233472,34.0
233568,23.0
233616,37.0
233648,64.0
233744,57.0
233792,69.0
233792,55.0
233808,48.0
233824,47.0
233872,48.0
233872,65.0
233888,57.0
233968,50.0
234000,38.0
234000,27.0
234048,25.0
234208,56.0
234272,41.0
234352,29.0
234384,57.0
234416,38.0
234416,39.0
234416,34.0
234432,43.0
234464,31.0
234512,80.0
234560,46.0
234768,61.0
234832,39.0
234864,62.0
234896,53.0
234992,62.0
235024,47.0
235040,39.0
235104,37.0
235216,50.0
235232,48.0
235280,58.0
235280,45.0
235280,54.0
235312,55.0
235312,28.0
235360,23.0
235376,86.0
235456,27.0
235456,35.0
235744,44.0
235744,23.0
235808,44.0
235856,68.0
235888,38.0
235920,68.0
235936,12.0
235952,42.0
236000,48.0
236016,44.0
236016,35.0
236032,47.0
236048,104.0
236192,61.0
236208,47.0
236240,27.0
236336,64.0
236336,61.0
236432,32.0
236464,28.0
236544,37.0
236560,34.0
236576,43.0
236592,41.0
236608,47.0
236656,29.0
236704,23.0
236768,27.0
236848,38.0
236864,52.0
236944,22.0
236992,62.0
237024,30.0
237104,40.0
237104,56.0
237104,34.0
237104,66.0
237248,94.0
237296,54.0
237360,47.0
237520,42.0
237552,49.0
237600,46.0
237616,37.0
237632,61.0
237696,37.0
237744,65.0
237744,24.0
237792,43.0
237840,46.0
237888,23.0
237920,51.0
238048,69.0
238048,50.0
238176,74.0
238272,22.0
238352,46.0
238416,115.0
238480,27.0
238512,76.0
238608,27.0
238640,65.0
238672,70.0
238688,59.0
238720,64.0
238752,60.0
238768,58.0
238816,34.0
238912,80.0
238928,28.0
239056,73.0
239072,35.0
239120,86.0
239152,29.0
239216,38.0
239232,35.0
239264,13.0
239296,59.0
239328,38.0
239424,63.0
239424,19.0
239456,44.0
239472,35.0
239488,35.0
239616,50.0
239632,62.0
239648,36.0
239712,24.0
239760,38.0
239824,66.0
239952,119.0
239984,31.0
239984,43.0
240048,26.0
240064,50.0
240064,53.0
240096,28.0
240144,42.0
240192,48.0
240240,39.0
240272,28.0
240320,68.0
240368,59.0
240448,43.0
240464,47.0
240528,27.0
240560,31.0
240608,72.0
240624,24.0
240896,39.0
240896,59.0
240896,27.0
240976,62.0
241040,37.0
241056,43.0
241072,58.0
241072,68.0
241104,30.0
241136,51.0
241136,67.0
241216,73.0
241280,45.0
241296,48.0
241312,70.0
241424,33.0
241552,26.0
241600,44.0
241728,42.0
241760,72.0
241776,44.0
241824,49.0
241840,46.0
241904,43.0
241904,39.0
241952,66.0
241968,42.0
241968,56.0
241984,27.0
241984,42.0
242112,24.0
242192,37.0
242256,80.0
242272,27.0
242288,29.0
242352,28.0
242416,40.0
242448,29.0
242528,87.0
242624,40.0
242672,45.0
242688,31.0
242736,28.0
242816,34.0
242832,45.0
242896,40.0
242960,38.0
242976,63.0
243040,101.0
243072,69.0
243072,73.0
243104,43.0
243152,39.0
243152,33.0
243312,26.0
243328,40.0
243328,37.0
243360,57.0
243408,46.0
243424,104.0
243456,39.0
243472,20.0
243552,28.0
243632,41.0
243632,51.0
243680,33.0
243712,47.0
243744,24.0
243792,45.0
243824,49.0
243936,38.0
244016,43.0
244032,36.0
244064,47.0
244080,28.0
244128,44.0
244176,69.0
244192,45.0
244288,36.0
244352,14.0
244352,45.0
244432,64.0
244448,26.0
244480,50.0
244544,30.0
244608,54.0
244640,53.0
244640,44.0
244640,68.0
244688,54.0
244752,35.0
244784,44.0
244800,32.0
244800,28.0
245024,63.0
245072,24.0
245184,25.0
245232,43.0
245344,46.0
245392,23.0
245424,49.0
245440,62.0
245488,53.0
245488,66.0
245520,48.0
245552,75.0
245632,72.0
245632,52.0
245696,56.0
245760,99.0
245808,46.0
245936,44.0
246064,36.0
246128,43.0
246208,45.0
246224,99.0
246240,51.0
246240,34.0
246272,58.0
246288,30.0
246336,51.0
246416,64.0
246432,55.0
246464,80.0
246480,53.0
246656,33.0
246688,66.0
246736,50.0
246848,38.0
246848,39.0
246864,69.0
246864,50.0
246896,38.0
246912,40.0
246944,44.0
247008,42.0
247008,33.0
247040,52.0
247040,39.0
247152,26.0
247168,46.0
247200,12.0
247232,12.0
247312,39.0
247328,42.0
247360,32.0
247424,26.0
247424,36.0
247440,36.0
247456,62.0
247504,22.0
247600,41.0
247616,28.0
247792,47.0
247840,24.0
247984,47.0
248016,44.0
248032,71.0
248064,75.0
248096,41.0
248096,48.0
248112,43.0
248160,60.0
248160,78.0
248272,57.0
248288,49.0
248400,24.0
248400,61.0
248400,23.0
248416,27.0
248448,52.0
248448,53.0
248480,26.0
248672,35.0
248752,57.0
248832,35.0
248832,27.0
248848,35.0
248912,47.0
248992,75.0
249008,37.0
249008,38.0
249104,44.0
249136,43.0
249168,67.0
249200,47.0
249216,66.0
249440,43.0
249440,60.0
249472,29.0
249616,38.0
249680,29.0
249680,36.0
249712,45.0
249776,59.0
249808,40.0
249824,72.0
249840,109.0
249920,67.0
249952,51.0
249968,33.0
250000,50.0
250016,69.0
250096,79.0
250096,30.0
250128,43.0
250304,39.0
250352,33.0
250384,42.0
250400,58.0
250416,28.0
250416,29.0
250432,39.0
250480,35.0
250528,47.0
250576,36.0
250640,60.0
250720,37.0
250736,56.0
250768,47.0
250912,35.0
251024,40.0
251072,40.0
251088,62.0
251216,36.0
251232,52.0
251280,44.0
251280,35.0
251296,62.0
251312,52.0
251312,34.0
251376,22.0
251408,62.0
251424,63.0
251488,47.0
251488,60.0
251536,39.0
251680,38.0
251696,25.0
251712,31.0
251712,101.0
251728,28.0
251728,12.0
251824,46.0
251824,25.0
251904,37.0
251952,36.0
251984,31.0
252080,53.0
252112,25.0
252144,41.0
252288,63.0
252304,37.0
252352,33.0
252384,61.0
252416,27.0
252496,42.0
252496,24.0
252496,51.0
252544,40.0
252656,44.0
252656,60.0
252800,28.0
252800,45.0
252800,32.0
252816,94.0
252864,30.0
252880,36.0
252912,74.0
253024,38.0
253024,81.0
253152,63.0
253168,42.0
253168,42.0
253216,26.0
253248,37.0
253264,48.0
253328,29.0
253488,52.0
253504,22.0
253600,43.0
253632,52.0
253632,68.0
253776,35.0
253792,61.0
253824,59.0
253888,24.0
253984,74.0
254032,49.0
254048,64.0
254112,59.0
254128,60.0
254144,41.0
254240,61.0
254288,79.0
254336,22.0
254384,49.0
254384,38.0
254416,39.0
254496,54.0
254496,73.0
254544,45.0
254576,29.0
254608,61.0
254656,33.0
254816,36.0
254880,52.0
254880,46.0
254944,41.0
254960,67.0
254992,38.0
255056,35.0
255088,44.0
255088,66.0
255120,39.0
255136,50.0
255200,49.0
255280,46.0
255296,40.0
255344,48.0
255488,34.0
255632,42.0
255664,36.0
255664,53.0
255664,49.0
255696,44.0
255824,48.0
255824,33.0
255840,45.0
255872,42.0
255888,38.0
255968,30.0
256048,24.0
256048,73.0
256064,91.0
256112,64.0
256192,23.0
256224,55.0
256400,46.0
256400,35.0
256400,79.0
256416,45.0
256576,59.0
256608,40.0
256624,60.0
256656,37.0
256784,46.0
256784,56.0
256784,57.0
256832,38.0
256880,66.0
256880,30.0
256976,36.0
257136,68.0
257168,47.0
257200,63.0
257216,24.0
257248,53.0
257376,47.0
257424,40.0
257440,49.0
257440,29.0
257472,85.0
257568,25.0
257648,48.0
257696,51.0
257728,37.0
257760,61.0
257808,77.0
257824,76.0
257840,25.0
257984,75.0
258016,51.0
258080,54.0
258176,50.0
258192,34.0
258272,52.0
258272,28.0
258352,58.0
258368,42.0
258400,26.0
258416,41.0
258432,54.0
258464,62.0
258464,39.0
258528,50.0
258592,36.0
258592,84.0
258672,25.0
258768,25.0
258832,27.0
258848,24.0
258848,27.0
258944,32.0
258960,23.0
258992,45.0
259072,62.0
259200,33.0
259248,66.0
259264,50.0
259280,92.0
259376,49.0
259392,39.0
259440,37.0
259472,39.0
259504,61.0
259520,43.0
259616,39.0
259648,24.0
259696,84.0
259696,46.0
259760,99.0
259808,46.0
259824,36.0
259856,29.0
259872,37.0
259920,61.0
259936,31.0
259952,36.0
259952,47.0
259984,29.0
260000,33.0
260320,21.0
260320,39.0
260336,40.0
260336,30.0
260352,37.0
260432,39.0
260464,32.0
260496,42.0
260512,54.0
260528,57.0
260656,41.0
260656,44.0
260752,55.0
260752,27.0
260800,28.0
260816,19.0
260880,59.0
260880,35.0
260912,30.0
260944,38.0
261104,74.0
261136,40.0
261216,55.0
261232,27.0
261328,54.0
261344,115.0
261488,38.0
261568,57.0
261712,36.0
261744,62.0
261744,76.0
261776,70.0
261808,62.0
261824,37.0
261840,46.0
261872,41.0
261888,71.0
261888,61.0
261904,64.0
262016,42.0
262048,45.0
262256,34.0
262288,84.0
262320,47.0
262336,35.0
262384,36.0
262480,37.0
262496,37.0
262512,31.0
262528,49.0
262544,66.0
262560,32.0
262592,47.0
262624,55.0
262768,56.0
262848,60.0
262976,43.0
263008,42.0
263008,29.0
263136,51.0
263200,42.0
263264,55.0
263408,51.0
263408,40.0
263552,65.0
263568,68.0
263616,40.0
263616,66.0
263664,73.0
263824,98.0
263840,52.0
263872,78.0
263888,47.0
263920,67.0
263936,42.0
263952,47.0
263952,133.0
263984,61.0
264032,23.0
264080,32.0
264144,46.0
264176,39.0
264240,39.0
264288,29.0
264400,32.0
264400,26.0
264416,63.0
264448,36.0
264480,54.0
264608,29.0
264624,37.0
264640,50.0
264672,47.0
264720,40.0
264768,23.0
264816,54.0
264864,39.0
264896,28.0
264896,38.0
264912,60.0
264960,35.0
264960,22.0
264992,23.0
265120,74.0
265152,42.0
265168,33.0
265312,56.0
265328,41.0
265344,33.0
265360,74.0
265440,45.0
265472,35.0
265600,44.0
265760,40.0
265792,39.0
265792,64.0
265808,51.0
265888,58.0
265920,66.0
265936,49.0
265936,61.0
266016,70.0
266080,46.0
266112,11.0
266144,44.0
266288,43.0
266352,27.0
266368,65.0
266384,67.0
266400,58.0
266448,27.0
266464,42.0
266528,45.0
266592,44.0
266608,53.0
266736,22.0
266848,46.0
266848,44.0
266848,48.0
266912,70.0
266992,39.0
267104,73.0
267104,51.0
267152,43.0
267184,49.0
267216,54.0
267280,47.0
267296,28.0
267360,28.0
267392,50.0
267392,127.0
267568,52.0
267632,74.0
267648,50.0
267712,38.0
267792,40.0
267824,76.0
267920,33.0
267952,42.0
268016,50.0
268128,30.0
268208,85.0
268240,66.0
268240,42.0
268288,62.0
268352,45.0
268368,34.0
268464,85.0
268512,35.0
268576,41.0
268608,30.0
268608,56.0
268640,39.0
268672,80.0
268720,85.0
268768,33.0
268816,114.0
268816,64.0
268976,39.0
269024,24.0
269040,52.0
269072,52.0
269216,40.0
269264,56.0
269280,42.0
269280,38.0
269328,65.0
269376,22.0
269408,43.0
269408,40.0
269408,59.0
269440,58.0
269472,41.0
269488,42.0
269648,38.0
269680,44.0
269696,27.0
269744,23.0
269760,30.0
269776,73.0
269840,23.0
269856,28.0
269936,12.0
270064,46.0
270064,62.0
270080,42.0
270096,55.0
270144,46.0
270208,32.0
270208,27.0
270224,36.0
270288,38.0
270352,57.0
270368,55.0
270464,44.0
270512,77.0
270560,39.0
270560,45.0
270608,34.0
270672,38.0
270752,34.0
270768,39.0
270880,42.0
270912,28.0
270928,44.0
270928,40.0
270992,56.0
271072,62.0
271120,12.0
271120,28.0
271152,49.0
271168,82.0
271184,27.0
271200,43.0
271280,45.0
271344,62.0
271504,46.0
271520,60.0
271536,38.0
271664,32.0
271728,38.0
271744,39.0
271760,30.0
271824,47.0
271840,31.0
271840,60.0
271856,54.0
271888,61.0
271904,46.0
271968,49.0
272048,13.0
272064,35.0
272160,40.0
272240,25.0
272240,12.0
272288,33.0
272320,37.0
272320,36.0
272432,56.0
272464,31.0
272480,117.0
272544,41.0
272608,49.0
272688,52.0
272688,39.0
272752,37.0
272752,27.0
272768,69.0
272848,38.0
272864,36.0
272864,60.0
272912,37.0
272992,28.0
272992,35.0
273072,38.0
273152,29.0
273168,58.0
273248,40.0
273280,23.0
273312,52.0
273440,36.0
273456,141.0
273456,29.0
273472,44.0
273472,39.0
273472,30.0
273712,64.0
273760,37.0
273760,43.0
273840,43.0
273840,24.0
273872,70.0
273872,63.0
273888,38.0
273904,72.0
273936,29.0
274016,44.0
274064,37.0
274080,40.0
274096,53.0
274112,25.0
274160,44.0
274192,27.0
274448,61.0
274448,43.0
274496,39.0
274528,32.0
274544,42.0
274624,32.0
274640,36.0
274736,50.0
274752,53.0
274768,43.0
274784,59.0
274800,57.0
274848,41.0
274928,52.0
274944,49.0
275024,74.0
275040,37.0
275088,20.0
275120,24.0
275152,41.0
275280,41.0
275280,12.0
275408,23.0
275456,44.0
275472,59.0
275472,42.0
275520,37.0
275632,32.0
275648,50.0
275680,77.0
275696,66.0
275696,34.0
275696,26.0
275696,72.0
275776,52.0
275776,23.0
275984,60.0
276032,35.0
276112,52.0
276128,38.0
276128,41.0
276144,28.0
276224,34.0
276240,38.0
276336,40.0
276352,36.0
276528,55.0
276544,53.0
276560,54.0
276656,117.0
276656,39.0
276672,76.0
276704,35.0
276832,53.0
276832,44.0
276864,68.0
276864,39.0
276928,50.0
276960,38.0
277072,53.0
277104,48.0
277200,40.0
277200,68.0
277216,24.0
277408,47.0
277424,45.0
277520,61.0
277520,54.0
277616,41.0
277648,28.0
277744,76.0
277776,57.0
277776,35.0
277840,73.0
277856,41.0
278048,25.0
278080,42.0
278144,67.0
278144,39.0
278192,68.0
278192,28.0
278256,89.0
278288,85.0
278352,36.0
278384,34.0
278384,54.0
278480,54.0
278496,102.0
278544,43.0
278608,29.0
278608,35.0
278624,75.0
278736,22.0
278736,41.0
278816,39.0
278960,74.0
278960,48.0
278976,23.0
279024,46.0
279040,56.0
279120,46.0
279168,39.0
279232,38.0
279312,44.0
279328,23.0
279344,54.0
279360,63.0
279360,39.0
279376,40.0
279392,71.0
279424,24.0
279424,25.0
279632,25.0
279744,49.0
279744,24.0
279808,26.0
279856,55.0
279888,36.0
279904,68.0
279920,89.0
279936,48.0
280016,37.0
280080,41.0
280080,46.0
280128,63.0
280192,51.0
280288,25.0
280304,42.0
280320,36.0
280384,36.0
280400,31.0
280416,35.0
280560,51.0
280608,43.0
280640,80.0
280656,83.0
280656,23.0
280688,38.0
280752,42.0
280960,40.0
280976,60.0
280992,36.0
281024,39.0
281024,56.0
281056,26.0
281152,25.0
281168,61.0
281168,38.0
281280,42.0
281280,39.0
281328,59.0
281392,27.0
281424,23.0
281440,94.0
281456,27.0
281472,49.0
281504,53.0
281632,40.0
281792,93.0
281856,29.0
281936,49.0
281936,48.0
281952,31.0
282080,38.0
282112,42.0
282144,70.0
282176,75.0
282272,62.0
282288,63.0
282304,42.0
282336,57.0
282384,55.0
282400,67.0
282400,38.0
282448,80.0
282448,32.0
282528,24.0
282672,46.0
282704,53.0
282720,17.0
282752,22.0
282976,54.0
283008,46.0
283008,58.0
283008,39.0
283040,54.0
283072,49.0
283088,43.0
283120,37.0
283168,26.0
283184,29.0
283232,58.0
283296,37.0
283296,53.0
283376,65.0
283536,99.0
283568,56.0
283648,40.0
283696,45.0
283744,46.0
283744,35.0
283856,53.0
283936,51.0
283936,40.0
283968,27.0
284016,40.0
284016,59.0
284048,63.0
284112,64.0
284240,37.0
284240,63.0
284240,67.0
284256,60.0
284256,25.0
284304,38.0
284368,50.0
284368,39.0
284528,37.0
284576,35.0
284608,22.0
284624,41.0
284720,49.0
284736,39.0
284768,32.0
284800,49.0
284864,39.0
284912,54.0
284944,75.0
285056,47.0
285104,36.0
285168,58.0
285200,29.0
285312,59.0
285328,44.0
285440,75.0
285456,55.0
285472,38.0
285504,71.0
285568,41.0
285568,48.0
285616,19.0
285696,58.0
285728,25.0
285760,72.0
285840,25.0
285840,49.0
285856,71.0
286000,50.0
286080,57.0
286128,35.0
286144,42.0
286176,30.0
286192,78.0
286400,42.0
286416,53.0
286432,27.0
286480,64.0
286496,40.0
286512,42.0
286528,89.0
286544,65.0
286544,49.0
286592,61.0
286608,27.0
286752,35.0
286784,41.0
286896,24.0
286960,34.0
286960,51.0
287040,28.0
287056,76.0
287072,62.0
287104,39.0
287216,42.0
287360,36.0
287376,26.0
287376,55.0
287392,40.0
287408,50.0
287440,23.0
287472,36.0
287488,28.0
287488,66.0
287536,62.0
287632,33.0
287664,28.0
287680,39.0
287824,29.0
287824,81.0
287856,28.0
287904,94.0
288000,39.0
288144,44.0
288160,49.0
288224,37.0
288240,80.0
288256,48.0
288336,54.0
288336,30.0
288480,51.0
288496,63.0
288528,44.0
288544,40.0
288576,47.0
288672,28.0
288672,71.0
288768,39.0
288784,34.0
288784,39.0
288800,29.0
288880,13.0
288880,22.0
288896,40.0
288912,57.0
288912,95.0
289008,83.0
289008,42.0
289136,41.0
289184,38.0
289200,44.0
289216,42.0
289296,39.0
289344,27.0
289360,22.0
289376,23.0
289456,43.0
289472,43.0
289552,42.0
289568,23.0
289584,23.0
289584,50.0
289600,43.0
289664,30.0
289680,50.0
289840,65.0
289872,36.0
289920,36.0
289984,26.0
289984,39.0
290000,54.0
290080,31.0
290096,75.0
290160,38.0
290160,43.0
290176,21.0
290192,51.0
290192,37.0
290240,20.0
290336,42.0
290496,51.0
290560,23.0
290560,29.0
290560,69.0
290576,37.0
290624,29.0
290656,49.0
290656,41.0
290736,36.0
290880,44.0
290896,51.0
290896,82.0
290912,45.0
290944,23.0
290960,45.0
290976,40.0
291024,65.0
291296,40.0
291328,24.0
291344,45.0
291392,46.0
291456,60.0
291472,57.0
291488,37.0
291680,44.0
291712,26.0
291760,53.0
291792,77.0
291808,22.0
291840,55.0
291872,71.0
291872,25.0
291888,62.0
291952,39.0
291968,11.0
292128,46.0
292160,51.0
292160,28.0
292208,28.0
292304,39.0
292384,26.0
292416,29.0
292464,61.0
292512,40.0
292528,45.0
292560,42.0
292560,45.0
292576,97.0
292592,29.0
292656,28.0
292816,59.0
292864,124.0
292912,31.0
292912,24.0
292960,50.0
293072,157.0
293200,46.0
293216,40.0
293232,42.0
293280,70.0
293296,46.0
293328,29.0
293360,61.0
293392,46.0
293408,31.0
293440,39.0
293440,53.0
293456,59.0
293488,74.0
293680,30.0
293680,12.0
293712,47.0
293904,12.0
293904,38.0
293952,42.0
293968,36.0
294000,42.0
294144,29.0
294160,44.0
294192,61.0
294224,54.0
294240,35.0
294304,87.0
294336,27.0
294368,58.0
294400,31.0
294416,26.0
294480,67.0
294480,88.0
294528,68.0
294656,32.0
294752,50.0
294800,52.0
294864,35.0
294928,44.0
294976,49.0
295056,41.0
295072,41.0
295088,38.0
295104,36.0
295216,26.0
295216,53.0
295248,37.0
295312,61.0
295392,40.0
295392,57.0
295472,140.0
295616,32.0
295648,35.0
295664,38.0
295664,94.0
295696,52.0
295728,30.0
295776,50.0
295808,46.0
295856,24.0
295984,37.0
296080,24.0
296096,44.0
296112,117.0
296224,57.0
296240,64.0
296304,33.0
296336,38.0
296352,89.0
296384,48.0
296384,45.0
296576,45.0
296640,35.0
296688,92.0
296688,36.0
296704,65.0
296704,66.0
296720,46.0
296928,52.0
296976,39.0
296976,25.0
297008,44.0
297024,20.0
297040,22.0
297072,79.0
297088,53.0
297120,49.0
297136,57.0
297152,32.0
297168,49.0
297312,58.0
297392,23.0
297472,48.0
297488,50.0
297552,39.0
297552,52.0
297600,33.0
297648,40.0
297680,35.0
297712,46.0
297744,48.0
297840,50.0
297968,36.0
298016,44.0
298032,30.0
298096,28.0
298160,63.0
298336,78.0
298368,39.0
298400,77.0
298400,35.0
298400,24.0
298432,52.0
298432,59.0
298496,64.0
298544,52.0
298592,57.0
298672,21.0
298752,37.0
298768,76.0
298800,25.0
298896,33.0
298976,115.0
299024,39.0
299104,27.0
299104,44.0
299120,72.0
299264,31.0
299392,31.0
299408,82.0
299424,28.0
299552,50.0
299584,49.0
299600,21.0
299712,38.0
299728,81.0
299824,77.0
299840,81.0
299856,29.0
299872,29.0
299904,92.0
299936,57.0
299936,51.0
299984,24.0
300064,40.0
300096,34.0
300176,29.0
300208,69.0
300256,42.0
300272,25.0
300304,113.0
300304,142.0
300336,30.0
300416,43.0
300480,40.0
300480,31.0
300496,25.0
300544,40.0
300608,42.0
300704,48.0
300752,28.0
300752,58.0
300864,43.0
300864,50.0
300864,35.0
300912,40.0
301024,38.0
301040,52.0
301104,39.0
301120,54.0
301168,42.0
301200,41.0
301264,25.0
301344,63.0
301360,55.0
301376,42.0
301408,31.0
301456,26.0
301472,45.0
301504,40.0
301536,49.0
301552,43.0
301600,62.0
301792,48.0
301840,45.0
301920,41.0
301936,29.0
301968,50.0
302080,61.0
302112,32.0
302144,40.0
302192,49.0
302192,40.0
302304,69.0
302352,26.0
302368,57.0
302384,65.0
302400,27.0
302416,55.0
302416,36.0
302480,25.0
302624,79.0
302656,80.0
302736,23.0
302768,41.0
302816,39.0
302976,42.0
302992,53.0
303024,40.0
303120,75.0
303184,48.0
303216,89.0
303264,40.0
303280,58.0
303344,38.0
303456,12.0
303472,51.0
303536,22.0
303552,71.0
303568,36.0
303600,88.0
303600,70.0
303648,52.0
303728,83.0
303728,60.0
303776,47.0
303872,25.0
303872,37.0
303968,62.0
303984,54.0
304032,43.0
304064,38.0
304096,35.0
304144,34.0
304176,25.0
304224,36.0
304224,22.0
304256,41.0
304304,47.0
304336,48.0
304384,73.0
304480,47.0
304560,36.0
304560,37.0
304576,22.0
304592,35.0
304688,51.0
304752,12.0
304768,34.0
304816,47.0
304880,72.0
304912,46.0
304928,23.0
304944,53.0
305040,56.0
305040,49.0
305088,32.0
305120,49.0
305120,40.0
305152,29.0
305152,48.0
305184,55.0
305248,41.0
305312,34.0
305424,32.0
305472,37.0
305712,60.0
305744,44.0
305760,40.0
305776,39.0
305808,35.0
305888,67.0
305904,45.0
305904,60.0
305904,54.0
305920,38.0
305968,65.0
306016,54.0
306176,27.0
306192,45.0
306208,68.0
306304,33.0
306384,29.0
306432,45.0
306544,22.0
306576,93.0
306576,42.0
306592,44.0
306608,40.0
306640,76.0
306672,31.0
306736,61.0
306784,55.0
306800,62.0
306864,41.0
307072,27.0
307104,68.0
307120,32.0
307120,46.0
307136,35.0
307152,26.0
307168,37.0
307216,82.0
307280,26.0
307408,54.0
307440,41.0
307504,57.0
307504,75.0
307568,28.0
307616,51.0
307648,76.0
307680,63.0
307712,27.0
307744,36.0
307792,43.0
307792,42.0
307888,24.0
307904,43.0
308016,55.0
308048,23.0
308096,43.0
308128,66.0
308208,37.0
308224,49.0
308240,68.0
308240,33.0
308352,44.0
308368,30.0
308384,51.0
308400,38.0
308432,24.0
308448,27.0
308512,38.0
308672,34.0
308704,31.0
308704,30.0
308800,81.0
308880,40.0
308896,50.0
308992,78.0
309024,39.0
309024,77.0
309200,48.0
309216,61.0
309232,45.0
309264,56.0
309280,25.0
309312,38.0
309344,40.0
309360,57.0
309360,43.0
309360,63.0
309424,65.0
309456,27.0
309504,44.0
309632,27.0
309648,26.0
309712,43.0
309776,32.0
309792,50.0
309920,40.0
310032,20.0
310112,76.0
310128,49.0
310208,53.0
310240,38.0
310256,59.0
310256,30.0
310320,54.0
310384,73.0
310464,60.0
310464,42.0
310480,70.0
310512,54.0
310608,74.0
310640,25.0
310688,41.0
310720,25.0
310720,29.0
310720,37.0
310752,40.0
310800,55.0
311024,104.0
311072,38.0
311088,44.0
311104,39.0
311120,23.0
311120,57.0
311120,54.0
311136,26.0
311264,29.0
311280,48.0
311328,40.0
311328,38.0
311344,39.0
311344,46.0
311488,23.0
311488,53.0
311520,66.0
311584,29.0
311712,23.0
311744,25.0
311744,42.0
311920,41.0
311952,54.0
312032,34.0
312032,56.0
312080,50.0
312144,39.0
312144,64.0
312224,40.0
312240,57.0
312288,74.0
312304,80.0
312464,24.0
312528,51.0
312560,38.0
312576,22.0
312624,24.0
312656,39.0
312688,41.0
312720,77.0
312720,36.0
312752,38.0
312800,55.0
312816,22.0
312848,69.0
312960,102.0
312960,24.0
313008,44.0
313104,51.0
313152,37.0
313232,34.0
313248,37.0
313312,37.0
313312,37.0
313344,100.0
313344,33.0
313424,50.0
313504,47.0
313520,45.0
313552,28.0
313584,39.0
313616,24.0
313648,70.0
313648,40.0
313680,45.0
313696,34.0
313744,25.0
313776,29.0
313984,71.0
314032,32.0
314032,21.0
314160,53.0
314192,34.0
314272,45.0
314288,38.0
314288,44.0
314384,40.0
314496,45.0
314512,56.0
314512,73.0
314576,24.0
314576,26.0
314656,77.0
314704,91.0
314704,75.0
314720,46.0
314720,67.0
314736,28.0
314960,42.0
315040,41.0
315072,31.0
315104,33.0
315136,40.0
315184,72.0
315344,67.0
315376,45.0
315408,43.0
315424,44.0
315456,45.0
315584,34.0
315584,67.0
315584,55.0
315600,31.0
315616,41.0
315664,60.0
315728,41.0
315776,37.0
315792,41.0
315856,114.0
316032,95.0
316032,41.0
316176,37.0
316176,28.0
316224,39.0
316272,53.0
316304,45.0
316336,35.0
316368,49.0
316400,34.0
316432,68.0
316496,55.0
316560,56.0
316576,22.0
316592,26.0
316608,51.0
316704,42.0
316752,20.0
316768,85.0
316800,84.0
316912,26.0
317008,27.0
317104,67.0
317120,20.0
317136,33.0
317200,54.0
317280,69.0
317296,58.0
317328,39.0
317344,47.0
317376,61.0
317472,73.0
317504,37.0
317568,35.0
317584,64.0
317664,34.0
317664,24.0
317712,59.0
317728,24.0
317728,37.0
317760,35.0
317776,94.0
317952,36.0
318032,23.0
318064,35.0
318096,24.0
318112,85.0
318144,65.0
318144,23.0
318256,49.0
318256,58.0
318320,41.0
318320,64.0
318384,41.0
318496,25.0
318528,60.0
318592,40.0
318608,36.0
318656,25.0
318704,70.0
318752,64.0
318816,27.0
318880,35.0
318928,54.0
318960,51.0
319008,25.0
319056,46.0
319104,53.0
319216,35.0
319248,31.0
319312,24.0
319440,105.0
319488,84.0
319488,86.0
319504,39.0
319536,27.0
319584,39.0
319600,67.0
319648,59.0
319696,40.0
319712,56.0
319712,76.0
319712,70.0
319936,45.0
319936,58.0
319952,26.0
320032,45.0
320096,38.0
320144,34.0
320240,33.0
320272,35.0
320320,46.0
320352,40.0
320368,55.0
320400,56.0
320464,64.0
320544,37.0
320544,81.0
320560,57.0
320608,42.0
320640,34.0
320672,61.0
320704,42.0
320752,38.0
320800,54.0
320896,41.0
320912,40.0
321040,36.0
321104,34.0
321152,52.0
321168,33.0
321184,24.0
321232,43.0
321296,47.0
321328,45.0
321360,63.0
321392,40.0
321536,54.0
321584,22.0
321648,38.0
321680,36.0
321696,81.0
321744,28.0
321760,25.0
321760,38.0
321776,38.0
321808,90.0
321824,70.0
321872,60.0
321872,43.0
321952,66.0
321968,40.0
322016,27.0
322320,36.0
322352,41.0
322384,39.0
322416,40.0
322448,66.0
322512,54.0
322528,45.0
322656,70.0
322816,59.0
322816,62.0
322816,66.0
322896,76.0
322896,58.0
322912,65.0
322976,41.0
322976,60.0
322992,38.0
323008,66.0
323168,51.0
323232,36.0
323232,44.0
323264,47.0
323344,28.0
323344,58.0
323376,25.0
323536,45.0
323552,46.0
323568,47.0
323616,38.0
323632,74.0
323664,42.0
323792,56.0
323856,39.0
323952,38.0
323968,37.0
323984,47.0
323984,45.0
324000,52.0
324192,53.0
324208,36.0
324224,78.0
324288,39.0
324320,88.0
324432,27.0
324544,47.0
324560,38.0
324608,66.0
324624,48.0
324656,43.0
324672,43.0
324752,35.0
324848,39.0
324880,56.0
324880,82.0
324976,90.0
325072,25.0
325152,96.0
325184,33.0
325200,40.0
325232,39.0
325232,59.0
325296,61.0
325312,69.0
325392,34.0
325408,61.0
325424,55.0
325472,37.0
325520,56.0
325568,23.0
325584,32.0
325584,44.0
325792,38.0
325840,43.0
325840,38.0
325984,26.0
326016,45.0
326048,39.0
326048,40.0
326080,35.0
326080,83.0
326240,53.0
326320,46.0
326352,86.0
326400,68.0
326400,51.0
326448,38.0
326576,69.0
326624,52.0
326640,35.0
326704,41.0
326816,48.0
326816,46.0
326864,39.0
326928,57.0
326944,107.0
326944,39.0
326960,38.0
326976,71.0
326976,33.0
327040,29.0
327040,66.0
327296,22.0
327392,26.0
327440,39.0
327488,42.0
327536,37.0
327584,34.0
327600,56.0
327600,60.0
327648,78.0
327760,85.0
327792,58.0
327808,55.0
327824,54.0
327968,33.0
328080,43.0
328096,92.0
328144,69.0
328224,39.0
328256,38.0
328288,43.0
328288,82.0
328304,63.0
328384,50.0
328416,39.0
328496,46.0
328576,48.0
328624,50.0
328688,38.0
328720,29.0
328800,24.0
328944,91.0
328992,56.0
329008,45.0
329056,95.0
329184,56.0
329200,39.0
329216,52.0
329248,33.0
329264,60.0
329280,71.0
329360,87.0
329360,54.0
329424,75.0
329600,57.0
329600,34.0
329696,47.0
329728,29.0
329728,30.0
329760,60.0
329776,49.0
329872,37.0
329904,34.0
329920,44.0
330016,87.0
330032,52.0
330064,23.0
330192,63.0
330208,53.0
330288,24.0
330320,16.0
330352,84.0
330352,37.0
330384,32.0
330464,46.0
330480,47.0
330624,26.0
330656,39.0
330672,67.0
330688,79.0
330736,45.0
330784,37.0
330832,66.0
330848,31.0
330976,41.0
330976,86.0
330976,39.0
331104,39.0
331120,46.0
331168,32.0
331168,55.0
331200,46.0
331216,37.0
331280,37.0
331328,37.0
331376,91.0
331440,41.0
331472,39.0
331552,36.0
331584,38.0
331600,39.0
331616,59.0
331632,50.0
331760,41.0
331808,40.0
331904,36.0
331936,45.0
331936,41.0
331936,35.0
331952,25.0
332000,35.0
332064,28.0
332160,43.0
332176,26.0
332176,66.0
332208,63.0
332368,27.0
332448,28.0
332512,84.0
332528,45.0
332576,25.0
332608,44.0
332608,41.0
332640,63.0
332672,32.0
332704,70.0
332752,51.0
332752,36.0
332768,35.0
332800,75.0
332832,48.0
332880,59.0
333056,38.0
333088,36.0
333104,46.0
333120,34.0
333152,22.0
333184,27.0
333248,38.0
333328,50.0
333488,45.0
333504,39.0
333504,56.0
333536,22.0
333552,55.0
333584,47.0
333632,64.0
333712,39.0
333760,40.0
333792,65.0
333824,45.0
333840,37.0
333856,72.0
333872,51.0
333952,39.0
334064,30.0
334096,34.0
334256,34.0
334400,54.0
334416,57.0
334416,79.0
334432,59.0
334448,59.0
334464,38.0
334528,41.0
334544,45.0
334592,40.0
334624,49.0
334656,54.0
334688,58.0
334800,46.0
334912,80.0
334928,25.0
334992,37.0
335008,36.0
335104,43.0
335120,33.0
335248,39.0
335280,52.0
335280,23.0
335312,48.0
335344,55.0
335392,71.0
335408,62.0
335456,28.0
335616,51.0
335616,43.0
335648,41.0
335696,37.0
335712,37.0
335840,35.0
335888,75.0
335888,77.0
335920,38.0
335936,115.0
335984,33.0
336016,48.0
336032,24.0
336096,44.0
336304,37.0
336320,27.0
336320,39.0
336336,58.0
336368,47.0
336464,34.0
336560,80.0
336608,42.0
336640,64.0
336672,83.0
336720,55.0
336736,44.0
336768,42.0
336896,33.0
336896,63.0
337008,34.0
337024,44.0
337056,46.0
337104,48.0
337168,72.0
337216,28.0
337232,35.0
337392,88.0
337424,43.0
337456,35.0
337472,52.0
337504,59.0
337504,56.0
337520,50.0
337616,82.0
337664,41.0
337712,34.0
337744,40.0
337936,57.0
337984,47.0
338032,35.0
338048,34.0
338128,44.0
338160,59.0
338272,76.0
338288,87.0
338304,53.0
338304,37.0
338304,40.0
338320,44.0
338352,60.0
338496,62.0
338544,38.0
338560,51.0
338592,34.0
338624,37.0
338640,70.0
338832,33.0
338880,36.0
338976,26.0
338992,40.0
339008,24.0
339056,47.0
339072,47.0
339104,51.0
339120,53.0
339184,66.0
339216,45.0
339248,79.0
339264,27.0
339280,25.0
339296,44.0
339312,48.0
339328,43.0
339328,21.0
339392,24.0
339584,29.0
339600,34.0
339616,91.0
339696,39.0
339696,45.0
339712,26.0
339728,26.0
339744,26.0
339792,29.0
339808,33.0
339872,41.0
339968,23.0
339984,55.0
340128,27.0
340208,39.0
340224,65.0
340272,41.0
340288,36.0
340336,59.0
340352,14.0
340464,42.0
340480,49.0
340544,51.0
340544,80.0
340608,85.0
340624,55.0
340656,53.0
340688,45.0
340848,39.0
340864,37.0
340880,37.0
340896,64.0
340928,24.0
340944,46.0
340960,21.0
340960,39.0
341056,67.0
341056,37.0
341072,45.0
341088,34.0
341232,34.0
341264,41.0
341376,27.0
341440,60.0
341440,11.0
341504,40.0
341536,28.0
341536,38.0
341552,37.0
341760,24.0
341824,48.0
341824,24.0
341840,62.0
341872,50.0
341872,27.0
341888,77.0
341936,55.0
341984,68.0
342080,33.0
342096,21.0
342096,54.0
342128,78.0
342144,40.0
342208,24.0
342208,24.0
342368,88.0
342416,18.0
342448,57.0
342544,44.0
342608,32.0
342624,26.0
342656,70.0
342672,33.0
342736,53.0
342768,56.0
342768,52.0
342912,65.0
342928,45.0
342944,60.0
342992,56.0
343072,44.0
343120,44.0
343168,39.0
343216,28.0
343232,38.0
343264,51.0
343328,41.0
343344,25.0
343344,26.0
343392,39.0
343392,46.0
343408,42.0
343456,34.0
343568,36.0
343568,28.0
343696,68.0
343744,26.0
343776,44.0
343808,34.0
343936,44.0
344080,57.0
344112,48.0
344112,41.0
344128,49.0
344144,25.0
344160,130.0
344176,49.0
344240,42.0
344256,53.0
344400,74.0
344400,44.0
344464,43.0
344560,20.0
344592,49.0
344640,29.0
344672,69.0
344704,37.0
344768,86.0
344784,24.0
344816,41.0
344880,26.0
344896,47.0
345024,27.0
345040,60.0
345040,57.0
345136,29.0
345168,48.0
345200,40.0
345216,28.0
345392,80.0
345424,40.0
345456,51.0
345456,27.0
345472,76.0
345472,36.0
345504,29.0
345504,29.0
345520,40.0
345536,100.0
345760,23.0
345760,39.0
345776,67.0
345776,60.0
345840,40.0
345936,30.0
346016,53.0
346096,36.0
346128,41.0
346144,40.0
346176,47.0
346192,26.0
346304,23.0
346304,68.0
346320,35.0
346336,50.0
346400,40.0
346400,56.0
346400,59.0
346432,21.0
346464,28.0
346528,47.0
346592,25.0
346608,27.0
346640,73.0
346736,38.0
346784,24.0
346800,60.0
346816,42.0
346848,28.0
346848,28.0
346928,37.0
347088,49.0
347184,47.0
347184,28.0
347264,39.0
347312,63.0
347408,55.0
347440,61.0
347600,51.0
347648,53.0
347648,83.0
347648,52.0
347664,51.0
347712,39.0
347712,33.0
347744,56.0
347760,31.0
347760,72.0
347808,55.0
347840,41.0
348048,38.0
348048,24.0
348048,25.0
348112,95.0
348128,26.0
348176,54.0
348192,34.0
348272,54.0
348336,37.0
348416,36.0
348416,51.0
348416,48.0
348432,45.0
348544,49.0
348544,46.0
348704,41.0
348736,43.0
348800,47.0
348832,41.0
348864,37.0
348896,49.0
348896,12.0
348944,33.0
349008,37.0
349008,51.0
349040,31.0
349088,60.0
349120,43.0
349136,50.0
349216,50.0
349280,95.0
349312,26.0
349344,32.0
349408,38.0
349440,25.0
349472,36.0
349520,36.0
349520,49.0
349568,44.0
349632,39.0
349632,34.0
349648,33.0
349648,40.0
349680,71.0
349840,44.0
349872,33.0
349888,23.0
349984,42.0
350000,35.0
350000,23.0
350064,53.0
350096,51.0
350128,38.0
350176,38.0
350336,41.0
350400,25.0
350448,61.0
350464,66.0
350496,53.0
350528,55.0
350592,47.0
350688,22.0
350768,55.0
350784,43.0
350832,75.0
350848,61.0
350864,29.0
350880,47.0
350928,54.0
351024,65.0
351024,64.0
351040,22.0
351168,42.0
351168,25.0
351232,66.0
351248,49.0
351248,23.0
351264,46.0
351392,35.0
351408,34.0
351424,24.0
351488,65.0
351520,46.0
351536,23.0
351600,27.0
351616,48.0
351696,69.0
351808,34.0
351840,51.0
351840,37.0
351856,23.0
351872,30.0
351920,43.0
351968,45.0
352016,62.0
352016,37.0
352064,28.0
352080,34.0
352320,50.0
352416,25.0
352416,36.0
352432,39.0
352480,35.0
352480,97.0
352592,74.0
352720,25.0
352752,49.0
352784,68.0
352816,50.0
352848,61.0
352848,48.0
352864,50.0
352896,66.0
352944,68.0
353008,37.0
353040,38.0
353040,39.0
353104,39.0
353168,28.0
353216,23.0
353392,34.0
353472,117.0
353488,42.0
353536,37.0
353616,52.0
353648,38.0
353664,41.0
353712,51.0
353744,40.0
353824,49.0
353840,61.0
353856,23.0
353936,91.0
353952,85.0
354000,52.0
354080,54.0
354144,87.0
354192,41.0
354256,38.0
354272,35.0
354352,38.0
354368,56.0
354528,33.0
354544,44.0
354576,24.0
354624,63.0
354640,49.0
354672,53.0
354704,47.0
354752,51.0
354832,35.0
354912,48.0
354944,54.0
354944,80.0
354992,26.0
355008,101.0
355056,26.0
355072,44.0
355168,39.0
355168,57.0
355168,51.0
355184,41.0
355280,38.0
355344,40.0
355440,38.0
355456,32.0
355488,26.0
355536,49.0
355568,25.0
355616,35.0
355664,65.0
355696,47.0
355712,45.0
355760,37.0
355840,24.0
355856,26.0
355904,46.0
355952,48.0
355952,59.0
356064,36.0
356112,31.0
356128,26.0
356144,36.0
356176,56.0
356224,24.0
356352,41.0
356368,26.0
356384,92.0
356496,23.0
356512,53.0
356560,64.0
356576,32.0
356576,45.0
356736,61.0
356736,39.0
356864,57.0
356896,47.0
356912,26.0
356912,98.0
356944,48.0
356976,67.0
356992,40.0
357072,44.0
357088,54.0
357184,50.0
357328,37.0
357344,48.0
357344,48.0
357408,34.0
357408,53.0
357488,37.0
357552,40.0
357568,66.0
357600,41.0
357680,44.0
357728,40.0
357728,51.0
357760,36.0
357776,44.0
357888,34.0
357984,27.0
358016,26.0
358016,33.0
358080,68.0
358128,35.0
358192,53.0
358208,50.0
358320,57.0
358384,23.0
358416,43.0
358432,28.0
358448,70.0
358480,47.0
358496,51.0
358528,40.0
358592,52.0
358640,35.0
358656,120.0
358816,24.0
358816,27.0
358832,44.0
358896,70.0
358912,29.0
358960,29.0
358992,42.0
359056,33.0
359136,19.0
359248,38.0
359248,37.0
359280,67.0
359296,30.0
359312,70.0
359312,56.0
359472,36.0
359488,63.0
359568,41.0
359664,103.0
359824,54.0
359840,64.0
359872,80.0
359920,38.0
359968,41.0
360016,45.0
360032,47.0
360048,50.0
360064,58.0
360064,67.0
360160,42.0
360208,46.0
360272,27.0
360320,67.0
360336,80.0
360432,26.0
360480,51.0
360576,41.0
360592,39.0
360608,46.0
360656,28.0
360736,25.0
360768,46.0
360928,54.0
360960,71.0
360960,57.0
360960,40.0
360976,88.0
361056,39.0
361088,38.0
361168,27.0
361216,72.0
361344,26.0
361392,27.0
361392,70.0
361408,47.0
361456,81.0
361472,54.0
361488,27.0
361536,28.0
361552,37.0
361680,44.0
361712,70.0
361776,35.0
361872,69.0
361904,27.0
361904,26.0
361936,37.0
362000,89.0
362096,24.0
362144,61.0
362256,53.0
362304,27.0
362304,25.0
362304,57.0
362320,85.0
362336,50.0
362368,51.0
362432,33.0
362608,76.0
362640,24.0
362656,61.0
362672,76.0
362736,40.0
362752,28.0
362752,61.0
362848,57.0
362864,45.0
363024,37.0
363056,47.0
363088,27.0
363136,24.0
363152,72.0
363168,54.0
363200,54.0
363248,55.0
363248,36.0
363264,41.0
363408,34.0
363408,42.0
363520,31.0
363632,82.0
363680,58.0
363728,37.0
363776,33.0
363792,59.0
363808,35.0
363840,75.0
363968,44.0
363984,36.0
364000,53.0
364048,40.0
364112,57.0
364128,60.0
364176,70.0
364368,24.0
364400,38.0
364480,27.0
364496,45.0
364496,54.0
364512,44.0
364544,34.0
364592,54.0
364656,98.0
364656,43.0
364800,43.0
364848,63.0
364848,12.0
364928,47.0
364976,53.0
365104,37.0
365104,99.0
365152,41.0
365184,44.0
365200,50.0
365232,54.0
365312,48.0
365376,49.0
365376,106.0
365440,40.0
365456,33.0
365520,26.0
365616,60.0
365648,50.0
365728,39.0
365744,78.0
365808,31.0
365824,61.0
365840,41.0
365856,55.0
365888,43.0
365984,34.0
366016,40.0
366048,42.0
366128,56.0
366128,61.0
366224,21.0
366336,31.0
366448,39.0
366448,40.0
366464,45.0
366480,47.0
366528,55.0
366528,30.0
366528,63.0
366576,45.0
366720,69.0
366768,40.0
366784,48.0
366864,88.0
366864,24.0
366880,34.0
366944,45.0
367008,55.0
367056,67.0
367056,38.0
367088,35.0
367088,35.0
367152,43.0
367184,29.0
367216,48.0
367392,21.0
367424,34.0
367440,41.0
367472,24.0
367504,61.0
367536,42.0
367568,39.0
367568,62.0
367632,12.0
367776,45.0
367792,20.0
367824,40.0
367824,60.0
367856,68.0
368016,63.0
368032,13.0
368064,27.0
368112,36.0
368176,68.0
368176,42.0
368208,51.0
368256,52.0
368272,28.0
368320,73.0
368336,48.0
368336,48.0
368384,23.0
368416,75.0
368464,43.0
368496,40.0
368560,28.0
368656,39.0
368672,38.0
368720,34.0
368784,25.0
368800,33.0
368832,65.0
368832,41.0
368848,32.0
368864,41.0
368896,40.0
368976,35.0
369008,42.0
369072,38.0
369216,23.0
369232,46.0
369248,26.0
369296,39.0
369312,47.0
369392,31.0
369392,42.0
369408,39.0
369424,69.0
369488,52.0
369504,12.0
369520,43.0
369632,26.0
369632,24.0
369712,26.0
369728,45.0
369760,43.0
369872,56.0
369904,69.0
369952,68.0
369968,46.0
370048,40.0
370064,27.0
370064,36.0
370176,49.0
370224,45.0
370224,32.0
370272,23.0
370352,24.0
370384,41.0
370384,62.0
370400,61.0
370480,26.0
370480,33.0
370704,74.0
370752,43.0
370768,45.0
370992,70.0
370992,51.0
371024,87.0
371024,47.0
371056,41.0
371072,43.0
371088,46.0
371088,54.0
371136,47.0
371184,89.0
371200,61.0
371216,46.0
371264,35.0
371488,27.0
371568,51.0
371584,23.0
371584,32.0
371632,38.0
371696,58.0
371728,46.0
371760,42.0
371792,38.0
371808,49.0
371824,84.0
371824,43.0
372000,50.0
372016,20.0
372032,48.0
372160,37.0
372160,42.0
372288,75.0
372352,33.0
372400,36.0
372400,48.0
372480,29.0
372512,95.0
372528,50.0
372560,61.0
372624,29.0
372720,71.0
372720,43.0
372816,41.0
372848,35.0
372944,72.0
373040,65.0
373056,36.0
373088,29.0
373088,36.0
373104,44.0
373120,48.0
373120,45.0
373152,21.0
373168,28.0
373184,41.0
373312,97.0
373312,47.0
373408,43.0
373488,105.0
373536,30.0
373552,44.0
373648,34.0
373680,46.0
373696,36.0
373744,41.0
373824,32.0
373872,45.0
373936,33.0
373984,56.0
374032,62.0
374128,60.0
374144,52.0
374160,26.0
374160,65.0
374192,34.0
374208,33.0
374304,51.0
374304,70.0
374320,49.0
374464,48.0
374608,49.0
374608,42.0
374672,30.0
374752,37.0
374800,41.0
374816,41.0
374832,23.0
374912,58.0
374944,87.0
374976,42.0
374976,59.0
375072,54.0
375072,20.0
375168,35.0
375232,57.0
375296,73.0
375360,47.0
375440,71.0
375440,48.0
375472,25.0
375472,31.0
375568,48.0
375632,43.0
375632,35.0
375664,52.0
375680,44.0
375776,38.0
375776,119.0
375872,40.0
375904,38.0
375984,13.0
376016,34.0
376016,28.0
376048,77.0
376048,26.0
376080,73.0
376080,38.0
376224,34.0
376304,59.0
376304,54.0
376416,25.0
376448,51.0
376480,29.0
376496,39.0
376560,41.0
376592,38.0
376656,62.0
376688,78.0
376736,60.0
376736,43.0
376768,43.0
376768,43.0
376896,42.0
376944,40.0
376960,57.0
377056,47.0
377120,24.0
377136,43.0
377280,43.0
377296,46.0
377520,39.0
377552,38.0
377552,56.0
377568,55.0
377584,28.0
377600,34.0
377600,52.0
377632,54.0
377664,78.0
377664,74.0
377792,81.0
377824,68.0
377904,24.0
378016,24.0
378016,27.0
378112,32.0
378128,73.0
378160,54.0
378160,37.0
378176,36.0
378208,41.0
378224,42.0
378320,41.0
378432,72.0
378496,86.0
378512,31.0
378560,48.0
378576,47.0
378688,32.0
378720,66.0
378720,38.0
378784,39.0
378896,55.0
378944,28.0
378960,24.0
379040,55.0
379072,47.0
379104,42.0
379120,38.0
379120,57.0
379120,25.0
379168,30.0
379216,68.0
379264,65.0
379280,86.0
379328,27.0
379328,34.0
379440,45.0
379472,22.0
379520,60.0
379552,27.0
379600,40.0
379648,33.0
379664,31.0
379744,33.0
379872,48.0
380016,36.0
380032,68.0
380048,61.0
380064,46.0
380096,48.0
380160,40.0
380160,70.0
380192,40.0
380272,42.0
380288,39.0
380512,30.0
380512,77.0
380640,62.0
380672,50.0
380688,59.0
380688,39.0
380704,34.0
380784,43.0
380784,82.0
380832,49.0
380864,42.0
380928,104.0
380944,58.0
381024,46.0
381088,36.0
381104,52.0
381200,65.0
381360,21.0
381408,39.0
381408,45.0
381424,49.0
381424,40.0
381440,38.0
381504,50.0
381520,63.0
381600,32.0
381616,59.0
381744,55.0
381824,71.0
381888,28.0
381968,48.0
381984,35.0
382000,40.0
382032,38.0
382048,59.0
382048,40.0
382096,73.0
382208,43.0
382224,51.0
382256,23.0
382320,86.0
382368,34.0
382416,57.0
382480,55.0
382480,46.0
382592,35.0
382624,63.0
382704,45.0
382768,28.0
382784,51.0
382800,47.0
382832,52.0
382864,41.0
382864,40.0
383024,38.0
383072,37.0
383200,45.0
383216,37.0
383328,67.0
383328,60.0
383376,83.0
383424,83.0
383456,27.0
383584,32.0
383712,57.0
383744,61.0
383808,64.0
383824,60.0
383872,63.0
383888,81.0
383984,38.0
384096,40.0
384128,44.0
384144,90.0
384320,93.0
384368,39.0
384384,73.0
384400,75.0
384416,68.0
384416,34.0
384448,40.0
384464,71.0
384496,38.0
384544,45.0
384560,29.0
384624,40.0
384672,68.0
384864,72.0
384912,49.0
384928,49.0
384928,24.0
385040,41.0
385072,25.0
385088,39.0
385104,49.0
385136,46.0
385136,43.0
385280,45.0
385312,24.0
385376,63.0
385392,61.0
385408,49.0
385520,38.0
385552,26.0
385648,35.0
385696,75.0
385744,38.0
385744,55.0
385760,45.0
385808,55.0
385856,90.0
385872,48.0
385904,24.0
385920,38.0
385984,36.0
386032,40.0
386144,67.0
386160,49.0
386256,38.0
386304,25.0
386320,48.0
386384,39.0
386384,25.0
386432,43.0
386464,38.0
386544,50.0
386656,86.0
386656,46.0
386720,57.0
386720,26.0
386752,37.0
386768,56.0
386784,68.0
386928,49.0
386960,58.0
387040,38.0
387088,39.0
387168,32.0
387168,49.0
387248,37.0
387280,46.0
387280,64.0
387296,61.0
387328,59.0
387472,34.0
387488,45.0
387552,48.0
387648,56.0
387680,45.0
387712,39.0
387728,63.0
387808,20.0
387824,36.0
387872,36.0
387920,47.0
387984,79.0
388000,20.0
388016,53.0
388048,63.0
388112,35.0
388160,55.0
388256,34.0
388256,24.0
388272,62.0
388320,62.0
388352,33.0
388400,42.0
388432,60.0
388480,30.0
388560,57.0
388656,46.0
388672,39.0
388736,39.0
388752,48.0
388864,53.0
388880,39.0
388880,38.0
388880,35.0
388928,70.0
389008,53.0
389056,50.0
389056,36.0
389056,44.0
389120,45.0
389200,34.0
389232,31.0
389296,39.0
389392,33.0
389440,63.0
389520,48.0
389520,60.0
389552,42.0
389584,24.0
389632,36.0
389664,38.0
389744,51.0
389760,33.0
389760,47.0
389792,57.0
389824,48.0
389856,35.0
389920,21.0
389920,65.0
389936,34.0
389952,52.0
390000,30.0
390128,21.0
390144,24.0
390192,35.0
390224,42.0
390336,30.0
390384,59.0
390448,39.0
390496,47.0
390496,52.0
390560,40.0
390576,51.0
390576,39.0
390592,42.0
390608,29.0
390656,71.0
390656,41.0
390704,30.0
390800,54.0
390976,30.0
390992,31.0
390992,38.0
391232,41.0
391248,70.0
391296,40.0
391328,62.0
391360,44.0
391392,75.0
391408,44.0
391456,63.0
391472,57.0
391472,31.0
391504,32.0
391568,62.0
391600,50.0
391696,23.0
391696,69.0
391760,72.0
391840,34.0
391888,56.0
392048,34.0
392048,36.0
392112,45.0
392144,57.0
392240,34.0
392256,63.0
392272,27.0
392304,34.0
392336,54.0
392384,43.0
392400,59.0
392416,53.0
392528,40.0
392608,35.0
392624,64.0
392656,81.0
392688,36.0
392688,26.0
392752,44.0
392832,89.0
392832,28.0
392848,38.0
393088,49.0
393104,44.0
393216,23.0
393216,60.0
393280,42.0
393296,40.0
393328,50.0
393344,37.0
393344,41.0
393360,33.0
393360,64.0
393472,83.0
393680,62.0
393776,85.0
393824,38.0
393856,35.0
393872,78.0
393872,37.0
393920,37.0
393936,69.0
394016,50.0
394048,44.0
394080,62.0
394096,62.0
394144,49.0
394240,55.0
394352,36.0
394352,27.0
394384,44.0
394400,19.0
394416,23.0
394496,39.0
394560,68.0
394640,51.0
394640,39.0
394704,85.0
394720,36.0
394800,26.0
394816,55.0
394848,38.0
394880,50.0
394880,30.0
394912,35.0
394928,27.0
394960,68.0
394960,69.0
395040,30.0
395056,26.0
395360,59.0
395392,47.0
395504,34.0
395568,43.0
395568,33.0
395600,78.0
395696,49.0
395760,66.0
395840,49.0
395872,57.0
395888,63.0
395888,24.0
395952,72.0
396016,26.0
396016,39.0
396048,70.0
396128,35.0
396176,85.0
396224,54.0
396256,23.0
396320,30.0
396336,40.0
396432,30.0
396432,107.0
396496,39.0
396560,24.0
396608,53.0
396624,38.0
396656,113.0
396720,52.0
396736,45.0
396816,48.0
396864,46.0
396960,46.0
397072,47.0
397104,24.0
397136,40.0
397152,51.0
397216,60.0
397232,50.0
397280,42.0
397440,51.0
397504,53.0
397536,123.0
397552,37.0
397616,50.0
397664,58.0
397680,25.0
397680,38.0
397696,35.0
397744,33.0
397776,76.0
397952,95.0
397984,34.0
398016,21.0
398080,53.0
398096,77.0
398128,61.0
398240,35.0
398240,71.0
398304,47.0
398320,49.0
398352,23.0
398384,45.0
398432,51.0
398480,61.0
398528,52.0
398624,42.0
398640,54.0
398768,43.0
398768,33.0
398784,65.0
398800,30.0
398832,44.0
398880,40.0
398896,50.0
398960,38.0
398976,28.0
399056,65.0
399120,51.0
399136,23.0
399168,43.0
399216,52.0
399280,53.0
399472,42.0
399488,33.0
399520,55.0
399536,26.0
399600,39.0
399600,34.0
399664,31.0
399664,65.0
399696,50.0
399696,51.0
399696,35.0
399728,59.0
399760,30.0
399776,35.0
399824,66.0
399872,22.0
400048,76.0
400144,30.0
400288,47.0
400320,52.0
400336,40.0
400384,43.0
400416,51.0
400432,52.0
400496,64.0
400496,28.0
400528,54.0
400560,43.0
400576,55.0
400576,53.0
400736,61.0
400816,65.0
400848,33.0
400864,28.0
400928,22.0
400944,70.0
400944,50.0
400960,33.0
400992,41.0
401056,35.0
401120,24.0
401120,34.0
401136,40.0
401184,56.0
401264,28.0
401280,27.0
401360,61.0
401392,54.0
401616,43.0
401616,42.0
401648,44.0
401648,37.0
401680,35.0
401728,46.0
401776,76.0
401776,57.0
401808,34.0
401808,53.0
401824,40.0
401856,31.0
401968,52.0
401968,43.0
402000,24.0
402016,23.0
402048,41.0
402176,33.0
402192,26.0
402224,38.0
402256,71.0
402352,42.0
402368,40.0
402368,37.0
402448,30.0
402544,46.0
402592,37.0
402688,42.0
402688,55.0
402720,47.0
402736,43.0
402736,57.0
402816,37.0
402848,41.0
402912,35.0
402960,37.0
402976,45.0
402992,34.0
403024,73.0
403152,29.0
403184,63.0
403232,54.0
403296,36.0
403360,51.0
403392,50.0
403408,45.0
403408,42.0
403424,43.0
403504,34.0
403536,39.0
403584,48.0
403616,40.0
403632,49.0
403680,24.0
403904,34.0
403936,32.0
403984,52.0
404000,38.0
404000,37.0
404032,39.0
404080,25.0
404096,30.0
404096,57.0
404240,78.0
404304,67.0
404304,42.0
404320,24.0
404368,54.0
404400,23.0
404416,27.0
404432,88.0
404464,55.0
404480,30.0
404576,30.0
404640,69.0
404688,37.0
404688,20.0
404768,48.0
404800,45.0
404848,33.0
404864,35.0
404912,42.0
404928,22.0
404992,36.0
405040,35.0
405056,72.0
405104,42.0
405216,57.0
405248,35.0
405264,36.0
405280,32.0
405280,51.0
405424,49.0
405536,42.0
405600,34.0
405600,43.0
405632,77.0
405664,39.0
405664,54.0
405712,49.0
405760,32.0
405792,50.0
405952,42.0
406032,23.0
406096,27.0
406128,54.0
406144,54.0
406320,43.0
406320,76.0
406416,55.0
406416,44.0
406448,41.0
406480,45.0
406480,66.0
406496,56.0
406544,37.0
406576,85.0
406576,34.0
406576,108.0
406656,33.0
406672,67.0
406720,36.0
406752,41.0
406784,23.0
406928,38.0
406928,30.0
406944,28.0
406944,39.0
407088,38.0
407136,45.0
407248,42.0
407312,46.0
407312,52.0
407328,36.0
407328,49.0
407360,44.0
407376,37.0
407424,47.0
407456,46.0
407648,67.0
407648,20.0
407680,46.0
407696,48.0
407712,49.0
407728,30.0
407792,41.0
407824,55.0
407856,33.0
407888,36.0
408032,42.0
408032,24.0
408048,37.0
408064,61.0
408160,29.0
408176,29.0
408176,47.0
408288,40.0
408368,66.0
408368,40.0
408592,50.0
408688,54.0
408720,43.0
408768,25.0
408784,58.0
408816,90.0
408832,48.0
408928,65.0
408992,52.0
409024,84.0
409024,41.0
409072,56.0
409072,64.0
409072,49.0
409120,68.0
409200,27.0
409216,65.0
409264,30.0
409280,35.0
409360,48.0
409376,35.0
409392,23.0
409408,45.0
409424,27.0
409568,40.0
409648,36.0
409728,38.0
409760,30.0
409872,41.0
409920,56.0
409968,44.0
409984,57.0
410016,51.0
410032,38.0
410032,60.0
410048,76.0
410128,46.0
410192,51.0
410224,41.0
410272,57.0
410352,30.0
410400,47.0
410416,43.0
410512,69.0
410528,48.0
410560,27.0
410576,41.0
410592,38.0
410624,41.0
410656,39.0
410736,34.0
410768,31.0
410832,50.0
410880,33.0
411056,41.0
411072,66.0
411120,44.0
411136,25.0
411200,40.0
411264,46.0
411280,13.0
411296,67.0
411328,31.0
411344,52.0
411360,49.0
411392,39.0
411472,37.0
411520,58.0
411648,64.0
411664,38.0
411728,38.0
411760,31.0
411840,40.0
411872,33.0
411888,14.0
411936,29.0
411952,81.0
411952,41.0
412000,40.0
412064,58.0
412112,129.0
412176,49.0
412176,53.0
412208,58.0
412272,47.0
412464,37.0
412496,38.0
412512,35.0
412544,51.0
412704,47.0
412720,49.0
412720,45.0
412720,67.0
412816,40.0
412848,36.0
412848,49.0
412912,67.0
413008,56.0
413040,36.0
413200,90.0
413232,26.0
413312,51.0
413376,33.0
413376,41.0
413376,52.0
413440,45.0
413472,79.0
413504,62.0
413520,51.0
413776,100.0
413776,48.0
413792,37.0
413808,27.0
413872,31.0
413952,69.0
413968,66.0
414096,54.0
414096,41.0
414112,50.0
414208,73.0
414224,53.0
414256,49.0
414304,99.0
414368,53.0
414384,38.0
414464,41.0
414528,64.0
414656,35.0
414656,55.0
414656,34.0
414672,50.0
414720,26.0
414720,47.0
414768,42.0
414832,55.0
414848,12.0
414880,22.0
414928,44.0
414960,44.0
414960,73.0
415008,40.0
415040,52.0
415088,44.0
415216,47.0
415296,40.0
415312,37.0
415344,29.0
415456,33.0
415472,47.0
415488,51.0
415488,45.0
415536,44.0
415584,46.0
415600,40.0
415648,43.0
415664,63.0
415712,31.0
415760,42.0
415920,21.0
415936,56.0
415936,40.0
416032,27.0
416032,45.0
416096,35.0
416256,78.0
416272,49.0
416352,54.0
416368,45.0
416416,41.0
416448,33.0
416528,27.0
416544,52.0
416560,68.0
416592,41.0
416592,71.0
416592,58.0
416640,38.0
416864,26.0
416880,33.0
416960,64.0
416992,36.0
417008,40.0
417072,50.0
417168,36.0
417232,40.0
417296,47.0
417296,122.0
417360,48.0
417376,70.0
417424,87.0
417424,35.0
417440,57.0
417520,55.0
417568,35.0
417568,36.0
417616,28.0
417744,54.0
417760,43.0
417760,75.0
417856,27.0
417984,39.0
417984,43.0
418048,47.0
418064,43.0
418080,41.0
418096,41.0
418128,38.0
418192,28.0
418208,61.0
418320,44.0
418384,51.0
418432,28.0
418464,94.0
418496,58.0
418592,25.0
418592,52.0
418608,39.0
418656,33.0
418720,42.0
418736,55.0
418752,42.0
418864,69.0
418880,51.0
418912,51.0
418976,48.0
418992,33.0
419008,43.0
419008,26.0
419120,46.0
419184,47.0
419280,26.0
419280,35.0
419280,39.0
419328,46.0
419392,49.0
419488,38.0
419488,36.0
419552,35.0
419680,74.0
419680,59.0
419712,33.0
419728,38.0
419760,47.0
419776,48.0
419792,32.0
419824,67.0
419936,34.0
420032,47.0
420048,48.0
420128,25.0
420160,74.0
420208,28.0
420240,47.0
420288,31.0
420304,51.0
420384,66.0
420400,45.0
420528,25.0
420544,52.0
420592,65.0
420592,57.0
420608,49.0
420768,62.0
420864,44.0
420928,62.0
420944,44.0
420992,38.0
421008,25.0
421040,63.0
421040,62.0
421056,33.0
421168,60.0
421184,37.0
421184,56.0
421264,45.0
421376,13.0
421376,38.0
421440,53.0
421440,65.0
421456,72.0
421552,39.0
421632,48.0
421648,44.0
421648,37.0
421760,45.0
421888,44.0
421904,57.0
421920,57.0
421952,36.0
421952,57.0
422064,32.0
422192,47.0
422192,51.0
422256,62.0
422288,33.0
422288,53.0
422320,42.0
422464,80.0
422496,34.0
422560,31.0
422560,41.0
422592,25.0
422608,72.0
422624,61.0
422672,30.0
422688,50.0
422912,60.0
422928,27.0
422944,39.0
423040,70.0
423056,50.0
423056,48.0
423072,90.0
423072,25.0
423184,39.0
423200,37.0
423312,39.0
423360,46.0
423456,62.0
423488,56.0
423584,81.0
423648,46.0
423648,21.0
423664,30.0
423728,23.0
423728,42.0
423824,21.0
423824,55.0
423856,49.0
423936,54.0
423952,47.0
424000,21.0
424064,94.0
424096,28.0
424224,40.0
424240,32.0
424320,37.0
424336,81.0
424368,90.0
424448,39.0
424448,62.0
424576,47.0
424576,45.0
424608,60.0
424816,28.0
424816,54.0
424832,32.0
424864,33.0
424864,48.0
424864,40.0
424880,114.0
424912,42.0
424928,62.0
424960,60.0
424976,57.0
425040,37.0
425248,24.0
425296,43.0
425296,53.0
425328,47.0
425408,30.0
425648,38.0
425696,52.0
425696,52.0
425696,55.0
425712,71.0
425728,56.0
425792,52.0
425808,62.0
425840,37.0
425888,61.0
425904,58.0
426032,72.0
426112,44.0
426144,51.0
426144,26.0
426160,29.0
426176,55.0
426176,33.0
426192,31.0
426256,35.0
426272,35.0
426400,35.0
426416,38.0
426448,41.0
426496,29.0
426560,42.0
426592,81.0
426608,31.0
426640,46.0
426688,31.0
426784,38.0
426800,40.0
426864,38.0
426864,45.0
426880,46.0
426896,39.0
426928,32.0
426928,47.0
427040,37.0
427056,35.0
427104,26.0
427200,40.0
427232,27.0
427280,42.0
427280,43.0
427296,27.0
427456,66.0
427488,44.0
427504,38.0
427648,49.0
427664,49.0
427760,45.0
427760,52.0
427760,30.0
427872,59.0
427888,38.0
427920,45.0
427920,51.0
428000,59.0
428000,85.0
428096,50.0
428192,27.0
428208,61.0
428208,47.0
428256,31.0
428384,24.0
428464,29.0
428496,36.0
428512,64.0
428512,47.0
428544,28.0
428560,40.0
428608,45.0
428672,50.0
428672,63.0
428720,32.0
428832,21.0
428864,38.0
428912,79.0
428976,32.0
428992,50.0
429120,32.0
429184,61.0
429200,43.0
429232,42.0
429232,35.0
429248,36.0
429248,109.0
429344,32.0
429408,43.0
429424,65.0
429440,56.0
429536,21.0
429600,39.0
429632,24.0
429728,38.0
429840,53.0
429872,40.0
429872,85.0
429904,65.0
429984,47.0
430064,40.0
430080,73.0
430096,43.0
430192,29.0
430208,54.0
430224,61.0
430224,37.0
430256,45.0
430384,49.0
430464,35.0
430512,67.0
430544,44.0
430560,43.0
430592,38.0
430640,27.0
430656,35.0
430704,30.0
430800,45.0
430832,40.0
430864,40.0
430896,52.0
430928,34.0
430944,30.0
430976,112.0
431040,25.0
431040,73.0
431168,41.0
431184,33.0
431216,39.0
431264,63.0
431296,46.0
431392,53.0
431408,23.0
431456,39.0
431488,49.0
431520,36.0
431552,39.0
431584,45.0
431600,39.0
431696,41.0
431728,29.0
431792,39.0
431856,40.0
431888,37.0
431952,25.0
431968,67.0
432048,78.0
432144,41.0
432160,23.0
432176,37.0
432192,49.0
432224,52.0
432240,66.0
432368,40.0
432368,42.0
432416,60.0
432464,54.0
432544,41.0
432592,40.0
432592,46.0
432624,30.0
432624,28.0
432720,75.0
432800,40.0
432832,29.0
432944,44.0
433040,39.0
433088,70.0
433136,48.0
433184,60.0
433312,48.0
433360,73.0
433360,35.0
433424,86.0
433488,56.0
433488,41.0
433552,60.0
433552,38.0
433584,70.0
433696,67.0
433728,43.0
433792,15.0
433792,30.0
433808,20.0
433808,68.0
433808,42.0
433872,24.0
433888,50.0
434112,93.0
434112,58.0
434160,46.0
434192,52.0
434256,28.0
434304,12.0
434416,66.0
434432,44.0
434432,35.0
434496,24.0
434496,44.0
434512,60.0
434528,45.0
434528,46.0
434576,55.0
434592,63.0
434624,46.0
434688,55.0
434704,32.0
434720,35.0
434752,11.0
434896,24.0
434912,38.0
434976,30.0
434992,23.0
435024,37.0
435072,11.0
435088,41.0
435136,38.0
435168,40.0
435216,45.0
435296,38.0
435392,42.0
435488,56.0
435536,34.0
435568,82.0
435600,39.0
435616,75.0
435712,60.0
435712,40.0
435808,42.0
435824,46.0
435840,42.0
435936,45.0
436000,61.0
436048,27.0
436080,30.0
436144,36.0
436176,43.0
436208,23.0
436224,52.0
436240,96.0
436304,48.0
436304,37.0
436384,35.0
436400,43.0
436464,41.0
436528,33.0
436544,102.0
436624,28.0
436800,35.0
436880,99.0
436912,54.0
436928,49.0
436928,53.0
436944,40.0
437008,39.0
437088,55.0
437152,76.0
437184,55.0
437184,45.0
437296,22.0
437296,56.0
437360,35.0
437360,51.0
437376,28.0
437536,57.0
437568,65.0
437632,47.0
437648,22.0
437648,29.0
437712,44.0
437744,41.0
437776,37.0
437824,57.0
437840,43.0
437888,104.0
438016,68.0
438032,42.0
438160,54.0
438208,35.0
438240,44.0
438288,41.0
438304,29.0
438320,60.0
438352,36.0
438416,65.0
438416,37.0
438464,56.0
438528,40.0
438560,33.0
438624,29.0
438688,61.0
438688,65.0
438720,26.0
438848,33.0
438912,39.0
438928,74.0
438992,47.0
438992,27.0
439008,41.0
439072,66.0
439120,57.0
439184,45.0
439296,48.0
439344,41.0
439408,49.0
439408,43.0
439536,34.0
439584,46.0
439616,39.0
439616,38.0
439712,40.0
439776,37.0
439808,87.0
439856,32.0
439952,11.0
440016,100.0
440016,68.0
440160,39.0
440176,93.0
440224,32.0
440224,58.0
440256,53.0
440336,33.0
440352,59.0
440448,52.0
440496,55.0
440496,34.0
440560,90.0
440592,36.0
440624,38.0
440688,69.0
440736,114.0
440832,38.0
440832,41.0
440976,47.0
440992,40.0
441008,72.0
441040,49.0
441184,43.0
441264,69.0
441328,44.0
441344,49.0
441408,51.0
441488,47.0
441568,37.0
441568,46.0
441584,47.0
441584,71.0
441616,36.0
441616,39.0
441728,25.0
441792,49.0
441888,39.0
441904,76.0
441952,23.0
442000,94.0
442064,55.0
442128,25.0
442192,44.0
442208,39.0
442320,61.0
442336,48.0
442336,45.0
442384,61.0
442416,53.0
442448,132.0
442528,40.0
442544,40.0
442640,32.0
442656,54.0
442688,46.0
442768,72.0
442800,50.0
442816,31.0
442848,29.0
442928,45.0
442928,54.0
442976,35.0
443008,51.0
443008,42.0
443040,44.0
443136,28.0
443152,24.0
443232,27.0
443232,44.0
443264,38.0
443328,43.0
443392,53.0
443552,20.0
443616,38.0
443632,41.0
443648,45.0
443648,52.0
443664,46.0
443712,36.0
443744,44.0
443760,47.0
443840,32.0
443888,46.0
443984,37.0
444064,28.0
444064,101.0
444112,30.0
444144,27.0
444192,84.0
444272,38.0
444336,49.0
444352,68.0
444352,44.0
444368,39.0
444384,46.0
444384,34.0
444496,38.0
444624,30.0
444624,54.0
444656,42.0
444704,37.0
444768,36.0
444784,28.0
444784,27.0
444848,49.0
444912,26.0
444928,106.0
444976,37.0
445008,41.0
445024,60.0
445216,37.0
445264,56.0
445296,32.0
445328,66.0
445360,37.0
445424,65.0
445488,29.0
445568,49.0
445568,40.0
445584,55.0
445632,63.0
445632,49.0
445648,62.0
445824,25.0
445824,57.0
445840,39.0
445936,58.0
446064,46.0
446080,28.0
446128,34.0
446128,35.0
446144,55.0
446144,49.0
446192,44.0
446432,37.0
446496,23.0
446496,58.0
446512,23.0
446528,44.0
446528,44.0
446656,37.0
446752,39.0
446784,37.0
446848,117.0
446848,48.0
446864,23.0
446880,46.0
446912,80.0
446944,26.0
446992,66.0
447216,120.0
447232,99.0
447280,27.0
447328,30.0
447328,29.0
447328,36.0
447392,60.0
447424,57.0
447472,59.0
447472,33.0
447520,33.0
447536,39.0
447600,24.0
447648,54.0
447712,24.0
447712,52.0
447776,34.0
447888,87.0
447888,26.0
447952,27.0
447968,40.0
448000,45.0
448016,37.0
448048,41.0
448112,25.0
448112,49.0
448160,94.0
448208,12.0
448240,29.0
448240,40.0
448336,50.0
448400,58.0
448432,34.0
448512,35.0
448528,51.0
448608,40.0
448624,32.0
448640,37.0
448688,43.0
448688,36.0
448800,37.0
448816,26.0
448832,42.0
448864,22.0
448944,38.0
449008,85.0
449152,57.0
449168,40.0
449232,39.0
449248,24.0
449296,38.0
449312,43.0
449328,40.0
449424,96.0
449440,75.0
449488,43.0
449504,67.0
449568,39.0
449648,63.0
449664,27.0
449792,39.0
449904,68.0
449968,40.0
450000,73.0
450032,37.0
450032,64.0
450096,53.0
450128,35.0
450128,40.0
450176,54.0
450176,55.0
450176,47.0
450176,42.0
450256,69.0
450416,47.0
450432,40.0
450464,35.0
450544,28.0
450576,34.0
450608,40.0
450656,33.0
450672,31.0
450736,30.0
450752,39.0
450832,52.0
450864,25.0
450896,45.0
450928,24.0
450976,50.0
451024,53.0
451104,23.0
451184,96.0
451232,51.0
451232,35.0
451264,43.0
451280,53.0
451328,42.0
451376,25.0
451536,38.0
451616,24.0
451696,29.0
451712,53.0
451744,35.0
451792,74.0
451824,112.0
451856,60.0
451984,55.0
452016,40.0
452080,78.0
452160,19.0
452160,23.0
452176,53.0
452208,37.0
452240,76.0
452272,12.0
452352,41.0
452352,40.0
452416,55.0
452432,38.0
452448,73.0
452528,111.0
452544,50.0
452672,88.0
452816,29.0
452832,39.0
452848,52.0
452896,41.0
452912,58.0
452976,50.0
453008,53.0
453056,39.0
453056,24.0
453072,50.0
453120,48.0
453184,41.0
453328,55.0
453328,49.0
453376,33.0
453456,35.0
453520,28.0
453568,72.0
453648,40.0
453664,47.0
453712,37.0
453712,24.0
453744,58.0
453776,59.0
453776,50.0
453808,103.0
453824,48.0
453840,41.0
453904,33.0
453984,58.0
454048,45.0
454064,16.0
454112,37.0
454272,51.0
454384,42.0
454416,37.0
454448,42.0
454464,50.0
454480,46.0
454528,60.0
454608,39.0
454640,62.0
454720,51.0
454768,62.0
454864,24.0
454912,33.0
454928,30.0
454960,56.0
454992,59.0
455008,81.0
455088,28.0
455104,43.0
455168,56.0
455216,69.0
455296,52.0
455328,38.0
455344,27.0
455376,48.0
455408,25.0
455440,32.0
455440,100.0
455504,61.0
455536,48.0
455664,50.0
455680,29.0
455712,38.0
455744,23.0
455904,35.0
455936,59.0
455968,40.0
455968,35.0
455984,28.0
456016,45.0
456080,40.0
456208,31.0
456240,31.0
456288,83.0
456304,76.0
456320,40.0
456352,53.0
456368,75.0
456576,42.0
456608,39.0
456736,23.0
456768,43.0
456768,52.0
456832,33.0
456848,55.0
456896,43.0
456912,35.0
456928,57.0
456928,38.0
456976,96.0
457008,48.0
457168,55.0
457200,23.0
457296,83.0
457312,29.0
457360,37.0
457360,27.0
457360,106.0
457376,48.0
457424,41.0
457536,50.0
457568,62.0
457568,37.0
457616,38.0
457664,22.0
457664,48.0
457680,48.0
457888,43.0
457952,64.0
458064,33.0
458128,48.0
458128,48.0
458144,36.0
458160,49.0
458192,36.0
458224,54.0
458256,43.0
458288,39.0
458304,26.0
458448,48.0
458480,66.0
458496,34.0
458592,25.0
458624,83.0
458672,38.0
458688,35.0
458736,36.0
458768,40.0
458832,13.0
458864,75.0
458960,44.0
459008,44.0
459088,59.0
459136,28.0
459136,34.0
459184,44.0
459184,56.0
459200,61.0
459216,128.0
459280,49.0
459296,53.0
459360,37.0
459424,47.0
459536,36.0
459536,44.0
459584,24.0
459632,39.0
459712,61.0
459744,41.0
459824,43.0
459824,38.0
459888,64.0
459920,46.0
459952,37.0
459952,48.0
460016,24.0
460064,48.0
460080,34.0
460096,32.0
460112,61.0
460128,37.0
460240,51.0
460336,32.0
460400,41.0
460448,22.0
460464,40.0
460464,34.0
460544,37.0
460608,83.0
460624,38.0
460640,47.0
460768,66.0
460912,23.0
460912,49.0
460928,54.0
460928,51.0
461024,39.0
461072,28.0
461136,42.0
461152,57.0
461168,44.0
461280,40.0
461280,23.0
461328,86.0
461328,35.0
461392,49.0
461488,88.0
461648,82.0
461680,41.0
461712,34.0
461728,50.0
461776,28.0
461840,35.0
461920,40.0
461984,53.0
462000,58.0
462000,97.0
462016,39.0
462144,41.0
462224,31.0
462304,86.0
462320,73.0
462320,42.0
462400,35.0
462416,46.0
462416,26.0
462480,30.0
462576,35.0
462624,40.0
462736,37.0
462752,52.0
462784,117.0
462880,97.0
462880,69.0
462960,40.0
463008,49.0
463024,44.0
463024,38.0
463072,37.0
463088,43.0
463104,22.0
463152,36.0
463200,36.0
463312,56.0
463360,39.0
463424,25.0
463456,42.0
463520,32.0
463536,29.0
463552,29.0
463600,11.0
463664,40.0
463664,44.0
463760,28.0
463776,20.0
463824,42.0
463824,29.0
463856,47.0
463856,97.0
463888,23.0
463920,138.0
464048,28.0
464064,19.0
464080,75.0
464112,35.0
464192,41.0
464272,67.0
464304,40.0
464352,29.0
464352,43.0
464400,95.0
464448,37.0
464608,43.0
464640,51.0
464672,53.0
464768,41.0
464816,34.0
464832,47.0
464864,63.0
464896,53.0
464960,56.0
464992,40.0
465040,79.0
465040,40.0
465056,54.0
465104,47.0
465152,53.0
465312,40.0
465344,56.0
465456,37.0
465488,37.0
465488,42.0
465504,46.0
465504,25.0
465520,57.0
465520,23.0
465552,32.0
465568,46.0
465568,58.0
465600,38.0
465600,40.0
465792,47.0
465872,22.0
465920,36.0
465952,29.0
466064,29.0
466080,39.0
466128,38.0
466176,38.0
466176,38.0
466176,42.0
466304,78.0
466320,48.0
466368,36.0
466400,33.0
466448,59.0
466560,78.0
466576,39.0
466608,30.0
466688,68.0
466752,42.0
466832,24.0
466864,59.0
466944,39.0
466944,24.0
467024,53.0
467056,41.0
467104,58.0
467216,53.0
467216,38.0
467248,14.0
467328,115.0
467344,25.0
467360,81.0
467360,66.0
467408,34.0
467456,55.0
467472,49.0
467600,89.0
467616,49.0
467696,47.0
467712,38.0
467744,62.0
467792,46.0
467936,38.0
467968,22.0
468016,38.0
468016,42.0
468080,52.0
468080,54.0
468096,46.0
468096,25.0
468128,41.0
468240,28.0
468256,56.0
468272,66.0
468272,42.0
468288,52.0
468416,44.0
468464,45.0
468512,31.0
468544,36.0
468592,41.0
468608,32.0
468672,37.0
468720,27.0
468768,40.0
468816,35.0
468848,52.0
468864,39.0
468896,51.0
469040,31.0
469072,38.0
469088,42.0
469104,52.0
469152,40.0
469152,55.0
469184,37.0
469232,24.0
469280,13.0
469280,42.0
469424,38.0
469520,47.0
469632,25.0
469648,38.0
469664,35.0
469680,37.0
469744,37.0
469760,56.0
469856,74.0
469856,44.0
469888,23.0
469888,44.0
469968,78.0
469968,117.0
470032,47.0
470112,28.0
470144,45.0
470160,55.0
470176,27.0
470208,82.0
470272,39.0
470400,34.0
470400,40.0
470464,36.0
470560,44.0
470640,30.0
470720,65.0
470720,36.0
470736,35.0
470768,41.0
470784,14.0
470832,35.0
470864,61.0
470896,54.0
470960,83.0
470976,63.0
471056,41.0
471184,25.0
471200,77.0
471216,31.0
471344,55.0
471344,59.0
471360,39.0
471392,26.0
471392,42.0
471440,36.0
471472,40.0
471488,45.0
471504,54.0
471568,38.0
471584,43.0
471728,34.0
471776,12.0
471776,45.0
471792,37.0
471840,102.0
471936,37.0
472032,42.0
472032,37.0
472064,21.0
472096,37.0
472144,47.0
472192,44.0
472224,63.0
472240,42.0
472240,56.0
472352,60.0
472368,56.0
472432,25.0
472560,33.0
472560,45.0
472576,30.0
472624,53.0
472736,42.0
472752,51.0
472784,62.0
472784,34.0
472848,26.0
472896,41.0
472992,76.0
473104,46.0
473104,34.0
473168,38.0
473216,64.0
473216,54.0
473280,44.0
473328,37.0
473344,70.0
473456,38.0
473488,44.0
473488,84.0
473504,38.0
473520,56.0
473552,35.0
473552,50.0
473616,52.0
473712,38.0
473776,38.0
473840,31.0
473872,48.0
473888,42.0
473952,42.0
474080,36.0
474096,40.0
474160,40.0
474208,45.0
474304,29.0
474320,69.0
474352,40.0
474352,50.0
474464,61.0
474560,42.0
474560,77.0
474576,64.0
474608,52.0
474704,68.0
474832,55.0
474880,63.0
474944,49.0
474944,23.0
474944,37.0
474960,38.0
475040,46.0
475072,38.0
475104,63.0
475120,57.0
475136,36.0
475152,52.0
475184,14.0
475216,71.0
475248,43.0
475392,32.0
475392,49.0
475456,39.0
475488,34.0
475488,34.0
475664,39.0
475664,45.0
475680,36.0
475680,35.0
475728,37.0
475728,32.0
475728,30.0
475776,67.0
475824,40.0
475856,49.0
475968,32.0
476048,41.0
476048,41.0
476080,25.0
476112,28.0
476160,42.0
476192,44.0
476208,34.0
476240,29.0
476256,33.0
476288,35.0
476288,35.0
476304,28.0
476336,74.0
476496,28.0
476560,37.0
476576,33.0
476624,59.0
476672,30.0
476816,38.0
476832,47.0
476864,36.0
476880,48.0
476896,38.0
476928,48.0
477008,32.0
477008,42.0
477056,77.0
477104,50.0
477184,58.0
477184,22.0
477200,60.0
477232,23.0
477232,41.0
477232,26.0
477328,41.0
477328,44.0
477344,26.0
477440,35.0
477504,59.0
477632,28.0
477648,29.0
477664,29.0
477696,43.0
477840,38.0
477872,33.0
477904,50.0
477952,56.0
477968,60.0
477984,47.0
478000,35.0
478000,42.0
478000,48.0
478144,32.0
478240,21.0
478256,47.0
478288,26.0
478304,88.0
478432,48.0
478544,37.0
478560,57.0
478576,36.0
478592,28.0
478624,41.0
478656,60.0
478656,83.0
478704,44.0
478768,49.0
478816,51.0
478944,41.0
478992,72.0
479008,47.0
479072,48.0
479136,34.0
479136,36.0
479168,34.0
479216,40.0
479216,32.0
479232,62.0
479232,36.0
479232,36.0
479264,28.0
479312,55.0
479520,47.0
479616,67.0
479648,32.0
479648,40.0
479728,41.0
479744,32.0
479760,39.0
479808,37.0
479872,40.0
479904,40.0
479904,42.0
479904,37.0
479984,48.0
480000,12.0
480000,66.0
480128,71.0
480160,40.0
480192,36.0
480240,37.0
480240,37.0
480320,21.0
480336,73.0
480352,39.0
480496,37.0
480512,38.0
480528,41.0
480560,51.0
480624,39.0
480624,24.0
480640,30.0
480704,44.0
480704,59.0
480784,34.0
480912,37.0
480944,37.0
481024,33.0
481056,54.0
481152,37.0
481200,35.0
481232,38.0
481248,70.0
481360,52.0
481360,36.0
481360,53.0
481408,49.0
481424,95.0
481520,74.0
481536,37.0
481584,42.0
481680,20.0
481744,37.0
481744,65.0
481760,35.0
481808,35.0
481888,30.0
481920,43.0
481952,37.0
481952,56.0
481968,79.0
482112,47.0
482224,50.0
482272,46.0
482272,37.0
482336,36.0
482336,47.0
482400,41.0
482480,35.0
482496,43.0
482528,40.0
482560,96.0
482608,41.0
482608,40.0
482688,46.0
482784,65.0
482832,35.0
482848,32.0
482864,47.0
482944,28.0
482992,32.0
482992,92.0
482992,37.0
482992,48.0
483024,31.0
483296,29.0
483312,47.0
483328,30.0
483328,45.0
483360,47.0
483408,34.0
483424,27.0
483488,72.0
483536,37.0
483552,48.0
483552,54.0
483568,36.0
483616,39.0
483696,42.0
483728,91.0
483792,50.0
483840,33.0
483936,40.0
484048,43.0
484112,44.0
484192,39.0
484256,44.0
484272,30.0
484288,60.0
484336,63.0
484368,51.0
484368,42.0
484416,62.0
484432,51.0
484560,12.0
484576,29.0
484576,33.0
484688,60.0
484736,50.0
484800,34.0
484848,27.0
484896,29.0
484944,42.0
485008,40.0
485008,51.0
485024,43.0
485120,35.0
485136,21.0
485152,36.0
485232,109.0
485248,32.0
485296,38.0
485408,32.0
485456,28.0
485520,42.0
485536,26.0
485568,108.0
485648,44.0
485664,68.0
485744,138.0
485776,40.0
485792,34.0
485792,48.0
485792,94.0
485824,51.0
485984,43.0
486064,41.0
486128,35.0
486144,62.0
486144,38.0
486224,27.0
486240,45.0
486304,32.0
486336,69.0
486352,44.0
486416,42.0
486464,40.0
486528,29.0
486528,54.0
486560,48.0
486656,27.0
486656,55.0
486656,12.0
486704,29.0
486720,79.0
486800,51.0
486848,45.0
486864,28.0
487024,29.0
487024,42.0
487072,26.0
487232,56.0
487280,39.0
487472,42.0
487472,47.0
487472,73.0
487488,52.0
487568,89.0
487568,21.0
487584,35.0
487600,67.0
487616,92.0
487664,50.0
487664,37.0
487776,58.0
487776,67.0
487904,21.0
487920,56.0
488064,37.0
488096,51.0
488144,42.0
488160,24.0
488160,42.0
488208,34.0
488224,28.0
488240,42.0
488240,41.0
488320,44.0
488352,12.0
488416,118.0
488416,31.0
488528,54.0
488560,68.0
488624,25.0
488704,35.0
488800,24.0
488816,57.0
488832,42.0
488848,33.0
488848,78.0
488880,49.0
488896,41.0
488960,47.0
488976,35.0
488976,46.0
489072,23.0
489104,36.0
489152,68.0
489216,54.0
489344,45.0
489376,36.0
489456,36.0
489504,33.0
489520,44.0
489520,42.0
489520,43.0
489520,42.0
489536,35.0
489600,65.0
489616,45.0
489632,42.0
489776,39.0
489856,32.0
489856,30.0
489872,48.0
490016,50.0
490064,27.0
490128,38.0
490144,38.0
490160,40.0
490176,41.0
490192,20.0
490256,25.0
490368,57.0
490384,55.0
490464,28.0
490496,40.0
490592,95.0
490656,32.0
490736,36.0
490752,71.0
490784,37.0
490864,38.0
490928,54.0
490928,35.0
490976,91.0
491056,35.0
491104,40.0
491104,94.0
491104,83.0
491232,66.0
491232,40.0
491248,31.0
491248,54.0
491312,24.0
491424,35.0
491440,44.0
491504,53.0
491536,38.0
491536,27.0
491616,40.0
491616,32.0
491760,32.0
491792,46.0
491872,48.0
491888,110.0
491904,37.0
491920,71.0
491984,30.0
492000,47.0
492080,34.0
492096,30.0
492208,61.0
492240,20.0
492288,54.0
492288,53.0
492384,30.0
492496,55.0
492496,44.0
492496,60.0
492592,85.0
492624,47.0
492672,43.0
492672,24.0
492720,32.0
492800,26.0
492816,66.0
492832,37.0
492832,47.0
492912,51.0
493024,71.0
493088,37.0
493104,51.0
493104,38.0
493200,38.0
493232,35.0
493248,27.0
493248,28.0
493248,78.0
493312,40.0
493440,45.0
493440,21.0
493552,58.0
493600,69.0
493600,48.0
493616,44.0
493632,34.0
493728,39.0
493792,34.0
493824,50.0
493840,38.0
493840,37.0
493920,38.0
493920,30.0
493984,34.0
494048,53.0
494096,34.0
494144,19.0
494192,59.0
494192,37.0
494288,41.0
494304,44.0
494336,94.0
494352,27.0
494480,40.0
494496,48.0
494544,47.0
494624,40.0
494624,30.0
494624,50.0
494656,23.0
494656,65.0
494720,42.0
494736,51.0
494768,36.0
494976,42.0
495104,57.0
495120,31.0
495136,65.0
495168,39.0
495232,56.0
495248,56.0
495280,41.0
495280,34.0
495328,52.0
495408,49.0
495520,50.0
495552,56.0
495584,26.0
495632,33.0
495696,58.0
495712,77.0
495744,31.0
495776,50.0
495792,35.0
495840,20.0
495872,76.0
495904,20.0
495968,35.0
496032,47.0
496064,58.0
496096,61.0
496144,54.0
496192,54.0
496224,42.0
496240,34.0
496288,24.0
496304,35.0
496480,26.0
496544,32.0
496560,49.0
496608,51.0
496640,26.0
496704,38.0
496704,35.0
496736,69.0
496736,54.0
496752,49.0
496832,40.0
496880,40.0
496896,37.0
496960,70.0
496960,14.0
497104,87.0
497136,37.0
497168,35.0
497168,43.0
497264,33.0
497360,45.0
497376,42.0
497392,27.0
497424,71.0
497424,42.0
497456,36.0
497488,58.0
497488,49.0
497488,41.0
497584,43.0
497664,35.0
497760,50.0
497760,37.0
497776,32.0
497856,43.0
497872,28.0
497904,30.0
497920,35.0
497952,51.0
497984,31.0
498016,33.0
498160,24.0
498208,28.0
498256,37.0
498288,44.0
498336,29.0
498480,62.0
498480,45.0
498512,41.0
498528,67.0
498544,40.0
498544,16.0
498544,39.0
498688,46.0
498720,84.0
498768,35.0
498768,38.0
498800,88.0
498896,40.0
498896,57.0
498928,37.0
498944,25.0
498960,59.0
499152,39.0
499200,41.0
499216,33.0
499232,47.0
499248,46.0
499280,50.0
499296,33.0
499296,36.0
499328,25.0
499376,27.0
499456,35.0
499472,32.0
499552,41.0
499600,66.0
499680,28.0
499744,59.0
499760,29.0
499776,39.0
499840,67.0
499872,25.0
499872,41.0
499904,38.0
499952,36.0
500016,29.0
500064,38.0
500096,48.0
500400,45.0
500448,36.0
500480,38.0
500496,41.0
500496,37.0
500512,47.0
500528,58.0
500544,48.0
500560,85.0
500608,83.0
500688,90.0
500736,49.0
500912,32.0
500944,29.0
500960,27.0
501008,62.0
501088,34.0
501104,41.0
501152,88.0
501168,69.0
501216,41.0
501328,51.0
501376,55.0
501392,27.0
501440,31.0
501440,59.0
501488,50.0
501488,87.0
501552,34.0
501568,25.0
501648,13.0
501680,37.0
501712,61.0
501712,50.0
501728,39.0
501808,27.0
501856,78.0
501952,19.0
502016,54.0
502016,33.0
502064,36.0
502176,38.0
502192,29.0
502240,57.0
502240,35.0
502288,53.0
502288,36.0
502320,29.0
502336,59.0
502496,80.0
502512,50.0
502544,62.0
502576,39.0
502800,29.0
502800,32.0
502864,36.0
502944,71.0
502944,58.0
502960,56.0
502992,26.0
503008,52.0
503040,50.0
503072,36.0
503104,35.0
503104,37.0
503120,55.0
503152,60.0
503248,19.0
503392,27.0
503456,90.0
503472,42.0
503488,15.0
503504,35.0
503520,41.0
503536,33.0
503552,77.0
503600,30.0
503600,33.0
503648,41.0
503648,53.0
503680,36.0
503744,37.0
503888,25.0
503936,56.0
503952,53.0
503968,27.0
504000,28.0
504064,37.0
504288,40.0
504320,50.0
504320,40.0
504336,28.0
504336,46.0
504384,62.0
504416,29.0
504448,30.0
504496,62.0
504496,65.0
504528,49.0
504592,62.0
504608,60.0
504720,45.0
504752,51.0
504816,30.0
504816,25.0
504944,41.0
505008,35.0
505088,48.0
505168,42.0
505168,40.0
505232,39.0
505264,55.0
505280,35.0
505344,37.0
505344,63.0
505424,30.0
505456,54.0
505456,60.0
505472,41.0
505504,43.0
505504,26.0
505648,40.0
505664,25.0
505696,86.0
505840,38.0
505856,32.0
505856,36.0
505952,49.0
505984,33.0
506000,41.0
506016,122.0
506032,54.0
506064,26.0
506080,38.0
506224,45.0
506224,45.0
506224,50.0
506272,38.0
506400,34.0
506400,59.0
506496,26.0
506544,37.0
506560,54.0
506592,37.0
506640,49.0
506688,39.0
506720,31.0
506864,52.0
506880,41.0
506896,39.0
506912,56.0
506928,33.0
507136,72.0
507136,81.0
507168,42.0
507184,40.0
507296,41.0
507360,71.0
507424,52.0
507440,45.0
507456,48.0
507488,58.0
507568,42.0
507568,40.0
507600,29.0
507696,32.0
507824,33.0
507888,28.0
507952,67.0
507968,69.0
508016,37.0
508048,103.0
508144,61.0
508192,39.0
508224,54.0
508304,73.0
508320,27.0
508384,58.0
508432,52.0
508496,58.0
508528,44.0
508528,35.0
508592,36.0
508688,75.0
508720,31.0
508720,25.0
508800,53.0
508896,75.0
508960,57.0
508992,31.0
509040,56.0
509104,50.0
509120,37.0
509136,139.0
509152,39.0
509184,31.0
509184,50.0
509280,53.0
509328,46.0
509344,72.0
509360,11.0
509360,35.0
509376,26.0
509424,44.0
509536,51.0
509616,39.0
509632,28.0
509744,39.0
509760,54.0
509760,45.0
509824,25.0
509888,46.0
509904,33.0
509920,40.0
509936,52.0
510000,40.0
510032,44.0
510048,26.0
510064,58.0
510160,51.0
510160,39.0
510176,51.0
510288,33.0
510368,34.0
510464,33.0
510464,27.0
510560,35.0
510560,51.0
510576,41.0
510576,42.0
510608,35.0
510624,54.0
510656,48.0
510672,66.0
510688,33.0
510736,36.0
510800,46.0
510896,33.0
510992,44.0
511088,33.0
511088,39.0
511136,29.0
511168,32.0
511200,37.0
511200,36.0
511280,12.0
511312,46.0
511328,37.0
511344,34.0
511344,41.0
511344,28.0
511360,74.0
511376,51.0
511408,52.0
511648,74.0
511648,20.0
511680,43.0
511760,35.0
511808,29.0
511808,31.0
511840,42.0
511840,47.0
511856,31.0
511856,28.0
511872,37.0
511904,48.0
512016,42.0
512032,43.0
512320,42.0
512384,39.0
512480,36.0
512480,69.0
512512,82.0
512512,42.0
512560,57.0
512608,47.0
512608,50.0
512672,41.0
512672,52.0
512816,27.0
512832,61.0
512880,35.0
512928,70.0
513024,84.0
513056,64.0
513088,33.0
513120,40.0
513152,40.0
513216,84.0
513216,38.0
513264,37.0
513312,52.0
513312,40.0
513344,33.0
513424,51.0
513440,58.0
513488,38.0
513696,54.0
513712,49.0
513744,33.0
513808,47.0
513920,50.0
513920,38.0
513936,57.0
513952,32.0
513952,38.0
513952,50.0
513984,42.0
514000,46.0
514032,38.0
514112,56.0
514176,43.0
514352,41.0
514368,80.0
514432,43.0
514432,39.0
514480,30.0
514528,36.0
514528,36.0
514528,38.0
514576,25.0
514640,58.0
514672,47.0
514688,41.0
514720,38.0
514928,31.0
514976,39.0
514992,39.0
515040,68.0
515088,41.0
515200,45.0
515232,44.0
515264,80.0
515296,41.0
515344,23.0
515424,44.0
515440,54.0
515456,58.0
515520,52.0
515616,33.0
515664,27.0
515712,42.0
515760,114.0
515872,26.0
515888,76.0
515936,59.0
516048,21.0
516048,70.0
516080,35.0
516096,47.0
516096,50.0
516128,58.0
516128,54.0
516144,44.0
516256,108.0
516304,43.0
516352,37.0
516352,58.0
516416,33.0
516432,31.0
516480,38.0
516576,30.0
516608,35.0
516656,62.0
516768,32.0
516816,46.0
516848,50.0
516848,45.0
516848,44.0
516864,48.0
516928,50.0
516944,33.0
517040,38.0
517072,48.0
517232,55.0
517232,24.0
517248,25.0
517264,57.0
517328,45.0
517392,34.0
517408,37.0
517424,53.0
517456,32.0
517504,53.0
517664,37.0
517664,56.0
517840,61.0
517936,91.0
517952,34.0
517984,37.0
518000,34.0
518016,49.0
518032,62.0
518064,40.0
518080,53.0
518112,53.0
518128,50.0
518192,59.0
518208,23.0
518272,84.0
518272,38.0
518352,53.0
518352,23.0
518416,22.0
518512,53.0
518560,30.0
518576,36.0
518688,31.0
518768,41.0
518896,39.0
518944,37.0
518960,47.0
519040,48.0
519040,43.0
519056,40.0
519184,77.0
519200,43.0
519296,45.0
519296,80.0
519360,77.0
519376,43.0
519376,90.0
519472,57.0
519488,45.0
519504,35.0
519520,35.0
519664,102.0
519696,50.0
519696,41.0
519760,45.0
519808,32.0
519936,40.0
519984,38.0
520048,42.0
520160,40.0
520160,42.0
520176,51.0
520208,64.0
520224,35.0
520272,36.0
520272,76.0
520288,68.0
520368,56.0
520400,37.0
520608,42.0
520624,36.0
520656,60.0
520704,45.0
520720,60.0
520752,36.0
520768,79.0
520768,38.0
520784,31.0
520800,33.0
520864,44.0
520864,29.0
521024,51.0
521040,51.0
521056,28.0
521136,48.0
521184,57.0
521216,37.0
521296,37.0
521296,40.0
521344,36.0
521424,44.0
521472,42.0
521504,40.0
521552,50.0
521552,43.0
521584,23.0
521632,36.0
521664,56.0
521824,33.0
521824,33.0
522112,35.0
522176,71.0
522176,52.0
522176,42.0
522192,88.0
522256,37.0
522272,43.0
522272,68.0
522432,55.0
522432,63.0
522528,22.0
522560,89.0
522576,97.0
522608,26.0
522640,51.0
522656,52.0
522720,38.0
522736,29.0
522752,36.0
522816,40.0
522864,87.0
522912,80.0
523024,47.0
523120,32.0
523200,34.0
523248,45.0
523264,43.0
523296,34.0
523312,66.0
523328,37.0
523376,29.0
523392,36.0
523472,65.0
523520,68.0
523520,41.0
523616,66.0
523616,23.0
523632,62.0
523648,39.0
523776,41.0
523888,23.0
523936,39.0
523952,39.0
523984,37.0
524032,52.0
524080,28.0
524096,36.0
524192,51.0
524224,36.0
524240,39.0
524272,50.0
524304,43.0
524304,65.0
524416,106.0
524544,48.0
524672,86.0
524704,42.0
524736,34.0
524832,38.0
524880,38.0
524880,58.0
524896,41.0
524928,39.0
524976,35.0
525120,77.0
525152,53.0
525200,33.0
525296,75.0
525328,87.0
525344,29.0
525376,25.0
525408,83.0
525424,90.0
525456,36.0
525520,51.0
525728,38.0
525744,51.0
525744,75.0
525776,59.0
525792,40.0
525840,59.0
525856,41.0
525936,40.0
525984,78.0
526048,44.0
526048,45.0
526064,38.0
526112,37.0
526144,46.0
526208,49.0
526272,26.0
526320,37.0
526368,36.0
526464,33.0
526496,45.0
526496,70.0
526496,47.0
526544,31.0
526624,49.0
526640,27.0
526720,42.0
526720,46.0
526832,35.0
526944,28.0
526992,28.0
527024,55.0
527056,62.0
527056,46.0
527088,61.0
527104,38.0
527216,47.0
527312,37.0
527360,54.0
527376,102.0
527376,47.0
527440,45.0
527456,51.0
527456,27.0
527488,24.0
527520,72.0
527552,31.0
527648,41.0
527664,36.0
527680,23.0
527712,22.0
527728,49.0
527808,27.0
527888,23.0
527904,43.0
527936,69.0
527968,33.0
527984,58.0
528128,36.0
528128,25.0
528144,48.0
528160,44.0
528208,34.0
528256,50.0
528336,28.0
528384,56.0
528448,46.0
528560,55.0
528608,28.0
528720,51.0
528768,39.0
528784,50.0
528832,44.0
528896,43.0
528912,79.0
528992,54.0
528992,24.0
529008,75.0
529088,40.0
529104,45.0
529136,50.0
529136,26.0
529200,27.0
529216,60.0
529312,33.0
529360,28.0
529456,39.0
529472,30.0
529568,36.0
529584,103.0
529584,36.0
529616,103.0
529824,29.0
529856,45.0
529888,42.0
529904,44.0
529952,66.0
529984,42.0
529984,56.0
530000,54.0
530016,35.0
530016,28.0
530176,67.0
530272,24.0
530320,53.0
530400,51.0
530464,55.0
530496,30.0
530528,57.0
530528,34.0
530544,33.0
530592,127.0
530640,46.0
530656,42.0
530800,61.0
530864,43.0
530880,35.0
531024,73.0
531056,41.0
531088,37.0
531104,72.0
531104,35.0
531136,42.0
531216,43.0
531216,35.0
531344,84.0
531344,67.0
531408,51.0
531424,35.0
531488,60.0
531488,53.0
531664,38.0
531712,39.0
531744,54.0
531760,34.0
531824,64.0
531840,39.0
531936,33.0
531968,39.0
532000,56.0
532032,58.0
532032,38.0
532112,39.0
532128,40.0
532128,23.0
532176,65.0
532240,76.0
532256,37.0
532288,59.0
532288,34.0
532432,29.0
532464,40.0
532608,30.0
532640,40.0
532656,39.0
532688,53.0
532688,61.0
532704,26.0
532704,36.0
532720,34.0
532768,41.0
532896,38.0
533008,61.0
533056,70.0
533104,25.0
533136,31.0
533136,44.0
533184,31.0
533200,30.0
533248,63.0
533360,41.0
533360,47.0
533376,43.0
533376,30.0
533408,59.0
533488,52.0
533536,33.0
533600,31.0
533664,38.0
533776,40.0
533840,40.0
533856,100.0
533872,32.0
533888,32.0
533920,42.0
533936,25.0
533952,74.0
533968,37.0
534064,58.0
534176,62.0
534224,46.0
534240,52.0
534304,33.0
534304,23.0
534432,37.0
534464,54.0
534544,30.0
534592,77.0
534608,40.0
534672,49.0
534672,50.0
534704,47.0
534800,39.0
534864,35.0
534896,42.0
534992,67.0
535072,25.0
535088,53.0
535104,50.0
535232,48.0
535264,35.0
535280,89.0
535328,56.0
535344,50.0
535344,105.0
535456,37.0
535456,41.0
535472,30.0
535536,12.0
535584,62.0
535600,21.0
535616,63.0
535664,37.0
535664,36.0
535696,50.0
535744,26.0
535792,35.0
535840,31.0
535936,52.0
536000,83.0
536016,34.0
536016,46.0
536064,38.0
536096,30.0
536240,34.0
536256,42.0
536272,38.0
536272,21.0
536288,28.0
536288,52.0
536304,35.0
536304,48.0
536320,41.0
536672,42.0
536672,38.0
536720,39.0
536768,73.0
536768,47.0
536816,50.0
536864,36.0
536960,44.0
536976,43.0
536992,75.0
537040,46.0
537040,46.0
537088,53.0
537104,49.0
537200,33.0
537248,36.0
537264,62.0
537280,32.0
537312,65.0
537312,22.0
537408,26.0
537472,12.0
537600,25.0
537600,46.0
537632,54.0
537648,52.0
537664,59.0
537664,39.0
537728,43.0
537728,20.0
537840,33.0
537856,48.0
537856,47.0
538000,47.0
538080,38.0
538096,70.0
538176,34.0
538192,58.0
538256,41.0
538336,42.0
538336,43.0
538384,41.0
538448,71.0
538480,39.0
538496,15.0
538512,20.0
538560,60.0
538560,56.0
538688,43.0
538720,62.0
538720,40.0
538720,24.0
538848,47.0
538864,43.0
538928,28.0
539008,73.0
539120,79.0
539152,40.0
539248,43.0
539264,51.0
539296,60.0
539312,37.0
539312,51.0
539344,60.0
539360,50.0
539376,28.0
539488,48.0
539568,45.0
539664,34.0
539712,44.0
539744,66.0
539856,71.0
539872,36.0
539888,36.0
539952,40.0
539952,50.0
539952,37.0
540048,49.0
540128,40.0
540176,82.0
540176,29.0
540224,53.0
540272,44.0
540320,41.0
540336,29.0
540416,73.0
540448,69.0
540560,32.0
540608,41.0
540640,43.0
540800,42.0
540880,38.0
540880,34.0
540880,44.0
540928,44.0
540976,41.0
541024,26.0
541024,36.0
541040,74.0
541136,45.0
541200,64.0
541248,94.0
541280,87.0
541360,45.0
541392,22.0
541408,30.0
541408,24.0
541424,28.0
541520,40.0
541616,46.0
541728,37.0
541824,79.0
541856,38.0
541872,120.0
541952,67.0
541968,48.0
541984,44.0
542000,40.0
542016,76.0
542016,38.0
542032,40.0
542128,69.0
542240,39.0
542304,36.0
542400,24.0
542400,62.0
542416,35.0
542496,67.0
542512,33.0
542544,32.0
542544,64.0
542688,43.0
542720,53.0
542768,59.0
542768,50.0
542800,53.0
542896,37.0
542944,44.0
542960,59.0
543040,40.0
543136,40.0
543168,48.0
543376,38.0
543456,20.0
543488,48.0
543504,38.0
543520,36.0
543584,65.0
543584,67.0
543600,40.0
543616,67.0
543632,59.0
543744,83.0
543744,59.0
543776,46.0
543808,65.0
543856,25.0
543936,26.0
543968,50.0
544048,120.0
544064,36.0
544064,30.0
544144,23.0
544160,26.0
544176,34.0
544288,43.0
544464,45.0
544464,55.0
544480,39.0
544496,43.0
544528,35.0
544592,61.0
544656,37.0
544768,44.0
544784,39.0
544848,50.0
544848,44.0
545056,70.0
545120,41.0
545120,52.0
545152,103.0
545184,41.0
545200,114.0
545280,27.0
545280,49.0
545296,33.0
545392,57.0
545456,50.0
545568,87.0
545712,54.0
545712,58.0
545776,31.0
545792,83.0
545824,34.0
545824,42.0
545840,40.0
545856,46.0
545888,37.0
545952,56.0
545968,25.0
546000,88.0
546016,39.0
546080,60.0
546160,28.0
546208,64.0
546384,27.0
546448,39.0
546464,38.0
546480,43.0
546512,32.0
546512,34.0
546544,48.0
546592,44.0
546592,55.0
546672,76.0
546704,55.0
546768,38.0
546816,38.0
546864,64.0
546864,26.0
546896,51.0
546992,61.0
547040,41.0
547056,36.0
547088,39.0
547120,38.0
547152,24.0
547168,29.0
547280,43.0
547312,31.0
547328,51.0
547376,49.0
547408,54.0
547472,36.0
547536,54.0
547568,28.0
547584,27.0
547648,38.0
547712,39.0
547808,59.0
547824,31.0
547840,35.0
547888,56.0
547904,65.0
547984,28.0
548000,26.0
548032,45.0
548080,38.0
548080,32.0
548176,48.0
548208,35.0
548336,31.0
548416,78.0
548448,67.0
548448,40.0
548496,38.0
548512,91.0
548528,51.0
548592,32.0
548640,41.0
548672,48.0
548688,30.0
548752,42.0
548768,46.0
548816,62.0
548832,15.0
548880,44.0
548880,55.0
548912,29.0
548960,27.0
549040,37.0
549040,39.0
549120,38.0
549168,31.0
549216,28.0
549264,24.0
549328,28.0
549408,57.0
549472,45.0
549488,36.0
549504,73.0
549536,31.0
549552,46.0
549600,48.0
549696,46.0
549712,37.0
549808,70.0
549840,75.0
549920,37.0
549952,57.0
549952,49.0
549968,30.0
550000,31.0
550016,47.0
550048,31.0
550064,53.0
550208,42.0
550304,52.0
550304,44.0
550416,29.0
550448,65.0
550448,38.0
550464,32.0
550512,51.0
550576,36.0
550592,39.0
550624,38.0
550672,14.0
550672,47.0
550688,30.0
550704,15.0
550880,52.0
550880,29.0
550928,70.0
550944,55.0
551232,34.0
551248,36.0
551264,60.0
551376,44.0
551376,67.0
551408,106.0
551424,50.0
551440,54.0
551440,62.0
551520,63.0
551536,38.0
551552,38.0
551696,28.0
551728,29.0
551744,23.0
551760,66.0
551856,39.0
551872,80.0
551888,63.0
551904,30.0
551936,66.0
552016,36.0
552112,44.0
552112,37.0
552112,42.0
552176,30.0
552288,47.0
552288,33.0
552304,12.0
552336,60.0
552368,39.0
552368,51.0
552416,43.0
552528,32.0
552560,39.0
552608,46.0
552672,49.0
552704,37.0
552752,29.0
552784,42.0
552896,45.0
552944,38.0
553024,41.0
553024,38.0
553104,31.0
553120,52.0
553136,48.0
553184,80.0
553184,55.0
553200,84.0
553216,41.0
553264,35.0
553280,38.0
553424,40.0
553488,34.0
553520,39.0
553520,48.0
553600,36.0
553664,71.0
553696,37.0
553776,35.0
553840,41.0
553904,39.0
553984,53.0
554000,32.0
554016,62.0
554080,51.0
554112,37.0
554144,64.0
554176,61.0
554176,47.0
554176,36.0
554320,50.0
554336,40.0
554384,75.0
554448,29.0
554448,42.0
554528,32.0
554560,35.0
554576,27.0
554592,32.0
554704,50.0
554720,24.0
554768,37.0
554800,39.0
554896,36.0
554976,50.0
555008,56.0
555040,37.0
555056,87.0
555072,43.0
555072,22.0
555120,35.0
555120,80.0
555136,38.0
555200,31.0
555296,11.0
555360,48.0
555376,30.0
555392,51.0
555520,28.0
555552,69.0
555584,34.0
555616,38.0
555664,54.0
555680,57.0
555712,20.0
555728,38.0
555744,24.0
555776,36.0
555808,52.0
555808,42.0
555936,26.0
555936,24.0
556048,62.0
556064,30.0
556160,34.0
556272,34.0
556288,39.0
556368,37.0
556432,39.0
556480,34.0
556496,89.0
556512,52.0
556512,76.0
556528,51.0
556608,35.0
556608,50.0
556656,57.0
556720,49.0
556736,42.0
556816,90.0
556896,46.0
556912,40.0
556960,28.0
557008,40.0
557040,32.0
557040,34.0
557072,49.0
557168,41.0
557264,38.0
557264,41.0
557312,44.0
557344,33.0
557392,57.0
557552,70.0
557552,37.0
557568,42.0
557696,41.0
557824,35.0
557856,49.0
557920,74.0
557952,38.0
557952,43.0
557984,61.0
558016,69.0
558048,46.0
558064,84.0
558080,32.0
558160,70.0
558208,65.0
558272,36.0
558304,47.0
558320,48.0
558400,36.0
558464,32.0
558480,26.0
558496,36.0
558576,37.0
558656,50.0
558704,39.0
558720,35.0
558784,36.0
558832,32.0
558880,38.0
558896,94.0
558960,19.0
559008,38.0
559072,36.0
559120,51.0
559168,29.0
559168,24.0
559184,73.0
559200,46.0
559360,40.0
559456,24.0
559488,30.0
559488,37.0
559504,39.0
559504,42.0
559568,101.0
559600,64.0
559616,28.0
559760,25.0
559760,107.0
559856,41.0
560000,55.0
560016,66.0
560016,25.0
560048,35.0
560112,102.0
560112,39.0
560144,60.0
560320,72.0
560336,55.0
560368,48.0
560368,54.0
560432,58.0
560480,57.0
560544,49.0
560544,33.0
560560,50.0
560640,49.0
560688,43.0
560688,40.0
560752,24.0
560848,46.0
560912,56.0
560944,39.0
561072,37.0
561120,47.0
561184,39.0
561200,66.0
561248,57.0
561248,35.0
561344,50.0
561344,31.0
561408,54.0
561472,65.0
561520,55.0
561584,40.0
561584,52.0
561600,93.0
561632,59.0
561632,45.0
561696,36.0
561712,29.0
561744,31.0
561776,27.0
561904,44.0
561936,33.0
561984,57.0
562016,42.0
562160,26.0
562176,30.0
562176,41.0
562192,35.0
562208,38.0
562208,39.0
562240,29.0
562272,50.0
562352,40.0
562384,47.0
562448,54.0
562480,29.0
562512,38.0
562592,88.0
562640,44.0
562704,31.0
562752,30.0
562784,34.0
562832,40.0
563024,53.0
563056,44.0
563056,26.0
563072,56.0
563072,54.0
563104,70.0
563120,38.0
563136,43.0
563168,63.0
563216,39.0
563216,52.0
563280,36.0
563328,14.0
563344,13.0
563344,37.0
563360,55.0
563440,20.0
563520,43.0
563696,40.0
563728,42.0
563744,26.0
563760,61.0
563776,44.0
563792,48.0
563792,39.0
563856,32.0
563888,38.0
563904,43.0
563936,37.0
564032,42.0
564176,25.0
564192,28.0
564272,75.0
564272,36.0
564288,31.0
564352,37.0
564368,58.0
564400,34.0
564416,39.0
564432,76.0
564528,37.0
564576,34.0
564624,45.0
564640,70.0
564704,61.0
564704,33.0
564704,32.0
564832,35.0
564832,26.0
564960,37.0
564960,43.0
564976,43.0
564976,68.0
565024,39.0
565056,44.0
565104,25.0
565216,36.0
565248,34.0
565264,52.0
565312,49.0
565344,48.0
565344,45.0
565552,31.0
565584,47.0
565600,40.0
565616,37.0
565632,50.0
565632,26.0
565680,44.0
565696,37.0
565728,48.0
565728,47.0
565776,27.0
565792,30.0
565792,28.0
565856,37.0
566016,24.0
566128,55.0
566160,24.0
566224,95.0
566256,29.0
566256,33.0
566400,51.0
566416,54.0
566432,36.0
566448,53.0
566464,49.0
566480,49.0
566544,57.0
566560,59.0
566608,37.0
566688,29.0
566704,34.0
566752,64.0
566832,44.0
566880,25.0
566880,17.0
566896,40.0
566944,32.0
566976,27.0
566992,46.0
567040,39.0
567056,37.0
567248,43.0
567296,94.0
567328,31.0
567344,40.0
567376,39.0
567408,63.0
567504,38.0
567680,62.0
567744,54.0
567776,50.0
567792,84.0
567824,48.0
567888,40.0
567936,37.0
567936,38.0
567936,62.0
568032,41.0
568064,64.0
568080,75.0
568080,49.0
568112,38.0
568256,79.0
568384,37.0
568416,30.0
568432,64.0
568496,29.0
568496,47.0
568512,52.0
568576,40.0
568592,51.0
568608,22.0
568640,51.0
568656,45.0
568688,50.0
568736,39.0
568848,26.0
568864,49.0
568992,26.0
569072,62.0
569088,27.0
569152,34.0
569232,53.0
569232,34.0
569232,40.0
569312,42.0
569312,56.0
569344,38.0
569440,59.0
569440,86.0
569456,37.0
569520,13.0
569552,35.0
569712,75.0
569728,40.0
569744,56.0
569808,36.0
569824,37.0
569920,38.0
570000,48.0
570032,37.0
570048,44.0
570192,47.0
570208,43.0
570272,51.0
570336,74.0
570368,41.0
570368,28.0
570368,81.0
570432,44.0
570432,121.0
570480,58.0
570528,49.0
570576,33.0
570720,57.0
570752,45.0
570880,66.0
570896,43.0
570944,36.0
570960,33.0
570960,48.0
571040,42.0
571040,29.0
571088,38.0
571104,42.0
571168,73.0
571232,54.0
571344,39.0
571360,68.0
571360,64.0
571360,38.0
571360,26.0
571424,24.0
571488,33.0
571536,31.0
571584,44.0
571584,39.0
571648,47.0
571808,40.0
571872,32.0
571904,34.0
571904,23.0
571952,38.0
572048,39.0
572064,96.0
572096,62.0
572112,55.0
572240,41.0
572272,49.0
572288,58.0
572400,33.0
572480,52.0
572528,59.0
572544,37.0
572592,94.0
572656,47.0
572736,86.0
572736,52.0
572752,32.0
572752,41.0
572816,44.0
572832,35.0
572832,64.0
572864,51.0
572960,30.0
573024,60.0
573184,40.0
573184,41.0
573200,28.0
573232,13.0
573248,37.0
573312,57.0
573344,32.0
573376,40.0
573408,51.0
573456,45.0
573472,38.0
573504,47.0
573536,44.0
573600,82.0
573824,54.0
573824,40.0
573904,68.0
573920,43.0
573952,36.0
574000,29.0
574016,48.0
574016,35.0
574080,42.0
574128,49.0
574144,52.0
574160,61.0
574224,25.0
574256,47.0
574304,69.0
574448,31.0
574480,29.0
574480,63.0
574512,38.0
574608,33.0
574656,33.0
574656,41.0
574672,23.0
574672,53.0
574704,49.0
574784,40.0
574864,38.0
574896,42.0
574944,49.0
575040,35.0
575120,29.0
575120,42.0
575136,27.0
575168,72.0
575248,48.0
575280,48.0
575376,111.0
575392,28.0
575424,47.0
575488,37.0
575616,63.0
575616,52.0
575648,33.0
575680,63.0
575760,69.0
575824,34.0
575856,51.0
575872,28.0
575904,65.0
575952,51.0
575952,35.0
576000,39.0
576128,63.0
576128,60.0
576224,29.0
576224,38.0
576240,24.0
576288,40.0
576304,39.0
576384,35.0
576416,73.0
576496,37.0
576512,64.0
576544,58.0
576592,37.0
576688,35.0
576736,38.0
576832,55.0
576848,39.0
576880,37.0
576912,11.0
576960,26.0
576976,46.0
577024,40.0
577056,52.0
577120,33.0
577184,82.0
577216,79.0
577280,48.0
577360,59.0
577408,57.0
577440,71.0
577440,47.0
577472,31.0
577504,34.0
577584,44.0
577664,34.0
577680,52.0
577712,50.0
577744,57.0
577760,20.0
577888,52.0
577968,35.0
578048,64.0
578080,45.0
578096,39.0
578112,38.0
578160,28.0
578160,30.0
578224,40.0
578240,36.0
578336,56.0
578352,73.0
578416,12.0
578448,44.0
578464,44.0
578480,37.0
578512,34.0
578512,29.0
578528,78.0
578608,87.0
578768,38.0
578784,21.0
578848,43.0
578880,34.0
578928,51.0
579008,57.0
579040,60.0
579056,51.0
579056,37.0
579072,37.0
579152,24.0
579168,41.0
579200,43.0
579232,44.0
579344,46.0
579344,12.0
579440,41.0
579456,36.0
579648,36.0
579664,38.0
579712,54.0
579712,85.0
579744,44.0
579744,83.0
579760,37.0
579776,36.0
579792,49.0
579968,46.0
579968,39.0
580048,44.0
580112,66.0
580160,44.0
580176,33.0
580208,80.0
580272,33.0
580320,33.0
580384,40.0
580400,46.0
580512,50.0
580560,53.0
580608,73.0
580656,31.0
580672,44.0
580688,57.0
580688,45.0
580720,28.0
580736,35.0
580736,43.0
580752,62.0
580864,34.0
580960,47.0
581072,60.0
581200,40.0
581232,39.0
581248,53.0
581264,33.0
581264,36.0
581280,48.0
581360,42.0
581360,44.0
581408,28.0
581424,44.0
581456,44.0
581472,46.0
581488,39.0
581680,38.0
581792,34.0
581824,90.0
581872,42.0
581904,26.0
581984,39.0
582032,42.0
582032,48.0
582048,36.0
582080,42.0
582112,43.0
582112,41.0
582128,54.0
582176,94.0
582208,58.0
582336,41.0
582384,32.0
582464,35.0
582496,29.0
582528,81.0
582576,34.0
582592,38.0
582640,51.0
582688,40.0
582736,39.0
582752,42.0
582896,27.0
582928,45.0
582944,48.0
582976,21.0
583040,41.0
583056,33.0
583136,28.0
583216,69.0
583248,70.0
583264,23.0
583296,44.0
583312,36.0
583360,54.0
583392,51.0
583408,101.0
583456,44.0
583472,34.0
583520,36.0
583536,30.0
583568,33.0
583616,40.0
583616,80.0
583840,33.0
583904,28.0
583904,48.0
583968,44.0
584064,53.0
584144,47.0
584144,53.0
584144,38.0
584160,47.0
584192,45.0
584240,55.0
584272,23.0
584320,44.0
584336,45.0
584336,31.0
584384,71.0
584464,59.0
584464,56.0
584544,40.0
584592,22.0
584688,34.0
584736,29.0
584736,25.0
584752,37.0
584768,39.0
584784,37.0
584816,42.0
584848,33.0
584928,34.0
585008,59.0
585040,67.0
585120,41.0
585152,51.0
585168,36.0
585216,25.0
585232,30.0
585264,50.0
585344,38.0
585376,52.0
585392,34.0
585456,48.0
585568,50.0
585584,53.0
585664,27.0
585712,49.0
585712,58.0
585744,37.0
585760,34.0
585808,50.0
585824,35.0
585872,33.0
585920,47.0
586112,67.0
586176,29.0
586176,38.0
586240,31.0
586320,25.0
586320,75.0
586320,59.0
586320,32.0
586336,29.0
586400,46.0
586432,45.0
586496,69.0
586576,47.0
586672,68.0
586736,35.0
586768,37.0
586848,68.0
586896,36.0
586912,50.0
587040,40.0
587072,52.0
587136,44.0
587152,106.0
587184,54.0
587312,46.0
587328,63.0
587392,39.0
587408,32.0
587536,54.0
587536,65.0
587616,55.0
587664,37.0
587696,34.0
587760,53.0
587776,90.0
587840,41.0
587888,22.0
587984,71.0
588000,54.0
588032,44.0
588064,109.0
588144,38.0
588160,29.0
588192,36.0
588240,53.0
588256,59.0
588288,39.0
588304,34.0
588352,36.0
588384,84.0
588464,66.0
588480,30.0
588496,38.0
588624,37.0
588704,54.0
588720,35.0
588800,31.0
588880,39.0
588976,57.0
589008,54.0
589120,25.0
589136,56.0
589184,43.0
589200,53.0
589232,59.0
589312,53.0
589344,85.0
589456,36.0
589488,43.0
589520,71.0
589520,56.0
589536,66.0
589536,84.0
589664,41.0
589712,63.0
589712,46.0
589760,35.0
589760,33.0
589808,39.0
589888,34.0
590000,54.0
590128,63.0
590160,40.0
590224,32.0
590256,31.0
590368,44.0
590384,58.0
590400,54.0
590432,34.0
590448,46.0
590512,75.0
590576,48.0
590624,39.0
590624,23.0
590656,73.0
590720,35.0
590752,62.0
590800,36.0
590800,80.0
590912,32.0
590944,88.0
590960,36.0
590992,23.0
591104,46.0
591120,34.0
591152,64.0
591152,45.0
591296,53.0
591360,44.0
591392,40.0
591472,42.0
591504,44.0
591504,34.0
591504,32.0
591568,39.0
591584,54.0
591616,62.0
591712,75.0
591728,51.0
591776,42.0
591968,38.0
591984,52.0
592016,56.0
592016,34.0
592032,55.0
592080,36.0
592080,49.0
592224,52.0
592256,47.0
592256,40.0
592288,44.0
592288,49.0
592336,48.0
592368,37.0
592592,35.0
592608,39.0
592720,40.0
592800,36.0
592816,35.0
592832,70.0
592848,52.0
592960,55.0
592976,43.0
592992,64.0
592992,25.0
593040,49.0
593056,43.0
593088,30.0
593136,50.0
593168,90.0
593328,30.0
593408,23.0
593408,43.0
593456,73.0
593456,39.0
593552,37.0
593600,34.0
593648,52.0
593712,39.0
593744,59.0
593744,108.0
593792,50.0
593792,50.0
593888,57.0
593904,28.0
593936,38.0
593936,50.0
594032,54.0
594048,37.0
594128,45.0
594176,39.0
594208,50.0
594256,32.0
594272,42.0
594304,32.0
594368,39.0
594528,55.0
594544,40.0
594560,39.0
594560,42.0
594576,40.0
594656,38.0
594768,61.0
594864,37.0
594896,54.0
594928,47.0
594928,50.0
595120,57.0
595184,38.0
595184,58.0
595184,39.0
595312,100.0
595312,48.0
595344,43.0
595360,27.0
595392,64.0
595440,32.0
595456,58.0
595472,38.0
595504,38.0
595776,41.0
595776,37.0
595808,28.0
595840,80.0
595856,26.0
595936,34.0
596000,43.0
596032,45.0
596112,58.0
596128,49.0
596192,46.0
596208,64.0
596240,46.0
596320,126.0
596384,38.0
596384,101.0
596448,38.0
596464,29.0
596480,39.0
596608,36.0
596768,52.0
596800,42.0
596816,44.0
596848,67.0
596880,43.0
596912,33.0
596944,46.0
596976,33.0
597008,43.0
597040,77.0
597088,44.0
597120,55.0
597136,41.0
597184,45.0
597232,39.0
597328,35.0
597328,24.0
597456,36.0
597536,45.0
597568,35.0
597616,40.0
597744,59.0
597760,36.0
597792,44.0
597856,25.0
597904,54.0
597936,154.0
597952,51.0
597984,41.0
598000,72.0
598096,61.0
598096,54.0
598096,35.0
598128,35.0
598192,80.0
598272,33.0
598320,44.0
598384,30.0
598400,34.0
598464,23.0
598496,25.0
598528,36.0
598656,35.0
598736,59.0
598752,89.0
598784,37.0
598800,50.0
598816,31.0
598816,52.0
598848,28.0
598848,68.0
598944,28.0
598976,65.0
599008,55.0
599056,33.0
599088,51.0
599104,40.0
599232,36.0
599376,35.0
599392,36.0
599424,28.0
599472,45.0
599488,47.0
599552,38.0
599584,50.0
599600,47.0
599600,47.0
599600,37.0
599648,35.0
599664,80.0
599664,54.0
599696,37.0
600000,32.0
600080,30.0
600128,46.0
600160,32.0
600192,60.0
600208,38.0
600224,47.0
600240,54.0
600272,53.0
600320,41.0
600432,52.0
600432,46.0
600432,12.0
600512,53.0
600528,23.0
600640,28.0
600640,99.0
600640,35.0
600656,67.0
600800,37.0
600800,78.0
600832,38.0
600896,39.0
600960,33.0
600960,60.0
601072,40.0
601104,29.0
601216,36.0
601232,69.0
601248,37.0
601280,48.0
601312,62.0
601440,57.0
601520,45.0
601584,30.0
601648,63.0
601648,53.0
601680,49.0
601728,48.0
601744,42.0
601744,57.0
601776,34.0
601808,37.0
601808,35.0
601968,96.0
601968,12.0
601984,21.0
602000,43.0
602032,67.0
602064,39.0
602080,25.0
602256,61.0
602272,33.0
602288,30.0
602320,42.0
602352,52.0
602352,39.0
602384,50.0
602464,45.0
602496,13.0
602528,45.0
602640,40.0
602672,44.0
602752,31.0
602752,42.0
602768,49.0
602768,26.0
602784,45.0
602992,45.0
602992,42.0
603008,61.0
603072,43.0
603072,45.0
603088,70.0
603136,23.0
603168,33.0
603200,28.0
603216,29.0
603296,32.0
603328,50.0
603360,37.0
603488,26.0
603584,70.0
603648,28.0
603664,42.0
603680,38.0
603696,64.0
603728,46.0
603744,78.0
603760,42.0
603776,38.0
603808,50.0
603856,45.0
604016,33.0
604112,47.0
604128,50.0
604224,36.0
604240,41.0
604256,33.0
604272,66.0
604272,38.0
604352,66.0
604352,36.0
604368,32.0
604368,35.0
604400,40.0
604448,44.0
604448,48.0
604624,23.0
604640,33.0
604704,21.0
604736,65.0
604752,33.0
604832,51.0
604864,39.0
604960,32.0
604976,39.0
605008,38.0
605056,26.0
605072,39.0
605088,46.0
605152,64.0
605200,23.0
605280,26.0
605280,57.0
605296,37.0
605296,64.0
605312,36.0
605344,37.0
605408,71.0
605520,56.0
605568,35.0
605664,37.0
605776,29.0
605792,46.0
605840,34.0
605840,47.0
605904,38.0
605920,40.0
605984,63.0
605984,52.0
606032,32.0
606064,54.0
606080,42.0
606112,72.0
606224,35.0
606240,60.0
606256,29.0
606336,35.0
606400,66.0
606464,35.0
606480,40.0
606544,39.0
606560,36.0
606592,47.0
606640,33.0
606672,38.0
606688,27.0
606944,29.0
606944,60.0
606960,58.0
606992,89.0
607040,60.0
607120,55.0
607136,42.0
607184,49.0
607216,36.0
607296,39.0
607328,40.0
607344,70.0
607392,52.0
607440,53.0
607472,32.0
607488,34.0
607504,24.0
607520,61.0
607616,42.0
607664,83.0
607712,45.0
607728,32.0
607728,24.0
607872,34.0
607904,45.0
608016,34.0
608064,39.0
608080,65.0
608080,49.0
608080,37.0
608112,31.0
608160,40.0
608176,28.0
608320,26.0
608320,58.0
608320,38.0
608336,38.0
608528,41.0
608560,30.0
608576,31.0
608576,31.0
608608,59.0
608704,37.0
608720,24.0
608768,44.0
608784,29.0
608784,48.0
608800,39.0
608832,106.0
608912,37.0
608944,90.0
608960,24.0
609136,35.0
609136,38.0
609168,53.0
609280,31.0
609344,40.0
609408,40.0
609440,38.0
609440,45.0
609456,53.0
609568,48.0
609648,93.0
609728,35.0
609728,59.0
609744,74.0
609808,54.0
609888,34.0
609952,62.0
609952,42.0
609952,31.0
610000,35.0
610000,54.0
610032,39.0
610080,40.0
610112,61.0
610144,36.0
610224,36.0
610240,32.0
610288,35.0
610288,86.0
610304,35.0
610336,33.0
610352,29.0
610384,24.0
610704,39.0
610704,44.0
610720,31.0
610736,44.0
610752,50.0
610848,56.0
610928,43.0
611024,46.0
611040,58.0
611072,46.0
611120,51.0
611152,28.0
611168,49.0
611168,28.0
611168,64.0
611216,54.0
611248,31.0
611296,37.0
611312,36.0
611456,94.0
611504,24.0
611536,38.0
611552,79.0
611584,46.0
611632,38.0
611696,39.0
611712,31.0
611712,26.0
611808,35.0
611824,49.0
611840,42.0
611872,44.0
611968,51.0
612048,26.0
612048,32.0
612128,60.0
612176,37.0
612176,23.0
612208,44.0
612320,63.0
612336,40.0
612400,33.0
612416,54.0
612448,46.0
612496,42.0
612608,35.0
612656,59.0
612688,53.0
612736,35.0
612768,82.0
612784,36.0
612832,44.0
612896,30.0
612928,37.0
612944,56.0
612960,49.0
613008,43.0
613056,41.0
613088,37.0
613104,71.0
613152,34.0
613264,31.0
613280,39.0
613296,38.0
613312,36.0
613424,37.0
613456,42.0
613472,64.0
613504,34.0
613600,41.0
613600,31.0
613632,46.0
613664,38.0
613712,35.0
613712,39.0
613728,50.0
613840,33.0
613856,35.0
613856,24.0
613904,56.0
614048,34.0
614160,46.0
614192,58.0
614224,24.0
614272,35.0
614288,41.0
614320,38.0
614336,42.0
614352,31.0
614368,29.0
614400,59.0
614416,51.0
614496,76.0
614496,48.0
614624,36.0
614656,31.0
614672,28.0
614704,32.0
614720,54.0
614832,77.0
614912,40.0
614960,40.0
615024,38.0
615040,40.0
615104,46.0
615120,52.0
615136,50.0
615184,52.0
615248,47.0
615296,39.0
615312,30.0
615392,43.0
615472,32.0
615472,51.0
615600,61.0
615616,30.0
615616,56.0
615664,73.0
615680,41.0
615696,49.0
615792,47.0
615808,21.0
615808,31.0
615888,44.0
615952,44.0
615984,54.0
616128,32.0
616224,34.0
616240,53.0
616272,41.0
616288,62.0
616288,39.0
616352,55.0
616384,49.0
616416,82.0
616432,39.0
616512,44.0
616544,37.0
616560,54.0
616608,45.0
616736,38.0
616768,49.0
616784,34.0
616832,25.0
616832,38.0
616848,66.0
616880,37.0
616896,32.0
616928,36.0
616992,45.0
617072,29.0
617152,46.0
617152,26.0
617200,43.0
617280,28.0
617312,64.0
617360,50.0
617376,34.0
617440,32.0
617472,43.0
617584,65.0
617584,43.0
617616,46.0
617632,54.0
617632,49.0
617664,37.0
617712,25.0
617744,29.0
617760,48.0
617760,38.0
617808,38.0
617952,37.0
617952,30.0
618048,27.0
618192,35.0
618208,39.0
618240,41.0
618240,36.0
618288,71.0
618368,11.0
618400,41.0
618432,50.0
618480,45.0
618544,52.0
618576,71.0
618608,35.0
618624,54.0
618704,83.0
618720,30.0
618768,60.0
618848,38.0
618912,34.0
618928,45.0
619072,37.0
619104,51.0
619136,46.0
619136,32.0
619152,34.0
619152,38.0
619168,37.0
619232,80.0
619280,83.0
619296,54.0
619424,31.0
619424,45.0
619456,34.0
619568,50.0
619584,22.0
619616,48.0
619632,57.0
619680,24.0
619712,34.0
619856,45.0
619888,47.0
619920,40.0
620000,36.0
620000,34.0
620000,27.0
620128,31.0
620224,67.0
620240,39.0
620304,39.0
620320,76.0
620368,59.0
620368,76.0
620400,83.0
620400,51.0
620496,31.0
620496,49.0
620512,37.0
620576,36.0
620672,49.0
620688,43.0
620720,22.0
620832,61.0
620848,28.0
620960,40.0
620976,30.0
621040,50.0
621056,43.0
621168,41.0
621200,56.0
621296,45.0
621312,39.0
621344,76.0
621376,33.0
621392,73.0
621392,22.0
621424,37.0
621440,65.0
621488,33.0
621504,52.0
621536,35.0
621552,66.0
621600,55.0
621664,38.0
621760,23.0
621824,25.0
621872,36.0
621904,37.0
621984,34.0
621984,37.0
622096,35.0
622096,45.0
622096,58.0
622160,42.0
622176,61.0
622208,54.0
622240,46.0
622256,37.0
622352,28.0
622416,51.0
622496,39.0
622608,39.0
622672,36.0
622688,37.0
622736,40.0
622736,35.0
622752,25.0
622768,63.0
622784,39.0
622816,52.0
622944,46.0
622960,88.0
623104,53.0
623104,80.0
623184,43.0
623184,48.0
623264,41.0
623280,65.0
623280,37.0
623312,36.0
623344,37.0
623360,25.0
623376,38.0
623440,44.0
623520,53.0
623520,36.0
623536,47.0
623584,30.0
623648,52.0
623648,29.0
623664,35.0
623680,23.0
623696,20.0
623824,34.0
623840,41.0
623856,21.0
623936,41.0
624016,47.0
624064,39.0
624096,26.0
624144,30.0
624160,40.0
624240,56.0
624240,37.0
624256,25.0
624272,39.0
624304,29.0
624336,47.0
624368,42.0
624432,56.0
624464,69.0
624576,30.0
624608,29.0
624624,38.0
624624,20.0
624672,38.0
624688,26.0
624736,50.0
624816,24.0
624880,40.0
624896,35.0
624928,43.0
624992,46.0
625008,25.0
625056,43.0
625072,57.0
625264,40.0
625296,52.0
625296,38.0
625328,32.0
625392,51.0
625408,21.0
625408,46.0
625504,36.0
625536,33.0
625536,41.0
625632,40.0
625760,29.0
625760,64.0
625856,35.0
625904,31.0
625904,40.0
626048,34.0
626064,140.0
626112,76.0
626160,96.0
626160,47.0
626208,42.0
626272,40.0
626352,31.0
626448,34.0
626448,43.0
626448,66.0
626528,92.0
626576,29.0
626592,79.0
626704,34.0
626752,34.0
626816,47.0
626816,66.0
626864,37.0
626896,46.0
626912,54.0
626928,87.0
626928,30.0
626976,67.0
627024,28.0
627056,38.0
627168,51.0
627280,22.0
627312,45.0
627312,49.0
627392,21.0
627408,41.0
627408,60.0
627488,37.0
627568,34.0
627568,37.0
627616,50.0
627744,51.0
627792,39.0
627888,61.0
627920,76.0
627920,38.0
627936,33.0
627968,36.0
628016,46.0
628096,77.0
628096,38.0
628144,52.0
628192,39.0
628256,40.0
628272,54.0
628320,25.0
628368,97.0
628384,40.0
628400,38.0
628400,32.0
628464,31.0
628496,58.0
628528,27.0
628560,39.0
628576,30.0
628624,44.0
628704,24.0
628720,44.0
628896,39.0
628928,35.0
628992,53.0
629072,55.0
629072,42.0
629088,29.0
629088,44.0
629088,39.0
629104,53.0
629104,33.0
629104,38.0
629264,34.0
629328,48.0
629360,52.0
629392,43.0
629408,63.0
629440,23.0
629488,24.0
629520,39.0
629536,29.0
629552,39.0
629632,34.0
629680,20.0
629712,45.0
629728,39.0
629728,39.0
629840,47.0
629856,48.0
629984,45.0
630032,44.0
630048,33.0
630096,41.0
630224,46.0
630272,55.0
630288,36.0
630320,57.0
630320,29.0
630368,52.0
630416,23.0
630432,47.0
630464,57.0
630480,47.0
630512,26.0
630640,57.0
630640,41.0
630704,42.0
630736,56.0
630736,69.0
630848,35.0
630864,40.0
630880,35.0
630992,36.0
631056,36.0
631104,23.0
631120,53.0
631216,36.0
631280,26.0
631296,58.0
631312,55.0
631376,57.0
631392,67.0
631440,37.0
631488,31.0
631504,24.0
631552,53.0
631584,67.0
631584,33.0
631632,33.0
631664,49.0
631824,38.0
631936,24.0
631968,42.0
631984,78.0
632016,36.0
632016,46.0
632064,27.0
632080,48.0
632080,44.0
632144,40.0
632160,36.0
632192,97.0
632240,53.0
632304,40.0
632368,49.0
632432,22.0
632576,35.0
632592,48.0
632720,49.0
632736,41.0
632752,79.0
632768,47.0
632864,45.0
632864,31.0
632864,42.0
632960,23.0
632960,56.0
633008,64.0
633008,48.0
633120,51.0
633136,44.0
633136,35.0
633168,28.0
633392,89.0
633408,41.0
633440,42.0
633536,42.0
633552,43.0
633568,44.0
633584,53.0
633584,89.0
633616,31.0
633616,30.0
633696,46.0
633744,46.0
633760,50.0
633792,49.0
633792,41.0
633824,41.0
633968,36.0
633984,36.0
634048,27.0
634128,43.0
634176,35.0
634208,42.0
634224,42.0
634240,42.0
634272,43.0
634320,46.0
634400,38.0
634432,42.0
634448,47.0
634560,24.0
634592,53.0
634656,54.0
634752,39.0
634816,62.0
634816,52.0
634848,28.0
634864,27.0
634864,51.0
634880,57.0
635008,48.0
635104,55.0
635200,40.0
635360,68.0
635360,34.0
635392,36.0
635440,49.0
635472,55.0
635488,38.0
635488,80.0
635504,47.0
635504,40.0
635520,41.0
635664,76.0
635712,54.0
635888,98.0
635888,23.0
635904,56.0
635936,29.0
635968,54.0
635984,39.0
636016,32.0
636176,46.0
636176,43.0
636192,33.0
636304,59.0
636368,54.0
636368,73.0
636400,27.0
636432,45.0
636432,33.0
636640,72.0
636720,52.0
636720,49.0
636752,36.0
636752,85.0
636768,55.0
636880,32.0
636976,42.0
636976,50.0
636992,61.0
636992,39.0
637056,54.0
637120,43.0
637296,34.0
637312,42.0
637328,58.0
637408,26.0
637472,47.0
637568,43.0
637584,38.0
637584,33.0
637664,57.0
637680,78.0
637712,37.0
637744,61.0
637824,31.0
637888,37.0
637904,37.0
637904,120.0
637936,59.0
637952,61.0
637952,23.0
638016,28.0
638016,34.0
638096,43.0
638160,90.0
638192,32.0
638240,33.0
638320,31.0
638336,47.0
638368,39.0
638384,30.0
638496,35.0
638496,34.0
638512,39.0
638544,28.0
638752,27.0
638800,56.0
638864,33.0
638896,55.0
639056,69.0
639104,37.0
639136,40.0
639152,48.0
639200,63.0
639232,43.0
639296,58.0
639328,73.0
639360,38.0
639440,21.0
639440,75.0
639536,40.0
639584,49.0
639616,47.0
639632,123.0
639760,25.0
639760,109.0
639776,30.0
639824,48.0
639840,38.0
639872,46.0
639904,88.0
639936,25.0
640000,50.0
640208,28.0
640224,25.0
640240,50.0
640272,59.0
640320,55.0
640432,51.0
640448,43.0
640448,34.0
640448,51.0
640560,45.0
640576,44.0
640608,91.0
640656,28.0
640704,29.0
640720,49.0
640848,39.0
640848,33.0
641024,64.0
641136,85.0
641200,48.0
641200,58.0
641200,47.0
641216,102.0
641232,49.0
641280,36.0
641328,48.0
641344,39.0
641408,47.0
641440,62.0
641536,60.0
641568,60.0
641616,48.0
641680,52.0
641776,47.0
641920,44.0
641936,46.0
642000,35.0
642000,37.0
642000,41.0
642000,50.0
642096,35.0
642096,51.0
642128,62.0
642160,60.0
642160,30.0
642192,60.0
642224,41.0
642352,46.0
642368,27.0
642384,66.0
642400,39.0
642416,31.0
642624,39.0
642672,42.0
642672,42.0
642688,37.0
642816,45.0
642816,41.0
642896,56.0
642960,46.0
643024,52.0
643040,39.0
643152,62.0
643168,49.0
643216,51.0
643280,72.0
643280,38.0
643344,41.0
643344,33.0
643344,61.0
643392,65.0
643456,52.0
643456,49.0
643616,36.0
643696,42.0
643728,36.0
643760,50.0
643824,30.0
643856,36.0
643888,67.0
643904,35.0
643920,29.0
643920,33.0
643920,44.0
643952,42.0
644048,37.0
644064,15.0
644096,25.0
644128,49.0
644192,64.0
644240,32.0
644384,29.0
644384,29.0
644480,26.0
644480,39.0
644496,38.0
644512,29.0
644528,38.0
644544,58.0
644560,50.0
644688,28.0
644736,52.0
644768,42.0
644784,52.0
644800,119.0
644896,48.0
644912,26.0
644976,49.0
645008,31.0
645088,38.0
645120,21.0
645136,47.0
645200,40.0
645344,36.0
645360,55.0
645392,53.0
645408,25.0
645408,20.0
645488,69.0
645568,48.0
645600,43.0
645632,46.0
645664,43.0
645680,35.0
645728,33.0
645792,66.0
645872,32.0
645872,46.0
645872,74.0
645968,90.0
646000,37.0
646128,40.0
646224,31.0
646240,35.0
646256,54.0
646272,44.0
646320,41.0
646336,44.0
646368,31.0
646448,36.0
646528,74.0
646560,48.0
646608,40.0
646672,50.0
646704,24.0
646800,75.0
646864,39.0
646880,41.0
646880,47.0
646880,92.0
646960,60.0
646976,40.0
647056,43.0
647056,33.0
647072,39.0
647088,51.0
647104,53.0
647136,27.0
647200,37.0
647200,40.0
647376,31.0
647472,42.0
647520,35.0
647552,31.0
647552,29.0
647600,33.0
647664,49.0
647712,38.0
647728,42.0
647776,69.0
647792,58.0
647904,24.0
647904,48.0
647920,23.0
647952,36.0
647968,62.0
648000,50.0
648032,52.0
648048,36.0
648240,85.0
648240,32.0
648240,43.0
648368,28.0
648400,50.0
648416,40.0
648448,49.0
648496,49.0
648512,45.0
648576,42.0
648592,43.0
648672,40.0
648752,49.0
648864,39.0
648880,55.0
648896,59.0
648896,41.0
648928,55.0
648992,34.0
649024,38.0
649040,29.0
649072,42.0
649136,34.0
649152,49.0
649200,60.0
649200,44.0
649344,52.0
649440,32.0
649456,35.0
649568,56.0
649584,45.0
649680,41.0
649680,40.0
649712,35.0
649712,52.0
649728,41.0
649776,36.0
649792,37.0
649872,55.0
650000,78.0
650064,73.0
650080,40.0
650160,30.0
650160,51.0
650272,30.0
650288,38.0
650288,72.0
650304,53.0
650336,35.0
650384,32.0
650416,44.0
650416,53.0
650496,57.0
650592,37.0
650608,34.0
650704,34.0
650752,42.0
650752,28.0
650784,67.0
650864,30.0
650880,45.0
650960,43.0
650992,44.0
651024,46.0
651040,44.0
651200,38.0
651216,50.0
651248,31.0
651280,36.0
651296,50.0
651360,38.0
651392,104.0
651408,50.0
651440,35.0
651456,26.0
651456,31.0
651568,72.0
651632,53.0
651680,29.0
651776,33.0
651856,25.0
651872,53.0
651920,35.0
651968,36.0
652032,37.0
652048,74.0
652080,42.0
652080,55.0
652096,69.0
652128,42.0
652128,53.0
652224,58.0
652272,26.0
652368,46.0
652384,38.0
652400,23.0
652480,50.0
652576,41.0
652608,40.0
652624,47.0
652688,37.0
652848,45.0
652864,37.0
652896,51.0
652928,35.0
653008,27.0
653008,90.0
653056,61.0
653072,59.0
653168,70.0
653200,36.0
653200,50.0
653232,53.0
653376,56.0
653392,34.0
653456,24.0
653456,53.0
653488,50.0
653504,36.0
653520,32.0
653536,30.0
653552,34.0
653600,46.0
653648,47.0
653792,39.0
653856,41.0
653856,41.0
653936,44.0
653936,35.0
654032,36.0
654032,40.0
654176,43.0
654192,21.0
654192,41.0
654240,49.0
654320,33.0
654400,55.0
654416,54.0
654432,49.0
654512,36.0
654528,144.0
654560,60.0
654592,25.0
654656,39.0
654688,31.0
654720,43.0
654720,76.0
654768,57.0
654832,41.0
654944,33.0
655008,38.0
655008,43.0
655104,42.0
655104,34.0
655280,39.0
655296,85.0
655312,49.0
655328,68.0
655360,48.0
655408,40.0
655456,59.0
655472,47.0
655520,52.0
655584,40.0
655696,43.0
655728,39.0
655744,57.0
655744,24.0
655824,51.0
655872,37.0
655872,29.0
655952,39.0
655952,53.0
655984,29.0
656016,45.0
656032,36.0
656080,85.0
656192,29.0
656272,33.0
656336,64.0
656368,42.0
656384,50.0
656448,36.0
656480,41.0
656496,26.0
656512,40.0
656560,51.0
656592,40.0
656608,37.0
656640,73.0
656720,48.0
656736,44.0
656768,49.0
656784,32.0
656784,25.0
656880,34.0
656944,47.0
657056,38.0
657088,38.0
657088,45.0
657152,41.0
657216,39.0
657232,22.0
657280,42.0
657280,45.0
657360,40.0
657440,50.0
657456,59.0
657472,43.0
657680,56.0
657680,39.0
657728,62.0
657760,38.0
657808,33.0
657856,39.0
657888,42.0
657936,53.0
658000,66.0
658000,34.0
658032,59.0
658112,52.0
658192,32.0
658208,46.0
658240,27.0
658272,52.0
658288,58.0
658416,46.0
658448,28.0
658512,41.0
658528,37.0
658592,52.0
658880,53.0
658880,38.0
658896,41.0
658896,49.0
658944,76.0
658944,46.0
658992,139.0
659008,70.0
659024,52.0
659088,40.0
659088,68.0
659136,45.0
659152,35.0
659200,57.0
659376,24.0
659392,55.0
659408,33.0
659440,57.0
659472,37.0
659568,42.0
659680,42.0
659712,35.0
659744,41.0
659744,50.0
659760,46.0
659856,29.0
659872,49.0
659904,60.0
659968,48.0
660048,42.0
660064,73.0
660064,58.0
660112,44.0
660144,42.0
660176,27.0
660192,39.0
660336,37.0
660400,40.0
660400,34.0
660416,34.0
660464,64.0
660496,24.0
660528,53.0
660624,35.0
660672,30.0
660720,36.0
660752,53.0
660800,24.0
660832,41.0
660864,72.0
660896,31.0
660896,53.0
660928,37.0
660960,27.0
661040,26.0
661056,37.0
661232,46.0
661296,77.0
661312,40.0
661328,31.0
661328,36.0
661344,39.0
661424,33.0
661456,66.0
661504,34.0
661568,42.0
661600,35.0
661632,104.0
661680,55.0
661744,51.0
661776,29.0
661808,59.0
661840,26.0
661872,36.0
661888,52.0
661888,35.0
661936,37.0
661968,46.0
662032,25.0
662080,39.0
662176,38.0
662192,37.0
662224,56.0
662256,47.0
662288,38.0
662288,34.0
662336,33.0
662384,31.0
662400,20.0
662416,40.0
662528,35.0
662624,47.0
662640,50.0
662640,47.0
662736,25.0
662768,52.0
662784,47.0
662784,35.0
662816,27.0
662816,33.0
662896,40.0
662896,45.0
662960,48.0
662976,43.0
662992,23.0
663216,36.0
663216,50.0
663216,36.0
663264,54.0
663296,48.0
663344,35.0
663376,35.0
663440,42.0
663504,33.0
663504,43.0
663504,34.0
663504,48.0
663536,34.0
663568,42.0
663616,45.0
663712,58.0
663824,38.0
663872,38.0
663888,42.0
663920,39.0
663920,26.0
663936,37.0
663968,33.0
664032,41.0
664032,26.0
664064,35.0
664096,55.0
664176,38.0
664272,46.0
664352,30.0
664368,21.0
664368,41.0
664432,34.0
664448,59.0
664464,34.0
664496,62.0
664592,41.0
664608,34.0
664688,41.0
664720,39.0
664720,50.0
664720,56.0
664800,39.0
664960,33.0
664976,63.0
665024,35.0
665104,47.0
665120,39.0
665184,14.0
665184,31.0
665200,37.0
665200,52.0
665264,56.0
665280,35.0
665344,67.0
665376,58.0
665456,27.0
665456,22.0
665488,56.0
665552,47.0
665584,24.0
665696,61.0
665792,38.0
665792,37.0
665808,22.0
665824,53.0
665840,41.0
665856,36.0
665920,75.0
666000,55.0
666096,47.0
666160,36.0
666176,45.0
666192,24.0
666224,46.0
666272,56.0
666448,56.0
666464,75.0
666480,43.0
666512,37.0
666576,49.0
666592,26.0
666608,48.0
666608,49.0
666656,41.0
666720,54.0
666784,68.0
666880,27.0
666960,46.0
667024,52.0
667104,52.0
667120,60.0
667120,64.0
667184,36.0
667232,40.0
667280,39.0
667312,13.0
667328,38.0
667472,54.0
667568,69.0
667584,44.0
667584,39.0
667712,24.0
667712,71.0
667728,76.0
667856,34.0
667856,46.0
667936,91.0
667952,73.0
668032,29.0
668032,50.0
668032,53.0
668080,23.0
668096,67.0
668112,52.0
668160,36.0
668192,29.0
668272,72.0
668288,44.0
668432,36.0
668464,47.0
668480,33.0
668592,41.0
668608,26.0
668656,34.0
668704,77.0
668752,45.0
668848,47.0
668848,24.0
668912,52.0
668912,40.0
668944,49.0
669008,72.0
669088,38.0
669104,25.0
669168,55.0
669168,71.0
669232,30.0
669248,76.0
669280,42.0
669312,41.0
669328,46.0
669344,31.0
669376,29.0
669376,59.0
669536,28.0
669552,40.0
669568,25.0
669664,45.0
669680,42.0
669712,25.0
669728,35.0
669728,25.0
669840,35.0
669888,49.0
669920,24.0
669936,68.0
669984,40.0
670160,38.0
670160,57.0
670192,39.0
670208,23.0
670240,54.0
670272,65.0
670320,41.0
670352,42.0
670512,49.0
670544,73.0
670560,25.0
670592,55.0
670624,40.0
670656,46.0
670832,39.0
670864,71.0
670880,33.0
671056,51.0
671072,35.0
671104,35.0
671120,60.0
671184,39.0
671184,62.0
671200,55.0
671216,59.0
671440,53.0
671504,25.0
671520,41.0
671552,45.0
671568,102.0
671568,57.0
671600,45.0
671632,26.0
671632,27.0
671680,66.0
671728,41.0
671776,37.0
671792,46.0
671936,47.0
671936,128.0
671984,54.0
672096,36.0
672160,45.0
672192,39.0
672224,41.0
672272,42.0
672320,48.0
672368,24.0
672368,43.0
672384,37.0
672400,42.0
672432,50.0
672496,35.0
672592,25.0
672608,52.0
672656,45.0
672736,69.0
672752,41.0
672864,40.0
672976,38.0
673008,39.0
673040,42.0
673040,96.0
673072,50.0
673104,31.0
673104,59.0
673104,38.0
673248,37.0
673312,57.0
673328,56.0
673392,50.0
673408,42.0
673424,69.0
673488,46.0
673520,34.0
673632,24.0
673664,41.0
673744,55.0
673808,48.0
673872,24.0
673888,49.0
673968,41.0
673984,55.0
674000,56.0
674032,60.0
674032,44.0
674032,32.0
674048,63.0
674064,41.0
674256,54.0
674352,58.0
674400,41.0
674416,27.0
674448,25.0
674496,38.0
674512,34.0
674512,44.0
674528,41.0
674544,55.0
674688,27.0
674800,46.0
674816,49.0
674928,56.0
674960,58.0
675024,36.0
675040,31.0
675056,34.0
675088,68.0
675104,47.0
675216,99.0
675232,51.0
675312,51.0
675328,58.0
675424,25.0
675552,29.0
675584,30.0
675648,37.0
675664,44.0
675680,55.0
675696,48.0
675712,75.0
675792,69.0
675824,37.0
675872,52.0
676048,77.0
676064,53.0
676128,44.0
676176,39.0
676224,34.0
676224,25.0
676240,36.0
676240,58.0
676272,43.0
676304,38.0
676320,28.0
676496,73.0
676512,50.0
676512,24.0
676592,129.0
676608,51.0
676640,26.0
676640,37.0
676704,30.0
676720,41.0
676816,73.0
676864,39.0
676960,23.0
676992,51.0
677056,46.0
677104,52.0
677136,27.0
677184,42.0
677184,43.0
677200,35.0
677360,47.0
677376,46.0
677424,38.0
677488,39.0
677488,74.0
677552,37.0
677584,37.0
677712,33.0
677744,94.0
677760,41.0
677824,69.0
677856,41.0
677856,42.0
677936,55.0
678000,93.0
678000,39.0
678080,31.0
678128,62.0
678128,40.0
678208,53.0
678208,41.0
678256,31.0
678400,41.0
678400,34.0
678432,45.0
678464,38.0
678496,67.0
678544,38.0
678768,40.0
678816,38.0
678832,52.0
678880,50.0
678896,40.0
678960,52.0
678976,72.0
678992,37.0
678992,49.0
679072,38.0
679120,36.0
679120,102.0
679200,50.0
679296,33.0
679344,53.0
679360,85.0
679440,38.0
679456,29.0
679520,44.0
679520,33.0
679536,41.0
679536,26.0
679584,72.0
679648,47.0
679712,40.0
679744,39.0
679824,54.0
679888,33.0
679888,23.0
679936,25.0
679968,32.0
679984,34.0
679984,49.0
680016,27.0
680016,31.0
680192,41.0
680304,26.0
680320,42.0
680320,61.0
680384,40.0
680416,70.0
680416,27.0
680448,35.0
680512,96.0
680512,33.0
680544,45.0
680576,54.0
680672,41.0
680832,54.0
680832,56.0
680992,36.0
681072,55.0
681072,43.0
681120,36.0
681120,38.0
681120,44.0
681152,40.0
681184,54.0
681200,47.0
681216,56.0
681264,60.0
681328,41.0
681360,33.0
681392,51.0
681456,39.0
681520,28.0
681648,41.0
681696,36.0
681696,32.0
681744,108.0
681808,41.0
681856,46.0
681968,56.0
681984,41.0
682000,40.0
682016,50.0
682016,47.0
682032,52.0
682096,25.0
682112,45.0
682160,40.0
682288,34.0
682304,38.0
682352,77.0
682544,24.0
682544,34.0
682576,70.0
682576,58.0
682608,39.0
682688,36.0
682704,56.0
682752,56.0
682752,41.0
682752,45.0
682800,52.0
682864,53.0
682880,54.0
682976,39.0
683008,44.0
683040,31.0
683120,32.0
683168,37.0
683248,60.0
683248,35.0
683344,37.0
683344,37.0
683376,31.0
683424,24.0
683456,55.0
683504,47.0
683520,51.0
683632,68.0
683712,29.0
683728,47.0
683744,36.0
683760,40.0
683872,63.0
683872,26.0
683920,34.0
683952,38.0
684112,43.0
684160,72.0
684224,55.0
684224,30.0
684272,25.0
684272,64.0
684288,23.0
684304,37.0
684352,39.0
684368,31.0
684416,49.0
684432,102.0
684496,46.0
684576,39.0
684624,25.0
684624,25.0
684864,44.0
684880,86.0
684912,39.0
684960,34.0
684976,91.0
684992,39.0
685008,56.0
685040,46.0
685072,36.0
685072,50.0
685168,51.0
685232,38.0
685280,25.0
685392,30.0
685456,74.0
685472,25.0
685488,57.0
685552,58.0
685648,41.0
685712,40.0
685744,48.0
685792,49.0
685808,53.0
685808,59.0
685824,41.0
685840,24.0
685840,35.0
685936,34.0
685968,96.0
686032,30.0
686048,25.0
686064,37.0
686112,39.0
686144,57.0
686400,35.0
686416,36.0
686432,39.0
686432,45.0
686448,26.0
686464,40.0
686544,46.0
686576,49.0
686656,38.0
686656,101.0
686704,48.0
686704,37.0
686752,43.0
686816,24.0
686832,68.0
686864,56.0
686992,33.0
687024,38.0
687056,57.0
687088,40.0
687104,33.0
687248,31.0
687264,38.0
687264,35.0
687280,39.0
687344,30.0
687440,63.0
687488,41.0
687536,52.0
687568,64.0
687600,49.0
687664,40.0
687696,38.0
687776,42.0
687808,51.0
687824,34.0
687888,39.0
687920,95.0
687952,44.0
688000,25.0
688016,12.0
688096,65.0
688112,53.0
688128,49.0
688176,32.0
688208,45.0
688272,36.0
688288,47.0
688320,47.0
688352,29.0
688384,36.0
688512,35.0
688608,38.0
688640,34.0
688656,55.0
688672,29.0
688672,41.0
688672,35.0
688848,36.0
688848,58.0
688880,33.0
688960,49.0
688992,44.0
689120,50.0
689136,29.0
689152,64.0
689232,24.0
689248,37.0
689280,48.0
689328,118.0
689456,49.0
689456,36.0
689472,50.0
689488,40.0
689488,69.0
689520,57.0
689552,57.0
689632,42.0
689696,44.0
689760,38.0
689856,38.0
689888,27.0
689920,37.0
689920,27.0
690000,54.0
690032,57.0
690112,55.0
690160,40.0
690160,42.0
690192,40.0
690256,50.0
690304,64.0
690448,61.0
690448,33.0
690480,49.0
690512,41.0
690560,25.0
690576,59.0
690592,52.0
690640,45.0
690656,48.0
690688,24.0
690752,40.0
690784,49.0
690784,21.0
690800,40.0
690800,48.0
690896,24.0
690912,45.0
691104,34.0
691136,43.0
691216,40.0
691280,37.0
691296,34.0
691328,33.0
691360,35.0
691360,48.0
691456,51.0
691536,80.0
691552,26.0
691616,52.0
691632,33.0
691648,54.0
691680,75.0
691696,49.0
691776,26.0
691824,73.0
691920,64.0
691920,44.0
692048,45.0
692080,34.0
692112,35.0
692112,41.0
692144,49.0
692160,54.0
692176,34.0
692224,36.0
692240,39.0
692256,61.0
692304,38.0
692336,41.0
692480,41.0
692592,51.0
692640,45.0
692672,39.0
692704,30.0
692720,50.0
692752,32.0
692784,42.0
692800,45.0
692800,41.0
692944,49.0
692960,49.0
693040,23.0
693088,52.0
693088,49.0
693184,67.0
693232,40.0
693264,49.0
693328,33.0
693344,25.0
693376,37.0
693408,67.0
693408,48.0
693472,47.0
693488,46.0
693536,52.0
693600,50.0
693664,44.0
693776,46.0
693792,28.0
693840,38.0
693872,29.0
693952,54.0
693984,56.0
694000,51.0
694048,40.0
694080,51.0
694160,35.0
694176,43.0
694208,52.0
694240,48.0
694256,58.0
694336,50.0
694368,26.0
694384,37.0
694432,41.0
694544,55.0
694544,42.0
694784,59.0
694800,39.0
694880,39.0
694880,52.0
694976,46.0
695008,53.0
695008,42.0
695024,65.0
695088,63.0
695136,47.0
695136,44.0
695136,48.0
695136,71.0
695248,65.0
695280,46.0
695408,38.0
695408,54.0
695456,36.0
695472,24.0
695472,37.0
695488,29.0
695520,46.0
695600,37.0
695648,40.0
695712,27.0
695744,31.0
695808,42.0
695840,23.0
695840,27.0
695872,46.0
695872,46.0
695904,48.0
695968,62.0
696032,35.0
696096,36.0
696160,35.0
696176,43.0
696240,25.0
696288,55.0
696352,34.0
696384,46.0
696448,34.0
696528,51.0
696560,43.0
696576,70.0
696592,39.0
696624,49.0
696720,61.0
696752,36.0
696832,30.0
696880,53.0
696896,64.0
696944,35.0
696960,50.0
697008,26.0
697056,33.0
697056,38.0
697072,49.0
697232,22.0
697248,72.0
697280,45.0
697360,38.0
697360,49.0
697376,71.0
697392,35.0
697472,36.0
697472,47.0
697536,36.0
697536,37.0
697552,31.0
697632,35.0
697664,41.0
697664,65.0
697696,20.0
697792,27.0
697888,41.0
697936,55.0
697952,42.0
697952,37.0
698064,37.0
698176,34.0
698208,42.0
698224,35.0
698256,49.0
698336,50.0
698352,41.0
698352,69.0
698384,45.0
698432,55.0
698432,30.0
698432,40.0
698624,35.0
698768,37.0
698784,35.0
698800,54.0
698800,53.0
698928,36.0
699008,70.0
699056,39.0
699088,41.0
699104,107.0
699152,51.0
699152,22.0
699184,52.0
699184,35.0
699232,61.0
699280,32.0
699360,61.0
699408,38.0
699520,82.0
699552,34.0
699552,70.0
699552,31.0
699680,37.0
699728,39.0
699808,41.0
699840,38.0
699888,46.0
700032,69.0
700048,54.0
700064,49.0
700080,33.0
700096,46.0
700208,64.0
700256,53.0
700272,34.0
700288,25.0
700352,50.0
700352,98.0
700480,42.0
700496,61.0
700528,61.0
700560,55.0
700624,49.0
700752,41.0
700752,45.0
700800,46.0
700832,34.0
700880,38.0
700912,54.0
700960,27.0
701008,50.0
701168,68.0
701184,58.0
701232,27.0
701264,57.0
701280,33.0
701296,46.0
701392,56.0
701392,65.0
701392,48.0
701424,26.0
701456,61.0
701504,37.0
701568,46.0
701664,23.0
701776,51.0
701856,39.0
701904,39.0
701920,46.0
702032,36.0
702048,41.0
702064,74.0
702096,42.0
702128,46.0
702128,86.0
702192,50.0
702240,67.0
702288,64.0
702416,53.0
702432,33.0
702512,37.0
702544,48.0
702656,38.0
702720,66.0
702752,39.0
702800,44.0
702880,86.0
702912,39.0
702928,32.0
702928,46.0
702928,43.0
702960,58.0
702960,52.0
703008,72.0
703040,24.0
703088,64.0
703248,46.0
703264,45.0
703296,54.0
703376,39.0
703408,30.0
703440,33.0
703568,40.0
703600,37.0
703648,48.0
703648,58.0
703664,26.0
703680,45.0
703728,58.0
703760,52.0
703872,49.0
703888,37.0
703920,30.0
703984,64.0
703984,59.0
704208,35.0
704288,25.0
704320,57.0
704352,49.0
704384,70.0
704384,32.0
704384,46.0
704416,51.0
704448,45.0
704464,50.0
704480,69.0
704512,52.0
704544,16.0
704592,52.0
704640,41.0
704752,25.0
704784,25.0
704816,52.0
704848,40.0
704896,26.0
704912,23.0
704928,29.0
704928,26.0
704944,39.0
705008,68.0
705104,45.0
705168,47.0
705184,50.0
705248,41.0
705248,31.0
705248,50.0
705344,28.0
705472,35.0
705504,43.0
705536,33.0
705568,39.0
705744,60.0
705792,38.0
705792,59.0
705808,35.0
705824,56.0
705920,47.0
705936,23.0
705984,84.0
705984,46.0
706016,57.0
706048,44.0
706064,51.0
706112,36.0
706160,21.0
706336,54.0
706416,23.0
706480,61.0
706480,26.0
706496,98.0
706496,36.0
706544,50.0
706544,46.0
706656,40.0
706672,46.0
706688,56.0
706704,45.0
706976,74.0
707056,35.0
707104,38.0
707120,29.0
707120,71.0
707184,64.0
707200,68.0
707344,54.0
707440,60.0
707456,57.0
707472,49.0
707504,50.0
707584,24.0
707600,58.0
707680,44.0
707680,71.0
707696,37.0
707744,35.0
707760,40.0
707808,92.0
707840,49.0
707888,48.0
707968,29.0
707968,97.0
708000,33.0
708032,43.0
708048,28.0
708128,43.0
708128,42.0
708224,30.0
708240,35.0
708368,35.0
708400,25.0
708400,51.0
708448,35.0
708464,44.0
708464,31.0
708544,44.0
708576,56.0
708576,38.0
708720,37.0
708720,64.0
708848,38.0
708896,48.0
708944,36.0
708960,24.0
709008,29.0
709056,37.0
709072,42.0
709152,44.0
709168,71.0
709216,47.0
709216,31.0
709232,21.0
709232,52.0
709312,46.0
709328,80.0
709456,31.0
709504,31.0
709536,51.0
709584,32.0
709600,24.0
709632,25.0
709696,24.0
709712,41.0
709760,38.0
709856,63.0
709920,106.0
709936,48.0
709936,45.0
709968,46.0
710064,23.0
710080,47.0
710112,73.0
710128,42.0
710208,44.0
710384,50.0
710448,57.0
710448,53.0
710528,48.0
710528,42.0
710544,38.0
710544,29.0
710560,40.0
710592,60.0
710608,34.0
710640,44.0
710704,37.0
710752,39.0
710800,52.0
710816,38.0
710960,27.0
710976,37.0
711104,34.0
711136,43.0
711168,23.0
711216,94.0
711216,42.0
711248,45.0
711376,46.0
711408,50.0
711488,46.0
711488,56.0
711504,43.0
711536,68.0
711584,55.0
711744,40.0
711760,49.0
711824,54.0
711856,30.0
711856,28.0
711872,41.0
711872,44.0
711888,84.0
711968,52.0
712032,34.0
712064,36.0
712064,51.0
712080,36.0
712192,61.0
712192,38.0
712256,25.0
712256,24.0
712400,32.0
712448,44.0
712544,49.0
712560,64.0
712560,43.0
712576,45.0
712624,41.0
712752,35.0
712800,38.0
712832,36.0
712832,50.0
712880,50.0
712912,41.0
712976,57.0
713024,28.0
713104,35.0
713136,36.0
713152,25.0
713184,39.0
713216,48.0
713264,75.0
713440,38.0
713488,43.0
713552,58.0
713568,43.0
713616,44.0
713648,78.0
713696,45.0
713696,54.0
713696,34.0
713712,118.0
713760,36.0
713776,47.0
713984,53.0
714000,27.0
714048,59.0
714064,39.0
714064,36.0
714096,25.0
714160,59.0
714176,57.0
714240,33.0
714256,40.0
714288,37.0
714352,37.0
714416,48.0
714448,56.0
714576,37.0
714608,52.0
714624,58.0
714672,38.0
714720,41.0
714768,45.0
714800,24.0
714832,30.0
714832,52.0
714880,49.0
714976,51.0
715008,35.0
715024,48.0
715088,53.0
715200,37.0
715280,62.0
715312,32.0
715360,46.0
715440,48.0
715472,56.0
715536,51.0
715568,35.0
715584,38.0
715648,51.0
715744,19.0
715776,100.0
715776,56.0
715792,44.0
715824,66.0
715824,62.0
715872,35.0
715920,56.0
716096,39.0
716096,46.0
716224,41.0
716224,59.0
716272,39.0
716272,33.0
716288,32.0
716320,70.0
716352,36.0
716432,38.0
716480,59.0
716496,44.0
716768,74.0
716816,37.0
716832,34.0
716832,46.0
716880,60.0
716896,26.0
716896,34.0
716928,38.0
716944,67.0
717024,50.0
717056,39.0
717088,62.0
717088,51.0
717120,81.0
717152,55.0
717168,25.0
717168,42.0
717296,25.0
717424,34.0
717456,40.0
717488,35.0
717504,42.0
717632,46.0
717680,39.0
717680,37.0
717696,38.0
717696,47.0
717696,36.0
717776,38.0
717872,45.0
717904,38.0
717904,55.0
718016,74.0
718192,31.0
718256,36.0
718288,24.0
718352,53.0
718352,41.0
718352,36.0
718368,42.0
718416,49.0
718432,35.0
718592,57.0
718672,24.0
718688,79.0
718752,53.0
718816,29.0
718848,52.0
718880,39.0
718880,33.0
718880,29.0
718992,40.0
719040,117.0
719120,102.0
719136,48.0
719232,40.0
719264,67.0
719264,36.0
719264,52.0
719344,37.0
719376,120.0
719376,44.0
719488,38.0
719520,40.0
719552,44.0
719600,49.0
719664,34.0
719680,43.0
719824,49.0
719872,40.0
719904,22.0
719920,41.0
719936,37.0
719936,26.0
719984,38.0
719984,53.0
720000,46.0
720064,74.0
720096,52.0
720112,39.0
720144,48.0
720176,36.0
720240,35.0
720368,44.0
720480,41.0
720496,39.0
720544,40.0
720560,35.0
720624,44.0
720640,44.0
720704,29.0
720720,49.0
720736,35.0
720848,49.0
720864,48.0
720896,47.0
720928,59.0
720960,29.0
721088,34.0
721120,40.0
721216,41.0
721232,38.0
721264,56.0
721312,83.0
721344,44.0
721392,42.0
721536,26.0
721552,44.0
721632,95.0
721648,57.0
721664,36.0
721680,47.0
721728,52.0
721776,57.0
721792,30.0
721824,38.0
721840,71.0
721840,55.0
721904,32.0
721904,23.0
721936,37.0
721936,24.0
721968,46.0
722128,54.0
722176,31.0
722176,24.0
722304,40.0
722336,44.0
722352,39.0
722448,38.0
722512,46.0
722544,56.0
722544,38.0
722560,27.0
722560,41.0
722592,47.0
722736,48.0
722736,57.0
722784,38.0
722832,33.0
722848,42.0
722976,27.0
722992,40.0
723008,29.0
723008,42.0
723056,70.0
723120,38.0
723232,49.0
723248,41.0
723248,84.0
723264,30.0
723344,38.0
723392,52.0
723456,45.0
723456,28.0
723568,46.0
723600,65.0
723648,50.0
723648,42.0
723680,43.0
723824,23.0
723904,42.0
723952,44.0
724080,39.0
724096,44.0
724128,54.0
724176,73.0
724192,37.0
724192,53.0
724240,37.0
724240,74.0
724256,63.0
724320,47.0
724384,44.0
724448,83.0
724528,55.0
724608,49.0
724768,33.0
724784,55.0
724784,29.0
724800,34.0
724832,40.0
724912,52.0
724928,50.0
724944,44.0
724992,51.0
725008,30.0
725120,73.0
725168,25.0
725200,37.0
725200,26.0
725232,71.0
725280,23.0
725296,69.0
725360,61.0
725424,40.0
725504,24.0
725536,46.0
725552,45.0
725600,41.0
725648,75.0
725680,42.0
725840,40.0
725856,35.0
725856,58.0
725888,38.0
725920,45.0
726032,31.0
726096,37.0
726096,69.0
726144,29.0
726144,61.0
726176,47.0
726272,45.0
726288,66.0
726368,30.0
726400,47.0
726400,35.0
726448,37.0
726608,32.0
726640,80.0
726656,35.0
726672,67.0
726672,40.0
726704,35.0
726736,55.0
726784,54.0
726864,29.0
726880,27.0
726992,44.0
727008,52.0
727024,41.0
727088,30.0
727136,29.0
727216,34.0
727296,56.0
727344,30.0
727360,68.0
727392,41.0
727392,47.0
727456,82.0
727456,50.0
727472,48.0
727488,29.0
727552,34.0
727568,36.0
727600,45.0
727616,25.0
727776,62.0
727872,32.0
728000,27.0
728016,58.0
728032,56.0
728048,37.0
728048,47.0
728096,40.0
728144,47.0
728160,42.0
728192,45.0
728208,54.0
728224,39.0
728320,58.0
728336,49.0
728384,23.0
728400,49.0
728512,46.0
728576,34.0
728576,33.0
728592,34.0
728784,49.0
728816,42.0
728832,46.0
728848,43.0
728928,38.0
728960,47.0
729088,43.0
729120,56.0
729232,40.0
729392,55.0
729392,51.0
729424,68.0
729424,65.0
729456,55.0
729472,80.0
729472,34.0
729584,47.0
729632,51.0
729728,55.0
729760,40.0
729792,63.0
729904,51.0
729936,29.0
729952,31.0
729968,36.0
729984,35.0
729984,132.0
730112,40.0
730224,37.0
730272,43.0
730288,56.0
730400,29.0
730448,43.0
730464,31.0
730480,78.0
730480,47.0
730480,31.0
730496,44.0
730592,23.0
730640,76.0
730736,28.0
730800,25.0
730816,54.0
730832,45.0
730848,54.0
730848,59.0
730864,24.0
730960,20.0
730960,29.0
731008,128.0
731072,37.0
731088,51.0
731120,42.0
731200,46.0
731264,42.0
731360,31.0
731360,34.0
731392,34.0
731472,39.0
731584,69.0
731600,54.0
731616,41.0
731632,42.0
731680,38.0
731680,53.0
731744,39.0
731792,37.0
731840,65.0
731856,48.0
731888,39.0
731936,36.0
731984,37.0
732064,37.0
732144,71.0
732144,32.0
732176,51.0
732176,31.0
732208,37.0
732256,32.0
732320,24.0
732336,46.0
732352,48.0
732480,50.0
732576,43.0
732640,41.0
732720,55.0
732752,38.0
732768,37.0
732768,61.0
732832,43.0
732848,31.0
732848,49.0
732864,38.0
732960,69.0
732960,39.0
733136,51.0
733216,65.0
733264,32.0
733280,67.0
733280,35.0
733376,38.0
733392,47.0
733424,53.0
733440,36.0
733456,39.0
733456,20.0
733664,51.0
733696,30.0
733728,78.0
733776,51.0
733792,26.0
733808,53.0
733824,66.0
733872,37.0
733888,38.0
733904,28.0
733904,66.0
733936,31.0
733952,35.0
734160,56.0
734160,23.0
734176,22.0
734256,52.0
734272,38.0
734288,35.0
734288,52.0
734352,29.0
734384,38.0
734384,28.0
734432,39.0
734464,35.0
734576,44.0
734624,21.0
734688,62.0
734720,35.0
734752,37.0
734800,26.0
734832,58.0
734992,51.0
734992,45.0
735008,66.0
735104,26.0
735152,50.0
735184,38.0
735216,47.0
735264,61.0
735296,65.0
735344,60.0
735376,59.0
735424,39.0
735456,39.0
735568,36.0
735616,56.0
735632,33.0
735648,56.0
735712,33.0
735744,70.0
735760,47.0
735808,51.0
735904,38.0
736032,55.0
736096,40.0
736112,53.0
736192,35.0
736256,32.0
736272,39.0
736272,41.0
736384,39.0
736416,67.0
736416,75.0
736416,24.0
736432,66.0
736496,67.0
736592,43.0
736608,65.0
736624,57.0
736672,25.0
736800,43.0
736832,64.0
736896,40.0
736960,34.0
736976,55.0
736976,35.0
737008,21.0
737056,39.0
737104,57.0
737120,44.0
737136,40.0
737200,58.0
737296,31.0
737312,45.0
737312,58.0
737456,31.0
737472,31.0
737552,59.0
737552,58.0
737632,41.0
737648,51.0
737696,43.0
737760,41.0
737792,46.0
738000,69.0
738032,36.0
738080,48.0
738096,50.0
738112,35.0
738112,35.0
738192,31.0
738192,67.0
738208,46.0
738336,44.0
738432,25.0
738448,23.0
738480,52.0
738512,86.0
738576,86.0
738608,25.0
738640,33.0
738704,57.0
738720,39.0
738816,39.0
738816,94.0
738896,20.0
738896,71.0
738960,39.0
738992,62.0
739008,36.0
739072,39.0
739104,62.0
739120,58.0
739216,25.0
739264,47.0
739296,21.0
739296,36.0
739312,52.0
739360,47.0
739456,35.0
739568,36.0
739632,51.0
739696,50.0
739728,39.0
739728,64.0
739808,46.0
739904,40.0
739920,29.0
739920,80.0
740016,56.0
740048,47.0
740048,30.0
740064,47.0
740096,68.0
740096,25.0
740192,61.0
740224,31.0
740240,59.0
740256,21.0
740320,60.0
740384,47.0
740512,49.0
740560,32.0
740560,47.0
740672,48.0
740704,41.0
740720,50.0
740736,42.0
740752,41.0
740896,32.0
740912,37.0
740912,56.0
740960,44.0
741008,57.0
741024,49.0
741152,60.0
741200,28.0
741248,43.0
741264,44.0
741312,50.0
741408,28.0
741456,46.0
741536,40.0
741536,39.0
741600,36.0
741648,46.0
741712,35.0
741760,96.0
741792,49.0
741808,67.0
741840,71.0
742000,46.0
742032,52.0
742096,49.0
742096,43.0
742128,55.0
742144,38.0
742224,36.0
742240,98.0
742416,41.0
742480,55.0
742480,43.0
742496,25.0
742528,51.0
742624,24.0
742624,37.0
742640,34.0
742768,22.0
742816,63.0
742864,83.0
742880,65.0
742960,60.0
742976,47.0
742992,32.0
743072,58.0
743184,34.0
743200,109.0
743248,45.0
743328,23.0
743328,35.0
743360,55.0
743392,56.0
743472,38.0
743488,85.0
743584,60.0
743584,44.0
743600,61.0
743600,25.0
743664,26.0
743728,47.0
743744,42.0
743792,50.0
743792,38.0
743808,62.0
743984,32.0
744016,27.0
744032,27.0
744064,30.0
744128,46.0
744144,49.0
744160,31.0
744192,44.0
744224,56.0
744240,57.0
744352,39.0
744400,26.0
744400,37.0
744464,54.0
744528,32.0
744528,46.0
744544,30.0
744640,53.0
744656,57.0
744864,52.0
744912,42.0
744944,25.0
744944,50.0
744960,46.0
745008,38.0
745040,43.0
745072,34.0
745104,44.0
745200,63.0
745216,66.0
745328,75.0
745408,29.0
745408,47.0
745424,32.0
745424,60.0
745456,58.0
745520,41.0
745520,35.0
745616,38.0
745616,61.0
745664,35.0
745776,46.0
745824,47.0
745856,28.0
745856,40.0
745936,62.0
745968,34.0
746048,33.0
746064,34.0
746096,42.0
746160,52.0
746192,46.0
746272,41.0
746304,43.0
746352,43.0
746368,37.0
746464,38.0
746496,68.0
746496,42.0
746560,44.0
746576,24.0
746640,34.0
746640,90.0
746688,47.0
746688,45.0
746736,24.0
746816,34.0
746928,39.0
746976,38.0
747008,53.0
747008,32.0
747056,26.0
747056,23.0
747072,63.0
747184,34.0
747200,39.0
747216,73.0
747248,27.0
747264,36.0
747376,20.0
747376,55.0
747424,54.0
747504,65.0
747504,33.0
747552,34.0
747712,31.0
747744,51.0
747760,44.0
747776,48.0
747776,36.0
747792,26.0
747856,42.0
747904,73.0
747952,43.0
748080,52.0
748096,37.0
748112,35.0
748144,24.0
748160,26.0
748208,71.0
748224,53.0
748256,30.0
748320,26.0
748400,56.0
748400,28.0
748480,43.0
748544,24.0
748560,53.0
748656,35.0
748672,51.0
748704,37.0
748768,62.0
748832,36.0
748848,48.0
748960,96.0
748976,47.0
748992,37.0
748992,49.0
749008,43.0
749216,42.0
749216,46.0
749360,76.0
749392,39.0
749456,28.0
749488,33.0
749520,42.0
749536,52.0
749552,35.0
749600,48.0
749712,65.0
749712,66.0
749712,45.0
749760,49.0
749824,79.0
749904,34.0
749952,31.0
749984,29.0
749984,99.0
750064,22.0
750208,41.0
750208,38.0
750240,33.0
750240,47.0
750320,69.0
750336,70.0
750352,23.0
750384,62.0
750464,58.0
750560,46.0
750560,36.0
750688,58.0
750704,40.0
750736,26.0
750864,41.0
750912,63.0
750992,41.0
751008,39.0
751024,49.0
751088,71.0
751104,54.0
751104,34.0
751120,57.0
751152,37.0
751248,34.0
751264,33.0
751344,102.0
751344,55.0
751472,49.0
751472,38.0
751472,35.0
751648,19.0
751648,40.0
751696,38.0
751696,34.0
751728,39.0
751760,46.0
751760,41.0
751824,92.0
751888,40.0
751904,57.0
751936,29.0
751952,52.0
751968,39.0
752064,37.0
752144,31.0
752304,38.0
752368,40.0
752416,41.0
752448,31.0
752512,36.0
752528,39.0
752528,29.0
752640,21.0
752704,46.0
752736,61.0
752752,80.0
752768,67.0
752816,58.0
752880,77.0
752912,103.0
752976,52.0
753008,37.0
753056,26.0
753088,45.0
753088,36.0
753088,40.0
753168,40.0
753264,90.0
753344,40.0
753344,37.0
753360,39.0
753360,34.0
753504,61.0
753520,27.0
753552,42.0
753584,36.0
753664,38.0
753712,28.0
753744,24.0
753760,49.0
753776,26.0
753904,35.0
753904,51.0
753984,67.0
754032,54.0
754032,28.0
754032,33.0
754048,44.0
754160,67.0
754208,90.0
754240,36.0
754272,23.0
754288,48.0
754384,40.0
754464,44.0
754512,38.0
754560,63.0
754576,34.0
754608,36.0
754624,53.0
754672,40.0
754688,40.0
754784,39.0
754880,42.0
754880,40.0
754896,39.0
754912,25.0
754960,42.0
754960,24.0
754960,25.0
755008,81.0
755072,38.0
755216,38.0
755232,34.0
755248,79.0
755264,23.0
755296,24.0
755344,24.0
755424,50.0
755424,34.0
755440,41.0
755552,37.0
755632,47.0
755632,39.0
755680,24.0
755808,23.0
755824,36.0
755840,48.0
755968,44.0
755968,39.0
755984,82.0
756048,68.0
756064,32.0
756112,43.0
756192,113.0
756272,37.0
756288,66.0
756288,41.0
756336,70.0
756400,37.0
756480,27.0
756496,24.0
756528,69.0
756576,47.0
756624,62.0
756640,41.0
756720,47.0
756720,27.0
756768,36.0
756864,56.0
756944,26.0
756944,55.0
756944,69.0
756960,35.0
756992,44.0
757008,46.0
757136,41.0
757168,52.0
757168,33.0
757280,41.0
757360,49.0
757408,26.0
757504,49.0
757552,49.0
757600,40.0
757616,38.0
757664,50.0
757696,26.0
757792,39.0
757824,43.0
757840,56.0
757888,73.0
757936,27.0
758048,69.0
758080,57.0
758208,50.0
758224,42.0
758272,57.0
758288,39.0
758336,115.0
758384,48.0
758384,90.0
758400,50.0
758400,35.0
758432,40.0
758512,39.0
758528,52.0
758576,40.0
758688,26.0
758752,42.0
758784,46.0
758832,34.0
758864,40.0
758928,34.0
758944,70.0
758960,39.0
759120,38.0
759152,59.0
759168,48.0
759216,24.0
759216,52.0
759328,56.0
759488,60.0
759536,42.0
759536,49.0
759552,61.0
759552,72.0
759712,64.0
759760,40.0
759792,52.0
759824,55.0
759840,39.0
759872,24.0
759888,22.0
759904,61.0
759936,24.0
759968,74.0
759984,52.0
759984,48.0
760000,52.0
760352,64.0
760416,34.0
760416,30.0
760448,38.0
760496,46.0
760544,52.0
760560,36.0
760656,54.0
760656,52.0
760672,49.0
760688,45.0
760704,50.0
760768,48.0
760784,50.0
760816,25.0
760976,90.0
761056,94.0
761104,26.0
761136,45.0
761136,36.0
761200,27.0
761248,56.0
761264,35.0
761280,38.0
761296,40.0
761408,57.0
761472,41.0
761472,64.0
761472,26.0
761520,54.0
761584,50.0
761584,65.0
761728,47.0
761728,39.0
761808,42.0
761840,36.0
761872,36.0
761872,39.0
761904,39.0
761936,29.0
761952,30.0
762048,53.0
762112,37.0
762128,41.0
762176,65.0
762224,40.0
762272,34.0
762272,54.0
762432,31.0
762448,54.0
762448,40.0
762528,39.0
762608,35.0
762608,46.0
762736,63.0
762736,49.0
762768,58.0
762784,42.0
762928,47.0
763008,49.0
763040,57.0
763120,53.0
763136,33.0
763152,80.0
763168,45.0
763184,46.0
763216,49.0
763248,29.0
763248,61.0
763360,47.0
763456,58.0
763520,37.0
763568,52.0
763584,27.0
763648,40.0
763648,55.0
763696,30.0
763776,37.0
763840,24.0
763856,38.0
763936,56.0
763984,26.0
764016,48.0
764032,56.0
764096,32.0
764128,60.0
764192,52.0
764352,41.0
764352,77.0
764384,54.0
764384,46.0
764432,37.0
764448,107.0
764464,28.0
764496,53.0
764528,47.0
764576,40.0
764624,33.0
764656,39.0
764688,21.0
764736,38.0
764816,60.0
764928,46.0
764928,25.0
764992,40.0
765008,36.0
765024,23.0
765040,29.0
765136,25.0
765152,41.0
765152,44.0
765184,45.0
765216,77.0
765232,53.0
765264,40.0
765328,20.0
765392,25.0
765408,64.0
765456,40.0
765488,35.0
765584,41.0
765680,62.0
765744,45.0
765792,40.0
765824,38.0
765856,45.0
765872,34.0
765888,53.0
765904,45.0
765920,43.0
765936,49.0
766112,41.0
766144,46.0
766144,35.0
766208,59.0
766240,23.0
766368,55.0
766416,42.0
766496,51.0
766496,69.0
766512,41.0
766544,38.0
766576,47.0
766608,29.0
766608,43.0
766656,54.0
766672,35.0
766704,51.0
766768,54.0
766896,25.0
767056,57.0
767088,45.0
767104,38.0
767152,34.0
767200,39.0
767264,53.0
767296,49.0
767376,42.0
767392,53.0
767408,46.0
767424,51.0
767456,23.0
767536,48.0
767600,85.0
767600,87.0
767728,52.0
767728,36.0
767760,35.0
767904,30.0
768000,59.0
768016,45.0
768096,31.0
768128,33.0
768128,92.0
768224,52.0
768304,48.0
768304,34.0
768304,58.0
768320,57.0
768416,72.0
768464,85.0
768480,30.0
768496,37.0
768624,56.0
768768,40.0
768864,24.0
768880,35.0
768912,31.0
768928,52.0
768960,41.0
768992,48.0
769040,82.0
769136,70.0
769168,34.0
769184,55.0
769280,26.0
769296,50.0
769312,63.0
769312,53.0
769328,117.0
769328,35.0
769440,32.0
769616,93.0
769632,45.0
769680,50.0
769712,36.0
769760,28.0
769808,39.0
769808,53.0
769888,35.0
769936,41.0
769968,50.0
770048,66.0
770096,49.0
770096,50.0
770112,27.0
770160,45.0
770176,35.0
770320,80.0
770320,32.0
770352,29.0
770352,40.0
770384,47.0
770400,67.0
770416,38.0
770464,44.0
770576,40.0
770688,40.0
770704,38.0
770784,38.0
770800,24.0
770832,46.0
770864,56.0
770864,47.0
770960,38.0
771120,41.0
771120,50.0
771200,53.0
771216,51.0
771248,68.0
771296,61.0
771344,41.0
771424,37.0
771440,66.0
771456,37.0
771488,39.0
771488,44.0
771520,35.0
771584,55.0
771616,51.0
771856,32.0
771872,39.0
771888,48.0
771920,44.0
771920,45.0
771936,51.0
772096,41.0
772192,56.0
772224,50.0
772288,50.0
772320,50.0
772352,111.0
772400,49.0
772496,36.0
772496,63.0
772624,43.0
772704,52.0
772704,38.0
772720,71.0
772736,28.0
772752,52.0
772784,83.0
772816,58.0
772864,63.0
772896,31.0
772912,35.0
773152,58.0
773184,54.0
773216,45.0
773232,20.0
773264,35.0
773312,26.0
773360,41.0
773392,41.0
773392,56.0
773472,41.0
773552,85.0
773568,49.0
773568,53.0
773632,63.0
773664,57.0
773792,58.0
773824,38.0
773872,43.0
773872,35.0
774032,55.0
774048,26.0
774080,32.0
774096,39.0
774112,47.0
774144,37.0
774256,43.0
774256,64.0
774368,31.0
774368,44.0
774384,62.0
774384,32.0
774560,81.0
774592,30.0
774624,52.0
774624,36.0
774656,52.0
774672,36.0
774736,23.0
774768,86.0
774816,35.0
774928,53.0
774928,56.0
774976,52.0
774976,45.0
775008,39.0
775104,32.0
775120,22.0
775248,54.0
775248,37.0
775264,56.0
775264,40.0
775312,47.0
775344,38.0
775376,44.0
775504,55.0
775520,32.0
775536,38.0
775552,39.0
775696,37.0
775712,46.0
775712,28.0
775728,38.0
775728,29.0
775792,28.0
775808,31.0
775808,62.0
775840,54.0
776032,41.0
776144,40.0
776144,39.0
776144,22.0
776176,58.0
776192,41.0
776192,59.0
776208,30.0
776288,36.0
776304,38.0
776304,37.0
776336,33.0
776448,56.0
776448,38.0
776528,50.0
776592,24.0
776704,56.0
776752,38.0
776800,39.0
776848,25.0
776864,35.0
776880,43.0
776880,53.0
776944,47.0
776976,33.0
777040,47.0
777072,48.0
777120,49.0
777200,66.0
777216,43.0
777232,33.0
777312,45.0
777312,73.0
777312,27.0
777376,32.0
777616,51.0
777616,42.0
777648,36.0
777648,50.0
777664,43.0
777744,62.0
777760,55.0
777856,40.0
777856,41.0
777872,52.0
777920,38.0
777936,35.0
777936,44.0
777968,41.0
777984,54.0
778144,25.0
778160,31.0
778208,56.0
778288,40.0
778400,29.0
778432,49.0
778464,34.0
778496,46.0
778512,34.0
778528,57.0
778688,47.0
778688,52.0
778688,52.0
778816,42.0
778816,26.0
778832,76.0
778832,39.0
778848,43.0
778896,27.0
778896,64.0
778912,30.0
779008,45.0
779072,35.0
779072,24.0
779072,24.0
779088,69.0
779152,41.0
779200,24.0
779216,43.0
779280,37.0
779472,39.0
779472,24.0
779472,40.0
779504,38.0
779520,43.0
779552,41.0
779584,27.0
779584,32.0
779600,25.0
779616,50.0
779648,46.0
779696,39.0
779792,36.0
779808,46.0
779840,52.0
779888,38.0
779952,30.0
780048,33.0
780064,32.0
780080,38.0
780112,40.0
780144,35.0
780160,36.0
780176,33.0
780352,47.0
780384,43.0
780416,33.0
780448,40.0
780464,60.0
780528,29.0
780576,27.0
780672,45.0
780672,35.0
780736,70.0
780736,35.0
780768,38.0
780928,68.0
780976,32.0
781056,42.0
781056,33.0
781104,33.0
781168,70.0
781168,45.0
781168,86.0
781232,31.0
781296,59.0
781392,61.0
781456,45.0
781472,87.0
781520,53.0
781616,35.0
781712,49.0
781712,34.0
781776,42.0
781792,46.0
781792,20.0
781888,57.0
781952,35.0
782064,87.0
782080,53.0
782128,42.0
782144,61.0
782176,41.0
782192,30.0
782224,66.0
782288,31.0
782304,96.0
782352,35.0
782368,47.0
782480,25.0
782512,50.0
782544,48.0
782624,46.0
782624,83.0
782656,44.0
782752,24.0
782768,26.0
782784,41.0
782832,34.0
782848,49.0
782912,48.0
782992,23.0
783104,28.0
783136,37.0
783152,23.0
783168,21.0
783168,34.0
783168,25.0
783216,29.0
783232,63.0
783248,66.0
783280,69.0
783344,54.0
783360,28.0
783392,55.0
783456,72.0
783504,21.0
783584,23.0
783600,38.0
783600,27.0
783600,47.0
783744,40.0
783840,31.0
783840,24.0
783888,45.0
783904,47.0
783952,45.0
784032,42.0
784032,56.0
784064,51.0
784208,39.0
784240,40.0
784240,46.0
784256,41.0
784272,33.0
784272,62.0
784288,25.0
784304,29.0
784352,47.0
784368,61.0
784480,28.0
784560,41.0
784576,32.0
784608,41.0
784688,28.0
784784,47.0
784880,40.0
784896,43.0
784896,39.0
784912,67.0
784928,35.0
784992,24.0
785024,47.0
785088,52.0
785088,49.0
785168,55.0
785216,41.0
785328,47.0
785328,53.0
785408,66.0
785456,35.0
785488,50.0
785552,29.0
785552,42.0
785632,45.0
785632,46.0
785680,41.0
785776,18.0
785808,45.0
785840,27.0
785904,43.0
785936,38.0
786000,52.0
786016,35.0
786160,73.0
786208,80.0
786240,91.0
786240,35.0
786304,25.0
786336,49.0
786464,41.0
786464,52.0
786528,37.0
786544,48.0
786592,60.0
786704,86.0
786800,35.0
786800,60.0
786816,38.0
786832,51.0
786880,34.0
786960,41.0
787024,54.0
787056,37.0
787088,68.0
787216,24.0
787232,43.0
787280,43.0
787296,31.0
787344,51.0
787376,57.0
787408,116.0
787408,73.0
787424,25.0
787440,40.0
787472,32.0
787488,27.0
787520,51.0
787600,45.0
787696,20.0
787728,57.0
787792,44.0
787872,41.0
787872,40.0
788016,45.0
788048,39.0
788048,40.0
788064,49.0
788080,38.0
788080,46.0
788112,37.0
788160,27.0
788176,48.0
788416,23.0
788432,59.0
788448,47.0
788512,57.0
788560,34.0
788592,72.0
788688,38.0
788720,41.0
788720,53.0
788800,40.0
788864,51.0
788928,71.0
788960,49.0
789056,23.0
789088,40.0
789088,23.0
789104,62.0
789120,78.0
789200,25.0
789328,29.0
789376,54.0
789392,60.0
789408,83.0
789408,51.0
789488,25.0
789568,72.0
789568,53.0
789600,40.0
789616,66.0
789648,35.0
789792,25.0
789792,26.0
789888,52.0
790016,25.0
790032,69.0
790048,58.0
790096,43.0
790192,25.0
790224,41.0
790224,51.0
790224,46.0
790240,42.0
790352,29.0
790400,75.0
790416,25.0
790512,54.0
790528,46.0
790624,81.0
790656,38.0
790672,98.0
790720,70.0
790768,33.0
790800,38.0
790864,52.0
790864,40.0
790880,49.0
790880,22.0
790896,42.0
791008,49.0
791040,43.0
791264,40.0
791312,50.0
791360,59.0
791360,40.0
791392,39.0
791472,38.0
791488,51.0
791488,43.0
791536,71.0
791648,49.0
791680,49.0
791680,50.0
791696,65.0
791696,51.0
791696,27.0
791824,29.0
791840,50.0
791968,30.0
792064,44.0
792144,38.0
792160,29.0
792192,50.0
792192,32.0
792240,58.0
792304,41.0
792304,51.0
792352,24.0
792400,58.0
792432,89.0
792432,46.0
792480,21.0
792512,51.0
792528,53.0
792528,44.0
792592,47.0
792688,39.0
792752,35.0
792848,43.0
792864,27.0
792928,46.0
792944,26.0
793040,46.0
793040,50.0
793136,39.0
793168,54.0
793264,49.0
793280,26.0
793312,55.0
793328,40.0
793328,58.0
793360,63.0
793424,56.0
793424,52.0
793536,37.0
793664,33.0
793712,27.0
793712,54.0
793776,46.0
793872,59.0
793904,54.0
793984,51.0
794000,40.0
794048,49.0
794080,41.0
794112,50.0
794240,51.0
794240,23.0
794256,34.0
794272,46.0
794288,96.0
794448,49.0
794496,45.0
794496,73.0
794512,50.0
794544,27.0
794544,31.0
794656,41.0
794672,84.0
794800,56.0
794800,22.0
794816,36.0
794848,48.0
794848,54.0
794848,36.0
794928,24.0
794992,31.0
795024,48.0
795168,39.0
795216,35.0
795280,62.0
795328,51.0
795344,42.0
795424,36.0
795440,37.0
795472,39.0
795520,37.0
795600,50.0
795632,38.0
795648,88.0
795728,46.0
795872,66.0
795920,47.0
795920,30.0
795952,30.0
796000,23.0
796016,46.0
796016,76.0
796048,39.0
796064,98.0
796064,46.0
796112,56.0
796176,36.0
796304,41.0
796432,27.0
796464,25.0
796464,70.0
796496,61.0
796576,35.0
796592,54.0
796640,48.0
796720,38.0
796736,51.0
796800,46.0
796800,23.0
796848,58.0
796896,27.0
796896,45.0
796912,28.0
796960,57.0
797072,66.0
797120,34.0
797136,40.0
797216,57.0
797248,41.0
797280,30.0
797312,32.0
797360,88.0
797360,40.0
797456,45.0
797520,35.0
797632,62.0
797632,35.0
797712,50.0
797728,52.0
797808,43.0
797920,49.0
797952,37.0
797952,37.0
797968,47.0
798016,48.0
798048,37.0
798080,77.0
798144,52.0
798256,39.0
798256,61.0
798272,47.0
798352,45.0
798368,41.0
798368,26.0
798416,25.0
798512,35.0
798528,38.0
798624,56.0
798672,25.0
798704,46.0
798736,115.0
798736,41.0
798752,59.0
798784,27.0
798800,47.0
798848,44.0
798880,39.0
798944,43.0
799072,34.0
799120,38.0
799168,26.0
799168,47.0
799248,29.0
799248,39.0
799328,60.0
799392,41.0
799440,40.0
799488,34.0
799504,41.0
799504,52.0
799584,44.0
799648,57.0
799696,83.0
799712,34.0
799728,64.0
799792,34.0
799904,49.0
799952,55.0
799984,41.0
799984,51.0
800016,39.0
800080,52.0
800144,31.0
800336,52.0
800336,52.0
800368,36.0
800384,50.0
800400,42.0
800400,60.0
800416,58.0
800480,49.0
800640,41.0
800704,62.0
800736,25.0
800800,56.0
800896,32.0
800896,35.0
800944,50.0
800944,54.0
800960,59.0
800976,35.0
801008,64.0
801024,39.0
801024,34.0
801056,69.0
801056,41.0
801280,24.0
801296,25.0
801392,47.0
801440,67.0
801488,47.0
801520,36.0
801584,55.0
801600,36.0
801696,45.0
801744,46.0
801744,28.0
801744,50.0
801776,24.0
801808,33.0
801888,23.0
802000,75.0
802032,28.0
802112,39.0
802112,23.0
802144,44.0
802176,72.0
802176,70.0
802272,33.0
802368,37.0
802464,45.0
802544,41.0
802560,54.0
802560,28.0
802624,51.0
802640,65.0
802640,40.0
802736,37.0
802816,40.0
802848,51.0
802880,20.0
802896,33.0
802912,40.0
802912,116.0
802976,126.0
802992,51.0
803040,31.0
803072,38.0
803248,23.0
803264,39.0
803280,23.0
803360,29.0
803376,79.0
803392,41.0
803392,25.0
803392,30.0
803504,29.0
803520,56.0
803536,61.0
803680,44.0
803696,55.0
803712,67.0
803712,54.0
803760,30.0
803792,25.0
803808,26.0
803840,37.0
803904,23.0
803920,34.0
803968,56.0
804048,33.0
804224,52.0
804256,28.0
804288,58.0
804400,45.0
804400,40.0
804400,71.0
804448,59.0
804592,50.0
804720,63.0
804736,56.0
804768,50.0
804768,30.0
804784,54.0
804784,46.0
804816,69.0
804848,59.0
804944,78.0
804944,45.0
805040,49.0
805088,43.0
805168,36.0
805200,50.0
805216,31.0
805296,56.0
805376,38.0
805392,34.0
805408,39.0
805408,37.0
805424,40.0
805456,45.0
805568,33.0
805616,42.0
805696,31.0
805696,47.0
805728,35.0
805728,80.0
805744,41.0
805776,24.0
805792,36.0
805904,31.0
805952,41.0
805968,34.0
806048,80.0
806128,32.0
806128,27.0
806144,23.0
806144,36.0
806160,47.0
806336,38.0
806384,63.0
806400,42.0
806464,26.0
806496,37.0
806528,49.0
806576,39.0
806656,54.0
806672,34.0
806736,48.0
806768,39.0
806816,22.0
806816,43.0
806832,28.0
806912,76.0
806992,53.0
807120,24.0
807152,39.0
807168,48.0
807184,108.0
807280,49.0
807408,26.0
807440,48.0
807456,43.0
807488,83.0
807552,61.0
807552,23.0
807568,46.0
807568,77.0
807584,48.0
807600,27.0
807616,60.0
807632,45.0
807712,56.0
807792,40.0
807808,43.0
807904,21.0
808032,34.0
808032,37.0
808096,24.0
808144,54.0
808144,43.0
808224,42.0
808320,43.0
808352,49.0
808384,49.0
808432,40.0
808432,55.0
808448,26.0
808512,56.0
808544,46.0
808608,75.0
808912,29.0
808928,36.0
808944,50.0
808992,30.0
808992,48.0
809040,59.0
809040,41.0
809072,65.0
809088,48.0
809136,97.0
809136,33.0
809152,63.0
809232,83.0
809248,51.0
809312,55.0
809440,25.0
809536,62.0
809552,40.0
809584,40.0
809664,36.0
809680,27.0
809680,34.0
809696,34.0
809696,39.0
809696,24.0
809696,41.0
809744,38.0
809760,33.0
809824,56.0
810016,27.0
810048,22.0
810064,67.0
810144,29.0
810176,39.0
810176,46.0
810288,34.0
810384,87.0
810448,47.0
810448,47.0
810448,49.0
810480,45.0
810512,51.0
810544,25.0
810576,65.0
810672,38.0
810704,55.0
810816,40.0
810848,52.0
810848,35.0
810880,27.0
811024,84.0
811024,36.0
811040,41.0
811040,37.0
811104,33.0
811184,71.0
811184,44.0
811280,25.0
811280,48.0
811328,49.0
811424,38.0
811440,37.0
811552,55.0
811584,34.0
811680,94.0
811680,61.0
811728,44.0
811744,56.0
811760,36.0
811808,48.0
811840,51.0
811856,33.0
811936,41.0
811952,53.0
812032,22.0
812048,39.0
812080,40.0
812080,50.0
812176,62.0
812304,39.0
812336,47.0
812352,34.0
812368,39.0
812480,58.0
812512,42.0
812512,47.0
812512,36.0
812560,38.0
812576,53.0
812640,49.0
812656,36.0
812736,44.0
812768,43.0
812816,40.0
812928,26.0
812960,57.0
812976,42.0
813072,35.0
813152,49.0
813168,41.0
813168,27.0
813184,39.0
813232,56.0
813312,24.0
813360,37.0
813376,50.0
813376,64.0
813488,42.0
813648,73.0
813664,31.0
813680,38.0
813776,34.0
813792,26.0
813792,51.0
813936,35.0
813936,48.0
813952,82.0
813984,39.0
814000,43.0
814016,54.0
814112,27.0
814144,93.0
814144,60.0
814192,44.0
814272,82.0
814288,39.0
814336,24.0
814416,30.0
814448,41.0
814560,39.0
814624,53.0
814640,62.0
814656,41.0
814672,33.0
814720,36.0
814736,39.0
814800,63.0
814880,38.0
814880,37.0
814960,61.0
815008,42.0
815056,54.0
815120,29.0
815136,43.0
815152,37.0
815200,74.0
815248,52.0
815248,36.0
815264,24.0
815296,42.0
815536,41.0
815568,58.0
815632,24.0
815648,40.0
815648,58.0
815664,34.0
815776,61.0
815792,52.0
815792,46.0
815872,71.0
815872,42.0
815872,45.0
815936,25.0
816016,48.0
816016,24.0
816112,53.0
816176,38.0
816176,65.0
816256,38.0
816336,34.0
816368,31.0
816368,67.0
816400,46.0
816464,37.0
816528,41.0
816560,49.0
816608,27.0
816656,40.0
816672,35.0
816688,65.0
816720,49.0
816768,37.0
816784,62.0
816784,26.0
816944,38.0
816976,60.0
816992,46.0
817008,34.0
817056,43.0
817232,35.0
817248,53.0
817280,31.0
817296,36.0
817328,35.0
817328,40.0
817360,50.0
817424,48.0
817424,40.0
817520,33.0
817536,37.0
817552,59.0
817568,65.0
817616,40.0
817760,27.0
817792,46.0
817808,35.0
817824,51.0
817888,37.0
817904,39.0
817936,26.0
817952,39.0
817984,26.0
818032,42.0
818048,51.0
818080,41.0
818208,41.0
818224,38.0
818256,52.0
818288,29.0
818368,38.0
818464,41.0
818480,28.0
818528,36.0
818640,35.0
818640,24.0
818704,57.0
818704,45.0
818752,34.0
818768,54.0
818768,52.0
818768,34.0
818912,27.0
819024,93.0
819072,49.0
819104,76.0
819264,50.0
819328,43.0
819328,50.0
819360,38.0
819376,42.0
819424,41.0
819440,50.0
819440,42.0
819440,26.0
819472,69.0
819488,90.0
819536,48.0
819616,57.0
819728,39.0
819760,53.0
819808,23.0
819824,24.0
819856,33.0
819984,39.0
