Timestep,Reward
160,10.0
160,10.0
192,12.0
192,12.0
208,13.0
272,17.0
272,17.0
288,18.0
368,23.0
400,25.0
416,16.0
416,16.0
448,28.0
448,28.0
480,18.0
528,21.0
528,33.0
560,18.0
608,20.0
624,11.0
640,40.0
688,10.0
704,18.0
704,27.0
720,32.0
736,18.0
752,47.0
784,19.0
800,10.0
816,13.0
880,11.0
896,30.0
928,12.0
928,13.0
976,11.0
1008,40.0
1008,28.0
1024,64.0
1088,25.0
1088,43.0
1152,11.0
1168,26.0
1184,11.0
1264,16.0
1264,15.0
1264,23.0
1280,12.0
1280,22.0
1296,48.0
1296,26.0
1296,30.0
1328,25.0
1344,10.0
1344,35.0
1344,11.0
1376,42.0
1440,18.0
1456,52.0
1456,10.0
1504,13.0
1520,14.0
1520,27.0
1520,11.0
1536,16.0
1600,21.0
1648,23.0
1648,17.0
1664,21.0
1664,13.0
1680,26.0
1680,21.0
1696,16.0
1728,14.0
1760,31.0
1792,21.0
1824,19.0
1840,20.0
1872,22.0
1872,33.0
1904,15.0
1920,14.0
1936,11.0
1952,26.0
1952,19.0
1968,15.0
1984,24.0
1984,20.0
1984,19.0
1984,12.0
2144,31.0
2176,12.0
2176,21.0
2192,18.0
2192,20.0
2192,13.0
2208,14.0
2224,15.0
2224,25.0
2240,35.0
2240,18.0
2272,25.0
2288,21.0
2352,10.0
2352,13.0
2384,13.0
2384,29.0
2400,29.0
2464,31.0
2496,13.0
2528,22.0
2560,13.0
2560,20.0
2592,25.0
2592,23.0
2608,16.0
2624,22.0
2656,16.0
2688,29.0
2688,28.0
2704,11.0
2752,10.0
2768,24.0
2768,10.0
2784,14.0
2784,20.0
2816,38.0
2864,11.0
2880,20.0
2912,13.0
2928,10.0
2960,11.0
2960,21.0
3024,27.0
3024,40.0
3024,33.0
3040,22.0
3072,18.0
3088,17.0
3136,11.0
3168,19.0
3168,25.0
3200,17.0
3200,10.0
3232,13.0
3264,38.0
3280,33.0
3296,13.0
3408,13.0
3408,33.0
3440,78.0
3440,15.0
3456,14.0
3456,18.0
3472,32.0
3472,28.0
3504,21.0
3600,20.0
3632,14.0
3648,24.0
3664,14.0
3680,48.0
3696,12.0
3696,15.0
3728,20.0
3728,27.0
3808,13.0
3824,43.0
3872,9.0
3904,16.0
3904,55.0
3920,29.0
3952,16.0
3968,31.0
3968,31.0
3984,22.0
3984,34.0
4096,12.0
4112,65.0
4144,26.0
4160,16.0
4176,16.0
4192,14.0
4192,31.0
4288,9.0
4320,14.0
4336,24.0
4336,11.0
4352,24.0
4368,43.0
4384,13.0
4384,25.0
4448,16.0
4464,40.0
4480,51.0
4480,12.0
4496,24.0
4528,45.0
4560,12.0
4560,14.0
4576,16.0
4576,12.0
4576,15.0
4624,17.0
4624,40.0
4720,15.0
4752,8.0
4784,19.0
4800,14.0
4800,17.0
4816,12.0
4832,21.0
4864,18.0
4864,26.0
4896,21.0
4944,35.0
4944,30.0
4960,48.0
4992,12.0
5008,14.0
5008,18.0
5040,14.0
5040,11.0
5040,73.0
5056,19.0
5136,17.0
5168,38.0
5184,11.0
5200,39.0
5216,17.0
5232,18.0
5232,17.0
5248,13.0
5264,23.0
5264,27.0
5280,18.0
5296,16.0
5312,32.0
5312,17.0
5360,11.0
5456,13.0
5456,20.0
5472,19.0
5488,11.0
5504,19.0
5504,17.0
5536,17.0
5536,33.0
5568,32.0
5600,23.0
5616,20.0
5632,22.0
5680,11.0
5680,9.0
5712,28.0
5712,15.0
5728,14.0
5744,9.0
5760,28.0
5760,34.0
5824,21.0
5840,14.0
5888,11.0
5904,28.0
5920,29.0
5936,16.0
5968,25.0
5968,38.0
5984,14.0
6000,20.0
6048,26.0
6064,11.0
6064,22.0
6096,17.0
6112,17.0
6112,24.0
6128,24.0
6144,24.0
6144,38.0
6240,16.0
6256,18.0
6304,15.0
6320,14.0
6336,26.0
6368,20.0
6368,25.0
6384,17.0
6384,20.0
6400,17.0
6416,30.0
6416,17.0
6416,19.0
6432,11.0
6512,32.0
6560,20.0
6592,17.0
6592,12.0
6592,14.0
6592,14.0
6608,29.0
6608,12.0
6624,20.0
6640,14.0
6656,14.0
6672,18.0
6720,51.0
6736,11.0
6752,23.0
6816,30.0
6832,15.0
6848,13.0
6864,28.0
6912,19.0
6944,13.0
6960,21.0
6976,24.0
7040,14.0
7040,20.0
7072,25.0
7120,23.0
7136,39.0
7152,19.0
7184,14.0
7200,38.0
7232,18.0
7248,13.0
7248,17.0
7280,13.0
7296,40.0
7360,15.0
7360,33.0
7376,11.0
7392,33.0
7408,10.0
7440,13.0
7440,33.0
7440,16.0
7456,20.0
7536,10.0
7536,59.0
7584,19.0
7600,15.0
7616,11.0
7632,37.0
7664,14.0
7664,19.0
7680,67.0
7728,20.0
7728,36.0
7744,10.0
7792,22.0
7824,12.0
7840,19.0
7856,38.0
7856,12.0
7872,21.0
7904,15.0
7920,12.0
7936,30.0
7952,41.0
7968,36.0
7968,23.0
7984,23.0
8016,17.0
8032,11.0
8048,13.0
8064,17.0
8064,12.0
8096,23.0
8112,18.0
8128,13.0
8144,10.0
8176,13.0
8176,15.0
8192,32.0
8192,11.0
8224,23.0
8240,13.0
8272,23.0
8272,20.0
8288,11.0
8320,16.0
8336,18.0
8336,13.0
8400,16.0
8416,14.0
8496,16.0
8512,20.0
8512,11.0
8528,15.0
8528,27.0
8560,15.0
8592,12.0
8624,13.0
8624,28.0
8656,37.0
8672,31.0
8688,45.0
8688,12.0
8688,10.0
8704,27.0
8704,12.0
8784,14.0
8784,35.0
8784,32.0
8848,14.0
8864,17.0
8864,11.0
8880,11.0
8896,23.0
8896,12.0
8912,36.0
8960,18.0
9008,31.0
9024,23.0
9040,22.0
9040,22.0
9088,29.0
9104,15.0
9120,17.0
9120,15.0
9120,10.0
9152,15.0
9152,23.0
9200,26.0
9232,23.0
9248,14.0
9264,14.0
9264,14.0
9280,24.0
9344,21.0
9360,15.0
9360,13.0
9392,17.0
9392,38.0
9408,13.0
9424,21.0
9440,13.0
9440,11.0
9472,13.0
9488,37.0
9568,13.0
9600,15.0
9600,11.0
9632,12.0
9648,34.0
9664,26.0
9664,16.0
9680,25.0
9728,15.0
9760,20.0
9792,20.0
9808,43.0
9840,13.0
9840,12.0
9856,12.0
9856,16.0
9872,30.0
9872,30.0
9888,10.0
10000,27.0
10048,44.0
10064,16.0
10080,20.0
10080,12.0
10096,15.0
10144,19.0
10144,19.0
10160,18.0
10160,19.0
10192,20.0
10192,37.0
10192,12.0
10208,10.0
10240,36.0
10272,12.0
10288,9.0
10304,72.0
10304,32.0
10336,15.0
10352,17.0
10416,14.0
10432,17.0
10432,17.0
10448,48.0
10464,17.0
10480,26.0
10496,19.0
10544,19.0
10576,27.0
10576,23.0
10592,20.0
10608,20.0
10624,11.0
10624,12.0
10704,22.0
10720,15.0
10720,18.0
10720,11.0
10736,9.0
10752,16.0
10752,28.0
10800,21.0
10848,27.0
10912,21.0
10928,12.0
10960,21.0
10992,23.0
11008,27.0
11008,18.0
11024,17.0
11040,46.0
11040,27.0
11072,17.0
11120,49.0
11136,26.0
11200,28.0
11200,12.0
11200,17.0
11248,34.0
11296,21.0
11296,14.0
11312,19.0
11328,30.0
11360,28.0
11360,14.0
11392,12.0
11440,25.0
11440,20.0
11456,13.0
11472,47.0
11472,30.0
11472,28.0
11472,11.0
11488,18.0
11616,14.0
11632,11.0
11632,12.0
11664,12.0
11664,29.0
11664,12.0
11680,23.0
11680,13.0
11696,23.0
11728,23.0
11744,44.0
11744,28.0
11824,9.0
11840,11.0
11856,14.0
11856,12.0
11872,15.0
11872,12.0
11872,11.0
11920,30.0
11936,36.0
11952,14.0
11968,19.0
12016,17.0
12064,36.0
12080,10.0
12096,17.0
12128,24.0
12128,16.0
12144,33.0
12160,18.0
12160,14.0
12192,15.0
12208,15.0
12224,9.0
12240,11.0
12304,9.0
12320,29.0
12320,14.0
12352,55.0
12384,12.0
12416,18.0
12416,12.0
12432,12.0
12448,20.0
12464,38.0
12496,21.0
12528,20.0
12528,32.0
12528,41.0
12528,14.0
12544,10.0
12544,25.0
12576,16.0
12592,17.0
12592,11.0
12640,11.0
12688,17.0
12688,16.0
12704,22.0
12704,16.0
12720,12.0
12736,15.0
12784,12.0
12800,16.0
12848,63.0
12864,11.0
12880,9.0
12880,10.0
12896,23.0
12928,24.0
12960,16.0
12960,20.0
13024,11.0
13040,28.0
13040,11.0
13104,33.0
13120,21.0
13120,37.0
13136,11.0
13136,27.0
13152,16.0
13168,15.0
13168,30.0
13200,15.0
13200,25.0
13216,12.0
13216,21.0
13312,9.0
13312,27.0
13328,12.0
13344,14.0
13376,10.0
13408,23.0
13424,19.0
13440,15.0
13488,20.0
13536,24.0
13552,15.0
13552,15.0
13552,21.0
13584,15.0
13600,14.0
13600,12.0
13616,30.0
13648,14.0
13680,30.0
13696,41.0
13712,14.0
13760,13.0
13792,29.0
13792,15.0
13808,17.0
13808,12.0
13872,14.0
13888,28.0
13888,19.0
13920,20.0
13936,14.0
14016,93.0
14048,16.0
14064,29.0
14064,23.0
14080,12.0
14128,21.0
14128,15.0
14128,28.0
14208,69.0
14256,44.0
14256,13.0
14304,15.0
14336,17.0
14336,33.0
14368,27.0
14400,24.0
14400,17.0
14432,35.0
14432,42.0
14448,15.0
14448,40.0
14480,14.0
14480,35.0
14560,27.0
14608,30.0
14624,20.0
14656,14.0
14688,22.0
14704,16.0
14704,28.0
14768,25.0
14768,21.0
14800,45.0
14800,12.0
14816,21.0
14848,14.0
14864,11.0
14880,30.0
14912,32.0
14928,17.0
14928,23.0
14944,9.0
14944,38.0
15024,36.0
15040,35.0
15040,10.0
15072,23.0
15088,14.0
15088,15.0
15104,11.0
15136,23.0
15152,22.0
15216,17.0
15216,11.0
15232,18.0
15232,19.0
15264,15.0
15264,12.0
15280,36.0
15296,30.0
15328,15.0
15344,19.0
15408,19.0
15408,16.0
15424,10.0
15440,19.0
15456,15.0
15472,16.0
15488,25.0
15536,39.0
15552,18.0
15600,12.0
15616,24.0
15664,16.0
15664,23.0
15712,24.0
15712,59.0
15744,18.0
15792,32.0
15792,35.0
15840,14.0
15840,26.0
15856,19.0
15904,29.0
15968,11.0
16016,30.0
16064,25.0
16080,26.0
16080,18.0
16096,22.0
16096,24.0
16128,41.0
16176,17.0
16176,36.0
16208,22.0
16272,35.0
16304,51.0
16304,13.0
16352,17.0
16352,17.0
16368,15.0
16368,17.0
16416,15.0
16448,69.0
16448,15.0
16480,11.0
16480,13.0
16512,9.0
16528,29.0
16560,34.0
16560,24.0
16576,14.0
16592,47.0
16608,48.0
16672,16.0
16688,13.0
16704,46.0
16768,20.0
16768,13.0
16784,19.0
16800,8.0
16816,16.0
16864,16.0
16864,10.0
16896,19.0
16912,14.0
16912,38.0
16928,10.0
16944,10.0
16944,31.0
16960,37.0
16960,24.0
16992,29.0
17024,14.0
17024,10.0
17072,45.0
17072,16.0
17088,10.0
17104,15.0
17120,13.0
17168,11.0
17216,28.0
17248,11.0
17264,20.0
17264,19.0
17312,18.0
17312,50.0
17328,14.0
17328,13.0
17344,16.0
17424,32.0
17424,30.0
17424,22.0
17440,14.0
17456,27.0
17552,19.0
17584,26.0
17584,39.0
17584,17.0
17584,16.0
17600,44.0
17600,17.0
17664,25.0
17728,19.0
17744,12.0
17744,18.0
17760,21.0
17760,26.0
17792,23.0
17808,34.0
17808,13.0
17824,32.0
17856,12.0
17888,19.0
17984,15.0
18000,13.0
18016,13.0
18032,37.0
18032,11.0
18048,29.0
18048,18.0
18080,17.0
18128,23.0
18128,15.0
18144,20.0
18176,28.0
18192,28.0
18224,40.0
18240,12.0
18256,17.0
18336,13.0
18384,23.0
18400,13.0
18416,12.0
18448,13.0
18464,21.0
18464,13.0
18496,29.0
18496,57.0
18512,29.0
18560,11.0
18576,36.0
18592,35.0
18656,15.0
18656,20.0
18672,17.0
18720,34.0
18752,72.0
18768,12.0
18768,19.0
18800,22.0
18816,19.0
18832,43.0
18848,12.0
18880,50.0
18976,30.0
19024,16.0
19024,14.0
19024,16.0
19056,25.0
19072,22.0
19104,17.0
19104,32.0
19104,40.0
19120,35.0
19136,20.0
19184,10.0
19200,14.0
19216,23.0
19216,12.0
19264,48.0
19360,16.0
19376,44.0
19376,17.0
19392,32.0
19424,10.0
19440,15.0
19504,23.0
19504,18.0
19504,18.0
19552,27.0
19568,29.0
19584,13.0
19600,26.0
19664,57.0
19744,43.0
19760,23.0
19760,20.0
19840,18.0
19840,15.0
19872,53.0
19872,18.0
19888,20.0
19904,52.0
19920,31.0
19936,27.0
19984,30.0
20000,39.0
20048,10.0
20064,19.0
20080,20.0
20096,27.0
20096,10.0
20128,48.0
20144,14.0
20144,19.0
20160,26.0
20192,43.0
20208,13.0
20224,9.0
20272,18.0
20288,14.0
20288,12.0
20288,26.0
20304,27.0
20304,29.0
20336,13.0
20336,18.0
20416,13.0
20464,35.0
20480,13.0
20512,20.0
20560,17.0
20576,17.0
20592,19.0
20624,33.0
20672,12.0
20672,13.0
20688,34.0
20720,26.0
20720,31.0
20752,26.0
20768,38.0
20784,17.0
20816,42.0
20864,12.0
20864,28.0
20864,18.0
20880,37.0
20880,34.0
20912,20.0
20944,12.0
20976,22.0
20976,12.0
21024,21.0
21040,20.0
21072,10.0
21120,25.0
21168,22.0
21184,26.0
21184,20.0
21216,17.0
21216,11.0
21280,25.0
21296,27.0
21312,21.0
21328,10.0
21344,42.0
21376,51.0
21408,34.0
21408,21.0
21408,14.0
21424,15.0
21440,20.0
21456,30.0
21488,12.0
21504,39.0
21504,18.0
21536,12.0
21568,15.0
21600,11.0
21648,10.0
21648,23.0
21664,16.0
21680,29.0
21728,14.0
21728,22.0
21728,14.0
21744,21.0
21744,18.0
21760,20.0
21824,16.0
21840,11.0
21856,52.0
21872,14.0
21904,11.0
21936,16.0
21952,34.0
21952,13.0
21968,23.0
21968,15.0
21984,16.0
22000,29.0
22032,12.0
22048,14.0
22064,26.0
22080,20.0
22112,13.0
22112,50.0
22160,19.0
22224,16.0
22224,22.0
22240,10.0
22256,18.0
22256,32.0
22304,17.0
22320,10.0
22368,26.0
22384,17.0
22400,21.0
22400,22.0
22416,26.0
22448,14.0
22448,21.0
22464,30.0
22480,33.0
22480,15.0
22512,36.0
22544,11.0
22624,25.0
22640,24.0
22656,13.0
22688,18.0
22704,20.0
22720,26.0
22768,16.0
22784,19.0
22784,33.0
22816,25.0
22848,19.0
22880,30.0
22912,28.0
22912,14.0
22976,17.0
22992,11.0
23024,15.0
23024,36.0
23072,18.0
23088,48.0
23104,39.0
23168,12.0
23184,17.0
23216,12.0
23232,32.0
23248,37.0
23280,12.0
23280,18.0
23328,35.0
23328,19.0
23360,46.0
23360,18.0
23360,45.0
23408,31.0
23440,16.0
23472,15.0
23504,16.0
23552,28.0
23552,17.0
23552,44.0
23568,8.0
23568,13.0
23584,16.0
23600,27.0
23616,18.0
23616,46.0
23616,13.0
23632,17.0
23744,12.0
23760,10.0
23776,9.0
23776,26.0
23792,14.0
23808,19.0
23808,21.0
23856,19.0
23904,22.0
23952,11.0
23968,13.0
23968,47.0
24000,24.0
24032,47.0
24032,11.0
24048,30.0
24048,27.0
24096,22.0
24144,21.0
24176,25.0
24224,27.0
24240,39.0
24256,14.0
24272,14.0
24336,21.0
24352,24.0
24368,29.0
24384,18.0
24384,15.0
24400,28.0
24448,13.0
24480,14.0
24496,29.0
24544,12.0
24560,10.0
24560,11.0
24592,20.0
24592,63.0
24672,44.0
24800,15.0
24832,38.0
24880,52.0
24912,20.0
24944,48.0
24960,39.0
24976,27.0
24976,19.0
24992,31.0
25056,38.0
25056,14.0
25056,36.0
25088,31.0
25120,82.0
25136,14.0
25168,13.0
25232,16.0
25280,30.0
25280,19.0
25296,13.0
25312,16.0
25328,21.0
25472,69.0
25472,12.0
25472,37.0
25504,35.0
25504,13.0
25504,24.0
25504,12.0
25536,30.0
25568,21.0
25584,64.0
25616,18.0
25744,13.0
25744,17.0
25760,16.0
25760,11.0
25760,44.0
25776,19.0
25808,19.0
25824,20.0
25824,34.0
25872,46.0
25904,10.0
25936,10.0
25936,97.0
25952,49.0
26000,15.0
26016,25.0
26016,16.0
26064,19.0
26080,16.0
26160,22.0
26192,15.0
26192,8.0
26256,20.0
26272,25.0
26288,24.0
26288,49.0
26352,22.0
26368,39.0
26368,56.0
26448,55.0
26464,28.0
26528,28.0
26528,11.0
26544,22.0
26544,38.0
26560,46.0
26576,20.0
26576,13.0
26656,23.0
26704,11.0
26720,35.0
26752,24.0
26816,16.0
26832,40.0
26864,18.0
26864,37.0
26896,38.0
26928,25.0
26944,58.0
27008,34.0
27024,20.0
27040,18.0
27072,11.0
27088,17.0
27120,25.0
27120,36.0
27136,17.0
27136,35.0
27216,35.0
27232,13.0
27248,26.0
27280,17.0
27296,11.0
27312,28.0
27312,12.0
27360,26.0
27376,58.0
27440,22.0
27472,12.0
27488,26.0
27488,15.0
27552,63.0
27568,13.0
27616,30.0
27648,13.0
27712,26.0
27776,34.0
27792,9.0
27808,31.0
27808,20.0
27872,10.0
27904,43.0
27968,37.0
27968,30.0
28000,54.0
28016,44.0
28048,70.0
28048,63.0
28064,16.0
28096,20.0
28128,16.0
28144,42.0
28160,23.0
28224,41.0
28240,39.0
28288,20.0
28304,16.0
28320,17.0
28336,33.0
28400,25.0
28400,19.0
28480,11.0
28480,16.0
28512,14.0
28512,23.0
28528,61.0
28544,40.0
28560,25.0
28576,35.0
28592,22.0
28592,12.0
28656,43.0
28672,17.0
28672,34.0
28688,39.0
28704,14.0
28752,12.0
28784,17.0
28800,29.0
28848,21.0
28896,36.0
28896,13.0
28912,10.0
28912,15.0
28944,29.0
28960,24.0
29056,13.0
29056,29.0
29072,30.0
29088,26.0
29104,28.0
29120,36.0
29152,28.0
29152,23.0
29168,17.0
29200,15.0
29200,16.0
29216,20.0
29248,10.0
29264,29.0
29312,12.0
29328,50.0
29344,18.0
29360,10.0
29440,24.0
29456,8.0
29456,12.0
29520,20.0
29536,39.0
29552,40.0
29568,26.0
29568,13.0
29568,20.0
29584,23.0
29632,12.0
29664,13.0
29696,37.0
29728,36.0
29728,17.0
29760,43.0
29776,27.0
29808,18.0
29840,11.0
29888,20.0
29904,37.0
29920,10.0
29936,22.0
29952,25.0
29952,26.0
29984,26.0
30000,14.0
30000,23.0
30016,28.0
30112,26.0
30192,12.0
30224,26.0
30240,19.0
30240,15.0
30304,25.0
30304,20.0
30320,13.0
30336,28.0
30368,75.0
30400,42.0
30480,15.0
30496,30.0
30496,34.0
30544,15.0
30592,17.0
30592,22.0
30640,45.0
30656,22.0
30672,45.0
30736,34.0
30752,17.0
30816,68.0
30880,34.0
30896,42.0
30960,23.0
30960,29.0
30992,72.0
31024,27.0
31040,31.0
31040,24.0
31072,36.0
31104,44.0
31152,26.0
31248,13.0
31264,17.0
31264,28.0
31280,38.0
31312,35.0
31328,43.0
31408,23.0
31472,14.0
31472,12.0
31504,39.0
31584,27.0
31616,37.0
31632,42.0
31648,11.0
31648,24.0
31648,47.0
31680,17.0
31696,39.0
31696,14.0
31712,47.0
31728,85.0
31776,12.0
31776,28.0
31792,10.0
31808,31.0
31840,14.0
31872,38.0
31888,13.0
31968,20.0
32048,17.0
32064,60.0
32080,27.0
32080,23.0
32096,37.0
32112,26.0
32176,13.0
32208,25.0
32208,32.0
32272,25.0
32272,27.0
32304,14.0
32304,33.0
32336,15.0
32368,10.0
32432,34.0
32464,16.0
32560,18.0
32576,13.0
32592,50.0
32608,34.0
32608,55.0
32704,23.0
32704,17.0
32752,69.0
32768,13.0
32768,31.0
32800,47.0
32848,34.0
32848,46.0
32864,35.0
32896,18.0
32928,14.0
32976,23.0
32976,25.0
33008,58.0
33008,26.0
33008,19.0
33184,27.0
33184,13.0
33184,18.0
33296,23.0
33312,34.0
33344,30.0
33360,56.0
33408,35.0
33472,81.0
33472,10.0
33504,41.0
33504,31.0
33520,21.0
33520,34.0
33536,33.0
33568,50.0
33696,56.0
33728,12.0
33728,14.0
33744,28.0
33792,38.0
33824,16.0
33824,22.0
33872,32.0
33904,13.0
34000,37.0
34016,63.0
34032,32.0
34064,21.0
34080,46.0
34096,12.0
34096,22.0
34112,58.0
34112,18.0
34192,11.0
34272,50.0
34272,11.0
34288,18.0
34304,50.0
34320,13.0
34352,35.0
34352,10.0
34432,38.0
34464,25.0
34496,48.0
34512,30.0
34528,63.0
34544,29.0
34624,20.0
34624,32.0
34704,27.0
34720,27.0
34720,13.0
34800,16.0
34816,45.0
34832,25.0
34880,33.0
34896,12.0
34896,17.0
34928,13.0
34976,44.0
34992,23.0
35072,38.0
35088,35.0
35120,19.0
35264,21.0
35296,29.0
35296,36.0
35312,26.0
35360,30.0
35376,94.0
35408,68.0
35456,41.0
35472,25.0
35472,30.0
35472,31.0
35488,37.0
35504,72.0
35520,64.0
35632,16.0
35744,41.0
35744,39.0
35744,17.0
35760,31.0
35776,30.0
35792,21.0
35840,23.0
35840,27.0
35872,22.0
35904,37.0
35936,12.0
36032,33.0
36048,9.0
36080,13.0
36080,37.0
36128,41.0
36160,26.0
36192,56.0
36224,12.0
36288,32.0
36336,13.0
36384,40.0
36416,12.0
36416,30.0
36448,68.0
36496,26.0
36528,15.0
36560,25.0
36592,50.0
36592,13.0
36688,17.0
36704,39.0
36704,54.0
36736,43.0
36752,70.0
36752,35.0
36752,57.0
36848,16.0
36896,13.0
36912,24.0
36912,72.0
36976,33.0
36976,24.0
36992,18.0
36992,15.0
36992,41.0
37104,22.0
37104,12.0
37120,44.0
37232,42.0
37296,25.0
37296,11.0
37312,21.0
37312,51.0
37328,30.0
37328,22.0
37328,21.0
37392,40.0
37424,27.0
37456,22.0
37488,24.0
37488,10.0
37536,15.0
37552,10.0
37568,54.0
37584,42.0
37584,53.0
37616,39.0
37616,24.0
37648,21.0
37728,15.0
37856,15.0
37904,22.0
37920,37.0
37952,21.0
37968,30.0
37968,15.0
37968,32.0
38016,44.0
38032,28.0
38080,11.0
38096,33.0
38112,36.0
38160,46.0
38192,14.0
38192,38.0
38272,19.0
38272,11.0
38288,27.0
38320,25.0
38320,62.0
38320,18.0
38352,17.0
38368,16.0
38368,26.0
38384,46.0
38464,11.0
38480,18.0
38480,10.0
38512,34.0
38560,25.0
38608,82.0
38704,21.0
38704,27.0
38720,21.0
38752,35.0
38768,31.0
38784,17.0
38800,49.0
38800,21.0
38816,31.0
38928,23.0
38992,17.0
38992,42.0
39008,41.0
39088,18.0
39184,30.0
39216,53.0
39248,30.0
39264,28.0
39392,49.0
39424,40.0
39440,14.0
39440,43.0
39440,28.0
39472,24.0
39504,20.0
39536,52.0
39536,66.0
39552,67.0
39616,11.0
39616,38.0
39760,32.0
39776,49.0
39792,33.0
39888,68.0
39888,60.0
39904,29.0
39952,33.0
39968,12.0
40000,38.0
40048,27.0
40224,14.0
40272,20.0
40272,50.0
40272,52.0
40304,21.0
40368,51.0
40384,31.0
40448,35.0
40448,11.0
40464,53.0
40464,26.0
40480,61.0
40496,60.0
40512,61.0
40608,24.0
40624,45.0
40672,13.0
40672,14.0
40688,56.0
40720,22.0
40720,17.0
40752,23.0
40816,21.0
40848,15.0
40864,15.0
40880,36.0
40944,14.0
40944,74.0
40960,43.0
40960,17.0
41008,34.0
41056,15.0
41072,25.0
41152,30.0
41152,13.0
41168,18.0
41200,15.0
41312,51.0
41328,23.0
41376,69.0
41408,56.0
41408,41.0
41472,26.0
41472,47.0
41504,35.0
41552,44.0
41568,26.0
41584,32.0
41600,37.0
41632,30.0
41680,17.0
41696,31.0
41776,19.0
41808,40.0
41808,13.0
41872,18.0
41872,34.0
41920,34.0
41952,40.0
41984,32.0
42000,71.0
42032,22.0
42032,14.0
42096,20.0
42144,36.0
42176,34.0
42192,43.0
42224,22.0
42240,13.0
42272,36.0
42320,48.0
42336,33.0
42400,62.0
42448,14.0
42496,31.0
42496,34.0
42528,38.0
42624,47.0
42656,29.0
42688,22.0
42704,29.0
42816,49.0
42880,30.0
42912,13.0
42928,27.0
42928,47.0
42928,38.0
42976,62.0
43008,22.0
43040,37.0
43072,36.0
43088,10.0
43104,14.0
43120,27.0
43120,19.0
43168,15.0
43200,69.0
43264,22.0
43280,41.0
43392,26.0
43408,71.0
43472,19.0
43536,38.0
43536,87.0
43552,30.0
43584,12.0
43632,33.0
43648,28.0
43760,77.0
43824,18.0
43840,35.0
43856,48.0
43872,20.0
43872,14.0
43952,43.0
43984,28.0
44016,38.0
44048,63.0
44080,67.0
44128,41.0
44160,65.0
44192,23.0
44208,68.0
44304,14.0
44320,43.0
44336,36.0
44336,47.0
44352,23.0
44368,22.0
44480,18.0
44480,33.0
44512,40.0
44560,32.0
44560,13.0
44560,45.0
44640,30.0
44752,12.0
44752,28.0
44784,14.0
44784,19.0
44800,30.0
44848,21.0
44848,40.0
44896,48.0
44896,65.0
45040,12.0
45136,50.0
45152,25.0
45216,53.0
45248,57.0
45296,32.0
45328,91.0
45344,19.0
45392,11.0
45456,44.0
45520,24.0
45536,40.0
45552,62.0
45568,45.0
45584,27.0
45616,52.0
45632,52.0
45648,25.0
45680,24.0
45872,22.0
45968,93.0
46016,86.0
46016,43.0
46016,35.0
46064,30.0
46096,44.0
46112,31.0
46160,32.0
46160,37.0
46208,36.0
46256,36.0
46256,85.0
46272,58.0
46368,16.0
46368,51.0
46400,33.0
46480,26.0
46496,30.0
46512,9.0
46528,62.0
46592,27.0
46640,42.0
46672,26.0
46688,37.0
46704,34.0
46928,28.0
46944,46.0
46960,44.0
46992,61.0
47040,48.0
47120,39.0
47136,48.0
47232,18.0
47232,44.0
47264,42.0
47296,56.0
47312,38.0
47392,45.0
47424,18.0
47456,59.0
47472,32.0
47504,51.0
47536,56.0
47568,16.0
47584,12.0
47584,29.0
47696,105.0
47728,19.0
47744,44.0
47824,20.0
47856,39.0
47952,43.0
47968,17.0
48032,69.0
48064,52.0
48064,13.0
48080,31.0
48096,32.0
48128,52.0
48208,47.0
48240,44.0
48288,81.0
48304,46.0
48320,16.0
48416,11.0
48464,46.0
48464,9.0
48496,42.0
48528,31.0
48576,39.0
48704,40.0
48704,39.0
48928,50.0
48960,31.0
48960,47.0
48960,76.0
48976,43.0
49008,27.0
49040,39.0
49056,68.0
49072,36.0
49072,34.0
49088,49.0
49184,16.0
49184,68.0
49200,108.0
49344,55.0
49360,22.0
49520,51.0
49552,37.0
49584,38.0
49664,37.0
49680,61.0
49728,40.0
49760,45.0
49792,46.0
49792,37.0
49872,43.0
49888,58.0
50048,20.0
50064,12.0
50128,49.0
50128,59.0
50192,38.0
50224,21.0
50272,57.0
50368,51.0
50512,90.0
50528,46.0
50528,48.0
50544,99.0
50560,27.0
50672,38.0
50720,31.0
50720,65.0
50736,76.0
50752,44.0
50752,14.0
50800,33.0
50864,9.0
50912,25.0
50944,12.0
50992,83.0
50992,12.0
51008,40.0
51088,81.0
51200,63.0
51216,13.0
51248,70.0
51312,36.0
51392,25.0
51424,13.0
51440,56.0
51552,40.0
51584,64.0
51648,61.0
51680,58.0
51712,17.0
51712,74.0
51728,63.0
51744,55.0
51776,29.0
51792,34.0
51888,56.0
51888,43.0
51904,60.0
51952,25.0
52080,43.0
52144,35.0
52208,70.0
52256,38.0
52416,33.0
52416,42.0
52416,39.0
52480,33.0
52480,48.0
52512,38.0
52528,40.0
52528,53.0
52640,76.0
52752,21.0
52768,32.0
52816,46.0
52848,71.0
52960,30.0
53008,80.0
53040,32.0
53072,41.0
53104,22.0
53104,36.0
53136,45.0
53200,89.0
53200,12.0
53264,10.0
53280,48.0
53296,68.0
53328,53.0
53360,76.0
53440,15.0
53472,39.0
53536,48.0
53584,59.0
53616,22.0
53664,33.0
53712,24.0
53776,36.0
53872,48.0
53952,57.0
53984,34.0
53984,64.0
54048,36.0
54096,64.0
54256,61.0
54304,45.0
54320,94.0
54336,50.0
54352,36.0
54464,47.0
54480,24.0
54560,75.0
54592,17.0
54592,61.0
54624,47.0
54688,44.0
54720,26.0
54768,27.0
54800,94.0
54912,60.0
54928,28.0
55024,61.0
55072,51.0
55088,39.0
55136,34.0
55136,21.0
55200,76.0
55200,38.0
55312,34.0
55360,40.0
55360,46.0
55504,72.0
55552,15.0
55552,62.0
55664,61.0
55728,44.0
55728,40.0
55760,131.0
55776,53.0
55808,16.0
55824,39.0
55840,30.0
55856,49.0
55952,51.0
55984,39.0
56080,55.0
56144,77.0
56176,28.0
56192,26.0
56272,38.0
56304,47.0
56368,40.0
56432,37.0
56464,41.0
56528,34.0
56576,27.0
56592,26.0
56608,41.0
56624,70.0
56640,94.0
56640,55.0
56768,59.0
56784,44.0
56912,66.0
56944,42.0
57024,52.0
57040,38.0
57040,36.0
57056,28.0
57120,22.0
57136,38.0
57200,56.0
57200,38.0
57232,54.0
57248,29.0
57376,50.0
57536,30.0
57792,72.0
57840,38.0
57872,42.0
57904,49.0
57904,44.0
57936,82.0
57952,44.0
57968,37.0
58016,61.0
58064,72.0
58064,58.0
58080,65.0
58128,93.0
58400,86.0
58576,65.0
58624,47.0
58624,35.0
58720,48.0
58768,23.0
58768,40.0
58800,52.0
58896,62.0
59024,77.0
59088,78.0
59184,38.0
59216,71.0
59232,143.0
59296,80.0
59344,90.0
59344,45.0
59392,83.0
59408,40.0
59408,92.0
59440,42.0
59520,27.0
59584,54.0
59648,15.0
59664,30.0
59776,72.0
59792,35.0
59888,68.0
59968,42.0
60048,64.0
60096,44.0
60112,20.0
60112,28.0
60160,51.0
60176,33.0
60208,82.0
60224,63.0
60288,25.0
60320,55.0
60496,61.0
60544,60.0
60672,39.0
60720,47.0
60752,27.0
60768,35.0
60800,43.0
60832,42.0
60848,46.0
60864,91.0
60896,50.0
60992,48.0
61024,53.0
61072,49.0
61088,37.0
61232,118.0
61376,41.0
61456,57.0
61584,47.0
61584,57.0
61616,54.0
61648,36.0
61728,52.0
61728,46.0
61744,56.0
61744,45.0
61840,47.0
61952,68.0
62032,50.0
62080,39.0
62112,31.0
62128,85.0
62160,27.0
62176,86.0
62240,54.0
62304,41.0
62352,38.0
62448,45.0
62560,61.0
62640,32.0
62672,68.0
62688,182.0
62720,40.0
62848,46.0
62912,67.0
62944,19.0
62992,43.0
63040,43.0
63056,55.0
63072,70.0
63104,67.0
63136,43.0
63184,32.0
63248,94.0
63328,68.0
63360,16.0
63472,39.0
63520,28.0
63536,22.0
63584,28.0
63648,38.0
63664,69.0
63728,65.0
63744,50.0
63840,30.0
63904,41.0
63968,78.0
64112,122.0
64160,20.0
64208,43.0
64224,77.0
64288,24.0
64480,56.0
64560,37.0
64592,59.0
64608,97.0
64640,61.0
64656,11.0
64688,30.0
64688,85.0
64688,36.0
64800,79.0
64832,85.0
64960,76.0
65008,131.0
65040,28.0
65152,37.0
65216,36.0
65280,97.0
65296,63.0
65344,41.0
65344,70.0
65408,36.0
65472,82.0
65488,28.0
65632,52.0
65648,43.0
65792,69.0
65792,49.0
65808,72.0
65920,27.0
65952,30.0
66224,59.0
66272,104.0
66336,62.0
66400,74.0
66432,109.0
66512,85.0
66544,47.0
66592,49.0
66720,89.0
66752,50.0
66752,88.0
66800,73.0
66928,63.0
67024,19.0
67040,102.0
67264,92.0
67296,47.0
67296,56.0
67360,58.0
67376,21.0
67408,110.0
67696,69.0
67792,62.0
67808,32.0
67856,69.0
67856,37.0
67904,87.0
68144,22.0
68176,51.0
68192,18.0
68208,74.0
68272,54.0
68304,97.0
68368,127.0
68560,79.0
68608,77.0
68640,151.0
68752,34.0
68816,42.0
68832,119.0
68912,38.0
69056,49.0
69072,56.0
69168,181.0
69200,84.0
69216,41.0
69216,64.0
69280,89.0
69408,37.0
69472,69.0
69488,112.0
69488,55.0
69504,14.0
69504,42.0
69872,70.0
69952,34.0
69952,55.0
69968,48.0
70080,142.0
70112,40.0
70160,42.0
70192,20.0
70256,101.0
70288,77.0
70384,73.0
70416,78.0
70448,60.0
70464,60.0
70576,85.0
70672,110.0
70736,48.0
70832,40.0
70896,59.0
70912,33.0
70928,51.0
71024,54.0
71120,73.0
71232,48.0
71296,112.0
71328,78.0
71344,56.0
71376,50.0
71408,24.0
71536,78.0
71600,84.0
71680,63.0
71680,53.0
71728,82.0
71776,54.0
71840,59.0
71888,41.0
71968,18.0
72064,43.0
72096,73.0
72112,48.0
72144,26.0
72224,43.0
72256,95.0
72416,22.0
72624,83.0
72688,36.0
72720,70.0
72736,40.0
72768,68.0
72784,91.0
72800,57.0
72800,105.0
72896,47.0
72944,43.0
73008,73.0
73008,65.0
73152,22.0
73184,88.0
73296,35.0
73376,47.0
73424,126.0
73472,18.0
73488,48.0
73504,45.0
73568,50.0
73584,43.0
73792,40.0
73824,33.0
73952,108.0
74016,67.0
74064,86.0
74080,36.0
74080,67.0
74176,47.0
74272,92.0
74288,50.0
74336,83.0
74512,11.0
74592,48.0
74624,65.0
74736,145.0
74864,53.0
74864,67.0
74880,88.0
74944,98.0
74976,56.0
74992,51.0
75008,59.0
75312,45.0
75312,109.0
75344,79.0
75536,42.0
75552,65.0
75616,84.0
75664,58.0
75696,47.0
75776,72.0
75904,122.0
75968,105.0
76080,68.0
76192,55.0
76208,75.0
76240,56.0
76256,44.0
76304,33.0
76368,93.0
76464,93.0
76512,75.0
76528,57.0
76560,64.0
76736,117.0
76768,67.0
76864,56.0
76896,77.0
76912,63.0
76976,49.0
77008,40.0
77104,64.0
77184,58.0
77312,50.0
77424,70.0
77520,47.0
77568,65.0
77696,45.0
77760,64.0
77808,50.0
77808,39.0
77824,45.0
77840,59.0
77872,102.0
77968,88.0
77984,70.0
78000,30.0
78064,100.0
78256,84.0
78304,131.0
78336,32.0
78336,57.0
78384,36.0
78384,20.0
78496,74.0
78528,60.0
78688,62.0
78768,58.0
78880,63.0
78960,62.0
78992,74.0
79008,42.0
79072,43.0
79088,13.0
79344,65.0
79376,24.0
79488,77.0
79504,73.0
79520,62.0
79616,53.0
79616,77.0
79648,104.0
79712,122.0
79792,52.0
80016,25.0
80224,55.0
80272,49.0
80304,77.0
80320,50.0
80384,86.0
80384,118.0
80400,64.0
80416,151.0
80528,64.0
80560,92.0
80608,51.0
80656,63.0
80720,10.0
80768,72.0
80960,142.0
81120,69.0
81152,46.0
81328,69.0
81344,67.0
81504,69.0
81584,75.0
81632,78.0
81664,59.0
81680,72.0
81728,126.0
81792,74.0
81824,95.0
81936,61.0
82048,20.0
82096,29.0
82208,118.0
82288,71.0
82288,59.0
82336,98.0
82400,46.0
82416,30.0
82480,85.0
82656,72.0
82704,128.0
82800,92.0
82912,51.0
82976,31.0
83120,81.0
83184,94.0
83344,63.0
83424,115.0
83456,78.0
83520,108.0
83520,38.0
83536,70.0
83584,74.0
83728,67.0
83776,41.0
84080,56.0
84096,113.0
84176,92.0
84192,76.0
84240,56.0
84240,45.0
84320,95.0
84432,134.0
84624,65.0
84640,162.0
84640,34.0
84736,60.0
84928,12.0
84960,48.0
85008,36.0
85008,48.0
85152,106.0
85168,103.0
85232,66.0
85232,62.0
85360,121.0
85456,71.0
85552,58.0
85840,42.0
85872,112.0
85888,41.0
85952,151.0
86592,99.0
86720,130.0
86768,133.0
86784,83.0
86816,116.0
86864,102.0
86864,196.0
86880,83.0
86896,59.0
87008,70.0
87184,136.0
87568,151.0
87632,110.0
87696,52.0
87856,183.0
88080,75.0
88080,85.0
88176,34.0
88224,149.0
88240,84.0
88448,104.0
88448,116.0
88560,44.0
88592,99.0
88672,207.0
88736,73.0
88768,119.0
88800,69.0
88944,54.0
89088,119.0
89152,146.0
89232,62.0
89328,41.0
89536,91.0
89616,53.0
89632,74.0
89824,77.0
89936,107.0
90160,63.0
90336,96.0
90416,228.0
90576,133.0
90640,130.0
90640,64.0
90704,110.0
90928,87.0
90960,139.0
90976,175.0
90992,41.0
91088,91.0
91344,95.0
91424,93.0
91504,68.0
91712,164.0
91856,164.0
91920,80.0
91936,85.0
91936,163.0
92080,68.0
92176,92.0
92688,79.0
92832,70.0
93008,72.0
93040,150.0
93056,107.0
93056,131.0
93072,134.0
93104,126.0
93152,187.0
93152,67.0
93200,79.0
93360,116.0
93456,155.0
93728,112.0
93920,77.0
94048,117.0
94160,63.0
94192,72.0
94400,155.0
94416,99.0
94496,90.0
94576,86.0
94576,95.0
94624,73.0
94768,106.0
94928,120.0
95072,123.0
95152,89.0
95248,131.0
95392,77.0
95584,32.0
95584,63.0
95680,110.0
95728,82.0
95856,80.0
95888,87.0
95936,161.0
96112,129.0
96224,81.0
96320,120.0
96352,29.0
96432,140.0
96624,86.0
96752,100.0
96832,45.0
96944,68.0
97200,101.0
97504,111.0
97584,119.0
97664,90.0
97696,54.0
97696,110.0
97728,185.0
97792,198.0
97824,87.0
97904,99.0
98064,107.0
98112,85.0
98256,82.0
98720,95.0
98720,51.0
98800,201.0
98832,71.0
98896,73.0
98944,85.0
98976,82.0
99008,82.0
99040,76.0
99344,247.0
99440,103.0
99552,47.0
99760,94.0
99936,152.0
100048,63.0
100064,77.0
100064,39.0
100080,123.0
100176,222.0
100256,137.0
100256,78.0
100288,87.0
100304,83.0
100320,86.0
100464,33.0
100496,111.0
100544,114.0
100880,83.0
101216,117.0
101216,73.0
101440,70.0
101632,86.0
101648,85.0
101744,124.0
101776,56.0
101840,81.0
101920,109.0
101968,118.0
102080,99.0
102128,114.0
102304,140.0
102320,116.0
102352,71.0
102624,74.0
102720,154.0
103040,60.0
103056,115.0
103104,50.0
103184,90.0
103312,87.0
103392,208.0
103552,111.0
103616,111.0
103824,75.0
104080,108.0
104080,64.0
104176,128.0
104400,152.0
104416,174.0
104688,103.0
104848,158.0
104896,99.0
104976,89.0
105008,58.0
105088,63.0
105104,80.0
105504,145.0
105504,118.0
105568,245.0
105680,185.0
105840,90.0
105856,73.0
105856,154.0
105920,94.0
105920,26.0
105936,65.0
106160,72.0
106240,129.0
106384,205.0
106480,50.0
106720,101.0
106784,54.0
106816,60.0
107008,68.0
107104,100.0
107376,150.0
107424,38.0
107520,80.0
107600,127.0
107664,108.0
107712,179.0
107744,99.0
107760,120.0
108016,40.0
108176,87.0
108176,145.0
108304,201.0
108368,124.0
108560,97.0
108608,74.0
108784,105.0
108976,141.0
109056,82.0
109152,93.0
109200,105.0
109248,93.0
109264,78.0
109360,74.0
109456,186.0
109504,75.0
109936,98.0
109968,88.0
110096,52.0
110128,58.0
110144,96.0
110432,74.0
110608,72.0
110656,117.0
110688,47.0
110896,96.0
111104,219.0
111168,216.0
111280,139.0
111728,172.0
111840,229.0
111856,73.0
111968,117.0
112112,123.0
112144,107.0
112448,45.0
112688,199.0
112688,160.0
112736,130.0
112736,37.0
112752,92.0
112752,103.0
112784,101.0
112816,138.0
112848,122.0
113104,23.0
113120,17.0
113264,33.0
113664,97.0
113824,71.0
113888,245.0
113920,77.0
113952,75.0
114128,63.0
114160,313.0
114192,23.0
114352,157.0
114496,105.0
115264,135.0
115328,180.0
115344,218.0
115392,94.0
115536,142.0
115552,66.0
115712,110.0
115728,186.0
115808,105.0
115840,120.0
116128,123.0
116128,50.0
116176,28.0
116208,214.0
116256,268.0
116800,60.0
116880,168.0
117504,123.0
117552,200.0
117648,92.0
117856,157.0
117872,109.0
118048,115.0
118096,277.0
118128,179.0
118160,80.0
118336,158.0
118416,143.0
118576,111.0
118576,179.0
118672,151.0
118992,56.0
119104,222.0
119232,240.0
119456,119.0
119504,102.0
119680,102.0
119680,136.0
119696,128.0
119952,53.0
120000,89.0
120208,128.0
120416,109.0
120432,131.0
120752,81.0
120832,72.0
120832,55.0
120864,85.0
120992,196.0
121520,158.0
121744,62.0
121760,83.0
121824,101.0
121840,204.0
121888,137.0
121952,221.0
122272,190.0
122624,184.0
122880,118.0
122944,158.0
123088,75.0
123232,319.0
123360,115.0
123392,102.0
123712,232.0
123968,46.0
124080,203.0
124112,142.0
124160,96.0
124192,208.0
124272,125.0
124528,231.0
124624,105.0
124944,97.0
124976,63.0
125040,201.0
125408,106.0
125712,147.0
125920,248.0
125952,179.0
126064,270.0
126112,127.0
126144,117.0
126640,153.0
126704,130.0
126768,166.0
126880,115.0
126880,119.0
127088,183.0
127088,134.0
127200,78.0
128176,141.0
128224,231.0
128384,167.0
128512,89.0
128528,149.0
128608,108.0
128768,166.0
128912,138.0
129040,115.0
129184,151.0
129232,162.0
129296,48.0
129408,145.0
129728,178.0
129984,245.0
130064,105.0
130128,76.0
130288,132.0
130656,101.0
130880,500.0
130944,346.0
131104,156.0
131120,181.0
131184,122.0
131344,161.0
131760,102.0
131808,130.0
131824,158.0
131936,158.0
132368,199.0
132400,91.0
132432,78.0
132464,113.0
132592,52.0
132784,156.0
132912,275.0
132960,31.0
133088,189.0
133392,50.0
133776,152.0
134192,193.0
134192,141.0
134480,130.0
134544,285.0
134768,105.0
134784,151.0
134992,257.0
135008,131.0
135744,289.0
135808,211.0
135808,151.0
135856,130.0
136016,114.0
136160,200.0
136176,273.0
136448,105.0
136608,129.0
136640,116.0
136816,113.0
136944,154.0
137120,183.0
137280,92.0
137472,82.0
137536,357.0
137984,73.0
138064,101.0
138096,332.0
138096,140.0
138112,94.0
138240,203.0
138304,48.0
138656,178.0
138816,192.0
139072,122.0
139216,161.0
139280,76.0
139776,104.0
139840,148.0
139904,113.0
140032,108.0
140240,206.0
140768,167.0
140768,218.0
140784,175.0
140800,99.0
141376,38.0
141568,182.0
141632,351.0
141744,167.0
142000,364.0
142512,231.0
143008,138.0
143136,147.0
143168,196.0
143248,105.0
143312,252.0
143328,122.0
143456,326.0
143504,225.0
143616,178.0
143616,124.0
144128,70.0
144240,279.0
144416,50.0
144656,301.0
144944,184.0
144976,104.0
145552,190.0
145760,251.0
146032,181.0
146192,168.0
146576,195.0
146640,68.0
146656,213.0
146736,195.0
146832,151.0
146944,236.0
147152,432.0
147440,207.0
147472,80.0
147584,209.0
147904,203.0
148368,112.0
148592,329.0
148624,123.0
148912,92.0
148960,86.0
148976,201.0
149120,155.0
149152,151.0
149440,213.0
149456,282.0
149552,286.0
149808,166.0
149920,153.0
149968,86.0
150048,134.0
150128,94.0
150432,91.0
150640,142.0
151200,110.0
151424,287.0
151936,189.0
151984,126.0
152160,190.0
152208,329.0
152304,172.0
152416,204.0
152528,131.0
152736,131.0
152816,168.0
152912,194.0
153312,204.0
153328,242.0
153616,151.0
153936,157.0
153984,111.0
154432,106.0
154544,349.0
154912,163.0
155072,196.0
155104,324.0
155168,147.0
155440,114.0
155568,140.0
155696,205.0
155840,230.0
155968,127.0
156192,205.0
156528,159.0
156656,258.0
156960,116.0
157040,123.0
157040,156.0
157168,125.0
157536,194.0
157600,351.0
158048,196.0
158064,148.0
158112,142.0
158144,122.0
158240,308.0
158256,68.0
158464,189.0
158832,204.0
159024,124.0
159088,128.0
159120,154.0
159152,164.0
159184,139.0
159232,106.0
159536,89.0
160256,268.0
160352,144.0
160432,143.0
161056,95.0
161104,219.0
161200,184.0
161200,136.0
161584,172.0
161616,156.0
161680,201.0
161712,164.0
162048,238.0
162384,80.0
162528,136.0
162592,215.0
162656,287.0
162704,217.0
163024,240.0
163264,129.0
163296,190.0
163296,99.0
163504,120.0
163568,157.0
163744,159.0
164208,105.0
164272,118.0
164688,87.0
164704,90.0
164864,176.0
165056,127.0
165088,291.0
165280,225.0
165296,169.0
165584,126.0
165728,192.0
165824,263.0
166032,73.0
166064,210.0
166112,176.0
166784,161.0
167040,221.0
167136,212.0
167152,131.0
167232,185.0
167312,126.0
167360,166.0
167536,141.0
167792,129.0
167824,171.0
168064,47.0
168160,86.0
168464,165.0
168672,193.0
169024,271.0
169168,194.0
169216,116.0
169296,94.0
169408,148.0
169632,113.0
169712,155.0
169808,109.0
169920,149.0
170016,179.0
170080,120.0
170272,265.0
170672,54.0
170848,114.0
170960,303.0
170992,145.0
171040,83.0
171088,91.0
171136,76.0
171280,176.0
171504,138.0
171680,157.0
171840,164.0
171872,154.0
172800,58.0
173424,120.0
173472,175.0
173920,140.0
173952,176.0
174016,171.0
174128,143.0
174432,209.0
174464,278.0
174560,464.0
174592,270.0
174752,122.0
174912,90.0
174928,255.0
175120,255.0
175424,277.0
175728,111.0
176368,147.0
176368,113.0
176384,122.0
176624,107.0
176640,355.0
176640,136.0
176800,128.0
177056,436.0
177152,160.0
177440,220.0
178016,162.0
178160,202.0
178496,317.0
178704,224.0
178992,204.0
179200,177.0
179216,178.0
179440,165.0
179536,338.0
179792,213.0
180064,164.0
180272,80.0
180272,141.0
180416,237.0
180640,218.0
180672,136.0
180992,272.0
181344,134.0
181376,115.0
181392,168.0
182384,162.0
182464,137.0
182704,143.0
182768,222.0
182768,288.0
182768,383.0
182832,212.0
183008,104.0
183008,146.0
183296,390.0
183392,195.0
183760,149.0
184336,122.0
184752,257.0
185168,150.0
185488,339.0
185664,181.0
185840,159.0
185936,217.0
186000,163.0
186016,289.0
186240,213.0
186272,204.0
186320,222.0
186672,182.0
187104,382.0
187264,62.0
187312,186.0
187424,93.0
187456,49.0
187616,153.0
187840,95.0
187920,141.0
188848,365.0
188848,177.0
189520,131.0
189824,249.0
189920,277.0
189952,168.0
189968,326.0
190000,181.0
190064,254.0
190256,165.0
190336,477.0
191376,221.0
191520,330.0
191584,229.0
191664,272.0
191856,275.0
192400,155.0
193312,210.0
193472,289.0
193536,200.0
193776,238.0
193808,234.0
193872,242.0
193968,162.0
194016,135.0
194080,160.0
194256,277.0
194416,177.0
194496,43.0
194672,322.0
195024,386.0
195136,104.0
195344,184.0
195552,243.0
195632,336.0
196352,83.0
196512,186.0
196592,161.0
196864,163.0
196912,156.0
197024,203.0
197104,163.0
197472,212.0
197888,286.0
198064,107.0
198128,266.0
198528,126.0
199248,257.0
199600,168.0
199648,191.0
200176,284.0
200224,347.0
200416,184.0
200896,237.0
201360,376.0
201392,204.0
201456,287.0
201600,125.0
201648,235.0
201728,294.0
201792,489.0
201952,169.0
202688,190.0
202720,144.0
202960,94.0
203072,89.0
203280,483.0
203440,159.0
204096,144.0
204304,255.0
204432,398.0
205264,159.0
205456,219.0
205664,267.0
205664,343.0
205696,164.0
205840,257.0
206016,208.0
206176,130.0
206176,478.0
206768,238.0
206784,155.0
206800,325.0
206912,347.0
207888,278.0
208160,305.0
208304,242.0
208512,146.0
208528,204.0
208576,182.0
208688,189.0
208864,213.0
209920,264.0
210144,202.0
210256,217.0
210256,98.0
210272,277.0
210448,228.0
210832,145.0
211216,325.0
211264,171.0
211264,194.0
211360,287.0
211440,179.0
211648,342.0
211808,118.0
212544,265.0
212624,235.0
212624,148.0
212640,156.0
212928,167.0
213344,341.0
213856,58.0
214000,165.0
214944,233.0
215216,247.0
215424,287.0
215632,324.0
215728,117.0
215792,345.0
215824,261.0
215904,210.0
215904,205.0
215968,260.0
216048,39.0
216384,190.0
216704,329.0
217328,294.0
217776,236.0
217840,128.0
217968,189.0
217984,126.0
218528,155.0
218688,217.0
218736,182.0
218752,178.0
218784,150.0
219264,210.0
219264,500.0
219440,232.0
219920,455.0
220576,309.0
220672,177.0
220864,146.0
221312,158.0
221328,250.0
221520,301.0
221872,163.0
222128,168.0
222272,269.0
222432,278.0
222704,215.0
222896,259.0
223248,285.0
223584,129.0
224272,150.0
224352,277.0
224720,212.0
224736,163.0
224864,250.0
224880,124.0
225488,482.0
225840,329.0
225904,448.0
226032,110.0
226208,236.0
226528,326.0
226864,387.0
227104,149.0
227584,170.0
227840,287.0
227888,85.0
228096,210.0
228096,118.0
228384,181.0
228544,392.0
228560,230.0
229360,361.0
229440,97.0
229552,153.0
229568,169.0
229696,241.0
229808,107.0
230000,456.0
230288,169.0
230320,276.0
230896,409.0
231136,98.0
231392,115.0
231440,181.0
231472,340.0
231648,204.0
231808,148.0
232160,175.0
232208,138.0
232528,277.0
232576,296.0
232720,189.0
232960,165.0
233296,296.0
233824,221.0
234224,161.0
234576,298.0
235040,223.0
235248,122.0
235360,174.0
236032,242.0
236096,310.0
236544,224.0
236816,256.0
237056,328.0
237136,111.0
237248,167.0
238032,446.0
238736,307.0
238768,284.0
238880,397.0
238928,471.0
238992,472.0
239216,438.0
239296,200.0
239488,184.0
240576,284.0
241152,271.0
241344,163.0
241552,407.0
241664,288.0
241840,412.0
242592,341.0
243200,372.0
243504,183.0
243680,279.0
244032,284.0
244416,399.0
245040,385.0
245056,360.0
245184,391.0
245680,193.0
245808,279.0
245984,270.0
246608,476.0
246768,500.0
246960,320.0
247216,175.0
247264,382.0
247712,230.0
248400,210.0
248800,350.0
249408,264.0
249552,500.0
249824,201.0
250000,309.0
250288,269.0
250400,215.0
250896,230.0
251504,500.0
251648,373.0
251680,500.0
251856,318.0
252880,155.0
253104,294.0
253152,179.0
253376,286.0
253648,256.0
253808,500.0
254336,308.0
254416,419.0
254928,192.0
255104,108.0
255216,132.0
255264,500.0
256512,313.0
256704,419.0
256992,448.0
257168,343.0
258160,272.0
258896,500.0
259104,261.0
259136,295.0
259376,267.0
259424,392.0
259600,181.0
259648,500.0
259696,158.0
259792,283.0
260224,368.0
260544,252.0
260880,500.0
260944,456.0
261008,29.0
261552,116.0
261728,144.0
261792,125.0
262272,198.0
262544,100.0
262976,123.0
263072,137.0
263200,315.0
263216,500.0
263552,80.0
264192,450.0
264512,170.0
264736,350.0
265040,384.0
265184,310.0
265504,236.0
265536,368.0
266176,194.0
266224,107.0
266480,204.0
266704,233.0
267344,484.0
267376,500.0
267568,376.0
268880,396.0
269504,332.0
269552,273.0
269616,401.0
270432,356.0
271424,328.0
271472,258.0
271552,500.0
271632,322.0
272592,326.0
272704,200.0
273040,500.0
273312,231.0
273504,500.0
273536,500.0
273984,401.0
274224,334.0
274224,500.0
274464,485.0
274896,217.0
274928,139.0
275056,224.0
275408,131.0
275616,379.0
276512,91.0
276512,245.0
277152,183.0
277184,230.0
277184,228.0
277296,429.0
277648,71.0
278544,255.0
279152,470.0
279184,384.0
279552,500.0
279712,256.0
280080,322.0
280448,175.0
280512,208.0
280976,239.0
281040,116.0
281104,245.0
281456,144.0
281984,500.0
282128,302.0
282224,500.0
282240,459.0
282304,162.0
282880,148.0
283408,500.0
284208,124.0
284512,500.0
284736,324.0
284896,397.0
285008,189.0
285200,320.0
285376,308.0
286528,264.0
286592,321.0
286816,213.0
286896,168.0
288160,449.0
288384,455.0
288384,218.0
288448,463.0
289264,283.0
289312,442.0
289344,158.0
289568,273.0
290128,500.0
290240,358.0
290448,317.0
290592,138.0
290880,500.0
291536,408.0
291872,158.0
292000,168.0
292528,255.0
293216,414.0
293328,153.0
293744,261.0
293920,462.0
293920,208.0
294336,386.0
294896,500.0
295376,328.0
295536,250.0
296384,500.0
296784,409.0
297264,500.0
298112,262.0
298432,369.0
298448,500.0
298512,331.0
299104,361.0
299696,489.0
299856,280.0
300000,500.0
300240,406.0
300928,377.0
301008,289.0
301088,68.0
301264,433.0
301520,151.0
301920,500.0
302432,250.0
302688,261.0
303120,474.0
303840,225.0
303968,153.0
304048,195.0
304384,293.0
304784,500.0
304864,64.0
305040,147.0
305104,167.0
305264,500.0
305712,28.0
305728,455.0
305904,306.0
306112,500.0
306256,312.0
307264,155.0
307520,222.0
307856,500.0
308016,31.0
308768,353.0
309072,314.0
309088,500.0
309232,219.0
309920,500.0
310352,328.0
310432,270.0
310640,350.0
312064,300.0
312080,364.0
312160,192.0
312288,220.0
312384,500.0
312608,136.0
312720,228.0
312784,222.0
312864,500.0
313712,500.0
313904,500.0
313984,79.0
314400,399.0
314448,256.0
314448,238.0
315184,181.0
315504,181.0
315856,500.0
316112,252.0
316176,391.0
316496,162.0
317152,312.0
317552,343.0
317568,224.0
317616,302.0
317856,312.0
318768,316.0
319552,322.0
319696,134.0
319856,272.0
320240,258.0
320384,500.0
320464,14.0
320656,175.0
320864,401.0
321280,381.0
321568,247.0
321872,376.0
322032,366.0
322192,96.0
322448,500.0
322912,153.0
323488,237.0
323648,237.0
323680,307.0
323744,262.0
324272,140.0
324496,500.0
324880,24.0
325152,500.0
325568,500.0
325744,129.0
325888,231.0
325968,319.0
326576,43.0
326640,391.0
326656,149.0
327040,67.0
327184,369.0
327200,222.0
327616,242.0
327808,390.0
328000,141.0
328592,384.0
328592,87.0
328672,425.0
329536,108.0
329616,383.0
329760,73.0
330384,209.0
330672,252.0
330912,500.0
331200,251.0
331552,400.0
331824,328.0
332000,402.0
332448,278.0
332880,500.0
332880,156.0
333360,234.0
333392,155.0
334064,140.0
334352,147.0
334656,500.0
334672,380.0
334768,118.0
335616,500.0
335776,208.0
335840,290.0
336624,202.0
336672,500.0
336896,221.0
337536,500.0
337760,500.0
338368,269.0
338672,500.0
338704,130.0
339248,107.0
339520,415.0
339552,500.0
339872,345.0
339904,202.0
341008,110.0
341136,405.0
341232,341.0
342128,216.0
342672,500.0
342768,500.0
342960,325.0
343136,277.0
343136,204.0
343616,500.0
343840,500.0
344336,465.0
344368,303.0
344896,121.0
345184,247.0
345552,74.0
345680,383.0
346192,254.0
346368,500.0
346448,340.0
346496,82.0
347232,381.0
347280,184.0
347328,285.0
347456,270.0
347616,250.0
347904,500.0
348272,321.0
349248,84.0
349520,208.0
349968,456.0
350592,186.0
350736,265.0
351840,500.0
352336,313.0
352672,275.0
352688,487.0
352848,225.0
353008,410.0
353120,27.0
353552,500.0
353680,500.0
354368,500.0
354768,110.0
354784,301.0
354848,257.0
355232,500.0
355280,500.0
355456,500.0
355648,316.0
356144,414.0
356592,217.0
356720,274.0
357776,256.0
358080,175.0
358960,207.0
358960,445.0
359168,232.0
359248,73.0
359344,98.0
359712,309.0
360672,500.0
360848,500.0
361552,500.0
362048,454.0
362368,500.0
362848,500.0
362944,249.0
363040,231.0
363232,500.0
363392,230.0
363440,31.0
364144,500.0
364160,465.0
364592,500.0
365776,308.0
365888,433.0
366320,135.0
366992,247.0
367168,500.0
367248,500.0
367408,335.0
367728,441.0
367968,401.0
368608,390.0
369472,377.0
369776,352.0
369776,433.0
369808,401.0
369968,228.0
369984,337.0
370080,167.0
370576,48.0
371232,249.0
371232,500.0
371472,179.0
372032,384.0
372368,162.0
372912,324.0
372960,108.0
373136,229.0
373776,500.0
373856,368.0
374992,500.0
375168,500.0
375264,88.0
376528,409.0
376608,231.0
377392,335.0
377488,470.0
377744,299.0
377776,500.0
377840,294.0
378080,500.0
378128,416.0
378144,432.0
378464,381.0
378528,210.0
378576,500.0
379392,174.0
379616,68.0
379904,290.0
380336,141.0
381776,500.0
381952,285.0
382176,353.0
382208,277.0
382256,230.0
382544,183.0
382608,476.0
382624,202.0
382976,343.0
384000,91.0
384304,386.0
384384,110.0
385744,500.0
385840,500.0
386144,500.0
386368,287.0
386464,500.0
387408,322.0
387488,109.0
387904,500.0
388336,500.0
389904,125.0
389952,500.0
390176,500.0
390208,500.0
390608,500.0
390976,500.0
391136,422.0
391344,459.0
391392,443.0
391856,32.0
391872,358.0
391904,340.0
392592,324.0
392624,126.0
392832,281.0
393840,500.0
393888,127.0
394368,500.0
395488,500.0
395872,373.0
395904,308.0
396000,258.0
396240,226.0
396512,288.0
396960,258.0
397248,213.0
397568,83.0
397952,500.0
398048,160.0
398064,417.0
398176,500.0
398208,500.0
399136,500.0
400592,500.0
400880,437.0
401152,424.0
401904,377.0
402320,199.0
402320,363.0
402560,272.0
403056,46.0
403344,361.0
403552,350.0
403552,472.0
403696,345.0
403904,500.0
404176,433.0
404960,500.0
405456,222.0
406048,500.0
406064,500.0
406720,176.0
406816,235.0
406880,199.0
407952,352.0
408064,295.0
408320,210.0
408368,144.0
408592,500.0
408880,500.0
409152,500.0
409856,238.0
410240,299.0
410560,500.0
410576,141.0
410640,245.0
411184,34.0
411264,443.0
411552,500.0
411552,500.0
411872,205.0
411904,318.0
412000,195.0
412096,252.0
412528,123.0
412576,214.0
412896,145.0
413072,294.0
413536,90.0
413920,440.0
414192,165.0
414208,138.0
414352,257.0
414352,198.0
414448,117.0
414656,300.0
414816,39.0
415120,448.0
415216,134.0
415504,247.0
415568,190.0
415696,237.0
416112,26.0
416336,124.0
416384,121.0
416416,180.0
416512,328.0
416624,94.0
416720,148.0
416720,175.0
417312,194.0
417648,64.0
417648,361.0
418000,152.0
418272,191.0
418320,339.0
418480,52.0
418496,240.0
418688,123.0
418736,147.0
419040,264.0
419584,203.0
419856,272.0
420272,164.0
420400,150.0
421280,175.0
421520,104.0
422064,211.0
422256,235.0
422368,174.0
422448,371.0
422480,379.0
422592,82.0
423296,266.0
423872,225.0
423968,327.0
424032,97.0
424112,500.0
424192,133.0
424720,500.0
424784,146.0
424880,157.0
425312,500.0
425344,439.0
425456,316.0
426000,280.0
426256,96.0
426272,500.0
426384,258.0
426944,182.0
427152,142.0
427216,152.0
427408,215.0
427488,262.0
427568,81.0
427920,61.0
428992,300.0
429104,312.0
429104,327.0
429392,114.0
430336,247.0
430592,500.0
430624,330.0
431136,249.0
431472,266.0
431664,160.0
432160,173.0
432560,121.0
432912,344.0
433312,500.0
433328,458.0
433392,77.0
433456,500.0
433664,359.0
434064,150.0
434256,500.0
434480,120.0
434688,201.0
434784,278.0
435024,471.0
435168,111.0
435456,404.0
435712,91.0
435904,161.0
436496,177.0
436896,224.0
436960,253.0
437104,500.0
438400,454.0
438528,210.0
438592,500.0
438624,108.0
439216,262.0
440272,236.0
440384,356.0
440432,127.0
441072,248.0
441200,446.0
441456,500.0
442016,35.0
442400,495.0
442656,252.0
442784,500.0
442832,445.0
443312,132.0
443456,500.0
443824,215.0
443904,500.0
444608,261.0
444960,500.0
445552,170.0
445568,198.0
446464,496.0
446592,500.0
446720,254.0
446832,211.0
447216,500.0
448176,99.0
448272,500.0
448336,174.0
449072,500.0
450016,500.0
450272,238.0
450288,216.0
450464,410.0
450656,459.0
450784,500.0
450880,229.0
450912,171.0
451744,446.0
451824,500.0
452080,113.0
452240,248.0
452960,500.0
453088,152.0
453184,170.0
453184,257.0
453520,163.0
453568,500.0
453728,103.0
454064,114.0
454128,362.0
454400,161.0
454448,483.0
454448,169.0
454480,95.0
454672,237.0
455104,270.0
455248,135.0
455280,107.0
455824,363.0
455904,136.0
456688,140.0
457296,164.0
457408,264.0
457536,141.0
458256,188.0
458288,500.0
458352,66.0
458816,88.0
459104,151.0
459280,300.0
459616,323.0
459776,93.0
459808,393.0
460176,85.0
460448,395.0
460480,380.0
461024,320.0
461040,121.0
461184,500.0
461200,446.0
461536,108.0
461584,208.0
461600,254.0
462016,229.0
462240,164.0
462304,133.0
462624,65.0
462656,472.0
462992,448.0
463024,234.0
463296,131.0
463504,155.0
463632,241.0
463744,70.0
464704,150.0
465168,89.0
465264,142.0
465280,141.0
465904,339.0
466032,47.0
466032,158.0
466144,244.0
466144,310.0
466176,159.0
467040,111.0
467424,87.0
467616,182.0
467760,101.0
467904,394.0
467936,468.0
468016,335.0
468304,393.0
468576,167.0
468640,334.0
468720,168.0
469040,500.0
469536,500.0
469632,138.0
469712,221.0
470096,191.0
470624,128.0
470688,174.0
470704,193.0
471536,202.0
471696,166.0
471824,199.0
471920,143.0
472384,451.0
472848,134.0
472896,138.0
473024,183.0
473232,163.0
473552,463.0
473552,251.0
473808,318.0
473968,142.0
474016,62.0
474080,273.0
474208,387.0
474416,74.0
474464,159.0
474640,194.0
475504,93.0
475760,500.0
475776,490.0
476080,132.0
476128,269.0
476256,169.0
476432,221.0
476528,230.0
476832,172.0
476960,159.0
477056,219.0
477536,181.0
477728,103.0
477824,210.0
478848,315.0
478992,299.0
479040,157.0
479264,108.0
479344,101.0
479472,165.0
479680,170.0
479744,218.0
480384,500.0
480608,110.0
480992,198.0
481008,123.0
481136,335.0
481440,136.0
481600,342.0
481696,82.0
481904,152.0
482160,45.0
482320,107.0
482368,332.0
482704,189.0
482816,57.0
482944,84.0
483040,206.0
483504,500.0
483760,500.0
484016,75.0
484240,96.0
484256,76.0
484368,211.0
484368,210.0
484432,500.0
484512,147.0
484672,333.0
485248,36.0
485568,83.0
485696,211.0
485744,82.0
485776,142.0
485872,219.0
485904,96.0
486112,198.0
486576,129.0
486688,145.0
486688,62.0
486720,51.0
486992,500.0
487280,349.0
487472,216.0
487600,108.0
488128,147.0
488144,89.0
488224,186.0
488352,140.0
488544,116.0
489040,330.0
489120,211.0
489136,500.0
489264,104.0
489344,117.0
489344,318.0
490144,100.0
490416,67.0
490688,320.0
490688,160.0
490736,92.0
491376,256.0
491472,49.0
491840,218.0
491952,177.0
492320,99.0
492832,288.0
493040,378.0
493104,401.0
493360,326.0
493488,209.0
493824,280.0
493936,69.0
494000,224.0
494336,485.0
494464,61.0
494480,237.0
494656,81.0
495216,380.0
495856,116.0
496304,272.0
496464,318.0
496624,474.0
496848,102.0
497392,223.0
497632,385.0
497712,191.0
497792,121.0
498704,273.0
498736,300.0
498768,120.0
498864,409.0
499232,383.0
499312,303.0
499424,107.0
499536,481.0
499696,129.0
499712,59.0
499936,217.0
500240,360.0
500416,237.0
500528,62.0
500960,96.0
501040,500.0
501472,171.0
501824,345.0
502832,117.0
502944,347.0
503136,131.0
503184,166.0
503296,287.0
503808,212.0
504016,389.0
504048,301.0
504128,277.0
504416,294.0
504928,351.0
505360,84.0
505648,176.0
505712,161.0
505792,86.0
505920,164.0
506560,318.0
506864,500.0
506912,124.0
506960,321.0
507264,201.0
507424,280.0
507840,291.0
507936,500.0
508064,134.0
508240,500.0
508256,159.0
508288,54.0
508544,276.0
508784,311.0
508832,120.0
509056,204.0
509184,164.0
509584,246.0
509664,169.0
509696,110.0
509728,118.0
509968,105.0
510016,291.0
510032,111.0
510048,79.0
510384,83.0
510560,34.0
510672,115.0
510768,158.0
510800,71.0
511152,123.0
511408,107.0
511440,87.0
511536,267.0
511568,294.0
511728,229.0
512368,52.0
512448,179.0
512640,256.0
512736,136.0
512880,138.0
512896,83.0
512944,134.0
513024,206.0
513296,134.0
513456,214.0
513488,128.0
513504,221.0
513600,41.0
513840,216.0
514208,47.0
514816,82.0
514944,91.0
514976,203.0
515120,140.0
515136,96.0
515248,163.0
515328,152.0
515440,100.0
515648,265.0
515680,202.0
515696,167.0
515840,217.0
516496,105.0
516528,99.0
516704,99.0
516800,219.0
516864,10.0
517200,122.0
517296,285.0
517360,139.0
517376,105.0
517456,155.0
517632,112.0
518112,154.0
518240,467.0
518320,114.0
518656,186.0
519040,232.0
519104,54.0
519232,117.0
519472,136.0
519472,72.0
519472,167.0
519536,167.0
519616,135.0
520128,41.0
520176,129.0
520304,75.0
520400,189.0
520464,391.0
520512,180.0
520592,26.0
520816,80.0
520864,87.0
520896,341.0
520912,90.0
520992,54.0
521072,10.0
521552,272.0
521552,46.0
521600,124.0
521664,79.0
521680,165.0
521728,41.0
521872,334.0
521984,208.0
522176,99.0
522512,40.0
522688,44.0
522704,140.0
522864,11.0
523008,132.0
523088,89.0
523216,147.0
523280,253.0
524064,192.0
524240,86.0
524432,177.0
524624,120.0
524912,210.0
524928,107.0
525168,215.0
525264,172.0
525424,203.0
525472,88.0
525584,244.0
525744,262.0
525968,66.0
526160,120.0
526288,374.0
526288,205.0
526368,193.0
526592,53.0
526752,73.0
527040,163.0
527056,248.0
527184,141.0
527264,422.0
527472,128.0
527488,145.0
527536,98.0
527600,77.0
528064,111.0
528192,100.0
529040,98.0
529056,98.0
529120,185.0
529216,105.0
529264,67.0
529536,155.0
529600,21.0
529808,220.0
530240,74.0
530368,208.0
530432,82.0
530448,88.0
530496,202.0
530608,63.0
530960,109.0
531072,52.0
531072,217.0
531536,73.0
531680,226.0
531760,43.0
531808,396.0
531920,149.0
532032,139.0
532208,314.0
532272,478.0
532352,350.0
532544,455.0
532624,137.0
533008,128.0
533120,128.0
533440,95.0
533584,111.0
533760,139.0
533776,205.0
533872,104.0
534064,107.0
534096,146.0
534096,228.0
534240,41.0
534272,229.0
534368,168.0
534464,23.0
534464,137.0
534832,107.0
534848,139.0
535056,13.0
535520,89.0
535568,189.0
535584,161.0
535664,118.0
536000,96.0
536288,266.0
536320,160.0
536624,199.0
536912,87.0
537136,97.0
537344,157.0
537728,167.0
537824,141.0
537824,75.0
537840,225.0
538320,166.0
538496,252.0
538576,294.0
538624,272.0
538736,100.0
538960,128.0
539088,175.0
539184,43.0
539296,45.0
539504,321.0
539696,147.0
540112,149.0
540240,265.0
540352,158.0
540352,73.0
540464,48.0
540656,176.0
540752,91.0
540832,30.0
540848,139.0
540896,286.0
541520,66.0
541600,236.0
541632,95.0
541792,143.0
541888,223.0
541968,71.0
542064,500.0
542064,107.0
542192,216.0
542224,98.0
542304,201.0
542784,239.0
542912,129.0
544080,126.0
544128,135.0
544384,172.0
544576,191.0
544576,230.0
544624,177.0
544624,242.0
544704,194.0
544976,174.0
545024,40.0
545152,178.0
545184,150.0
545312,317.0
545440,201.0
545504,50.0
546064,93.0
546240,135.0
546448,114.0
547008,124.0
547120,263.0
547168,330.0
547424,178.0
547520,181.0
547536,131.0
547568,151.0
547808,144.0
547872,168.0
548032,373.0
548176,121.0
548256,137.0
548400,52.0
549088,310.0
549520,103.0
549632,100.0
549728,297.0
549744,14.0
549760,94.0
549856,146.0
549936,183.0
549936,133.0
550384,185.0
550416,180.0
550736,339.0
550800,272.0
550912,114.0
550960,237.0
551088,72.0
551232,191.0
551248,258.0
551376,101.0
551856,120.0
552032,144.0
552256,115.0
552272,158.0
552288,86.0
552384,158.0
552400,90.0
552544,81.0
552576,45.0
552752,11.0
552816,199.0
552912,136.0
552960,135.0
553376,143.0
553680,80.0
553984,172.0
554016,79.0
554048,111.0
554064,127.0
554064,105.0
554208,363.0
554672,81.0
554848,118.0
554880,52.0
554912,166.0
555024,228.0
555072,174.0
555136,139.0
555152,298.0
555568,94.0
555696,180.0
555728,109.0
555808,133.0
556096,130.0
556448,149.0
556496,143.0
557168,67.0
557232,49.0
557488,120.0
557696,176.0
557808,329.0
557824,168.0
557840,176.0
557952,141.0
557968,195.0
558320,162.0
558832,189.0
558848,246.0
559056,114.0
559120,164.0
559136,82.0
559232,285.0
559264,262.0
560080,51.0
560096,141.0
560288,123.0
560384,181.0
560480,174.0
560512,104.0
561008,190.0
561072,244.0
561168,127.0
561328,142.0
561744,182.0
561760,165.0
561776,81.0
561888,100.0
562048,256.0
562160,52.0
562272,445.0
562448,11.0
562528,153.0
562880,228.0
563328,345.0
563632,195.0
563664,205.0
563728,122.0
563728,80.0
563952,180.0
564160,151.0
564160,150.0
564208,16.0
564720,167.0
564864,186.0
564896,77.0
564992,154.0
565056,83.0
565136,315.0
565200,262.0
565264,194.0
565648,173.0
565808,155.0
566128,67.0
566224,94.0
566496,94.0
566528,104.0
566544,103.0
566544,84.0
566560,150.0
566640,342.0
566736,158.0
567072,215.0
567216,88.0
567296,67.0
567600,146.0
567648,70.0
567648,57.0
567680,247.0
567728,223.0
567792,166.0
568096,100.0
568160,30.0
568192,37.0
568368,67.0
568640,131.0
568960,150.0
569152,89.0
569152,66.0
569200,97.0
569360,75.0
569520,242.0
570112,92.0
570240,231.0
570320,122.0
570448,68.0
570480,83.0
570592,211.0
570736,229.0
570816,101.0
570848,263.0
571360,39.0
571520,65.0
571616,86.0
571696,348.0
571984,237.0
571984,39.0
572064,23.0
572464,103.0
572736,318.0
572800,240.0
572832,149.0
572848,316.0
572880,160.0
573344,156.0
573424,90.0
573440,268.0
573584,187.0
573856,87.0
573872,113.0
573936,145.0
574368,98.0
574400,305.0
574416,96.0
574448,101.0
574496,157.0
574528,276.0
574560,190.0
574784,58.0
575056,41.0
575184,82.0
575200,79.0
575328,109.0
575536,65.0
575712,84.0
575728,73.0
575760,77.0
575888,197.0
575952,163.0
576048,54.0
576208,112.0
576240,65.0
576480,89.0
576544,195.0
576576,233.0
576592,55.0
577440,250.0
577552,126.0
577664,89.0
577696,93.0
577744,72.0
578336,110.0
578352,113.0
578368,245.0
579104,197.0
579200,215.0
579216,55.0
579248,55.0
579648,235.0
579664,82.0
579792,207.0
579968,245.0
580160,170.0
580256,342.0
580464,173.0
580608,330.0
580672,309.0
580688,189.0
580784,98.0
580880,208.0
581280,102.0
581312,44.0
581344,74.0
581520,53.0
581584,50.0
581600,102.0
581776,56.0
582016,83.0
582192,121.0
582592,82.0
582688,139.0
582800,225.0
582816,94.0
582928,196.0
582944,325.0
583056,92.0
583264,251.0
583536,95.0
583872,74.0
583904,40.0
584240,23.0
584272,172.0
584384,330.0
584400,191.0
584528,121.0
584656,191.0
584720,21.0
584832,323.0
585136,184.0
585296,66.0
585376,152.0
585488,52.0
585648,178.0
585808,96.0
585824,188.0
585888,147.0
585968,182.0
586192,66.0
586512,76.0
586544,56.0
586560,135.0
586640,113.0
586720,33.0
586832,54.0
586832,132.0
587232,208.0
587264,271.0
587472,47.0
587584,131.0
587616,140.0
587680,369.0
587856,123.0
587904,131.0
588048,96.0
588144,35.0
588224,87.0
588448,14.0
589024,84.0
589024,73.0
589088,153.0
589184,65.0
589312,130.0
589408,20.0
589648,127.0
589808,159.0
589888,54.0
590224,145.0
590288,176.0
590384,240.0
590576,378.0
590608,99.0
590608,299.0
590672,79.0
590880,106.0
590928,20.0
591056,188.0
591552,104.0
591568,62.0
591600,112.0
591888,104.0
592192,71.0
592240,122.0
592448,95.0
592544,374.0
592832,220.0
593392,112.0
593472,175.0
593504,181.0
593520,317.0
593536,103.0
593616,202.0
594096,201.0
594144,281.0
594688,153.0
594704,117.0
594720,197.0
594720,493.0
595024,97.0
595104,160.0
595440,121.0
595680,218.0
595840,109.0
595856,145.0
595888,73.0
595936,274.0
596224,236.0
596256,165.0
596800,130.0
596880,136.0
597056,86.0
597232,61.0
597504,176.0
597648,219.0
597712,116.0
597744,119.0
597808,276.0
597824,149.0
598320,300.0
598400,136.0
598448,160.0
598928,239.0
599184,105.0
599568,284.0
599632,172.0
599760,132.0
599968,141.0
600032,175.0
600080,142.0
600112,104.0
600416,167.0
600496,54.0
600576,141.0
600608,222.0
600720,245.0
600736,113.0
600864,308.0
600960,196.0
601040,67.0
601040,165.0
601264,130.0
602080,70.0
602336,110.0
602624,85.0
602656,101.0
602704,196.0
602736,169.0
602896,196.0
602976,140.0
603072,166.0
603456,185.0
603536,167.0
603872,26.0
603984,68.0
604064,249.0
604288,14.0
604320,84.0
604528,112.0
604544,239.0
604544,277.0
604752,128.0
604832,264.0
604864,140.0
605136,79.0
605376,53.0
605664,289.0
605728,192.0
606032,185.0
606112,252.0
606608,143.0
606688,116.0
606960,77.0
607056,137.0
607344,210.0
607392,141.0
607424,46.0
607760,26.0
607760,201.0
607824,76.0
607856,345.0
607952,213.0
607952,200.0
607968,121.0
608448,93.0
608896,288.0
608960,206.0
609024,228.0
609296,360.0
609408,103.0
609728,110.0
609792,121.0
609904,155.0
610032,142.0
610112,76.0
610240,143.0
610336,118.0
610624,223.0
610752,210.0
610752,175.0
611136,115.0
611232,90.0
611280,86.0
611968,84.0
612000,104.0
612032,192.0
612048,371.0
612288,204.0
612416,188.0
612448,151.0
612560,113.0
612704,186.0
612736,124.0
612784,46.0
612960,60.0
613104,330.0
613168,191.0
613616,146.0
613808,161.0
613808,95.0
614192,247.0
614288,117.0
614400,148.0
614400,104.0
614480,120.0
614528,45.0
614672,139.0
614720,224.0
615120,197.0
615136,53.0
615296,56.0
615552,27.0
615584,164.0
615616,153.0
615616,177.0
615824,138.0
615904,200.0
616016,96.0
616032,102.0
616096,32.0
616240,98.0
616688,67.0
616736,183.0
616736,57.0
616800,74.0
616816,50.0
616832,165.0
617296,173.0
617328,163.0
617488,91.0
617744,163.0
617792,156.0
617904,125.0
618016,307.0
618064,114.0
618256,48.0
618384,106.0
618624,158.0
618672,117.0
618688,56.0
618896,209.0
619088,147.0
619168,89.0
619632,176.0
619920,78.0
619920,199.0
620048,124.0
620080,106.0
620096,63.0
620224,100.0
620240,124.0
620240,84.0
620736,244.0
620976,192.0
621088,235.0
621120,93.0
621296,67.0
621344,253.0
621456,96.0
621728,93.0
621760,105.0
621824,166.0
621920,50.0
622160,89.0
622416,156.0
622528,282.0
622976,171.0
623344,95.0
623520,100.0
623664,145.0
623888,162.0
624032,249.0
624064,186.0
624192,344.0
624416,90.0
624464,27.0
624592,136.0
624624,60.0
624640,81.0
624672,72.0
624848,297.0
624896,52.0
624992,69.0
625024,52.0
625248,220.0
625408,49.0
625456,51.0
625472,50.0
625824,254.0
625840,27.0
625840,37.0
625904,278.0
626032,12.0
626144,323.0
626144,108.0
626336,90.0
626432,88.0
626448,100.0
626832,86.0
626992,60.0
627040,71.0
627088,78.0
627424,306.0
627584,110.0
627584,339.0
627664,192.0
627696,97.0
627728,141.0
627776,174.0
628192,69.0
628560,132.0
628768,269.0
628768,108.0
628848,169.0
629168,25.0
629232,140.0
629504,198.0
629600,65.0
629728,14.0
629840,151.0
629872,136.0
629904,145.0
629920,47.0
629936,219.0
629952,195.0
630160,156.0
630272,159.0
630608,110.0
630688,194.0
630816,128.0
630976,200.0
631248,191.0
631664,129.0
632048,136.0
632064,78.0
632160,97.0
632160,183.0
632208,141.0
632224,149.0
632464,137.0
632480,172.0
632816,180.0
633200,62.0
633296,212.0
633472,139.0
633632,232.0
633664,101.0
633856,41.0
633856,12.0
634128,154.0
634272,112.0
634416,35.0
634544,274.0
634576,157.0
634592,152.0
634656,248.0
634976,172.0
635328,272.0
635440,54.0
635520,128.0
635792,17.0
635888,192.0
635936,104.0
635968,167.0
636288,258.0
636336,138.0
636352,170.0
636672,176.0
636768,61.0
637008,151.0
637120,161.0
637248,177.0
637392,151.0
637408,95.0
637488,128.0
637648,55.0
637664,146.0
637984,20.0
638144,92.0
638336,148.0
638368,130.0
638720,22.0
638848,108.0
639088,59.0
639168,176.0
639216,205.0
639392,34.0
639792,174.0
639888,140.0
639888,156.0
639952,468.0
640304,145.0
640384,27.0
640464,363.0
640656,203.0
640928,215.0
640976,118.0
641056,146.0
641152,244.0
641248,182.0
641408,64.0
642096,53.0
642176,117.0
642256,179.0
642656,179.0
642864,186.0
642864,118.0
642880,92.0
643008,417.0
643024,58.0
643360,217.0
643360,259.0
643488,30.0
643568,165.0
643744,286.0
643888,63.0
643904,172.0
644144,49.0
644176,125.0
644432,54.0
644528,242.0
644688,50.0
644704,128.0
644784,158.0
644832,123.0
644912,48.0
645136,27.0
645200,259.0
645232,117.0
645344,13.0
645520,84.0
645584,66.0
645632,323.0
645632,118.0
645680,137.0
646128,28.0
646224,62.0
646224,55.0
646416,108.0
646624,235.0
646656,64.0
646688,73.0
646704,67.0
646944,157.0
647056,252.0
647264,147.0
647344,215.0
647360,135.0
647568,72.0
647584,175.0
647632,175.0
647808,29.0
647840,101.0
647872,109.0
648272,99.0
648640,121.0
648784,160.0
648960,146.0
648992,146.0
649056,112.0
649344,235.0
649424,155.0
649472,75.0
649488,120.0
649936,180.0
650304,154.0
650400,190.0
650416,58.0
650480,163.0
650544,38.0
650768,113.0
650784,197.0
651120,221.0
651504,231.0
651552,49.0
651712,143.0
652192,43.0
652416,227.0
652496,219.0
652528,191.0
652688,209.0
652720,145.0
652784,140.0
652864,149.0
653008,91.0
653024,248.0
653168,42.0
653264,67.0
653744,127.0
653856,222.0
653968,199.0
653968,80.0
654768,272.0
654896,102.0
654992,138.0
655104,161.0
655264,131.0
655264,259.0
655680,204.0
655696,441.0
655760,31.0
655792,173.0
655888,13.0
656112,212.0
656384,93.0
656528,167.0
656544,221.0
656624,116.0
656752,14.0
656848,249.0
657152,213.0
657328,129.0
657344,103.0
657344,211.0
657728,101.0
657744,172.0
657856,243.0
658240,116.0
658400,41.0
658768,65.0
658784,102.0
658848,234.0
658880,97.0
658896,97.0
658960,151.0
659328,35.0
659456,177.0
659584,237.0
659648,235.0
659680,183.0
659904,160.0
660000,72.0
660512,97.0
660592,63.0
660720,115.0
661104,179.0
661280,114.0
661376,186.0
661472,168.0
661488,115.0
661680,370.0
661776,18.0
661856,84.0
661904,188.0
661936,318.0
662080,264.0
662128,88.0
662304,164.0
662384,57.0
662656,208.0
662736,38.0
662832,97.0
663168,198.0
663216,71.0
663344,215.0
663392,68.0
664112,108.0
664112,188.0
664128,139.0
664128,81.0
664176,156.0
664208,51.0
664256,145.0
664256,150.0
664400,238.0
664560,19.0
664576,120.0
664688,182.0
664704,93.0
664976,18.0
665040,49.0
665360,77.0
665360,74.0
665408,140.0
665584,74.0
665584,263.0
665664,145.0
665744,188.0
665808,28.0
665936,108.0
666080,123.0
666336,138.0
666368,63.0
666704,23.0
666848,57.0
666992,18.0
667232,54.0
667312,163.0
667408,148.0
667408,125.0
667536,214.0
667696,195.0
667840,179.0
668032,148.0
668208,150.0
668304,48.0
668480,245.0
668544,185.0
668656,78.0
668720,82.0
668896,128.0
668960,201.0
669280,90.0
669328,102.0
669376,73.0
669600,220.0
670048,126.0
670144,197.0
670256,107.0
670544,310.0
670768,221.0
670928,164.0
671072,112.0
671152,111.0
671152,141.0
671184,242.0
671200,155.0
671280,175.0
671744,75.0
671936,12.0
671984,57.0
672208,129.0
672384,69.0
672400,134.0
672944,126.0
673056,256.0
673216,153.0
673248,54.0
673248,228.0
673312,69.0
673344,293.0
673360,207.0
673552,98.0
673616,268.0
673840,90.0
673856,167.0
674000,47.0
674048,132.0
674160,188.0
674208,191.0
674384,90.0
674624,214.0
675136,68.0
675360,134.0
675408,98.0
675648,112.0
675872,160.0
675920,107.0
676224,115.0
676320,135.0
676432,152.0
676448,82.0
676656,46.0
676880,35.0
676976,210.0
677008,235.0
677024,72.0
677120,254.0
677184,240.0
677280,166.0
677520,31.0
677552,83.0
677904,78.0
677920,142.0
677968,62.0
678032,280.0
678432,32.0
678640,91.0
679152,78.0
679520,97.0
679584,97.0
679632,130.0
679648,165.0
679744,274.0
679824,169.0
680064,227.0
680272,187.0
680288,173.0
680352,244.0
680400,220.0
680784,336.0
680864,36.0
680944,89.0
680992,85.0
681152,487.0
681264,132.0
681328,61.0
681824,97.0
681952,63.0
682160,56.0
682176,234.0
682352,173.0
682384,234.0
682432,103.0
682480,93.0
682704,144.0
682752,168.0
682848,189.0
682848,200.0
682896,109.0
683440,231.0
683584,110.0
683744,151.0
683808,69.0
683904,92.0
683952,66.0
683984,195.0
684352,123.0
684368,126.0
684448,143.0
684528,111.0
684736,18.0
684816,57.0
685104,95.0
685136,199.0
685136,72.0
685456,107.0
685536,108.0
685632,56.0
685888,67.0
685936,98.0
686160,170.0
686448,120.0
686464,132.0
686624,167.0
686800,84.0
686912,296.0
687088,97.0
687264,276.0
687344,91.0
687488,290.0
687632,74.0
687664,324.0
687824,118.0
688208,192.0
688512,73.0
688720,102.0
688848,139.0
688912,44.0
688944,155.0
688960,135.0
689376,265.0
689408,203.0
689472,160.0
689504,49.0
689680,253.0
689792,293.0
689904,33.0
690544,127.0
690608,186.0
690784,55.0
690784,115.0
691088,34.0
691104,226.0
691152,103.0
691216,212.0
691312,228.0
691344,104.0
691888,155.0
692304,315.0
692512,108.0
692768,89.0
692800,107.0
692880,98.0
692944,249.0
692976,11.0
693024,151.0
693200,14.0
693408,226.0
693488,149.0
693616,259.0
693648,296.0
693776,118.0
694000,174.0
694256,194.0
694416,132.0
694752,69.0
694800,127.0
694864,104.0
694912,81.0
695232,147.0
695440,90.0
695696,167.0
695872,439.0
695872,131.0
696032,328.0
696288,236.0
696320,177.0
696448,36.0
696864,129.0
697056,114.0
697136,262.0
697184,173.0
697312,191.0
697440,168.0
697616,263.0
697648,174.0
697760,178.0
697856,135.0
698224,85.0
698272,114.0
698720,96.0
698832,185.0
699232,86.0
699248,100.0
699360,192.0
699376,110.0
699472,197.0
699568,157.0
699792,127.0
699904,27.0
699968,38.0
700016,40.0
700016,169.0
700224,262.0
700544,107.0
700592,84.0
700672,153.0
700736,206.0
700880,234.0
700960,140.0
701184,76.0
701344,192.0
701440,117.0
701520,143.0
701600,385.0
701808,126.0
701920,25.0
702240,85.0
702336,145.0
702368,88.0
702480,81.0
702496,72.0
702528,144.0
702928,182.0
703072,102.0
703232,89.0
703472,223.0
703584,178.0
703680,193.0
703840,198.0
704096,16.0
704128,75.0
704320,236.0
704640,88.0
704816,84.0
704928,152.0
704944,163.0
705216,134.0
705360,187.0
705536,45.0
705840,210.0
705872,267.0
705904,139.0
705968,117.0
706096,261.0
706368,258.0
706416,66.0
706560,252.0
706880,122.0
707072,77.0
707200,77.0
707248,229.0
707360,134.0
707392,172.0
707392,153.0
707616,75.0
707840,144.0
707872,125.0
708144,251.0
708208,37.0
708480,132.0
708704,84.0
708992,72.0
709344,314.0
709424,147.0
709472,223.0
709600,190.0
709632,72.0
709792,231.0
709872,125.0
710176,174.0
710256,128.0
710384,105.0
710768,111.0
710880,218.0
711168,189.0
711248,101.0
711456,127.0
711632,110.0
711680,130.0
711872,130.0
711968,164.0
711984,100.0
712032,322.0
712288,26.0
712528,56.0
712528,103.0
712528,80.0
712528,110.0
712864,21.0
713024,222.0
713152,181.0
713200,95.0
713296,378.0
713328,197.0
713376,11.0
713632,69.0
713712,74.0
713936,122.0
713984,122.0
714032,94.0
714320,197.0
714656,148.0
714768,175.0
714832,477.0
715040,107.0
715088,107.0
715216,120.0
715232,138.0
715312,105.0
715376,90.0
715680,57.0
715712,266.0
715952,175.0
716032,41.0
716112,150.0
716672,91.0
716752,152.0
716800,70.0
717248,121.0
717360,88.0
717664,300.0
717712,230.0
717712,167.0
717728,126.0
717824,64.0
718272,190.0
718400,108.0
718496,154.0
718496,149.0
718784,66.0
718800,97.0
719120,110.0
719168,271.0
719248,329.0
719328,94.0
719472,110.0
719872,326.0
720208,113.0
720208,216.0
720224,160.0
720240,90.0
720288,94.0
720304,162.0
720368,131.0
720384,66.0
720480,124.0
720688,13.0
720912,39.0
721040,120.0
721152,105.0
721152,59.0
721344,136.0
721408,73.0
721408,395.0
721504,141.0
721504,188.0
721600,77.0
721696,92.0
721776,54.0
721936,129.0
722208,66.0
722208,119.0
722320,39.0
722768,73.0
722912,94.0
722992,42.0
723072,168.0
723200,112.0
723232,137.0
723248,131.0
723456,105.0
723760,192.0
723856,228.0
724144,59.0
724192,75.0
724320,29.0
724400,102.0
724416,155.0
724608,150.0
724752,203.0
724816,85.0
724976,129.0
725088,116.0
725168,64.0
725344,142.0
725424,104.0
725520,69.0
725936,96.0
726272,58.0
726288,131.0
726320,192.0
726560,326.0
726816,108.0
726832,116.0
726864,335.0
727184,152.0
727360,172.0
727360,50.0
727392,117.0
727600,152.0
727664,52.0
727872,222.0
727952,71.0
728080,56.0
728352,93.0
728640,43.0
728736,207.0
728784,154.0
728848,161.0
728864,92.0
728880,95.0
729232,102.0
729328,37.0
729376,31.0
729680,467.0
730240,269.0
730352,107.0
730448,104.0
730496,134.0
730528,265.0
730592,85.0
730816,122.0
730864,187.0
730976,385.0
731136,217.0
731392,126.0
731472,77.0
731504,166.0
731632,122.0
731968,62.0
732048,91.0
732288,308.0
732288,263.0
732400,122.0
732480,63.0
732576,128.0
733120,93.0
733216,130.0
733248,172.0
733360,188.0
733424,120.0
733456,73.0
733600,138.0
733664,86.0
733984,198.0
734000,47.0
734080,100.0
734304,108.0
734400,59.0
734464,65.0
734480,130.0
734560,60.0
734848,74.0
734912,349.0
735024,59.0
735104,109.0
735232,199.0
735360,212.0
735472,141.0
735536,39.0
735616,102.0
735664,85.0
735824,310.0
735840,85.0
735952,87.0
735968,70.0
736112,107.0
736464,125.0
736560,64.0
736624,41.0
736816,176.0
737024,244.0
737184,84.0
737296,142.0
737440,138.0
737472,57.0
737488,64.0
737504,105.0
737648,11.0
737696,13.0
737744,130.0
737744,165.0
737760,143.0
737776,151.0
737952,16.0
738064,48.0
738064,122.0
738144,31.0
738288,104.0
738640,91.0
738896,91.0
739008,79.0
739088,196.0
739168,88.0
739392,90.0
739584,59.0
739760,106.0
739952,136.0
739968,272.0
740112,123.0
740176,118.0
740304,160.0
740320,13.0
740400,87.0
740656,56.0
740720,244.0
740848,56.0
740880,211.0
740944,245.0
740976,99.0
741056,46.0
741104,95.0
741136,73.0
741216,21.0
741344,205.0
741472,161.0
741504,53.0
741664,161.0
741696,95.0
742064,35.0
742192,84.0
742192,112.0
742256,82.0
742256,72.0
742352,199.0
742448,92.0
742512,91.0
742624,145.0
742752,31.0
743136,59.0
743152,91.0
743264,133.0
743392,167.0
743648,75.0
743680,101.0
743856,69.0
743888,47.0
743936,105.0
744032,48.0
744192,65.0
744272,37.0
744304,165.0
744416,200.0
744480,123.0
744496,38.0
744528,71.0
744624,205.0
744736,34.0
744944,57.0
744960,82.0
745072,170.0
745168,231.0
745312,23.0
745408,71.0
745456,61.0
745776,65.0
745920,53.0
745952,62.0
745968,104.0
745984,98.0
746048,214.0
746128,246.0
746224,15.0
746400,119.0
746528,167.0
746624,44.0
746784,92.0
747088,65.0
747168,202.0
747264,65.0
747328,175.0
747488,107.0
747712,159.0
747824,200.0
747936,72.0
748240,174.0
748368,185.0
748400,152.0
748448,39.0
748496,159.0
748496,16.0
748608,95.0
748768,134.0
748864,72.0
748928,90.0
748944,21.0
749024,116.0
749056,166.0
749120,187.0
749136,43.0
749296,123.0
749296,56.0
749408,134.0
749408,65.0
749440,182.0
749504,36.0
749840,119.0
750048,97.0
750256,87.0
750640,24.0
750976,138.0
751024,101.0
751056,125.0
751264,13.0
751312,176.0
751328,93.0
751344,119.0
751392,124.0
751424,155.0
751616,98.0
751648,164.0
751872,28.0
751952,166.0
752080,161.0
752080,27.0
752096,186.0
752096,67.0
752320,199.0
752336,63.0
752432,65.0
752992,56.0
753040,60.0
753152,66.0
753184,159.0
753216,79.0
753440,136.0
753552,140.0
753712,42.0
753728,87.0
753728,132.0
753824,24.0
753968,187.0
754080,110.0
754304,82.0
754496,164.0
754560,46.0
754688,209.0
754784,343.0
754784,67.0
754816,68.0
754928,156.0
754992,182.0
755136,66.0
755184,127.0
755552,48.0
756000,94.0
756032,108.0
756064,55.0
756112,35.0
756288,108.0
756352,98.0
756400,167.0
756448,181.0
756672,218.0
756800,224.0
756944,133.0
757232,159.0
757264,37.0
757280,62.0
757376,213.0
757424,152.0
757488,16.0
757600,75.0
757792,33.0
757792,112.0
757824,21.0
757920,98.0
758000,39.0
758112,125.0
758288,197.0
758544,47.0
758656,116.0
758864,177.0
758912,50.0
758928,40.0
759216,101.0
759344,205.0
759408,12.0
759520,61.0
759552,194.0
759616,293.0
759696,142.0
759920,66.0
759936,64.0
759968,123.0
760016,137.0
760064,195.0
760240,45.0
760480,168.0
760752,51.0
760944,96.0
761120,89.0
761152,68.0
761328,253.0
761376,170.0
761504,47.0
761584,104.0
761680,235.0
761840,182.0
762016,111.0
762032,68.0
762176,53.0
762224,180.0
762480,157.0
762528,186.0
762832,22.0
762864,107.0
762896,205.0
762928,89.0
763024,31.0
763440,214.0
763552,192.0
763632,128.0
763840,104.0
763856,115.0
763888,138.0
764048,74.0
764240,195.0
764368,32.0
764400,189.0
764480,165.0
764528,156.0
764640,151.0
764656,76.0
764672,12.0
764752,57.0
764768,76.0
765280,147.0
765472,153.0
765552,56.0
765792,185.0
765840,112.0
765872,140.0
765984,131.0
766128,110.0
766176,94.0
766176,103.0
766288,31.0
766384,109.0
766976,106.0
767072,59.0
767280,113.0
767328,111.0
767520,84.0
767552,291.0
767552,30.0
767584,100.0
767824,53.0
767920,198.0
768128,210.0
768224,249.0
768512,133.0
768592,79.0
768704,158.0
768880,66.0
768912,87.0
769184,102.0
769216,301.0
769232,212.0
769472,48.0
769568,21.0
769584,44.0
769648,71.0
769760,243.0
769776,137.0
769888,146.0
770000,130.0
770192,12.0
770240,185.0
770272,134.0
770320,252.0
770448,11.0
770608,65.0
770752,115.0
770848,25.0
770896,144.0
771120,84.0
771120,181.0
771168,95.0
771376,135.0
771392,67.0
771568,86.0
771792,138.0
771840,130.0
771936,35.0
772080,181.0
772288,176.0
772304,29.0
772336,93.0
772352,109.0
772544,13.0
772576,146.0
772688,175.0
772864,67.0
772864,106.0
773488,50.0
773552,152.0
773648,107.0
773808,79.0
773984,162.0
774016,90.0
774048,109.0
774160,190.0
774240,12.0
774320,223.0
774336,173.0
774384,144.0
774592,59.0
774672,113.0
774928,86.0
774976,46.0
774992,169.0
775024,96.0
775072,79.0
775184,50.0
775232,13.0
775552,168.0
775568,77.0
775568,36.0
775632,41.0
775712,87.0
776144,76.0
776224,242.0
776416,17.0
776720,72.0
776736,161.0
776768,106.0
776800,68.0
776864,77.0
776896,84.0
776944,378.0
777040,113.0
777056,154.0
777168,156.0
777200,201.0
777280,131.0
777280,32.0
777280,204.0
777280,26.0
777488,120.0
777760,60.0
777776,65.0
778176,56.0
778208,73.0
778288,98.0
778512,77.0
778656,23.0
778992,121.0
778992,107.0
779056,132.0
779072,82.0
779088,100.0
779104,180.0
779120,115.0
779168,41.0
779328,17.0
779376,185.0
779424,22.0
779424,139.0
779680,174.0
779856,54.0
779904,30.0
780032,116.0
780032,141.0
780048,87.0
780192,10.0
780304,28.0
780496,70.0
780704,156.0
780768,29.0
780800,38.0
780912,114.0
780944,114.0
781056,86.0
781296,144.0
781360,262.0
781552,149.0
781696,148.0
781888,87.0
781968,17.0
781968,159.0
782048,78.0
782064,72.0
782160,87.0
782224,195.0
782528,73.0
782544,165.0
782544,78.0
782608,119.0
782656,164.0
782736,168.0
782912,85.0
783184,33.0
783200,29.0
783216,78.0
783328,79.0
783440,149.0
783488,83.0
783504,11.0
783728,34.0
783936,187.0
783936,87.0
784160,14.0
784256,103.0
784288,145.0
784336,153.0
784480,121.0
784480,141.0
784496,153.0
784512,100.0
784544,69.0
784576,20.0
784672,91.0
784720,137.0
784736,63.0
784832,22.0
785168,43.0
785376,50.0
785440,69.0
785536,64.0
785664,108.0
785664,70.0
785792,143.0
785824,62.0
785840,70.0
785904,151.0
785952,76.0
786112,114.0
786304,194.0
786336,27.0
786384,59.0
786432,121.0
786560,87.0
786704,83.0
786848,136.0
786976,82.0
787008,73.0
787024,179.0
787056,69.0
787088,49.0
787104,90.0
787776,67.0
787904,95.0
787936,68.0
788048,157.0
788176,75.0
788192,71.0
788256,78.0
788448,118.0
788624,157.0
788656,102.0
788864,68.0
788928,196.0
788944,63.0
789152,14.0
789200,173.0
789248,214.0
789456,79.0
789568,87.0
789584,156.0
789664,29.0
790080,52.0
790096,187.0
790192,241.0
790368,76.0
790416,97.0
790480,161.0
790528,99.0
790544,120.0
790736,143.0
790752,169.0
790800,71.0
791168,68.0
791248,32.0
791312,166.0
791344,51.0
791600,209.0
791680,93.0
791680,71.0
791872,35.0
791920,73.0
792000,75.0
792032,97.0
792192,164.0
792432,15.0
792512,183.0
792624,80.0
792736,46.0
792976,180.0
793072,166.0
793120,90.0
793216,96.0
793568,106.0
793808,86.0
793856,46.0
794000,12.0
794112,234.0
794112,86.0
794256,139.0
794336,70.0
794368,153.0
794400,175.0
794432,199.0
794432,204.0
794464,313.0
794576,9.0
794624,16.0
794624,132.0
794768,41.0
794912,115.0
795216,60.0
795312,91.0
795344,57.0
795376,86.0
795376,50.0
795488,120.0
795600,52.0
795664,168.0
795920,206.0
795952,115.0
796192,108.0
796400,93.0
796512,57.0
796512,136.0
796592,123.0
796768,87.0
797328,122.0
797392,119.0
797472,141.0
797488,193.0
797536,137.0
797584,67.0
797584,67.0
797600,121.0
797744,97.0
797776,74.0
797840,90.0
797888,22.0
798256,30.0
798528,201.0
798576,68.0
798816,179.0
798832,182.0
798928,135.0
798944,23.0
799008,47.0
799040,98.0
799216,18.0
799456,98.0
799536,122.0
799872,26.0
799984,335.0
800144,82.0
800176,178.0
800192,175.0
800368,85.0
800432,178.0
800464,103.0
800560,176.0
800640,29.0
800672,177.0
800704,104.0
800768,198.0
800992,18.0
801008,54.0
801184,166.0
801216,64.0
801424,97.0
801472,158.0
801488,66.0
801632,73.0
801680,42.0
801696,58.0
801712,72.0
801744,158.0
801920,121.0
801968,81.0
802048,39.0
802368,55.0
802544,31.0
802560,12.0
802672,65.0
802720,10.0
802880,106.0
802928,160.0
802960,62.0
802992,111.0
803056,82.0
803216,230.0
803440,45.0
803664,137.0
803840,200.0
803920,62.0
803968,186.0
804080,54.0
804096,69.0
804208,83.0
804352,166.0
804464,94.0
804640,183.0
804656,100.0
804736,51.0
804768,131.0
804816,142.0
805296,30.0
805328,213.0
805376,80.0
805536,83.0
805680,64.0
805840,86.0
805872,119.0
805888,153.0
806000,103.0
806032,272.0
806064,139.0
806368,67.0
806544,180.0
806544,154.0
806848,95.0
806880,134.0
807040,142.0
807088,153.0
807296,47.0
807584,76.0
808016,122.0
808080,137.0
808288,182.0
808368,67.0
808416,117.0
808560,30.0
808608,171.0
808640,165.0
808848,52.0
808864,80.0
808864,199.0
809104,15.0
809120,140.0
809344,156.0
809584,159.0
809712,23.0
809904,176.0
809984,106.0
810000,260.0
810032,58.0
810144,94.0
810160,112.0
810176,290.0
810240,33.0
810496,102.0
810720,35.0
810832,124.0
810944,146.0
810992,31.0
811024,64.0
811200,174.0
811312,30.0
811344,82.0
811344,110.0
811424,90.0
811616,107.0
811648,92.0
811680,16.0
811728,99.0
811808,51.0
811808,361.0
811856,171.0
812016,216.0
812032,112.0
812048,83.0
812176,33.0
812240,76.0
812496,29.0
812624,89.0
812720,88.0
812736,43.0
812784,90.0
812944,14.0
812976,127.0
813040,64.0
813216,88.0
813216,117.0
813280,100.0
813424,106.0
813456,15.0
813552,58.0
813616,70.0
813712,119.0
813728,117.0
813744,60.0
813808,98.0
813952,111.0
814112,52.0
814128,157.0
814176,90.0
814240,75.0
814272,81.0
814400,61.0
814528,67.0
814544,62.0
814672,54.0
814688,10.0
814800,67.0
814832,70.0
815168,76.0
815200,67.0
815264,45.0
815456,107.0
815488,78.0
815728,97.0
815728,29.0
815856,23.0
815888,111.0
815952,146.0
816032,54.0
816096,23.0
816144,200.0
816192,112.0
816320,128.0
816368,57.0
816416,108.0
816480,105.0
816720,15.0
816736,220.0
816832,55.0
817168,28.0
817184,65.0
817456,71.0
817552,114.0
817600,183.0
817632,109.0
817664,78.0
818032,136.0
818128,131.0
818128,127.0
818320,71.0
818384,103.0
818560,210.0
818560,63.0
818640,63.0
818656,75.0
818752,149.0
818768,100.0
818928,11.0
818992,260.0
819168,11.0
819184,147.0
819232,190.0
819424,87.0
819536,61.0
819712,132.0
819808,24.0
819824,74.0
819904,61.0
819920,141.0
819952,74.0
820000,105.0
820112,13.0
820112,58.0
820128,92.0
820208,65.0
820240,132.0
820496,31.0
820544,124.0
820624,50.0
820688,61.0
820720,162.0
820912,50.0
820928,13.0
820944,71.0
821088,11.0
821168,102.0
821200,176.0
821248,35.0
821344,132.0
821584,102.0
821632,71.0
821888,50.0
821904,60.0
821968,89.0
822160,122.0
822208,143.0
822256,57.0
822272,127.0
822336,139.0
822624,22.0
822656,158.0
822688,110.0
822688,129.0
822800,73.0
823296,133.0
823408,114.0
823776,70.0
823904,126.0
823936,105.0
823968,84.0
824048,107.0
824048,85.0
824048,85.0
824080,80.0
824112,179.0
824208,10.0
824400,12.0
824688,155.0
824896,187.0
824912,172.0
824944,56.0
824976,54.0
824992,64.0
825120,197.0
825168,12.0
825184,88.0
825408,92.0
825552,141.0
825600,44.0
825824,120.0
825968,118.0
826000,100.0
826032,124.0
826160,62.0
826288,180.0
826304,101.0
826352,90.0
826448,83.0
826480,28.0
826608,101.0
826784,86.0
826880,80.0
826992,90.0
826992,362.0
827008,74.0
827040,116.0
827424,59.0
827424,91.0
827472,158.0
827856,106.0
828032,109.0
828240,51.0
828368,93.0
828368,85.0
828432,90.0
828512,108.0
828528,69.0
828544,140.0
828544,97.0
828576,133.0
828592,162.0
828672,129.0
828848,11.0
828880,158.0
828912,23.0
829200,135.0
829376,33.0
829408,86.0
829792,89.0
829824,123.0
829840,29.0
829968,89.0
830032,160.0
830080,93.0
830288,13.0
830656,111.0
830752,84.0
830768,146.0
830832,34.0
830912,107.0
830944,151.0
830976,171.0
831024,74.0
831040,167.0
831152,140.0
831264,20.0
831360,20.0
831392,180.0
831536,109.0
831744,61.0
831824,125.0
831904,208.0
831936,60.0
831952,75.0
832080,89.0
832160,14.0
832336,67.0
832480,91.0
832544,63.0
832592,110.0
832688,166.0
832944,97.0
833360,91.0
833424,129.0
833440,60.0
833472,145.0
833616,80.0
833744,236.0
833744,19.0
833824,117.0
834048,144.0
834176,77.0
834208,101.0
834272,153.0
834336,214.0
834352,62.0
834656,161.0
834800,132.0
834816,142.0
834848,64.0
835152,51.0
835200,24.0
835312,118.0
835344,73.0
835344,117.0
835472,116.0
835568,23.0
835664,20.0
835680,88.0
835680,64.0
835728,95.0
835760,126.0
835888,65.0
835984,121.0
836048,44.0
836192,29.0
836208,28.0
836544,137.0
836784,190.0
836784,36.0
836800,77.0
836880,295.0
836912,45.0
836928,91.0
837040,15.0
837264,99.0
837408,163.0
837424,24.0
837440,110.0
837440,11.0
837504,101.0
837584,100.0
837600,12.0
837632,99.0
837648,156.0
837744,60.0
837744,75.0
837776,154.0
837808,56.0
837872,68.0
838064,40.0
838064,16.0
838096,73.0
838112,77.0
838272,163.0
838400,41.0
838576,50.0
838624,55.0
838752,69.0
838944,67.0
838960,95.0
839136,106.0
839408,84.0
839616,132.0
839776,40.0
839840,109.0
839920,143.0
840032,152.0
840064,18.0
840128,94.0
840224,122.0
840256,14.0
840256,167.0
840304,140.0
840480,148.0
840560,113.0
840768,113.0
840816,151.0
841040,57.0
841056,155.0
841088,54.0
841104,106.0
841232,87.0
841312,47.0
841344,150.0
841520,13.0
841552,121.0
841616,97.0
841664,74.0
842272,73.0
842336,127.0
842448,102.0
842512,73.0
842544,91.0
842720,154.0
842736,74.0
842848,183.0
842912,36.0
842944,80.0
843008,87.0
843344,143.0
843344,193.0
843360,68.0
843472,152.0
843552,145.0
843824,57.0
843856,84.0
843920,150.0
844048,94.0
844048,83.0
844240,77.0
844256,82.0
844320,99.0
844480,232.0
844512,65.0
844512,60.0
844528,130.0
844704,41.0
844720,25.0
844752,87.0
844832,49.0
844944,68.0
845024,48.0
845152,83.0
845456,163.0
845696,62.0
845872,11.0
845936,89.0
846032,168.0
846032,97.0
846064,114.0
846096,86.0
846144,175.0
846288,110.0
846528,86.0
846640,74.0
846704,38.0
847040,73.0
847088,146.0
847248,171.0
847280,146.0
847296,72.0
847488,154.0
847504,224.0
847600,67.0
847648,63.0
847648,101.0
847712,103.0
848016,108.0
848304,50.0
848320,218.0
848384,147.0
848448,85.0
848544,163.0
848576,80.0
848672,14.0
848704,69.0
849360,145.0
849520,140.0
849584,55.0
849712,83.0
849712,106.0
849728,88.0
849856,197.0
849984,146.0
850016,27.0
850192,103.0
850272,160.0
850448,134.0
850592,36.0
850624,57.0
850640,58.0
850832,224.0
850848,16.0
850896,213.0
850928,59.0
850944,206.0
851008,152.0
851008,72.0
851120,42.0
851136,13.0
851184,11.0
851264,62.0
851360,14.0
851920,203.0
852016,156.0
852160,72.0
852176,84.0
852256,85.0
852272,83.0
852368,108.0
852496,77.0
852528,105.0
852544,147.0
852784,191.0
852864,53.0
852944,110.0
853008,118.0
853024,69.0
853040,11.0
853232,163.0
853296,246.0
853424,30.0
853472,61.0
853536,86.0
854016,103.0
854016,77.0
854096,171.0
854128,69.0
854288,78.0
854400,61.0
854512,140.0
854736,38.0
854784,48.0
854848,52.0
854944,103.0
854992,91.0
854992,124.0
855024,11.0
855200,184.0
855296,114.0
855664,58.0
855744,200.0
855760,48.0
855792,204.0
855792,63.0
855840,229.0
855904,87.0
855936,46.0
856096,106.0
856224,75.0
856304,63.0
856352,141.0
856416,47.0
856768,22.0
856960,54.0
857072,240.0
857120,136.0
857200,90.0
857232,140.0
857408,101.0
857472,102.0
857568,50.0
857632,209.0
857680,109.0
857696,36.0
857744,125.0
857824,92.0
857872,11.0
857904,31.0
858032,133.0
858112,57.0
858128,119.0
858320,68.0
858496,39.0
858784,114.0
858800,70.0
858880,71.0
858944,82.0
859056,172.0
859232,215.0
859328,63.0
859328,34.0
859344,90.0
859392,98.0
859536,89.0
859648,72.0
859808,140.0
859840,148.0
859968,57.0
859968,73.0
860096,123.0
860144,79.0
860432,69.0
860880,97.0
860880,49.0
860928,60.0
860944,242.0
861024,130.0
861216,117.0
861312,92.0
861488,216.0
861568,146.0
861632,44.0
861840,56.0
861856,138.0
861904,64.0
861984,126.0
862000,43.0
862048,64.0
862320,136.0
862464,56.0
862496,54.0
862512,195.0
862672,179.0
862800,21.0
862896,56.0
862976,159.0
862976,67.0
863024,218.0
863056,98.0
863312,62.0
863360,82.0
863744,59.0
863744,27.0
863760,68.0
863760,120.0
863968,91.0
864000,134.0
864000,195.0
864176,105.0
864176,80.0
864304,78.0
864640,55.0
864640,214.0
864688,43.0
864960,121.0
864992,102.0
865296,145.0
865392,103.0
865408,77.0
865728,234.0
865760,70.0
865824,129.0
865952,14.0
866240,204.0
866288,83.0
866288,143.0
866352,33.0
866384,106.0
866496,94.0
866560,162.0
866720,151.0
866752,62.0
866880,92.0
866896,197.0
866976,105.0
867248,17.0
867280,33.0
867424,92.0
867472,130.0
867504,72.0
867520,180.0
867872,86.0
867888,83.0
867936,103.0
868048,242.0
868096,76.0
868576,44.0
868640,141.0
868880,85.0
868928,168.0
868992,66.0
869008,96.0
869008,132.0
869152,69.0
869168,153.0
869424,136.0
869440,97.0
869504,88.0
869632,30.0
869712,152.0
870208,76.0
870272,173.0
870384,86.0
870480,97.0
870496,120.0
870640,125.0
870688,204.0
870704,106.0
870768,280.0
870880,25.0
870896,92.0
871024,134.0
871040,34.0
871056,53.0
871088,51.0
871088,91.0
871104,13.0
871152,107.0
871280,32.0
871328,39.0
871360,103.0
871520,71.0
871648,134.0
872176,70.0
872272,102.0
872480,87.0
872496,208.0
872512,62.0
872864,114.0
872880,38.0
873232,122.0
873328,53.0
873344,124.0
873600,182.0
873632,144.0
873632,124.0
873712,160.0
873840,172.0
873968,69.0
874144,123.0
874384,210.0
874400,220.0
874432,208.0
874432,97.0
874608,61.0
874672,67.0
874688,45.0
874752,88.0
874880,78.0
875280,90.0
875312,40.0
875344,102.0
875392,62.0
875712,25.0
875792,206.0
875872,90.0
875904,95.0
876160,177.0
876208,129.0
876208,51.0
876224,187.0
876336,29.0
876352,12.0
876368,101.0
876656,111.0
877216,174.0
877360,63.0
877488,111.0
877616,142.0
877680,92.0
877696,119.0
877760,69.0
877760,87.0
877792,199.0
877968,168.0
878080,116.0
878176,142.0
878352,134.0
878448,371.0
878528,240.0
878576,140.0
878640,80.0
878960,84.0
879104,41.0
879360,100.0
879536,145.0
879536,109.0
879552,92.0
879616,116.0
879648,135.0
879968,54.0
880144,154.0
880240,142.0
880272,102.0
880304,163.0
880400,128.0
880576,128.0
880624,128.0
880704,27.0
880864,83.0
881008,27.0
881088,53.0
881136,52.0
881616,33.0
881648,217.0
881776,135.0
881824,89.0
881888,109.0
882112,134.0
882160,32.0
882176,97.0
882208,94.0
882304,43.0
882480,101.0
882480,17.0
882624,53.0
882912,211.0
883008,253.0
883136,82.0
883216,241.0
883280,134.0
883328,72.0
883568,88.0
883568,245.0
883648,84.0
883792,41.0
883808,120.0
884176,24.0
884304,105.0
884448,73.0
884560,222.0
884608,65.0
884992,74.0
885056,344.0
885312,47.0
885424,151.0
885520,122.0
885664,146.0
885664,199.0
885712,175.0
885776,100.0
886112,227.0
886288,105.0
886368,37.0
886608,15.0
886608,212.0
886624,145.0
886624,98.0
886848,150.0
886896,92.0
886944,80.0
887136,218.0
887216,38.0
887264,72.0
887280,323.0
887424,119.0
887552,118.0
887648,166.0
887952,84.0
888576,105.0
888720,152.0
888768,114.0
888784,103.0
888800,78.0
888832,124.0
888976,12.0
889104,212.0
889120,115.0
889120,92.0
889312,21.0
889424,257.0
889648,189.0
889696,24.0
889776,41.0
890016,15.0
890032,173.0
890192,223.0
890800,123.0
890880,183.0
890928,219.0
891008,119.0
891072,142.0
891088,123.0
891168,162.0
891168,153.0
891328,160.0
891488,43.0
891776,133.0
891808,58.0
891872,153.0
891888,45.0
891952,120.0
891968,40.0
892176,73.0
892240,139.0
892512,90.0
892512,64.0
892528,177.0
892576,103.0
892848,105.0
892864,111.0
892896,59.0
892896,45.0
892960,173.0
893088,75.0
893136,39.0
893264,378.0
893456,58.0
893520,63.0
893632,46.0
893952,136.0
894048,113.0
894096,143.0
894160,75.0
894224,60.0
894256,149.0
894272,86.0
894304,53.0
894416,98.0
894432,21.0
894448,99.0
894608,41.0
894896,145.0
895136,54.0
895136,44.0
895184,104.0
895200,72.0
895312,66.0
895504,151.0
895536,119.0
895648,65.0
895664,90.0
895808,87.0
895840,105.0
895872,171.0
895984,28.0
895984,68.0
896080,36.0
896112,113.0
896208,67.0
896496,81.0
896592,58.0
896640,91.0
896656,95.0
896704,52.0
896752,42.0
896896,57.0
896976,83.0
896992,22.0
897040,58.0
897040,52.0
897168,325.0
897200,76.0
897248,175.0
897344,96.0
897376,24.0
897504,38.0
897520,105.0
897600,59.0
897792,47.0
897968,76.0
898208,181.0
898288,112.0
898336,62.0
898336,46.0
898400,89.0
898464,110.0
898512,14.0
898528,72.0
898640,71.0
898672,92.0
898848,100.0
898896,116.0
899008,65.0
899120,158.0
899168,41.0
899264,109.0
899504,81.0
899616,59.0
899616,22.0
899888,93.0
899888,97.0
900064,11.0
900208,117.0
900224,86.0
900272,113.0
900416,203.0
900528,171.0
900560,59.0
900768,44.0
900816,82.0
900816,106.0
900880,79.0
900928,32.0
901120,77.0
901136,58.0
901200,144.0
901200,167.0
901328,12.0
901568,150.0
901584,64.0
901584,161.0
901712,49.0
901824,63.0
901888,43.0
901936,107.0
902000,77.0
902064,96.0
902256,226.0
902288,44.0
902592,44.0
902608,80.0
902656,115.0
902688,98.0
902688,69.0
902944,16.0
903328,110.0
903344,95.0
903440,74.0
903696,16.0
903792,162.0
903824,110.0
903872,121.0
904016,196.0
904064,17.0
904176,244.0
904208,97.0
904208,101.0
904320,86.0
904352,21.0
904464,40.0
904544,23.0
904592,124.0
904592,119.0
904608,79.0
904688,150.0
904752,25.0
904784,11.0
904976,27.0
905088,39.0
905248,120.0
905488,89.0
905488,56.0
905600,87.0
905728,233.0
905744,96.0
905776,130.0
905920,100.0
906048,79.0
906128,86.0
906336,13.0
906480,77.0
906640,72.0
906864,118.0
907008,120.0
907104,85.0
907120,95.0
907136,204.0
907232,109.0
907328,13.0
907344,166.0
907360,16.0
907408,105.0
907520,363.0
907664,19.0
907776,108.0
907792,28.0
908176,150.0
908336,75.0
908384,154.0
908464,124.0
908608,75.0
908752,60.0
908768,69.0
908896,141.0
908944,121.0
908960,102.0
908976,274.0
909040,18.0
909040,95.0
909408,136.0
909424,160.0
909520,109.0
909584,39.0
909648,79.0
909728,43.0
909744,71.0
909856,51.0
910016,105.0
910176,28.0
910240,92.0
910560,71.0
910736,62.0
910880,64.0
910896,55.0
910976,127.0
910976,125.0
910976,46.0
911152,11.0
911280,194.0
911296,107.0
911376,123.0
911424,111.0
911424,119.0
911504,39.0
911616,90.0
911680,201.0
911728,177.0
911792,11.0
912304,72.0
912384,41.0
912416,95.0
912448,92.0
912528,123.0
912640,119.0
912800,31.0
912832,97.0
912976,97.0
913024,77.0
913056,86.0
913104,133.0
913104,100.0
913344,120.0
913472,31.0
913632,62.0
913744,40.0
913856,155.0
913856,83.0
914048,172.0
914112,104.0
914112,66.0
914176,112.0
914336,500.0
914416,82.0
914560,32.0
914608,79.0
915040,126.0
915088,47.0
915200,68.0
915296,74.0
915392,76.0
915440,52.0
915552,172.0
915568,197.0
915696,122.0
915728,27.0
915760,13.0
915776,76.0
915872,150.0
915984,49.0
916032,150.0
916080,65.0
916144,143.0
916192,31.0
916224,15.0
916336,219.0
916352,156.0
916432,126.0
916448,26.0
916704,71.0
916736,61.0
916800,64.0
916848,110.0
916912,11.0
917280,75.0
917488,72.0
917648,141.0
917744,87.0
917904,105.0
917936,112.0
917968,20.0
917968,70.0
917984,74.0
918288,160.0
918448,161.0
918464,74.0
918512,38.0
918656,122.0
918672,74.0
918864,36.0
919008,176.0
919104,40.0
919152,170.0
919504,162.0
919552,113.0
919600,260.0
919648,107.0
919680,73.0
919712,79.0
919744,206.0
920048,59.0
920160,136.0
920176,95.0
920192,32.0
920272,144.0
920496,56.0
920528,86.0
920640,62.0
920736,36.0
920832,41.0
920992,31.0
921216,64.0
921248,94.0
921456,218.0
921584,96.0
921664,64.0
921696,44.0
921728,30.0
921760,181.0
921840,24.0
922000,92.0
922064,191.0
922080,26.0
922096,214.0
922144,165.0
922208,121.0
922224,63.0
922336,94.0
922432,21.0
922640,55.0
922880,41.0
922928,77.0
923008,59.0
923072,27.0
923136,224.0
923248,221.0
923408,105.0
923488,26.0
923552,123.0
923776,56.0
923776,111.0
923776,102.0
923936,58.0
923984,111.0
924080,109.0
924272,152.0
924432,74.0
924464,24.0
924480,67.0
924720,112.0
924800,254.0
924944,87.0
925200,129.0
925280,51.0
925328,53.0
925520,109.0
925584,219.0
925712,111.0
925840,213.0
925920,93.0
925936,122.0
926016,140.0
926144,51.0
926320,95.0
926384,54.0
926384,69.0
926384,181.0
926400,91.0
926688,182.0
926704,70.0
926768,156.0
926896,12.0
926928,138.0
927168,123.0
927184,84.0
927296,57.0
927344,64.0
927904,124.0
927936,63.0
928000,82.0
928080,121.0
928240,116.0
928336,150.0
928352,146.0
928384,28.0
928464,73.0
928544,40.0
928720,96.0
928896,97.0
928896,108.0
928944,38.0
928960,160.0
929072,67.0
929200,144.0
929232,17.0
929248,155.0
929264,180.0
929424,232.0
929488,59.0
929696,29.0
929744,104.0
929776,33.0
929824,21.0
929840,100.0
929904,97.0
930064,14.0
930096,102.0
930160,29.0
930160,90.0
930256,52.0
930416,84.0
930496,37.0
930736,36.0
930864,104.0
930912,71.0
930912,68.0
931040,166.0
931168,142.0
931232,93.0
931296,127.0
931360,81.0
931584,89.0
931760,33.0
931776,80.0
931840,99.0
931872,111.0
931968,77.0
932000,68.0
932032,70.0
932176,51.0
932496,130.0
932608,90.0
932656,101.0
932672,86.0
932688,114.0
932960,75.0
933008,25.0
933024,72.0
933072,93.0
933296,275.0
933328,52.0
933328,20.0
933328,274.0
933424,99.0
933504,11.0
933584,99.0
933616,115.0
933984,113.0
934000,84.0
934016,66.0
934192,139.0
934208,44.0
934224,137.0
934544,60.0
934752,89.0
934784,91.0
934816,134.0
935120,94.0
935216,42.0
935248,136.0
935280,80.0
935408,124.0
935456,135.0
935472,174.0
935552,85.0
935584,98.0
935680,106.0
935680,92.0
935728,169.0
935824,44.0
935920,32.0
935936,72.0
936176,60.0
936352,11.0
936416,73.0
936672,87.0
936720,156.0
936848,58.0
937040,98.0
937088,96.0
937168,28.0
937184,94.0
937200,95.0
937328,94.0
937376,160.0
937392,121.0
937888,196.0
937888,96.0
938000,72.0
938128,107.0
938384,76.0
938416,86.0
938544,117.0
938560,186.0
938688,94.0
938896,185.0
939008,63.0
939024,102.0
939024,114.0
939120,109.0
939184,39.0
939232,84.0
939360,51.0
939424,15.0
939424,46.0
939664,146.0
939792,48.0
939808,36.0
939936,128.0
939968,99.0
940112,68.0
940208,49.0
940208,112.0
940304,286.0
940336,76.0
940352,204.0
940496,93.0
940672,55.0
940736,82.0
940816,53.0
940944,80.0
941056,106.0
941232,81.0
941264,91.0
941440,83.0
941600,87.0
941616,82.0
941680,63.0
941824,183.0
941936,108.0
941968,92.0
942048,51.0
942112,110.0
942160,89.0
942240,257.0
942400,36.0
942448,94.0
942592,41.0
942768,68.0
942800,154.0
942832,111.0
942880,129.0
942880,30.0
942976,63.0
943264,24.0
943376,83.0
943664,94.0
943664,128.0
943680,50.0
943760,156.0
943760,103.0
943856,66.0
944048,12.0
944064,154.0
944336,18.0
944352,110.0
944352,132.0
944384,44.0
944432,48.0
944432,104.0
944496,95.0
944736,119.0
944880,152.0
945088,46.0
945104,90.0
945136,231.0
945520,110.0
945552,112.0
945728,86.0
945808,45.0
945824,87.0
945840,84.0
945856,155.0
945920,166.0
946144,20.0
946336,100.0
946432,44.0
946480,128.0
946496,101.0
946512,41.0
946592,138.0
946640,68.0
946656,14.0
946672,54.0
946704,165.0
946800,106.0
947056,170.0
947088,38.0
947216,106.0
947360,64.0
947424,52.0
947440,100.0
947584,104.0
947728,76.0
947856,74.0
947856,170.0
947872,76.0
948032,59.0
948064,120.0
948192,87.0
948272,13.0
948336,61.0
948512,117.0
949088,56.0
949264,173.0
949328,66.0
949392,136.0
949440,116.0
949632,161.0
949648,112.0
949840,132.0
949936,130.0
950032,163.0
950208,173.0
950288,75.0
950432,69.0
950544,127.0
950560,139.0
950576,169.0
950816,97.0
950960,83.0
950960,183.0
950992,60.0
951120,80.0
951280,102.0
951296,85.0
951328,118.0
951472,298.0
951824,31.0
951840,34.0
951984,162.0
952000,10.0
952016,64.0
952128,120.0
952368,23.0
952448,135.0
952560,36.0
952704,118.0
952768,138.0
952784,82.0
952944,150.0
953024,36.0
953040,130.0
953184,26.0
953232,88.0
953296,170.0
953312,137.0
953328,24.0
953872,116.0
953904,217.0
954016,49.0
954176,55.0
954272,77.0
954448,79.0
954576,117.0
954720,87.0
954720,135.0
954848,223.0
954896,173.0
955008,106.0
955264,269.0
955360,187.0
955440,62.0
955504,83.0
955520,101.0
955536,79.0
955600,108.0
955760,186.0
955776,110.0
956016,81.0
956224,200.0
956384,86.0
956592,51.0
956768,120.0
956848,52.0
956864,69.0
957136,100.0
957184,163.0
957200,110.0
957328,163.0
957360,131.0
957488,45.0
957552,128.0
957600,140.0
957696,175.0
958256,56.0
958320,62.0
958496,103.0
958544,189.0
958720,116.0
958864,108.0
958960,171.0
959056,85.0
959344,134.0
959408,176.0
959424,190.0
959456,71.0
959568,149.0
959600,125.0
959760,76.0
959840,49.0
959856,148.0
959888,102.0
959920,36.0
960064,11.0
960320,91.0
960544,68.0
960576,51.0
960608,75.0
960656,121.0
961088,93.0
961200,85.0
961200,350.0
961328,49.0
961600,253.0
961648,108.0
961952,149.0
962160,144.0
962352,79.0
962384,145.0
962400,186.0
962416,48.0
962416,245.0
962432,69.0
962432,132.0
962560,225.0
962688,127.0
962896,143.0
963024,153.0
963184,99.0
963328,133.0
963552,87.0
963648,81.0
963648,77.0
963888,91.0
964048,64.0
964080,106.0
964112,89.0
964160,38.0
964384,114.0
964512,132.0
964512,207.0
964560,86.0
964864,30.0
964928,156.0
964992,161.0
965024,32.0
965072,136.0
965360,213.0
965408,81.0
965696,74.0
965728,44.0
966016,121.0
966192,70.0
966208,84.0
966240,105.0
966368,170.0
966944,181.0
967008,80.0
967168,136.0
967184,111.0
967472,80.0
967552,244.0
967648,88.0
967824,246.0
967888,137.0
967920,61.0
967968,238.0
968080,117.0
968176,18.0
968368,51.0
968464,221.0
968480,92.0
968512,83.0
968528,85.0
968624,141.0
968928,223.0
969184,79.0
969456,124.0
969552,108.0
969760,80.0
969760,99.0
969872,112.0
969888,86.0
969888,60.0
969952,48.0
969968,13.0
970096,423.0
970128,100.0
970160,106.0
970256,163.0
970416,112.0
970432,154.0
970496,38.0
970544,68.0
970640,289.0
970640,34.0
970816,59.0
970848,60.0
971312,51.0
971312,42.0
971328,85.0
971664,77.0
971664,107.0
971696,208.0
971696,134.0
972176,102.0
972288,135.0
972304,159.0
972320,119.0
972672,151.0
972704,116.0
972864,97.0
973216,97.0
973424,70.0
973456,176.0
973536,78.0
973568,140.0
973584,173.0
974032,107.0
974160,156.0
974304,68.0
974400,139.0
974432,53.0
974448,196.0
974592,277.0
974704,188.0
974720,128.0
974800,86.0
975072,65.0
975120,42.0
975328,164.0
975344,155.0
975392,121.0
975456,81.0
975536,51.0
975680,249.0
975744,90.0
975808,86.0
975920,37.0
975968,150.0
976160,98.0
976272,171.0
976384,124.0
976576,94.0
976640,81.0
976736,58.0
977008,118.0
977072,43.0
977152,153.0
977344,67.0
977440,95.0
977568,62.0
977808,129.0
977920,80.0
978096,169.0
978176,52.0
978208,48.0
978240,160.0
978240,174.0
978256,216.0
978288,172.0
978448,86.0
978448,143.0
978592,49.0
978624,26.0
978768,101.0
979040,37.0
979136,56.0
979216,81.0
979232,59.0
979312,209.0
979408,77.0
979552,69.0
979696,90.0
979712,186.0
979712,59.0
979744,136.0
980080,124.0
980144,196.0
980336,107.0
980480,21.0
980800,68.0
980896,75.0
981024,112.0
981120,124.0
981168,110.0
981328,111.0
981360,173.0
981376,102.0
981456,134.0
981600,79.0
981648,20.0
981792,130.0
981920,115.0
981984,94.0
982016,14.0
982288,203.0
982400,260.0
982480,105.0
982496,205.0
982512,84.0
982512,66.0
982592,59.0
983168,55.0
983168,142.0
983184,113.0
983216,75.0
983232,117.0
983344,109.0
983488,98.0
983520,70.0
983536,64.0
983616,102.0
983664,159.0
983664,72.0
983840,11.0
983888,45.0
984192,63.0
984272,66.0
984400,66.0
984464,77.0
984656,136.0
984688,137.0
985056,87.0
985248,102.0
985264,38.0
985264,265.0
985296,88.0
985520,52.0
985552,126.0
985584,74.0
985968,111.0
986096,183.0
986208,41.0
986576,82.0
986656,254.0
986768,95.0
986784,157.0
986816,95.0
987040,95.0
987056,221.0
987104,226.0
987152,118.0
987248,72.0
987280,39.0
987392,222.0
987584,86.0
987632,198.0
987680,131.0
987776,75.0
987904,178.0
988192,65.0
988592,93.0
988720,90.0
988880,115.0
988976,135.0
989056,92.0
989088,106.0
989360,132.0
989360,144.0
989376,92.0
989392,214.0
989520,109.0
989520,171.0
989632,47.0
990128,210.0
990160,74.0
990256,161.0
990288,131.0
990352,60.0
990784,31.0
990928,88.0
990928,81.0
990944,99.0
991040,104.0
991328,140.0
991392,117.0
991392,167.0
991520,154.0
991568,186.0
991712,147.0
991760,94.0
991840,17.0
992048,106.0
992400,92.0
992480,145.0
992528,99.0
992576,78.0
992576,46.0
992736,113.0
992848,129.0
993024,82.0
993088,83.0
993120,108.0
993264,139.0
993360,123.0
993568,13.0
993632,66.0
993888,48.0
993888,235.0
994000,72.0
994048,401.0
994320,109.0
994448,120.0
994512,78.0
994560,58.0
994608,138.0
994864,54.0
994864,176.0
994960,139.0
994976,68.0
995168,228.0
995184,169.0
995376,13.0
995392,114.0
995648,43.0
995680,51.0
995968,184.0
996176,104.0
996224,136.0
996320,117.0
996512,164.0
996528,71.0
996560,217.0
996672,64.0
996896,143.0
996896,127.0
997344,104.0
997376,66.0
997696,170.0
997760,78.0
997808,164.0
997872,106.0
997872,207.0
997984,229.0
998208,177.0
998352,133.0
998432,119.0
998576,163.0
998624,54.0
998640,41.0
998752,116.0
998816,15.0
998880,96.0
998912,147.0
998992,40.0
999104,81.0
999312,165.0
999488,132.0
999600,49.0
999616,88.0
999728,116.0
999824,52.0
999872,90.0
999904,11.0
1000000,68.0
1000144,142.0
1000208,157.0
1000592,123.0
1000720,123.0
1000800,56.0
1000848,85.0
1000880,79.0
1000912,127.0
1001024,11.0
1001136,156.0
1001152,80.0
1001200,131.0
1001200,100.0
1001216,12.0
1001232,271.0
1001360,85.0
1001424,100.0
1001536,24.0
1001856,103.0
1001920,45.0
1002032,70.0
1002080,121.0
1002096,94.0
1002240,183.0
1002272,57.0
1002352,102.0
1002544,84.0
1002560,64.0
1002864,59.0
1002944,54.0
1002944,57.0
1002992,116.0
1003024,42.0
1003056,32.0
1003072,76.0
1003120,55.0
1003136,119.0
1003184,144.0
1003200,13.0
1003472,141.0
1003568,63.0
1003600,136.0
1003904,60.0
1003920,66.0
1004112,57.0
1004112,65.0
1004240,74.0
1004288,218.0
1004304,73.0
1004368,142.0
1004464,34.0
1004576,97.0
1004688,151.0
1004704,15.0
1005088,134.0
1005344,117.0
1005408,139.0
1005584,55.0
1005632,84.0
1005840,140.0
1005904,100.0
1005936,127.0
1006016,11.0
1006128,110.0
1006192,69.0
1006192,130.0
1006224,132.0
1006416,136.0
1006512,73.0
1006592,119.0
1006784,229.0
1006816,39.0
1007136,63.0
1007296,67.0
1007344,58.0
1007376,35.0
1007392,239.0
1007440,53.0
1007536,64.0
1007584,103.0
