(neat) PS D:\Git\ga_combine\source_code\multi_ppo_cartpole_4.5M> python ppo_cartpole_4.5M.py
=== Starting E2E PPO Vision Baseline (Strict Time-Equivalent) Tests ===
Target Score: 495.0 | Max Steps Allowed: 4500000


--- Running Seed 101 (1/5) with 16 parallel workers ---
    [Progress] Steps: 10000 | Elapsed: 14.6s | Recent 20-Ep Avg Reward: 26.3
    [Progress] Steps: 20000 | Elapsed: 27.7s | Recent 20-Ep Avg Reward: 25.1
    [Progress] Steps: 30000 | Elapsed: 41.2s | Recent 20-Ep Avg Reward: 27.1
    [Progress] Steps: 40000 | Elapsed: 54.7s | Recent 20-Ep Avg Reward: 44.5
    [Progress] Steps: 50000 | Elapsed: 73.3s | Recent 20-Ep Avg Reward: 42.4
    [Progress] Steps: 60000 | Elapsed: 86.1s | Recent 20-Ep Avg Reward: 45.5
    [Progress] Steps: 70000 | Elapsed: 98.6s | Recent 20-Ep Avg Reward: 39.3
    [Progress] Steps: 80000 | Elapsed: 111.6s | Recent 20-Ep Avg Reward: 43.9
    [Progress] Steps: 90000 | Elapsed: 124.5s | Recent 20-Ep Avg Reward: 52.1
    [Progress] Steps: 100000 | Elapsed: 142.5s | Recent 20-Ep Avg Reward: 49.0
    [Progress] Steps: 110000 | Elapsed: 155.1s | Recent 20-Ep Avg Reward: 48.5
    [Progress] Steps: 120000 | Elapsed: 167.5s | Recent 20-Ep Avg Reward: 46.1
    [Progress] Steps: 130000 | Elapsed: 180.1s | Recent 20-Ep Avg Reward: 51.0
    [Progress] Steps: 140000 | Elapsed: 198.1s | Recent 20-Ep Avg Reward: 51.0
    [Progress] Steps: 150000 | Elapsed: 210.8s | Recent 20-Ep Avg Reward: 46.1
    [Progress] Steps: 160000 | Elapsed: 223.4s | Recent 20-Ep Avg Reward: 43.7
    [Progress] Steps: 170000 | Elapsed: 236.2s | Recent 20-Ep Avg Reward: 52.0
    [Progress] Steps: 180000 | Elapsed: 248.8s | Recent 20-Ep Avg Reward: 50.8
    [Progress] Steps: 190000 | Elapsed: 266.7s | Recent 20-Ep Avg Reward: 49.0
    [Progress] Steps: 200000 | Elapsed: 279.7s | Recent 20-Ep Avg Reward: 41.9
    [Progress] Steps: 210000 | Elapsed: 292.5s | Recent 20-Ep Avg Reward: 40.4
    [Progress] Steps: 220000 | Elapsed: 305.4s | Recent 20-Ep Avg Reward: 44.9
    [Progress] Steps: 230000 | Elapsed: 323.2s | Recent 20-Ep Avg Reward: 47.1
    [Progress] Steps: 240000 | Elapsed: 336.0s | Recent 20-Ep Avg Reward: 43.9
    [Progress] Steps: 250000 | Elapsed: 348.4s | Recent 20-Ep Avg Reward: 51.4
    [Progress] Steps: 260000 | Elapsed: 361.4s | Recent 20-Ep Avg Reward: 44.8
    [Progress] Steps: 270000 | Elapsed: 374.1s | Recent 20-Ep Avg Reward: 40.2
    [Progress] Steps: 280000 | Elapsed: 392.3s | Recent 20-Ep Avg Reward: 44.0
    [Progress] Steps: 290000 | Elapsed: 405.1s | Recent 20-Ep Avg Reward: 37.8
    [Progress] Steps: 300000 | Elapsed: 418.0s | Recent 20-Ep Avg Reward: 49.7
    [Progress] Steps: 310000 | Elapsed: 431.0s | Recent 20-Ep Avg Reward: 45.4
    [Progress] Steps: 320000 | Elapsed: 449.2s | Recent 20-Ep Avg Reward: 53.3
    [Progress] Steps: 330000 | Elapsed: 461.7s | Recent 20-Ep Avg Reward: 52.1
    [Progress] Steps: 340000 | Elapsed: 474.3s | Recent 20-Ep Avg Reward: 36.5
    [Progress] Steps: 350000 | Elapsed: 487.0s | Recent 20-Ep Avg Reward: 39.9
    [Progress] Steps: 360000 | Elapsed: 499.7s | Recent 20-Ep Avg Reward: 48.5
    [Progress] Steps: 370000 | Elapsed: 517.8s | Recent 20-Ep Avg Reward: 42.5
    [Progress] Steps: 380000 | Elapsed: 530.7s | Recent 20-Ep Avg Reward: 42.9
    [Progress] Steps: 390000 | Elapsed: 543.4s | Recent 20-Ep Avg Reward: 42.8
    [Progress] Steps: 400000 | Elapsed: 556.4s | Recent 20-Ep Avg Reward: 42.2
    [Progress] Steps: 410000 | Elapsed: 574.3s | Recent 20-Ep Avg Reward: 42.9
    [Progress] Steps: 420000 | Elapsed: 587.0s | Recent 20-Ep Avg Reward: 42.8
    [Progress] Steps: 430000 | Elapsed: 599.6s | Recent 20-Ep Avg Reward: 48.3
    [Progress] Steps: 440000 | Elapsed: 612.0s | Recent 20-Ep Avg Reward: 45.1
    [Progress] Steps: 450000 | Elapsed: 624.7s | Recent 20-Ep Avg Reward: 51.7
    [Progress] Steps: 460000 | Elapsed: 643.0s | Recent 20-Ep Avg Reward: 49.8
    [Progress] Steps: 470000 | Elapsed: 655.9s | Recent 20-Ep Avg Reward: 45.2
    [Progress] Steps: 480000 | Elapsed: 668.5s | Recent 20-Ep Avg Reward: 41.9
    [Progress] Steps: 490000 | Elapsed: 681.2s | Recent 20-Ep Avg Reward: 41.9
    [Progress] Steps: 500000 | Elapsed: 699.4s | Recent 20-Ep Avg Reward: 40.0
    [Progress] Steps: 510000 | Elapsed: 712.0s | Recent 20-Ep Avg Reward: 41.5
    [Progress] Steps: 520000 | Elapsed: 724.8s | Recent 20-Ep Avg Reward: 52.9
    [Progress] Steps: 530000 | Elapsed: 737.5s | Recent 20-Ep Avg Reward: 47.5
    [Progress] Steps: 540000 | Elapsed: 750.4s | Recent 20-Ep Avg Reward: 46.4
    [Progress] Steps: 550000 | Elapsed: 768.7s | Recent 20-Ep Avg Reward: 44.0
    [Progress] Steps: 560000 | Elapsed: 781.6s | Recent 20-Ep Avg Reward: 46.5
    [Progress] Steps: 570000 | Elapsed: 794.3s | Recent 20-Ep Avg Reward: 44.2
    [Progress] Steps: 580000 | Elapsed: 807.4s | Recent 20-Ep Avg Reward: 43.5
    [Progress] Steps: 590000 | Elapsed: 825.3s | Recent 20-Ep Avg Reward: 52.5
    [Progress] Steps: 600000 | Elapsed: 838.2s | Recent 20-Ep Avg Reward: 43.1
    [Progress] Steps: 610000 | Elapsed: 850.7s | Recent 20-Ep Avg Reward: 48.0
    [Progress] Steps: 620000 | Elapsed: 863.2s | Recent 20-Ep Avg Reward: 43.3
    [Progress] Steps: 630000 | Elapsed: 876.3s | Recent 20-Ep Avg Reward: 39.1
    [Progress] Steps: 640000 | Elapsed: 894.4s | Recent 20-Ep Avg Reward: 54.5
    [Progress] Steps: 650000 | Elapsed: 907.1s | Recent 20-Ep Avg Reward: 44.6
    [Progress] Steps: 660000 | Elapsed: 919.8s | Recent 20-Ep Avg Reward: 44.6
    [Progress] Steps: 670000 | Elapsed: 932.8s | Recent 20-Ep Avg Reward: 40.2
    [Progress] Steps: 680000 | Elapsed: 950.9s | Recent 20-Ep Avg Reward: 41.5
    [Progress] Steps: 690000 | Elapsed: 963.9s | Recent 20-Ep Avg Reward: 47.8
    [Progress] Steps: 700000 | Elapsed: 976.8s | Recent 20-Ep Avg Reward: 47.9
    [Progress] Steps: 710000 | Elapsed: 989.6s | Recent 20-Ep Avg Reward: 44.1
    [Progress] Steps: 720000 | Elapsed: 1002.5s | Recent 20-Ep Avg Reward: 44.5
    [Progress] Steps: 730000 | Elapsed: 1020.5s | Recent 20-Ep Avg Reward: 53.7
    [Progress] Steps: 740000 | Elapsed: 1033.3s | Recent 20-Ep Avg Reward: 44.6
    [Progress] Steps: 750000 | Elapsed: 1045.7s | Recent 20-Ep Avg Reward: 49.0
    [Progress] Steps: 760000 | Elapsed: 1058.5s | Recent 20-Ep Avg Reward: 50.0
    [Progress] Steps: 770000 | Elapsed: 1071.2s | Recent 20-Ep Avg Reward: 50.2
    [Progress] Steps: 780000 | Elapsed: 1089.5s | Recent 20-Ep Avg Reward: 37.5
    [Progress] Steps: 790000 | Elapsed: 1102.3s | Recent 20-Ep Avg Reward: 46.1
    [Progress] Steps: 800000 | Elapsed: 1115.1s | Recent 20-Ep Avg Reward: 46.0
    [Progress] Steps: 810000 | Elapsed: 1128.1s | Recent 20-Ep Avg Reward: 45.5
    [Progress] Steps: 820000 | Elapsed: 1146.5s | Recent 20-Ep Avg Reward: 46.6
    [Progress] Steps: 830000 | Elapsed: 1159.8s | Recent 20-Ep Avg Reward: 48.0
    [Progress] Steps: 840000 | Elapsed: 1172.7s | Recent 20-Ep Avg Reward: 41.5
    [Progress] Steps: 850000 | Elapsed: 1185.8s | Recent 20-Ep Avg Reward: 39.4
    [Progress] Steps: 860000 | Elapsed: 1199.1s | Recent 20-Ep Avg Reward: 41.3
    [Progress] Steps: 870000 | Elapsed: 1217.6s | Recent 20-Ep Avg Reward: 47.2
    [Progress] Steps: 880000 | Elapsed: 1230.5s | Recent 20-Ep Avg Reward: 46.5
    [Progress] Steps: 890000 | Elapsed: 1243.2s | Recent 20-Ep Avg Reward: 48.1
    [Progress] Steps: 900000 | Elapsed: 1256.0s | Recent 20-Ep Avg Reward: 47.1
    [Progress] Steps: 910000 | Elapsed: 1273.8s | Recent 20-Ep Avg Reward: 50.9
    [Progress] Steps: 920000 | Elapsed: 1286.6s | Recent 20-Ep Avg Reward: 47.7
    [Progress] Steps: 930000 | Elapsed: 1299.4s | Recent 20-Ep Avg Reward: 44.4
    [Progress] Steps: 940000 | Elapsed: 1311.9s | Recent 20-Ep Avg Reward: 49.1
    [Progress] Steps: 950000 | Elapsed: 1324.7s | Recent 20-Ep Avg Reward: 44.0
    [Progress] Steps: 960000 | Elapsed: 1342.7s | Recent 20-Ep Avg Reward: 41.4
    [Progress] Steps: 970000 | Elapsed: 1355.6s | Recent 20-Ep Avg Reward: 41.2
    [Progress] Steps: 980000 | Elapsed: 1368.5s | Recent 20-Ep Avg Reward: 40.1
    [Progress] Steps: 990000 | Elapsed: 1381.5s | Recent 20-Ep Avg Reward: 41.5
    [Progress] Steps: 1000000 | Elapsed: 1399.8s | Recent 20-Ep Avg Reward: 45.5
    [Progress] Steps: 1010000 | Elapsed: 1412.6s | Recent 20-Ep Avg Reward: 49.4
    [Progress] Steps: 1020000 | Elapsed: 1425.1s | Recent 20-Ep Avg Reward: 48.1
    [Progress] Steps: 1030000 | Elapsed: 1437.8s | Recent 20-Ep Avg Reward: 43.9
    [Progress] Steps: 1040000 | Elapsed: 1450.7s | Recent 20-Ep Avg Reward: 38.6
    [Progress] Steps: 1050000 | Elapsed: 1468.8s | Recent 20-Ep Avg Reward: 47.6
    [Progress] Steps: 1060000 | Elapsed: 1481.8s | Recent 20-Ep Avg Reward: 43.1
    [Progress] Steps: 1070000 | Elapsed: 1494.5s | Recent 20-Ep Avg Reward: 49.5
    [Progress] Steps: 1080000 | Elapsed: 1507.7s | Recent 20-Ep Avg Reward: 45.5
    [Progress] Steps: 1090000 | Elapsed: 1525.8s | Recent 20-Ep Avg Reward: 44.6
    [Progress] Steps: 1100000 | Elapsed: 1538.6s | Recent 20-Ep Avg Reward: 40.9
    [Progress] Steps: 1110000 | Elapsed: 1550.8s | Recent 20-Ep Avg Reward: 47.2
    [Progress] Steps: 1120000 | Elapsed: 1563.5s | Recent 20-Ep Avg Reward: 46.1
    [Progress] Steps: 1130000 | Elapsed: 1576.2s | Recent 20-Ep Avg Reward: 42.4
    [Progress] Steps: 1140000 | Elapsed: 1593.9s | Recent 20-Ep Avg Reward: 46.4
    [Progress] Steps: 1150000 | Elapsed: 1606.9s | Recent 20-Ep Avg Reward: 44.5
    [Progress] Steps: 1160000 | Elapsed: 1619.2s | Recent 20-Ep Avg Reward: 45.5
    [Progress] Steps: 1170000 | Elapsed: 1632.1s | Recent 20-Ep Avg Reward: 45.4
    [Progress] Steps: 1180000 | Elapsed: 1650.3s | Recent 20-Ep Avg Reward: 48.9
    [Progress] Steps: 1190000 | Elapsed: 1663.2s | Recent 20-Ep Avg Reward: 38.7
    [Progress] Steps: 1200000 | Elapsed: 1675.9s | Recent 20-Ep Avg Reward: 41.9
    [Progress] Steps: 1210000 | Elapsed: 1688.5s | Recent 20-Ep Avg Reward: 45.2
    [Progress] Steps: 1220000 | Elapsed: 1700.9s | Recent 20-Ep Avg Reward: 47.6
    [Progress] Steps: 1230000 | Elapsed: 1719.0s | Recent 20-Ep Avg Reward: 46.4
    [Progress] Steps: 1240000 | Elapsed: 1732.0s | Recent 20-Ep Avg Reward: 43.5
    [Progress] Steps: 1250000 | Elapsed: 1744.5s | Recent 20-Ep Avg Reward: 42.9
    [Progress] Steps: 1260000 | Elapsed: 1757.5s | Recent 20-Ep Avg Reward: 40.6
    [Progress] Steps: 1270000 | Elapsed: 1775.6s | Recent 20-Ep Avg Reward: 38.0
    [Progress] Steps: 1280000 | Elapsed: 1788.5s | Recent 20-Ep Avg Reward: 45.0
    [Progress] Steps: 1290000 | Elapsed: 1801.4s | Recent 20-Ep Avg Reward: 44.7
    [Progress] Steps: 1300000 | Elapsed: 1814.2s | Recent 20-Ep Avg Reward: 46.6
    [Progress] Steps: 1310000 | Elapsed: 1827.2s | Recent 20-Ep Avg Reward: 43.5
    [Progress] Steps: 1320000 | Elapsed: 1845.2s | Recent 20-Ep Avg Reward: 44.2
    [Progress] Steps: 1330000 | Elapsed: 1857.8s | Recent 20-Ep Avg Reward: 44.9
    [Progress] Steps: 1340000 | Elapsed: 1870.5s | Recent 20-Ep Avg Reward: 41.5
    [Progress] Steps: 1350000 | Elapsed: 1883.6s | Recent 20-Ep Avg Reward: 46.6
    [Progress] Steps: 1360000 | Elapsed: 1901.8s | Recent 20-Ep Avg Reward: 42.6
    [Progress] Steps: 1370000 | Elapsed: 1914.7s | Recent 20-Ep Avg Reward: 45.0
    [Progress] Steps: 1380000 | Elapsed: 1927.5s | Recent 20-Ep Avg Reward: 45.4
    [Progress] Steps: 1390000 | Elapsed: 1940.2s | Recent 20-Ep Avg Reward: 46.0
    [Progress] Steps: 1400000 | Elapsed: 1953.4s | Recent 20-Ep Avg Reward: 38.6
    [Progress] Steps: 1410000 | Elapsed: 1971.8s | Recent 20-Ep Avg Reward: 42.0
    [Progress] Steps: 1420000 | Elapsed: 1984.5s | Recent 20-Ep Avg Reward: 39.7
    [Progress] Steps: 1430000 | Elapsed: 1997.2s | Recent 20-Ep Avg Reward: 46.4
    [Progress] Steps: 1440000 | Elapsed: 2010.2s | Recent 20-Ep Avg Reward: 46.4
    [Progress] Steps: 1450000 | Elapsed: 2028.4s | Recent 20-Ep Avg Reward: 46.9
    [Progress] Steps: 1460000 | Elapsed: 2041.3s | Recent 20-Ep Avg Reward: 41.7
    [Progress] Steps: 1470000 | Elapsed: 2054.2s | Recent 20-Ep Avg Reward: 46.5
    [Progress] Steps: 1480000 | Elapsed: 2067.0s | Recent 20-Ep Avg Reward: 39.3
    [Progress] Steps: 1490000 | Elapsed: 2080.1s | Recent 20-Ep Avg Reward: 44.5
    [Progress] Steps: 1500000 | Elapsed: 2098.6s | Recent 20-Ep Avg Reward: 46.0
    [Progress] Steps: 1510000 | Elapsed: 2111.4s | Recent 20-Ep Avg Reward: 43.4
    [Progress] Steps: 1520000 | Elapsed: 2124.1s | Recent 20-Ep Avg Reward: 43.0
    [Progress] Steps: 1530000 | Elapsed: 2137.0s | Recent 20-Ep Avg Reward: 45.0
    [Progress] Steps: 1540000 | Elapsed: 2149.9s | Recent 20-Ep Avg Reward: 44.5
    [Progress] Steps: 1550000 | Elapsed: 2168.0s | Recent 20-Ep Avg Reward: 43.6
    [Progress] Steps: 1560000 | Elapsed: 2181.0s | Recent 20-Ep Avg Reward: 46.9
    [Progress] Steps: 1570000 | Elapsed: 2193.7s | Recent 20-Ep Avg Reward: 36.5
    [Progress] Steps: 1580000 | Elapsed: 2206.9s | Recent 20-Ep Avg Reward: 46.4
    [Progress] Steps: 1590000 | Elapsed: 2225.5s | Recent 20-Ep Avg Reward: 48.6
    [Progress] Steps: 1600000 | Elapsed: 2238.2s | Recent 20-Ep Avg Reward: 43.9
    [Progress] Steps: 1610000 | Elapsed: 2250.4s | Recent 20-Ep Avg Reward: 43.4
    [Progress] Steps: 1620000 | Elapsed: 2263.3s | Recent 20-Ep Avg Reward: 44.6
    [Progress] Steps: 1630000 | Elapsed: 2276.2s | Recent 20-Ep Avg Reward: 47.5
    [Progress] Steps: 1640000 | Elapsed: 2294.5s | Recent 20-Ep Avg Reward: 43.5
    [Progress] Steps: 1650000 | Elapsed: 2307.5s | Recent 20-Ep Avg Reward: 40.1
    [Progress] Steps: 1660000 | Elapsed: 2320.3s | Recent 20-Ep Avg Reward: 43.5
    [Progress] Steps: 1670000 | Elapsed: 2333.5s | Recent 20-Ep Avg Reward: 43.8
    [Progress] Steps: 1680000 | Elapsed: 2351.4s | Recent 20-Ep Avg Reward: 44.5
    [Progress] Steps: 1690000 | Elapsed: 2364.1s | Recent 20-Ep Avg Reward: 50.5
    [Progress] Steps: 1700000 | Elapsed: 2376.7s | Recent 20-Ep Avg Reward: 47.9
    [Progress] Steps: 1710000 | Elapsed: 2389.4s | Recent 20-Ep Avg Reward: 48.5
    [Progress] Steps: 1720000 | Elapsed: 2402.1s | Recent 20-Ep Avg Reward: 47.4
    [Progress] Steps: 1730000 | Elapsed: 2420.2s | Recent 20-Ep Avg Reward: 45.3
    [Progress] Steps: 1740000 | Elapsed: 2432.9s | Recent 20-Ep Avg Reward: 40.1
    [Progress] Steps: 1750000 | Elapsed: 2445.5s | Recent 20-Ep Avg Reward: 41.8
    [Progress] Steps: 1760000 | Elapsed: 2458.5s | Recent 20-Ep Avg Reward: 46.8
    [Progress] Steps: 1770000 | Elapsed: 2476.5s | Recent 20-Ep Avg Reward: 41.7
    [Progress] Steps: 1780000 | Elapsed: 2489.3s | Recent 20-Ep Avg Reward: 47.5
    [Progress] Steps: 1790000 | Elapsed: 2502.0s | Recent 20-Ep Avg Reward: 47.6
    [Progress] Steps: 1800000 | Elapsed: 2514.9s | Recent 20-Ep Avg Reward: 44.5
    [Progress] Steps: 1810000 | Elapsed: 2527.7s | Recent 20-Ep Avg Reward: 44.5
    [Progress] Steps: 1820000 | Elapsed: 2545.3s | Recent 20-Ep Avg Reward: 49.0
    [Progress] Steps: 1830000 | Elapsed: 2558.3s | Recent 20-Ep Avg Reward: 42.7
    [Progress] Steps: 1840000 | Elapsed: 2571.0s | Recent 20-Ep Avg Reward: 46.2
    [Progress] Steps: 1850000 | Elapsed: 2584.0s | Recent 20-Ep Avg Reward: 44.2
    [Progress] Steps: 1860000 | Elapsed: 2602.0s | Recent 20-Ep Avg Reward: 42.1
    [Progress] Steps: 1870000 | Elapsed: 2614.8s | Recent 20-Ep Avg Reward: 42.8
    [Progress] Steps: 1880000 | Elapsed: 2627.6s | Recent 20-Ep Avg Reward: 42.7
    [Progress] Steps: 1890000 | Elapsed: 2640.4s | Recent 20-Ep Avg Reward: 43.6
    [Progress] Steps: 1900000 | Elapsed: 2653.3s | Recent 20-Ep Avg Reward: 48.4
    [Progress] Steps: 1910000 | Elapsed: 2671.4s | Recent 20-Ep Avg Reward: 49.9
    [Progress] Steps: 1920000 | Elapsed: 2684.1s | Recent 20-Ep Avg Reward: 43.1
    [Progress] Steps: 1930000 | Elapsed: 2696.6s | Recent 20-Ep Avg Reward: 41.9
    [Progress] Steps: 1940000 | Elapsed: 2709.4s | Recent 20-Ep Avg Reward: 46.8
    [Progress] Steps: 1950000 | Elapsed: 2727.4s | Recent 20-Ep Avg Reward: 48.7
    [Progress] Steps: 1960000 | Elapsed: 2740.1s | Recent 20-Ep Avg Reward: 43.5
    [Progress] Steps: 1970000 | Elapsed: 2752.7s | Recent 20-Ep Avg Reward: 42.6
    [Progress] Steps: 1980000 | Elapsed: 2765.5s | Recent 20-Ep Avg Reward: 48.0
    [Progress] Steps: 1990000 | Elapsed: 2778.5s | Recent 20-Ep Avg Reward: 43.0
    [Progress] Steps: 2000000 | Elapsed: 2796.7s | Recent 20-Ep Avg Reward: 46.0
    [Progress] Steps: 2010000 | Elapsed: 2809.5s | Recent 20-Ep Avg Reward: 47.3
    [Progress] Steps: 2020000 | Elapsed: 2822.1s | Recent 20-Ep Avg Reward: 46.0
    [Progress] Steps: 2030000 | Elapsed: 2835.3s | Recent 20-Ep Avg Reward: 45.2
    [Progress] Steps: 2040000 | Elapsed: 2853.1s | Recent 20-Ep Avg Reward: 40.4
    [Progress] Steps: 2050000 | Elapsed: 2865.8s | Recent 20-Ep Avg Reward: 43.5
    [Progress] Steps: 2060000 | Elapsed: 2878.5s | Recent 20-Ep Avg Reward: 44.9
    [Progress] Steps: 2070000 | Elapsed: 2891.3s | Recent 20-Ep Avg Reward: 47.4
    [Progress] Steps: 2080000 | Elapsed: 2904.2s | Recent 20-Ep Avg Reward: 45.9
    [Progress] Steps: 2090000 | Elapsed: 2922.5s | Recent 20-Ep Avg Reward: 51.7
    [Progress] Steps: 2100000 | Elapsed: 2935.3s | Recent 20-Ep Avg Reward: 44.7
    [Progress] Steps: 2110000 | Elapsed: 2948.1s | Recent 20-Ep Avg Reward: 41.8
    [Progress] Steps: 2120000 | Elapsed: 2961.0s | Recent 20-Ep Avg Reward: 46.0
    [Progress] Steps: 2130000 | Elapsed: 2979.1s | Recent 20-Ep Avg Reward: 46.8
    [Progress] Steps: 2140000 | Elapsed: 2991.9s | Recent 20-Ep Avg Reward: 46.0
    [Progress] Steps: 2150000 | Elapsed: 3004.9s | Recent 20-Ep Avg Reward: 41.5
    [Progress] Steps: 2160000 | Elapsed: 3017.6s | Recent 20-Ep Avg Reward: 48.6
    [Progress] Steps: 2170000 | Elapsed: 3030.6s | Recent 20-Ep Avg Reward: 45.5
    [Progress] Steps: 2180000 | Elapsed: 3049.1s | Recent 20-Ep Avg Reward: 47.9
    [Progress] Steps: 2190000 | Elapsed: 3062.0s | Recent 20-Ep Avg Reward: 45.0
    [Progress] Steps: 2200000 | Elapsed: 3074.7s | Recent 20-Ep Avg Reward: 42.6
    [Progress] Steps: 2210000 | Elapsed: 3087.5s | Recent 20-Ep Avg Reward: 40.0
    [Progress] Steps: 2220000 | Elapsed: 3100.5s | Recent 20-Ep Avg Reward: 41.5
    [Progress] Steps: 2230000 | Elapsed: 3118.6s | Recent 20-Ep Avg Reward: 41.5
    [Progress] Steps: 2240000 | Elapsed: 3131.4s | Recent 20-Ep Avg Reward: 43.8
    [Progress] Steps: 2250000 | Elapsed: 3143.9s | Recent 20-Ep Avg Reward: 47.5
    [Progress] Steps: 2260000 | Elapsed: 3156.8s | Recent 20-Ep Avg Reward: 49.6
    [Progress] Steps: 2270000 | Elapsed: 3175.1s | Recent 20-Ep Avg Reward: 43.9
    [Progress] Steps: 2280000 | Elapsed: 3187.9s | Recent 20-Ep Avg Reward: 45.7
    [Progress] Steps: 2290000 | Elapsed: 3200.7s | Recent 20-Ep Avg Reward: 47.5
    [Progress] Steps: 2300000 | Elapsed: 3213.4s | Recent 20-Ep Avg Reward: 41.4
    [Progress] Steps: 2310000 | Elapsed: 3226.3s | Recent 20-Ep Avg Reward: 44.0
    [Progress] Steps: 2320000 | Elapsed: 3244.5s | Recent 20-Ep Avg Reward: 45.5
    [Progress] Steps: 2330000 | Elapsed: 3257.3s | Recent 20-Ep Avg Reward: 44.1
    [Progress] Steps: 2340000 | Elapsed: 3269.8s | Recent 20-Ep Avg Reward: 52.8
    [Progress] Steps: 2350000 | Elapsed: 3282.7s | Recent 20-Ep Avg Reward: 54.8
    [Progress] Steps: 2360000 | Elapsed: 3301.0s | Recent 20-Ep Avg Reward: 47.3
    [Progress] Steps: 2370000 | Elapsed: 3314.0s | Recent 20-Ep Avg Reward: 47.6
    [Progress] Steps: 2380000 | Elapsed: 3326.6s | Recent 20-Ep Avg Reward: 45.1
    [Progress] Steps: 2390000 | Elapsed: 3339.2s | Recent 20-Ep Avg Reward: 51.8
    [Progress] Steps: 2400000 | Elapsed: 3351.9s | Recent 20-Ep Avg Reward: 46.5
    [Progress] Steps: 2410000 | Elapsed: 3370.1s | Recent 20-Ep Avg Reward: 46.2
    [Progress] Steps: 2420000 | Elapsed: 3382.9s | Recent 20-Ep Avg Reward: 47.1
    [Progress] Steps: 2430000 | Elapsed: 3395.3s | Recent 20-Ep Avg Reward: 42.2
    [Progress] Steps: 2440000 | Elapsed: 3408.4s | Recent 20-Ep Avg Reward: 42.3
    [Progress] Steps: 2450000 | Elapsed: 3426.5s | Recent 20-Ep Avg Reward: 42.9
    [Progress] Steps: 2460000 | Elapsed: 3439.5s | Recent 20-Ep Avg Reward: 45.1
    [Progress] Steps: 2470000 | Elapsed: 3452.2s | Recent 20-Ep Avg Reward: 48.8
    [Progress] Steps: 2480000 | Elapsed: 3464.8s | Recent 20-Ep Avg Reward: 55.2
    [Progress] Steps: 2490000 | Elapsed: 3477.7s | Recent 20-Ep Avg Reward: 44.9
    [Progress] Steps: 2500000 | Elapsed: 3496.1s | Recent 20-Ep Avg Reward: 46.9
    [Progress] Steps: 2510000 | Elapsed: 3509.0s | Recent 20-Ep Avg Reward: 48.3
    [Progress] Steps: 2520000 | Elapsed: 3521.7s | Recent 20-Ep Avg Reward: 45.1
    [Progress] Steps: 2530000 | Elapsed: 3534.8s | Recent 20-Ep Avg Reward: 51.9
    [Progress] Steps: 2540000 | Elapsed: 3552.7s | Recent 20-Ep Avg Reward: 38.0
    [Progress] Steps: 2550000 | Elapsed: 3565.4s | Recent 20-Ep Avg Reward: 46.9
    [Progress] Steps: 2560000 | Elapsed: 3578.1s | Recent 20-Ep Avg Reward: 47.4
    [Progress] Steps: 2570000 | Elapsed: 3590.9s | Recent 20-Ep Avg Reward: 42.1
    [Progress] Steps: 2580000 | Elapsed: 3603.7s | Recent 20-Ep Avg Reward: 47.1
    [Progress] Steps: 2590000 | Elapsed: 3622.1s | Recent 20-Ep Avg Reward: 46.4
    [Progress] Steps: 2600000 | Elapsed: 3635.1s | Recent 20-Ep Avg Reward: 43.8
    [Progress] Steps: 2610000 | Elapsed: 3647.7s | Recent 20-Ep Avg Reward: 47.2
    [Progress] Steps: 2620000 | Elapsed: 3660.5s | Recent 20-Ep Avg Reward: 49.8
    [Progress] Steps: 2630000 | Elapsed: 3678.5s | Recent 20-Ep Avg Reward: 40.9
    [Progress] Steps: 2640000 | Elapsed: 3691.3s | Recent 20-Ep Avg Reward: 44.7
    [Progress] Steps: 2650000 | Elapsed: 3704.3s | Recent 20-Ep Avg Reward: 40.6
    [Progress] Steps: 2660000 | Elapsed: 3717.2s | Recent 20-Ep Avg Reward: 40.5
    [Progress] Steps: 2670000 | Elapsed: 3730.1s | Recent 20-Ep Avg Reward: 42.9
    [Progress] Steps: 2680000 | Elapsed: 3748.4s | Recent 20-Ep Avg Reward: 47.0
    [Progress] Steps: 2690000 | Elapsed: 3761.2s | Recent 20-Ep Avg Reward: 48.4
    [Progress] Steps: 2700000 | Elapsed: 3773.9s | Recent 20-Ep Avg Reward: 40.6
    [Progress] Steps: 2710000 | Elapsed: 3786.9s | Recent 20-Ep Avg Reward: 40.0
    [Progress] Steps: 2720000 | Elapsed: 3805.2s | Recent 20-Ep Avg Reward: 44.0
    [Progress] Steps: 2730000 | Elapsed: 3818.1s | Recent 20-Ep Avg Reward: 53.5
    [Progress] Steps: 2740000 | Elapsed: 3830.8s | Recent 20-Ep Avg Reward: 47.5
    [Progress] Steps: 2750000 | Elapsed: 3843.4s | Recent 20-Ep Avg Reward: 49.3
    [Progress] Steps: 2760000 | Elapsed: 3856.1s | Recent 20-Ep Avg Reward: 51.3
    [Progress] Steps: 2770000 | Elapsed: 3873.9s | Recent 20-Ep Avg Reward: 48.5
    [Progress] Steps: 2780000 | Elapsed: 3886.9s | Recent 20-Ep Avg Reward: 47.8
    [Progress] Steps: 2790000 | Elapsed: 3899.7s | Recent 20-Ep Avg Reward: 47.0
    [Progress] Steps: 2800000 | Elapsed: 3912.8s | Recent 20-Ep Avg Reward: 48.7
    [Progress] Steps: 2810000 | Elapsed: 3930.3s | Recent 20-Ep Avg Reward: 52.5
    [Progress] Steps: 2820000 | Elapsed: 3943.0s | Recent 20-Ep Avg Reward: 46.6
    [Progress] Steps: 2830000 | Elapsed: 3955.7s | Recent 20-Ep Avg Reward: 47.7
    [Progress] Steps: 2840000 | Elapsed: 3968.4s | Recent 20-Ep Avg Reward: 41.2
    [Progress] Steps: 2850000 | Elapsed: 3981.2s | Recent 20-Ep Avg Reward: 52.2
    [Progress] Steps: 2860000 | Elapsed: 3999.1s | Recent 20-Ep Avg Reward: 41.8
    [Progress] Steps: 2870000 | Elapsed: 4012.0s | Recent 20-Ep Avg Reward: 44.2
    [Progress] Steps: 2880000 | Elapsed: 4024.6s | Recent 20-Ep Avg Reward: 45.5
    [Progress] Steps: 2890000 | Elapsed: 4037.7s | Recent 20-Ep Avg Reward: 48.8
    [Progress] Steps: 2900000 | Elapsed: 4055.5s | Recent 20-Ep Avg Reward: 44.8
    [Progress] Steps: 2910000 | Elapsed: 4068.4s | Recent 20-Ep Avg Reward: 43.3
    [Progress] Steps: 2920000 | Elapsed: 4081.3s | Recent 20-Ep Avg Reward: 45.7
    [Progress] Steps: 2930000 | Elapsed: 4094.0s | Recent 20-Ep Avg Reward: 51.2
    [Progress] Steps: 2940000 | Elapsed: 4106.9s | Recent 20-Ep Avg Reward: 41.7
    [Progress] Steps: 2950000 | Elapsed: 4124.8s | Recent 20-Ep Avg Reward: 43.1
    [Progress] Steps: 2960000 | Elapsed: 4137.6s | Recent 20-Ep Avg Reward: 42.4
    [Progress] Steps: 2970000 | Elapsed: 4150.5s | Recent 20-Ep Avg Reward: 46.5
    [Progress] Steps: 2980000 | Elapsed: 4163.4s | Recent 20-Ep Avg Reward: 46.4
    [Progress] Steps: 2990000 | Elapsed: 4176.0s | Recent 20-Ep Avg Reward: 48.8
    [Progress] Steps: 3000000 | Elapsed: 4194.3s | Recent 20-Ep Avg Reward: 42.6
    [Progress] Steps: 3010000 | Elapsed: 4207.2s | Recent 20-Ep Avg Reward: 42.9
    [Progress] Steps: 3020000 | Elapsed: 4219.6s | Recent 20-Ep Avg Reward: 44.5
    [Progress] Steps: 3030000 | Elapsed: 4232.6s | Recent 20-Ep Avg Reward: 38.4
    [Progress] Steps: 3040000 | Elapsed: 4250.9s | Recent 20-Ep Avg Reward: 43.1
    [Progress] Steps: 3050000 | Elapsed: 4263.6s | Recent 20-Ep Avg Reward: 46.5
    [Progress] Steps: 3060000 | Elapsed: 4276.2s | Recent 20-Ep Avg Reward: 51.8
    [Progress] Steps: 3070000 | Elapsed: 4289.2s | Recent 20-Ep Avg Reward: 49.6
    [Progress] Steps: 3080000 | Elapsed: 4302.2s | Recent 20-Ep Avg Reward: 45.4
    [Progress] Steps: 3090000 | Elapsed: 4320.8s | Recent 20-Ep Avg Reward: 55.5
    [Progress] Steps: 3100000 | Elapsed: 4333.7s | Recent 20-Ep Avg Reward: 52.4
    [Progress] Steps: 3110000 | Elapsed: 4346.4s | Recent 20-Ep Avg Reward: 44.0
    [Progress] Steps: 3120000 | Elapsed: 4359.4s | Recent 20-Ep Avg Reward: 42.9
    [Progress] Steps: 3130000 | Elapsed: 4377.7s | Recent 20-Ep Avg Reward: 53.5
    [Progress] Steps: 3140000 | Elapsed: 4390.4s | Recent 20-Ep Avg Reward: 50.1
    [Progress] Steps: 3150000 | Elapsed: 4403.0s | Recent 20-Ep Avg Reward: 44.2
    [Progress] Steps: 3160000 | Elapsed: 4416.1s | Recent 20-Ep Avg Reward: 50.3
    [Progress] Steps: 3170000 | Elapsed: 4428.8s | Recent 20-Ep Avg Reward: 43.6
    [Progress] Steps: 3180000 | Elapsed: 4447.3s | Recent 20-Ep Avg Reward: 42.6
    [Progress] Steps: 3190000 | Elapsed: 4460.2s | Recent 20-Ep Avg Reward: 51.6
    [Progress] Steps: 3200000 | Elapsed: 4473.1s | Recent 20-Ep Avg Reward: 49.8
    [Progress] Steps: 3210000 | Elapsed: 4486.2s | Recent 20-Ep Avg Reward: 40.8
    [Progress] Steps: 3220000 | Elapsed: 4504.2s | Recent 20-Ep Avg Reward: 45.8
    [Progress] Steps: 3230000 | Elapsed: 4516.9s | Recent 20-Ep Avg Reward: 49.6
    [Progress] Steps: 3240000 | Elapsed: 4529.4s | Recent 20-Ep Avg Reward: 45.0
    [Progress] Steps: 3250000 | Elapsed: 4542.3s | Recent 20-Ep Avg Reward: 43.0
    [Progress] Steps: 3260000 | Elapsed: 4554.8s | Recent 20-Ep Avg Reward: 46.9
    [Progress] Steps: 3270000 | Elapsed: 4573.4s | Recent 20-Ep Avg Reward: 53.8
    [Progress] Steps: 3280000 | Elapsed: 4586.2s | Recent 20-Ep Avg Reward: 43.5
    [Progress] Steps: 3290000 | Elapsed: 4598.7s | Recent 20-Ep Avg Reward: 43.0
    [Progress] Steps: 3300000 | Elapsed: 4611.8s | Recent 20-Ep Avg Reward: 41.2
    [Progress] Steps: 3310000 | Elapsed: 4630.2s | Recent 20-Ep Avg Reward: 44.1
    [Progress] Steps: 3320000 | Elapsed: 4643.1s | Recent 20-Ep Avg Reward: 45.9
    [Progress] Steps: 3330000 | Elapsed: 4655.8s | Recent 20-Ep Avg Reward: 48.4
    [Progress] Steps: 3340000 | Elapsed: 4668.9s | Recent 20-Ep Avg Reward: 49.0
    [Progress] Steps: 3350000 | Elapsed: 4681.9s | Recent 20-Ep Avg Reward: 45.2
    [Progress] Steps: 3360000 | Elapsed: 4700.2s | Recent 20-Ep Avg Reward: 47.0
    [Progress] Steps: 3370000 | Elapsed: 4713.2s | Recent 20-Ep Avg Reward: 45.2
    [Progress] Steps: 3380000 | Elapsed: 4726.2s | Recent 20-Ep Avg Reward: 47.4
    [Progress] Steps: 3390000 | Elapsed: 4739.4s | Recent 20-Ep Avg Reward: 45.0
    [Progress] Steps: 3400000 | Elapsed: 4757.7s | Recent 20-Ep Avg Reward: 38.5
    [Progress] Steps: 3410000 | Elapsed: 4770.3s | Recent 20-Ep Avg Reward: 44.8
    [Progress] Steps: 3420000 | Elapsed: 4783.0s | Recent 20-Ep Avg Reward: 45.9
    [Progress] Steps: 3430000 | Elapsed: 4796.0s | Recent 20-Ep Avg Reward: 47.8
    [Progress] Steps: 3440000 | Elapsed: 4808.6s | Recent 20-Ep Avg Reward: 37.1
    [Progress] Steps: 3450000 | Elapsed: 4826.5s | Recent 20-Ep Avg Reward: 48.0
    [Progress] Steps: 3460000 | Elapsed: 4839.3s | Recent 20-Ep Avg Reward: 46.1
    [Progress] Steps: 3470000 | Elapsed: 4852.2s | Recent 20-Ep Avg Reward: 42.3
    [Progress] Steps: 3480000 | Elapsed: 4865.2s | Recent 20-Ep Avg Reward: 47.1
    [Progress] Steps: 3490000 | Elapsed: 4883.5s | Recent 20-Ep Avg Reward: 43.9
    [Progress] Steps: 3500000 | Elapsed: 4896.5s | Recent 20-Ep Avg Reward: 48.9
    [Progress] Steps: 3510000 | Elapsed: 4909.2s | Recent 20-Ep Avg Reward: 46.3
    [Progress] Steps: 3520000 | Elapsed: 4922.2s | Recent 20-Ep Avg Reward: 45.0
    [Progress] Steps: 3530000 | Elapsed: 4934.8s | Recent 20-Ep Avg Reward: 45.8
    [Progress] Steps: 3540000 | Elapsed: 4952.9s | Recent 20-Ep Avg Reward: 47.1
    [Progress] Steps: 3550000 | Elapsed: 4965.6s | Recent 20-Ep Avg Reward: 42.5
    [Progress] Steps: 3560000 | Elapsed: 4978.3s | Recent 20-Ep Avg Reward: 47.4
    [Progress] Steps: 3570000 | Elapsed: 4991.4s | Recent 20-Ep Avg Reward: 52.8
    [Progress] Steps: 3580000 | Elapsed: 5009.3s | Recent 20-Ep Avg Reward: 41.2
    [Progress] Steps: 3590000 | Elapsed: 5022.3s | Recent 20-Ep Avg Reward: 45.5
    [Progress] Steps: 3600000 | Elapsed: 5035.1s | Recent 20-Ep Avg Reward: 39.6
    [Progress] Steps: 3610000 | Elapsed: 5048.0s | Recent 20-Ep Avg Reward: 46.8
    [Progress] Steps: 3620000 | Elapsed: 5060.8s | Recent 20-Ep Avg Reward: 44.5
    [Progress] Steps: 3630000 | Elapsed: 5078.8s | Recent 20-Ep Avg Reward: 43.7
    [Progress] Steps: 3640000 | Elapsed: 5091.8s | Recent 20-Ep Avg Reward: 43.6
    [Progress] Steps: 3650000 | Elapsed: 5104.3s | Recent 20-Ep Avg Reward: 39.6
    [Progress] Steps: 3660000 | Elapsed: 5117.2s | Recent 20-Ep Avg Reward: 35.5
    [Progress] Steps: 3670000 | Elapsed: 5130.1s | Recent 20-Ep Avg Reward: 42.9
    [Progress] Steps: 3680000 | Elapsed: 5148.5s | Recent 20-Ep Avg Reward: 42.3
    [Progress] Steps: 3690000 | Elapsed: 5161.1s | Recent 20-Ep Avg Reward: 45.6
    [Progress] Steps: 3700000 | Elapsed: 5174.3s | Recent 20-Ep Avg Reward: 49.9
    [Progress] Steps: 3710000 | Elapsed: 5187.2s | Recent 20-Ep Avg Reward: 47.4
    [Progress] Steps: 3720000 | Elapsed: 5205.5s | Recent 20-Ep Avg Reward: 51.3
    [Progress] Steps: 3730000 | Elapsed: 5218.1s | Recent 20-Ep Avg Reward: 43.0
    [Progress] Steps: 3740000 | Elapsed: 5230.8s | Recent 20-Ep Avg Reward: 46.1
    [Progress] Steps: 3750000 | Elapsed: 5243.8s | Recent 20-Ep Avg Reward: 40.4
    [Progress] Steps: 3760000 | Elapsed: 5256.3s | Recent 20-Ep Avg Reward: 49.5
    [Progress] Steps: 3770000 | Elapsed: 5274.5s | Recent 20-Ep Avg Reward: 52.1
    [Progress] Steps: 3780000 | Elapsed: 5287.1s | Recent 20-Ep Avg Reward: 47.0
    [Progress] Steps: 3790000 | Elapsed: 5299.9s | Recent 20-Ep Avg Reward: 51.2
    [Progress] Steps: 3800000 | Elapsed: 5312.5s | Recent 20-Ep Avg Reward: 46.4
    [Progress] Steps: 3810000 | Elapsed: 5330.7s | Recent 20-Ep Avg Reward: 41.5
    [Progress] Steps: 3820000 | Elapsed: 5343.9s | Recent 20-Ep Avg Reward: 43.2
    [Progress] Steps: 3830000 | Elapsed: 5356.7s | Recent 20-Ep Avg Reward: 43.0
    [Progress] Steps: 3840000 | Elapsed: 5369.7s | Recent 20-Ep Avg Reward: 45.2
    [Progress] Steps: 3850000 | Elapsed: 5382.5s | Recent 20-Ep Avg Reward: 42.9
    [Progress] Steps: 3860000 | Elapsed: 5400.8s | Recent 20-Ep Avg Reward: 43.9
    [Progress] Steps: 3870000 | Elapsed: 5413.5s | Recent 20-Ep Avg Reward: 41.0
    [Progress] Steps: 3880000 | Elapsed: 5426.4s | Recent 20-Ep Avg Reward: 37.3
    [Progress] Steps: 3890000 | Elapsed: 5439.2s | Recent 20-Ep Avg Reward: 41.9
    [Progress] Steps: 3900000 | Elapsed: 5457.6s | Recent 20-Ep Avg Reward: 41.1
    [Progress] Steps: 3910000 | Elapsed: 5470.7s | Recent 20-Ep Avg Reward: 43.7
    [Progress] Steps: 3920000 | Elapsed: 5483.0s | Recent 20-Ep Avg Reward: 45.5
    [Progress] Steps: 3930000 | Elapsed: 5495.8s | Recent 20-Ep Avg Reward: 41.2
    [Progress] Steps: 3940000 | Elapsed: 5508.9s | Recent 20-Ep Avg Reward: 43.5
    [Progress] Steps: 3950000 | Elapsed: 5527.1s | Recent 20-Ep Avg Reward: 49.4
    [Progress] Steps: 3960000 | Elapsed: 5539.8s | Recent 20-Ep Avg Reward: 43.0
    [Progress] Steps: 3970000 | Elapsed: 5552.9s | Recent 20-Ep Avg Reward: 45.2
    [Progress] Steps: 3980000 | Elapsed: 5565.7s | Recent 20-Ep Avg Reward: 43.2
    [Progress] Steps: 3990000 | Elapsed: 5584.1s | Recent 20-Ep Avg Reward: 40.1
    [Progress] Steps: 4000000 | Elapsed: 5597.2s | Recent 20-Ep Avg Reward: 40.5
    [Progress] Steps: 4010000 | Elapsed: 5609.8s | Recent 20-Ep Avg Reward: 45.0
    [Progress] Steps: 4020000 | Elapsed: 5622.8s | Recent 20-Ep Avg Reward: 42.6
    [Progress] Steps: 4030000 | Elapsed: 5635.7s | Recent 20-Ep Avg Reward: 42.7
    [Progress] Steps: 4040000 | Elapsed: 5653.6s | Recent 20-Ep Avg Reward: 41.2
    [Progress] Steps: 4050000 | Elapsed: 5666.1s | Recent 20-Ep Avg Reward: 43.0
    [Progress] Steps: 4060000 | Elapsed: 5678.9s | Recent 20-Ep Avg Reward: 44.5
    [Progress] Steps: 4070000 | Elapsed: 5691.9s | Recent 20-Ep Avg Reward: 44.9
    [Progress] Steps: 4080000 | Elapsed: 5710.4s | Recent 20-Ep Avg Reward: 39.3
    [Progress] Steps: 4090000 | Elapsed: 5723.4s | Recent 20-Ep Avg Reward: 45.5
    [Progress] Steps: 4100000 | Elapsed: 5736.3s | Recent 20-Ep Avg Reward: 38.5
    [Progress] Steps: 4110000 | Elapsed: 5749.1s | Recent 20-Ep Avg Reward: 38.8
    [Progress] Steps: 4120000 | Elapsed: 5762.0s | Recent 20-Ep Avg Reward: 47.6
    [Progress] Steps: 4130000 | Elapsed: 5780.3s | Recent 20-Ep Avg Reward: 43.9
    [Progress] Steps: 4140000 | Elapsed: 5792.8s | Recent 20-Ep Avg Reward: 44.0
    [Progress] Steps: 4150000 | Elapsed: 5805.5s | Recent 20-Ep Avg Reward: 46.9
    [Progress] Steps: 4160000 | Elapsed: 5818.6s | Recent 20-Ep Avg Reward: 45.9
    [Progress] Steps: 4170000 | Elapsed: 5837.0s | Recent 20-Ep Avg Reward: 48.0
    [Progress] Steps: 4180000 | Elapsed: 5850.2s | Recent 20-Ep Avg Reward: 41.6
    [Progress] Steps: 4190000 | Elapsed: 5863.1s | Recent 20-Ep Avg Reward: 49.0
    [Progress] Steps: 4200000 | Elapsed: 5875.9s | Recent 20-Ep Avg Reward: 51.8
    [Progress] Steps: 4210000 | Elapsed: 5888.8s | Recent 20-Ep Avg Reward: 38.3
    [Progress] Steps: 4220000 | Elapsed: 5906.9s | Recent 20-Ep Avg Reward: 46.8
    [Progress] Steps: 4230000 | Elapsed: 5919.3s | Recent 20-Ep Avg Reward: 46.8
    [Progress] Steps: 4240000 | Elapsed: 5932.0s | Recent 20-Ep Avg Reward: 50.8
    [Progress] Steps: 4250000 | Elapsed: 5945.0s | Recent 20-Ep Avg Reward: 46.4
    [Progress] Steps: 4260000 | Elapsed: 5963.1s | Recent 20-Ep Avg Reward: 43.0
    [Progress] Steps: 4270000 | Elapsed: 5976.4s | Recent 20-Ep Avg Reward: 45.2
    [Progress] Steps: 4280000 | Elapsed: 5989.1s | Recent 20-Ep Avg Reward: 48.8
    [Progress] Steps: 4290000 | Elapsed: 6001.9s | Recent 20-Ep Avg Reward: 48.0
    [Progress] Steps: 4300000 | Elapsed: 6014.8s | Recent 20-Ep Avg Reward: 45.7
    [Progress] Steps: 4310000 | Elapsed: 6033.2s | Recent 20-Ep Avg Reward: 46.3
    [Progress] Steps: 4320000 | Elapsed: 6045.7s | Recent 20-Ep Avg Reward: 47.2
    [Progress] Steps: 4330000 | Elapsed: 6058.6s | Recent 20-Ep Avg Reward: 45.5
    [Progress] Steps: 4340000 | Elapsed: 6071.6s | Recent 20-Ep Avg Reward: 42.3
    [Progress] Steps: 4350000 | Elapsed: 6089.5s | Recent 20-Ep Avg Reward: 42.1
    [Progress] Steps: 4360000 | Elapsed: 6102.8s | Recent 20-Ep Avg Reward: 44.4
    [Progress] Steps: 4370000 | Elapsed: 6115.4s | Recent 20-Ep Avg Reward: 49.6
    [Progress] Steps: 4380000 | Elapsed: 6128.2s | Recent 20-Ep Avg Reward: 40.9
    [Progress] Steps: 4390000 | Elapsed: 6140.8s | Recent 20-Ep Avg Reward: 44.4
    [Progress] Steps: 4400000 | Elapsed: 6159.1s | Recent 20-Ep Avg Reward: 40.7
    [Progress] Steps: 4410000 | Elapsed: 6171.9s | Recent 20-Ep Avg Reward: 39.5
    [Progress] Steps: 4420000 | Elapsed: 6184.5s | Recent 20-Ep Avg Reward: 43.6
    [Progress] Steps: 4430000 | Elapsed: 6197.4s | Recent 20-Ep Avg Reward: 39.6
    [Progress] Steps: 4440000 | Elapsed: 6210.1s | Recent 20-Ep Avg Reward: 44.4
    [Progress] Steps: 4450000 | Elapsed: 6228.4s | Recent 20-Ep Avg Reward: 39.5
    [Progress] Steps: 4460000 | Elapsed: 6241.1s | Recent 20-Ep Avg Reward: 38.7
    [Progress] Steps: 4470000 | Elapsed: 6253.9s | Recent 20-Ep Avg Reward: 37.2
    [Progress] Steps: 4480000 | Elapsed: 6266.6s | Recent 20-Ep Avg Reward: 42.0
    [Progress] Steps: 4490000 | Elapsed: 6285.2s | Recent 20-Ep Avg Reward: 43.7
    [Progress] Steps: 4500000 | Elapsed: 6298.0s | Recent 20-Ep Avg Reward: 42.8
[*] Final Result for Seed 101: Stopped at 4505600 steps in 6308.40 seconds
[*] Data strictly saved to: ppo_results_seed_101\ppo_learning_curve.csv
[*] Model successfully saved to: ppo_results_seed_101\final_ppo_model.zip

--- Running Seed 102 (2/5) with 16 parallel workers ---
    [Progress] Steps: 10000 | Elapsed: 14.3s | Recent 20-Ep Avg Reward: 22.8
    [Progress] Steps: 20000 | Elapsed: 27.3s | Recent 20-Ep Avg Reward: 23.5
    [Progress] Steps: 30000 | Elapsed: 40.6s | Recent 20-Ep Avg Reward: 33.6
    [Progress] Steps: 40000 | Elapsed: 53.5s | Recent 20-Ep Avg Reward: 38.8
    [Progress] Steps: 50000 | Elapsed: 71.8s | Recent 20-Ep Avg Reward: 47.0
    [Progress] Steps: 60000 | Elapsed: 84.7s | Recent 20-Ep Avg Reward: 33.5
    [Progress] Steps: 70000 | Elapsed: 97.6s | Recent 20-Ep Avg Reward: 49.9
    [Progress] Steps: 80000 | Elapsed: 110.7s | Recent 20-Ep Avg Reward: 45.3
    [Progress] Steps: 90000 | Elapsed: 123.6s | Recent 20-Ep Avg Reward: 40.7
    [Progress] Steps: 100000 | Elapsed: 142.2s | Recent 20-Ep Avg Reward: 47.2
    [Progress] Steps: 110000 | Elapsed: 155.0s | Recent 20-Ep Avg Reward: 47.6
    [Progress] Steps: 120000 | Elapsed: 168.0s | Recent 20-Ep Avg Reward: 52.2
    [Progress] Steps: 130000 | Elapsed: 181.1s | Recent 20-Ep Avg Reward: 51.8
    [Progress] Steps: 140000 | Elapsed: 199.2s | Recent 20-Ep Avg Reward: 43.6
    [Progress] Steps: 150000 | Elapsed: 211.9s | Recent 20-Ep Avg Reward: 44.2
    [Progress] Steps: 160000 | Elapsed: 224.6s | Recent 20-Ep Avg Reward: 39.9
    [Progress] Steps: 170000 | Elapsed: 237.4s | Recent 20-Ep Avg Reward: 49.6
    [Progress] Steps: 180000 | Elapsed: 250.5s | Recent 20-Ep Avg Reward: 47.3
    [Progress] Steps: 190000 | Elapsed: 269.2s | Recent 20-Ep Avg Reward: 49.8
    [Progress] Steps: 200000 | Elapsed: 282.0s | Recent 20-Ep Avg Reward: 54.4
    [Progress] Steps: 210000 | Elapsed: 295.0s | Recent 20-Ep Avg Reward: 54.0
    [Progress] Steps: 220000 | Elapsed: 308.2s | Recent 20-Ep Avg Reward: 49.0
    [Progress] Steps: 230000 | Elapsed: 326.6s | Recent 20-Ep Avg Reward: 47.2
    [Progress] Steps: 240000 | Elapsed: 339.5s | Recent 20-Ep Avg Reward: 53.6
    [Progress] Steps: 250000 | Elapsed: 352.1s | Recent 20-Ep Avg Reward: 52.2
    [Progress] Steps: 260000 | Elapsed: 365.0s | Recent 20-Ep Avg Reward: 53.4
    [Progress] Steps: 270000 | Elapsed: 378.0s | Recent 20-Ep Avg Reward: 49.0
    [Progress] Steps: 280000 | Elapsed: 396.8s | Recent 20-Ep Avg Reward: 50.4
    [Progress] Steps: 290000 | Elapsed: 409.5s | Recent 20-Ep Avg Reward: 53.9
    [Progress] Steps: 300000 | Elapsed: 422.3s | Recent 20-Ep Avg Reward: 52.6
    [Progress] Steps: 310000 | Elapsed: 435.3s | Recent 20-Ep Avg Reward: 56.3
    [Progress] Steps: 320000 | Elapsed: 453.8s | Recent 20-Ep Avg Reward: 50.5
    [Progress] Steps: 330000 | Elapsed: 467.1s | Recent 20-Ep Avg Reward: 40.2
    [Progress] Steps: 340000 | Elapsed: 480.1s | Recent 20-Ep Avg Reward: 42.8
    [Progress] Steps: 350000 | Elapsed: 492.9s | Recent 20-Ep Avg Reward: 42.9
    [Progress] Steps: 360000 | Elapsed: 505.9s | Recent 20-Ep Avg Reward: 45.1
    [Progress] Steps: 370000 | Elapsed: 524.7s | Recent 20-Ep Avg Reward: 39.0
    [Progress] Steps: 380000 | Elapsed: 537.4s | Recent 20-Ep Avg Reward: 49.8
    [Progress] Steps: 390000 | Elapsed: 550.4s | Recent 20-Ep Avg Reward: 45.6
    [Progress] Steps: 400000 | Elapsed: 563.4s | Recent 20-Ep Avg Reward: 49.6
    [Progress] Steps: 410000 | Elapsed: 581.7s | Recent 20-Ep Avg Reward: 40.5
    [Progress] Steps: 420000 | Elapsed: 594.9s | Recent 20-Ep Avg Reward: 45.5
    [Progress] Steps: 430000 | Elapsed: 607.9s | Recent 20-Ep Avg Reward: 36.8
    [Progress] Steps: 440000 | Elapsed: 620.6s | Recent 20-Ep Avg Reward: 45.5
    [Progress] Steps: 450000 | Elapsed: 633.6s | Recent 20-Ep Avg Reward: 46.5
    [Progress] Steps: 460000 | Elapsed: 652.4s | Recent 20-Ep Avg Reward: 49.5
    [Progress] Steps: 470000 | Elapsed: 665.3s | Recent 20-Ep Avg Reward: 44.5
    [Progress] Steps: 480000 | Elapsed: 678.2s | Recent 20-Ep Avg Reward: 45.2
    [Progress] Steps: 490000 | Elapsed: 691.1s | Recent 20-Ep Avg Reward: 45.2
    [Progress] Steps: 500000 | Elapsed: 709.7s | Recent 20-Ep Avg Reward: 52.6
    [Progress] Steps: 510000 | Elapsed: 723.1s | Recent 20-Ep Avg Reward: 47.8
    [Progress] Steps: 520000 | Elapsed: 735.6s | Recent 20-Ep Avg Reward: 44.0
    [Progress] Steps: 530000 | Elapsed: 748.3s | Recent 20-Ep Avg Reward: 41.6
    [Progress] Steps: 540000 | Elapsed: 761.3s | Recent 20-Ep Avg Reward: 57.8
    [Progress] Steps: 550000 | Elapsed: 779.9s | Recent 20-Ep Avg Reward: 46.5
    [Progress] Steps: 560000 | Elapsed: 792.7s | Recent 20-Ep Avg Reward: 42.8
    [Progress] Steps: 570000 | Elapsed: 805.7s | Recent 20-Ep Avg Reward: 47.0
    [Progress] Steps: 580000 | Elapsed: 818.6s | Recent 20-Ep Avg Reward: 45.4
    [Progress] Steps: 590000 | Elapsed: 837.1s | Recent 20-Ep Avg Reward: 47.9
    [Progress] Steps: 600000 | Elapsed: 850.2s | Recent 20-Ep Avg Reward: 50.9
    [Progress] Steps: 610000 | Elapsed: 863.1s | Recent 20-Ep Avg Reward: 50.6
    [Progress] Steps: 620000 | Elapsed: 876.1s | Recent 20-Ep Avg Reward: 48.7
    [Progress] Steps: 630000 | Elapsed: 889.2s | Recent 20-Ep Avg Reward: 39.9
    [Progress] Steps: 640000 | Elapsed: 907.4s | Recent 20-Ep Avg Reward: 46.6
    [Progress] Steps: 650000 | Elapsed: 920.1s | Recent 20-Ep Avg Reward: 46.1
    [Progress] Steps: 660000 | Elapsed: 933.3s | Recent 20-Ep Avg Reward: 50.0
    [Progress] Steps: 670000 | Elapsed: 946.2s | Recent 20-Ep Avg Reward: 41.4
    [Progress] Steps: 680000 | Elapsed: 964.8s | Recent 20-Ep Avg Reward: 48.5
    [Progress] Steps: 690000 | Elapsed: 978.2s | Recent 20-Ep Avg Reward: 50.6
    [Progress] Steps: 700000 | Elapsed: 991.3s | Recent 20-Ep Avg Reward: 50.8
    [Progress] Steps: 710000 | Elapsed: 1004.2s | Recent 20-Ep Avg Reward: 43.1
    [Progress] Steps: 720000 | Elapsed: 1017.3s | Recent 20-Ep Avg Reward: 47.5
    [Progress] Steps: 730000 | Elapsed: 1036.1s | Recent 20-Ep Avg Reward: 47.4
    [Progress] Steps: 740000 | Elapsed: 1049.1s | Recent 20-Ep Avg Reward: 42.0
    [Progress] Steps: 750000 | Elapsed: 1054.7s | Recent 20-Ep Avg Reward: 47.4
    [Progress] Steps: 760000 | Elapsed: 1067.8s | Recent 20-Ep Avg Reward: 45.5
    [Progress] Steps: 770000 | Elapsed: 1081.0s | Recent 20-Ep Avg Reward: 46.0
    [Progress] Steps: 780000 | Elapsed: 1099.7s | Recent 20-Ep Avg Reward: 45.8
    [Progress] Steps: 790000 | Elapsed: 1112.7s | Recent 20-Ep Avg Reward: 48.6
    [Progress] Steps: 800000 | Elapsed: 1125.5s | Recent 20-Ep Avg Reward: 40.8
    [Progress] Steps: 810000 | Elapsed: 1138.5s | Recent 20-Ep Avg Reward: 39.9
    [Progress] Steps: 820000 | Elapsed: 1157.0s | Recent 20-Ep Avg Reward: 44.8
    [Progress] Steps: 830000 | Elapsed: 1169.9s | Recent 20-Ep Avg Reward: 51.9
    [Progress] Steps: 840000 | Elapsed: 1183.1s | Recent 20-Ep Avg Reward: 46.6
    [Progress] Steps: 850000 | Elapsed: 1196.1s | Recent 20-Ep Avg Reward: 46.8
    [Progress] Steps: 860000 | Elapsed: 1209.2s | Recent 20-Ep Avg Reward: 43.9
    [Progress] Steps: 870000 | Elapsed: 1228.1s | Recent 20-Ep Avg Reward: 47.9
    [Progress] Steps: 880000 | Elapsed: 1241.0s | Recent 20-Ep Avg Reward: 48.4
    [Progress] Steps: 890000 | Elapsed: 1253.9s | Recent 20-Ep Avg Reward: 43.5
    [Progress] Steps: 900000 | Elapsed: 1266.8s | Recent 20-Ep Avg Reward: 50.0
    [Progress] Steps: 910000 | Elapsed: 1285.0s | Recent 20-Ep Avg Reward: 40.4
    [Progress] Steps: 920000 | Elapsed: 1297.7s | Recent 20-Ep Avg Reward: 45.5
    [Progress] Steps: 930000 | Elapsed: 1310.7s | Recent 20-Ep Avg Reward: 45.8
    [Progress] Steps: 940000 | Elapsed: 1323.6s | Recent 20-Ep Avg Reward: 48.2
    [Progress] Steps: 950000 | Elapsed: 1336.5s | Recent 20-Ep Avg Reward: 42.8
    [Progress] Steps: 960000 | Elapsed: 1355.0s | Recent 20-Ep Avg Reward: 44.4
    [Progress] Steps: 970000 | Elapsed: 1367.9s | Recent 20-Ep Avg Reward: 48.8
    [Progress] Steps: 980000 | Elapsed: 1381.0s | Recent 20-Ep Avg Reward: 44.0
    [Progress] Steps: 990000 | Elapsed: 1394.1s | Recent 20-Ep Avg Reward: 48.3
    [Progress] Steps: 1000000 | Elapsed: 1412.4s | Recent 20-Ep Avg Reward: 43.0
    [Progress] Steps: 1010000 | Elapsed: 1424.9s | Recent 20-Ep Avg Reward: 47.1
    [Progress] Steps: 1020000 | Elapsed: 1437.9s | Recent 20-Ep Avg Reward: 43.4
    [Progress] Steps: 1030000 | Elapsed: 1450.7s | Recent 20-Ep Avg Reward: 54.5
    [Progress] Steps: 1040000 | Elapsed: 1463.6s | Recent 20-Ep Avg Reward: 45.4
    [Progress] Steps: 1050000 | Elapsed: 1481.9s | Recent 20-Ep Avg Reward: 50.5
    [Progress] Steps: 1060000 | Elapsed: 1494.6s | Recent 20-Ep Avg Reward: 49.2
    [Progress] Steps: 1070000 | Elapsed: 1507.7s | Recent 20-Ep Avg Reward: 48.1
    [Progress] Steps: 1080000 | Elapsed: 1520.7s | Recent 20-Ep Avg Reward: 52.2
    [Progress] Steps: 1090000 | Elapsed: 1539.1s | Recent 20-Ep Avg Reward: 42.4
    [Progress] Steps: 1100000 | Elapsed: 1552.0s | Recent 20-Ep Avg Reward: 46.0
    [Progress] Steps: 1110000 | Elapsed: 1564.8s | Recent 20-Ep Avg Reward: 43.9
    [Progress] Steps: 1120000 | Elapsed: 1577.4s | Recent 20-Ep Avg Reward: 46.5
    [Progress] Steps: 1130000 | Elapsed: 1590.1s | Recent 20-Ep Avg Reward: 46.0
    [Progress] Steps: 1140000 | Elapsed: 1608.5s | Recent 20-Ep Avg Reward: 41.5
    [Progress] Steps: 1150000 | Elapsed: 1621.3s | Recent 20-Ep Avg Reward: 37.2
    [Progress] Steps: 1160000 | Elapsed: 1634.6s | Recent 20-Ep Avg Reward: 43.0
    [Progress] Steps: 1170000 | Elapsed: 1647.8s | Recent 20-Ep Avg Reward: 47.2
    [Progress] Steps: 1180000 | Elapsed: 1666.2s | Recent 20-Ep Avg Reward: 40.4
    [Progress] Steps: 1190000 | Elapsed: 1679.4s | Recent 20-Ep Avg Reward: 47.7
    [Progress] Steps: 1200000 | Elapsed: 1692.3s | Recent 20-Ep Avg Reward: 46.1
    [Progress] Steps: 1210000 | Elapsed: 1705.3s | Recent 20-Ep Avg Reward: 41.1
    [Progress] Steps: 1220000 | Elapsed: 1718.0s | Recent 20-Ep Avg Reward: 44.0
    [Progress] Steps: 1230000 | Elapsed: 1736.5s | Recent 20-Ep Avg Reward: 45.8
    [Progress] Steps: 1240000 | Elapsed: 1749.3s | Recent 20-Ep Avg Reward: 44.9
    [Progress] Steps: 1250000 | Elapsed: 1762.3s | Recent 20-Ep Avg Reward: 46.5
    [Progress] Steps: 1260000 | Elapsed: 1775.2s | Recent 20-Ep Avg Reward: 43.0
    [Progress] Steps: 1270000 | Elapsed: 1793.6s | Recent 20-Ep Avg Reward: 48.5
    [Progress] Steps: 1280000 | Elapsed: 1806.8s | Recent 20-Ep Avg Reward: 41.4
    [Progress] Steps: 1290000 | Elapsed: 1819.6s | Recent 20-Ep Avg Reward: 43.9
    [Progress] Steps: 1300000 | Elapsed: 1832.5s | Recent 20-Ep Avg Reward: 45.3
    [Progress] Steps: 1310000 | Elapsed: 1845.4s | Recent 20-Ep Avg Reward: 45.0
    [Progress] Steps: 1320000 | Elapsed: 1863.7s | Recent 20-Ep Avg Reward: 44.9
    [Progress] Steps: 1330000 | Elapsed: 1876.6s | Recent 20-Ep Avg Reward: 49.8
    [Progress] Steps: 1340000 | Elapsed: 1889.6s | Recent 20-Ep Avg Reward: 42.5
    [Progress] Steps: 1350000 | Elapsed: 1902.7s | Recent 20-Ep Avg Reward: 40.8
    [Progress] Steps: 1360000 | Elapsed: 1920.8s | Recent 20-Ep Avg Reward: 39.7
    [Progress] Steps: 1370000 | Elapsed: 1934.3s | Recent 20-Ep Avg Reward: 48.6
    [Progress] Steps: 1380000 | Elapsed: 1947.5s | Recent 20-Ep Avg Reward: 46.2
    [Progress] Steps: 1390000 | Elapsed: 1960.5s | Recent 20-Ep Avg Reward: 42.9
    [Progress] Steps: 1400000 | Elapsed: 1973.7s | Recent 20-Ep Avg Reward: 45.0
    [Progress] Steps: 1410000 | Elapsed: 1992.2s | Recent 20-Ep Avg Reward: 45.2
    [Progress] Steps: 1420000 | Elapsed: 2005.1s | Recent 20-Ep Avg Reward: 44.9
    [Progress] Steps: 1430000 | Elapsed: 2018.1s | Recent 20-Ep Avg Reward: 47.1
    [Progress] Steps: 1440000 | Elapsed: 2030.9s | Recent 20-Ep Avg Reward: 39.6
    [Progress] Steps: 1450000 | Elapsed: 2048.9s | Recent 20-Ep Avg Reward: 39.9
    [Progress] Steps: 1460000 | Elapsed: 2062.1s | Recent 20-Ep Avg Reward: 53.9
    [Progress] Steps: 1470000 | Elapsed: 2074.9s | Recent 20-Ep Avg Reward: 42.7
    [Progress] Steps: 1480000 | Elapsed: 2088.2s | Recent 20-Ep Avg Reward: 45.1
    [Progress] Steps: 1490000 | Elapsed: 2101.3s | Recent 20-Ep Avg Reward: 48.5
    [Progress] Steps: 1500000 | Elapsed: 2119.8s | Recent 20-Ep Avg Reward: 47.8
    [Progress] Steps: 1510000 | Elapsed: 2132.3s | Recent 20-Ep Avg Reward: 44.4
    [Progress] Steps: 1520000 | Elapsed: 2145.2s | Recent 20-Ep Avg Reward: 45.4
    [Progress] Steps: 1530000 | Elapsed: 2158.3s | Recent 20-Ep Avg Reward: 42.3
    [Progress] Steps: 1540000 | Elapsed: 2171.3s | Recent 20-Ep Avg Reward: 41.8
    [Progress] Steps: 1550000 | Elapsed: 2189.4s | Recent 20-Ep Avg Reward: 45.1
    [Progress] Steps: 1560000 | Elapsed: 2202.4s | Recent 20-Ep Avg Reward: 45.2
    [Progress] Steps: 1570000 | Elapsed: 2215.5s | Recent 20-Ep Avg Reward: 46.0
    [Progress] Steps: 1580000 | Elapsed: 2228.6s | Recent 20-Ep Avg Reward: 47.5
    [Progress] Steps: 1590000 | Elapsed: 2247.2s | Recent 20-Ep Avg Reward: 42.4
    [Progress] Steps: 1600000 | Elapsed: 2260.1s | Recent 20-Ep Avg Reward: 47.3
    [Progress] Steps: 1610000 | Elapsed: 2273.3s | Recent 20-Ep Avg Reward: 37.6
    [Progress] Steps: 1620000 | Elapsed: 2286.3s | Recent 20-Ep Avg Reward: 49.6
    [Progress] Steps: 1630000 | Elapsed: 2299.4s | Recent 20-Ep Avg Reward: 45.9
    [Progress] Steps: 1640000 | Elapsed: 2318.0s | Recent 20-Ep Avg Reward: 46.3
    [Progress] Steps: 1650000 | Elapsed: 2330.7s | Recent 20-Ep Avg Reward: 47.8
    [Progress] Steps: 1660000 | Elapsed: 2343.8s | Recent 20-Ep Avg Reward: 50.4
    [Progress] Steps: 1670000 | Elapsed: 2356.9s | Recent 20-Ep Avg Reward: 44.4
    [Progress] Steps: 1680000 | Elapsed: 2375.4s | Recent 20-Ep Avg Reward: 48.9
    [Progress] Steps: 1690000 | Elapsed: 2388.5s | Recent 20-Ep Avg Reward: 49.9
    [Progress] Steps: 1700000 | Elapsed: 2401.6s | Recent 20-Ep Avg Reward: 47.2
    [Progress] Steps: 1710000 | Elapsed: 2414.6s | Recent 20-Ep Avg Reward: 47.0
    [Progress] Steps: 1720000 | Elapsed: 2427.5s | Recent 20-Ep Avg Reward: 43.9
    [Progress] Steps: 1730000 | Elapsed: 2446.1s | Recent 20-Ep Avg Reward: 42.0
    [Progress] Steps: 1740000 | Elapsed: 2458.7s | Recent 20-Ep Avg Reward: 48.9
    [Progress] Steps: 1750000 | Elapsed: 2471.8s | Recent 20-Ep Avg Reward: 44.1
    [Progress] Steps: 1760000 | Elapsed: 2484.7s | Recent 20-Ep Avg Reward: 41.0
    [Progress] Steps: 1770000 | Elapsed: 2503.1s | Recent 20-Ep Avg Reward: 49.8
    [Progress] Steps: 1780000 | Elapsed: 2516.0s | Recent 20-Ep Avg Reward: 50.4
    [Progress] Steps: 1790000 | Elapsed: 2529.1s | Recent 20-Ep Avg Reward: 52.9
    [Progress] Steps: 1800000 | Elapsed: 2541.7s | Recent 20-Ep Avg Reward: 48.2
    [Progress] Steps: 1810000 | Elapsed: 2554.7s | Recent 20-Ep Avg Reward: 45.6
    [Progress] Steps: 1820000 | Elapsed: 2573.5s | Recent 20-Ep Avg Reward: 50.0
    [Progress] Steps: 1830000 | Elapsed: 2586.1s | Recent 20-Ep Avg Reward: 43.7
    [Progress] Steps: 1840000 | Elapsed: 2599.2s | Recent 20-Ep Avg Reward: 49.4
    [Progress] Steps: 1850000 | Elapsed: 2612.4s | Recent 20-Ep Avg Reward: 47.1
    [Progress] Steps: 1860000 | Elapsed: 2630.9s | Recent 20-Ep Avg Reward: 43.1
    [Progress] Steps: 1870000 | Elapsed: 2643.9s | Recent 20-Ep Avg Reward: 40.1
    [Progress] Steps: 1880000 | Elapsed: 2656.9s | Recent 20-Ep Avg Reward: 48.9
    [Progress] Steps: 1890000 | Elapsed: 2670.0s | Recent 20-Ep Avg Reward: 44.1
    [Progress] Steps: 1900000 | Elapsed: 2683.2s | Recent 20-Ep Avg Reward: 44.8
    [Progress] Steps: 1910000 | Elapsed: 2701.7s | Recent 20-Ep Avg Reward: 41.5
    [Progress] Steps: 1920000 | Elapsed: 2714.3s | Recent 20-Ep Avg Reward: 42.2
    [Progress] Steps: 1930000 | Elapsed: 2727.4s | Recent 20-Ep Avg Reward: 41.5
    [Progress] Steps: 1940000 | Elapsed: 2740.6s | Recent 20-Ep Avg Reward: 48.0
    [Progress] Steps: 1950000 | Elapsed: 2758.9s | Recent 20-Ep Avg Reward: 43.7
    [Progress] Steps: 1960000 | Elapsed: 2772.1s | Recent 20-Ep Avg Reward: 43.7
    [Progress] Steps: 1970000 | Elapsed: 2784.8s | Recent 20-Ep Avg Reward: 42.7
    [Progress] Steps: 1980000 | Elapsed: 2797.7s | Recent 20-Ep Avg Reward: 50.7
    [Progress] Steps: 1990000 | Elapsed: 2810.9s | Recent 20-Ep Avg Reward: 40.4
    [Progress] Steps: 2000000 | Elapsed: 2829.8s | Recent 20-Ep Avg Reward: 44.7
    [Progress] Steps: 2010000 | Elapsed: 2842.6s | Recent 20-Ep Avg Reward: 44.0
    [Progress] Steps: 2020000 | Elapsed: 2855.6s | Recent 20-Ep Avg Reward: 44.5
    [Progress] Steps: 2030000 | Elapsed: 2868.4s | Recent 20-Ep Avg Reward: 45.5
    [Progress] Steps: 2040000 | Elapsed: 2886.4s | Recent 20-Ep Avg Reward: 42.1
    [Progress] Steps: 2050000 | Elapsed: 2899.4s | Recent 20-Ep Avg Reward: 43.0
    [Progress] Steps: 2060000 | Elapsed: 2912.4s | Recent 20-Ep Avg Reward: 46.0
    [Progress] Steps: 2070000 | Elapsed: 2925.4s | Recent 20-Ep Avg Reward: 41.8
    [Progress] Steps: 2080000 | Elapsed: 2938.6s | Recent 20-Ep Avg Reward: 45.5
    [Progress] Steps: 2090000 | Elapsed: 2957.3s | Recent 20-Ep Avg Reward: 45.4
    [Progress] Steps: 2100000 | Elapsed: 2970.2s | Recent 20-Ep Avg Reward: 45.4
    [Progress] Steps: 2110000 | Elapsed: 2983.1s | Recent 20-Ep Avg Reward: 40.8
    [Progress] Steps: 2120000 | Elapsed: 2996.0s | Recent 20-Ep Avg Reward: 45.0
    [Progress] Steps: 2130000 | Elapsed: 3014.2s | Recent 20-Ep Avg Reward: 41.0
    [Progress] Steps: 2140000 | Elapsed: 3027.0s | Recent 20-Ep Avg Reward: 44.6
    [Progress] Steps: 2150000 | Elapsed: 3040.0s | Recent 20-Ep Avg Reward: 45.3
    [Progress] Steps: 2160000 | Elapsed: 3052.9s | Recent 20-Ep Avg Reward: 50.2
    [Progress] Steps: 2170000 | Elapsed: 3066.0s | Recent 20-Ep Avg Reward: 43.0
    [Progress] Steps: 2180000 | Elapsed: 3084.7s | Recent 20-Ep Avg Reward: 45.0
    [Progress] Steps: 2190000 | Elapsed: 3097.5s | Recent 20-Ep Avg Reward: 41.4
    [Progress] Steps: 2200000 | Elapsed: 3110.5s | Recent 20-Ep Avg Reward: 41.1
    [Progress] Steps: 2210000 | Elapsed: 3123.7s | Recent 20-Ep Avg Reward: 45.4
    [Progress] Steps: 2220000 | Elapsed: 3136.7s | Recent 20-Ep Avg Reward: 44.0
    [Progress] Steps: 2230000 | Elapsed: 3155.4s | Recent 20-Ep Avg Reward: 47.6
    [Progress] Steps: 2240000 | Elapsed: 3168.5s | Recent 20-Ep Avg Reward: 51.8
    [Progress] Steps: 2250000 | Elapsed: 3181.3s | Recent 20-Ep Avg Reward: 39.4
    [Progress] Steps: 2260000 | Elapsed: 3194.2s | Recent 20-Ep Avg Reward: 44.1
    [Progress] Steps: 2270000 | Elapsed: 3213.0s | Recent 20-Ep Avg Reward: 39.5
    [Progress] Steps: 2280000 | Elapsed: 3226.0s | Recent 20-Ep Avg Reward: 42.9
    [Progress] Steps: 2290000 | Elapsed: 3239.1s | Recent 20-Ep Avg Reward: 48.1
    [Progress] Steps: 2300000 | Elapsed: 3252.4s | Recent 20-Ep Avg Reward: 50.5
    [Progress] Steps: 2310000 | Elapsed: 3265.4s | Recent 20-Ep Avg Reward: 41.9
    [Progress] Steps: 2320000 | Elapsed: 3283.9s | Recent 20-Ep Avg Reward: 51.1
    [Progress] Steps: 2330000 | Elapsed: 3296.9s | Recent 20-Ep Avg Reward: 48.0
    [Progress] Steps: 2340000 | Elapsed: 3310.0s | Recent 20-Ep Avg Reward: 48.3
    [Progress] Steps: 2350000 | Elapsed: 3323.2s | Recent 20-Ep Avg Reward: 46.4
    [Progress] Steps: 2360000 | Elapsed: 3341.8s | Recent 20-Ep Avg Reward: 42.0
    [Progress] Steps: 2370000 | Elapsed: 3354.7s | Recent 20-Ep Avg Reward: 51.5
    [Progress] Steps: 2380000 | Elapsed: 3367.8s | Recent 20-Ep Avg Reward: 41.4
    [Progress] Steps: 2390000 | Elapsed: 3380.9s | Recent 20-Ep Avg Reward: 43.8
    [Progress] Steps: 2400000 | Elapsed: 3394.0s | Recent 20-Ep Avg Reward: 40.7
    [Progress] Steps: 2410000 | Elapsed: 3412.6s | Recent 20-Ep Avg Reward: 43.0
    [Progress] Steps: 2420000 | Elapsed: 3425.6s | Recent 20-Ep Avg Reward: 44.2
    [Progress] Steps: 2430000 | Elapsed: 3438.7s | Recent 20-Ep Avg Reward: 43.8
    [Progress] Steps: 2440000 | Elapsed: 3451.8s | Recent 20-Ep Avg Reward: 46.2
    [Progress] Steps: 2450000 | Elapsed: 3470.6s | Recent 20-Ep Avg Reward: 49.1
    [Progress] Steps: 2460000 | Elapsed: 3483.6s | Recent 20-Ep Avg Reward: 49.5
    [Progress] Steps: 2470000 | Elapsed: 3496.7s | Recent 20-Ep Avg Reward: 53.8
    [Progress] Steps: 2480000 | Elapsed: 3509.8s | Recent 20-Ep Avg Reward: 48.0
    [Progress] Steps: 2490000 | Elapsed: 3522.9s | Recent 20-Ep Avg Reward: 46.5
    [Progress] Steps: 2500000 | Elapsed: 3541.5s | Recent 20-Ep Avg Reward: 48.0
    [Progress] Steps: 2510000 | Elapsed: 3554.3s | Recent 20-Ep Avg Reward: 43.5
    [Progress] Steps: 2520000 | Elapsed: 3567.4s | Recent 20-Ep Avg Reward: 52.0
    [Progress] Steps: 2530000 | Elapsed: 3580.6s | Recent 20-Ep Avg Reward: 46.4
    [Progress] Steps: 2540000 | Elapsed: 3599.4s | Recent 20-Ep Avg Reward: 49.5
    [Progress] Steps: 2550000 | Elapsed: 3611.9s | Recent 20-Ep Avg Reward: 46.9
    [Progress] Steps: 2560000 | Elapsed: 3625.1s | Recent 20-Ep Avg Reward: 41.7
    [Progress] Steps: 2570000 | Elapsed: 3638.3s | Recent 20-Ep Avg Reward: 40.8
    [Progress] Steps: 2580000 | Elapsed: 3651.5s | Recent 20-Ep Avg Reward: 48.3
    [Progress] Steps: 2590000 | Elapsed: 3670.4s | Recent 20-Ep Avg Reward: 44.0
    [Progress] Steps: 2600000 | Elapsed: 3683.4s | Recent 20-Ep Avg Reward: 43.5
    [Progress] Steps: 2610000 | Elapsed: 3696.5s | Recent 20-Ep Avg Reward: 45.5
    [Progress] Steps: 2620000 | Elapsed: 3709.5s | Recent 20-Ep Avg Reward: 46.4
    [Progress] Steps: 2630000 | Elapsed: 3728.2s | Recent 20-Ep Avg Reward: 52.8
    [Progress] Steps: 2640000 | Elapsed: 3741.2s | Recent 20-Ep Avg Reward: 38.7
    [Progress] Steps: 2650000 | Elapsed: 3754.5s | Recent 20-Ep Avg Reward: 43.0
    [Progress] Steps: 2660000 | Elapsed: 3767.9s | Recent 20-Ep Avg Reward: 45.2
    [Progress] Steps: 2670000 | Elapsed: 3781.1s | Recent 20-Ep Avg Reward: 46.0
    [Progress] Steps: 2680000 | Elapsed: 3799.6s | Recent 20-Ep Avg Reward: 47.8
    [Progress] Steps: 2690000 | Elapsed: 3812.7s | Recent 20-Ep Avg Reward: 41.5
    [Progress] Steps: 2700000 | Elapsed: 3825.9s | Recent 20-Ep Avg Reward: 46.0
    [Progress] Steps: 2710000 | Elapsed: 3839.1s | Recent 20-Ep Avg Reward: 39.2
    [Progress] Steps: 2720000 | Elapsed: 3857.6s | Recent 20-Ep Avg Reward: 46.6
    [Progress] Steps: 2730000 | Elapsed: 3870.6s | Recent 20-Ep Avg Reward: 40.8
    [Progress] Steps: 2740000 | Elapsed: 3883.7s | Recent 20-Ep Avg Reward: 45.4
    [Progress] Steps: 2750000 | Elapsed: 3896.6s | Recent 20-Ep Avg Reward: 46.1
    [Progress] Steps: 2760000 | Elapsed: 3909.9s | Recent 20-Ep Avg Reward: 48.6
    [Progress] Steps: 2770000 | Elapsed: 3928.3s | Recent 20-Ep Avg Reward: 42.3
    [Progress] Steps: 2780000 | Elapsed: 3941.4s | Recent 20-Ep Avg Reward: 40.1
    [Progress] Steps: 2790000 | Elapsed: 3954.4s | Recent 20-Ep Avg Reward: 50.5
    [Progress] Steps: 2800000 | Elapsed: 3967.4s | Recent 20-Ep Avg Reward: 46.7
    [Progress] Steps: 2810000 | Elapsed: 3986.0s | Recent 20-Ep Avg Reward: 50.7
    [Progress] Steps: 2820000 | Elapsed: 3999.1s | Recent 20-Ep Avg Reward: 44.2
    [Progress] Steps: 2830000 | Elapsed: 4012.1s | Recent 20-Ep Avg Reward: 43.6
    [Progress] Steps: 2840000 | Elapsed: 4025.2s | Recent 20-Ep Avg Reward: 42.7
    [Progress] Steps: 2850000 | Elapsed: 4038.2s | Recent 20-Ep Avg Reward: 45.0
    [Progress] Steps: 2860000 | Elapsed: 4056.7s | Recent 20-Ep Avg Reward: 41.8
    [Progress] Steps: 2870000 | Elapsed: 4069.8s | Recent 20-Ep Avg Reward: 40.4
    [Progress] Steps: 2880000 | Elapsed: 4082.8s | Recent 20-Ep Avg Reward: 38.0
    [Progress] Steps: 2890000 | Elapsed: 4095.6s | Recent 20-Ep Avg Reward: 45.5
    [Progress] Steps: 2900000 | Elapsed: 4114.2s | Recent 20-Ep Avg Reward: 38.9
    [Progress] Steps: 2910000 | Elapsed: 4127.2s | Recent 20-Ep Avg Reward: 46.9
    [Progress] Steps: 2920000 | Elapsed: 4140.2s | Recent 20-Ep Avg Reward: 38.3
    [Progress] Steps: 2930000 | Elapsed: 4152.9s | Recent 20-Ep Avg Reward: 46.4
    [Progress] Steps: 2940000 | Elapsed: 4165.6s | Recent 20-Ep Avg Reward: 40.1
    [Progress] Steps: 2950000 | Elapsed: 4184.3s | Recent 20-Ep Avg Reward: 41.2
    [Progress] Steps: 2960000 | Elapsed: 4197.5s | Recent 20-Ep Avg Reward: 51.6
    [Progress] Steps: 2970000 | Elapsed: 4210.5s | Recent 20-Ep Avg Reward: 44.3
    [Progress] Steps: 2980000 | Elapsed: 4223.4s | Recent 20-Ep Avg Reward: 48.0
    [Progress] Steps: 2990000 | Elapsed: 4236.5s | Recent 20-Ep Avg Reward: 45.2
    [Progress] Steps: 3000000 | Elapsed: 4254.9s | Recent 20-Ep Avg Reward: 44.2
    [Progress] Steps: 3010000 | Elapsed: 4268.0s | Recent 20-Ep Avg Reward: 42.0
    [Progress] Steps: 3020000 | Elapsed: 4280.8s | Recent 20-Ep Avg Reward: 47.8
    [Progress] Steps: 3030000 | Elapsed: 4293.5s | Recent 20-Ep Avg Reward: 44.8
    [Progress] Steps: 3040000 | Elapsed: 4311.9s | Recent 20-Ep Avg Reward: 47.7
    [Progress] Steps: 3050000 | Elapsed: 4325.0s | Recent 20-Ep Avg Reward: 38.4
    [Progress] Steps: 3060000 | Elapsed: 4338.2s | Recent 20-Ep Avg Reward: 42.8
    [Progress] Steps: 3070000 | Elapsed: 4351.3s | Recent 20-Ep Avg Reward: 46.8
    [Progress] Steps: 3080000 | Elapsed: 4364.5s | Recent 20-Ep Avg Reward: 42.4
    [Progress] Steps: 3090000 | Elapsed: 4383.1s | Recent 20-Ep Avg Reward: 46.2
    [Progress] Steps: 3100000 | Elapsed: 4395.9s | Recent 20-Ep Avg Reward: 45.8
    [Progress] Steps: 3110000 | Elapsed: 4408.9s | Recent 20-Ep Avg Reward: 44.3
    [Progress] Steps: 3120000 | Elapsed: 4421.9s | Recent 20-Ep Avg Reward: 45.2
    [Progress] Steps: 3130000 | Elapsed: 4439.7s | Recent 20-Ep Avg Reward: 44.2
    [Progress] Steps: 3140000 | Elapsed: 4452.5s | Recent 20-Ep Avg Reward: 42.6
    [Progress] Steps: 3150000 | Elapsed: 4465.5s | Recent 20-Ep Avg Reward: 44.8
    [Progress] Steps: 3160000 | Elapsed: 4478.5s | Recent 20-Ep Avg Reward: 40.1
    [Progress] Steps: 3170000 | Elapsed: 4492.0s | Recent 20-Ep Avg Reward: 45.0
    [Progress] Steps: 3180000 | Elapsed: 4510.6s | Recent 20-Ep Avg Reward: 40.8
    [Progress] Steps: 3190000 | Elapsed: 4523.4s | Recent 20-Ep Avg Reward: 42.8
    [Progress] Steps: 3200000 | Elapsed: 4536.7s | Recent 20-Ep Avg Reward: 44.6
    [Progress] Steps: 3210000 | Elapsed: 4549.7s | Recent 20-Ep Avg Reward: 42.9
    [Progress] Steps: 3220000 | Elapsed: 4568.2s | Recent 20-Ep Avg Reward: 39.8
    [Progress] Steps: 3230000 | Elapsed: 4581.1s | Recent 20-Ep Avg Reward: 41.1
    [Progress] Steps: 3240000 | Elapsed: 4594.1s | Recent 20-Ep Avg Reward: 47.0
    [Progress] Steps: 3250000 | Elapsed: 4607.1s | Recent 20-Ep Avg Reward: 45.6
    [Progress] Steps: 3260000 | Elapsed: 4620.5s | Recent 20-Ep Avg Reward: 44.1
    [Progress] Steps: 3270000 | Elapsed: 4639.1s | Recent 20-Ep Avg Reward: 43.9
    [Progress] Steps: 3280000 | Elapsed: 4652.2s | Recent 20-Ep Avg Reward: 40.8
    [Progress] Steps: 3290000 | Elapsed: 4665.1s | Recent 20-Ep Avg Reward: 47.8
    [Progress] Steps: 3300000 | Elapsed: 4678.4s | Recent 20-Ep Avg Reward: 46.5
    [Progress] Steps: 3310000 | Elapsed: 4696.8s | Recent 20-Ep Avg Reward: 47.2
    [Progress] Steps: 3320000 | Elapsed: 4709.8s | Recent 20-Ep Avg Reward: 39.2
    [Progress] Steps: 3330000 | Elapsed: 4722.7s | Recent 20-Ep Avg Reward: 43.1
    [Progress] Steps: 3340000 | Elapsed: 4735.7s | Recent 20-Ep Avg Reward: 42.1
    [Progress] Steps: 3350000 | Elapsed: 4748.8s | Recent 20-Ep Avg Reward: 49.3
    [Progress] Steps: 3360000 | Elapsed: 4766.9s | Recent 20-Ep Avg Reward: 48.2
    [Progress] Steps: 3370000 | Elapsed: 4780.0s | Recent 20-Ep Avg Reward: 42.2
    [Progress] Steps: 3380000 | Elapsed: 4792.9s | Recent 20-Ep Avg Reward: 44.8
    [Progress] Steps: 3390000 | Elapsed: 4806.1s | Recent 20-Ep Avg Reward: 46.0
    [Progress] Steps: 3400000 | Elapsed: 4824.4s | Recent 20-Ep Avg Reward: 42.9
    [Progress] Steps: 3410000 | Elapsed: 4837.4s | Recent 20-Ep Avg Reward: 42.2
    [Progress] Steps: 3420000 | Elapsed: 4850.5s | Recent 20-Ep Avg Reward: 45.2
    [Progress] Steps: 3430000 | Elapsed: 4863.3s | Recent 20-Ep Avg Reward: 42.7
    [Progress] Steps: 3440000 | Elapsed: 4876.8s | Recent 20-Ep Avg Reward: 49.1
    [Progress] Steps: 3450000 | Elapsed: 4895.5s | Recent 20-Ep Avg Reward: 43.5
    [Progress] Steps: 3460000 | Elapsed: 4908.6s | Recent 20-Ep Avg Reward: 40.4
    [Progress] Steps: 3470000 | Elapsed: 4921.7s | Recent 20-Ep Avg Reward: 45.5
    [Progress] Steps: 3480000 | Elapsed: 4934.8s | Recent 20-Ep Avg Reward: 48.0
    [Progress] Steps: 3490000 | Elapsed: 4953.3s | Recent 20-Ep Avg Reward: 45.1
    [Progress] Steps: 3500000 | Elapsed: 4966.3s | Recent 20-Ep Avg Reward: 45.5
    [Progress] Steps: 3510000 | Elapsed: 4979.2s | Recent 20-Ep Avg Reward: 46.6
    [Progress] Steps: 3520000 | Elapsed: 4992.2s | Recent 20-Ep Avg Reward: 43.1
    [Progress] Steps: 3530000 | Elapsed: 5005.6s | Recent 20-Ep Avg Reward: 40.5
    [Progress] Steps: 3540000 | Elapsed: 5023.9s | Recent 20-Ep Avg Reward: 42.1
    [Progress] Steps: 3550000 | Elapsed: 5036.9s | Recent 20-Ep Avg Reward: 41.0
    [Progress] Steps: 3560000 | Elapsed: 5049.9s | Recent 20-Ep Avg Reward: 37.2
    [Progress] Steps: 3570000 | Elapsed: 5062.9s | Recent 20-Ep Avg Reward: 47.0
    [Progress] Steps: 3580000 | Elapsed: 5081.3s | Recent 20-Ep Avg Reward: 45.5
    [Progress] Steps: 3590000 | Elapsed: 5094.2s | Recent 20-Ep Avg Reward: 41.2
    [Progress] Steps: 3600000 | Elapsed: 5107.3s | Recent 20-Ep Avg Reward: 48.1
    [Progress] Steps: 3610000 | Elapsed: 5120.3s | Recent 20-Ep Avg Reward: 45.4
    [Progress] Steps: 3620000 | Elapsed: 5133.6s | Recent 20-Ep Avg Reward: 44.5
    [Progress] Steps: 3630000 | Elapsed: 5151.6s | Recent 20-Ep Avg Reward: 39.0
    [Progress] Steps: 3640000 | Elapsed: 5164.5s | Recent 20-Ep Avg Reward: 44.5
    [Progress] Steps: 3650000 | Elapsed: 5177.3s | Recent 20-Ep Avg Reward: 42.8
    [Progress] Steps: 3660000 | Elapsed: 5190.6s | Recent 20-Ep Avg Reward: 42.2
    [Progress] Steps: 3670000 | Elapsed: 5203.6s | Recent 20-Ep Avg Reward: 45.6
    [Progress] Steps: 3680000 | Elapsed: 5222.2s | Recent 20-Ep Avg Reward: 39.9
    [Progress] Steps: 3690000 | Elapsed: 5235.1s | Recent 20-Ep Avg Reward: 44.4
    [Progress] Steps: 3700000 | Elapsed: 5247.8s | Recent 20-Ep Avg Reward: 38.5
    [Progress] Steps: 3710000 | Elapsed: 5261.2s | Recent 20-Ep Avg Reward: 41.2
    [Progress] Steps: 3720000 | Elapsed: 5279.5s | Recent 20-Ep Avg Reward: 42.0
    [Progress] Steps: 3730000 | Elapsed: 5292.4s | Recent 20-Ep Avg Reward: 45.5
    [Progress] Steps: 3740000 | Elapsed: 5304.8s | Recent 20-Ep Avg Reward: 45.3
    [Progress] Steps: 3750000 | Elapsed: 5317.7s | Recent 20-Ep Avg Reward: 49.6
    [Progress] Steps: 3760000 | Elapsed: 5330.9s | Recent 20-Ep Avg Reward: 45.7
    [Progress] Steps: 3770000 | Elapsed: 5349.5s | Recent 20-Ep Avg Reward: 43.0
    [Progress] Steps: 3780000 | Elapsed: 5362.6s | Recent 20-Ep Avg Reward: 43.0
    [Progress] Steps: 3790000 | Elapsed: 5375.7s | Recent 20-Ep Avg Reward: 42.9
    [Progress] Steps: 3800000 | Elapsed: 5389.0s | Recent 20-Ep Avg Reward: 48.9
    [Progress] Steps: 3810000 | Elapsed: 5407.4s | Recent 20-Ep Avg Reward: 40.9
    [Progress] Steps: 3820000 | Elapsed: 5420.3s | Recent 20-Ep Avg Reward: 45.1
    [Progress] Steps: 3830000 | Elapsed: 5433.3s | Recent 20-Ep Avg Reward: 44.5
    [Progress] Steps: 3840000 | Elapsed: 5446.5s | Recent 20-Ep Avg Reward: 44.0
    [Progress] Steps: 3850000 | Elapsed: 5459.5s | Recent 20-Ep Avg Reward: 45.9
    [Progress] Steps: 3860000 | Elapsed: 5477.9s | Recent 20-Ep Avg Reward: 49.3
    [Progress] Steps: 3870000 | Elapsed: 5490.8s | Recent 20-Ep Avg Reward: 43.4
    [Progress] Steps: 3880000 | Elapsed: 5503.8s | Recent 20-Ep Avg Reward: 43.0
    [Progress] Steps: 3890000 | Elapsed: 5517.1s | Recent 20-Ep Avg Reward: 51.9
    [Progress] Steps: 3900000 | Elapsed: 5535.8s | Recent 20-Ep Avg Reward: 47.0
    [Progress] Steps: 3910000 | Elapsed: 5548.8s | Recent 20-Ep Avg Reward: 44.5
    [Progress] Steps: 3920000 | Elapsed: 5561.8s | Recent 20-Ep Avg Reward: 41.2
    [Progress] Steps: 3930000 | Elapsed: 5574.7s | Recent 20-Ep Avg Reward: 44.7
    [Progress] Steps: 3940000 | Elapsed: 5587.7s | Recent 20-Ep Avg Reward: 40.9
    [Progress] Steps: 3950000 | Elapsed: 5606.4s | Recent 20-Ep Avg Reward: 41.2
    [Progress] Steps: 3960000 | Elapsed: 5619.6s | Recent 20-Ep Avg Reward: 42.3
    [Progress] Steps: 3970000 | Elapsed: 5632.7s | Recent 20-Ep Avg Reward: 44.4
    [Progress] Steps: 3980000 | Elapsed: 5646.0s | Recent 20-Ep Avg Reward: 42.8
    [Progress] Steps: 3990000 | Elapsed: 5664.4s | Recent 20-Ep Avg Reward: 44.2
    [Progress] Steps: 4000000 | Elapsed: 5677.5s | Recent 20-Ep Avg Reward: 44.6
    [Progress] Steps: 4010000 | Elapsed: 5690.5s | Recent 20-Ep Avg Reward: 44.2
    [Progress] Steps: 4020000 | Elapsed: 5703.5s | Recent 20-Ep Avg Reward: 44.7
    [Progress] Steps: 4030000 | Elapsed: 5716.8s | Recent 20-Ep Avg Reward: 43.9
    [Progress] Steps: 4040000 | Elapsed: 5735.1s | Recent 20-Ep Avg Reward: 48.7
    [Progress] Steps: 4050000 | Elapsed: 5748.1s | Recent 20-Ep Avg Reward: 39.0
    [Progress] Steps: 4060000 | Elapsed: 5760.9s | Recent 20-Ep Avg Reward: 46.5
    [Progress] Steps: 4070000 | Elapsed: 5773.9s | Recent 20-Ep Avg Reward: 45.4
    [Progress] Steps: 4080000 | Elapsed: 5792.5s | Recent 20-Ep Avg Reward: 47.5
    [Progress] Steps: 4090000 | Elapsed: 5805.8s | Recent 20-Ep Avg Reward: 49.0
    [Progress] Steps: 4100000 | Elapsed: 5818.7s | Recent 20-Ep Avg Reward: 39.5
    [Progress] Steps: 4110000 | Elapsed: 5831.8s | Recent 20-Ep Avg Reward: 42.8
    [Progress] Steps: 4120000 | Elapsed: 5844.7s | Recent 20-Ep Avg Reward: 51.1
    [Progress] Steps: 4130000 | Elapsed: 5863.2s | Recent 20-Ep Avg Reward: 42.6
    [Progress] Steps: 4140000 | Elapsed: 5876.3s | Recent 20-Ep Avg Reward: 46.0
    [Progress] Steps: 4150000 | Elapsed: 5889.3s | Recent 20-Ep Avg Reward: 47.0
    [Progress] Steps: 4160000 | Elapsed: 5902.3s | Recent 20-Ep Avg Reward: 43.8
    [Progress] Steps: 4170000 | Elapsed: 5920.8s | Recent 20-Ep Avg Reward: 41.6
    [Progress] Steps: 4180000 | Elapsed: 5934.0s | Recent 20-Ep Avg Reward: 45.7
    [Progress] Steps: 4190000 | Elapsed: 5946.9s | Recent 20-Ep Avg Reward: 47.9
    [Progress] Steps: 4200000 | Elapsed: 5959.9s | Recent 20-Ep Avg Reward: 47.0
    [Progress] Steps: 4210000 | Elapsed: 5972.6s | Recent 20-Ep Avg Reward: 43.9
    [Progress] Steps: 4220000 | Elapsed: 5991.0s | Recent 20-Ep Avg Reward: 47.0
    [Progress] Steps: 4230000 | Elapsed: 6004.2s | Recent 20-Ep Avg Reward: 43.5
    [Progress] Steps: 4240000 | Elapsed: 6017.3s | Recent 20-Ep Avg Reward: 52.5
    [Progress] Steps: 4250000 | Elapsed: 6030.2s | Recent 20-Ep Avg Reward: 42.5
    [Progress] Steps: 4260000 | Elapsed: 6048.3s | Recent 20-Ep Avg Reward: 44.4
    [Progress] Steps: 4270000 | Elapsed: 6061.7s | Recent 20-Ep Avg Reward: 41.1
    [Progress] Steps: 4280000 | Elapsed: 6074.7s | Recent 20-Ep Avg Reward: 42.1
    [Progress] Steps: 4290000 | Elapsed: 6087.7s | Recent 20-Ep Avg Reward: 44.6
    [Progress] Steps: 4300000 | Elapsed: 6100.9s | Recent 20-Ep Avg Reward: 46.6
    [Progress] Steps: 4310000 | Elapsed: 6119.7s | Recent 20-Ep Avg Reward: 44.8
    [Progress] Steps: 4320000 | Elapsed: 6132.9s | Recent 20-Ep Avg Reward: 37.6
    [Progress] Steps: 4330000 | Elapsed: 6145.7s | Recent 20-Ep Avg Reward: 47.1
    [Progress] Steps: 4340000 | Elapsed: 6158.9s | Recent 20-Ep Avg Reward: 46.8
    [Progress] Steps: 4350000 | Elapsed: 6177.2s | Recent 20-Ep Avg Reward: 40.0
    [Progress] Steps: 4360000 | Elapsed: 6190.8s | Recent 20-Ep Avg Reward: 47.4
    [Progress] Steps: 4370000 | Elapsed: 6203.8s | Recent 20-Ep Avg Reward: 54.8
    [Progress] Steps: 4380000 | Elapsed: 6216.9s | Recent 20-Ep Avg Reward: 43.7
    [Progress] Steps: 4390000 | Elapsed: 6230.2s | Recent 20-Ep Avg Reward: 44.9
    [Progress] Steps: 4400000 | Elapsed: 6248.8s | Recent 20-Ep Avg Reward: 46.5
    [Progress] Steps: 4410000 | Elapsed: 6261.6s | Recent 20-Ep Avg Reward: 40.2
    [Progress] Steps: 4420000 | Elapsed: 6274.4s | Recent 20-Ep Avg Reward: 50.4
    [Progress] Steps: 4430000 | Elapsed: 6287.5s | Recent 20-Ep Avg Reward: 44.6
    [Progress] Steps: 4440000 | Elapsed: 6300.8s | Recent 20-Ep Avg Reward: 49.7
    [Progress] Steps: 4450000 | Elapsed: 6319.5s | Recent 20-Ep Avg Reward: 47.3
    [Progress] Steps: 4460000 | Elapsed: 6332.4s | Recent 20-Ep Avg Reward: 38.3
    [Progress] Steps: 4470000 | Elapsed: 6345.7s | Recent 20-Ep Avg Reward: 43.9
    [Progress] Steps: 4480000 | Elapsed: 6358.8s | Recent 20-Ep Avg Reward: 42.0
    [Progress] Steps: 4490000 | Elapsed: 6377.5s | Recent 20-Ep Avg Reward: 44.5
    [Progress] Steps: 4500000 | Elapsed: 6390.6s | Recent 20-Ep Avg Reward: 44.0
[*] Final Result for Seed 102: Stopped at 4505600 steps in 6400.86 seconds
[*] Data strictly saved to: ppo_results_seed_102\ppo_learning_curve.csv
[*] Model successfully saved to: ppo_results_seed_102\final_ppo_model.zip

--- Running Seed 103 (3/5) with 16 parallel workers ---
    [Progress] Steps: 10000 | Elapsed: 14.4s | Recent 20-Ep Avg Reward: 23.7
    [Progress] Steps: 20000 | Elapsed: 27.2s | Recent 20-Ep Avg Reward: 28.4
    [Progress] Steps: 30000 | Elapsed: 40.2s | Recent 20-Ep Avg Reward: 36.0
    [Progress] Steps: 40000 | Elapsed: 53.3s | Recent 20-Ep Avg Reward: 27.6
    [Progress] Steps: 50000 | Elapsed: 71.6s | Recent 20-Ep Avg Reward: 40.5
    [Progress] Steps: 60000 | Elapsed: 84.6s | Recent 20-Ep Avg Reward: 43.0
    [Progress] Steps: 70000 | Elapsed: 97.1s | Recent 20-Ep Avg Reward: 41.1
    [Progress] Steps: 80000 | Elapsed: 109.8s | Recent 20-Ep Avg Reward: 39.0
    [Progress] Steps: 90000 | Elapsed: 123.0s | Recent 20-Ep Avg Reward: 37.0
    [Progress] Steps: 100000 | Elapsed: 141.5s | Recent 20-Ep Avg Reward: 42.2
    [Progress] Steps: 110000 | Elapsed: 154.2s | Recent 20-Ep Avg Reward: 51.6
    [Progress] Steps: 120000 | Elapsed: 167.0s | Recent 20-Ep Avg Reward: 45.5
    [Progress] Steps: 130000 | Elapsed: 179.7s | Recent 20-Ep Avg Reward: 49.2
    [Progress] Steps: 140000 | Elapsed: 198.2s | Recent 20-Ep Avg Reward: 49.9
    [Progress] Steps: 150000 | Elapsed: 211.2s | Recent 20-Ep Avg Reward: 40.9
    [Progress] Steps: 160000 | Elapsed: 224.0s | Recent 20-Ep Avg Reward: 49.0
    [Progress] Steps: 170000 | Elapsed: 236.7s | Recent 20-Ep Avg Reward: 47.5
    [Progress] Steps: 180000 | Elapsed: 249.7s | Recent 20-Ep Avg Reward: 51.3
    [Progress] Steps: 190000 | Elapsed: 268.2s | Recent 20-Ep Avg Reward: 38.4
    [Progress] Steps: 200000 | Elapsed: 280.9s | Recent 20-Ep Avg Reward: 46.8
    [Progress] Steps: 210000 | Elapsed: 293.6s | Recent 20-Ep Avg Reward: 43.4
    [Progress] Steps: 220000 | Elapsed: 306.1s | Recent 20-Ep Avg Reward: 39.5
    [Progress] Steps: 230000 | Elapsed: 324.3s | Recent 20-Ep Avg Reward: 53.0
    [Progress] Steps: 240000 | Elapsed: 336.9s | Recent 20-Ep Avg Reward: 56.2
    [Progress] Steps: 250000 | Elapsed: 349.5s | Recent 20-Ep Avg Reward: 52.1
    [Progress] Steps: 260000 | Elapsed: 362.3s | Recent 20-Ep Avg Reward: 46.6
    [Progress] Steps: 270000 | Elapsed: 375.3s | Recent 20-Ep Avg Reward: 43.8
    [Progress] Steps: 280000 | Elapsed: 393.9s | Recent 20-Ep Avg Reward: 43.5
    [Progress] Steps: 290000 | Elapsed: 406.6s | Recent 20-Ep Avg Reward: 52.0
    [Progress] Steps: 300000 | Elapsed: 419.5s | Recent 20-Ep Avg Reward: 42.6
    [Progress] Steps: 310000 | Elapsed: 432.2s | Recent 20-Ep Avg Reward: 43.4
    [Progress] Steps: 320000 | Elapsed: 450.4s | Recent 20-Ep Avg Reward: 62.8
    [Progress] Steps: 330000 | Elapsed: 463.2s | Recent 20-Ep Avg Reward: 50.9
    [Progress] Steps: 340000 | Elapsed: 475.8s | Recent 20-Ep Avg Reward: 45.0
    [Progress] Steps: 350000 | Elapsed: 488.5s | Recent 20-Ep Avg Reward: 51.6
    [Progress] Steps: 360000 | Elapsed: 501.4s | Recent 20-Ep Avg Reward: 45.5
    [Progress] Steps: 370000 | Elapsed: 520.0s | Recent 20-Ep Avg Reward: 52.7
    [Progress] Steps: 380000 | Elapsed: 532.7s | Recent 20-Ep Avg Reward: 43.1
    [Progress] Steps: 390000 | Elapsed: 545.4s | Recent 20-Ep Avg Reward: 49.4
    [Progress] Steps: 400000 | Elapsed: 558.3s | Recent 20-Ep Avg Reward: 52.1
    [Progress] Steps: 410000 | Elapsed: 576.3s | Recent 20-Ep Avg Reward: 48.9
    [Progress] Steps: 420000 | Elapsed: 589.1s | Recent 20-Ep Avg Reward: 51.2
    [Progress] Steps: 430000 | Elapsed: 601.7s | Recent 20-Ep Avg Reward: 45.0
    [Progress] Steps: 440000 | Elapsed: 614.1s | Recent 20-Ep Avg Reward: 52.9
    [Progress] Steps: 450000 | Elapsed: 626.8s | Recent 20-Ep Avg Reward: 46.8
    [Progress] Steps: 460000 | Elapsed: 645.2s | Recent 20-Ep Avg Reward: 49.2
    [Progress] Steps: 470000 | Elapsed: 657.7s | Recent 20-Ep Avg Reward: 52.2
    [Progress] Steps: 480000 | Elapsed: 670.6s | Recent 20-Ep Avg Reward: 48.5
    [Progress] Steps: 490000 | Elapsed: 683.5s | Recent 20-Ep Avg Reward: 48.6
    [Progress] Steps: 500000 | Elapsed: 701.7s | Recent 20-Ep Avg Reward: 49.5
    [Progress] Steps: 510000 | Elapsed: 714.7s | Recent 20-Ep Avg Reward: 49.9
    [Progress] Steps: 520000 | Elapsed: 727.6s | Recent 20-Ep Avg Reward: 49.5
    [Progress] Steps: 530000 | Elapsed: 740.5s | Recent 20-Ep Avg Reward: 58.5
    [Progress] Steps: 540000 | Elapsed: 753.4s | Recent 20-Ep Avg Reward: 52.1
    [Progress] Steps: 550000 | Elapsed: 771.9s | Recent 20-Ep Avg Reward: 49.3
    [Progress] Steps: 560000 | Elapsed: 784.6s | Recent 20-Ep Avg Reward: 46.4
    [Progress] Steps: 570000 | Elapsed: 797.6s | Recent 20-Ep Avg Reward: 50.0
    [Progress] Steps: 580000 | Elapsed: 810.7s | Recent 20-Ep Avg Reward: 44.7
    [Progress] Steps: 590000 | Elapsed: 829.0s | Recent 20-Ep Avg Reward: 45.0
    [Progress] Steps: 600000 | Elapsed: 842.3s | Recent 20-Ep Avg Reward: 46.9
    [Progress] Steps: 610000 | Elapsed: 855.0s | Recent 20-Ep Avg Reward: 43.9
    [Progress] Steps: 620000 | Elapsed: 867.8s | Recent 20-Ep Avg Reward: 49.0
    [Progress] Steps: 630000 | Elapsed: 880.7s | Recent 20-Ep Avg Reward: 46.2
    [Progress] Steps: 640000 | Elapsed: 899.2s | Recent 20-Ep Avg Reward: 54.4
    [Progress] Steps: 650000 | Elapsed: 912.0s | Recent 20-Ep Avg Reward: 46.0
    [Progress] Steps: 660000 | Elapsed: 924.7s | Recent 20-Ep Avg Reward: 43.0
    [Progress] Steps: 670000 | Elapsed: 937.6s | Recent 20-Ep Avg Reward: 46.1
    [Progress] Steps: 680000 | Elapsed: 956.0s | Recent 20-Ep Avg Reward: 42.4
    [Progress] Steps: 690000 | Elapsed: 969.4s | Recent 20-Ep Avg Reward: 47.9
    [Progress] Steps: 700000 | Elapsed: 982.3s | Recent 20-Ep Avg Reward: 41.2
    [Progress] Steps: 710000 | Elapsed: 995.0s | Recent 20-Ep Avg Reward: 43.7
    [Progress] Steps: 720000 | Elapsed: 1007.7s | Recent 20-Ep Avg Reward: 46.8
    [Progress] Steps: 730000 | Elapsed: 1026.2s | Recent 20-Ep Avg Reward: 50.9
    [Progress] Steps: 740000 | Elapsed: 1038.9s | Recent 20-Ep Avg Reward: 45.4
    [Progress] Steps: 750000 | Elapsed: 1051.8s | Recent 20-Ep Avg Reward: 46.3
    [Progress] Steps: 760000 | Elapsed: 1064.9s | Recent 20-Ep Avg Reward: 44.4
    [Progress] Steps: 770000 | Elapsed: 1078.0s | Recent 20-Ep Avg Reward: 46.4
    [Progress] Steps: 780000 | Elapsed: 1096.4s | Recent 20-Ep Avg Reward: 42.2
    [Progress] Steps: 790000 | Elapsed: 1109.4s | Recent 20-Ep Avg Reward: 43.6
    [Progress] Steps: 800000 | Elapsed: 1122.3s | Recent 20-Ep Avg Reward: 42.6
    [Progress] Steps: 810000 | Elapsed: 1135.4s | Recent 20-Ep Avg Reward: 48.1
    [Progress] Steps: 820000 | Elapsed: 1154.0s | Recent 20-Ep Avg Reward: 45.7
    [Progress] Steps: 830000 | Elapsed: 1166.8s | Recent 20-Ep Avg Reward: 48.0
    [Progress] Steps: 840000 | Elapsed: 1179.5s | Recent 20-Ep Avg Reward: 49.1
    [Progress] Steps: 850000 | Elapsed: 1192.5s | Recent 20-Ep Avg Reward: 47.5
    [Progress] Steps: 860000 | Elapsed: 1205.4s | Recent 20-Ep Avg Reward: 52.0
    [Progress] Steps: 870000 | Elapsed: 1223.9s | Recent 20-Ep Avg Reward: 44.6
    [Progress] Steps: 880000 | Elapsed: 1236.4s | Recent 20-Ep Avg Reward: 46.4
    [Progress] Steps: 890000 | Elapsed: 1249.3s | Recent 20-Ep Avg Reward: 48.2
    [Progress] Steps: 900000 | Elapsed: 1262.2s | Recent 20-Ep Avg Reward: 49.9
    [Progress] Steps: 910000 | Elapsed: 1280.3s | Recent 20-Ep Avg Reward: 44.4
    [Progress] Steps: 920000 | Elapsed: 1292.9s | Recent 20-Ep Avg Reward: 45.2
    [Progress] Steps: 930000 | Elapsed: 1305.7s | Recent 20-Ep Avg Reward: 48.3
    [Progress] Steps: 940000 | Elapsed: 1318.6s | Recent 20-Ep Avg Reward: 43.3
    [Progress] Steps: 950000 | Elapsed: 1331.5s | Recent 20-Ep Avg Reward: 48.0
    [Progress] Steps: 960000 | Elapsed: 1350.3s | Recent 20-Ep Avg Reward: 45.5
    [Progress] Steps: 970000 | Elapsed: 1363.0s | Recent 20-Ep Avg Reward: 48.4
    [Progress] Steps: 980000 | Elapsed: 1375.9s | Recent 20-Ep Avg Reward: 46.5
    [Progress] Steps: 990000 | Elapsed: 1388.7s | Recent 20-Ep Avg Reward: 51.7
    [Progress] Steps: 1000000 | Elapsed: 1407.2s | Recent 20-Ep Avg Reward: 44.5
    [Progress] Steps: 1010000 | Elapsed: 1419.8s | Recent 20-Ep Avg Reward: 43.1
    [Progress] Steps: 1020000 | Elapsed: 1432.7s | Recent 20-Ep Avg Reward: 48.5
    [Progress] Steps: 1030000 | Elapsed: 1445.3s | Recent 20-Ep Avg Reward: 52.5
    [Progress] Steps: 1040000 | Elapsed: 1458.0s | Recent 20-Ep Avg Reward: 45.2
    [Progress] Steps: 1050000 | Elapsed: 1476.7s | Recent 20-Ep Avg Reward: 39.6
    [Progress] Steps: 1060000 | Elapsed: 1489.8s | Recent 20-Ep Avg Reward: 49.9
    [Progress] Steps: 1070000 | Elapsed: 1502.6s | Recent 20-Ep Avg Reward: 52.6
    [Progress] Steps: 1080000 | Elapsed: 1515.5s | Recent 20-Ep Avg Reward: 47.2
    [Progress] Steps: 1090000 | Elapsed: 1534.2s | Recent 20-Ep Avg Reward: 46.1
    [Progress] Steps: 1100000 | Elapsed: 1546.8s | Recent 20-Ep Avg Reward: 44.9
    [Progress] Steps: 1110000 | Elapsed: 1559.6s | Recent 20-Ep Avg Reward: 46.4
    [Progress] Steps: 1120000 | Elapsed: 1572.4s | Recent 20-Ep Avg Reward: 50.2
    [Progress] Steps: 1130000 | Elapsed: 1585.2s | Recent 20-Ep Avg Reward: 51.0
    [Progress] Steps: 1140000 | Elapsed: 1603.5s | Recent 20-Ep Avg Reward: 43.5
    [Progress] Steps: 1150000 | Elapsed: 1616.3s | Recent 20-Ep Avg Reward: 44.3
    [Progress] Steps: 1160000 | Elapsed: 1629.1s | Recent 20-Ep Avg Reward: 42.0
    [Progress] Steps: 1170000 | Elapsed: 1642.0s | Recent 20-Ep Avg Reward: 43.5
    [Progress] Steps: 1180000 | Elapsed: 1660.6s | Recent 20-Ep Avg Reward: 45.4
    [Progress] Steps: 1190000 | Elapsed: 1673.4s | Recent 20-Ep Avg Reward: 44.9
    [Progress] Steps: 1200000 | Elapsed: 1686.2s | Recent 20-Ep Avg Reward: 40.1
    [Progress] Steps: 1210000 | Elapsed: 1699.0s | Recent 20-Ep Avg Reward: 44.8
    [Progress] Steps: 1220000 | Elapsed: 1711.8s | Recent 20-Ep Avg Reward: 43.2
    [Progress] Steps: 1230000 | Elapsed: 1730.1s | Recent 20-Ep Avg Reward: 48.5
    [Progress] Steps: 1240000 | Elapsed: 1742.8s | Recent 20-Ep Avg Reward: 44.4
    [Progress] Steps: 1250000 | Elapsed: 1755.3s | Recent 20-Ep Avg Reward: 44.2
    [Progress] Steps: 1260000 | Elapsed: 1768.2s | Recent 20-Ep Avg Reward: 41.8
    [Progress] Steps: 1270000 | Elapsed: 1786.7s | Recent 20-Ep Avg Reward: 41.9
    [Progress] Steps: 1280000 | Elapsed: 1799.6s | Recent 20-Ep Avg Reward: 43.5
    [Progress] Steps: 1290000 | Elapsed: 1812.4s | Recent 20-Ep Avg Reward: 40.2
    [Progress] Steps: 1300000 | Elapsed: 1824.8s | Recent 20-Ep Avg Reward: 42.1
    [Progress] Steps: 1310000 | Elapsed: 1837.7s | Recent 20-Ep Avg Reward: 42.5
    [Progress] Steps: 1320000 | Elapsed: 1856.2s | Recent 20-Ep Avg Reward: 45.3
    [Progress] Steps: 1330000 | Elapsed: 1869.2s | Recent 20-Ep Avg Reward: 45.6
    [Progress] Steps: 1340000 | Elapsed: 1881.9s | Recent 20-Ep Avg Reward: 46.0
    [Progress] Steps: 1350000 | Elapsed: 1894.7s | Recent 20-Ep Avg Reward: 47.0
    [Progress] Steps: 1360000 | Elapsed: 1913.4s | Recent 20-Ep Avg Reward: 42.6
    [Progress] Steps: 1370000 | Elapsed: 1926.4s | Recent 20-Ep Avg Reward: 48.6
    [Progress] Steps: 1380000 | Elapsed: 1939.3s | Recent 20-Ep Avg Reward: 47.0
    [Progress] Steps: 1390000 | Elapsed: 1952.2s | Recent 20-Ep Avg Reward: 40.5
    [Progress] Steps: 1400000 | Elapsed: 1965.0s | Recent 20-Ep Avg Reward: 39.4
    [Progress] Steps: 1410000 | Elapsed: 1983.2s | Recent 20-Ep Avg Reward: 42.6
    [Progress] Steps: 1420000 | Elapsed: 1995.8s | Recent 20-Ep Avg Reward: 39.2
    [Progress] Steps: 1430000 | Elapsed: 2008.3s | Recent 20-Ep Avg Reward: 44.5
    [Progress] Steps: 1440000 | Elapsed: 2020.9s | Recent 20-Ep Avg Reward: 45.1
    [Progress] Steps: 1450000 | Elapsed: 2039.3s | Recent 20-Ep Avg Reward: 53.5
    [Progress] Steps: 1460000 | Elapsed: 2052.4s | Recent 20-Ep Avg Reward: 49.3
    [Progress] Steps: 1470000 | Elapsed: 2065.4s | Recent 20-Ep Avg Reward: 47.4
    [Progress] Steps: 1480000 | Elapsed: 2078.3s | Recent 20-Ep Avg Reward: 42.0
    [Progress] Steps: 1490000 | Elapsed: 2091.3s | Recent 20-Ep Avg Reward: 45.9
    [Progress] Steps: 1500000 | Elapsed: 2110.1s | Recent 20-Ep Avg Reward: 46.0
    [Progress] Steps: 1510000 | Elapsed: 2122.7s | Recent 20-Ep Avg Reward: 48.5
    [Progress] Steps: 1520000 | Elapsed: 2135.6s | Recent 20-Ep Avg Reward: 47.2
    [Progress] Steps: 1530000 | Elapsed: 2148.3s | Recent 20-Ep Avg Reward: 47.1
    [Progress] Steps: 1540000 | Elapsed: 2161.6s | Recent 20-Ep Avg Reward: 53.7
    [Progress] Steps: 1550000 | Elapsed: 2179.9s | Recent 20-Ep Avg Reward: 48.3
    [Progress] Steps: 1560000 | Elapsed: 2192.9s | Recent 20-Ep Avg Reward: 41.1
    [Progress] Steps: 1570000 | Elapsed: 2206.0s | Recent 20-Ep Avg Reward: 46.3
    [Progress] Steps: 1580000 | Elapsed: 2218.9s | Recent 20-Ep Avg Reward: 43.5
    [Progress] Steps: 1590000 | Elapsed: 2237.2s | Recent 20-Ep Avg Reward: 42.7
    [Progress] Steps: 1600000 | Elapsed: 2249.7s | Recent 20-Ep Avg Reward: 42.0
    [Progress] Steps: 1610000 | Elapsed: 2262.4s | Recent 20-Ep Avg Reward: 44.9
    [Progress] Steps: 1620000 | Elapsed: 2275.1s | Recent 20-Ep Avg Reward: 48.4
    [Progress] Steps: 1630000 | Elapsed: 2288.2s | Recent 20-Ep Avg Reward: 43.6
    [Progress] Steps: 1640000 | Elapsed: 2306.5s | Recent 20-Ep Avg Reward: 45.8
    [Progress] Steps: 1650000 | Elapsed: 2319.6s | Recent 20-Ep Avg Reward: 40.9
    [Progress] Steps: 1660000 | Elapsed: 2332.8s | Recent 20-Ep Avg Reward: 43.0
    [Progress] Steps: 1670000 | Elapsed: 2345.7s | Recent 20-Ep Avg Reward: 46.7
    [Progress] Steps: 1680000 | Elapsed: 2364.1s | Recent 20-Ep Avg Reward: 47.5
    [Progress] Steps: 1690000 | Elapsed: 2377.2s | Recent 20-Ep Avg Reward: 45.9
    [Progress] Steps: 1700000 | Elapsed: 2390.1s | Recent 20-Ep Avg Reward: 45.0
    [Progress] Steps: 1710000 | Elapsed: 2402.9s | Recent 20-Ep Avg Reward: 45.5
    [Progress] Steps: 1720000 | Elapsed: 2415.9s | Recent 20-Ep Avg Reward: 46.0
    [Progress] Steps: 1730000 | Elapsed: 2434.4s | Recent 20-Ep Avg Reward: 43.5
    [Progress] Steps: 1740000 | Elapsed: 2447.3s | Recent 20-Ep Avg Reward: 46.2
    [Progress] Steps: 1750000 | Elapsed: 2460.2s | Recent 20-Ep Avg Reward: 46.6
    [Progress] Steps: 1760000 | Elapsed: 2472.9s | Recent 20-Ep Avg Reward: 42.4
    [Progress] Steps: 1770000 | Elapsed: 2491.5s | Recent 20-Ep Avg Reward: 47.2
    [Progress] Steps: 1780000 | Elapsed: 2504.7s | Recent 20-Ep Avg Reward: 47.1
    [Progress] Steps: 1790000 | Elapsed: 2517.8s | Recent 20-Ep Avg Reward: 39.8
    [Progress] Steps: 1800000 | Elapsed: 2530.7s | Recent 20-Ep Avg Reward: 42.0
    [Progress] Steps: 1810000 | Elapsed: 2544.0s | Recent 20-Ep Avg Reward: 45.6
    [Progress] Steps: 1820000 | Elapsed: 2562.2s | Recent 20-Ep Avg Reward: 41.5
    [Progress] Steps: 1830000 | Elapsed: 2575.0s | Recent 20-Ep Avg Reward: 41.2
    [Progress] Steps: 1840000 | Elapsed: 2587.8s | Recent 20-Ep Avg Reward: 42.6
    [Progress] Steps: 1850000 | Elapsed: 2600.8s | Recent 20-Ep Avg Reward: 42.6
    [Progress] Steps: 1860000 | Elapsed: 2619.5s | Recent 20-Ep Avg Reward: 45.9
    [Progress] Steps: 1870000 | Elapsed: 2632.6s | Recent 20-Ep Avg Reward: 42.2
    [Progress] Steps: 1880000 | Elapsed: 2645.7s | Recent 20-Ep Avg Reward: 49.2
    [Progress] Steps: 1890000 | Elapsed: 2658.6s | Recent 20-Ep Avg Reward: 43.7
    [Progress] Steps: 1900000 | Elapsed: 2671.9s | Recent 20-Ep Avg Reward: 45.1
    [Progress] Steps: 1910000 | Elapsed: 2690.2s | Recent 20-Ep Avg Reward: 46.5
    [Progress] Steps: 1920000 | Elapsed: 2703.0s | Recent 20-Ep Avg Reward: 44.4
    [Progress] Steps: 1930000 | Elapsed: 2715.8s | Recent 20-Ep Avg Reward: 42.5
    [Progress] Steps: 1940000 | Elapsed: 2728.8s | Recent 20-Ep Avg Reward: 43.5
    [Progress] Steps: 1950000 | Elapsed: 2747.3s | Recent 20-Ep Avg Reward: 45.2
    [Progress] Steps: 1960000 | Elapsed: 2760.5s | Recent 20-Ep Avg Reward: 46.0
    [Progress] Steps: 1970000 | Elapsed: 2773.4s | Recent 20-Ep Avg Reward: 40.6
    [Progress] Steps: 1980000 | Elapsed: 2786.3s | Recent 20-Ep Avg Reward: 45.3
    [Progress] Steps: 1990000 | Elapsed: 2799.5s | Recent 20-Ep Avg Reward: 40.8
    [Progress] Steps: 2000000 | Elapsed: 2817.9s | Recent 20-Ep Avg Reward: 47.9
    [Progress] Steps: 2010000 | Elapsed: 2830.6s | Recent 20-Ep Avg Reward: 41.0
    [Progress] Steps: 2020000 | Elapsed: 2843.3s | Recent 20-Ep Avg Reward: 46.5
    [Progress] Steps: 2030000 | Elapsed: 2856.0s | Recent 20-Ep Avg Reward: 45.9
    [Progress] Steps: 2040000 | Elapsed: 2873.9s | Recent 20-Ep Avg Reward: 44.9
    [Progress] Steps: 2050000 | Elapsed: 2886.8s | Recent 20-Ep Avg Reward: 44.3
    [Progress] Steps: 2060000 | Elapsed: 2899.8s | Recent 20-Ep Avg Reward: 50.4
    [Progress] Steps: 2070000 | Elapsed: 2912.6s | Recent 20-Ep Avg Reward: 46.1
    [Progress] Steps: 2080000 | Elapsed: 2925.7s | Recent 20-Ep Avg Reward: 43.1
    [Progress] Steps: 2090000 | Elapsed: 2944.4s | Recent 20-Ep Avg Reward: 41.5
    [Progress] Steps: 2100000 | Elapsed: 2957.3s | Recent 20-Ep Avg Reward: 42.6
    [Progress] Steps: 2110000 | Elapsed: 2970.0s | Recent 20-Ep Avg Reward: 44.6
    [Progress] Steps: 2120000 | Elapsed: 2983.2s | Recent 20-Ep Avg Reward: 44.1
    [Progress] Steps: 2130000 | Elapsed: 3001.3s | Recent 20-Ep Avg Reward: 45.8
    [Progress] Steps: 2140000 | Elapsed: 3014.5s | Recent 20-Ep Avg Reward: 43.9
    [Progress] Steps: 2150000 | Elapsed: 3027.5s | Recent 20-Ep Avg Reward: 46.2
    [Progress] Steps: 2160000 | Elapsed: 3040.1s | Recent 20-Ep Avg Reward: 45.7
    [Progress] Steps: 2170000 | Elapsed: 3053.2s | Recent 20-Ep Avg Reward: 40.1
    [Progress] Steps: 2180000 | Elapsed: 3071.5s | Recent 20-Ep Avg Reward: 39.3
    [Progress] Steps: 2190000 | Elapsed: 3084.3s | Recent 20-Ep Avg Reward: 41.0
    [Progress] Steps: 2200000 | Elapsed: 3096.9s | Recent 20-Ep Avg Reward: 38.5
    [Progress] Steps: 2210000 | Elapsed: 3109.9s | Recent 20-Ep Avg Reward: 45.4
    [Progress] Steps: 2220000 | Elapsed: 3122.5s | Recent 20-Ep Avg Reward: 43.8
    [Progress] Steps: 2230000 | Elapsed: 3140.5s | Recent 20-Ep Avg Reward: 45.3
    [Progress] Steps: 2240000 | Elapsed: 3153.4s | Recent 20-Ep Avg Reward: 43.0
    [Progress] Steps: 2250000 | Elapsed: 3166.0s | Recent 20-Ep Avg Reward: 41.5
    [Progress] Steps: 2260000 | Elapsed: 3179.2s | Recent 20-Ep Avg Reward: 41.5
    [Progress] Steps: 2270000 | Elapsed: 3197.6s | Recent 20-Ep Avg Reward: 43.2
    [Progress] Steps: 2280000 | Elapsed: 3210.6s | Recent 20-Ep Avg Reward: 46.3
    [Progress] Steps: 2290000 | Elapsed: 3223.3s | Recent 20-Ep Avg Reward: 42.4
    [Progress] Steps: 2300000 | Elapsed: 3236.3s | Recent 20-Ep Avg Reward: 39.0
    [Progress] Steps: 2310000 | Elapsed: 3249.1s | Recent 20-Ep Avg Reward: 48.2
    [Progress] Steps: 2320000 | Elapsed: 3267.5s | Recent 20-Ep Avg Reward: 43.7
    [Progress] Steps: 2330000 | Elapsed: 3280.1s | Recent 20-Ep Avg Reward: 48.5
    [Progress] Steps: 2340000 | Elapsed: 3292.8s | Recent 20-Ep Avg Reward: 44.6
    [Progress] Steps: 2350000 | Elapsed: 3305.8s | Recent 20-Ep Avg Reward: 49.1
    [Progress] Steps: 2360000 | Elapsed: 3324.3s | Recent 20-Ep Avg Reward: 47.4
    [Progress] Steps: 2370000 | Elapsed: 3337.4s | Recent 20-Ep Avg Reward: 44.5
    [Progress] Steps: 2380000 | Elapsed: 3350.3s | Recent 20-Ep Avg Reward: 45.4
    [Progress] Steps: 2390000 | Elapsed: 3363.4s | Recent 20-Ep Avg Reward: 41.0
    [Progress] Steps: 2400000 | Elapsed: 3376.4s | Recent 20-Ep Avg Reward: 48.5
    [Progress] Steps: 2410000 | Elapsed: 3394.8s | Recent 20-Ep Avg Reward: 40.9
    [Progress] Steps: 2420000 | Elapsed: 3407.4s | Recent 20-Ep Avg Reward: 45.1
    [Progress] Steps: 2430000 | Elapsed: 3420.1s | Recent 20-Ep Avg Reward: 47.5
    [Progress] Steps: 2440000 | Elapsed: 3432.9s | Recent 20-Ep Avg Reward: 47.5
    [Progress] Steps: 2450000 | Elapsed: 3451.5s | Recent 20-Ep Avg Reward: 49.0
    [Progress] Steps: 2460000 | Elapsed: 3464.6s | Recent 20-Ep Avg Reward: 51.0
    [Progress] Steps: 2470000 | Elapsed: 3477.3s | Recent 20-Ep Avg Reward: 48.8
    [Progress] Steps: 2480000 | Elapsed: 3490.5s | Recent 20-Ep Avg Reward: 45.1
    [Progress] Steps: 2490000 | Elapsed: 3503.8s | Recent 20-Ep Avg Reward: 44.7
    [Progress] Steps: 2500000 | Elapsed: 3522.3s | Recent 20-Ep Avg Reward: 40.6
    [Progress] Steps: 2510000 | Elapsed: 3535.2s | Recent 20-Ep Avg Reward: 45.5
    [Progress] Steps: 2520000 | Elapsed: 3548.0s | Recent 20-Ep Avg Reward: 42.4
    [Progress] Steps: 2530000 | Elapsed: 3560.9s | Recent 20-Ep Avg Reward: 49.3
    [Progress] Steps: 2540000 | Elapsed: 3579.2s | Recent 20-Ep Avg Reward: 46.6
    [Progress] Steps: 2550000 | Elapsed: 3592.5s | Recent 20-Ep Avg Reward: 46.1
    [Progress] Steps: 2560000 | Elapsed: 3605.3s | Recent 20-Ep Avg Reward: 47.3
    [Progress] Steps: 2570000 | Elapsed: 3618.6s | Recent 20-Ep Avg Reward: 47.9
    [Progress] Steps: 2580000 | Elapsed: 3631.4s | Recent 20-Ep Avg Reward: 45.0
    [Progress] Steps: 2590000 | Elapsed: 3649.8s | Recent 20-Ep Avg Reward: 41.5
    [Progress] Steps: 2600000 | Elapsed: 3662.6s | Recent 20-Ep Avg Reward: 49.8
    [Progress] Steps: 2610000 | Elapsed: 3675.3s | Recent 20-Ep Avg Reward: 46.5
    [Progress] Steps: 2620000 | Elapsed: 3688.3s | Recent 20-Ep Avg Reward: 46.5
    [Progress] Steps: 2630000 | Elapsed: 3706.7s | Recent 20-Ep Avg Reward: 46.1
    [Progress] Steps: 2640000 | Elapsed: 3719.9s | Recent 20-Ep Avg Reward: 45.2
    [Progress] Steps: 2650000 | Elapsed: 3732.8s | Recent 20-Ep Avg Reward: 39.5
    [Progress] Steps: 2660000 | Elapsed: 3745.9s | Recent 20-Ep Avg Reward: 43.1
    [Progress] Steps: 2670000 | Elapsed: 3759.0s | Recent 20-Ep Avg Reward: 50.6
    [Progress] Steps: 2680000 | Elapsed: 3777.8s | Recent 20-Ep Avg Reward: 42.8
    [Progress] Steps: 2690000 | Elapsed: 3790.6s | Recent 20-Ep Avg Reward: 43.1
    [Progress] Steps: 2700000 | Elapsed: 3803.7s | Recent 20-Ep Avg Reward: 46.9
    [Progress] Steps: 2710000 | Elapsed: 3816.7s | Recent 20-Ep Avg Reward: 42.1
    [Progress] Steps: 2720000 | Elapsed: 3835.0s | Recent 20-Ep Avg Reward: 48.5
    [Progress] Steps: 2730000 | Elapsed: 3848.0s | Recent 20-Ep Avg Reward: 49.4
    [Progress] Steps: 2740000 | Elapsed: 3860.9s | Recent 20-Ep Avg Reward: 47.0
    [Progress] Steps: 2750000 | Elapsed: 3873.8s | Recent 20-Ep Avg Reward: 44.0
    [Progress] Steps: 2760000 | Elapsed: 3886.8s | Recent 20-Ep Avg Reward: 43.5
    [Progress] Steps: 2770000 | Elapsed: 3905.2s | Recent 20-Ep Avg Reward: 41.5
    [Progress] Steps: 2780000 | Elapsed: 3918.2s | Recent 20-Ep Avg Reward: 38.8
    [Progress] Steps: 2790000 | Elapsed: 3931.1s | Recent 20-Ep Avg Reward: 47.1
    [Progress] Steps: 2800000 | Elapsed: 3944.3s | Recent 20-Ep Avg Reward: 51.6
    [Progress] Steps: 2810000 | Elapsed: 3962.5s | Recent 20-Ep Avg Reward: 44.1
    [Progress] Steps: 2820000 | Elapsed: 3975.7s | Recent 20-Ep Avg Reward: 48.9
    [Progress] Steps: 2830000 | Elapsed: 3988.4s | Recent 20-Ep Avg Reward: 40.7
    [Progress] Steps: 2840000 | Elapsed: 4001.1s | Recent 20-Ep Avg Reward: 46.5
    [Progress] Steps: 2850000 | Elapsed: 4014.0s | Recent 20-Ep Avg Reward: 48.0
    [Progress] Steps: 2860000 | Elapsed: 4032.7s | Recent 20-Ep Avg Reward: 46.0
    [Progress] Steps: 2870000 | Elapsed: 4045.7s | Recent 20-Ep Avg Reward: 44.5
    [Progress] Steps: 2880000 | Elapsed: 4058.7s | Recent 20-Ep Avg Reward: 39.1
    [Progress] Steps: 2890000 | Elapsed: 4071.8s | Recent 20-Ep Avg Reward: 38.8
    [Progress] Steps: 2900000 | Elapsed: 4090.1s | Recent 20-Ep Avg Reward: 45.5
    [Progress] Steps: 2910000 | Elapsed: 4102.9s | Recent 20-Ep Avg Reward: 41.9
    [Progress] Steps: 2920000 | Elapsed: 4115.6s | Recent 20-Ep Avg Reward: 44.8
    [Progress] Steps: 2930000 | Elapsed: 4128.6s | Recent 20-Ep Avg Reward: 45.9
    [Progress] Steps: 2940000 | Elapsed: 4141.4s | Recent 20-Ep Avg Reward: 44.6
    [Progress] Steps: 2950000 | Elapsed: 4159.9s | Recent 20-Ep Avg Reward: 49.5
    [Progress] Steps: 2960000 | Elapsed: 4172.8s | Recent 20-Ep Avg Reward: 43.5
    [Progress] Steps: 2970000 | Elapsed: 4185.9s | Recent 20-Ep Avg Reward: 51.1
    [Progress] Steps: 2980000 | Elapsed: 4199.1s | Recent 20-Ep Avg Reward: 44.4
    [Progress] Steps: 2990000 | Elapsed: 4212.3s | Recent 20-Ep Avg Reward: 41.2
    [Progress] Steps: 3000000 | Elapsed: 4230.9s | Recent 20-Ep Avg Reward: 43.7
    [Progress] Steps: 3010000 | Elapsed: 4243.9s | Recent 20-Ep Avg Reward: 47.6
    [Progress] Steps: 3020000 | Elapsed: 4256.4s | Recent 20-Ep Avg Reward: 49.7
    [Progress] Steps: 3030000 | Elapsed: 4269.2s | Recent 20-Ep Avg Reward: 47.1
    [Progress] Steps: 3040000 | Elapsed: 4288.0s | Recent 20-Ep Avg Reward: 39.4
    [Progress] Steps: 3050000 | Elapsed: 4301.1s | Recent 20-Ep Avg Reward: 40.8
    [Progress] Steps: 3060000 | Elapsed: 4314.1s | Recent 20-Ep Avg Reward: 42.3
    [Progress] Steps: 3070000 | Elapsed: 4327.0s | Recent 20-Ep Avg Reward: 44.2
    [Progress] Steps: 3080000 | Elapsed: 4340.4s | Recent 20-Ep Avg Reward: 48.4
    [Progress] Steps: 3090000 | Elapsed: 4358.9s | Recent 20-Ep Avg Reward: 53.5
    [Progress] Steps: 3100000 | Elapsed: 4371.6s | Recent 20-Ep Avg Reward: 44.5
    [Progress] Steps: 3110000 | Elapsed: 4384.5s | Recent 20-Ep Avg Reward: 49.4
    [Progress] Steps: 3120000 | Elapsed: 4397.4s | Recent 20-Ep Avg Reward: 43.7
    [Progress] Steps: 3130000 | Elapsed: 4416.0s | Recent 20-Ep Avg Reward: 38.9
    [Progress] Steps: 3140000 | Elapsed: 4428.8s | Recent 20-Ep Avg Reward: 46.5
    [Progress] Steps: 3150000 | Elapsed: 4441.9s | Recent 20-Ep Avg Reward: 50.5
    [Progress] Steps: 3160000 | Elapsed: 4455.0s | Recent 20-Ep Avg Reward: 41.8
    [Progress] Steps: 3170000 | Elapsed: 4468.3s | Recent 20-Ep Avg Reward: 45.8
    [Progress] Steps: 3180000 | Elapsed: 4486.9s | Recent 20-Ep Avg Reward: 44.5
    [Progress] Steps: 3190000 | Elapsed: 4499.9s | Recent 20-Ep Avg Reward: 42.0
    [Progress] Steps: 3200000 | Elapsed: 4513.0s | Recent 20-Ep Avg Reward: 39.9
    [Progress] Steps: 3210000 | Elapsed: 4525.8s | Recent 20-Ep Avg Reward: 43.2
    [Progress] Steps: 3220000 | Elapsed: 4544.0s | Recent 20-Ep Avg Reward: 42.8
    [Progress] Steps: 3230000 | Elapsed: 4557.0s | Recent 20-Ep Avg Reward: 41.5
    [Progress] Steps: 3240000 | Elapsed: 4570.0s | Recent 20-Ep Avg Reward: 46.6
    [Progress] Steps: 3250000 | Elapsed: 4582.7s | Recent 20-Ep Avg Reward: 40.6
    [Progress] Steps: 3260000 | Elapsed: 4596.1s | Recent 20-Ep Avg Reward: 42.5
    [Progress] Steps: 3270000 | Elapsed: 4614.5s | Recent 20-Ep Avg Reward: 47.2
    [Progress] Steps: 3280000 | Elapsed: 4627.5s | Recent 20-Ep Avg Reward: 48.1
    [Progress] Steps: 3290000 | Elapsed: 4640.5s | Recent 20-Ep Avg Reward: 42.5
    [Progress] Steps: 3300000 | Elapsed: 4653.8s | Recent 20-Ep Avg Reward: 44.0
    [Progress] Steps: 3310000 | Elapsed: 4672.4s | Recent 20-Ep Avg Reward: 46.6
    [Progress] Steps: 3320000 | Elapsed: 4685.4s | Recent 20-Ep Avg Reward: 47.2
    [Progress] Steps: 3330000 | Elapsed: 4698.4s | Recent 20-Ep Avg Reward: 44.3
    [Progress] Steps: 3340000 | Elapsed: 4711.4s | Recent 20-Ep Avg Reward: 50.0
    [Progress] Steps: 3350000 | Elapsed: 4724.7s | Recent 20-Ep Avg Reward: 45.2
    [Progress] Steps: 3360000 | Elapsed: 4743.2s | Recent 20-Ep Avg Reward: 41.5
    [Progress] Steps: 3370000 | Elapsed: 4756.2s | Recent 20-Ep Avg Reward: 44.6
    [Progress] Steps: 3380000 | Elapsed: 4769.0s | Recent 20-Ep Avg Reward: 42.5
    [Progress] Steps: 3390000 | Elapsed: 4782.0s | Recent 20-Ep Avg Reward: 42.8
    [Progress] Steps: 3400000 | Elapsed: 4800.6s | Recent 20-Ep Avg Reward: 44.2
    [Progress] Steps: 3410000 | Elapsed: 4813.9s | Recent 20-Ep Avg Reward: 46.2
    [Progress] Steps: 3420000 | Elapsed: 4826.7s | Recent 20-Ep Avg Reward: 41.4
    [Progress] Steps: 3430000 | Elapsed: 4839.6s | Recent 20-Ep Avg Reward: 41.3
    [Progress] Steps: 3440000 | Elapsed: 4852.6s | Recent 20-Ep Avg Reward: 40.5
    [Progress] Steps: 3450000 | Elapsed: 4871.3s | Recent 20-Ep Avg Reward: 42.8
    [Progress] Steps: 3460000 | Elapsed: 4884.4s | Recent 20-Ep Avg Reward: 40.9
    [Progress] Steps: 3470000 | Elapsed: 4897.4s | Recent 20-Ep Avg Reward: 37.4
    [Progress] Steps: 3480000 | Elapsed: 4910.7s | Recent 20-Ep Avg Reward: 40.7
    [Progress] Steps: 3490000 | Elapsed: 4929.4s | Recent 20-Ep Avg Reward: 42.4
    [Progress] Steps: 3500000 | Elapsed: 4942.6s | Recent 20-Ep Avg Reward: 46.5
    [Progress] Steps: 3510000 | Elapsed: 4955.8s | Recent 20-Ep Avg Reward: 43.5
    [Progress] Steps: 3520000 | Elapsed: 4968.8s | Recent 20-Ep Avg Reward: 42.8
    [Progress] Steps: 3530000 | Elapsed: 4981.6s | Recent 20-Ep Avg Reward: 42.6
    [Progress] Steps: 3540000 | Elapsed: 5000.3s | Recent 20-Ep Avg Reward: 41.9
    [Progress] Steps: 3550000 | Elapsed: 5013.5s | Recent 20-Ep Avg Reward: 45.0
    [Progress] Steps: 3560000 | Elapsed: 5026.4s | Recent 20-Ep Avg Reward: 45.4
    [Progress] Steps: 3570000 | Elapsed: 5039.8s | Recent 20-Ep Avg Reward: 43.1
    [Progress] Steps: 3580000 | Elapsed: 5058.3s | Recent 20-Ep Avg Reward: 40.5
    [Progress] Steps: 3590000 | Elapsed: 5071.4s | Recent 20-Ep Avg Reward: 39.2
    [Progress] Steps: 3600000 | Elapsed: 5084.2s | Recent 20-Ep Avg Reward: 50.4
    [Progress] Steps: 3610000 | Elapsed: 5097.1s | Recent 20-Ep Avg Reward: 40.6
    [Progress] Steps: 3620000 | Elapsed: 5110.1s | Recent 20-Ep Avg Reward: 43.6
    [Progress] Steps: 3630000 | Elapsed: 5128.4s | Recent 20-Ep Avg Reward: 44.5
    [Progress] Steps: 3640000 | Elapsed: 5141.4s | Recent 20-Ep Avg Reward: 39.9
    [Progress] Steps: 3650000 | Elapsed: 5154.2s | Recent 20-Ep Avg Reward: 45.6
    [Progress] Steps: 3660000 | Elapsed: 5167.2s | Recent 20-Ep Avg Reward: 47.4
    [Progress] Steps: 3670000 | Elapsed: 5180.4s | Recent 20-Ep Avg Reward: 47.8
    [Progress] Steps: 3680000 | Elapsed: 5199.0s | Recent 20-Ep Avg Reward: 50.5
    [Progress] Steps: 3690000 | Elapsed: 5212.1s | Recent 20-Ep Avg Reward: 45.0
    [Progress] Steps: 3700000 | Elapsed: 5225.1s | Recent 20-Ep Avg Reward: 45.6
    [Progress] Steps: 3710000 | Elapsed: 5238.1s | Recent 20-Ep Avg Reward: 36.8
    [Progress] Steps: 3720000 | Elapsed: 5256.4s | Recent 20-Ep Avg Reward: 40.6
    [Progress] Steps: 3730000 | Elapsed: 5269.4s | Recent 20-Ep Avg Reward: 41.8
    [Progress] Steps: 3740000 | Elapsed: 5282.4s | Recent 20-Ep Avg Reward: 50.3
    [Progress] Steps: 3750000 | Elapsed: 5295.3s | Recent 20-Ep Avg Reward: 48.9
    [Progress] Steps: 3760000 | Elapsed: 5308.4s | Recent 20-Ep Avg Reward: 40.5
    [Progress] Steps: 3770000 | Elapsed: 5327.3s | Recent 20-Ep Avg Reward: 43.0
    [Progress] Steps: 3780000 | Elapsed: 5340.4s | Recent 20-Ep Avg Reward: 49.1
    [Progress] Steps: 3790000 | Elapsed: 5353.3s | Recent 20-Ep Avg Reward: 46.0
    [Progress] Steps: 3800000 | Elapsed: 5366.2s | Recent 20-Ep Avg Reward: 44.1
    [Progress] Steps: 3810000 | Elapsed: 5384.8s | Recent 20-Ep Avg Reward: 40.2
    [Progress] Steps: 3820000 | Elapsed: 5397.7s | Recent 20-Ep Avg Reward: 43.9
    [Progress] Steps: 3830000 | Elapsed: 5410.4s | Recent 20-Ep Avg Reward: 39.7
    [Progress] Steps: 3840000 | Elapsed: 5423.3s | Recent 20-Ep Avg Reward: 42.2
    [Progress] Steps: 3850000 | Elapsed: 5436.5s | Recent 20-Ep Avg Reward: 47.5
    [Progress] Steps: 3860000 | Elapsed: 5455.4s | Recent 20-Ep Avg Reward: 41.0
    [Progress] Steps: 3870000 | Elapsed: 5468.3s | Recent 20-Ep Avg Reward: 43.5
    [Progress] Steps: 3880000 | Elapsed: 5481.4s | Recent 20-Ep Avg Reward: 44.2
    [Progress] Steps: 3890000 | Elapsed: 5494.1s | Recent 20-Ep Avg Reward: 50.0
    [Progress] Steps: 3900000 | Elapsed: 5512.4s | Recent 20-Ep Avg Reward: 48.1
    [Progress] Steps: 3910000 | Elapsed: 5524.9s | Recent 20-Ep Avg Reward: 48.3
    [Progress] Steps: 3920000 | Elapsed: 5537.9s | Recent 20-Ep Avg Reward: 47.1
    [Progress] Steps: 3930000 | Elapsed: 5550.9s | Recent 20-Ep Avg Reward: 39.6
    [Progress] Steps: 3940000 | Elapsed: 5563.9s | Recent 20-Ep Avg Reward: 45.9
    [Progress] Steps: 3950000 | Elapsed: 5582.5s | Recent 20-Ep Avg Reward: 50.2
    [Progress] Steps: 3960000 | Elapsed: 5595.4s | Recent 20-Ep Avg Reward: 50.1
    [Progress] Steps: 3970000 | Elapsed: 5608.6s | Recent 20-Ep Avg Reward: 44.4
    [Progress] Steps: 3980000 | Elapsed: 5621.5s | Recent 20-Ep Avg Reward: 51.4
    [Progress] Steps: 3990000 | Elapsed: 5640.4s | Recent 20-Ep Avg Reward: 45.1
    [Progress] Steps: 4000000 | Elapsed: 5653.4s | Recent 20-Ep Avg Reward: 44.0
    [Progress] Steps: 4010000 | Elapsed: 5666.5s | Recent 20-Ep Avg Reward: 45.9
    [Progress] Steps: 4020000 | Elapsed: 5679.4s | Recent 20-Ep Avg Reward: 50.3
    [Progress] Steps: 4030000 | Elapsed: 5692.2s | Recent 20-Ep Avg Reward: 46.2
    [Progress] Steps: 4040000 | Elapsed: 5711.1s | Recent 20-Ep Avg Reward: 47.5
    [Progress] Steps: 4050000 | Elapsed: 5724.1s | Recent 20-Ep Avg Reward: 52.7
    [Progress] Steps: 4060000 | Elapsed: 5737.1s | Recent 20-Ep Avg Reward: 46.9
    [Progress] Steps: 4070000 | Elapsed: 5750.4s | Recent 20-Ep Avg Reward: 43.7
    [Progress] Steps: 4080000 | Elapsed: 5769.1s | Recent 20-Ep Avg Reward: 46.9
    [Progress] Steps: 4090000 | Elapsed: 5782.2s | Recent 20-Ep Avg Reward: 48.2
    [Progress] Steps: 4100000 | Elapsed: 5795.4s | Recent 20-Ep Avg Reward: 45.5
    [Progress] Steps: 4110000 | Elapsed: 5808.4s | Recent 20-Ep Avg Reward: 46.0
    [Progress] Steps: 4120000 | Elapsed: 5821.6s | Recent 20-Ep Avg Reward: 48.6
    [Progress] Steps: 4130000 | Elapsed: 5839.9s | Recent 20-Ep Avg Reward: 44.1
    [Progress] Steps: 4140000 | Elapsed: 5852.6s | Recent 20-Ep Avg Reward: 44.1
    [Progress] Steps: 4150000 | Elapsed: 5865.8s | Recent 20-Ep Avg Reward: 41.4
    [Progress] Steps: 4160000 | Elapsed: 5878.9s | Recent 20-Ep Avg Reward: 44.5
    [Progress] Steps: 4170000 | Elapsed: 5897.6s | Recent 20-Ep Avg Reward: 46.4
    [Progress] Steps: 4180000 | Elapsed: 5910.6s | Recent 20-Ep Avg Reward: 43.9
    [Progress] Steps: 4190000 | Elapsed: 5923.7s | Recent 20-Ep Avg Reward: 43.6
    [Progress] Steps: 4200000 | Elapsed: 5937.0s | Recent 20-Ep Avg Reward: 44.7
    [Progress] Steps: 4210000 | Elapsed: 5950.2s | Recent 20-Ep Avg Reward: 44.1
    [Progress] Steps: 4220000 | Elapsed: 5968.7s | Recent 20-Ep Avg Reward: 49.6
    [Progress] Steps: 4230000 | Elapsed: 5981.6s | Recent 20-Ep Avg Reward: 41.6
    [Progress] Steps: 4240000 | Elapsed: 5994.7s | Recent 20-Ep Avg Reward: 43.5
    [Progress] Steps: 4250000 | Elapsed: 6007.6s | Recent 20-Ep Avg Reward: 47.8
    [Progress] Steps: 4260000 | Elapsed: 6026.5s | Recent 20-Ep Avg Reward: 45.5
    [Progress] Steps: 4270000 | Elapsed: 6039.9s | Recent 20-Ep Avg Reward: 46.6
    [Progress] Steps: 4280000 | Elapsed: 6053.0s | Recent 20-Ep Avg Reward: 46.6
    [Progress] Steps: 4290000 | Elapsed: 6066.1s | Recent 20-Ep Avg Reward: 43.6
    [Progress] Steps: 4300000 | Elapsed: 6079.3s | Recent 20-Ep Avg Reward: 47.8
    [Progress] Steps: 4310000 | Elapsed: 6098.0s | Recent 20-Ep Avg Reward: 40.6
    [Progress] Steps: 4320000 | Elapsed: 6111.0s | Recent 20-Ep Avg Reward: 49.7
    [Progress] Steps: 4330000 | Elapsed: 6124.1s | Recent 20-Ep Avg Reward: 45.4
    [Progress] Steps: 4340000 | Elapsed: 6137.1s | Recent 20-Ep Avg Reward: 45.3
    [Progress] Steps: 4350000 | Elapsed: 6155.7s | Recent 20-Ep Avg Reward: 46.2
    [Progress] Steps: 4360000 | Elapsed: 6168.9s | Recent 20-Ep Avg Reward: 44.8
    [Progress] Steps: 4370000 | Elapsed: 6182.1s | Recent 20-Ep Avg Reward: 43.0
    [Progress] Steps: 4380000 | Elapsed: 6195.1s | Recent 20-Ep Avg Reward: 53.5
    [Progress] Steps: 4390000 | Elapsed: 6208.3s | Recent 20-Ep Avg Reward: 49.8
    [Progress] Steps: 4400000 | Elapsed: 6226.9s | Recent 20-Ep Avg Reward: 40.9
    [Progress] Steps: 4410000 | Elapsed: 6239.9s | Recent 20-Ep Avg Reward: 43.0
    [Progress] Steps: 4420000 | Elapsed: 6252.7s | Recent 20-Ep Avg Reward: 51.1
    [Progress] Steps: 4430000 | Elapsed: 6265.8s | Recent 20-Ep Avg Reward: 44.6
    [Progress] Steps: 4440000 | Elapsed: 6279.0s | Recent 20-Ep Avg Reward: 45.0
    [Progress] Steps: 4450000 | Elapsed: 6297.4s | Recent 20-Ep Avg Reward: 51.3
    [Progress] Steps: 4460000 | Elapsed: 6310.6s | Recent 20-Ep Avg Reward: 44.6
    [Progress] Steps: 4470000 | Elapsed: 6323.6s | Recent 20-Ep Avg Reward: 47.8
    [Progress] Steps: 4480000 | Elapsed: 6337.0s | Recent 20-Ep Avg Reward: 43.0
    [Progress] Steps: 4490000 | Elapsed: 6355.6s | Recent 20-Ep Avg Reward: 36.8
    [Progress] Steps: 4500000 | Elapsed: 6368.7s | Recent 20-Ep Avg Reward: 44.0
[*] Final Result for Seed 103: Stopped at 4505600 steps in 6378.70 seconds
[*] Data strictly saved to: ppo_results_seed_103\ppo_learning_curve.csv
[*] Model successfully saved to: ppo_results_seed_103\final_ppo_model.zip

--- Running Seed 104 (4/5) with 16 parallel workers ---
    [Progress] Steps: 10000 | Elapsed: 14.5s | Recent 20-Ep Avg Reward: 23.4
    [Progress] Steps: 20000 | Elapsed: 27.9s | Recent 20-Ep Avg Reward: 29.0
    [Progress] Steps: 30000 | Elapsed: 41.2s | Recent 20-Ep Avg Reward: 38.6
    [Progress] Steps: 40000 | Elapsed: 54.7s | Recent 20-Ep Avg Reward: 35.4
    [Progress] Steps: 50000 | Elapsed: 73.5s | Recent 20-Ep Avg Reward: 41.3
    [Progress] Steps: 60000 | Elapsed: 86.8s | Recent 20-Ep Avg Reward: 40.6
    [Progress] Steps: 70000 | Elapsed: 99.6s | Recent 20-Ep Avg Reward: 51.0
    [Progress] Steps: 80000 | Elapsed: 113.0s | Recent 20-Ep Avg Reward: 42.8
    [Progress] Steps: 90000 | Elapsed: 126.1s | Recent 20-Ep Avg Reward: 51.4
    [Progress] Steps: 100000 | Elapsed: 144.5s | Recent 20-Ep Avg Reward: 47.9
    [Progress] Steps: 110000 | Elapsed: 157.7s | Recent 20-Ep Avg Reward: 54.7
    [Progress] Steps: 120000 | Elapsed: 170.6s | Recent 20-Ep Avg Reward: 45.7
    [Progress] Steps: 130000 | Elapsed: 183.7s | Recent 20-Ep Avg Reward: 41.6
    [Progress] Steps: 140000 | Elapsed: 202.3s | Recent 20-Ep Avg Reward: 49.4
    [Progress] Steps: 150000 | Elapsed: 215.4s | Recent 20-Ep Avg Reward: 53.9
    [Progress] Steps: 160000 | Elapsed: 228.1s | Recent 20-Ep Avg Reward: 50.5
    [Progress] Steps: 170000 | Elapsed: 241.2s | Recent 20-Ep Avg Reward: 50.7
    [Progress] Steps: 180000 | Elapsed: 254.4s | Recent 20-Ep Avg Reward: 49.3
    [Progress] Steps: 190000 | Elapsed: 272.9s | Recent 20-Ep Avg Reward: 63.0
    [Progress] Steps: 200000 | Elapsed: 285.9s | Recent 20-Ep Avg Reward: 54.0
    [Progress] Steps: 210000 | Elapsed: 298.5s | Recent 20-Ep Avg Reward: 45.1
    [Progress] Steps: 220000 | Elapsed: 311.6s | Recent 20-Ep Avg Reward: 45.2
    [Progress] Steps: 230000 | Elapsed: 330.0s | Recent 20-Ep Avg Reward: 44.8
    [Progress] Steps: 240000 | Elapsed: 343.1s | Recent 20-Ep Avg Reward: 42.5
    [Progress] Steps: 250000 | Elapsed: 355.7s | Recent 20-Ep Avg Reward: 45.9
    [Progress] Steps: 260000 | Elapsed: 369.0s | Recent 20-Ep Avg Reward: 39.5
    [Progress] Steps: 270000 | Elapsed: 382.1s | Recent 20-Ep Avg Reward: 44.4
    [Progress] Steps: 280000 | Elapsed: 400.7s | Recent 20-Ep Avg Reward: 42.6
    [Progress] Steps: 290000 | Elapsed: 413.7s | Recent 20-Ep Avg Reward: 55.1
    [Progress] Steps: 300000 | Elapsed: 426.6s | Recent 20-Ep Avg Reward: 47.4
    [Progress] Steps: 310000 | Elapsed: 439.7s | Recent 20-Ep Avg Reward: 47.5
    [Progress] Steps: 320000 | Elapsed: 457.9s | Recent 20-Ep Avg Reward: 43.2
    [Progress] Steps: 330000 | Elapsed: 470.8s | Recent 20-Ep Avg Reward: 46.8
    [Progress] Steps: 340000 | Elapsed: 483.6s | Recent 20-Ep Avg Reward: 47.4
    [Progress] Steps: 350000 | Elapsed: 496.9s | Recent 20-Ep Avg Reward: 46.0
    [Progress] Steps: 360000 | Elapsed: 509.7s | Recent 20-Ep Avg Reward: 46.6
    [Progress] Steps: 370000 | Elapsed: 528.5s | Recent 20-Ep Avg Reward: 47.0
    [Progress] Steps: 380000 | Elapsed: 541.5s | Recent 20-Ep Avg Reward: 48.6
    [Progress] Steps: 390000 | Elapsed: 554.5s | Recent 20-Ep Avg Reward: 43.0
    [Progress] Steps: 400000 | Elapsed: 567.8s | Recent 20-Ep Avg Reward: 41.2
    [Progress] Steps: 410000 | Elapsed: 586.2s | Recent 20-Ep Avg Reward: 47.0
    [Progress] Steps: 420000 | Elapsed: 599.3s | Recent 20-Ep Avg Reward: 44.1
    [Progress] Steps: 430000 | Elapsed: 612.3s | Recent 20-Ep Avg Reward: 39.6
    [Progress] Steps: 440000 | Elapsed: 625.6s | Recent 20-Ep Avg Reward: 40.9
    [Progress] Steps: 450000 | Elapsed: 638.7s | Recent 20-Ep Avg Reward: 42.1
    [Progress] Steps: 460000 | Elapsed: 657.3s | Recent 20-Ep Avg Reward: 50.4
    [Progress] Steps: 470000 | Elapsed: 670.6s | Recent 20-Ep Avg Reward: 46.0
    [Progress] Steps: 480000 | Elapsed: 683.5s | Recent 20-Ep Avg Reward: 47.0
    [Progress] Steps: 490000 | Elapsed: 696.6s | Recent 20-Ep Avg Reward: 43.1
    [Progress] Steps: 500000 | Elapsed: 715.0s | Recent 20-Ep Avg Reward: 42.2
    [Progress] Steps: 510000 | Elapsed: 728.0s | Recent 20-Ep Avg Reward: 45.1
    [Progress] Steps: 520000 | Elapsed: 740.8s | Recent 20-Ep Avg Reward: 48.2
    [Progress] Steps: 530000 | Elapsed: 754.0s | Recent 20-Ep Avg Reward: 45.3
    [Progress] Steps: 540000 | Elapsed: 767.0s | Recent 20-Ep Avg Reward: 48.0
    [Progress] Steps: 550000 | Elapsed: 785.6s | Recent 20-Ep Avg Reward: 45.0
    [Progress] Steps: 560000 | Elapsed: 798.9s | Recent 20-Ep Avg Reward: 42.0
    [Progress] Steps: 570000 | Elapsed: 811.9s | Recent 20-Ep Avg Reward: 49.5
    [Progress] Steps: 580000 | Elapsed: 825.1s | Recent 20-Ep Avg Reward: 42.1
    [Progress] Steps: 590000 | Elapsed: 843.5s | Recent 20-Ep Avg Reward: 44.0
    [Progress] Steps: 600000 | Elapsed: 856.6s | Recent 20-Ep Avg Reward: 43.5
    [Progress] Steps: 610000 | Elapsed: 869.5s | Recent 20-Ep Avg Reward: 45.0
    [Progress] Steps: 620000 | Elapsed: 882.8s | Recent 20-Ep Avg Reward: 44.9
    [Progress] Steps: 630000 | Elapsed: 896.0s | Recent 20-Ep Avg Reward: 45.6
    [Progress] Steps: 640000 | Elapsed: 914.6s | Recent 20-Ep Avg Reward: 41.5
    [Progress] Steps: 650000 | Elapsed: 927.8s | Recent 20-Ep Avg Reward: 45.0
    [Progress] Steps: 660000 | Elapsed: 941.1s | Recent 20-Ep Avg Reward: 43.2
    [Progress] Steps: 670000 | Elapsed: 954.3s | Recent 20-Ep Avg Reward: 49.2
    [Progress] Steps: 680000 | Elapsed: 972.9s | Recent 20-Ep Avg Reward: 44.5
    [Progress] Steps: 690000 | Elapsed: 986.5s | Recent 20-Ep Avg Reward: 41.0
    [Progress] Steps: 700000 | Elapsed: 999.4s | Recent 20-Ep Avg Reward: 47.4
    [Progress] Steps: 710000 | Elapsed: 1012.5s | Recent 20-Ep Avg Reward: 43.1
    [Progress] Steps: 720000 | Elapsed: 1025.4s | Recent 20-Ep Avg Reward: 43.8
    [Progress] Steps: 730000 | Elapsed: 1043.7s | Recent 20-Ep Avg Reward: 45.5
    [Progress] Steps: 740000 | Elapsed: 1056.7s | Recent 20-Ep Avg Reward: 44.2
    [Progress] Steps: 750000 | Elapsed: 1069.6s | Recent 20-Ep Avg Reward: 49.0
    [Progress] Steps: 760000 | Elapsed: 1082.7s | Recent 20-Ep Avg Reward: 49.2
    [Progress] Steps: 770000 | Elapsed: 1095.9s | Recent 20-Ep Avg Reward: 41.9
    [Progress] Steps: 780000 | Elapsed: 1114.7s | Recent 20-Ep Avg Reward: 48.0
    [Progress] Steps: 790000 | Elapsed: 1127.5s | Recent 20-Ep Avg Reward: 42.1
    [Progress] Steps: 800000 | Elapsed: 1140.9s | Recent 20-Ep Avg Reward: 49.0
    [Progress] Steps: 810000 | Elapsed: 1153.9s | Recent 20-Ep Avg Reward: 53.8
    [Progress] Steps: 820000 | Elapsed: 1172.4s | Recent 20-Ep Avg Reward: 44.9
    [Progress] Steps: 830000 | Elapsed: 1185.5s | Recent 20-Ep Avg Reward: 43.6
    [Progress] Steps: 840000 | Elapsed: 1198.4s | Recent 20-Ep Avg Reward: 46.2
    [Progress] Steps: 850000 | Elapsed: 1211.6s | Recent 20-Ep Avg Reward: 45.2
    [Progress] Steps: 860000 | Elapsed: 1224.7s | Recent 20-Ep Avg Reward: 43.3
    [Progress] Steps: 870000 | Elapsed: 1243.7s | Recent 20-Ep Avg Reward: 42.1
    [Progress] Steps: 880000 | Elapsed: 1256.7s | Recent 20-Ep Avg Reward: 46.0
    [Progress] Steps: 890000 | Elapsed: 1269.7s | Recent 20-Ep Avg Reward: 53.0
    [Progress] Steps: 900000 | Elapsed: 1282.6s | Recent 20-Ep Avg Reward: 45.4
    [Progress] Steps: 910000 | Elapsed: 1301.3s | Recent 20-Ep Avg Reward: 49.6
    [Progress] Steps: 920000 | Elapsed: 1314.0s | Recent 20-Ep Avg Reward: 46.9
    [Progress] Steps: 930000 | Elapsed: 1327.2s | Recent 20-Ep Avg Reward: 47.3
    [Progress] Steps: 940000 | Elapsed: 1340.5s | Recent 20-Ep Avg Reward: 45.9
    [Progress] Steps: 950000 | Elapsed: 1353.5s | Recent 20-Ep Avg Reward: 46.6
    [Progress] Steps: 960000 | Elapsed: 1372.4s | Recent 20-Ep Avg Reward: 45.9
    [Progress] Steps: 970000 | Elapsed: 1385.6s | Recent 20-Ep Avg Reward: 40.5
    [Progress] Steps: 980000 | Elapsed: 1398.8s | Recent 20-Ep Avg Reward: 49.0
    [Progress] Steps: 990000 | Elapsed: 1411.7s | Recent 20-Ep Avg Reward: 52.8
    [Progress] Steps: 1000000 | Elapsed: 1430.0s | Recent 20-Ep Avg Reward: 50.2
    [Progress] Steps: 1010000 | Elapsed: 1443.0s | Recent 20-Ep Avg Reward: 44.8
    [Progress] Steps: 1020000 | Elapsed: 1456.0s | Recent 20-Ep Avg Reward: 44.7
    [Progress] Steps: 1030000 | Elapsed: 1469.2s | Recent 20-Ep Avg Reward: 46.0
    [Progress] Steps: 1040000 | Elapsed: 1482.3s | Recent 20-Ep Avg Reward: 43.7
    [Progress] Steps: 1050000 | Elapsed: 1501.2s | Recent 20-Ep Avg Reward: 50.1
    [Progress] Steps: 1060000 | Elapsed: 1514.3s | Recent 20-Ep Avg Reward: 42.0
    [Progress] Steps: 1070000 | Elapsed: 1527.4s | Recent 20-Ep Avg Reward: 44.0
    [Progress] Steps: 1080000 | Elapsed: 1540.7s | Recent 20-Ep Avg Reward: 50.0
    [Progress] Steps: 1090000 | Elapsed: 1559.1s | Recent 20-Ep Avg Reward: 39.9
    [Progress] Steps: 1100000 | Elapsed: 1571.8s | Recent 20-Ep Avg Reward: 39.0
    [Progress] Steps: 1110000 | Elapsed: 1584.9s | Recent 20-Ep Avg Reward: 42.5
    [Progress] Steps: 1120000 | Elapsed: 1598.2s | Recent 20-Ep Avg Reward: 46.6
    [Progress] Steps: 1130000 | Elapsed: 1611.2s | Recent 20-Ep Avg Reward: 47.7
    [Progress] Steps: 1140000 | Elapsed: 1629.8s | Recent 20-Ep Avg Reward: 45.5
    [Progress] Steps: 1150000 | Elapsed: 1642.9s | Recent 20-Ep Avg Reward: 39.5
    [Progress] Steps: 1160000 | Elapsed: 1656.1s | Recent 20-Ep Avg Reward: 45.9
    [Progress] Steps: 1170000 | Elapsed: 1669.2s | Recent 20-Ep Avg Reward: 40.5
    [Progress] Steps: 1180000 | Elapsed: 1688.0s | Recent 20-Ep Avg Reward: 44.1
    [Progress] Steps: 1190000 | Elapsed: 1701.0s | Recent 20-Ep Avg Reward: 48.1
    [Progress] Steps: 1200000 | Elapsed: 1714.1s | Recent 20-Ep Avg Reward: 44.4
    [Progress] Steps: 1210000 | Elapsed: 1726.9s | Recent 20-Ep Avg Reward: 45.9
    [Progress] Steps: 1220000 | Elapsed: 1740.1s | Recent 20-Ep Avg Reward: 46.8
    [Progress] Steps: 1230000 | Elapsed: 1758.7s | Recent 20-Ep Avg Reward: 43.6
    [Progress] Steps: 1240000 | Elapsed: 1771.6s | Recent 20-Ep Avg Reward: 40.7
    [Progress] Steps: 1250000 | Elapsed: 1784.7s | Recent 20-Ep Avg Reward: 42.8
    [Progress] Steps: 1260000 | Elapsed: 1797.9s | Recent 20-Ep Avg Reward: 42.6
    [Progress] Steps: 1270000 | Elapsed: 1816.4s | Recent 20-Ep Avg Reward: 42.8
    [Progress] Steps: 1280000 | Elapsed: 1829.3s | Recent 20-Ep Avg Reward: 40.1
    [Progress] Steps: 1290000 | Elapsed: 1842.2s | Recent 20-Ep Avg Reward: 45.6
    [Progress] Steps: 1300000 | Elapsed: 1855.0s | Recent 20-Ep Avg Reward: 52.0
    [Progress] Steps: 1310000 | Elapsed: 1868.1s | Recent 20-Ep Avg Reward: 42.6
    [Progress] Steps: 1320000 | Elapsed: 1886.6s | Recent 20-Ep Avg Reward: 42.0
    [Progress] Steps: 1330000 | Elapsed: 1899.7s | Recent 20-Ep Avg Reward: 41.1
    [Progress] Steps: 1340000 | Elapsed: 1912.7s | Recent 20-Ep Avg Reward: 36.8
    [Progress] Steps: 1350000 | Elapsed: 1925.8s | Recent 20-Ep Avg Reward: 45.9
    [Progress] Steps: 1360000 | Elapsed: 1944.6s | Recent 20-Ep Avg Reward: 45.3
    [Progress] Steps: 1370000 | Elapsed: 1957.8s | Recent 20-Ep Avg Reward: 47.0
    [Progress] Steps: 1380000 | Elapsed: 1970.7s | Recent 20-Ep Avg Reward: 47.0
    [Progress] Steps: 1390000 | Elapsed: 1983.6s | Recent 20-Ep Avg Reward: 43.3
    [Progress] Steps: 1400000 | Elapsed: 1996.5s | Recent 20-Ep Avg Reward: 41.9
    [Progress] Steps: 1410000 | Elapsed: 2015.2s | Recent 20-Ep Avg Reward: 42.2
    [Progress] Steps: 1420000 | Elapsed: 2028.2s | Recent 20-Ep Avg Reward: 40.8
    [Progress] Steps: 1430000 | Elapsed: 2041.1s | Recent 20-Ep Avg Reward: 45.9
    [Progress] Steps: 1440000 | Elapsed: 2054.0s | Recent 20-Ep Avg Reward: 47.4
    [Progress] Steps: 1450000 | Elapsed: 2072.8s | Recent 20-Ep Avg Reward: 46.9
    [Progress] Steps: 1460000 | Elapsed: 2086.1s | Recent 20-Ep Avg Reward: 41.9
    [Progress] Steps: 1470000 | Elapsed: 2099.2s | Recent 20-Ep Avg Reward: 50.2
    [Progress] Steps: 1480000 | Elapsed: 2112.4s | Recent 20-Ep Avg Reward: 47.3
    [Progress] Steps: 1490000 | Elapsed: 2125.7s | Recent 20-Ep Avg Reward: 45.4
    [Progress] Steps: 1500000 | Elapsed: 2144.0s | Recent 20-Ep Avg Reward: 45.8
    [Progress] Steps: 1510000 | Elapsed: 2157.1s | Recent 20-Ep Avg Reward: 46.2
    [Progress] Steps: 1520000 | Elapsed: 2170.0s | Recent 20-Ep Avg Reward: 47.4
    [Progress] Steps: 1530000 | Elapsed: 2183.0s | Recent 20-Ep Avg Reward: 43.5
    [Progress] Steps: 1540000 | Elapsed: 2196.3s | Recent 20-Ep Avg Reward: 40.2
    [Progress] Steps: 1550000 | Elapsed: 2214.8s | Recent 20-Ep Avg Reward: 46.3
    [Progress] Steps: 1560000 | Elapsed: 2228.0s | Recent 20-Ep Avg Reward: 45.4
    [Progress] Steps: 1570000 | Elapsed: 2241.2s | Recent 20-Ep Avg Reward: 44.6
    [Progress] Steps: 1580000 | Elapsed: 2254.3s | Recent 20-Ep Avg Reward: 47.0
    [Progress] Steps: 1590000 | Elapsed: 2272.8s | Recent 20-Ep Avg Reward: 49.0
    [Progress] Steps: 1600000 | Elapsed: 2285.9s | Recent 20-Ep Avg Reward: 44.1
    [Progress] Steps: 1610000 | Elapsed: 2299.1s | Recent 20-Ep Avg Reward: 43.7
    [Progress] Steps: 1620000 | Elapsed: 2311.9s | Recent 20-Ep Avg Reward: 45.0
    [Progress] Steps: 1630000 | Elapsed: 2325.2s | Recent 20-Ep Avg Reward: 46.9
    [Progress] Steps: 1640000 | Elapsed: 2343.5s | Recent 20-Ep Avg Reward: 50.2
    [Progress] Steps: 1650000 | Elapsed: 2356.7s | Recent 20-Ep Avg Reward: 46.5
    [Progress] Steps: 1660000 | Elapsed: 2370.0s | Recent 20-Ep Avg Reward: 40.2
    [Progress] Steps: 1670000 | Elapsed: 2383.2s | Recent 20-Ep Avg Reward: 43.6
    [Progress] Steps: 1680000 | Elapsed: 2401.9s | Recent 20-Ep Avg Reward: 47.1
    [Progress] Steps: 1690000 | Elapsed: 2415.1s | Recent 20-Ep Avg Reward: 45.9
    [Progress] Steps: 1700000 | Elapsed: 2427.9s | Recent 20-Ep Avg Reward: 41.3
    [Progress] Steps: 1710000 | Elapsed: 2441.0s | Recent 20-Ep Avg Reward: 40.1
    [Progress] Steps: 1720000 | Elapsed: 2454.2s | Recent 20-Ep Avg Reward: 43.1
    [Progress] Steps: 1730000 | Elapsed: 2472.5s | Recent 20-Ep Avg Reward: 48.0
    [Progress] Steps: 1740000 | Elapsed: 2485.6s | Recent 20-Ep Avg Reward: 45.2
    [Progress] Steps: 1750000 | Elapsed: 2498.6s | Recent 20-Ep Avg Reward: 40.2
    [Progress] Steps: 1760000 | Elapsed: 2511.9s | Recent 20-Ep Avg Reward: 46.6
    [Progress] Steps: 1770000 | Elapsed: 2530.5s | Recent 20-Ep Avg Reward: 41.0
    [Progress] Steps: 1780000 | Elapsed: 2543.6s | Recent 20-Ep Avg Reward: 37.8
    [Progress] Steps: 1790000 | Elapsed: 2556.9s | Recent 20-Ep Avg Reward: 45.3
    [Progress] Steps: 1800000 | Elapsed: 2569.9s | Recent 20-Ep Avg Reward: 43.9
    [Progress] Steps: 1810000 | Elapsed: 2583.2s | Recent 20-Ep Avg Reward: 41.9
    [Progress] Steps: 1820000 | Elapsed: 2601.8s | Recent 20-Ep Avg Reward: 43.9
    [Progress] Steps: 1830000 | Elapsed: 2614.8s | Recent 20-Ep Avg Reward: 41.5
    [Progress] Steps: 1840000 | Elapsed: 2628.0s | Recent 20-Ep Avg Reward: 48.6
    [Progress] Steps: 1850000 | Elapsed: 2641.4s | Recent 20-Ep Avg Reward: 41.1
    [Progress] Steps: 1860000 | Elapsed: 2660.0s | Recent 20-Ep Avg Reward: 42.4
    [Progress] Steps: 1870000 | Elapsed: 2673.1s | Recent 20-Ep Avg Reward: 44.6
    [Progress] Steps: 1880000 | Elapsed: 2686.3s | Recent 20-Ep Avg Reward: 39.4
    [Progress] Steps: 1890000 | Elapsed: 2699.1s | Recent 20-Ep Avg Reward: 47.0
    [Progress] Steps: 1900000 | Elapsed: 2712.1s | Recent 20-Ep Avg Reward: 46.1
    [Progress] Steps: 1910000 | Elapsed: 2730.5s | Recent 20-Ep Avg Reward: 41.8
    [Progress] Steps: 1920000 | Elapsed: 2743.6s | Recent 20-Ep Avg Reward: 48.4
    [Progress] Steps: 1930000 | Elapsed: 2756.1s | Recent 20-Ep Avg Reward: 50.1
    [Progress] Steps: 1940000 | Elapsed: 2769.5s | Recent 20-Ep Avg Reward: 53.1
    [Progress] Steps: 1950000 | Elapsed: 2788.1s | Recent 20-Ep Avg Reward: 41.8
    [Progress] Steps: 1960000 | Elapsed: 2801.2s | Recent 20-Ep Avg Reward: 45.2
    [Progress] Steps: 1970000 | Elapsed: 2814.4s | Recent 20-Ep Avg Reward: 43.1
    [Progress] Steps: 1980000 | Elapsed: 2827.5s | Recent 20-Ep Avg Reward: 44.2
    [Progress] Steps: 1990000 | Elapsed: 2840.9s | Recent 20-Ep Avg Reward: 48.6
    [Progress] Steps: 2000000 | Elapsed: 2859.4s | Recent 20-Ep Avg Reward: 47.8
    [Progress] Steps: 2010000 | Elapsed: 2872.7s | Recent 20-Ep Avg Reward: 41.1
    [Progress] Steps: 2020000 | Elapsed: 2885.6s | Recent 20-Ep Avg Reward: 42.2
    [Progress] Steps: 2030000 | Elapsed: 2898.7s | Recent 20-Ep Avg Reward: 42.8
    [Progress] Steps: 2040000 | Elapsed: 2917.4s | Recent 20-Ep Avg Reward: 44.2
    [Progress] Steps: 2050000 | Elapsed: 2930.7s | Recent 20-Ep Avg Reward: 40.5
    [Progress] Steps: 2060000 | Elapsed: 2943.9s | Recent 20-Ep Avg Reward: 47.5
    [Progress] Steps: 2070000 | Elapsed: 2956.9s | Recent 20-Ep Avg Reward: 39.8
    [Progress] Steps: 2080000 | Elapsed: 2970.1s | Recent 20-Ep Avg Reward: 51.1
    [Progress] Steps: 2090000 | Elapsed: 2988.4s | Recent 20-Ep Avg Reward: 45.9
    [Progress] Steps: 2100000 | Elapsed: 3001.8s | Recent 20-Ep Avg Reward: 39.9
    [Progress] Steps: 2110000 | Elapsed: 3014.7s | Recent 20-Ep Avg Reward: 49.9
    [Progress] Steps: 2120000 | Elapsed: 3028.0s | Recent 20-Ep Avg Reward: 46.7
    [Progress] Steps: 2130000 | Elapsed: 3046.1s | Recent 20-Ep Avg Reward: 42.0
    [Progress] Steps: 2140000 | Elapsed: 3059.4s | Recent 20-Ep Avg Reward: 39.5
    [Progress] Steps: 2150000 | Elapsed: 3072.3s | Recent 20-Ep Avg Reward: 52.6
    [Progress] Steps: 2160000 | Elapsed: 3085.4s | Recent 20-Ep Avg Reward: 42.6
    [Progress] Steps: 2170000 | Elapsed: 3098.6s | Recent 20-Ep Avg Reward: 40.1
    [Progress] Steps: 2180000 | Elapsed: 3117.1s | Recent 20-Ep Avg Reward: 49.4
    [Progress] Steps: 2190000 | Elapsed: 3130.0s | Recent 20-Ep Avg Reward: 50.4
    [Progress] Steps: 2200000 | Elapsed: 3142.9s | Recent 20-Ep Avg Reward: 45.3
    [Progress] Steps: 2210000 | Elapsed: 3156.0s | Recent 20-Ep Avg Reward: 42.0
    [Progress] Steps: 2220000 | Elapsed: 3169.4s | Recent 20-Ep Avg Reward: 46.0
    [Progress] Steps: 2230000 | Elapsed: 3187.9s | Recent 20-Ep Avg Reward: 45.6
    [Progress] Steps: 2240000 | Elapsed: 3201.0s | Recent 20-Ep Avg Reward: 45.8
    [Progress] Steps: 2250000 | Elapsed: 3213.9s | Recent 20-Ep Avg Reward: 50.5
    [Progress] Steps: 2260000 | Elapsed: 3227.0s | Recent 20-Ep Avg Reward: 47.2
    [Progress] Steps: 2270000 | Elapsed: 3245.9s | Recent 20-Ep Avg Reward: 48.2
    [Progress] Steps: 2280000 | Elapsed: 3259.3s | Recent 20-Ep Avg Reward: 43.1
    [Progress] Steps: 2290000 | Elapsed: 3272.4s | Recent 20-Ep Avg Reward: 42.2
    [Progress] Steps: 2300000 | Elapsed: 3285.4s | Recent 20-Ep Avg Reward: 45.6
    [Progress] Steps: 2310000 | Elapsed: 3298.5s | Recent 20-Ep Avg Reward: 47.4
    [Progress] Steps: 2320000 | Elapsed: 3317.1s | Recent 20-Ep Avg Reward: 46.9
    [Progress] Steps: 2330000 | Elapsed: 3330.1s | Recent 20-Ep Avg Reward: 44.0
    [Progress] Steps: 2340000 | Elapsed: 3343.3s | Recent 20-Ep Avg Reward: 41.1
    [Progress] Steps: 2350000 | Elapsed: 3356.5s | Recent 20-Ep Avg Reward: 40.9
    [Progress] Steps: 2360000 | Elapsed: 3375.2s | Recent 20-Ep Avg Reward: 42.9
    [Progress] Steps: 2370000 | Elapsed: 3388.5s | Recent 20-Ep Avg Reward: 46.2
    [Progress] Steps: 2380000 | Elapsed: 3401.6s | Recent 20-Ep Avg Reward: 43.0
    [Progress] Steps: 2390000 | Elapsed: 3414.8s | Recent 20-Ep Avg Reward: 40.9
    [Progress] Steps: 2400000 | Elapsed: 3427.9s | Recent 20-Ep Avg Reward: 40.7
    [Progress] Steps: 2410000 | Elapsed: 3446.4s | Recent 20-Ep Avg Reward: 42.0
    [Progress] Steps: 2420000 | Elapsed: 3459.0s | Recent 20-Ep Avg Reward: 44.7
    [Progress] Steps: 2430000 | Elapsed: 3471.9s | Recent 20-Ep Avg Reward: 45.2
    [Progress] Steps: 2440000 | Elapsed: 3485.2s | Recent 20-Ep Avg Reward: 45.1
    [Progress] Steps: 2450000 | Elapsed: 3504.0s | Recent 20-Ep Avg Reward: 40.5
    [Progress] Steps: 2460000 | Elapsed: 3517.1s | Recent 20-Ep Avg Reward: 52.9
    [Progress] Steps: 2470000 | Elapsed: 3530.2s | Recent 20-Ep Avg Reward: 41.0
    [Progress] Steps: 2480000 | Elapsed: 3543.5s | Recent 20-Ep Avg Reward: 47.0
    [Progress] Steps: 2490000 | Elapsed: 3556.4s | Recent 20-Ep Avg Reward: 40.2
    [Progress] Steps: 2500000 | Elapsed: 3575.0s | Recent 20-Ep Avg Reward: 44.6
    [Progress] Steps: 2510000 | Elapsed: 3588.0s | Recent 20-Ep Avg Reward: 43.2
    [Progress] Steps: 2520000 | Elapsed: 3601.1s | Recent 20-Ep Avg Reward: 44.5
    [Progress] Steps: 2530000 | Elapsed: 3614.4s | Recent 20-Ep Avg Reward: 39.8
    [Progress] Steps: 2540000 | Elapsed: 3633.3s | Recent 20-Ep Avg Reward: 42.2
    [Progress] Steps: 2550000 | Elapsed: 3646.4s | Recent 20-Ep Avg Reward: 38.6
    [Progress] Steps: 2560000 | Elapsed: 3659.7s | Recent 20-Ep Avg Reward: 48.5
    [Progress] Steps: 2570000 | Elapsed: 3673.0s | Recent 20-Ep Avg Reward: 45.3
    [Progress] Steps: 2580000 | Elapsed: 3686.2s | Recent 20-Ep Avg Reward: 42.9
    [Progress] Steps: 2590000 | Elapsed: 3704.9s | Recent 20-Ep Avg Reward: 45.8
    [Progress] Steps: 2600000 | Elapsed: 3718.0s | Recent 20-Ep Avg Reward: 42.0
    [Progress] Steps: 2610000 | Elapsed: 3731.0s | Recent 20-Ep Avg Reward: 44.5
    [Progress] Steps: 2620000 | Elapsed: 3744.2s | Recent 20-Ep Avg Reward: 46.5
    [Progress] Steps: 2630000 | Elapsed: 3762.6s | Recent 20-Ep Avg Reward: 43.3
    [Progress] Steps: 2640000 | Elapsed: 3775.7s | Recent 20-Ep Avg Reward: 45.9
    [Progress] Steps: 2650000 | Elapsed: 3788.9s | Recent 20-Ep Avg Reward: 46.0
    [Progress] Steps: 2660000 | Elapsed: 3802.3s | Recent 20-Ep Avg Reward: 38.6
    [Progress] Steps: 2670000 | Elapsed: 3815.6s | Recent 20-Ep Avg Reward: 47.0
    [Progress] Steps: 2680000 | Elapsed: 3834.3s | Recent 20-Ep Avg Reward: 42.6
    [Progress] Steps: 2690000 | Elapsed: 3847.5s | Recent 20-Ep Avg Reward: 43.5
    [Progress] Steps: 2700000 | Elapsed: 3860.6s | Recent 20-Ep Avg Reward: 43.9
    [Progress] Steps: 2710000 | Elapsed: 3873.8s | Recent 20-Ep Avg Reward: 43.0
    [Progress] Steps: 2720000 | Elapsed: 3892.3s | Recent 20-Ep Avg Reward: 42.2
    [Progress] Steps: 2730000 | Elapsed: 3905.4s | Recent 20-Ep Avg Reward: 48.0
    [Progress] Steps: 2740000 | Elapsed: 3918.7s | Recent 20-Ep Avg Reward: 46.9
    [Progress] Steps: 2750000 | Elapsed: 3931.8s | Recent 20-Ep Avg Reward: 42.2
    [Progress] Steps: 2760000 | Elapsed: 3944.7s | Recent 20-Ep Avg Reward: 47.5
    [Progress] Steps: 2770000 | Elapsed: 3963.6s | Recent 20-Ep Avg Reward: 41.8
    [Progress] Steps: 2780000 | Elapsed: 3976.8s | Recent 20-Ep Avg Reward: 41.2
    [Progress] Steps: 2790000 | Elapsed: 3989.8s | Recent 20-Ep Avg Reward: 38.8
    [Progress] Steps: 2800000 | Elapsed: 4003.0s | Recent 20-Ep Avg Reward: 42.7
    [Progress] Steps: 2810000 | Elapsed: 4021.6s | Recent 20-Ep Avg Reward: 43.3
    [Progress] Steps: 2820000 | Elapsed: 4034.8s | Recent 20-Ep Avg Reward: 42.6
    [Progress] Steps: 2830000 | Elapsed: 4048.0s | Recent 20-Ep Avg Reward: 39.9
    [Progress] Steps: 2840000 | Elapsed: 4061.1s | Recent 20-Ep Avg Reward: 44.8
    [Progress] Steps: 2850000 | Elapsed: 4074.2s | Recent 20-Ep Avg Reward: 45.3
    [Progress] Steps: 2860000 | Elapsed: 4092.9s | Recent 20-Ep Avg Reward: 42.0
    [Progress] Steps: 2870000 | Elapsed: 4106.1s | Recent 20-Ep Avg Reward: 45.9
    [Progress] Steps: 2880000 | Elapsed: 4119.4s | Recent 20-Ep Avg Reward: 41.6
    [Progress] Steps: 2890000 | Elapsed: 4132.3s | Recent 20-Ep Avg Reward: 38.8
    [Progress] Steps: 2900000 | Elapsed: 4150.8s | Recent 20-Ep Avg Reward: 45.0
    [Progress] Steps: 2910000 | Elapsed: 4163.9s | Recent 20-Ep Avg Reward: 46.3
    [Progress] Steps: 2920000 | Elapsed: 4177.0s | Recent 20-Ep Avg Reward: 44.7
    [Progress] Steps: 2930000 | Elapsed: 4190.0s | Recent 20-Ep Avg Reward: 42.5
    [Progress] Steps: 2940000 | Elapsed: 4203.2s | Recent 20-Ep Avg Reward: 41.1
    [Progress] Steps: 2950000 | Elapsed: 4222.0s | Recent 20-Ep Avg Reward: 45.5
    [Progress] Steps: 2960000 | Elapsed: 4235.1s | Recent 20-Ep Avg Reward: 48.5
    [Progress] Steps: 2970000 | Elapsed: 4248.4s | Recent 20-Ep Avg Reward: 48.3
    [Progress] Steps: 2980000 | Elapsed: 4261.7s | Recent 20-Ep Avg Reward: 46.6
    [Progress] Steps: 2990000 | Elapsed: 4275.1s | Recent 20-Ep Avg Reward: 45.1
    [Progress] Steps: 3000000 | Elapsed: 4293.6s | Recent 20-Ep Avg Reward: 41.4
    [Progress] Steps: 3010000 | Elapsed: 4306.6s | Recent 20-Ep Avg Reward: 45.8
    [Progress] Steps: 3020000 | Elapsed: 4319.5s | Recent 20-Ep Avg Reward: 46.0
    [Progress] Steps: 3030000 | Elapsed: 4332.9s | Recent 20-Ep Avg Reward: 42.0
    [Progress] Steps: 3040000 | Elapsed: 4351.4s | Recent 20-Ep Avg Reward: 41.5
    [Progress] Steps: 3050000 | Elapsed: 4364.5s | Recent 20-Ep Avg Reward: 44.0
    [Progress] Steps: 3060000 | Elapsed: 4377.5s | Recent 20-Ep Avg Reward: 41.2
    [Progress] Steps: 3070000 | Elapsed: 4390.6s | Recent 20-Ep Avg Reward: 39.4
    [Progress] Steps: 3080000 | Elapsed: 4404.0s | Recent 20-Ep Avg Reward: 45.6
    [Progress] Steps: 3090000 | Elapsed: 4422.2s | Recent 20-Ep Avg Reward: 43.4
    [Progress] Steps: 3100000 | Elapsed: 4435.1s | Recent 20-Ep Avg Reward: 41.0
    [Progress] Steps: 3110000 | Elapsed: 4447.9s | Recent 20-Ep Avg Reward: 43.5
    [Progress] Steps: 3120000 | Elapsed: 4461.2s | Recent 20-Ep Avg Reward: 40.2
    [Progress] Steps: 3130000 | Elapsed: 4479.6s | Recent 20-Ep Avg Reward: 51.1
    [Progress] Steps: 3140000 | Elapsed: 4492.7s | Recent 20-Ep Avg Reward: 40.2
    [Progress] Steps: 3150000 | Elapsed: 4505.9s | Recent 20-Ep Avg Reward: 44.7
    [Progress] Steps: 3160000 | Elapsed: 4519.2s | Recent 20-Ep Avg Reward: 45.2
    [Progress] Steps: 3170000 | Elapsed: 4532.4s | Recent 20-Ep Avg Reward: 48.6
    [Progress] Steps: 3180000 | Elapsed: 4551.1s | Recent 20-Ep Avg Reward: 49.6
    [Progress] Steps: 3190000 | Elapsed: 4564.1s | Recent 20-Ep Avg Reward: 50.1
    [Progress] Steps: 3200000 | Elapsed: 4577.1s | Recent 20-Ep Avg Reward: 44.0
    [Progress] Steps: 3210000 | Elapsed: 4590.5s | Recent 20-Ep Avg Reward: 43.2
    [Progress] Steps: 3220000 | Elapsed: 4608.6s | Recent 20-Ep Avg Reward: 43.7
    [Progress] Steps: 3230000 | Elapsed: 4621.8s | Recent 20-Ep Avg Reward: 44.1
    [Progress] Steps: 3240000 | Elapsed: 4634.8s | Recent 20-Ep Avg Reward: 45.0
    [Progress] Steps: 3250000 | Elapsed: 4647.8s | Recent 20-Ep Avg Reward: 42.2
    [Progress] Steps: 3260000 | Elapsed: 4660.7s | Recent 20-Ep Avg Reward: 45.8
    [Progress] Steps: 3270000 | Elapsed: 4679.4s | Recent 20-Ep Avg Reward: 37.5
    [Progress] Steps: 3280000 | Elapsed: 4692.6s | Recent 20-Ep Avg Reward: 48.6
    [Progress] Steps: 3290000 | Elapsed: 4705.7s | Recent 20-Ep Avg Reward: 40.2
    [Progress] Steps: 3300000 | Elapsed: 4718.7s | Recent 20-Ep Avg Reward: 45.5
    [Progress] Steps: 3310000 | Elapsed: 4737.2s | Recent 20-Ep Avg Reward: 40.0
    [Progress] Steps: 3320000 | Elapsed: 4750.4s | Recent 20-Ep Avg Reward: 43.4
    [Progress] Steps: 3330000 | Elapsed: 4763.5s | Recent 20-Ep Avg Reward: 46.0
    [Progress] Steps: 3340000 | Elapsed: 4776.6s | Recent 20-Ep Avg Reward: 46.9
    [Progress] Steps: 3350000 | Elapsed: 4789.8s | Recent 20-Ep Avg Reward: 46.8
    [Progress] Steps: 3360000 | Elapsed: 4808.5s | Recent 20-Ep Avg Reward: 43.6
    [Progress] Steps: 3370000 | Elapsed: 4821.7s | Recent 20-Ep Avg Reward: 43.2
    [Progress] Steps: 3380000 | Elapsed: 4834.7s | Recent 20-Ep Avg Reward: 45.5
    [Progress] Steps: 3390000 | Elapsed: 4847.9s | Recent 20-Ep Avg Reward: 44.4
    [Progress] Steps: 3400000 | Elapsed: 4866.2s | Recent 20-Ep Avg Reward: 44.9
    [Progress] Steps: 3410000 | Elapsed: 4879.3s | Recent 20-Ep Avg Reward: 50.4
    [Progress] Steps: 3420000 | Elapsed: 4892.1s | Recent 20-Ep Avg Reward: 41.2
    [Progress] Steps: 3430000 | Elapsed: 4905.3s | Recent 20-Ep Avg Reward: 39.6
    [Progress] Steps: 3440000 | Elapsed: 4918.6s | Recent 20-Ep Avg Reward: 39.8
    [Progress] Steps: 3450000 | Elapsed: 4937.6s | Recent 20-Ep Avg Reward: 44.5
    [Progress] Steps: 3460000 | Elapsed: 4950.7s | Recent 20-Ep Avg Reward: 41.1
    [Progress] Steps: 3470000 | Elapsed: 4963.8s | Recent 20-Ep Avg Reward: 42.4
    [Progress] Steps: 3480000 | Elapsed: 4977.1s | Recent 20-Ep Avg Reward: 44.5
    [Progress] Steps: 3490000 | Elapsed: 4995.5s | Recent 20-Ep Avg Reward: 41.0
    [Progress] Steps: 3500000 | Elapsed: 5008.7s | Recent 20-Ep Avg Reward: 47.8
    [Progress] Steps: 3510000 | Elapsed: 5021.6s | Recent 20-Ep Avg Reward: 45.1
    [Progress] Steps: 3520000 | Elapsed: 5034.9s | Recent 20-Ep Avg Reward: 39.2
    [Progress] Steps: 3530000 | Elapsed: 5048.0s | Recent 20-Ep Avg Reward: 40.2
    [Progress] Steps: 3540000 | Elapsed: 5066.9s | Recent 20-Ep Avg Reward: 46.5
    [Progress] Steps: 3550000 | Elapsed: 5080.2s | Recent 20-Ep Avg Reward: 44.5
    [Progress] Steps: 3560000 | Elapsed: 5093.3s | Recent 20-Ep Avg Reward: 42.1
    [Progress] Steps: 3570000 | Elapsed: 5106.3s | Recent 20-Ep Avg Reward: 44.9
    [Progress] Steps: 3580000 | Elapsed: 5124.8s | Recent 20-Ep Avg Reward: 42.0
    [Progress] Steps: 3590000 | Elapsed: 5138.5s | Recent 20-Ep Avg Reward: 41.6
    [Progress] Steps: 3600000 | Elapsed: 5151.3s | Recent 20-Ep Avg Reward: 40.2
    [Progress] Steps: 3610000 | Elapsed: 5164.4s | Recent 20-Ep Avg Reward: 45.4
    [Progress] Steps: 3620000 | Elapsed: 5177.5s | Recent 20-Ep Avg Reward: 43.2
    [Progress] Steps: 3630000 | Elapsed: 5195.7s | Recent 20-Ep Avg Reward: 42.3
    [Progress] Steps: 3640000 | Elapsed: 5208.6s | Recent 20-Ep Avg Reward: 44.7
    [Progress] Steps: 3650000 | Elapsed: 5221.7s | Recent 20-Ep Avg Reward: 45.0
    [Progress] Steps: 3660000 | Elapsed: 5235.0s | Recent 20-Ep Avg Reward: 41.5
    [Progress] Steps: 3670000 | Elapsed: 5248.2s | Recent 20-Ep Avg Reward: 41.5
    [Progress] Steps: 3680000 | Elapsed: 5267.0s | Recent 20-Ep Avg Reward: 44.0
    [Progress] Steps: 3690000 | Elapsed: 5280.1s | Recent 20-Ep Avg Reward: 40.7
    [Progress] Steps: 3700000 | Elapsed: 5293.5s | Recent 20-Ep Avg Reward: 41.1
    [Progress] Steps: 3710000 | Elapsed: 5306.6s | Recent 20-Ep Avg Reward: 45.0
    [Progress] Steps: 3720000 | Elapsed: 5325.1s | Recent 20-Ep Avg Reward: 45.8
    [Progress] Steps: 3730000 | Elapsed: 5338.1s | Recent 20-Ep Avg Reward: 45.1
    [Progress] Steps: 3740000 | Elapsed: 5351.4s | Recent 20-Ep Avg Reward: 41.4
    [Progress] Steps: 3750000 | Elapsed: 5364.7s | Recent 20-Ep Avg Reward: 49.8
    [Progress] Steps: 3760000 | Elapsed: 5377.6s | Recent 20-Ep Avg Reward: 49.1
    [Progress] Steps: 3770000 | Elapsed: 5396.5s | Recent 20-Ep Avg Reward: 43.5
    [Progress] Steps: 3780000 | Elapsed: 5409.4s | Recent 20-Ep Avg Reward: 44.8
    [Progress] Steps: 3790000 | Elapsed: 5422.4s | Recent 20-Ep Avg Reward: 40.9
    [Progress] Steps: 3800000 | Elapsed: 5435.5s | Recent 20-Ep Avg Reward: 46.9
    [Progress] Steps: 3810000 | Elapsed: 5454.4s | Recent 20-Ep Avg Reward: 48.2
    [Progress] Steps: 3820000 | Elapsed: 5467.2s | Recent 20-Ep Avg Reward: 46.1
    [Progress] Steps: 3830000 | Elapsed: 5480.4s | Recent 20-Ep Avg Reward: 43.0
    [Progress] Steps: 3840000 | Elapsed: 5493.6s | Recent 20-Ep Avg Reward: 46.1
    [Progress] Steps: 3850000 | Elapsed: 5506.8s | Recent 20-Ep Avg Reward: 45.9
    [Progress] Steps: 3860000 | Elapsed: 5525.3s | Recent 20-Ep Avg Reward: 43.6
    [Progress] Steps: 3870000 | Elapsed: 5538.4s | Recent 20-Ep Avg Reward: 44.0
    [Progress] Steps: 3880000 | Elapsed: 5551.4s | Recent 20-Ep Avg Reward: 43.8
    [Progress] Steps: 3890000 | Elapsed: 5564.6s | Recent 20-Ep Avg Reward: 46.0
    [Progress] Steps: 3900000 | Elapsed: 5583.2s | Recent 20-Ep Avg Reward: 43.2
    [Progress] Steps: 3910000 | Elapsed: 5596.1s | Recent 20-Ep Avg Reward: 43.5
    [Progress] Steps: 3920000 | Elapsed: 5609.1s | Recent 20-Ep Avg Reward: 39.1
    [Progress] Steps: 3930000 | Elapsed: 5622.2s | Recent 20-Ep Avg Reward: 49.8
    [Progress] Steps: 3940000 | Elapsed: 5635.1s | Recent 20-Ep Avg Reward: 45.5
    [Progress] Steps: 3950000 | Elapsed: 5653.5s | Recent 20-Ep Avg Reward: 42.8
    [Progress] Steps: 3960000 | Elapsed: 5666.7s | Recent 20-Ep Avg Reward: 43.6
    [Progress] Steps: 3970000 | Elapsed: 5679.9s | Recent 20-Ep Avg Reward: 41.7
    [Progress] Steps: 3980000 | Elapsed: 5693.1s | Recent 20-Ep Avg Reward: 40.5
    [Progress] Steps: 3990000 | Elapsed: 5711.8s | Recent 20-Ep Avg Reward: 44.1
    [Progress] Steps: 4000000 | Elapsed: 5724.7s | Recent 20-Ep Avg Reward: 50.0
    [Progress] Steps: 4010000 | Elapsed: 5737.7s | Recent 20-Ep Avg Reward: 48.5
    [Progress] Steps: 4020000 | Elapsed: 5750.7s | Recent 20-Ep Avg Reward: 42.2
    [Progress] Steps: 4030000 | Elapsed: 5763.4s | Recent 20-Ep Avg Reward: 39.4
    [Progress] Steps: 4040000 | Elapsed: 5782.1s | Recent 20-Ep Avg Reward: 41.9
    [Progress] Steps: 4050000 | Elapsed: 5795.4s | Recent 20-Ep Avg Reward: 45.9
    [Progress] Steps: 4060000 | Elapsed: 5808.4s | Recent 20-Ep Avg Reward: 47.8
    [Progress] Steps: 4070000 | Elapsed: 5821.4s | Recent 20-Ep Avg Reward: 46.0
    [Progress] Steps: 4080000 | Elapsed: 5840.2s | Recent 20-Ep Avg Reward: 37.9
    [Progress] Steps: 4090000 | Elapsed: 5853.5s | Recent 20-Ep Avg Reward: 51.6
    [Progress] Steps: 4100000 | Elapsed: 5866.5s | Recent 20-Ep Avg Reward: 44.0
    [Progress] Steps: 4110000 | Elapsed: 5879.3s | Recent 20-Ep Avg Reward: 46.2
    [Progress] Steps: 4120000 | Elapsed: 5892.5s | Recent 20-Ep Avg Reward: 46.2
    [Progress] Steps: 4130000 | Elapsed: 5910.7s | Recent 20-Ep Avg Reward: 43.4
    [Progress] Steps: 4140000 | Elapsed: 5923.7s | Recent 20-Ep Avg Reward: 43.1
    [Progress] Steps: 4150000 | Elapsed: 5936.7s | Recent 20-Ep Avg Reward: 46.0
    [Progress] Steps: 4160000 | Elapsed: 5949.7s | Recent 20-Ep Avg Reward: 43.1
    [Progress] Steps: 4170000 | Elapsed: 5968.3s | Recent 20-Ep Avg Reward: 41.8
    [Progress] Steps: 4180000 | Elapsed: 5981.2s | Recent 20-Ep Avg Reward: 43.5
    [Progress] Steps: 4190000 | Elapsed: 5994.3s | Recent 20-Ep Avg Reward: 44.8
    [Progress] Steps: 4200000 | Elapsed: 6007.3s | Recent 20-Ep Avg Reward: 46.4
    [Progress] Steps: 4210000 | Elapsed: 6020.4s | Recent 20-Ep Avg Reward: 42.7
    [Progress] Steps: 4220000 | Elapsed: 6038.6s | Recent 20-Ep Avg Reward: 45.4
    [Progress] Steps: 4230000 | Elapsed: 6051.6s | Recent 20-Ep Avg Reward: 38.0
    [Progress] Steps: 4240000 | Elapsed: 6064.7s | Recent 20-Ep Avg Reward: 46.0
    [Progress] Steps: 4250000 | Elapsed: 6077.8s | Recent 20-Ep Avg Reward: 39.2
    [Progress] Steps: 4260000 | Elapsed: 6096.6s | Recent 20-Ep Avg Reward: 42.3
    [Progress] Steps: 4270000 | Elapsed: 6109.8s | Recent 20-Ep Avg Reward: 48.2
    [Progress] Steps: 4280000 | Elapsed: 6123.0s | Recent 20-Ep Avg Reward: 46.5
    [Progress] Steps: 4290000 | Elapsed: 6136.1s | Recent 20-Ep Avg Reward: 44.4
    [Progress] Steps: 4300000 | Elapsed: 6149.3s | Recent 20-Ep Avg Reward: 44.3
    [Progress] Steps: 4310000 | Elapsed: 6167.7s | Recent 20-Ep Avg Reward: 44.9
    [Progress] Steps: 4320000 | Elapsed: 6180.8s | Recent 20-Ep Avg Reward: 48.0
    [Progress] Steps: 4330000 | Elapsed: 6194.1s | Recent 20-Ep Avg Reward: 44.3
    [Progress] Steps: 4340000 | Elapsed: 6207.1s | Recent 20-Ep Avg Reward: 40.5
    [Progress] Steps: 4350000 | Elapsed: 6225.6s | Recent 20-Ep Avg Reward: 44.4
    [Progress] Steps: 4360000 | Elapsed: 6239.0s | Recent 20-Ep Avg Reward: 42.1
    [Progress] Steps: 4370000 | Elapsed: 6252.3s | Recent 20-Ep Avg Reward: 44.4
    [Progress] Steps: 4380000 | Elapsed: 6265.5s | Recent 20-Ep Avg Reward: 40.4
    [Progress] Steps: 4390000 | Elapsed: 6278.9s | Recent 20-Ep Avg Reward: 44.4
    [Progress] Steps: 4400000 | Elapsed: 6297.7s | Recent 20-Ep Avg Reward: 42.6
    [Progress] Steps: 4410000 | Elapsed: 6310.9s | Recent 20-Ep Avg Reward: 48.8
    [Progress] Steps: 4420000 | Elapsed: 6323.7s | Recent 20-Ep Avg Reward: 44.8
    [Progress] Steps: 4430000 | Elapsed: 6336.7s | Recent 20-Ep Avg Reward: 40.2
    [Progress] Steps: 4440000 | Elapsed: 6349.9s | Recent 20-Ep Avg Reward: 44.0
    [Progress] Steps: 4450000 | Elapsed: 6368.5s | Recent 20-Ep Avg Reward: 45.9
    [Progress] Steps: 4460000 | Elapsed: 6381.7s | Recent 20-Ep Avg Reward: 41.5
    [Progress] Steps: 4470000 | Elapsed: 6394.8s | Recent 20-Ep Avg Reward: 44.0
    [Progress] Steps: 4480000 | Elapsed: 6408.1s | Recent 20-Ep Avg Reward: 46.4
    [Progress] Steps: 4490000 | Elapsed: 6426.8s | Recent 20-Ep Avg Reward: 47.5
    [Progress] Steps: 4500000 | Elapsed: 6439.7s | Recent 20-Ep Avg Reward: 44.4
[*] Final Result for Seed 104: Stopped at 4505600 steps in 6449.83 seconds
[*] Data strictly saved to: ppo_results_seed_104\ppo_learning_curve.csv
[*] Model successfully saved to: ppo_results_seed_104\final_ppo_model.zip

--- Running Seed 105 (5/5) with 16 parallel workers ---
    [Progress] Steps: 10000 | Elapsed: 14.4s | Recent 20-Ep Avg Reward: 20.2
    [Progress] Steps: 20000 | Elapsed: 27.6s | Recent 20-Ep Avg Reward: 23.1
    [Progress] Steps: 30000 | Elapsed: 40.5s | Recent 20-Ep Avg Reward: 28.7
    [Progress] Steps: 40000 | Elapsed: 53.5s | Recent 20-Ep Avg Reward: 30.4
    [Progress] Steps: 50000 | Elapsed: 71.8s | Recent 20-Ep Avg Reward: 36.8
    [Progress] Steps: 60000 | Elapsed: 84.7s | Recent 20-Ep Avg Reward: 35.4
    [Progress] Steps: 70000 | Elapsed: 97.4s | Recent 20-Ep Avg Reward: 47.1
    [Progress] Steps: 80000 | Elapsed: 110.4s | Recent 20-Ep Avg Reward: 41.4
    [Progress] Steps: 90000 | Elapsed: 123.3s | Recent 20-Ep Avg Reward: 42.4
    [Progress] Steps: 100000 | Elapsed: 141.3s | Recent 20-Ep Avg Reward: 45.9
    [Progress] Steps: 110000 | Elapsed: 154.0s | Recent 20-Ep Avg Reward: 48.6
    [Progress] Steps: 120000 | Elapsed: 166.5s | Recent 20-Ep Avg Reward: 49.9
    [Progress] Steps: 130000 | Elapsed: 179.3s | Recent 20-Ep Avg Reward: 49.2
    [Progress] Steps: 140000 | Elapsed: 197.6s | Recent 20-Ep Avg Reward: 56.2
    [Progress] Steps: 150000 | Elapsed: 210.5s | Recent 20-Ep Avg Reward: 50.5
    [Progress] Steps: 160000 | Elapsed: 223.2s | Recent 20-Ep Avg Reward: 46.5
    [Progress] Steps: 170000 | Elapsed: 236.2s | Recent 20-Ep Avg Reward: 48.9
    [Progress] Steps: 180000 | Elapsed: 249.1s | Recent 20-Ep Avg Reward: 47.1
    [Progress] Steps: 190000 | Elapsed: 267.1s | Recent 20-Ep Avg Reward: 48.9
    [Progress] Steps: 200000 | Elapsed: 280.0s | Recent 20-Ep Avg Reward: 47.4
    [Progress] Steps: 210000 | Elapsed: 292.6s | Recent 20-Ep Avg Reward: 41.7
    [Progress] Steps: 220000 | Elapsed: 305.8s | Recent 20-Ep Avg Reward: 43.8
    [Progress] Steps: 230000 | Elapsed: 324.0s | Recent 20-Ep Avg Reward: 41.9
    [Progress] Steps: 240000 | Elapsed: 336.8s | Recent 20-Ep Avg Reward: 49.8
    [Progress] Steps: 250000 | Elapsed: 349.5s | Recent 20-Ep Avg Reward: 43.1
    [Progress] Steps: 260000 | Elapsed: 362.3s | Recent 20-Ep Avg Reward: 46.5
    [Progress] Steps: 270000 | Elapsed: 375.1s | Recent 20-Ep Avg Reward: 43.4
    [Progress] Steps: 280000 | Elapsed: 393.3s | Recent 20-Ep Avg Reward: 38.4
    [Progress] Steps: 290000 | Elapsed: 406.2s | Recent 20-Ep Avg Reward: 50.7
    [Progress] Steps: 300000 | Elapsed: 418.8s | Recent 20-Ep Avg Reward: 41.8
    [Progress] Steps: 310000 | Elapsed: 431.7s | Recent 20-Ep Avg Reward: 42.5
    [Progress] Steps: 320000 | Elapsed: 449.6s | Recent 20-Ep Avg Reward: 51.4
    [Progress] Steps: 330000 | Elapsed: 462.5s | Recent 20-Ep Avg Reward: 47.4
    [Progress] Steps: 340000 | Elapsed: 475.2s | Recent 20-Ep Avg Reward: 45.1
    [Progress] Steps: 350000 | Elapsed: 487.7s | Recent 20-Ep Avg Reward: 40.9
    [Progress] Steps: 360000 | Elapsed: 500.6s | Recent 20-Ep Avg Reward: 47.7
    [Progress] Steps: 370000 | Elapsed: 518.9s | Recent 20-Ep Avg Reward: 46.5
    [Progress] Steps: 380000 | Elapsed: 531.7s | Recent 20-Ep Avg Reward: 51.1
    [Progress] Steps: 390000 | Elapsed: 544.0s | Recent 20-Ep Avg Reward: 50.5
    [Progress] Steps: 400000 | Elapsed: 557.2s | Recent 20-Ep Avg Reward: 41.5
    [Progress] Steps: 410000 | Elapsed: 575.5s | Recent 20-Ep Avg Reward: 44.5
    [Progress] Steps: 420000 | Elapsed: 588.4s | Recent 20-Ep Avg Reward: 51.2
    [Progress] Steps: 430000 | Elapsed: 601.2s | Recent 20-Ep Avg Reward: 40.1
    [Progress] Steps: 440000 | Elapsed: 613.8s | Recent 20-Ep Avg Reward: 40.1
    [Progress] Steps: 450000 | Elapsed: 626.7s | Recent 20-Ep Avg Reward: 48.9
    [Progress] Steps: 460000 | Elapsed: 645.0s | Recent 20-Ep Avg Reward: 41.6
    [Progress] Steps: 470000 | Elapsed: 658.0s | Recent 20-Ep Avg Reward: 46.6
    [Progress] Steps: 480000 | Elapsed: 670.7s | Recent 20-Ep Avg Reward: 45.9
    [Progress] Steps: 490000 | Elapsed: 683.7s | Recent 20-Ep Avg Reward: 42.7
    [Progress] Steps: 500000 | Elapsed: 701.8s | Recent 20-Ep Avg Reward: 51.0
    [Progress] Steps: 510000 | Elapsed: 714.5s | Recent 20-Ep Avg Reward: 46.0
    [Progress] Steps: 520000 | Elapsed: 727.3s | Recent 20-Ep Avg Reward: 47.4
    [Progress] Steps: 530000 | Elapsed: 740.0s | Recent 20-Ep Avg Reward: 47.5
    [Progress] Steps: 540000 | Elapsed: 752.8s | Recent 20-Ep Avg Reward: 50.4
    [Progress] Steps: 550000 | Elapsed: 771.3s | Recent 20-Ep Avg Reward: 43.0
    [Progress] Steps: 560000 | Elapsed: 784.4s | Recent 20-Ep Avg Reward: 53.5
    [Progress] Steps: 570000 | Elapsed: 797.0s | Recent 20-Ep Avg Reward: 46.6
    [Progress] Steps: 580000 | Elapsed: 810.2s | Recent 20-Ep Avg Reward: 52.4
    [Progress] Steps: 590000 | Elapsed: 828.6s | Recent 20-Ep Avg Reward: 46.0
    [Progress] Steps: 600000 | Elapsed: 841.4s | Recent 20-Ep Avg Reward: 43.3
    [Progress] Steps: 610000 | Elapsed: 854.1s | Recent 20-Ep Avg Reward: 45.1
    [Progress] Steps: 620000 | Elapsed: 866.5s | Recent 20-Ep Avg Reward: 44.3
    [Progress] Steps: 630000 | Elapsed: 879.2s | Recent 20-Ep Avg Reward: 39.5
    [Progress] Steps: 640000 | Elapsed: 897.4s | Recent 20-Ep Avg Reward: 42.6
    [Progress] Steps: 650000 | Elapsed: 910.5s | Recent 20-Ep Avg Reward: 38.9
    [Progress] Steps: 660000 | Elapsed: 923.2s | Recent 20-Ep Avg Reward: 43.5
    [Progress] Steps: 670000 | Elapsed: 936.2s | Recent 20-Ep Avg Reward: 47.4
    [Progress] Steps: 680000 | Elapsed: 954.7s | Recent 20-Ep Avg Reward: 45.6
    [Progress] Steps: 690000 | Elapsed: 967.3s | Recent 20-Ep Avg Reward: 47.1
    [Progress] Steps: 700000 | Elapsed: 980.1s | Recent 20-Ep Avg Reward: 43.1
    [Progress] Steps: 710000 | Elapsed: 993.0s | Recent 20-Ep Avg Reward: 47.3
    [Progress] Steps: 720000 | Elapsed: 1005.9s | Recent 20-Ep Avg Reward: 45.9
    [Progress] Steps: 730000 | Elapsed: 1024.3s | Recent 20-Ep Avg Reward: 44.0
    [Progress] Steps: 740000 | Elapsed: 1037.4s | Recent 20-Ep Avg Reward: 40.0
    [Progress] Steps: 750000 | Elapsed: 1050.3s | Recent 20-Ep Avg Reward: 44.2
    [Progress] Steps: 760000 | Elapsed: 1063.3s | Recent 20-Ep Avg Reward: 48.8
    [Progress] Steps: 770000 | Elapsed: 1076.1s | Recent 20-Ep Avg Reward: 41.8
    [Progress] Steps: 780000 | Elapsed: 1094.5s | Recent 20-Ep Avg Reward: 44.0
    [Progress] Steps: 790000 | Elapsed: 1107.1s | Recent 20-Ep Avg Reward: 47.3
    [Progress] Steps: 800000 | Elapsed: 1119.9s | Recent 20-Ep Avg Reward: 50.4
    [Progress] Steps: 810000 | Elapsed: 1132.8s | Recent 20-Ep Avg Reward: 44.0
    [Progress] Steps: 820000 | Elapsed: 1151.0s | Recent 20-Ep Avg Reward: 47.4
    [Progress] Steps: 830000 | Elapsed: 1164.1s | Recent 20-Ep Avg Reward: 45.3
    [Progress] Steps: 840000 | Elapsed: 1176.9s | Recent 20-Ep Avg Reward: 44.3
    [Progress] Steps: 850000 | Elapsed: 1190.0s | Recent 20-Ep Avg Reward: 44.6
    [Progress] Steps: 860000 | Elapsed: 1203.0s | Recent 20-Ep Avg Reward: 39.6
    [Progress] Steps: 870000 | Elapsed: 1221.7s | Recent 20-Ep Avg Reward: 42.9
    [Progress] Steps: 880000 | Elapsed: 1234.8s | Recent 20-Ep Avg Reward: 39.7
    [Progress] Steps: 890000 | Elapsed: 1247.6s | Recent 20-Ep Avg Reward: 50.3
    [Progress] Steps: 900000 | Elapsed: 1260.5s | Recent 20-Ep Avg Reward: 46.0
    [Progress] Steps: 910000 | Elapsed: 1279.2s | Recent 20-Ep Avg Reward: 38.9
    [Progress] Steps: 920000 | Elapsed: 1292.3s | Recent 20-Ep Avg Reward: 41.0
    [Progress] Steps: 930000 | Elapsed: 1305.1s | Recent 20-Ep Avg Reward: 45.2
    [Progress] Steps: 940000 | Elapsed: 1318.1s | Recent 20-Ep Avg Reward: 46.6
    [Progress] Steps: 950000 | Elapsed: 1331.0s | Recent 20-Ep Avg Reward: 42.9
    [Progress] Steps: 960000 | Elapsed: 1349.4s | Recent 20-Ep Avg Reward: 44.1
    [Progress] Steps: 970000 | Elapsed: 1362.4s | Recent 20-Ep Avg Reward: 41.4
    [Progress] Steps: 980000 | Elapsed: 1375.1s | Recent 20-Ep Avg Reward: 46.6
    [Progress] Steps: 990000 | Elapsed: 1388.0s | Recent 20-Ep Avg Reward: 45.1
    [Progress] Steps: 1000000 | Elapsed: 1406.1s | Recent 20-Ep Avg Reward: 48.8
    [Progress] Steps: 1010000 | Elapsed: 1419.2s | Recent 20-Ep Avg Reward: 47.5
    [Progress] Steps: 1020000 | Elapsed: 1431.5s | Recent 20-Ep Avg Reward: 42.4
    [Progress] Steps: 1030000 | Elapsed: 1444.6s | Recent 20-Ep Avg Reward: 46.3
    [Progress] Steps: 1040000 | Elapsed: 1457.6s | Recent 20-Ep Avg Reward: 41.5
    [Progress] Steps: 1050000 | Elapsed: 1476.1s | Recent 20-Ep Avg Reward: 44.5
    [Progress] Steps: 1060000 | Elapsed: 1489.2s | Recent 20-Ep Avg Reward: 48.0
    [Progress] Steps: 1070000 | Elapsed: 1502.0s | Recent 20-Ep Avg Reward: 44.2
    [Progress] Steps: 1080000 | Elapsed: 1514.9s | Recent 20-Ep Avg Reward: 47.1
    [Progress] Steps: 1090000 | Elapsed: 1533.3s | Recent 20-Ep Avg Reward: 46.0
    [Progress] Steps: 1100000 | Elapsed: 1546.3s | Recent 20-Ep Avg Reward: 37.5
    [Progress] Steps: 1110000 | Elapsed: 1559.0s | Recent 20-Ep Avg Reward: 49.8
    [Progress] Steps: 1120000 | Elapsed: 1571.9s | Recent 20-Ep Avg Reward: 47.9
    [Progress] Steps: 1130000 | Elapsed: 1584.5s | Recent 20-Ep Avg Reward: 48.5
    [Progress] Steps: 1140000 | Elapsed: 1603.1s | Recent 20-Ep Avg Reward: 49.9
    [Progress] Steps: 1150000 | Elapsed: 1616.0s | Recent 20-Ep Avg Reward: 44.8
    [Progress] Steps: 1160000 | Elapsed: 1628.9s | Recent 20-Ep Avg Reward: 45.1
    [Progress] Steps: 1170000 | Elapsed: 1641.8s | Recent 20-Ep Avg Reward: 44.2
    [Progress] Steps: 1180000 | Elapsed: 1660.1s | Recent 20-Ep Avg Reward: 46.6
    [Progress] Steps: 1190000 | Elapsed: 1673.1s | Recent 20-Ep Avg Reward: 44.3
    [Progress] Steps: 1200000 | Elapsed: 1685.7s | Recent 20-Ep Avg Reward: 44.9
    [Progress] Steps: 1210000 | Elapsed: 1698.6s | Recent 20-Ep Avg Reward: 43.6
    [Progress] Steps: 1220000 | Elapsed: 1711.4s | Recent 20-Ep Avg Reward: 44.1
    [Progress] Steps: 1230000 | Elapsed: 1729.4s | Recent 20-Ep Avg Reward: 36.8
    [Progress] Steps: 1240000 | Elapsed: 1742.4s | Recent 20-Ep Avg Reward: 47.7
    [Progress] Steps: 1250000 | Elapsed: 1755.4s | Recent 20-Ep Avg Reward: 44.4
    [Progress] Steps: 1260000 | Elapsed: 1768.1s | Recent 20-Ep Avg Reward: 46.2
    [Progress] Steps: 1270000 | Elapsed: 1786.5s | Recent 20-Ep Avg Reward: 41.1
    [Progress] Steps: 1280000 | Elapsed: 1799.5s | Recent 20-Ep Avg Reward: 41.9
    [Progress] Steps: 1290000 | Elapsed: 1812.2s | Recent 20-Ep Avg Reward: 45.7
    [Progress] Steps: 1300000 | Elapsed: 1825.1s | Recent 20-Ep Avg Reward: 41.9
    [Progress] Steps: 1310000 | Elapsed: 1837.7s | Recent 20-Ep Avg Reward: 45.0
    [Progress] Steps: 1320000 | Elapsed: 1855.8s | Recent 20-Ep Avg Reward: 42.0
    [Progress] Steps: 1330000 | Elapsed: 1868.8s | Recent 20-Ep Avg Reward: 38.0
    [Progress] Steps: 1340000 | Elapsed: 1881.6s | Recent 20-Ep Avg Reward: 41.9
    [Progress] Steps: 1350000 | Elapsed: 1894.3s | Recent 20-Ep Avg Reward: 48.1
    [Progress] Steps: 1360000 | Elapsed: 1912.6s | Recent 20-Ep Avg Reward: 46.5
    [Progress] Steps: 1370000 | Elapsed: 1925.4s | Recent 20-Ep Avg Reward: 49.2
    [Progress] Steps: 1380000 | Elapsed: 1938.0s | Recent 20-Ep Avg Reward: 47.5
    [Progress] Steps: 1390000 | Elapsed: 1951.1s | Recent 20-Ep Avg Reward: 47.5
    [Progress] Steps: 1400000 | Elapsed: 1963.9s | Recent 20-Ep Avg Reward: 44.9
    [Progress] Steps: 1410000 | Elapsed: 1982.0s | Recent 20-Ep Avg Reward: 39.7
    [Progress] Steps: 1420000 | Elapsed: 1994.6s | Recent 20-Ep Avg Reward: 46.0
    [Progress] Steps: 1430000 | Elapsed: 2007.0s | Recent 20-Ep Avg Reward: 44.8
    [Progress] Steps: 1440000 | Elapsed: 2019.9s | Recent 20-Ep Avg Reward: 43.7
    [Progress] Steps: 1450000 | Elapsed: 2038.2s | Recent 20-Ep Avg Reward: 44.6
    [Progress] Steps: 1460000 | Elapsed: 2051.4s | Recent 20-Ep Avg Reward: 46.2
    [Progress] Steps: 1470000 | Elapsed: 2064.0s | Recent 20-Ep Avg Reward: 44.8
    [Progress] Steps: 1480000 | Elapsed: 2077.0s | Recent 20-Ep Avg Reward: 41.8
    [Progress] Steps: 1490000 | Elapsed: 2089.8s | Recent 20-Ep Avg Reward: 44.7
    [Progress] Steps: 1500000 | Elapsed: 2107.9s | Recent 20-Ep Avg Reward: 43.1
    [Progress] Steps: 1510000 | Elapsed: 2120.6s | Recent 20-Ep Avg Reward: 51.0
    [Progress] Steps: 1520000 | Elapsed: 2133.1s | Recent 20-Ep Avg Reward: 40.9
    [Progress] Steps: 1530000 | Elapsed: 2146.2s | Recent 20-Ep Avg Reward: 45.1
    [Progress] Steps: 1540000 | Elapsed: 2159.2s | Recent 20-Ep Avg Reward: 52.4
    [Progress] Steps: 1550000 | Elapsed: 2177.9s | Recent 20-Ep Avg Reward: 46.0
    [Progress] Steps: 1560000 | Elapsed: 2190.6s | Recent 20-Ep Avg Reward: 43.5
    [Progress] Steps: 1570000 | Elapsed: 2203.7s | Recent 20-Ep Avg Reward: 46.9
    [Progress] Steps: 1580000 | Elapsed: 2216.8s | Recent 20-Ep Avg Reward: 46.0
    [Progress] Steps: 1590000 | Elapsed: 2235.2s | Recent 20-Ep Avg Reward: 48.9
    [Progress] Steps: 1600000 | Elapsed: 2248.0s | Recent 20-Ep Avg Reward: 49.5
    [Progress] Steps: 1610000 | Elapsed: 2260.3s | Recent 20-Ep Avg Reward: 45.6
    [Progress] Steps: 1620000 | Elapsed: 2273.2s | Recent 20-Ep Avg Reward: 44.6
    [Progress] Steps: 1630000 | Elapsed: 2286.1s | Recent 20-Ep Avg Reward: 41.8
    [Progress] Steps: 1640000 | Elapsed: 2304.5s | Recent 20-Ep Avg Reward: 39.5
    [Progress] Steps: 1650000 | Elapsed: 2317.1s | Recent 20-Ep Avg Reward: 43.9
    [Progress] Steps: 1660000 | Elapsed: 2329.9s | Recent 20-Ep Avg Reward: 42.1
    [Progress] Steps: 1670000 | Elapsed: 2342.8s | Recent 20-Ep Avg Reward: 43.5
    [Progress] Steps: 1680000 | Elapsed: 2361.4s | Recent 20-Ep Avg Reward: 43.4
    [Progress] Steps: 1690000 | Elapsed: 2374.6s | Recent 20-Ep Avg Reward: 49.9
    [Progress] Steps: 1700000 | Elapsed: 2387.5s | Recent 20-Ep Avg Reward: 42.6
    [Progress] Steps: 1710000 | Elapsed: 2400.3s | Recent 20-Ep Avg Reward: 42.8
    [Progress] Steps: 1720000 | Elapsed: 2412.9s | Recent 20-Ep Avg Reward: 47.5
    [Progress] Steps: 1730000 | Elapsed: 2431.1s | Recent 20-Ep Avg Reward: 47.2
    [Progress] Steps: 1740000 | Elapsed: 2443.6s | Recent 20-Ep Avg Reward: 46.4
    [Progress] Steps: 1750000 | Elapsed: 2456.6s | Recent 20-Ep Avg Reward: 51.7
    [Progress] Steps: 1760000 | Elapsed: 2469.5s | Recent 20-Ep Avg Reward: 45.0
    [Progress] Steps: 1770000 | Elapsed: 2488.2s | Recent 20-Ep Avg Reward: 39.2
    [Progress] Steps: 1780000 | Elapsed: 2501.2s | Recent 20-Ep Avg Reward: 42.8
    [Progress] Steps: 1790000 | Elapsed: 2514.0s | Recent 20-Ep Avg Reward: 46.3
    [Progress] Steps: 1800000 | Elapsed: 2526.7s | Recent 20-Ep Avg Reward: 40.5
    [Progress] Steps: 1810000 | Elapsed: 2539.6s | Recent 20-Ep Avg Reward: 46.6
    [Progress] Steps: 1820000 | Elapsed: 2558.3s | Recent 20-Ep Avg Reward: 47.1
    [Progress] Steps: 1830000 | Elapsed: 2571.0s | Recent 20-Ep Avg Reward: 44.6
    [Progress] Steps: 1840000 | Elapsed: 2583.9s | Recent 20-Ep Avg Reward: 43.9
    [Progress] Steps: 1850000 | Elapsed: 2597.0s | Recent 20-Ep Avg Reward: 43.1
    [Progress] Steps: 1860000 | Elapsed: 2615.4s | Recent 20-Ep Avg Reward: 42.2
    [Progress] Steps: 1870000 | Elapsed: 2628.7s | Recent 20-Ep Avg Reward: 43.6
    [Progress] Steps: 1880000 | Elapsed: 2641.4s | Recent 20-Ep Avg Reward: 45.8
    [Progress] Steps: 1890000 | Elapsed: 2654.3s | Recent 20-Ep Avg Reward: 43.4
    [Progress] Steps: 1900000 | Elapsed: 2667.3s | Recent 20-Ep Avg Reward: 41.7
    [Progress] Steps: 1910000 | Elapsed: 2686.0s | Recent 20-Ep Avg Reward: 46.2
    [Progress] Steps: 1920000 | Elapsed: 2698.5s | Recent 20-Ep Avg Reward: 47.0
    [Progress] Steps: 1930000 | Elapsed: 2711.5s | Recent 20-Ep Avg Reward: 49.4
    [Progress] Steps: 1940000 | Elapsed: 2724.6s | Recent 20-Ep Avg Reward: 46.0
    [Progress] Steps: 1950000 | Elapsed: 2742.8s | Recent 20-Ep Avg Reward: 42.0
    [Progress] Steps: 1960000 | Elapsed: 2755.7s | Recent 20-Ep Avg Reward: 38.6
    [Progress] Steps: 1970000 | Elapsed: 2768.5s | Recent 20-Ep Avg Reward: 45.2
    [Progress] Steps: 1980000 | Elapsed: 2781.4s | Recent 20-Ep Avg Reward: 50.2
    [Progress] Steps: 1990000 | Elapsed: 2794.4s | Recent 20-Ep Avg Reward: 39.9
    [Progress] Steps: 2000000 | Elapsed: 2813.1s | Recent 20-Ep Avg Reward: 40.4
    [Progress] Steps: 2010000 | Elapsed: 2825.8s | Recent 20-Ep Avg Reward: 46.4
    [Progress] Steps: 2020000 | Elapsed: 2838.6s | Recent 20-Ep Avg Reward: 48.0
    [Progress] Steps: 2030000 | Elapsed: 2851.7s | Recent 20-Ep Avg Reward: 43.3
    [Progress] Steps: 2040000 | Elapsed: 2869.9s | Recent 20-Ep Avg Reward: 44.8
    [Progress] Steps: 2050000 | Elapsed: 2883.0s | Recent 20-Ep Avg Reward: 44.2
    [Progress] Steps: 2060000 | Elapsed: 2895.5s | Recent 20-Ep Avg Reward: 47.6
    [Progress] Steps: 2070000 | Elapsed: 2908.4s | Recent 20-Ep Avg Reward: 42.0
    [Progress] Steps: 2080000 | Elapsed: 2921.4s | Recent 20-Ep Avg Reward: 46.2
    [Progress] Steps: 2090000 | Elapsed: 2940.1s | Recent 20-Ep Avg Reward: 45.0
    [Progress] Steps: 2100000 | Elapsed: 2952.7s | Recent 20-Ep Avg Reward: 43.9
    [Progress] Steps: 2110000 | Elapsed: 2965.7s | Recent 20-Ep Avg Reward: 50.4
    [Progress] Steps: 2120000 | Elapsed: 2978.4s | Recent 20-Ep Avg Reward: 50.5
    [Progress] Steps: 2130000 | Elapsed: 2996.6s | Recent 20-Ep Avg Reward: 44.0
    [Progress] Steps: 2140000 | Elapsed: 3009.7s | Recent 20-Ep Avg Reward: 42.3
    [Progress] Steps: 2150000 | Elapsed: 3022.5s | Recent 20-Ep Avg Reward: 40.5
    [Progress] Steps: 2160000 | Elapsed: 3035.3s | Recent 20-Ep Avg Reward: 51.1
    [Progress] Steps: 2170000 | Elapsed: 3048.2s | Recent 20-Ep Avg Reward: 47.8
    [Progress] Steps: 2180000 | Elapsed: 3067.1s | Recent 20-Ep Avg Reward: 40.9
    [Progress] Steps: 2190000 | Elapsed: 3079.8s | Recent 20-Ep Avg Reward: 41.9
    [Progress] Steps: 2200000 | Elapsed: 3092.8s | Recent 20-Ep Avg Reward: 45.0
    [Progress] Steps: 2210000 | Elapsed: 3105.6s | Recent 20-Ep Avg Reward: 42.4
    [Progress] Steps: 2220000 | Elapsed: 3118.4s | Recent 20-Ep Avg Reward: 45.5
    [Progress] Steps: 2230000 | Elapsed: 3136.8s | Recent 20-Ep Avg Reward: 51.9
    [Progress] Steps: 2240000 | Elapsed: 3149.4s | Recent 20-Ep Avg Reward: 44.5
    [Progress] Steps: 2250000 | Elapsed: 3162.1s | Recent 20-Ep Avg Reward: 45.2
    [Progress] Steps: 2260000 | Elapsed: 3174.9s | Recent 20-Ep Avg Reward: 47.2
    [Progress] Steps: 2270000 | Elapsed: 3193.5s | Recent 20-Ep Avg Reward: 41.5
    [Progress] Steps: 2280000 | Elapsed: 3205.9s | Recent 20-Ep Avg Reward: 47.4
    [Progress] Steps: 2290000 | Elapsed: 3218.7s | Recent 20-Ep Avg Reward: 42.4
    [Progress] Steps: 2300000 | Elapsed: 3231.5s | Recent 20-Ep Avg Reward: 44.0
    [Progress] Steps: 2310000 | Elapsed: 3244.3s | Recent 20-Ep Avg Reward: 44.5
    [Progress] Steps: 2320000 | Elapsed: 3262.8s | Recent 20-Ep Avg Reward: 48.5
    [Progress] Steps: 2330000 | Elapsed: 3275.5s | Recent 20-Ep Avg Reward: 42.6
    [Progress] Steps: 2340000 | Elapsed: 3288.2s | Recent 20-Ep Avg Reward: 49.0
    [Progress] Steps: 2350000 | Elapsed: 3301.0s | Recent 20-Ep Avg Reward: 41.4
    [Progress] Steps: 2360000 | Elapsed: 3319.4s | Recent 20-Ep Avg Reward: 45.0
    [Progress] Steps: 2370000 | Elapsed: 3332.2s | Recent 20-Ep Avg Reward: 44.6
    [Progress] Steps: 2380000 | Elapsed: 3345.3s | Recent 20-Ep Avg Reward: 42.5
    [Progress] Steps: 2390000 | Elapsed: 3358.2s | Recent 20-Ep Avg Reward: 42.6
    [Progress] Steps: 2400000 | Elapsed: 3371.2s | Recent 20-Ep Avg Reward: 47.0
    [Progress] Steps: 2410000 | Elapsed: 3389.7s | Recent 20-Ep Avg Reward: 46.8
    [Progress] Steps: 2420000 | Elapsed: 3402.3s | Recent 20-Ep Avg Reward: 39.8
    [Progress] Steps: 2430000 | Elapsed: 3415.0s | Recent 20-Ep Avg Reward: 48.7
    [Progress] Steps: 2440000 | Elapsed: 3427.9s | Recent 20-Ep Avg Reward: 39.3
    [Progress] Steps: 2450000 | Elapsed: 3446.7s | Recent 20-Ep Avg Reward: 40.4
    [Progress] Steps: 2460000 | Elapsed: 3459.4s | Recent 20-Ep Avg Reward: 45.0
    [Progress] Steps: 2470000 | Elapsed: 3472.4s | Recent 20-Ep Avg Reward: 43.2
    [Progress] Steps: 2480000 | Elapsed: 3485.4s | Recent 20-Ep Avg Reward: 47.6
    [Progress] Steps: 2490000 | Elapsed: 3498.3s | Recent 20-Ep Avg Reward: 50.4
    [Progress] Steps: 2500000 | Elapsed: 3516.5s | Recent 20-Ep Avg Reward: 42.4
    [Progress] Steps: 2510000 | Elapsed: 3529.4s | Recent 20-Ep Avg Reward: 43.1
    [Progress] Steps: 2520000 | Elapsed: 3542.0s | Recent 20-Ep Avg Reward: 48.2
    [Progress] Steps: 2530000 | Elapsed: 3555.0s | Recent 20-Ep Avg Reward: 42.1
    [Progress] Steps: 2540000 | Elapsed: 3573.5s | Recent 20-Ep Avg Reward: 41.5
    [Progress] Steps: 2550000 | Elapsed: 3586.5s | Recent 20-Ep Avg Reward: 44.0
    [Progress] Steps: 2560000 | Elapsed: 3599.5s | Recent 20-Ep Avg Reward: 42.9
    [Progress] Steps: 2570000 | Elapsed: 3612.4s | Recent 20-Ep Avg Reward: 46.2
    [Progress] Steps: 2580000 | Elapsed: 3625.5s | Recent 20-Ep Avg Reward: 46.2
    [Progress] Steps: 2590000 | Elapsed: 3644.1s | Recent 20-Ep Avg Reward: 45.7
    [Progress] Steps: 2600000 | Elapsed: 3657.0s | Recent 20-Ep Avg Reward: 46.4
    [Progress] Steps: 2610000 | Elapsed: 3669.9s | Recent 20-Ep Avg Reward: 45.8
    [Progress] Steps: 2620000 | Elapsed: 3682.6s | Recent 20-Ep Avg Reward: 47.0
    [Progress] Steps: 2630000 | Elapsed: 3700.9s | Recent 20-Ep Avg Reward: 44.4
    [Progress] Steps: 2640000 | Elapsed: 3714.0s | Recent 20-Ep Avg Reward: 49.5
    [Progress] Steps: 2650000 | Elapsed: 3727.0s | Recent 20-Ep Avg Reward: 46.2
    [Progress] Steps: 2660000 | Elapsed: 3739.8s | Recent 20-Ep Avg Reward: 42.7
    [Progress] Steps: 2670000 | Elapsed: 3752.6s | Recent 20-Ep Avg Reward: 48.0
    [Progress] Steps: 2680000 | Elapsed: 3771.0s | Recent 20-Ep Avg Reward: 43.5
    [Progress] Steps: 2690000 | Elapsed: 3784.0s | Recent 20-Ep Avg Reward: 41.1
    [Progress] Steps: 2700000 | Elapsed: 3796.6s | Recent 20-Ep Avg Reward: 45.8
    [Progress] Steps: 2710000 | Elapsed: 3809.6s | Recent 20-Ep Avg Reward: 44.8
    [Progress] Steps: 2720000 | Elapsed: 3827.8s | Recent 20-Ep Avg Reward: 50.3
    [Progress] Steps: 2730000 | Elapsed: 3840.7s | Recent 20-Ep Avg Reward: 44.5
    [Progress] Steps: 2740000 | Elapsed: 3853.5s | Recent 20-Ep Avg Reward: 45.6
    [Progress] Steps: 2750000 | Elapsed: 3866.4s | Recent 20-Ep Avg Reward: 43.6
    [Progress] Steps: 2760000 | Elapsed: 3879.6s | Recent 20-Ep Avg Reward: 48.0
    [Progress] Steps: 2770000 | Elapsed: 3898.0s | Recent 20-Ep Avg Reward: 44.4
    [Progress] Steps: 2780000 | Elapsed: 3911.0s | Recent 20-Ep Avg Reward: 46.4
    [Progress] Steps: 2790000 | Elapsed: 3924.0s | Recent 20-Ep Avg Reward: 39.5
    [Progress] Steps: 2800000 | Elapsed: 3936.9s | Recent 20-Ep Avg Reward: 50.0
    [Progress] Steps: 2810000 | Elapsed: 3955.3s | Recent 20-Ep Avg Reward: 46.9
    [Progress] Steps: 2820000 | Elapsed: 3968.2s | Recent 20-Ep Avg Reward: 46.2
    [Progress] Steps: 2830000 | Elapsed: 3980.9s | Recent 20-Ep Avg Reward: 42.7
    [Progress] Steps: 2840000 | Elapsed: 3993.4s | Recent 20-Ep Avg Reward: 40.6
    [Progress] Steps: 2850000 | Elapsed: 4006.4s | Recent 20-Ep Avg Reward: 47.5
    [Progress] Steps: 2860000 | Elapsed: 4025.0s | Recent 20-Ep Avg Reward: 44.2
    [Progress] Steps: 2870000 | Elapsed: 4037.9s | Recent 20-Ep Avg Reward: 43.3
    [Progress] Steps: 2880000 | Elapsed: 4050.9s | Recent 20-Ep Avg Reward: 43.6
    [Progress] Steps: 2890000 | Elapsed: 4063.9s | Recent 20-Ep Avg Reward: 45.5
    [Progress] Steps: 2900000 | Elapsed: 4082.3s | Recent 20-Ep Avg Reward: 50.5
    [Progress] Steps: 2910000 | Elapsed: 4095.2s | Recent 20-Ep Avg Reward: 41.4
    [Progress] Steps: 2920000 | Elapsed: 4108.0s | Recent 20-Ep Avg Reward: 48.1
    [Progress] Steps: 2930000 | Elapsed: 4120.6s | Recent 20-Ep Avg Reward: 44.6
    [Progress] Steps: 2940000 | Elapsed: 4134.0s | Recent 20-Ep Avg Reward: 41.0
    [Progress] Steps: 2950000 | Elapsed: 4152.2s | Recent 20-Ep Avg Reward: 42.8
    [Progress] Steps: 2960000 | Elapsed: 4165.1s | Recent 20-Ep Avg Reward: 46.3
    [Progress] Steps: 2970000 | Elapsed: 4178.3s | Recent 20-Ep Avg Reward: 42.4
    [Progress] Steps: 2980000 | Elapsed: 4191.2s | Recent 20-Ep Avg Reward: 44.7
    [Progress] Steps: 2990000 | Elapsed: 4204.4s | Recent 20-Ep Avg Reward: 44.0
    [Progress] Steps: 3000000 | Elapsed: 4222.5s | Recent 20-Ep Avg Reward: 40.2
    [Progress] Steps: 3010000 | Elapsed: 4235.4s | Recent 20-Ep Avg Reward: 41.4
    [Progress] Steps: 3020000 | Elapsed: 4248.1s | Recent 20-Ep Avg Reward: 40.9
    [Progress] Steps: 3030000 | Elapsed: 4261.1s | Recent 20-Ep Avg Reward: 48.7
    [Progress] Steps: 3040000 | Elapsed: 4279.7s | Recent 20-Ep Avg Reward: 48.1
    [Progress] Steps: 3050000 | Elapsed: 4292.6s | Recent 20-Ep Avg Reward: 49.0
    [Progress] Steps: 3060000 | Elapsed: 4305.6s | Recent 20-Ep Avg Reward: 42.8
    [Progress] Steps: 3070000 | Elapsed: 4318.6s | Recent 20-Ep Avg Reward: 48.4
    [Progress] Steps: 3080000 | Elapsed: 4331.6s | Recent 20-Ep Avg Reward: 37.8
    [Progress] Steps: 3090000 | Elapsed: 4350.1s | Recent 20-Ep Avg Reward: 42.1
    [Progress] Steps: 3100000 | Elapsed: 4362.8s | Recent 20-Ep Avg Reward: 43.4
    [Progress] Steps: 3110000 | Elapsed: 4375.2s | Recent 20-Ep Avg Reward: 37.2
    [Progress] Steps: 3120000 | Elapsed: 4388.2s | Recent 20-Ep Avg Reward: 41.9
    [Progress] Steps: 3130000 | Elapsed: 4406.6s | Recent 20-Ep Avg Reward: 39.4
    [Progress] Steps: 3140000 | Elapsed: 4419.6s | Recent 20-Ep Avg Reward: 38.0
    [Progress] Steps: 3150000 | Elapsed: 4432.5s | Recent 20-Ep Avg Reward: 44.6
    [Progress] Steps: 3160000 | Elapsed: 4445.3s | Recent 20-Ep Avg Reward: 45.8
    [Progress] Steps: 3170000 | Elapsed: 4458.1s | Recent 20-Ep Avg Reward: 47.3
    [Progress] Steps: 3180000 | Elapsed: 4476.9s | Recent 20-Ep Avg Reward: 41.2
    [Progress] Steps: 3190000 | Elapsed: 4490.0s | Recent 20-Ep Avg Reward: 42.5
    [Progress] Steps: 3200000 | Elapsed: 4502.5s | Recent 20-Ep Avg Reward: 42.4
    [Progress] Steps: 3210000 | Elapsed: 4515.4s | Recent 20-Ep Avg Reward: 43.2
    [Progress] Steps: 3220000 | Elapsed: 4533.6s | Recent 20-Ep Avg Reward: 42.3
    [Progress] Steps: 3230000 | Elapsed: 4546.3s | Recent 20-Ep Avg Reward: 40.9
    [Progress] Steps: 3240000 | Elapsed: 4558.8s | Recent 20-Ep Avg Reward: 49.3
    [Progress] Steps: 3250000 | Elapsed: 4571.9s | Recent 20-Ep Avg Reward: 44.7
    [Progress] Steps: 3260000 | Elapsed: 4584.6s | Recent 20-Ep Avg Reward: 44.6
    [Progress] Steps: 3270000 | Elapsed: 4603.3s | Recent 20-Ep Avg Reward: 39.9
    [Progress] Steps: 3280000 | Elapsed: 4616.4s | Recent 20-Ep Avg Reward: 37.9
    [Progress] Steps: 3290000 | Elapsed: 4629.4s | Recent 20-Ep Avg Reward: 41.8
    [Progress] Steps: 3300000 | Elapsed: 4642.5s | Recent 20-Ep Avg Reward: 46.1
    [Progress] Steps: 3310000 | Elapsed: 4660.9s | Recent 20-Ep Avg Reward: 45.5
    [Progress] Steps: 3320000 | Elapsed: 4673.9s | Recent 20-Ep Avg Reward: 46.5
    [Progress] Steps: 3330000 | Elapsed: 4686.7s | Recent 20-Ep Avg Reward: 43.0
    [Progress] Steps: 3340000 | Elapsed: 4699.8s | Recent 20-Ep Avg Reward: 44.9
    [Progress] Steps: 3350000 | Elapsed: 4712.8s | Recent 20-Ep Avg Reward: 48.4
    [Progress] Steps: 3360000 | Elapsed: 4731.4s | Recent 20-Ep Avg Reward: 41.9
    [Progress] Steps: 3370000 | Elapsed: 4744.4s | Recent 20-Ep Avg Reward: 49.8
    [Progress] Steps: 3380000 | Elapsed: 4757.3s | Recent 20-Ep Avg Reward: 48.6
    [Progress] Steps: 3390000 | Elapsed: 4770.4s | Recent 20-Ep Avg Reward: 47.6
    [Progress] Steps: 3400000 | Elapsed: 4788.2s | Recent 20-Ep Avg Reward: 40.1
    [Progress] Steps: 3410000 | Elapsed: 4801.2s | Recent 20-Ep Avg Reward: 40.5
    [Progress] Steps: 3420000 | Elapsed: 4813.7s | Recent 20-Ep Avg Reward: 47.7
    [Progress] Steps: 3430000 | Elapsed: 4826.6s | Recent 20-Ep Avg Reward: 41.1
    [Progress] Steps: 3440000 | Elapsed: 4839.3s | Recent 20-Ep Avg Reward: 44.8
    [Progress] Steps: 3450000 | Elapsed: 4857.6s | Recent 20-Ep Avg Reward: 45.1
    [Progress] Steps: 3460000 | Elapsed: 4870.6s | Recent 20-Ep Avg Reward: 38.6
    [Progress] Steps: 3470000 | Elapsed: 4883.5s | Recent 20-Ep Avg Reward: 52.1
    [Progress] Steps: 3480000 | Elapsed: 4896.4s | Recent 20-Ep Avg Reward: 42.5
    [Progress] Steps: 3490000 | Elapsed: 4914.9s | Recent 20-Ep Avg Reward: 47.6
    [Progress] Steps: 3500000 | Elapsed: 4927.9s | Recent 20-Ep Avg Reward: 44.0
    [Progress] Steps: 3510000 | Elapsed: 4940.4s | Recent 20-Ep Avg Reward: 42.0
    [Progress] Steps: 3520000 | Elapsed: 4953.3s | Recent 20-Ep Avg Reward: 50.8
    [Progress] Steps: 3530000 | Elapsed: 4966.4s | Recent 20-Ep Avg Reward: 49.2
    [Progress] Steps: 3540000 | Elapsed: 4985.0s | Recent 20-Ep Avg Reward: 45.4
    [Progress] Steps: 3550000 | Elapsed: 4998.1s | Recent 20-Ep Avg Reward: 47.1
    [Progress] Steps: 3560000 | Elapsed: 5011.1s | Recent 20-Ep Avg Reward: 47.5
    [Progress] Steps: 3570000 | Elapsed: 5024.1s | Recent 20-Ep Avg Reward: 47.9
    [Progress] Steps: 3580000 | Elapsed: 5042.7s | Recent 20-Ep Avg Reward: 42.1
    [Progress] Steps: 3590000 | Elapsed: 5056.0s | Recent 20-Ep Avg Reward: 46.2
    [Progress] Steps: 3600000 | Elapsed: 5068.8s | Recent 20-Ep Avg Reward: 42.7
    [Progress] Steps: 3610000 | Elapsed: 5081.8s | Recent 20-Ep Avg Reward: 50.4
    [Progress] Steps: 3620000 | Elapsed: 5094.6s | Recent 20-Ep Avg Reward: 42.8
    [Progress] Steps: 3630000 | Elapsed: 5112.7s | Recent 20-Ep Avg Reward: 49.5
    [Progress] Steps: 3640000 | Elapsed: 5125.4s | Recent 20-Ep Avg Reward: 50.3
    [Progress] Steps: 3650000 | Elapsed: 5138.2s | Recent 20-Ep Avg Reward: 47.0
    [Progress] Steps: 3660000 | Elapsed: 5151.2s | Recent 20-Ep Avg Reward: 54.0
    [Progress] Steps: 3670000 | Elapsed: 5164.3s | Recent 20-Ep Avg Reward: 45.8
    [Progress] Steps: 3680000 | Elapsed: 5183.0s | Recent 20-Ep Avg Reward: 43.9
    [Progress] Steps: 3690000 | Elapsed: 5195.7s | Recent 20-Ep Avg Reward: 47.8
    [Progress] Steps: 3700000 | Elapsed: 5208.8s | Recent 20-Ep Avg Reward: 43.2
    [Progress] Steps: 3710000 | Elapsed: 5221.7s | Recent 20-Ep Avg Reward: 49.4
    [Progress] Steps: 3720000 | Elapsed: 5240.1s | Recent 20-Ep Avg Reward: 50.8
    [Progress] Steps: 3730000 | Elapsed: 5252.8s | Recent 20-Ep Avg Reward: 45.5
    [Progress] Steps: 3740000 | Elapsed: 5265.4s | Recent 20-Ep Avg Reward: 42.3
    [Progress] Steps: 3750000 | Elapsed: 5278.3s | Recent 20-Ep Avg Reward: 46.8
    [Progress] Steps: 3760000 | Elapsed: 5291.3s | Recent 20-Ep Avg Reward: 43.0
    [Progress] Steps: 3770000 | Elapsed: 5310.1s | Recent 20-Ep Avg Reward: 41.9
    [Progress] Steps: 3780000 | Elapsed: 5323.0s | Recent 20-Ep Avg Reward: 45.6
    [Progress] Steps: 3790000 | Elapsed: 5336.1s | Recent 20-Ep Avg Reward: 54.1
    [Progress] Steps: 3800000 | Elapsed: 5349.2s | Recent 20-Ep Avg Reward: 48.0
    [Progress] Steps: 3810000 | Elapsed: 5367.6s | Recent 20-Ep Avg Reward: 41.6
    [Progress] Steps: 3820000 | Elapsed: 5380.3s | Recent 20-Ep Avg Reward: 48.0
    [Progress] Steps: 3830000 | Elapsed: 5393.3s | Recent 20-Ep Avg Reward: 44.0
    [Progress] Steps: 3840000 | Elapsed: 5406.3s | Recent 20-Ep Avg Reward: 40.8
    [Progress] Steps: 3850000 | Elapsed: 5419.3s | Recent 20-Ep Avg Reward: 43.2
    [Progress] Steps: 3860000 | Elapsed: 5438.1s | Recent 20-Ep Avg Reward: 39.9
    [Progress] Steps: 3870000 | Elapsed: 5451.0s | Recent 20-Ep Avg Reward: 48.1
    [Progress] Steps: 3880000 | Elapsed: 5463.9s | Recent 20-Ep Avg Reward: 45.9
    [Progress] Steps: 3890000 | Elapsed: 5476.8s | Recent 20-Ep Avg Reward: 42.4
    [Progress] Steps: 3900000 | Elapsed: 5495.5s | Recent 20-Ep Avg Reward: 42.8
    [Progress] Steps: 3910000 | Elapsed: 5508.3s | Recent 20-Ep Avg Reward: 46.0
    [Progress] Steps: 3920000 | Elapsed: 5521.2s | Recent 20-Ep Avg Reward: 47.9
    [Progress] Steps: 3930000 | Elapsed: 5533.9s | Recent 20-Ep Avg Reward: 43.0
    [Progress] Steps: 3940000 | Elapsed: 5546.9s | Recent 20-Ep Avg Reward: 43.8
    [Progress] Steps: 3950000 | Elapsed: 5565.5s | Recent 20-Ep Avg Reward: 50.9
    [Progress] Steps: 3960000 | Elapsed: 5578.1s | Recent 20-Ep Avg Reward: 47.2
    [Progress] Steps: 3970000 | Elapsed: 5590.8s | Recent 20-Ep Avg Reward: 47.8
    [Progress] Steps: 3980000 | Elapsed: 5603.7s | Recent 20-Ep Avg Reward: 44.0
    [Progress] Steps: 3990000 | Elapsed: 5622.5s | Recent 20-Ep Avg Reward: 51.4
    [Progress] Steps: 4000000 | Elapsed: 5635.4s | Recent 20-Ep Avg Reward: 43.9
    [Progress] Steps: 4010000 | Elapsed: 5648.3s | Recent 20-Ep Avg Reward: 47.6
    [Progress] Steps: 4020000 | Elapsed: 5661.3s | Recent 20-Ep Avg Reward: 44.1
    [Progress] Steps: 4030000 | Elapsed: 5674.4s | Recent 20-Ep Avg Reward: 45.1
    [Progress] Steps: 4040000 | Elapsed: 5692.7s | Recent 20-Ep Avg Reward: 42.1
    [Progress] Steps: 4050000 | Elapsed: 5705.4s | Recent 20-Ep Avg Reward: 40.6
    [Progress] Steps: 4060000 | Elapsed: 5718.3s | Recent 20-Ep Avg Reward: 43.4
    [Progress] Steps: 4070000 | Elapsed: 5731.2s | Recent 20-Ep Avg Reward: 45.9
    [Progress] Steps: 4080000 | Elapsed: 5749.5s | Recent 20-Ep Avg Reward: 44.2
    [Progress] Steps: 4090000 | Elapsed: 5762.3s | Recent 20-Ep Avg Reward: 49.9
    [Progress] Steps: 4100000 | Elapsed: 5775.3s | Recent 20-Ep Avg Reward: 47.2
    [Progress] Steps: 4110000 | Elapsed: 5788.3s | Recent 20-Ep Avg Reward: 46.1
    [Progress] Steps: 4120000 | Elapsed: 5801.4s | Recent 20-Ep Avg Reward: 52.4
    [Progress] Steps: 4130000 | Elapsed: 5819.3s | Recent 20-Ep Avg Reward: 46.1
    [Progress] Steps: 4140000 | Elapsed: 5832.0s | Recent 20-Ep Avg Reward: 42.5
    [Progress] Steps: 4150000 | Elapsed: 5844.7s | Recent 20-Ep Avg Reward: 44.4
    [Progress] Steps: 4160000 | Elapsed: 5857.6s | Recent 20-Ep Avg Reward: 46.1
    [Progress] Steps: 4170000 | Elapsed: 5876.3s | Recent 20-Ep Avg Reward: 44.4
    [Progress] Steps: 4180000 | Elapsed: 5889.1s | Recent 20-Ep Avg Reward: 46.0
    [Progress] Steps: 4190000 | Elapsed: 5902.2s | Recent 20-Ep Avg Reward: 43.5
    [Progress] Steps: 4200000 | Elapsed: 5915.1s | Recent 20-Ep Avg Reward: 53.8
    [Progress] Steps: 4210000 | Elapsed: 5927.8s | Recent 20-Ep Avg Reward: 46.8
    [Progress] Steps: 4220000 | Elapsed: 5945.7s | Recent 20-Ep Avg Reward: 48.5
    [Progress] Steps: 4230000 | Elapsed: 5958.8s | Recent 20-Ep Avg Reward: 46.5
    [Progress] Steps: 4240000 | Elapsed: 5971.7s | Recent 20-Ep Avg Reward: 44.6
    [Progress] Steps: 4250000 | Elapsed: 5984.6s | Recent 20-Ep Avg Reward: 42.1
    [Progress] Steps: 4260000 | Elapsed: 6003.3s | Recent 20-Ep Avg Reward: 44.0
    [Progress] Steps: 4270000 | Elapsed: 6016.3s | Recent 20-Ep Avg Reward: 41.9
    [Progress] Steps: 4280000 | Elapsed: 6029.3s | Recent 20-Ep Avg Reward: 45.2
    [Progress] Steps: 4290000 | Elapsed: 6042.3s | Recent 20-Ep Avg Reward: 47.1
    [Progress] Steps: 4300000 | Elapsed: 6055.2s | Recent 20-Ep Avg Reward: 48.9
    [Progress] Steps: 4310000 | Elapsed: 6073.4s | Recent 20-Ep Avg Reward: 45.4
    [Progress] Steps: 4320000 | Elapsed: 6086.4s | Recent 20-Ep Avg Reward: 50.5
    [Progress] Steps: 4330000 | Elapsed: 6099.3s | Recent 20-Ep Avg Reward: 39.5
    [Progress] Steps: 4340000 | Elapsed: 6112.2s | Recent 20-Ep Avg Reward: 45.9
    [Progress] Steps: 4350000 | Elapsed: 6130.5s | Recent 20-Ep Avg Reward: 43.5
    [Progress] Steps: 4360000 | Elapsed: 6143.8s | Recent 20-Ep Avg Reward: 48.5
    [Progress] Steps: 4370000 | Elapsed: 6156.7s | Recent 20-Ep Avg Reward: 40.3
    [Progress] Steps: 4380000 | Elapsed: 6169.6s | Recent 20-Ep Avg Reward: 48.5
    [Progress] Steps: 4390000 | Elapsed: 6182.9s | Recent 20-Ep Avg Reward: 52.8
    [Progress] Steps: 4400000 | Elapsed: 6201.3s | Recent 20-Ep Avg Reward: 35.9
    [Progress] Steps: 4410000 | Elapsed: 6214.3s | Recent 20-Ep Avg Reward: 41.6
    [Progress] Steps: 4420000 | Elapsed: 6227.3s | Recent 20-Ep Avg Reward: 48.5
    [Progress] Steps: 4430000 | Elapsed: 6239.9s | Recent 20-Ep Avg Reward: 42.0
    [Progress] Steps: 4440000 | Elapsed: 6253.1s | Recent 20-Ep Avg Reward: 45.5
    [Progress] Steps: 4450000 | Elapsed: 6271.5s | Recent 20-Ep Avg Reward: 47.7
    [Progress] Steps: 4460000 | Elapsed: 6284.4s | Recent 20-Ep Avg Reward: 41.7
    [Progress] Steps: 4470000 | Elapsed: 6297.3s | Recent 20-Ep Avg Reward: 44.2
    [Progress] Steps: 4480000 | Elapsed: 6310.7s | Recent 20-Ep Avg Reward: 41.5
    [Progress] Steps: 4490000 | Elapsed: 6329.0s | Recent 20-Ep Avg Reward: 45.5
    [Progress] Steps: 4500000 | Elapsed: 6341.9s | Recent 20-Ep Avg Reward: 52.8
[*] Final Result for Seed 105: Stopped at 4505600 steps in 6352.27 seconds
[*] Data strictly saved to: ppo_results_seed_105\ppo_learning_curve.csv
[*] Model successfully saved to: ppo_results_seed_105\final_ppo_model.zip

==================================================
=== FINAL CONVERGENCE SUMMARY ACROSS 5 SEEDS ===
Average Convergence Time: 6378.01 sec (±47.30)
Average Convergence Steps: 4505600 steps (±0)
==================================================