Timestep,Reward
144,9.0
192,12.0
208,13.0
224,14.0
256,16.0
288,18.0
288,18.0
320,20.0
336,21.0
352,22.0
400,25.0
432,18.0
448,28.0
480,12.0
480,30.0
480,30.0
496,18.0
512,20.0
528,33.0
560,15.0
640,13.0
656,41.0
704,16.0
720,15.0
720,31.0
752,17.0
768,15.0
784,31.0
784,27.0
800,29.0
800,19.0
864,29.0
880,14.0
960,11.0
960,11.0
976,45.0
976,14.0
976,13.0
992,27.0
992,17.0
1008,33.0
1024,14.0
1072,35.0
1072,17.0
1088,23.0
1152,32.0
1184,30.0
1232,16.0
1232,17.0
1248,16.0
1248,17.0
1264,16.0
1264,12.0
1280,13.0
1280,18.0
1312,27.0
1344,24.0
1360,17.0
1376,25.0
1424,35.0
1440,26.0
1456,19.0
1488,16.0
1504,15.0
1536,14.0
1568,12.0
1568,24.0
1584,21.0
1616,21.0
1616,23.0
1616,21.0
1616,22.0
1632,25.0
1648,12.0
1664,15.0
1728,12.0
1776,10.0
1792,19.0
1808,15.0
1824,30.0
1824,11.0
1824,20.0
1856,15.0
1872,27.0
1872,13.0
1888,10.0
1904,18.0
1952,24.0
1952,23.0
1952,11.0
1984,11.0
2016,10.0
2032,26.0
2048,43.0
2080,28.0
2096,12.0
2096,14.0
2112,20.0
2128,11.0
2160,13.0
2160,21.0
2224,13.0
2288,25.0
2320,13.0
2320,17.0
2352,17.0
2368,21.0
2368,15.0
2384,18.0
2384,35.0
2448,36.0
2464,32.0
2464,11.0
2528,19.0
2544,24.0
2576,47.0
2592,31.0
2608,15.0
2656,21.0
2656,19.0
2688,19.0
2720,16.0
2720,25.0
2768,49.0
2784,26.0
2784,39.0
2784,25.0
2832,15.0
2832,19.0
2832,24.0
2832,18.0
2880,12.0
2912,16.0
2928,29.0
2944,21.0
2960,11.0
2960,15.0
3008,22.0
3024,12.0
3040,29.0
3056,18.0
3072,15.0
3088,16.0
3184,22.0
3216,11.0
3216,21.0
3248,29.0
3248,21.0
3248,19.0
3264,16.0
3280,20.0
3280,35.0
3344,17.0
3360,17.0
3360,27.0
3376,37.0
3440,10.0
3440,14.0
3456,13.0
3472,26.0
3488,14.0
3552,23.0
3568,34.0
3568,18.0
3600,16.0
3616,16.0
3632,26.0
3664,14.0
3712,22.0
3728,10.0
3760,18.0
3760,13.0
3776,33.0
3776,25.0
3776,21.0
3792,19.0
3888,16.0
3920,60.0
3936,14.0
3952,12.0
3968,19.0
3984,14.0
3984,16.0
3984,33.0
4000,14.0
4000,25.0
4000,24.0
4032,16.0
4032,9.0
4096,53.0
4096,11.0
4144,36.0
4160,11.0
4192,15.0
4208,14.0
4208,13.0
4224,14.0
4288,12.0
4288,22.0
4336,23.0
4336,8.0
4336,35.0
4400,23.0
4416,20.0
4448,10.0
4528,33.0
4528,19.0
4560,17.0
4560,22.0
4592,16.0
4592,50.0
4592,35.0
4656,13.0
4656,15.0
4656,32.0
4688,22.0
4720,46.0
4720,20.0
4752,37.0
4816,18.0
4848,10.0
4880,14.0
4880,20.0
4880,22.0
4928,17.0
4928,17.0
4944,22.0
4976,26.0
5056,21.0
5072,14.0
5072,12.0
5120,23.0
5120,49.0
5120,25.0
5184,23.0
5248,20.0
5264,24.0
5296,20.0
5296,44.0
5312,12.0
5344,17.0
5344,29.0
5360,15.0
5392,20.0
5408,51.0
5504,9.0
5504,13.0
5520,29.0
5536,15.0
5552,27.0
5552,38.0
5552,15.0
5584,11.0
5584,41.0
5584,15.0
5616,17.0
5680,27.0
5728,11.0
5728,9.0
5760,16.0
5760,9.0
5760,98.0
5792,13.0
5824,17.0
5888,24.0
5888,23.0
5904,14.0
5920,12.0
5952,26.0
5968,15.0
5984,14.0
6032,30.0
6048,54.0
6112,18.0
6112,14.0
6128,46.0
6128,15.0
6144,24.0
6192,58.0
6224,20.0
6240,17.0
6272,43.0
6272,22.0
6272,14.0
6288,21.0
6304,34.0
6368,15.0
6368,15.0
6400,26.0
6432,25.0
6432,20.0
6448,13.0
6464,12.0
6480,16.0
6496,19.0
6512,23.0
6512,14.0
6544,15.0
6576,29.0
6608,15.0
6624,14.0
6624,52.0
6640,13.0
6672,10.0
6752,24.0
6768,21.0
6784,21.0
6800,21.0
6816,13.0
6816,15.0
6832,22.0
6848,14.0
6848,22.0
6864,20.0
6880,16.0
6896,16.0
6928,16.0
7024,47.0
7056,16.0
7104,21.0
7104,17.0
7104,16.0
7104,18.0
7136,39.0
7136,16.0
7152,21.0
7200,22.0
7216,29.0
7216,12.0
7280,14.0
7296,23.0
7312,28.0
7328,12.0
7344,13.0
7360,13.0
7392,18.0
7440,14.0
7440,73.0
7456,22.0
7520,20.0
7536,14.0
7552,41.0
7584,16.0
7616,21.0
7664,19.0
7680,36.0
7680,15.0
7696,37.0
7696,57.0
7696,22.0
7776,24.0
7792,17.0
7840,10.0
7856,35.0
7856,17.0
7856,40.0
7872,11.0
7888,22.0
7904,28.0
7936,31.0
7936,15.0
8000,20.0
8048,11.0
8048,13.0
8064,18.0
8080,12.0
8080,14.0
8128,21.0
8160,38.0
8176,30.0
8224,18.0
8272,23.0
8288,39.0
8288,15.0
8288,27.0
8304,14.0
8304,19.0
8352,26.0
8384,14.0
8464,18.0
8496,27.0
8496,17.0
8544,29.0
8560,44.0
8576,17.0
8592,34.0
8592,61.0
8592,19.0
8608,19.0
8624,21.0
8640,11.0
8656,23.0
8656,17.0
8736,24.0
8736,12.0
8784,18.0
8832,11.0
8864,17.0
8864,17.0
8880,24.0
8912,11.0
8928,23.0
8960,11.0
8960,23.0
8976,23.0
9008,23.0
9056,12.0
9072,26.0
9072,28.0
9088,32.0
9120,15.0
9120,24.0
9120,18.0
9120,12.0
9152,64.0
9216,13.0
9232,17.0
9248,11.0
9248,12.0
9248,18.0
9264,18.0
9264,12.0
9264,25.0
9296,11.0
9312,10.0
9344,27.0
9376,16.0
9424,19.0
9440,11.0
9456,13.0
9504,18.0
9504,16.0
9520,25.0
9552,13.0
9584,82.0
9600,32.0
9616,22.0
9648,26.0
9664,10.0
9664,18.0
9712,26.0
9824,25.0
9840,11.0
9856,25.0
9856,34.0
9872,38.0
9888,24.0
9904,24.0
9968,22.0
9984,24.0
10016,29.0
10048,29.0
10080,23.0
10096,17.0
10096,16.0
10096,15.0
10160,57.0
10208,19.0
10224,35.0
10224,15.0
10240,50.0
10272,26.0
10320,14.0
10320,42.0
10336,15.0
10384,14.0
10400,33.0
10400,20.0
10400,11.0
10432,29.0
10448,13.0
10448,27.0
10448,35.0
10480,9.0
10496,25.0
10512,19.0
10528,9.0
10576,16.0
10608,10.0
10608,24.0
10624,14.0
10656,9.0
10672,22.0
10672,25.0
10720,17.0
10720,20.0
10752,17.0
10768,23.0
10800,17.0
10800,23.0
10832,14.0
10848,11.0
10864,23.0
10912,16.0
10944,20.0
10960,57.0
10960,24.0
11008,10.0
11008,35.0
11040,18.0
11056,18.0
11104,19.0
11104,24.0
11136,29.0
11152,13.0
11184,29.0
11184,22.0
11184,24.0
11200,12.0
11216,13.0
11248,24.0
11248,9.0
11280,23.0
11296,21.0
11312,11.0
11360,25.0
11392,15.0
11408,14.0
11440,12.0
11488,27.0
11488,55.0
11504,12.0
11520,20.0
11616,11.0
11616,36.0
11648,15.0
11680,36.0
11696,21.0
11696,26.0
11712,12.0
11712,31.0
11776,24.0
11808,12.0
11824,40.0
11824,13.0
11872,39.0
11888,11.0
11904,38.0
11936,28.0
11952,29.0
11952,17.0
11984,50.0
12048,15.0
12064,22.0
12144,15.0
12160,13.0
12160,32.0
12160,13.0
12176,42.0
12208,27.0
12208,24.0
12224,15.0
12240,34.0
12256,23.0
12288,29.0
12304,38.0
12320,17.0
12336,12.0
12352,26.0
12384,14.0
12400,12.0
12432,17.0
12496,13.0
12528,12.0
12528,41.0
12544,18.0
12592,17.0
12608,28.0
12640,16.0
12640,36.0
12656,16.0
12656,27.0
12672,20.0
12720,30.0
12720,32.0
12752,20.0
12784,11.0
12784,12.0
12784,30.0
12832,19.0
12880,21.0
12896,15.0
12896,15.0
12912,12.0
12912,24.0
12976,12.0
13024,17.0
13040,10.0
13088,28.0
13088,37.0
13088,12.0
13120,13.0
13136,15.0
13152,15.0
13232,35.0
13248,10.0
13264,27.0
13280,31.0
13296,70.0
13296,16.0
13312,37.0
13344,23.0
13392,19.0
13408,48.0
13440,13.0
13440,22.0
13440,10.0
13456,21.0
13472,43.0
13488,12.0
13488,9.0
13504,22.0
13520,24.0
13600,36.0
13648,12.0
13664,22.0
13696,16.0
13696,18.0
13744,31.0
13744,16.0
13776,19.0
13808,18.0
13824,27.0
13840,25.0
13856,26.0
13888,12.0
13904,26.0
13936,15.0
13984,20.0
14000,44.0
14000,22.0
14016,15.0
14032,33.0
14064,13.0
14064,50.0
14064,20.0
14080,12.0
14096,17.0
14096,22.0
14112,11.0
14128,20.0
14144,19.0
14176,17.0
14192,12.0
14224,12.0
14256,16.0
14288,12.0
14288,19.0
14320,13.0
14368,48.0
14384,12.0
14432,23.0
14464,28.0
14496,25.0
14512,12.0
14512,16.0
14512,28.0
14512,14.0
14560,31.0
14560,24.0
14560,21.0
14560,30.0
14560,27.0
14672,11.0
14672,10.0
14672,15.0
14704,21.0
14768,13.0
14784,17.0
14784,14.0
14800,18.0
14832,17.0
14832,17.0
14864,12.0
14880,11.0
14880,26.0
14880,46.0
14928,34.0
14928,40.0
14960,11.0
14976,13.0
14976,29.0
15040,10.0
15056,12.0
15072,25.0
15088,16.0
15120,20.0
15136,13.0
15136,13.0
15264,24.0
15280,31.0
15296,26.0
15296,20.0
15296,46.0
15296,16.0
15296,11.0
15328,12.0
15328,22.0
15344,42.0
15376,15.0
15376,34.0
15472,12.0
15504,13.0
15504,34.0
15536,29.0
15536,28.0
15536,12.0
15552,31.0
15584,13.0
15584,20.0
15600,19.0
15616,20.0
15680,13.0
15696,12.0
15696,25.0
15744,15.0
15776,28.0
15792,31.0
15808,12.0
15824,15.0
15824,31.0
15936,25.0
15936,16.0
15952,13.0
15968,37.0
15968,26.0
16016,30.0
16032,21.0
16032,31.0
16032,21.0
16096,19.0
16096,32.0
16144,20.0
16176,15.0
16192,26.0
16240,40.0
16240,26.0
16272,19.0
16288,12.0
16336,24.0
16352,20.0
16352,11.0
16352,21.0
16352,20.0
16432,12.0
16464,17.0
16480,15.0
16496,25.0
16512,44.0
16528,37.0
16544,36.0
16560,14.0
16560,13.0
16560,33.0
16576,18.0
16592,28.0
16624,17.0
16624,22.0
16640,18.0
16704,14.0
16704,17.0
16704,11.0
16736,24.0
16768,14.0
16768,11.0
16784,14.0
16816,11.0
16864,19.0
16880,26.0
16896,17.0
16896,12.0
16912,9.0
16960,16.0
16992,14.0
16992,16.0
17008,28.0
17056,22.0
17056,11.0
17056,30.0
17104,18.0
17120,39.0
17168,34.0
17168,17.0
17184,25.0
17216,20.0
17232,20.0
17248,16.0
17264,17.0
17280,20.0
17280,11.0
17296,18.0
17328,10.0
17328,51.0
17360,31.0
17376,8.0
17440,20.0
17472,26.0
17472,26.0
17488,12.0
17504,9.0
17520,12.0
17536,22.0
17648,11.0
17664,21.0
17680,28.0
17680,19.0
17680,13.0
17728,18.0
17760,37.0
17792,46.0
17792,32.0
17792,16.0
17808,20.0
17808,33.0
17840,10.0
17872,13.0
17872,23.0
17888,13.0
17904,43.0
17984,14.0
17984,45.0
17984,16.0
18016,14.0
18016,13.0
18048,23.0
18064,16.0
18064,17.0
18080,15.0
18080,35.0
18192,13.0
18192,20.0
18224,11.0
18224,15.0
18240,22.0
18240,37.0
18384,23.0
18400,21.0
18400,31.0
18432,12.0
18448,27.0
18448,24.0
18512,18.0
18528,41.0
18528,21.0
18544,29.0
18592,38.0
18624,14.0
18624,11.0
18640,26.0
18672,27.0
18672,55.0
18672,14.0
18704,17.0
18704,39.0
18720,33.0
18768,11.0
18768,24.0
18800,10.0
18832,10.0
18848,9.0
18880,23.0
18928,25.0
18928,19.0
18976,17.0
19040,40.0
19072,14.0
19072,19.0
19088,18.0
19104,11.0
19152,24.0
19184,41.0
19184,22.0
19184,19.0
19200,30.0
19216,42.0
19232,10.0
19248,36.0
19248,11.0
19264,18.0
19312,24.0
19328,44.0
19360,10.0
19376,21.0
19424,20.0
19440,11.0
19440,16.0
19456,14.0
19472,24.0
19504,18.0
19520,13.0
19568,56.0
19584,25.0
19600,14.0
19600,22.0
19648,20.0
19648,13.0
19680,33.0
19680,27.0
19680,16.0
19712,13.0
19744,24.0
19824,22.0
19840,12.0
19840,17.0
19904,14.0
19936,14.0
19952,32.0
19984,24.0
19984,29.0
20000,16.0
20000,26.0
20080,27.0
20096,26.0
20112,58.0
20144,15.0
20192,22.0
20192,22.0
20208,16.0
20272,11.0
20272,37.0
20320,45.0
20320,24.0
20336,21.0
20336,22.0
20352,13.0
20368,11.0
20368,34.0
20384,25.0
20448,62.0
20448,16.0
20480,10.0
20496,11.0
20496,9.0
20496,14.0
20512,9.0
20512,32.0
20544,29.0
20576,19.0
20592,30.0
20640,17.0
20656,9.0
20672,18.0
20688,22.0
20688,12.0
20752,16.0
20784,21.0
20848,13.0
20848,25.0
20864,12.0
20864,20.0
20880,24.0
20896,43.0
20912,36.0
20944,27.0
20976,24.0
21008,20.0
21024,23.0
21040,16.0
21072,14.0
21072,24.0
21072,11.0
21120,16.0
21136,10.0
21184,21.0
21200,45.0
21200,39.0
21232,23.0
21280,21.0
21296,34.0
21312,17.0
21328,13.0
21344,17.0
21376,29.0
21408,21.0
21408,21.0
21408,13.0
21408,25.0
21440,19.0
21440,26.0
21456,36.0
21456,16.0
21488,16.0
21504,13.0
21568,14.0
21584,11.0
21616,21.0
21648,12.0
21648,15.0
21664,14.0
21680,22.0
21760,9.0
21760,12.0
21776,37.0
21792,13.0
21792,24.0
21808,19.0
21808,31.0
21856,25.0
21920,27.0
21968,13.0
21968,18.0
22064,13.0
22064,17.0
22080,18.0
22096,28.0
22096,20.0
22096,43.0
22096,27.0
22112,22.0
22176,16.0
22192,14.0
22208,15.0
22208,25.0
22256,10.0
22336,17.0
22336,14.0
22352,16.0
22384,18.0
22400,47.0
22400,12.0
22400,13.0
22432,66.0
22448,12.0
22448,23.0
22448,40.0
22528,9.0
22544,23.0
22544,13.0
22544,12.0
22576,11.0
22592,33.0
22592,10.0
22608,10.0
22608,17.0
22624,14.0
22624,26.0
22784,15.0
22784,21.0
22784,15.0
22784,21.0
22800,17.0
22800,14.0
22816,17.0
22816,13.0
22816,12.0
22864,17.0
22864,89.0
22928,52.0
22992,11.0
23008,14.0
23008,14.0
23024,15.0
23040,26.0
23056,12.0
23056,15.0
23072,29.0
23088,18.0
23104,32.0
23120,16.0
23120,12.0
23168,10.0
23216,11.0
23264,28.0
23264,16.0
23280,30.0
23296,32.0
23312,20.0
23344,14.0
23360,21.0
23360,19.0
23392,21.0
23408,12.0
23408,18.0
23440,65.0
23456,23.0
23472,19.0
23568,29.0
23568,10.0
23600,33.0
23648,22.0
23648,12.0
23680,20.0
23728,29.0
23728,18.0
23728,21.0
23744,17.0
23744,25.0
23760,28.0
23776,23.0
23856,37.0
23856,18.0
23872,12.0
23920,12.0
23920,11.0
23968,12.0
24000,40.0
24000,45.0
24032,29.0
24048,28.0
24080,14.0
24112,29.0
24128,13.0
24144,26.0
24160,32.0
24192,14.0
24192,29.0
24208,21.0
24288,18.0
24320,20.0
24336,30.0
24336,12.0
24336,8.0
24368,13.0
24368,16.0
24384,22.0
24400,41.0
24400,22.0
24480,35.0
24496,26.0
24496,10.0
24496,19.0
24544,13.0
24608,53.0
24640,17.0
24672,12.0
24672,21.0
24672,19.0
24704,36.0
24736,22.0
24784,24.0
24816,20.0
24832,34.0
24848,11.0
24864,23.0
24928,18.0
24928,9.0
24928,33.0
24944,21.0
24976,41.0
24992,50.0
25040,19.0
25056,15.0
25056,13.0
25056,24.0
25104,15.0
25104,35.0
25152,13.0
25152,14.0
25168,42.0
25168,15.0
25216,14.0
25232,25.0
25248,17.0
25280,15.0
25312,38.0
25328,14.0
25344,18.0
25360,43.0
25376,17.0
25408,22.0
25440,18.0
25440,17.0
25488,35.0
25488,20.0
25520,9.0
25520,11.0
25520,15.0
25552,20.0
25616,19.0
25648,31.0
25664,14.0
25664,26.0
25680,12.0
25680,39.0
25696,13.0
25712,19.0
25760,13.0
25808,18.0
25824,38.0
25840,20.0
25856,13.0
25872,12.0
25920,19.0
25936,36.0
25952,16.0
25984,11.0
26000,30.0
26000,35.0
26064,13.0
26080,26.0
26112,18.0
26128,23.0
26160,20.0
26176,31.0
26240,11.0
26320,12.0
26336,21.0
26352,15.0
26352,11.0
26368,31.0
26368,41.0
26384,28.0
26400,20.0
26448,70.0
26448,31.0
26480,35.0
26480,15.0
26512,11.0
26560,36.0
26576,36.0
26592,15.0
26608,10.0
26624,60.0
26720,23.0
26720,13.0
26768,18.0
26784,19.0
26800,27.0
26800,13.0
26832,17.0
26832,24.0
26912,12.0
26912,47.0
26944,35.0
26944,36.0
26960,10.0
26992,13.0
26992,23.0
27008,11.0
27040,13.0
27040,40.0
27056,21.0
27088,30.0
27104,12.0
27136,14.0
27136,23.0
27152,52.0
27152,12.0
27200,10.0
27216,13.0
27232,27.0
27248,16.0
27280,11.0
27312,17.0
27312,23.0
27344,18.0
27360,17.0
27392,16.0
27408,11.0
27408,16.0
27440,28.0
27488,18.0
27536,18.0
27552,38.0
27584,14.0
27632,20.0
27664,11.0
27680,29.0
27696,70.0
27696,35.0
27696,18.0
27744,27.0
27824,26.0
27856,12.0
27856,11.0
27856,36.0
27872,11.0
27920,11.0
27952,38.0
27968,17.0
28048,12.0
28144,62.0
28144,28.0
28144,32.0
28160,15.0
28176,13.0
28192,20.0
28192,15.0
28208,24.0
28224,52.0
28240,44.0
28256,42.0
28256,51.0
28288,46.0
28320,11.0
28336,18.0
28368,11.0
28384,14.0
28416,35.0
28416,15.0
28432,18.0
28432,18.0
28448,37.0
28464,13.0
28512,11.0
28544,11.0
28560,20.0
28576,23.0
28592,21.0
28672,28.0
28672,16.0
28688,17.0
28720,10.0
28736,12.0
28752,19.0
28752,15.0
28768,36.0
28784,31.0
28832,32.0
28880,10.0
28880,13.0
28896,29.0
28928,21.0
28928,16.0
28944,30.0
28960,36.0
29056,19.0
29056,30.0
29104,14.0
29104,42.0
29136,19.0
29136,13.0
29168,25.0
29168,26.0
29184,18.0
29184,15.0
29248,18.0
29296,15.0
29328,40.0
29360,19.0
29408,15.0
29424,34.0
29424,18.0
29456,45.0
29472,18.0
29520,10.0
29520,24.0
29536,27.0
29568,25.0
29632,21.0
29632,44.0
29664,55.0
29728,25.0
29744,11.0
29808,25.0
29824,40.0
29888,14.0
29920,29.0
29920,25.0
29936,29.0
29952,27.0
29968,27.0
29968,21.0
29968,15.0
29984,22.0
30000,12.0
30048,50.0
30064,15.0
30064,40.0
30096,11.0
30096,62.0
30144,14.0
30240,17.0
30288,14.0
30304,21.0
30336,18.0
30384,31.0
30400,61.0
30416,28.0
30432,12.0
30432,31.0
30448,22.0
30480,33.0
30480,24.0
30480,30.0
30528,34.0
30544,15.0
30560,11.0
30576,32.0
30608,12.0
30640,13.0
30656,13.0
30656,14.0
30656,23.0
30704,14.0
30704,11.0
30720,20.0
30720,36.0
30736,25.0
30784,13.0
30816,17.0
30832,11.0
30832,14.0
30864,13.0
30880,25.0
30880,25.0
30896,16.0
30912,73.0
30912,12.0
30976,12.0
30976,20.0
31056,21.0
31056,15.0
31072,21.0
31104,13.0
31184,17.0
31216,24.0
31248,24.0
31264,24.0
31280,36.0
31296,37.0
31312,25.0
31312,16.0
31344,29.0
31344,32.0
31424,28.0
31424,13.0
31440,12.0
31456,56.0
31488,19.0
31504,12.0
31520,13.0
31520,15.0
31552,30.0
31568,14.0
31584,18.0
31616,35.0
31632,23.0
31632,18.0
31648,10.0
31712,12.0
31760,20.0
31760,13.0
31776,22.0
31824,19.0
31840,17.0
31840,54.0
31840,26.0
31856,14.0
31856,22.0
31872,26.0
31904,12.0
31984,55.0
32000,23.0
32032,17.0
32064,26.0
32112,16.0
32160,25.0
32208,23.0
32224,38.0
32224,24.0
32224,24.0
32256,22.0
32256,14.0
32272,25.0
32272,17.0
32288,44.0
32336,35.0
32352,15.0
32384,33.0
32384,14.0
32416,27.0
32448,15.0
32464,15.0
32480,16.0
32512,43.0
32512,16.0
32528,11.0
32560,31.0
32608,21.0
32672,25.0
32672,21.0
32672,18.0
32720,15.0
32752,23.0
32768,13.0
32816,22.0
32832,26.0
32880,13.0
32896,24.0
32896,24.0
32912,39.0
32960,13.0
32976,16.0
33040,37.0
33088,26.0
33104,31.0
33136,38.0
33136,29.0
33152,16.0
33168,22.0
33184,18.0
33232,63.0
33248,21.0
33344,24.0
33344,23.0
33344,36.0
33456,26.0
33504,23.0
33584,25.0
33584,15.0
33600,45.0
33632,24.0
33664,88.0
33664,36.0
33680,34.0
33776,27.0
33776,20.0
33776,39.0
33808,13.0
33808,14.0
33888,19.0
33904,17.0
33936,69.0
33952,49.0
33952,18.0
34000,48.0
34016,13.0
34032,16.0
34080,25.0
34128,11.0
34144,40.0
34176,18.0
34192,11.0
34208,16.0
34224,28.0
34240,29.0
34320,18.0
34320,20.0
34320,9.0
34336,16.0
34352,34.0
34368,44.0
34384,16.0
34416,13.0
34432,13.0
34448,84.0
34464,20.0
34544,11.0
34560,23.0
34624,17.0
34624,19.0
34640,25.0
34720,16.0
34720,49.0
34736,26.0
34768,22.0
34784,22.0
34832,18.0
34880,16.0
34912,12.0
34992,27.0
35040,17.0
35040,25.0
35056,20.0
35056,46.0
35088,109.0
35120,31.0
35200,81.0
35232,53.0
35264,22.0
35296,15.0
35296,36.0
35312,54.0
35328,21.0
35392,38.0
35392,66.0
35456,14.0
35504,13.0
35504,24.0
35536,30.0
35600,45.0
35600,25.0
35600,18.0
35648,22.0
35664,36.0
35680,14.0
35696,12.0
35696,19.0
35728,12.0
35776,11.0
35792,47.0
35792,47.0
35808,34.0
35808,26.0
35856,11.0
35856,33.0
35904,67.0
35968,17.0
35984,16.0
36064,17.0
36080,30.0
36080,19.0
36128,39.0
36144,21.0
36176,23.0
36176,12.0
36192,14.0
36192,33.0
36208,35.0
36224,27.0
36240,21.0
36256,35.0
36336,16.0
36336,30.0
36432,22.0
36432,16.0
36464,16.0
36496,56.0
36512,20.0
36528,24.0
36608,22.0
36640,26.0
36656,30.0
36672,21.0
36688,16.0
36688,31.0
36688,35.0
36688,12.0
36784,20.0
36816,47.0
36864,11.0
36880,13.0
36912,66.0
36976,28.0
36976,29.0
37008,20.0
37008,23.0
37024,21.0
37040,50.0
37072,16.0
37072,29.0
37088,11.0
37104,42.0
37200,21.0
37280,17.0
37328,14.0
37392,32.0
37408,25.0
37408,24.0
37408,27.0
37456,26.0
37472,25.0
37504,73.0
37504,11.0
37536,55.0
37552,54.0
37568,30.0
37600,51.0
37664,17.0
37664,29.0
37728,14.0
37728,41.0
37760,22.0
37840,21.0
37872,21.0
37872,29.0
37872,37.0
37872,13.0
37920,28.0
37936,23.0
37968,26.0
37968,35.0
37984,20.0
37984,16.0
38112,17.0
38224,18.0
38224,16.0
38256,21.0
38288,52.0
38304,12.0
38320,84.0
38368,48.0
38368,31.0
38368,40.0
38400,33.0
38432,13.0
38464,37.0
38464,15.0
38464,30.0
38480,45.0
38496,39.0
38560,16.0
38560,12.0
38608,18.0
38624,16.0
38688,27.0
38704,46.0
38720,16.0
38720,16.0
38736,16.0
38768,17.0
38768,30.0
38800,25.0
38816,12.0
38848,26.0
38944,11.0
38976,18.0
38976,17.0
38992,14.0
38992,24.0
38992,17.0
39024,65.0
39024,29.0
39040,20.0
39120,41.0
39152,49.0
39232,42.0
39264,26.0
39264,33.0
39280,16.0
39344,33.0
39344,34.0
39344,20.0
39376,25.0
39376,24.0
39392,10.0
39408,26.0
39440,18.0
39440,28.0
39504,24.0
39600,16.0
39648,16.0
39680,40.0
39696,47.0
39696,45.0
39696,27.0
39712,23.0
39824,26.0
39824,20.0
39840,29.0
39872,33.0
39888,32.0
39904,19.0
39936,31.0
39968,20.0
39968,18.0
40080,11.0
40144,19.0
40144,16.0
40176,46.0
40192,16.0
40192,31.0
40240,23.0
40256,34.0
40272,63.0
40288,37.0
40304,30.0
40336,23.0
40336,32.0
40400,70.0
40416,14.0
40448,11.0
40496,22.0
40496,15.0
40592,32.0
40592,22.0
40592,19.0
40608,57.0
40624,28.0
40656,22.0
40720,24.0
40736,21.0
40784,11.0
40784,18.0
40816,42.0
40896,25.0
40928,37.0
40976,49.0
41008,12.0
41024,38.0
41024,25.0
41040,24.0
41104,71.0
41104,13.0
41152,35.0
41152,14.0
41152,26.0
41184,10.0
41232,13.0
41280,19.0
41296,36.0
41312,45.0
41344,21.0
41424,61.0
41440,41.0
41472,20.0
41504,14.0
41536,27.0
41568,29.0
41600,63.0
41632,8.0
41664,30.0
41680,24.0
41744,44.0
41792,35.0
41808,64.0
41856,20.0
41856,16.0
41872,45.0
41888,9.0
41920,48.0
41968,39.0
42016,34.0
42032,25.0
42064,12.0
42080,48.0
42080,40.0
42128,13.0
42144,30.0
42192,14.0
42192,11.0
42208,11.0
42224,34.0
42240,28.0
42256,28.0
42272,44.0
42336,30.0
42400,61.0
42400,13.0
42416,21.0
42448,23.0
42448,20.0
42480,37.0
42528,24.0
42576,10.0
42576,11.0
42608,24.0
42640,19.0
42640,36.0
42656,26.0
42688,13.0
42720,32.0
42784,9.0
42800,14.0
42816,39.0
42832,19.0
42848,37.0
42848,36.0
42896,18.0
42928,67.0
42944,10.0
42960,24.0
43008,35.0
43040,22.0
43040,25.0
43072,42.0
43136,15.0
43152,22.0
43168,15.0
43200,30.0
43216,24.0
43216,23.0
43248,27.0
43264,16.0
43312,54.0
43312,29.0
43328,23.0
43360,20.0
43376,21.0
43424,13.0
43440,11.0
43456,9.0
43472,51.0
43504,35.0
43520,28.0
43552,26.0
43632,13.0
43632,24.0
43632,19.0
43648,30.0
43664,32.0
43680,19.0
43696,31.0
43824,17.0
43840,33.0
43888,27.0
43936,19.0
43936,19.0
43936,29.0
43952,18.0
43968,33.0
44000,49.0
44032,25.0
44048,22.0
44064,35.0
44064,15.0
44096,16.0
44128,12.0
44144,11.0
44144,39.0
44176,15.0
44272,15.0
44272,37.0
44336,17.0
44336,24.0
44368,20.0
44384,15.0
44416,48.0
44416,66.0
44432,34.0
44464,20.0
44496,27.0
44560,39.0
44592,20.0
44656,35.0
44672,15.0
44688,12.0
44720,28.0
44768,19.0
44800,39.0
44864,54.0
44928,50.0
44944,38.0
45008,18.0
45088,42.0
45104,21.0
45152,30.0
45152,48.0
45152,22.0
45184,16.0
45216,13.0
45216,41.0
45248,57.0
45376,63.0
45376,32.0
45440,31.0
45440,18.0
45440,64.0
45456,50.0
45488,21.0
45488,15.0
45504,57.0
45520,23.0
45520,52.0
45520,9.0
45536,28.0
45552,21.0
45600,24.0
45616,11.0
45648,17.0
45664,9.0
45680,15.0
45776,14.0
45792,17.0
45808,44.0
45824,21.0
45904,24.0
45904,26.0
45920,17.0
45920,19.0
45936,21.0
45952,31.0
45968,29.0
45968,18.0
46032,15.0
46048,15.0
46048,54.0
46096,41.0
46128,13.0
46144,13.0
46160,24.0
46176,14.0
46192,14.0
46320,41.0
46336,26.0
46368,52.0
46400,16.0
46416,18.0
46432,21.0
46448,39.0
46448,34.0
46496,21.0
46528,31.0
46560,32.0
46608,40.0
46608,18.0
46624,14.0
46640,29.0
46640,46.0
46640,28.0
46656,38.0
46688,22.0
46704,16.0
46768,15.0
46800,10.0
46832,14.0
46832,17.0
46864,15.0
46864,31.0
46896,29.0
46928,14.0
46944,11.0
46976,30.0
46976,35.0
47040,25.0
47072,39.0
47072,17.0
47072,29.0
47120,29.0
47136,13.0
47136,28.0
47168,17.0
47184,22.0
47248,17.0
47264,20.0
47312,12.0
47328,18.0
47408,34.0
47408,10.0
47456,18.0
47472,31.0
47504,27.0
47536,44.0
47552,30.0
47552,43.0
47552,9.0
47632,35.0
47664,64.0
47664,22.0
47680,9.0
47744,35.0
47776,28.0
47792,21.0
47840,44.0
47856,14.0
47872,20.0
47872,13.0
47872,38.0
47936,24.0
47984,15.0
47984,13.0
48000,20.0
48048,40.0
48048,31.0
48064,14.0
48080,13.0
48128,29.0
48160,43.0
48176,15.0
48208,21.0
48224,45.0
48224,11.0
48256,16.0
48288,15.0
48352,30.0
48400,21.0
48496,21.0
48512,27.0
48576,22.0
48576,45.0
48592,50.0
48608,24.0
48608,39.0
48624,17.0
48624,31.0
48640,29.0
48672,17.0
48768,102.0
48800,37.0
48848,17.0
48848,11.0
48880,23.0
48896,25.0
48928,20.0
48928,59.0
48960,20.0
49056,30.0
49072,14.0
49088,13.0
49104,51.0
49120,14.0
49120,17.0
49136,55.0
49152,35.0
49184,16.0
49200,25.0
49232,38.0
49248,40.0
49264,13.0
49360,27.0
49504,46.0
49520,21.0
49520,25.0
49536,19.0
49568,28.0
49568,59.0
49568,31.0
49568,30.0
49568,26.0
49600,21.0
49664,10.0
49696,31.0
49712,38.0
49712,36.0
49728,13.0
49792,52.0
49792,17.0
49856,16.0
49872,19.0
49872,10.0
49888,20.0
49888,20.0
49904,23.0
49936,36.0
49968,25.0
50032,23.0
50048,12.0
50128,27.0
50128,15.0
50144,26.0
50160,23.0
50208,40.0
50240,23.0
50320,22.0
50320,27.0
50352,20.0
50352,28.0
50352,35.0
50368,15.0
50464,47.0
50544,26.0
50608,42.0
50608,15.0
50624,86.0
50672,29.0
50688,51.0
50688,33.0
50704,29.0
50720,11.0
50736,24.0
50736,37.0
50768,26.0
50832,23.0
50848,31.0
50992,20.0
50992,24.0
51008,20.0
51072,24.0
51120,50.0
51120,67.0
51136,25.0
51136,19.0
51152,28.0
51184,35.0
51312,34.0
51344,64.0
51376,12.0
51376,16.0
51376,19.0
51392,16.0
51424,18.0
51440,45.0
51440,28.0
51440,44.0
51472,20.0
51472,22.0
51584,61.0
51632,15.0
51648,40.0
51712,45.0
51760,18.0
51776,25.0
51776,25.0
51776,58.0
51808,23.0
51808,21.0
51872,35.0
51888,29.0
51888,28.0
51936,37.0
51984,13.0
51984,14.0
52016,36.0
52048,21.0
52048,10.0
52096,28.0
52112,19.0
52128,47.0
52256,30.0
52304,33.0
52304,20.0
52336,20.0
52336,14.0
52368,17.0
52464,36.0
52528,14.0
52528,59.0
52544,13.0
52560,32.0
52592,34.0
52592,38.0
52608,17.0
52624,23.0
52672,13.0
52720,26.0
52752,55.0
52784,12.0
52832,14.0
52832,15.0
52848,65.0
52864,19.0
52912,34.0
52912,15.0
52928,25.0
52944,26.0
52992,85.0
52992,23.0
53056,70.0
53056,58.0
53056,19.0
53104,17.0
53104,12.0
53152,23.0
53200,21.0
53200,17.0
53232,18.0
53264,10.0
53280,35.0
53328,21.0
53328,17.0
53360,19.0
53376,14.0
53376,34.0
53440,28.0
53520,61.0
53536,13.0
53536,11.0
53552,20.0
53600,25.0
53616,32.0
53696,10.0
53712,24.0
53792,33.0
53824,14.0
53824,24.0
53824,28.0
53856,50.0
53856,19.0
53856,63.0
53872,11.0
53920,13.0
53952,27.0
54016,25.0
54016,40.0
54080,55.0
54096,19.0
54112,52.0
54112,18.0
54112,16.0
54128,13.0
54128,17.0
54208,81.0
54288,26.0
54288,11.0
54304,30.0
54352,21.0
54352,14.0
54368,32.0
54384,17.0
54384,53.0
54400,19.0
54400,28.0
54416,21.0
54432,26.0
54432,14.0
54576,28.0
54592,19.0
54624,14.0
54640,33.0
54656,16.0
54656,14.0
54688,25.0
54688,54.0
54704,18.0
54752,23.0
54864,30.0
54864,17.0
54912,18.0
54944,15.0
54960,20.0
55008,41.0
55024,21.0
55024,45.0
55040,24.0
55056,25.0
55072,24.0
55104,33.0
55120,48.0
55136,17.0
55168,50.0
55168,9.0
55184,47.0
55184,15.0
55216,10.0
55264,32.0
55280,17.0
55376,15.0
55472,12.0
55472,35.0
55472,32.0
55520,22.0
55552,23.0
55568,22.0
55584,29.0
55600,36.0
55600,27.0
55664,18.0
55696,52.0
55712,15.0
55728,43.0
55744,9.0
55792,15.0
55856,49.0
55872,19.0
55904,13.0
55968,16.0
55968,23.0
55968,44.0
55968,19.0
56000,51.0
56032,19.0
56064,37.0
56080,38.0
56080,13.0
56080,35.0
56096,62.0
56144,35.0
56176,13.0
56176,13.0
56208,26.0
56336,37.0
56400,27.0
56400,31.0
56448,37.0
56464,29.0
56480,32.0
56608,25.0
56640,34.0
56656,12.0
56672,40.0
56704,16.0
56720,34.0
56768,39.0
56800,45.0
56800,46.0
56816,26.0
56832,47.0
56832,11.0
56864,24.0
56864,29.0
56912,52.0
57104,29.0
57120,13.0
57120,22.0
57120,19.0
57184,30.0
57184,24.0
57184,29.0
57232,25.0
57264,68.0
57280,11.0
57328,41.0
57392,13.0
57392,35.0
57392,13.0
57424,15.0
57440,69.0
57456,53.0
57472,22.0
57536,26.0
57552,47.0
57600,21.0
57616,18.0
57664,17.0
57728,11.0
57760,33.0
57792,25.0
57824,44.0
57872,13.0
57920,66.0
57936,31.0
57968,43.0
58048,39.0
58064,19.0
58096,17.0
58112,20.0
58128,46.0
58192,17.0
58192,45.0
58208,84.0
58288,15.0
58304,43.0
58304,48.0
58320,16.0
58336,25.0
58352,47.0
58368,57.0
58432,35.0
58480,18.0
58480,22.0
58528,21.0
58544,21.0
58560,13.0
58576,30.0
58624,19.0
58656,11.0
58656,18.0
58688,60.0
58720,18.0
58752,14.0
58784,13.0
58816,12.0
58848,35.0
58848,23.0
58864,35.0
58896,58.0
58912,16.0
58912,36.0
58992,9.0
59008,18.0
59008,56.0
59056,15.0
59072,14.0
59136,15.0
59152,31.0
59168,10.0
59248,15.0
59264,36.0
59296,34.0
59296,32.0
59296,62.0
59360,28.0
59472,57.0
59472,58.0
59520,38.0
59536,15.0
59536,11.0
59552,16.0
59568,19.0
59664,26.0
59664,32.0
59680,43.0
59712,40.0
59712,53.0
59792,41.0
59808,47.0
59824,18.0
59840,23.0
59888,20.0
59888,13.0
59920,47.0
59936,17.0
59936,14.0
59984,11.0
60032,32.0
60032,46.0
60048,16.0
60112,40.0
60112,11.0
60160,39.0
60176,18.0
60224,11.0
60224,42.0
60240,22.0
60256,17.0
60272,21.0
60352,32.0
60400,43.0
60432,20.0
60496,21.0
60496,52.0
60512,21.0
60544,27.0
60624,37.0
60688,16.0
60704,30.0
60720,43.0
60720,50.0
60720,14.0
60752,33.0
60768,31.0
60768,9.0
60800,18.0
60816,62.0
60832,37.0
60896,11.0
60896,22.0
60960,15.0
60976,18.0
60992,37.0
61008,12.0
61040,18.0
61120,48.0
61168,42.0
61232,32.0
61312,26.0
61328,23.0
61360,23.0
61376,42.0
61376,38.0
61392,17.0
61392,37.0
61424,28.0
61456,28.0
61472,36.0
61504,78.0
61536,14.0
61552,12.0
61632,50.0
61632,29.0
61680,18.0
61728,22.0
61728,17.0
61760,27.0
61808,27.0
61824,27.0
61856,68.0
61872,28.0
61888,21.0
61904,23.0
61952,14.0
62000,12.0
62016,16.0
62016,24.0
62032,19.0
62096,29.0
62160,70.0
62160,16.0
62176,22.0
62256,24.0
62272,37.0
62336,19.0
62384,57.0
62384,31.0
62400,73.0
62416,35.0
62416,16.0
62432,16.0
62464,28.0
62464,19.0
62496,25.0
62576,12.0
62592,12.0
62672,73.0
62704,43.0
62704,47.0
62784,32.0
62816,20.0
62848,16.0
62864,28.0
62864,18.0
62864,30.0
62880,39.0
62880,55.0
62912,31.0
62928,29.0
62960,39.0
62976,10.0
63024,37.0
63056,13.0
63104,11.0
63136,10.0
63184,30.0
63200,21.0
63216,32.0
63216,16.0
63232,11.0
63248,24.0
63248,14.0
63248,36.0
63280,31.0
63312,53.0
63376,32.0
63376,12.0
63408,19.0
63440,12.0
63440,12.0
63456,36.0
63472,16.0
63488,36.0
63584,21.0
63584,22.0
63584,17.0
63600,14.0
63632,12.0
63680,13.0
63696,20.0
63696,18.0
63712,52.0
63776,18.0
63808,38.0
63824,34.0
63840,16.0
63856,16.0
63872,27.0
63872,26.0
64016,27.0
64048,57.0
64048,11.0
64048,13.0
64112,25.0
64128,16.0
64144,23.0
64160,33.0
64224,33.0
64240,41.0
64256,27.0
64272,14.0
64304,39.0
64352,41.0
64384,14.0
64432,36.0
64448,40.0
64464,26.0
64496,12.0
64512,16.0
64528,32.0
64544,27.0
64576,12.0
64592,29.0
64640,89.0
64688,28.0
64720,36.0
64752,18.0
64752,10.0
64864,37.0
64880,41.0
64896,34.0
64944,16.0
64960,57.0
64960,15.0
65040,18.0
65072,31.0
65104,10.0
65120,43.0
65184,43.0
65200,47.0
65232,17.0
65312,27.0
65360,31.0
65408,21.0
65424,56.0
65504,47.0
65552,57.0
65552,41.0
65600,40.0
65648,26.0
65648,14.0
65696,41.0
65760,36.0
65824,39.0
65824,80.0
65872,29.0
66016,41.0
66032,21.0
66048,31.0
66064,35.0
66128,16.0
66160,103.0
66256,38.0
66272,39.0
66288,29.0
66336,17.0
66432,38.0
66464,72.0
66512,16.0
66528,12.0
66672,25.0
66672,15.0
66672,70.0
66704,99.0
66704,11.0
66800,75.0
66832,44.0
66832,42.0
66880,23.0
66912,13.0
66928,55.0
66976,17.0
66976,19.0
67008,119.0
67040,80.0
67136,29.0
67136,19.0
67216,11.0
67296,24.0
67328,65.0
67344,29.0
67360,83.0
67376,23.0
67424,28.0
67520,94.0
67536,46.0
67568,40.0
67616,17.0
67616,72.0
67632,16.0
67632,31.0
67648,51.0
67664,23.0
67712,46.0
67792,36.0
67808,24.0
67824,12.0
67872,10.0
67904,18.0
67920,18.0
67968,38.0
67968,28.0
67984,53.0
68048,86.0
68064,16.0
68112,15.0
68144,14.0
68144,11.0
68144,20.0
68160,11.0
68224,36.0
68224,56.0
68240,21.0
68368,20.0
68400,49.0
68416,16.0
68432,13.0
68496,44.0
68528,35.0
68528,29.0
68624,30.0
68656,68.0
68736,32.0
68784,24.0
68864,45.0
68864,47.0
68880,32.0
68896,29.0
68928,87.0
68944,50.0
68976,35.0
69056,11.0
69120,37.0
69280,24.0
69280,19.0
69296,22.0
69296,102.0
69312,67.0
69376,32.0
69472,53.0
69488,13.0
69568,65.0
69568,18.0
69584,17.0
69584,18.0
69680,39.0
69712,21.0
69712,66.0
69728,54.0
69728,15.0
69728,38.0
69776,80.0
69840,69.0
69856,18.0
69888,69.0
69920,15.0
69936,22.0
70016,45.0
70064,71.0
70080,38.0
70080,23.0
70112,21.0
70128,25.0
70128,35.0
70160,27.0
70304,45.0
70320,15.0
70352,31.0
70352,18.0
70432,45.0
70448,20.0
70480,47.0
70528,25.0
70576,17.0
70608,18.0
70624,49.0
70656,31.0
70688,38.0
70784,56.0
70848,57.0
70848,10.0
70864,21.0
70928,17.0
70944,58.0
71024,15.0
71056,44.0
71088,38.0
71120,75.0
71136,49.0
71168,20.0
71184,67.0
71200,39.0
71232,50.0
71232,49.0
71280,26.0
71296,42.0
71328,24.0
71376,18.0
71456,25.0
71472,17.0
71488,22.0
71536,43.0
71584,61.0
71616,15.0
71632,10.0
71632,19.0
71696,15.0
71712,49.0
71760,36.0
71840,38.0
71856,52.0
71888,38.0
71904,13.0
71904,46.0
71936,19.0
71936,40.0
71984,14.0
72000,48.0
72000,32.0
72128,63.0
72192,30.0
72240,38.0
72288,18.0
72320,24.0
72352,28.0
72368,33.0
72400,17.0
72400,34.0
72416,52.0
72416,55.0
72464,36.0
72464,11.0
72496,31.0
72496,19.0
72576,60.0
72608,18.0
72640,14.0
72656,19.0
72752,48.0
72784,18.0
72784,24.0
72864,16.0
72896,16.0
72928,35.0
72992,68.0
73008,37.0
73040,36.0
73056,70.0
73120,39.0
73152,23.0
73152,36.0
73168,44.0
73168,24.0
73216,61.0
73264,25.0
73280,33.0
73312,24.0
73312,57.0
73376,21.0
73424,17.0
73520,39.0
73552,24.0
73616,39.0
73632,20.0
73712,18.0
73728,13.0
73760,40.0
73840,49.0
73840,52.0
73936,48.0
73968,51.0
74000,17.0
74000,15.0
74032,47.0
74144,19.0
74144,11.0
74192,40.0
74240,33.0
74240,15.0
74272,56.0
74288,22.0
74352,45.0
74352,22.0
74384,73.0
74384,108.0
74416,72.0
74432,51.0
74464,12.0
74592,28.0
74640,50.0
74656,26.0
74672,18.0
74736,44.0
74736,24.0
74752,23.0
74848,31.0
74864,13.0
74928,31.0
75072,110.0
75104,32.0
75152,26.0
75152,19.0
75216,50.0
75232,35.0
75264,64.0
75344,72.0
75376,28.0
75376,32.0
75456,82.0
75488,47.0
75504,17.0
75520,28.0
75520,66.0
75536,56.0
75568,80.0
75632,11.0
75728,61.0
75744,25.0
75744,37.0
75744,14.0
75792,36.0
75888,20.0
75904,33.0
75920,25.0
75920,34.0
75984,30.0
76112,14.0
76128,24.0
76256,48.0
76304,48.0
76352,38.0
76384,17.0
76496,84.0
76528,50.0
76608,54.0
76624,40.0
76704,57.0
76752,93.0
76784,105.0
76800,34.0
76912,62.0
76944,64.0
76944,37.0
76992,12.0
77056,27.0
77072,36.0
77104,92.0
77104,20.0
77136,24.0
77152,78.0
77168,40.0
77312,74.0
77312,20.0
77344,65.0
77360,61.0
77392,28.0
77392,14.0
77456,53.0
77488,49.0
77504,35.0
77584,33.0
77584,14.0
77600,18.0
77616,10.0
77616,14.0
77664,33.0
77712,20.0
77760,11.0
77776,29.0
77856,15.0
77968,51.0
77984,31.0
78000,26.0
78032,17.0
78064,62.0
78064,45.0
78096,62.0
78112,21.0
78144,65.0
78240,33.0
78304,43.0
78352,23.0
78368,14.0
78384,33.0
78400,46.0
78400,23.0
78432,23.0
78592,18.0
78608,63.0
78640,40.0
78720,113.0
78752,23.0
78768,50.0
78848,31.0
78912,19.0
78928,35.0
78944,44.0
79024,39.0
79040,28.0
79072,19.0
79120,23.0
79152,66.0
79184,29.0
79216,9.0
79280,40.0
79328,58.0
79344,14.0
79536,16.0
79552,70.0
79552,23.0
79616,48.0
79680,47.0
79680,41.0
79696,47.0
79712,35.0
79728,25.0
79808,109.0
79824,107.0
79872,12.0
79872,11.0
79872,60.0
79904,43.0
79968,39.0
80048,11.0
80064,160.0
80064,21.0
80096,12.0
80128,16.0
80176,35.0
80176,23.0
80240,35.0
80256,44.0
80272,35.0
80304,79.0
80320,16.0
80336,32.0
80400,17.0
80416,55.0
80432,23.0
80448,22.0
80544,17.0
80576,38.0
80592,21.0
80624,20.0
80624,47.0
80688,15.0
80736,19.0
80752,75.0
80752,13.0
80784,12.0
80784,24.0
80848,42.0
80848,14.0
80928,38.0
80960,39.0
81040,39.0
81056,27.0
81104,33.0
81152,12.0
81232,24.0
81248,25.0
81264,14.0
81312,71.0
81328,68.0
81360,36.0
81360,16.0
81392,40.0
81440,47.0
81520,49.0
81584,17.0
81584,96.0
81584,14.0
81616,43.0
81664,55.0
81744,62.0
81840,36.0
81840,43.0
81872,22.0
81888,40.0
81968,46.0
81984,58.0
82176,37.0
82176,37.0
82192,47.0
82208,29.0
82240,57.0
82272,41.0
82336,47.0
82336,28.0
82352,32.0
82384,64.0
82448,49.0
82480,13.0
82528,71.0
82544,21.0
82672,31.0
82688,13.0
82704,23.0
82768,14.0
82768,24.0
82896,23.0
82896,66.0
82912,13.0
82960,49.0
82992,20.0
82992,63.0
83024,21.0
83040,67.0
83072,39.0
83072,55.0
83104,21.0
83200,19.0
83264,14.0
83312,67.0
83360,18.0
83392,20.0
83408,26.0
83440,68.0
83488,37.0
83504,30.0
83520,74.0
83552,22.0
83584,20.0
83584,107.0
83584,37.0
83600,52.0
83696,37.0
83712,17.0
83840,16.0
83856,34.0
83872,32.0
83872,18.0
83920,33.0
83952,23.0
83984,36.0
84032,27.0
84048,35.0
84096,25.0
84112,15.0
84128,36.0
84144,74.0
84160,20.0
84176,29.0
84176,19.0
84192,42.0
84208,44.0
84256,19.0
84288,86.0
84368,12.0
84416,35.0
84432,11.0
84496,25.0
84544,21.0
84672,47.0
84688,35.0
84688,44.0
84720,33.0
84736,35.0
84800,48.0
84832,29.0
84864,36.0
84896,22.0
84912,14.0
84928,16.0
84992,31.0
85136,21.0
85168,64.0
85200,29.0
85232,21.0
85264,76.0
85344,77.0
85344,22.0
85376,41.0
85392,12.0
85472,38.0
85504,67.0
85504,68.0
85536,39.0
85568,21.0
85648,32.0
85680,26.0
85696,22.0
85696,33.0
85728,14.0
85728,10.0
85792,69.0
85808,55.0
85824,22.0
85872,14.0
85888,24.0
85920,15.0
85920,12.0
85952,36.0
86096,121.0
86112,36.0
86128,49.0
86144,28.0
86192,31.0
86304,92.0
86320,58.0
86320,31.0
86416,31.0
86496,34.0
86528,38.0
86560,43.0
86560,15.0
86672,54.0
86688,12.0
86704,24.0
86752,14.0
86784,66.0
86832,26.0
86880,43.0
86896,47.0
86912,22.0
86944,16.0
86944,72.0
86944,53.0
86992,69.0
86992,13.0
87040,30.0
87072,15.0
87136,24.0
87152,15.0
87184,55.0
87264,12.0
87280,21.0
87328,24.0
87328,24.0
87376,12.0
87392,79.0
87424,17.0
87472,50.0
87568,12.0
87632,19.0
87648,41.0
87680,43.0
87760,45.0
87792,56.0
87872,28.0
87872,19.0
87952,43.0
88032,25.0
88048,36.0
88064,17.0
88112,125.0
88144,79.0
88192,20.0
88208,16.0
88224,68.0
88240,53.0
88240,13.0
88304,16.0
88352,103.0
88368,43.0
88384,66.0
88400,18.0
88432,12.0
88448,15.0
88512,20.0
88528,48.0
88544,25.0
88560,12.0
88672,27.0
88720,17.0
88736,27.0
88752,12.0
88768,34.0
88784,16.0
88784,27.0
88800,26.0
88800,18.0
88976,34.0
89008,13.0
89024,60.0
89056,17.0
89152,94.0
89168,23.0
89168,31.0
89232,29.0
89248,17.0
89296,36.0
89312,10.0
89360,21.0
89376,40.0
89440,98.0
89456,14.0
89488,44.0
89504,21.0
89520,61.0
89568,17.0
89616,76.0
89664,14.0
89680,150.0
89696,20.0
89760,28.0
89792,11.0
89792,19.0
89856,22.0
89936,43.0
90000,27.0
90032,21.0
90064,63.0
90096,21.0
90160,72.0
90208,17.0
90208,26.0
90224,66.0
90256,94.0
90384,58.0
90384,44.0
90416,20.0
90432,67.0
90448,41.0
90480,60.0
90480,51.0
90480,30.0
90496,17.0
90544,18.0
90592,24.0
90624,29.0
90672,51.0
90720,14.0
90784,47.0
90816,14.0
90832,22.0
90864,15.0
90896,22.0
91072,39.0
91072,37.0
91120,18.0
91136,45.0
91152,45.0
91168,69.0
91168,60.0
91200,51.0
91248,11.0
91312,33.0
91312,28.0
91328,27.0
91344,39.0
91392,36.0
91408,17.0
91440,15.0
91552,25.0
91584,26.0
91600,16.0
91664,62.0
91712,77.0
91744,31.0
91760,43.0
91840,15.0
91888,48.0
91920,10.0
91920,21.0
91920,38.0
91936,12.0
91968,41.0
92000,35.0
92032,40.0
92048,31.0
92048,10.0
92128,50.0
92160,12.0
92192,30.0
92240,36.0
92272,69.0
92352,12.0
92352,26.0
92416,24.0
92448,65.0
92464,34.0
92480,22.0
92560,23.0
92560,20.0
92576,14.0
92576,46.0
92624,36.0
92640,45.0
92656,142.0
92688,48.0
92800,21.0
92896,56.0
92928,23.0
92944,20.0
92944,23.0
92960,17.0
92992,27.0
93024,36.0
93024,61.0
93040,39.0
93136,21.0
93184,15.0
93216,59.0
93248,14.0
93296,19.0
93312,41.0
93344,19.0
93360,63.0
93376,27.0
93424,53.0
93424,33.0
93456,17.0
93488,63.0
93504,54.0
93520,17.0
93536,11.0
93584,13.0
93616,20.0
93648,43.0
93648,19.0
93664,22.0
93680,16.0
93712,18.0
93728,44.0
93824,21.0
93872,18.0
93872,59.0
94032,19.0
94080,34.0
94096,14.0
94112,61.0
94160,30.0
94160,59.0
94208,35.0
94240,26.0
94320,50.0
94400,20.0
94416,16.0
94448,49.0
94464,51.0
94512,19.0
94528,41.0
94656,21.0
94672,73.0
94672,66.0
94736,80.0
94784,43.0
94800,48.0
94800,43.0
94928,32.0
95056,38.0
95072,85.0
95072,25.0
95072,17.0
95072,25.0
95104,23.0
95120,45.0
95168,15.0
95264,38.0
95264,50.0
95280,14.0
95344,11.0
95344,69.0
95360,53.0
95360,36.0
95376,76.0
95392,20.0
95488,24.0
95584,32.0
95600,21.0
95680,55.0
95728,29.0
95760,43.0
95776,27.0
95808,20.0
95840,28.0
95936,16.0
95968,90.0
95984,40.0
95984,39.0
96096,61.0
96096,32.0
96112,52.0
96176,51.0
96240,16.0
96272,27.0
96288,12.0
96320,59.0
96336,79.0
96432,44.0
96480,42.0
96496,46.0
96496,33.0
96528,18.0
96672,25.0
96672,43.0
96736,35.0
96752,61.0
96768,15.0
96784,74.0
96800,32.0
96800,54.0
96816,31.0
96848,23.0
96896,29.0
96896,50.0
96960,9.0
97088,37.0
97120,39.0
97120,63.0
97152,16.0
97184,28.0
97200,22.0
97248,36.0
97248,10.0
97296,31.0
97296,11.0
97312,61.0
97328,33.0
97344,35.0
97360,29.0
97424,11.0
97488,21.0
97568,50.0
97568,24.0
97568,20.0
97616,41.0
97616,20.0
97680,63.0
97760,40.0
97776,28.0
97792,14.0
97824,30.0
97856,41.0
97872,24.0
97904,21.0
97936,40.0
98000,78.0
98160,34.0
98160,23.0
98192,21.0
98208,53.0
98320,44.0
98352,28.0
98416,40.0
98432,38.0
98544,61.0
98608,46.0
98624,54.0
98624,29.0
98816,55.0
98848,14.0
98864,20.0
98864,16.0
99104,57.0
99120,50.0
99152,33.0
99216,66.0
99216,76.0
99232,97.0
99232,51.0
99360,58.0
99440,36.0
99456,40.0
99504,17.0
99536,42.0
99552,75.0
99696,37.0
99728,151.0
99744,19.0
99824,29.0
99840,39.0
99840,19.0
99840,24.0
99904,66.0
99904,49.0
99920,44.0
100016,162.0
100064,116.0
100080,15.0
100176,59.0
100192,23.0
100224,20.0
100256,44.0
100272,23.0
100288,35.0
100288,17.0
100304,50.0
100320,36.0
100320,30.0
100336,74.0
100448,38.0
100480,49.0
100592,32.0
100592,33.0
100816,30.0
100816,31.0
100848,39.0
100880,60.0
100976,42.0
100992,34.0
101024,11.0
101088,17.0
101120,15.0
101136,20.0
101136,55.0
101184,63.0
101248,41.0
101408,76.0
101408,20.0
101472,22.0
101536,25.0
101584,62.0
101600,82.0
101632,72.0
101696,86.0
101744,92.0
101760,22.0
101760,18.0
101776,37.0
101776,50.0
101776,49.0
101904,31.0
101920,18.0
101920,56.0
102000,47.0
102032,31.0
102144,23.0
102160,29.0
102192,27.0
102208,18.0
102208,18.0
102272,17.0
102272,71.0
102272,33.0
102304,45.0
102320,34.0
102352,129.0
102464,27.0
102480,36.0
102512,15.0
102592,51.0
102608,25.0
102608,63.0
102688,58.0
102736,29.0
102768,35.0
102768,19.0
102832,30.0
102848,15.0
102880,46.0
102880,38.0
102960,41.0
102992,32.0
103008,25.0
103184,31.0
103232,45.0
103248,32.0
103248,25.0
103344,29.0
103344,36.0
103488,31.0
103520,40.0
103584,89.0
103600,80.0
103712,47.0
103760,98.0
103808,20.0
103888,18.0
103920,83.0
103936,44.0
103952,70.0
103952,27.0
103952,38.0
104064,55.0
104128,11.0
104240,77.0
104288,65.0
104336,47.0
104336,26.0
104336,36.0
104336,62.0
104352,29.0
104384,42.0
104416,29.0
104416,103.0
104432,12.0
104464,32.0
104496,27.0
104496,43.0
104704,48.0
104736,22.0
104752,26.0
104784,28.0
104832,30.0
104832,23.0
104848,45.0
105008,14.0
105008,11.0
105136,53.0
105168,27.0
105168,52.0
105200,49.0
105232,124.0
105248,51.0
105248,26.0
105264,58.0
105280,49.0
105296,50.0
105296,37.0
105312,29.0
105344,21.0
105408,13.0
105520,18.0
105584,52.0
105600,19.0
105600,74.0
105760,39.0
105792,39.0
105936,48.0
105936,39.0
105936,43.0
106080,42.0
106096,53.0
106096,68.0
106144,55.0
106192,57.0
106256,60.0
106288,33.0
106352,35.0
106400,29.0
106416,67.0
106464,20.0
106512,62.0
106592,12.0
106592,62.0
106608,63.0
106608,42.0
106688,27.0
106704,38.0
106768,11.0
106848,79.0
106928,32.0
106960,16.0
107040,27.0
107056,44.0
107056,48.0
107136,59.0
107200,70.0
107216,47.0
107232,24.0
107232,34.0
107232,71.0
107344,24.0
107344,88.0
107424,41.0
107472,60.0
107488,18.0
107504,29.0
107504,28.0
107648,26.0
107664,33.0
107696,69.0
107760,72.0
107760,26.0
107792,54.0
107792,46.0
107808,29.0
107856,27.0
107904,25.0
108000,31.0
108000,15.0
108048,51.0
108096,54.0
108112,56.0
108224,26.0
108224,35.0
108320,42.0
108384,33.0
108384,56.0
108464,22.0
108464,29.0
108528,46.0
108544,49.0
108544,31.0
108560,29.0
108640,73.0
108656,17.0
108656,21.0
108672,42.0
108704,50.0
108880,41.0
108880,20.0
108928,24.0
108992,48.0
108992,33.0
109008,30.0
109024,22.0
109184,12.0
109184,87.0
109200,20.0
109248,37.0
109264,15.0
109328,59.0
109376,28.0
109392,46.0
109408,54.0
109424,45.0
109440,11.0
109488,19.0
109568,43.0
109680,65.0
109696,44.0
109808,25.0
109904,36.0
109936,34.0
109936,32.0
110032,21.0
110048,53.0
110112,39.0
110160,61.0
110192,47.0
110192,156.0
110208,25.0
110208,109.0
110256,63.0
110288,24.0
110336,83.0
110400,45.0
110624,37.0
110672,81.0
110672,29.0
110752,29.0
110800,34.0
110800,77.0
110864,58.0
110880,45.0
110912,15.0
111008,67.0
111024,52.0
111040,62.0
111072,60.0
111072,55.0
111120,49.0
111184,61.0
111200,33.0
111200,21.0
111248,23.0
111280,13.0
111376,21.0
111424,42.0
111504,27.0
111552,72.0
111616,26.0
111632,24.0
111632,52.0
111728,34.0
111744,45.0
111808,74.0
111824,51.0
111824,39.0
111888,32.0
111952,20.0
111968,73.0
112048,39.0
112096,74.0
112112,38.0
112128,32.0
112176,27.0
112192,29.0
112208,68.0
112240,38.0
112336,49.0
112352,34.0
112400,70.0
112544,36.0
112560,46.0
112592,48.0
112768,45.0
112800,35.0
112816,43.0
112848,60.0
113024,42.0
113040,59.0
113056,29.0
113056,55.0
113072,33.0
113088,15.0
113120,45.0
113120,57.0
113136,59.0
113152,65.0
113232,26.0
113248,30.0
113296,10.0
113344,63.0
113408,20.0
113424,54.0
113440,93.0
113456,24.0
113488,29.0
113616,20.0
113632,36.0
113696,40.0
113712,37.0
113840,27.0
113872,26.0
113888,28.0
113904,47.0
113920,18.0
113920,13.0
113968,53.0
114048,44.0
114064,51.0
114064,40.0
114096,16.0
114144,69.0
114224,33.0
114224,62.0
114272,49.0
114304,24.0
114304,21.0
114416,50.0
114416,22.0
114480,13.0
114512,39.0
114512,107.0
114528,14.0
114544,42.0
114560,31.0
114640,26.0
114688,40.0
114704,50.0
114768,16.0
114784,54.0
114928,44.0
114928,32.0
114928,15.0
115040,39.0
115136,39.0
115136,41.0
115152,37.0
115168,29.0
115232,19.0
115312,34.0
115328,49.0
115376,37.0
115456,82.0
115472,34.0
115472,21.0
115504,61.0
115536,31.0
115584,59.0
115584,93.0
115648,21.0
115664,33.0
115680,22.0
115696,87.0
115808,41.0
115824,23.0
115888,26.0
115984,21.0
116016,20.0
116016,68.0
116080,16.0
116096,32.0
116128,34.0
116144,61.0
116176,40.0
116192,43.0
116336,16.0
116384,44.0
116432,19.0
116448,76.0
116464,28.0
116480,63.0
116480,42.0
116512,71.0
116528,54.0
116544,41.0
116720,24.0
116752,14.0
116752,35.0
116784,21.0
116960,36.0
116992,28.0
117024,35.0
117088,41.0
117088,36.0
117120,59.0
117136,62.0
117360,38.0
117360,55.0
117360,79.0
117408,41.0
117456,29.0
117456,23.0
117472,93.0
117504,45.0
117584,98.0
117632,17.0
117680,20.0
117696,35.0
117728,38.0
117744,24.0
117744,49.0
117808,45.0
117904,28.0
117920,28.0
117920,90.0
117984,79.0
118048,20.0
118064,23.0
118080,21.0
118160,47.0
118160,11.0
118176,34.0
118272,22.0
118288,44.0
118336,16.0
118368,12.0
118400,45.0
118432,17.0
118448,89.0
118464,26.0
118512,15.0
118512,37.0
118576,70.0
118640,46.0
118720,35.0
118752,24.0
118768,23.0
118848,32.0
118912,53.0
118928,89.0
118944,27.0
118960,76.0
119056,78.0
119104,42.0
119152,54.0
119152,40.0
119152,14.0
119152,43.0
119152,36.0
119232,29.0
119328,17.0
119376,33.0
119440,13.0
119440,31.0
119472,20.0
119584,27.0
119680,48.0
119696,16.0
119776,83.0
119840,43.0
119856,11.0
119888,71.0
119904,79.0
119968,24.0
120048,38.0
120080,61.0
120112,72.0
120128,17.0
120176,64.0
120176,50.0
120176,21.0
120368,29.0
120384,13.0
120416,59.0
120416,15.0
120464,109.0
120464,71.0
120496,28.0
120672,16.0
120688,35.0
120816,22.0
120832,47.0
120848,46.0
120864,28.0
120896,109.0
120944,36.0
120944,28.0
120960,62.0
121008,21.0
121024,71.0
121104,45.0
121104,15.0
121152,21.0
121232,24.0
121280,99.0
121312,30.0
121344,41.0
121424,30.0
121424,78.0
121440,104.0
121456,22.0
121472,28.0
121568,42.0
121584,30.0
121616,17.0
121648,43.0
121712,30.0
121776,52.0
121792,13.0
121840,12.0
121888,11.0
121904,21.0
121904,56.0
122016,37.0
122016,35.0
122032,37.0
122048,99.0
122096,49.0
122304,16.0
122352,75.0
122352,29.0
122368,56.0
122400,61.0
122448,34.0
122448,34.0
122480,29.0
122512,42.0
122592,61.0
122624,20.0
122688,42.0
122720,58.0
122768,62.0
122768,16.0
122832,97.0
122864,26.0
122864,32.0
122944,57.0
122960,38.0
122976,13.0
122992,34.0
123024,27.0
123056,36.0
123120,64.0
123120,22.0
123152,49.0
123232,34.0
123312,57.0
123424,35.0
123472,26.0
123472,31.0
123504,34.0
123504,32.0
123680,66.0
123744,17.0
123744,45.0
123776,22.0
123792,67.0
123808,41.0
123840,56.0
123872,40.0
123904,14.0
123936,69.0
123984,54.0
123984,70.0
124048,36.0
124064,35.0
124096,61.0
124256,13.0
124272,33.0
124320,30.0
124336,29.0
124352,38.0
124400,68.0
124512,44.0
124576,37.0
124592,41.0
124624,23.0
124624,70.0
124720,23.0
124736,52.0
124736,42.0
124752,27.0
124784,43.0
124816,26.0
124896,57.0
124896,70.0
124960,23.0
124992,23.0
125040,78.0
125072,18.0
125088,21.0
125104,23.0
125232,56.0
125264,23.0
125280,34.0
125312,37.0
125328,47.0
125328,44.0
125392,20.0
125568,42.0
125568,18.0
125600,83.0
125648,41.0
125696,55.0
125792,35.0
125840,32.0
125872,57.0
125872,19.0
125888,39.0
125904,32.0
125936,52.0
125936,89.0
126032,59.0
126048,46.0
126224,56.0
126224,36.0
126416,36.0
126480,34.0
126528,52.0
126544,42.0
126640,100.0
126784,46.0
126800,63.0
126848,61.0
126864,58.0
126928,65.0
126944,33.0
126944,45.0
126992,29.0
127104,75.0
127120,21.0
127168,100.0
127232,102.0
127248,19.0
127344,50.0
127360,23.0
127360,83.0
127456,77.0
127472,38.0
127504,25.0
127536,56.0
127600,41.0
127600,27.0
127680,52.0
127696,29.0
127728,78.0
127776,26.0
127856,58.0
127936,43.0
127952,52.0
127984,24.0
127984,19.0
128096,35.0
128096,20.0
128112,82.0
128112,38.0
128192,52.0
128224,15.0
128288,59.0
128336,15.0
128464,22.0
128560,39.0
128576,61.0
128624,33.0
128656,12.0
128656,60.0
128672,51.0
128704,23.0
128752,81.0
128864,13.0
128864,40.0
128912,39.0
128944,20.0
128976,49.0
128992,65.0
129040,98.0
129056,31.0
129120,23.0
129152,31.0
129168,90.0
129200,31.0
129232,78.0
129296,20.0
129360,23.0
129424,32.0
129456,55.0
129504,29.0
129552,43.0
129568,91.0
129584,26.0
129584,24.0
129616,35.0
129776,20.0
129792,14.0
129840,21.0
129888,76.0
129904,65.0
129936,36.0
129984,54.0
130016,37.0
130032,30.0
130032,50.0
130080,58.0
130272,27.0
130272,41.0
130272,83.0
130336,16.0
130448,41.0
130544,41.0
130608,82.0
130656,45.0
130672,25.0
130736,47.0
130752,45.0
130784,47.0
130880,61.0
130896,82.0
130976,44.0
131008,29.0
131104,95.0
131152,51.0
131200,28.0
131232,49.0
131232,35.0
131280,25.0
131312,65.0
131456,16.0
131456,45.0
131472,23.0
131520,18.0
131600,62.0
131616,60.0
131792,63.0
131824,113.0
131824,58.0
131856,55.0
131952,40.0
132000,24.0
132064,52.0
132096,39.0
132128,42.0
132144,71.0
132144,62.0
132176,14.0
132192,37.0
132224,27.0
132272,156.0
132320,31.0
132352,31.0
132448,73.0
132448,11.0
132480,60.0
132512,26.0
132544,30.0
132576,47.0
132592,28.0
132608,72.0
132656,19.0
132720,33.0
132768,28.0
132816,13.0
132848,44.0
132928,58.0
132992,30.0
132992,14.0
133056,32.0
133072,31.0
133088,40.0
133120,42.0
133168,22.0
133248,37.0
133280,14.0
133296,73.0
133312,37.0
133376,19.0
133408,15.0
133440,37.0
133616,71.0
133616,39.0
133632,34.0
133696,16.0
133744,29.0
133792,98.0
133840,78.0
133856,54.0
133904,108.0
133904,17.0
133936,43.0
133984,42.0
134096,12.0
134096,30.0
134112,11.0
134240,82.0
134288,73.0
134304,58.0
134368,47.0
134384,61.0
134416,39.0
134496,12.0
134528,34.0
134544,50.0
134624,32.0
134640,46.0
134688,62.0
134720,39.0
134720,39.0
134752,56.0
134800,94.0
134816,25.0
134816,17.0
134880,37.0
134928,43.0
134944,26.0
135008,18.0
135024,17.0
135104,19.0
135184,10.0
135184,51.0
135216,13.0
135376,43.0
135408,30.0
135456,36.0
135472,18.0
135504,54.0
135520,56.0
135616,42.0
135616,70.0
135648,52.0
135664,80.0
135728,118.0
135744,58.0
135792,43.0
135840,41.0
135856,12.0
135856,71.0
135952,19.0
136048,27.0
136064,43.0
136096,23.0
136128,41.0
136192,61.0
136240,28.0
136272,33.0
136272,20.0
136384,58.0
136384,33.0
136400,56.0
136400,62.0
136432,36.0
136448,58.0
136448,20.0
136624,36.0
136624,22.0
136640,12.0
136688,28.0
136704,38.0
136720,55.0
136752,43.0
136784,22.0
136848,36.0
136896,32.0
136992,38.0
137056,21.0
137072,42.0
137120,58.0
137216,32.0
137248,39.0
137248,11.0
137248,31.0
137264,23.0
137280,14.0
137312,43.0
137376,33.0
137456,42.0
137504,32.0
137504,16.0
137520,52.0
137600,14.0
137616,73.0
137664,24.0
137680,26.0
137680,23.0
137792,87.0
137792,72.0
137824,44.0
137840,139.0
137856,38.0
137872,41.0
137872,23.0
137888,27.0
138016,48.0
138016,25.0
138080,13.0
138080,36.0
138208,24.0
138288,38.0
138304,40.0
138352,30.0
138384,34.0
138432,52.0
138480,43.0
138496,38.0
138496,61.0
138720,27.0
138800,70.0
138832,51.0
138880,33.0
138960,47.0
138992,75.0
139056,65.0
139056,61.0
139168,42.0
139184,55.0
139248,47.0
139312,52.0
139344,32.0
139408,83.0
139504,67.0
139520,29.0
139584,37.0
139632,52.0
139648,79.0
139744,49.0
139792,34.0
139808,40.0
139824,26.0
140000,134.0
140032,28.0
140064,63.0
140080,46.0
140096,57.0
140128,38.0
140288,30.0
140320,14.0
140352,65.0
140352,45.0
140352,33.0
140608,54.0
140640,62.0
140656,121.0
140656,111.0
140704,42.0
140704,36.0
140752,78.0
140752,47.0
140768,26.0
140800,46.0
140896,12.0
140896,38.0
140928,71.0
140928,14.0
141024,26.0
141120,29.0
141200,19.0
141200,34.0
141216,29.0
141232,27.0
141264,74.0
141280,22.0
141280,58.0
141280,58.0
141408,13.0
141424,33.0
141424,42.0
141488,18.0
141568,58.0
141600,80.0
141600,42.0
141712,28.0
141776,31.0
141824,50.0
141856,46.0
141888,30.0
141936,21.0
141952,33.0
142016,46.0
142032,50.0
142032,27.0
142064,53.0
142128,44.0
142144,36.0
142240,29.0
142352,33.0
142432,34.0
142496,76.0
142528,51.0
142560,33.0
142592,40.0
142624,24.0
142672,38.0
142736,50.0
142784,126.0
142816,60.0
142832,44.0
142864,52.0
142880,46.0
142896,21.0
142912,56.0
142976,93.0
143104,32.0
143248,45.0
143280,53.0
143296,59.0
143328,34.0
143344,53.0
143408,42.0
143456,52.0
143520,17.0
143520,15.0
143568,15.0
143584,30.0
143648,48.0
143664,62.0
143744,48.0
143744,55.0
143824,19.0
143840,16.0
143872,33.0
143888,66.0
143920,63.0
143920,39.0
143920,64.0
143968,28.0
143984,36.0
144144,25.0
144272,44.0
144304,30.0
144320,28.0
144336,95.0
144336,42.0
144352,56.0
144480,40.0
144512,39.0
144512,54.0
144704,49.0
144704,22.0
144720,36.0
144752,52.0
144752,30.0
144784,28.0
144816,56.0
144992,42.0
145072,18.0
145104,48.0
145104,37.0
145104,25.0
145120,19.0
145136,24.0
145168,54.0
145200,43.0
145216,78.0
145248,31.0
145264,95.0
145264,34.0
145344,40.0
145408,58.0
145520,16.0
145552,22.0
145552,18.0
145632,24.0
145664,105.0
145712,36.0
145728,20.0
145760,37.0
145856,19.0
145888,49.0
145904,50.0
146048,66.0
146112,48.0
146112,63.0
146128,31.0
146144,30.0
146144,67.0
146160,38.0
146160,40.0
146160,65.0
146240,24.0
146352,37.0
146464,22.0
146480,20.0
146480,36.0
146528,82.0
146704,29.0
146736,63.0
146800,68.0
146800,20.0
146864,51.0
146896,49.0
146944,49.0
146960,52.0
147056,36.0
147152,63.0
147168,13.0
147184,65.0
147216,47.0
147280,30.0
147296,35.0
147376,42.0
147504,101.0
147568,39.0
147632,48.0
147632,28.0
147664,32.0
147664,31.0
147696,25.0
147696,40.0
147696,56.0
147776,78.0
147776,35.0
147840,93.0
147888,108.0
147904,13.0
147952,11.0
148016,28.0
148080,36.0
148096,29.0
148112,13.0
148160,31.0
148160,49.0
148208,82.0
148272,36.0
148288,63.0
148304,29.0
148320,34.0
148320,39.0
148384,47.0
148448,27.0
148528,16.0
148544,15.0
148608,25.0
148640,33.0
148656,36.0
148656,48.0
148752,68.0
148768,28.0
148784,39.0
148800,53.0
148832,34.0
148832,14.0
148880,49.0
148912,47.0
148928,38.0
148992,22.0
149024,15.0
149056,32.0
149328,26.0
149360,23.0
149440,66.0
149472,59.0
149520,45.0
149552,69.0
149568,40.0
149568,32.0
149584,58.0
149616,54.0
149664,63.0
149744,57.0
149776,13.0
149824,62.0
149840,20.0
149856,18.0
149856,61.0
149888,14.0
149920,56.0
149984,23.0
150064,44.0
150096,83.0
150096,20.0
150160,21.0
150192,45.0
150192,54.0
150352,27.0
150384,59.0
150384,50.0
150400,41.0
150400,13.0
150432,37.0
150432,55.0
150592,46.0
150592,13.0
150624,14.0
150656,37.0
150752,54.0
150816,60.0
150848,41.0
150864,32.0
150880,16.0
150944,32.0
151024,54.0
151056,60.0
151056,12.0
151104,32.0
151120,29.0
151200,20.0
151248,12.0
151392,63.0
151424,64.0
151504,88.0
151552,19.0
151600,49.0
151632,103.0
151680,52.0
151728,39.0
151776,47.0
151792,75.0
151824,55.0
151824,67.0
151824,48.0
151840,13.0
151952,14.0
152016,21.0
152016,14.0
152048,31.0
152048,101.0
152112,38.0
152112,43.0
152160,35.0
152192,62.0
152272,72.0
152336,32.0
152352,60.0
152544,48.0
152544,45.0
152576,39.0
152592,36.0
152640,39.0
152736,39.0
152816,41.0
152848,17.0
152880,21.0
152944,38.0
152944,22.0
152944,56.0
153008,74.0
153008,73.0
153040,62.0
153056,59.0
153104,57.0
153184,57.0
153312,42.0
153312,27.0
153328,20.0
153328,18.0
153376,12.0
153392,41.0
153392,28.0
153424,55.0
153456,32.0
153568,45.0
153568,39.0
153664,53.0
153728,17.0
153840,11.0
153840,32.0
153856,29.0
153856,47.0
153904,56.0
153952,33.0
153952,35.0
153968,41.0
154160,12.0
154176,28.0
154192,115.0
154208,52.0
154224,73.0
154240,25.0
154288,60.0
154288,45.0
154448,31.0
154528,42.0
154576,42.0
154608,41.0
154608,65.0
154640,50.0
154656,28.0
154688,25.0
154752,56.0
154848,41.0
154864,43.0
154880,40.0
154896,16.0
154944,23.0
154976,33.0
154992,105.0
155008,45.0
155040,51.0
155056,19.0
155072,34.0
155120,29.0
155200,65.0
155200,22.0
155280,37.0
155296,43.0
155456,30.0
155488,38.0
155584,29.0
155600,41.0
155600,34.0
155632,27.0
155808,48.0
155808,38.0
155888,56.0
155888,37.0
155936,83.0
156016,35.0
156048,28.0
156080,50.0
156112,14.0
156160,14.0
156224,46.0
156240,38.0
156272,79.0
156304,18.0
156352,93.0
156368,48.0
156384,93.0
156496,28.0
156512,44.0
156528,16.0
156560,30.0
156576,29.0
156640,30.0
156672,100.0
156672,18.0
156704,70.0
156720,14.0
156752,28.0
156816,36.0
156992,39.0
157008,41.0
157056,24.0
157120,26.0
157168,40.0
157232,42.0
157232,63.0
157248,85.0
157264,17.0
157344,37.0
157392,99.0
157488,14.0
157520,63.0
157520,59.0
157520,11.0
157568,20.0
157616,24.0
157616,59.0
157712,37.0
157744,46.0
157760,65.0
157872,44.0
157888,78.0
157888,23.0
157904,53.0
157936,20.0
158032,40.0
158144,17.0
158160,58.0
158208,37.0
158256,23.0
158288,25.0
158288,50.0
158320,94.0
158464,44.0
158528,63.0
158544,50.0
158544,32.0
158672,69.0
158672,33.0
158672,60.0
158736,50.0
158768,28.0
158816,41.0
158848,24.0
158944,43.0
159024,46.0
159152,30.0
159200,57.0
159200,16.0
159216,43.0
159312,112.0
159312,88.0
159408,46.0
159440,15.0
159504,52.0
159584,35.0
159632,12.0
159648,57.0
159648,50.0
159776,29.0
159792,61.0
159792,40.0
159808,38.0
159888,70.0
160016,32.0
160048,52.0
160064,95.0
160064,30.0
160160,122.0
160192,25.0
160272,108.0
160272,13.0
160384,46.0
160448,41.0
160480,27.0
160496,38.0
160512,22.0
160576,48.0
160592,36.0
160672,85.0
160704,67.0
160752,84.0
160784,12.0
160880,51.0
160880,25.0
160880,27.0
161024,47.0
161104,14.0
161120,58.0
161120,84.0
161216,27.0
161232,60.0
161312,104.0
161312,40.0
161440,59.0
161440,46.0
161440,43.0
161504,24.0
161520,59.0
161552,65.0
161552,42.0
161760,16.0
161776,29.0
161792,48.0
161808,58.0
161808,37.0
161872,47.0
161888,28.0
161920,25.0
161920,51.0
161968,46.0
162128,23.0
162176,46.0
162208,48.0
162272,29.0
162320,63.0
162368,28.0
162496,23.0
162496,38.0
162512,37.0
162656,18.0
162656,69.0
162672,44.0
162672,56.0
162688,30.0
162720,146.0
162736,59.0
162832,35.0
162912,37.0
162912,65.0
162928,27.0
162976,29.0
163056,25.0
163088,80.0
163120,13.0
163152,100.0
163184,33.0
163200,33.0
163200,29.0
163216,31.0
163280,38.0
163344,32.0
163344,53.0
163440,16.0
163504,83.0
163552,54.0
163568,23.0
163584,38.0
163584,24.0
163648,31.0
163792,22.0
163808,55.0
163856,19.0
163968,43.0
164000,13.0
164000,26.0
164032,51.0
164048,29.0
164048,44.0
164096,74.0
164112,66.0
164128,49.0
164144,36.0
164144,66.0
164336,76.0
164480,27.0
164512,54.0
164512,34.0
164544,31.0
164576,29.0
164640,71.0
164640,52.0
164656,20.0
164656,39.0
164784,41.0
164880,49.0
164896,47.0
164976,61.0
165008,72.0
165072,35.0
165136,41.0
165184,74.0
165216,36.0
165248,46.0
165280,13.0
165296,72.0
165344,43.0
165344,44.0
165456,57.0
165536,25.0
165584,63.0
165632,61.0
165648,19.0
165712,52.0
165760,14.0
165776,27.0
165776,31.0
165792,56.0
165792,51.0
165872,43.0
165904,56.0
165968,11.0
165968,32.0
165968,42.0
166000,14.0
166144,35.0
166224,36.0
166256,29.0
166336,35.0
166336,97.0
166384,73.0
166400,11.0
166432,29.0
166448,51.0
166560,53.0
166592,43.0
166640,42.0
166640,42.0
166704,23.0
166752,38.0
166768,48.0
166816,98.0
166896,40.0
166976,36.0
167072,46.0
167088,44.0
167152,37.0
167152,32.0
167184,27.0
167216,32.0
167280,40.0
167296,30.0
167344,57.0
167344,47.0
167408,40.0
167440,14.0
167456,19.0
167488,25.0
167488,108.0
167584,38.0
167584,19.0
167744,81.0
167776,27.0
167808,14.0
167808,121.0
167808,57.0
167840,22.0
167952,31.0
167968,35.0
168000,51.0
168032,34.0
168032,46.0
168144,67.0
168160,22.0
168240,17.0
168352,48.0
168368,64.0
168368,23.0
168368,33.0
168528,49.0
168528,31.0
168576,14.0
168576,71.0
168608,41.0
168640,52.0
168752,61.0
168800,48.0
168832,43.0
168960,113.0
168960,37.0
168960,72.0
168992,39.0
169008,53.0
169008,30.0
169056,28.0
169072,44.0
169216,29.0
169280,20.0
169312,49.0
169360,25.0
169408,73.0
169408,48.0
169504,32.0
169504,27.0
169600,37.0
169664,44.0
169680,23.0
169712,13.0
169712,57.0
169744,57.0
169792,46.0
169840,39.0
169856,53.0
169936,85.0
169984,20.0
170064,49.0
170096,46.0
170112,96.0
170208,26.0
170224,34.0
170272,54.0
170288,11.0
170320,38.0
170416,13.0
170448,38.0
170480,67.0
170528,15.0
170528,58.0
170528,34.0
170560,21.0
170576,40.0
170672,36.0
170688,39.0
170768,28.0
170848,71.0
170896,14.0
170912,88.0
170912,40.0
170928,67.0
171008,27.0
171024,31.0
171280,96.0
171344,49.0
171344,56.0
171360,52.0
171376,23.0
171408,55.0
171424,36.0
171440,42.0
171488,36.0
171520,65.0
171552,54.0
171600,42.0
171616,17.0
171648,77.0
171824,58.0
171952,33.0
171952,29.0
172000,40.0
172000,28.0
172032,39.0
172128,69.0
172288,40.0
172336,32.0
172384,92.0
172432,72.0
172432,62.0
172480,71.0
172560,38.0
172640,40.0
172704,83.0
172720,75.0
172800,26.0
172816,33.0
172896,59.0
172944,57.0
173008,63.0
173024,24.0
173024,37.0
173072,92.0
173152,42.0
173200,24.0
173248,43.0
173264,58.0
173280,13.0
173296,37.0
173296,17.0
173424,81.0
173440,12.0
173472,36.0
173504,35.0
173552,16.0
173584,123.0
173584,35.0
173696,31.0
173696,34.0
173760,30.0
173760,83.0
173840,36.0
173856,66.0
173872,36.0
173904,29.0
173920,75.0
173936,58.0
174112,43.0
174272,21.0
174320,25.0
174336,47.0
174352,50.0
174368,31.0
174400,44.0
174480,56.0
174672,57.0
174704,24.0
174720,22.0
174752,57.0
174752,78.0
174768,81.0
174784,24.0
174848,36.0
174944,37.0
174976,80.0
175056,75.0
175072,60.0
175120,26.0
175136,18.0
175200,33.0
175216,91.0
175328,38.0
175360,38.0
175392,57.0
175504,28.0
175568,77.0
175648,33.0
175664,45.0
175696,23.0
175712,46.0
175744,42.0
175744,115.0
175776,17.0
175824,43.0
175888,69.0
175904,72.0
175920,44.0
175936,73.0
176048,21.0
176048,53.0
176112,12.0
176224,36.0
176224,35.0
176272,24.0
176416,45.0
176416,42.0
176496,28.0
176528,16.0
176544,45.0
176592,30.0
176592,77.0
176592,11.0
176656,47.0
176720,83.0
176752,63.0
176768,45.0
176880,41.0
176976,28.0
176976,24.0
176992,66.0
177056,40.0
177104,55.0
177184,13.0
177248,33.0
177280,107.0
177392,101.0
177424,41.0
177456,54.0
177520,64.0
177520,48.0
177536,34.0
177568,64.0
177600,34.0
177600,22.0
177728,39.0
177728,53.0
177744,11.0
177840,54.0
177856,20.0
178048,20.0
178048,87.0
178080,35.0
178080,39.0
178096,44.0
178128,33.0
178144,25.0
178176,41.0
178336,46.0
178352,16.0
178448,45.0
178448,23.0
178496,41.0
178624,36.0
178640,37.0
178640,49.0
178688,12.0
178720,90.0
178784,28.0
178800,39.0
178816,11.0
178816,87.0
178848,25.0
178848,141.0
178864,15.0
178880,33.0
178880,15.0
179040,57.0
179104,26.0
179136,66.0
179168,64.0
179168,124.0
179200,22.0
179216,21.0
179296,27.0
179312,37.0
179360,12.0
179360,16.0
179392,36.0
179440,62.0
179456,16.0
179536,46.0
179584,34.0
179648,52.0
179728,17.0
179744,60.0
179744,27.0
179760,14.0
179776,56.0
179872,14.0
179888,33.0
179888,33.0
179984,53.0
180032,46.0
180128,46.0
180160,45.0
180192,38.0
180256,33.0
180432,42.0
180464,36.0
180544,50.0
180544,86.0
180544,32.0
180576,108.0
180576,43.0
180656,55.0
180656,90.0
180688,31.0
180736,62.0
180848,45.0
181072,51.0
181088,34.0
181184,82.0
181248,79.0
181264,45.0
181280,46.0
181392,41.0
181408,35.0
181424,53.0
181456,64.0
181456,62.0
181552,87.0
181568,20.0
181616,60.0
181632,59.0
181664,36.0
181680,14.0
181680,69.0
181760,31.0
181776,37.0
181792,25.0
181840,18.0
181968,32.0
182032,47.0
182032,60.0
182048,27.0
182064,41.0
182096,42.0
182320,30.0
182336,19.0
182336,36.0
182384,108.0
182416,46.0
182432,50.0
182464,31.0
182480,51.0
182512,46.0
182528,60.0
182592,57.0
182672,55.0
182752,41.0
182768,46.0
182832,26.0
182880,34.0
182896,19.0
182896,29.0
182960,56.0
182976,40.0
183008,39.0
183072,64.0
183152,52.0
183248,17.0
183296,26.0
183296,33.0
183312,50.0
183424,33.0
183472,14.0
183552,45.0
183648,73.0
183728,61.0
183728,45.0
183760,81.0
183808,57.0
183808,46.0
183824,42.0
183888,85.0
184000,36.0
184032,45.0
184064,48.0
184064,15.0
184064,32.0
184208,30.0
184224,97.0
184272,50.0
184272,61.0
184304,36.0
184320,32.0
184368,45.0
184384,89.0
184432,34.0
184448,24.0
184464,44.0
184496,43.0
184544,32.0
184688,26.0
184688,43.0
184736,42.0
184752,24.0
184912,37.0
184960,36.0
184976,47.0
184992,43.0
185008,34.0
185056,39.0
185056,62.0
185136,24.0
185152,44.0
185152,59.0
185168,39.0
185328,20.0
185344,67.0
185472,35.0
185552,24.0
185600,57.0
185648,72.0
185664,20.0
185680,45.0
185680,62.0
185696,34.0
185760,64.0
185776,28.0
185808,52.0
185968,51.0
186064,23.0
186064,63.0
186064,37.0
186080,64.0
186112,28.0
186112,35.0
186128,28.0
186144,11.0
186192,26.0
186368,45.0
186384,87.0
186448,82.0
186464,49.0
186480,42.0
186496,56.0
186672,34.0
186704,37.0
186736,42.0
186784,64.0
186800,45.0
186816,28.0
186960,56.0
187008,35.0
187024,40.0
187088,26.0
187104,62.0
187184,30.0
187200,44.0
187216,25.0
187216,46.0
187232,65.0
187376,17.0
187520,46.0
187536,87.0
187552,68.0
187584,31.0
187616,15.0
187680,59.0
187696,102.0
187696,30.0
187712,47.0
187840,52.0
187888,54.0
187920,70.0
187920,44.0
188064,14.0
188128,15.0
188144,57.0
188176,16.0
188176,35.0
188208,31.0
188272,13.0
188288,44.0
188320,25.0
188368,74.0
188416,46.0
188416,45.0
188528,52.0
188544,17.0
188576,64.0
188576,65.0
188592,67.0
188624,89.0
188688,35.0
188736,37.0
188752,36.0
188784,38.0
188800,11.0
188848,20.0
188944,12.0
188960,24.0
188992,36.0
189024,14.0
189024,44.0
189024,51.0
189056,48.0
189152,35.0
189168,47.0
189200,52.0
189232,13.0
189296,17.0
189392,44.0
189440,54.0
189488,27.0
189568,39.0
189600,36.0
189664,44.0
189696,60.0
189712,30.0
189776,38.0
189792,63.0
189808,51.0
189888,14.0
189904,44.0
189904,85.0
189904,66.0
189920,20.0
189920,39.0
189952,29.0
190144,47.0
190208,27.0
190304,25.0
190384,51.0
190432,32.0
190480,65.0
190480,33.0
190496,44.0
190528,52.0
190656,48.0
190656,46.0
190736,13.0
190784,102.0
190880,14.0
190896,74.0
190912,63.0
190928,28.0
190992,43.0
191008,69.0
191040,56.0
191056,78.0
191072,12.0
191120,43.0
191120,46.0
191328,37.0
191328,52.0
191408,32.0
191456,50.0
191504,31.0
191536,31.0
191584,69.0
191600,43.0
191664,34.0
191696,39.0
191696,40.0
191712,94.0
191776,28.0
191840,57.0
191840,32.0
191904,49.0
191936,33.0
191936,59.0
192080,26.0
192176,21.0
192192,30.0
192224,90.0
192368,42.0
192368,27.0
192384,55.0
192400,31.0
192432,41.0
192512,51.0
192528,58.0
192576,25.0
192592,13.0
192720,33.0
192736,13.0
192800,79.0
192800,36.0
192800,27.0
192976,95.0
193008,89.0
193056,39.0
193088,45.0
193104,19.0
193104,79.0
193120,20.0
193184,49.0
193216,44.0
193312,21.0
193328,78.0
193376,50.0
193392,17.0
193392,42.0
193392,24.0
193408,42.0
193520,13.0
193568,29.0
193600,26.0
193712,57.0
193776,16.0
193840,119.0
193872,30.0
193888,52.0
194000,56.0
194016,38.0
194096,44.0
194112,49.0
194176,49.0
194176,99.0
194192,69.0
194192,30.0
194224,63.0
194448,36.0
194464,68.0
194544,41.0
194592,26.0
194608,38.0
194672,30.0
194784,42.0
194816,40.0
194832,77.0
194848,25.0
194944,58.0
194944,86.0
194976,49.0
194992,72.0
194992,76.0
194992,33.0
195008,29.0
195136,57.0
195152,35.0
195200,23.0
195216,38.0
195264,26.0
195296,19.0
195296,19.0
195296,22.0
195456,19.0
195456,32.0
195472,50.0
195488,44.0
195584,28.0
195648,97.0
195696,30.0
195760,49.0
195808,32.0
195840,24.0
195920,57.0
195936,28.0
195952,41.0
196000,33.0
196032,48.0
196048,47.0
196144,72.0
196144,24.0
196240,41.0
196272,20.0
196272,17.0
196320,18.0
196320,42.0
196448,78.0
196560,26.0
196608,72.0
196656,46.0
196688,28.0
196720,28.0
196736,26.0
196736,65.0
196736,120.0
196832,49.0
196896,66.0
196928,15.0
196976,26.0
197056,46.0
197072,79.0
197088,59.0
197120,53.0
197248,50.0
197296,36.0
197328,13.0
197440,44.0
197488,41.0
197504,98.0
197520,54.0
197648,20.0
197760,20.0
197760,64.0
197760,32.0
197776,50.0
197792,54.0
197920,17.0
197952,41.0
197968,28.0
197984,58.0
198032,59.0
198064,18.0
198240,73.0
198256,31.0
198320,89.0
198320,23.0
198336,26.0
198352,37.0
198368,55.0
198432,42.0
198528,35.0
198640,41.0
198640,127.0
198640,53.0
198672,73.0
198832,48.0
198928,56.0
198944,39.0
199024,44.0
199056,51.0
199088,46.0
199104,148.0
199104,46.0
199152,32.0
199200,35.0
199280,38.0
199376,46.0
199424,31.0
199424,73.0
199440,38.0
199552,70.0
199568,29.0
199584,24.0
199632,81.0
199664,24.0
199728,75.0
199776,39.0
199808,49.0
199808,24.0
199824,55.0
199904,51.0
200000,56.0
200064,32.0
200128,14.0
200160,33.0
200160,49.0
200176,38.0
200208,30.0
200208,34.0
200224,49.0
200320,79.0
200384,36.0
200496,18.0
200496,21.0
200512,24.0
200512,28.0
200528,44.0
200592,63.0
200592,27.0
200608,50.0
200688,57.0
200832,21.0
200896,92.0
200976,41.0
200992,62.0
201008,50.0
201152,39.0
201184,42.0
201184,37.0
201200,44.0
201216,44.0
201248,17.0
201264,23.0
201344,73.0
201360,42.0
201456,39.0
201472,54.0
201520,32.0
201568,24.0
201648,31.0
201680,68.0
201728,29.0
201824,100.0
201840,39.0
201840,31.0
201920,35.0
201920,58.0
201952,98.0
202064,54.0
202128,55.0
202160,40.0
202192,15.0
202288,38.0
202304,36.0
202400,35.0
202416,48.0
202416,53.0
202528,84.0
202528,66.0
202544,45.0
202576,46.0
202704,49.0
202704,49.0
202784,30.0
202800,38.0
203120,36.0
203264,46.0
203280,76.0
203280,54.0
203296,63.0
203392,79.0
203408,62.0
203424,45.0
203504,50.0
203648,24.0
203648,33.0
203696,96.0
203712,57.0
203728,72.0
203824,34.0
203824,89.0
203840,34.0
203840,35.0
203888,69.0
203920,33.0
203936,32.0
203968,157.0
204032,24.0
204112,26.0
204144,11.0
204144,27.0
204160,47.0
204384,46.0
204432,32.0
204448,45.0
204448,26.0
204512,63.0
204544,38.0
204672,53.0
204688,53.0
204688,54.0
204704,51.0
204784,141.0
204848,46.0
204928,48.0
204960,32.0
204960,26.0
205056,39.0
205104,60.0
205168,83.0
205200,51.0
205264,51.0
205280,38.0
205312,29.0
205328,40.0
205376,54.0
205424,20.0
205520,51.0
205584,19.0
205632,53.0
205664,61.0
205680,45.0
205712,32.0
205712,98.0
205712,12.0
205728,50.0
205792,46.0
205824,54.0
205872,38.0
205920,13.0
206080,23.0
206096,49.0
206144,29.0
206144,22.0
206272,69.0
206272,40.0
206288,57.0
206304,13.0
206336,42.0
206384,32.0
206400,51.0
206416,62.0
206432,44.0
206448,33.0
206544,25.0
206560,46.0
206576,27.0
206624,34.0
206624,81.0
206672,17.0
206848,36.0
206928,16.0
206960,34.0
206976,44.0
207024,82.0
207040,38.0
207072,39.0
207168,52.0
207184,16.0
207280,27.0
207296,63.0
207296,14.0
207360,46.0
207424,29.0
207552,62.0
207600,35.0
207600,27.0
207616,37.0
207616,62.0
207712,83.0
207744,9.0
207776,37.0
207792,78.0
207824,33.0
207856,15.0
207872,36.0
207936,102.0
208064,44.0
208096,95.0
208192,30.0
208272,45.0
208288,26.0
208336,35.0
208384,88.0
208416,35.0
208448,52.0
208464,40.0
208496,44.0
208528,69.0
208592,31.0
208608,20.0
208752,26.0
208800,21.0
208832,48.0
209024,27.0
209024,26.0
209168,98.0
209200,23.0
209248,50.0
209248,54.0
209376,39.0
209424,105.0
209552,66.0
209568,48.0
209600,88.0
209680,150.0
209712,29.0
209728,22.0
209776,47.0
209872,91.0
209872,12.0
209904,123.0
209920,103.0
210048,30.0
210080,41.0
210128,26.0
210208,41.0
210208,30.0
210240,107.0
210304,80.0
210304,66.0
210336,35.0
210368,73.0
210608,90.0
210720,51.0
210800,42.0
210864,39.0
210896,53.0
210928,35.0
210992,49.0
210992,70.0
211008,88.0
211040,11.0
211072,72.0
211088,49.0
211152,27.0
211200,54.0
211344,22.0
211440,28.0
211456,72.0
211520,37.0
211632,46.0
211664,91.0
211680,100.0
211696,68.0
211728,33.0
211792,62.0
211808,46.0
211824,24.0
211840,31.0
211936,26.0
212000,21.0
212240,77.0
212256,39.0
212272,34.0
212288,75.0
212384,43.0
212384,44.0
212464,12.0
212496,16.0
212544,44.0
212544,68.0
212560,168.0
212592,37.0
212624,92.0
212784,33.0
212912,70.0
212912,33.0
212976,43.0
213008,29.0
213024,35.0
213056,27.0
213072,36.0
213072,78.0
213136,83.0
213136,14.0
213152,35.0
213184,40.0
213264,12.0
213280,31.0
213328,48.0
213344,17.0
213424,32.0
213472,152.0
213520,29.0
213568,24.0
213600,11.0
213600,39.0
213600,104.0
213616,38.0
213696,27.0
213904,36.0
213952,22.0
213984,100.0
214048,48.0
214064,31.0
214064,37.0
214096,47.0
214128,38.0
214144,34.0
214272,23.0
214272,71.0
214336,40.0
214368,77.0
214400,50.0
214528,94.0
214528,36.0
214544,30.0
214544,30.0
214640,37.0
214896,23.0
214928,37.0
214928,41.0
214976,53.0
215056,41.0
215088,51.0
215104,46.0
215120,37.0
215168,33.0
215200,76.0
215216,70.0
215248,22.0
215312,135.0
215312,73.0
215328,22.0
215440,56.0
215472,58.0
215600,42.0
215616,33.0
215632,44.0
215648,25.0
215728,42.0
215744,39.0
215840,46.0
215888,35.0
215952,49.0
215968,48.0
216064,29.0
216080,54.0
216128,24.0
216144,158.0
216288,51.0
216336,28.0
216336,64.0
216384,47.0
216384,59.0
216400,68.0
216480,40.0
216768,50.0
216816,46.0
216816,27.0
216976,31.0
216992,84.0
217008,42.0
217072,58.0
217104,48.0
217136,53.0
217136,74.0
217168,69.0
217232,26.0
217248,102.0
217344,36.0
217392,36.0
217456,24.0
217472,67.0
217536,113.0
217584,75.0
217600,29.0
217712,30.0
217728,46.0
217744,46.0
217824,106.0
217856,47.0
217952,44.0
218016,30.0
218096,60.0
218096,23.0
218192,64.0
218368,22.0
218448,69.0
218496,40.0
218528,44.0
218560,29.0
218704,60.0
218752,73.0
218816,45.0
218864,79.0
218864,118.0
218880,73.0
218912,29.0
218976,64.0
219024,41.0
219040,34.0
219104,102.0
219152,39.0
219232,26.0
219312,116.0
219424,32.0
219440,78.0
219456,14.0
219504,50.0
219520,133.0
219584,34.0
219584,45.0
219872,23.0
219920,73.0
219936,52.0
219984,35.0
220000,70.0
220064,39.0
220160,71.0
220176,64.0
220176,54.0
220240,79.0
220288,19.0
220320,46.0
220448,54.0
220512,122.0
220576,66.0
220608,23.0
220688,23.0
220720,41.0
220736,28.0
220784,38.0
220784,49.0
220864,59.0
220896,28.0
220912,128.0
221024,28.0
221040,99.0
221072,18.0
221152,26.0
221232,85.0
221248,68.0
221248,40.0
221312,37.0
221344,30.0
221392,38.0
221472,81.0
221536,53.0
221536,100.0
221552,40.0
221552,65.0
221680,38.0
221776,55.0
221872,53.0
221920,23.0
221920,38.0
221936,44.0
222000,41.0
222032,31.0
222032,49.0
222080,38.0
222096,66.0
222128,28.0
222224,67.0
222240,62.0
222256,21.0
222288,47.0
222288,23.0
222368,61.0
222416,40.0
222448,23.0
222480,28.0
222512,26.0
222576,64.0
222688,25.0
222704,52.0
222704,44.0
222720,37.0
222816,25.0
222832,36.0
222880,23.0
222880,25.0
222992,44.0
223008,35.0
223024,68.0
223104,26.0
223136,56.0
223152,49.0
223200,20.0
223232,25.0
223232,63.0
223392,43.0
223408,43.0
223472,20.0
223472,37.0
223520,24.0
223584,30.0
223584,97.0
223616,24.0
223680,61.0
223840,40.0
223872,40.0
223904,68.0
224080,43.0
224176,37.0
224176,44.0
224192,101.0
224224,51.0
224272,43.0
224288,26.0
224288,51.0
224288,38.0
224336,51.0
224416,88.0
224512,93.0
224528,43.0
224560,41.0
224640,103.0
224640,28.0
224656,23.0
224672,37.0
224800,74.0
224960,46.0
225104,28.0
225104,51.0
225120,30.0
225136,60.0
225168,52.0
225248,45.0
225360,67.0
225392,27.0
225440,48.0
225504,54.0
225504,59.0
225520,45.0
225536,85.0
225568,28.0
225648,34.0
225648,71.0
225664,87.0
225728,21.0
225808,35.0
225888,15.0
225888,28.0
225920,47.0
226128,13.0
226176,40.0
226176,42.0
226224,68.0
226224,54.0
226272,24.0
226368,30.0
226384,80.0
226384,123.0
226384,55.0
226480,47.0
226576,25.0
226592,59.0
226624,51.0
226672,34.0
226800,26.0
226800,33.0
226816,28.0
226816,72.0
226848,23.0
226864,40.0
226864,40.0
226960,36.0
227072,97.0
227136,60.0
227152,99.0
227296,27.0
227312,28.0
227328,23.0
227360,34.0
227360,34.0
227376,36.0
227488,56.0
227504,55.0
227520,59.0
227600,58.0
227680,24.0
227680,55.0
227760,43.0
227808,30.0
227872,31.0
227888,24.0
227920,38.0
227952,69.0
227984,39.0
228016,21.0
228016,33.0
228096,31.0
228144,62.0
228144,110.0
228192,32.0
228240,69.0
228304,26.0
228432,12.0
228496,32.0
228512,31.0
228560,16.0
228608,78.0
228624,27.0
228752,50.0
228816,56.0
228912,30.0
228928,66.0
228944,53.0
228944,50.0
228960,29.0
228960,51.0
228960,72.0
229056,96.0
229152,71.0
229216,91.0
229232,30.0
229296,42.0
229328,23.0
229440,52.0
229504,37.0
229536,45.0
229600,42.0
229632,30.0
229648,71.0
229696,71.0
229696,40.0
229728,48.0
229808,23.0
229808,53.0
229888,59.0
229888,37.0
229984,47.0
230048,69.0
230096,48.0
230112,38.0
230112,56.0
230192,41.0
230208,14.0
230240,34.0
230304,38.0
230352,29.0
230352,34.0
230448,50.0
230512,55.0
230512,57.0
230528,45.0
230560,42.0
230560,22.0
230592,30.0
230608,23.0
230624,36.0
230640,12.0
230960,77.0
230992,50.0
231040,27.0
231072,61.0
231088,46.0
231104,37.0
231120,63.0
231200,15.0
231280,58.0
231312,47.0
231328,46.0
231344,49.0
231344,65.0
231440,51.0
231472,60.0
231488,60.0
231568,36.0
231664,20.0
231744,34.0
231888,78.0
231888,51.0
231904,49.0
231904,54.0
231952,54.0
231984,34.0
232000,43.0
232048,24.0
232080,38.0
232160,26.0
232192,68.0
232240,47.0
232256,58.0
232400,70.0
232416,53.0
232432,27.0
232448,31.0
232480,31.0
232576,43.0
232592,34.0
232624,12.0
232688,33.0
232752,42.0
232768,89.0
232800,56.0
232816,58.0
232928,64.0
232944,47.0
233024,28.0
233072,28.0
233104,54.0
233104,22.0
233136,45.0
233136,46.0
233184,31.0
233248,48.0
233344,33.0
233392,28.0
233408,72.0
233664,40.0
233712,36.0
233728,30.0
233760,82.0
233760,60.0
233776,42.0
233808,65.0
233808,76.0
233824,43.0
233824,30.0
233984,66.0
234000,58.0
234032,39.0
234112,28.0
234176,23.0
234176,49.0
234224,14.0
234256,27.0
234288,29.0
234352,37.0
234416,27.0
234432,45.0
234480,44.0
234544,51.0
234608,22.0
234624,51.0
234640,26.0
234672,40.0
234704,59.0
234704,95.0
234704,100.0
234736,35.0
234880,48.0
234880,11.0
235072,49.0
235088,57.0
235104,39.0
235152,26.0
235264,57.0
235280,46.0
235296,12.0
235328,44.0
235344,42.0
235408,48.0
235472,48.0
235488,49.0
235616,20.0
235616,74.0
235648,48.0
235728,82.0
235744,41.0
235760,43.0
235792,74.0
235936,33.0
236032,24.0
236112,20.0
236144,33.0
236160,34.0
236192,44.0
236208,59.0
236240,48.0
236288,88.0
236288,33.0
236336,66.0
236416,79.0
236448,69.0
236448,32.0
236608,80.0
236656,23.0
236752,64.0
236768,64.0
236816,38.0
236864,52.0
236896,47.0
236928,48.0
236944,33.0
236976,40.0
237120,58.0
237152,24.0
237168,19.0
237184,59.0
237216,35.0
237504,43.0
237504,38.0
237536,78.0
237536,38.0
237552,50.0
237568,70.0
237600,72.0
237728,70.0
237760,40.0
237776,38.0
237776,52.0
237840,108.0
237904,47.0
237904,19.0
237936,24.0
237952,24.0
237968,62.0
238000,31.0
238016,32.0
238208,64.0
238320,49.0
238320,34.0
238432,42.0
238464,35.0
238480,40.0
238576,42.0
238592,37.0
238608,52.0
238640,13.0
238768,50.0
238784,48.0
238800,79.0
238832,69.0
238896,36.0
238928,29.0
239072,37.0
239088,30.0
239120,50.0
239200,39.0
239216,125.0
239248,28.0
239280,83.0
239360,27.0
239488,25.0
239504,98.0
239520,47.0
239536,83.0
239568,42.0
239664,28.0
239696,57.0
239728,28.0
239744,72.0
240080,55.0
240128,93.0
240144,28.0
240224,45.0
240240,45.0
240256,71.0
240288,13.0
240352,62.0
240352,38.0
240384,51.0
240384,56.0
240448,45.0
240608,29.0
240640,26.0
240656,19.0
240688,64.0
240720,27.0
240736,93.0
240752,105.0
240864,46.0
240960,36.0
241024,48.0
241040,20.0
241040,24.0
241104,142.0
241104,47.0
241136,25.0
241232,39.0
241296,21.0
241344,69.0
241344,113.0
241360,57.0
241456,37.0
241520,52.0
241616,20.0
241632,62.0
241632,38.0
241696,35.0
241792,65.0
241840,31.0
241840,31.0
241856,51.0
241872,15.0
241888,27.0
242064,34.0
242080,61.0
242096,54.0
242096,30.0
242112,67.0
242224,21.0
242336,34.0
242336,31.0
242336,30.0
242464,52.0
242464,37.0
242480,26.0
242560,28.0
242576,15.0
242688,38.0
242720,146.0
242752,87.0
242752,41.0
242768,12.0
242832,62.0
242848,39.0
242944,12.0
242960,116.0
242976,40.0
243088,87.0
243120,25.0
243152,43.0
243264,27.0
243344,24.0
243376,43.0
243408,35.0
243424,68.0
243424,59.0
243440,84.0
243440,11.0
243584,27.0
243792,22.0
243808,65.0
243840,26.0
243872,31.0
243888,28.0
243920,85.0
243936,62.0
244016,27.0
244016,97.0
244288,55.0
244336,62.0
244432,37.0
244448,40.0
244480,108.0
244512,39.0
244544,98.0
244544,47.0
244560,40.0
244624,47.0
244704,80.0
244720,17.0
244720,100.0
244752,46.0
244768,47.0
244832,25.0
244832,56.0
244848,32.0
244864,111.0
245056,18.0
245120,26.0
245136,26.0
245152,42.0
245184,22.0
245376,51.0
245392,48.0
245408,54.0
245408,56.0
245424,71.0
245520,61.0
245552,50.0
245600,48.0
245600,55.0
245648,37.0
245696,36.0
245824,43.0
245840,61.0
245904,31.0
245936,26.0
245968,36.0
246032,41.0
246160,20.0
246224,36.0
246320,71.0
246464,54.0
246464,57.0
246464,101.0
246512,34.0
246528,69.0
246608,49.0
246752,53.0
246832,77.0
246848,90.0
246896,27.0
246912,61.0
247040,118.0
247120,89.0
247168,59.0
247168,53.0
247216,74.0
247232,20.0
247424,60.0
247520,42.0
247520,48.0
247600,68.0
247680,32.0
247712,37.0
247744,57.0
247760,72.0
247824,38.0
247824,104.0
247840,26.0
247856,39.0
247872,22.0
247968,94.0
248096,75.0
248304,79.0
248368,115.0
248368,38.0
248384,49.0
248416,35.0
248512,42.0
248544,42.0
248624,57.0
248704,64.0
248752,63.0
248784,60.0
248816,81.0
248880,107.0
248896,58.0
248960,54.0
248992,73.0
249040,33.0
249136,32.0
249136,48.0
249232,26.0
249232,53.0
249312,35.0
249328,57.0
249376,26.0
249392,43.0
249424,66.0
249536,34.0
249616,24.0
249648,26.0
249680,34.0
249680,22.0
249712,42.0
249744,90.0
249776,77.0
249776,55.0
249840,29.0
250016,37.0
250160,28.0
250192,55.0
250224,52.0
250240,31.0
250240,39.0
250256,70.0
250304,95.0
250336,91.0
250368,37.0
250432,49.0
250480,29.0
250512,52.0
250592,51.0
250608,24.0
250624,49.0
250640,60.0
250704,32.0
250736,30.0
250816,32.0
250832,81.0
250848,43.0
250896,24.0
250912,27.0
251008,36.0
251152,34.0
251152,51.0
251152,57.0
251184,59.0
251248,25.0
251248,26.0
251312,36.0
251312,43.0
251328,32.0
251472,52.0
251472,35.0
251520,51.0
251536,24.0
251536,40.0
251648,66.0
251680,42.0
251776,39.0
251792,30.0
251936,16.0
252032,49.0
252032,45.0
252144,56.0
252144,31.0
252224,43.0
252240,44.0
252288,51.0
252320,122.0
252384,15.0
252400,76.0
252448,61.0
252464,82.0
252480,72.0
252592,51.0
252608,29.0
252624,25.0
252672,55.0
252704,26.0
252768,52.0
252928,43.0
252960,58.0
252960,22.0
252960,32.0
252976,13.0
253024,94.0
253024,25.0
253072,65.0
253104,27.0
253120,26.0
253152,43.0
253216,46.0
253216,18.0
253376,66.0
253376,14.0
253456,27.0
253632,26.0
253808,37.0
253824,53.0
253856,47.0
253856,91.0
253888,54.0
253904,95.0
253968,37.0
254016,89.0
254032,14.0
254048,42.0
254192,70.0
254256,81.0
254288,83.0
254384,33.0
254400,32.0
254528,98.0
254544,32.0
254688,27.0
254784,72.0
254816,62.0
254816,17.0
254832,61.0
254864,88.0
254880,110.0
254896,53.0
254912,63.0
254912,14.0
254928,46.0
254928,57.0
254992,64.0
255072,42.0
255120,19.0
255120,52.0
255296,27.0
255440,41.0
255456,34.0
255504,43.0
255520,37.0
255568,46.0
255584,41.0
255600,43.0
255632,40.0
255632,35.0
255648,79.0
255680,72.0
255760,55.0
255760,54.0
255888,23.0
255888,28.0
255952,41.0
256016,28.0
256080,30.0
256128,63.0
256176,45.0
256256,38.0
256304,74.0
256304,26.0
256384,55.0
256480,50.0
256528,48.0
256688,66.0
256688,58.0
256736,38.0
256816,74.0
256848,34.0
256880,50.0
256960,14.0
256992,43.0
257088,57.0
257136,74.0
257136,20.0
257152,79.0
257184,21.0
257248,77.0
257280,106.0
257328,40.0
257408,20.0
257424,46.0
257440,60.0
257472,76.0
257584,11.0
257600,28.0
257600,22.0
257600,40.0
257712,33.0
257728,37.0
257728,75.0
257760,48.0
257840,44.0
257856,61.0
257968,16.0
258032,103.0
258048,36.0
258080,30.0
258096,48.0
258112,52.0
258112,32.0
258192,27.0
258304,54.0
258320,37.0
258352,32.0
258416,35.0
258448,21.0
258576,34.0
258576,61.0
258608,74.0
258608,40.0
258720,17.0
258720,40.0
258848,50.0
258864,80.0
258864,35.0
258912,50.0
258912,37.0
258976,49.0
259104,43.0
259136,26.0
259168,90.0
259232,24.0
259248,72.0
259312,25.0
259376,32.0
259376,50.0
259504,17.0
259616,19.0
259632,57.0
259664,66.0
259728,51.0
259744,55.0
259936,60.0
259952,100.0
260000,39.0
260096,45.0
260128,95.0
260144,30.0
260176,63.0
260176,100.0
260208,44.0
260352,16.0
260368,23.0
260480,19.0
260496,34.0
260576,28.0
260576,60.0
260624,17.0
260624,26.0
260624,93.0
260672,65.0
260720,36.0
260720,92.0
260928,74.0
260976,78.0
261008,119.0
261056,70.0
261072,28.0
261184,63.0
261184,38.0
261296,18.0
261344,42.0
261376,55.0
261392,48.0
261424,59.0
261472,56.0
261488,26.0
261504,49.0
261504,55.0
261712,84.0
261744,35.0
261792,26.0
261808,26.0
261920,62.0
261952,77.0
261984,58.0
261984,32.0
262048,39.0
262112,38.0
262176,52.0
262224,30.0
262224,65.0
262240,33.0
262240,20.0
262304,51.0
262480,61.0
262576,39.0
262624,40.0
262624,52.0
262688,55.0
262688,44.0
262736,35.0
262784,34.0
262816,115.0
262832,38.0
262928,44.0
262992,59.0
262992,106.0
263072,28.0
263088,61.0
263264,40.0
263376,43.0
263376,71.0
263392,57.0
263440,39.0
263472,30.0
263488,41.0
263504,75.0
263520,46.0
263568,12.0
263696,60.0
263696,63.0
263856,24.0
263952,32.0
263952,28.0
263952,55.0
263952,60.0
264032,48.0
264032,91.0
264144,47.0
264160,40.0
264192,31.0
264384,12.0
264400,28.0
264416,29.0
264416,45.0
264432,30.0
264464,20.0
264512,71.0
264528,60.0
264544,66.0
264832,28.0
264864,63.0
264944,30.0
264944,116.0
264992,30.0
265056,40.0
265120,44.0
265168,40.0
265360,88.0
265392,35.0
265424,55.0
265440,28.0
265472,65.0
265552,72.0
265568,165.0
265600,15.0
265600,46.0
265616,99.0
265632,43.0
265648,33.0
265664,31.0
265712,105.0
265744,20.0
265872,25.0
265888,28.0
266016,23.0
266096,31.0
266096,13.0
266272,42.0
266320,38.0
266336,80.0
266416,53.0
266432,43.0
266496,25.0
266512,12.0
266528,61.0
266528,148.0
266608,46.0
266704,43.0
266784,70.0
266800,29.0
266816,89.0
266944,33.0
267008,87.0
267040,38.0
267056,16.0
267056,60.0
267104,37.0
267152,41.0
267184,57.0
267200,42.0
267248,29.0
267248,27.0
267296,147.0
267344,107.0
267408,29.0
267504,31.0
267552,28.0
267584,33.0
267600,62.0
267600,56.0
267632,36.0
267632,37.0
267648,15.0
267664,26.0
267760,35.0
267904,25.0
267952,44.0
267952,41.0
268080,30.0
268096,21.0
268192,35.0
268304,111.0
268352,45.0
268448,54.0
268464,50.0
268464,32.0
268480,81.0
268512,60.0
268544,59.0
268608,91.0
268704,32.0
268832,93.0
268928,30.0
269008,57.0
269008,44.0
269024,32.0
269056,28.0
269072,45.0
269136,42.0
269152,75.0
269264,74.0
269264,35.0
269392,93.0
269456,12.0
269472,62.0
269536,30.0
269552,119.0
269568,31.0
269648,51.0
269680,26.0
269776,53.0
269792,49.0
269824,80.0
269920,17.0
269968,59.0
269984,95.0
270048,36.0
270112,61.0
270144,47.0
270192,65.0
270320,82.0
270336,55.0
270384,51.0
270384,29.0
270416,27.0
270416,55.0
270448,25.0
270576,49.0
270592,28.0
270672,35.0
270672,44.0
270672,56.0
270704,18.0
270704,55.0
270816,39.0
270896,30.0
270912,36.0
270976,81.0
271008,39.0
271008,39.0
271024,44.0
271056,94.0
271088,26.0
271264,35.0
271312,46.0
271328,46.0
271392,36.0
271408,25.0
271424,61.0
271488,30.0
271488,51.0
271520,29.0
271600,32.0
271648,61.0
271696,24.0
271696,50.0
271808,20.0
271808,26.0
271920,59.0
271936,77.0
272064,26.0
272080,41.0
272080,47.0
272128,27.0
272240,76.0
272320,32.0
272384,43.0
272400,30.0
272416,30.0
272512,100.0
272528,28.0
272560,60.0
272592,33.0
272592,32.0
272672,27.0
272720,75.0
272768,40.0
272816,83.0
272864,66.0
272992,99.0
273024,31.0
273104,34.0
273184,29.0
273184,32.0
273232,45.0
273232,123.0
273264,53.0
273296,33.0
273296,56.0
273328,63.0
273424,35.0
273552,46.0
273632,25.0
273664,80.0
273712,33.0
273840,78.0
273920,83.0
274016,43.0
274016,45.0
274048,54.0
274096,52.0
274224,37.0
274272,16.0
274320,83.0
274368,79.0
274464,50.0
274480,29.0
274544,44.0
274560,79.0
274560,63.0
274608,99.0
274704,21.0
274704,80.0
274752,30.0
274816,48.0
274848,47.0
274896,12.0
274944,107.0
275200,61.0
275232,82.0
275248,96.0
275264,28.0
275392,57.0
275408,53.0
275472,63.0
275488,58.0
275600,47.0
275712,19.0
275760,51.0
275808,36.0
275840,71.0
276048,36.0
276112,112.0
276144,78.0
276144,87.0
276160,22.0
276208,100.0
276208,63.0
276448,75.0
276464,75.0
276544,27.0
276576,68.0
276592,52.0
276592,128.0
276608,56.0
276624,49.0
276624,26.0
276656,32.0
276656,79.0
276656,32.0
276672,29.0
276848,16.0
276992,87.0
277024,54.0
277040,29.0
277056,32.0
277120,29.0
277136,43.0
277216,35.0
277328,45.0
277424,86.0
277440,53.0
277456,50.0
277568,69.0
277616,48.0
277808,48.0
277840,73.0
277920,49.0
277952,83.0
277952,39.0
278048,62.0
278064,40.0
278096,30.0
278112,41.0
278144,36.0
278176,46.0
278240,70.0
278272,29.0
278304,68.0
278336,26.0
278336,82.0
278400,111.0
278528,30.0
278720,41.0
278736,35.0
278800,53.0
278880,48.0
278912,24.0
278912,120.0
278944,42.0
278960,54.0
279040,46.0
279104,72.0
279136,81.0
279168,52.0
279264,24.0
279280,65.0
279312,25.0
279312,73.0
279344,11.0
279344,38.0
279504,35.0
279536,75.0
279584,54.0
279616,76.0
279664,44.0
279712,38.0
279744,44.0
279824,64.0
279856,59.0
279920,36.0
279936,14.0
280128,37.0
280272,71.0
280336,30.0
280352,38.0
280384,50.0
280432,72.0
280512,43.0
280544,58.0
280624,82.0
280624,85.0
280720,23.0
280736,87.0
280800,71.0
280816,56.0
280848,26.0
280880,47.0
280896,24.0
281088,72.0
281184,57.0
281280,30.0
281296,25.0
281312,61.0
281312,113.0
281312,125.0
281392,36.0
281504,60.0
281536,50.0
281536,57.0
281584,17.0
281696,82.0
281696,53.0
281712,27.0
281744,13.0
281792,25.0
281808,58.0
281824,33.0
281872,21.0
281872,35.0
281904,51.0
282016,81.0
282096,25.0
282176,24.0
282240,101.0
282288,69.0
282288,61.0
282336,40.0
282368,31.0
282384,30.0
282384,40.0
282560,34.0
282560,46.0
282608,50.0
282608,23.0
282672,73.0
282704,52.0
282704,62.0
282800,29.0
282816,45.0
282832,28.0
282848,30.0
282896,38.0
282944,85.0
283056,55.0
283136,36.0
283152,54.0
283232,33.0
283248,34.0
283280,45.0
283296,43.0
283296,39.0
283296,28.0
283328,45.0
283536,25.0
283584,48.0
283664,52.0
283712,41.0
283712,26.0
283744,50.0
283872,40.0
283888,37.0
283920,42.0
283968,42.0
284016,30.0
284032,23.0
284048,72.0
284096,22.0
284112,52.0
284128,26.0
284160,36.0
284256,14.0
284320,73.0
284432,128.0
284528,27.0
284688,61.0
284800,42.0
284832,42.0
284832,59.0
284912,59.0
284976,41.0
285008,105.0
285040,73.0
285136,38.0
285200,48.0
285264,22.0
285328,88.0
285360,33.0
285376,85.0
285376,79.0
285424,164.0
285472,76.0
285472,89.0
285584,49.0
285632,39.0
285648,32.0
285664,43.0
285728,65.0
285792,29.0
285888,29.0
285968,44.0
286000,26.0
286032,41.0
286064,54.0
286064,77.0
286080,45.0
286192,35.0
286256,49.0
286304,36.0
286400,85.0
286448,41.0
286544,36.0
286576,32.0
286608,60.0
286640,79.0
286640,40.0
286656,39.0
286672,23.0
286720,66.0
286752,43.0
286752,31.0
286784,24.0
286816,39.0
286848,13.0
286848,86.0
286864,26.0
286976,68.0
286992,22.0
287264,45.0
287280,39.0
287296,39.0
287344,46.0
287344,39.0
287472,31.0
287504,41.0
287536,91.0
287552,61.0
287616,54.0
287648,54.0
287664,23.0
287680,54.0
287696,27.0
287728,55.0
287744,29.0
287792,65.0
287920,58.0
288064,45.0
288144,40.0
288256,29.0
288272,39.0
288336,26.0
288352,51.0
288352,42.0
288368,94.0
288400,42.0
288480,54.0
288512,73.0
288560,63.0
288688,59.0
288704,65.0
288752,26.0
288816,35.0
288832,48.0
288848,72.0
288864,37.0
288944,37.0
289024,34.0
289088,43.0
289168,19.0
289232,24.0
289248,69.0
289296,58.0
289296,46.0
289376,39.0
289408,44.0
289456,40.0
289472,125.0
289568,30.0
289648,30.0
289664,52.0
289664,45.0
289680,27.0
289680,41.0
289680,28.0
289872,95.0
289888,86.0
289936,35.0
290096,26.0
290112,51.0
290192,45.0
290240,49.0
290352,49.0
290512,25.0
290544,54.0
290544,71.0
290544,38.0
290576,80.0
290624,60.0
290656,123.0
290656,49.0
290704,22.0
290768,68.0
290784,71.0
290864,75.0
290880,43.0
290880,21.0
291088,24.0
291232,45.0
291248,30.0
291344,50.0
291360,49.0
291408,33.0
291472,58.0
291504,53.0
291568,92.0
291568,43.0
291600,46.0
291616,62.0
291616,13.0
291664,26.0
291680,28.0
291712,15.0
291760,61.0
291904,51.0
292000,110.0
292016,85.0
292064,44.0
292192,36.0
292192,144.0
292224,34.0
292240,42.0
292320,51.0
292352,49.0
292400,40.0
292432,27.0
292608,79.0
292640,65.0
292672,63.0
292768,21.0
292768,54.0
292784,34.0
292800,49.0
292816,75.0
292880,43.0
292912,53.0
292928,38.0
292928,76.0
293088,19.0
293216,25.0
293264,65.0
293264,31.0
293456,66.0
293456,33.0
293520,40.0
293520,27.0
293520,73.0
293536,84.0
293552,40.0
293568,58.0
293568,48.0
293696,30.0
293808,75.0
294080,51.0
294096,36.0
294112,36.0
294144,43.0
294192,42.0
294224,44.0
294256,93.0
294272,44.0
294304,65.0
294320,103.0
294352,56.0
294416,93.0
294544,53.0
294624,67.0
294672,54.0
294736,37.0
294800,24.0
294816,45.0
294864,32.0
294864,81.0
294912,37.0
294912,23.0
294992,48.0
295024,45.0
295184,28.0
295216,22.0
295248,73.0
295280,23.0
295360,21.0
295360,28.0
295424,82.0
295456,52.0
295472,30.0
295584,45.0
295584,48.0
295696,90.0
295712,15.0
295744,59.0
295792,27.0
295904,30.0
295952,105.0
296064,44.0
296128,55.0
296160,61.0
296192,31.0
296208,126.0
296208,58.0
296240,49.0
296272,43.0
296304,102.0
296368,36.0
296432,43.0
296432,76.0
296576,28.0
296576,54.0
296592,33.0
296624,42.0
296672,68.0
296768,11.0
296768,35.0
296880,28.0
296912,63.0
296976,48.0
296976,49.0
296992,35.0
297072,57.0
297088,51.0
297136,23.0
297152,36.0
297264,64.0
297280,61.0
297296,42.0
297296,39.0
297360,49.0
297456,68.0
297664,33.0
297824,42.0
297840,11.0
297856,48.0
297888,57.0
297888,70.0
297936,40.0
297936,42.0
298000,58.0
298000,44.0
298048,73.0
298128,17.0
298160,50.0
298160,44.0
298224,11.0
298288,29.0
298416,30.0
298448,38.0
298528,40.0
298544,79.0
298560,98.0
298592,101.0
298592,37.0
298688,33.0
298768,55.0
298768,40.0
298944,22.0
298960,42.0
299152,24.0
299152,62.0
299200,47.0
299200,15.0
299200,61.0
299264,53.0
299296,46.0
299424,93.0
299456,19.0
299472,160.0
299472,59.0
299472,49.0
299472,58.0
299472,92.0
299504,57.0
299872,69.0
299952,41.0
300016,67.0
300048,34.0
300112,40.0
300144,42.0
300160,60.0
300192,65.0
300208,12.0
300256,66.0
300304,65.0
300368,26.0
300416,59.0
300448,64.0
300464,62.0
300480,21.0
300560,28.0
300592,87.0
300624,73.0
300720,32.0
300736,79.0
300752,37.0
300784,37.0
300896,53.0
301008,40.0
301024,48.0
301120,78.0
301168,54.0
301216,37.0
301312,52.0
301312,56.0
301392,41.0
301408,25.0
301456,56.0
301456,42.0
301472,45.0
301520,58.0
301552,41.0
301552,68.0
301664,59.0
301680,17.0
301696,42.0
301728,80.0
301920,38.0
301968,28.0
302000,52.0
302096,55.0
302096,49.0
302160,43.0
302208,51.0
302304,24.0
302336,38.0
302400,80.0
302416,47.0
302464,63.0
302656,35.0
302656,69.0
302672,62.0
302736,33.0
302768,42.0
302928,39.0
302928,92.0
303040,39.0
303104,27.0
303168,15.0
303184,74.0
303232,56.0
303248,53.0
303264,33.0
303264,81.0
303328,73.0
303440,118.0
303440,49.0
303584,34.0
303632,28.0
303728,79.0
303760,41.0
303776,28.0
303824,37.0
303824,36.0
303824,41.0
303872,38.0
303936,140.0
303952,32.0
304112,84.0
304176,57.0
304192,47.0
304256,39.0
304352,33.0
304384,39.0
304464,96.0
304496,42.0
304512,35.0
304576,53.0
304768,132.0
304864,62.0
304880,43.0
304912,71.0
304912,50.0
304944,85.0
304960,71.0
304992,26.0
305008,47.0
305168,49.0
305168,13.0
305184,43.0
305216,65.0
305232,55.0
305248,49.0
305376,90.0
305392,55.0
305472,38.0
305488,45.0
305488,38.0
305536,39.0
305568,41.0
305680,29.0
305696,29.0
305728,35.0
305840,56.0
305856,43.0
305872,25.0
305952,36.0
305968,30.0
306048,65.0
306096,33.0
306112,45.0
306160,12.0
306208,42.0
306224,46.0
306320,83.0
306352,42.0
306400,33.0
306560,45.0
306608,47.0
306624,32.0
306672,36.0
306768,99.0
306816,41.0
306848,40.0
306880,35.0
306880,102.0
306992,79.0
306992,37.0
307056,28.0
307104,88.0
307104,55.0
307104,30.0
307168,20.0
307216,54.0
307216,21.0
307280,83.0
307344,15.0
307344,33.0
307408,22.0
307424,54.0
307424,34.0
307472,44.0
307536,93.0
307696,33.0
307728,24.0
307760,21.0
307840,39.0
307872,75.0
308048,32.0
308096,47.0
308144,65.0
308176,44.0
308288,63.0
308320,56.0
308336,84.0
308352,59.0
308432,42.0
308448,45.0
308480,86.0
308560,98.0
308688,25.0
308688,37.0
308736,54.0
308768,97.0
308784,27.0
308832,71.0
308880,46.0
308896,53.0
308912,67.0
309104,26.0
309168,62.0
309168,27.0
309232,42.0
309264,51.0
309280,24.0
309280,37.0
309424,41.0
309424,34.0
309504,73.0
309600,70.0
309712,80.0
309760,58.0
309792,92.0
309920,31.0
309936,41.0
309936,48.0
309952,53.0
310096,74.0
310128,53.0
310160,23.0
310208,59.0
310240,46.0
310288,33.0
310304,67.0
310320,96.0
310416,20.0
310432,52.0
310480,82.0
310528,37.0
310576,39.0
310672,32.0
310768,84.0
310816,38.0
310864,59.0
310896,30.0
310912,30.0
310928,28.0
311024,45.0
311072,49.0
311088,26.0
311104,33.0
311216,43.0
311232,95.0
311248,63.0
311296,85.0
311296,27.0
311328,15.0
311424,69.0
311520,44.0
311616,37.0
311648,34.0
311776,63.0
311792,56.0
311824,33.0
311872,41.0
311904,41.0
311920,37.0
311920,63.0
311952,33.0
311968,65.0
312016,45.0
312128,125.0
312192,34.0
312384,37.0
312384,30.0
312400,28.0
312496,36.0
312528,81.0
312544,42.0
312640,64.0
312704,46.0
312720,37.0
312736,104.0
312768,47.0
312784,79.0
312816,26.0
312816,62.0
312928,34.0
313040,16.0
313072,55.0
313168,40.0
313200,51.0
313248,27.0
313264,34.0
313264,48.0
313296,95.0
313296,41.0
313312,34.0
313360,51.0
313360,41.0
313376,91.0
313440,23.0
313552,39.0
313760,35.0
313776,32.0
313792,66.0
313808,32.0
313824,29.0
313872,44.0
313872,36.0
313952,32.0
314128,48.0
314240,28.0
314256,90.0
314336,49.0
314384,39.0
314416,72.0
314448,42.0
314464,72.0
314496,42.0
314512,79.0
314672,50.0
314688,82.0
314720,37.0
314752,55.0
314768,19.0
314848,37.0
314896,59.0
314896,28.0
314944,35.0
314960,45.0
315120,28.0
315136,40.0
315280,48.0
315312,56.0
315376,27.0
315392,42.0
315488,33.0
315488,153.0
315504,38.0
315552,109.0
315552,76.0
315600,53.0
315600,30.0
315648,23.0
315680,11.0
315744,27.0
315744,56.0
315744,61.0
315872,20.0
315904,19.0
316032,84.0
316048,72.0
316048,35.0
316064,43.0
316160,64.0
316192,40.0
316208,38.0
316240,35.0
316336,37.0
316432,59.0
316432,43.0
316448,15.0
316496,69.0
316592,35.0
316592,45.0
316608,44.0
316768,45.0
316768,44.0
316816,41.0
316864,42.0
316880,77.0
316896,29.0
316960,45.0
316960,76.0
317008,32.0
317024,61.0
317056,29.0
317088,41.0
317104,41.0
317152,34.0
317216,55.0
317232,14.0
317424,25.0
317472,37.0
317504,46.0
317536,36.0
317536,30.0
317568,47.0
317616,24.0
317696,46.0
317712,35.0
317728,40.0
317728,39.0
317760,56.0
317776,74.0
317840,59.0
317872,41.0
317920,24.0
317968,31.0
318112,34.0
318128,23.0
318128,26.0
318160,41.0
318192,31.0
318208,37.0
318256,93.0
318336,38.0
318432,29.0
318432,35.0
318480,66.0
318592,47.0
318688,35.0
318720,74.0
318832,45.0
318864,38.0
318864,42.0
318976,51.0
319008,68.0
319008,50.0
319024,27.0
319040,22.0
319040,82.0
319104,39.0
319120,43.0
319344,21.0
319408,43.0
319440,69.0
319472,27.0
319520,87.0
319536,42.0
319584,72.0
319600,39.0
319632,33.0
319712,42.0
319776,41.0
319824,50.0
319840,52.0
320000,29.0
320016,42.0
320032,37.0
320128,147.0
320144,34.0
320160,36.0
320256,53.0
320336,92.0
320368,41.0
320384,34.0
320400,48.0
320416,37.0
320464,59.0
320496,31.0
320528,106.0
320544,26.0
320656,74.0
320928,72.0
320944,57.0
320976,45.0
321072,38.0
321072,41.0
321232,43.0
321312,72.0
321360,61.0
321392,66.0
321456,68.0
321472,61.0
321536,37.0
321552,56.0
321600,33.0
321616,68.0
321632,93.0
321648,78.0
321648,26.0
321680,104.0
321888,26.0
321904,52.0
321936,39.0
321952,35.0
321952,64.0
321968,20.0
322032,9.0
322080,39.0
322112,71.0
322144,37.0
322160,50.0
322176,15.0
322384,26.0
322448,51.0
322464,51.0
322480,50.0
322480,28.0
322480,55.0
322528,23.0
322544,29.0
322640,43.0
322688,46.0
322704,73.0
322768,37.0
322912,48.0
322960,30.0
323040,41.0
323040,31.0
323056,37.0
323056,38.0
323168,43.0
323168,33.0
323328,76.0
323376,13.0
323408,58.0
323488,99.0
323520,47.0
323536,53.0
323568,33.0
323600,124.0
323648,59.0
323712,41.0
323744,49.0
323776,23.0
323904,36.0
324000,92.0
324048,55.0
324080,44.0
324080,35.0
324112,67.0
324112,39.0
324144,34.0
324160,16.0
324288,36.0
324400,41.0
324464,88.0
324464,97.0
324528,33.0
324544,27.0
324688,36.0
324704,66.0
324800,41.0
324864,68.0
324896,46.0
324912,52.0
324944,56.0
325072,42.0
325104,51.0
325152,43.0
325200,21.0
325248,105.0
325312,25.0
325312,38.0
325328,11.0
325360,29.0
325392,54.0
325424,46.0
325440,85.0
325488,122.0
325616,67.0
325632,73.0
325712,57.0
325712,14.0
325744,27.0
325808,31.0
325824,47.0
325840,32.0
325856,47.0
325872,27.0
325872,39.0
325936,34.0
326016,41.0
326224,30.0
326224,64.0
326256,40.0
326272,40.0
326304,28.0
326352,34.0
326352,40.0
326400,35.0
326432,26.0
326432,35.0
326464,47.0
326480,41.0
326544,38.0
326784,115.0
326816,37.0
326880,25.0
326912,35.0
326928,31.0
326992,46.0
326992,43.0
327008,46.0
327024,100.0
327120,78.0
327168,51.0
327200,50.0
327248,64.0
327328,54.0
327360,51.0
327360,28.0
327424,62.0
327488,31.0
327664,42.0
327680,47.0
327760,59.0
327792,63.0
327808,38.0
327808,20.0
327840,52.0
327840,51.0
328016,41.0
328096,16.0
328144,56.0
328192,82.0
328208,49.0
328240,30.0
328288,58.0
328336,63.0
328336,73.0
328384,79.0
328592,58.0
328608,26.0
328608,32.0
328688,42.0
328704,26.0
328784,12.0
328864,41.0
328896,68.0
328944,79.0
329008,54.0
329120,26.0
329168,86.0
329200,37.0
329264,58.0
329360,97.0
329392,31.0
329456,37.0
329536,53.0
329552,38.0
329568,60.0
329568,77.0
329616,77.0
329840,45.0
329872,42.0
329920,71.0
329920,105.0
329968,44.0
330016,53.0
330032,40.0
330160,50.0
330224,38.0
330336,48.0
330352,30.0
330400,27.0
330448,62.0
330560,45.0
330576,35.0
330608,67.0
330848,81.0
330848,58.0
330864,18.0
330864,33.0
330896,42.0
330896,31.0
330928,193.0
330992,67.0
331104,59.0
331168,45.0
331168,19.0
331200,22.0
331328,48.0
331392,65.0
331600,62.0
331680,132.0
331696,23.0
331776,36.0
331776,53.0
331872,48.0
331904,65.0
331920,33.0
332064,73.0
332128,80.0
332128,28.0
332176,74.0
332192,64.0
332240,84.0
332336,73.0
332352,209.0
332368,48.0
332384,38.0
332432,150.0
332512,28.0
332512,20.0
332688,62.0
332720,51.0
332720,50.0
332800,42.0
332800,26.0
332800,58.0
332816,36.0
332848,31.0
332896,24.0
332944,51.0
333072,81.0
333072,40.0
333088,57.0
333168,41.0
333232,18.0
333296,28.0
333392,42.0
333392,66.0
333440,67.0
333488,26.0
333616,51.0
333616,33.0
333616,51.0
333632,52.0
333664,31.0
333680,60.0
333712,51.0
333712,64.0
333744,58.0
333744,42.0
333888,37.0
333936,31.0
333952,35.0
333968,22.0
334080,25.0
334128,46.0
334176,34.0
334272,21.0
334288,13.0
334336,39.0
334416,28.0
334432,75.0
334528,49.0
334560,27.0
334560,56.0
334656,59.0
334720,24.0
334816,54.0
334848,85.0
334928,65.0
335072,41.0
335104,52.0
335104,34.0
335152,88.0
335200,24.0
335216,100.0
335344,26.0
335344,57.0
335376,51.0
335440,45.0
335504,27.0
335520,26.0
335568,57.0
335568,87.0
335600,67.0
335632,126.0
335632,16.0
335712,89.0
335968,54.0
335968,47.0
335984,49.0
336048,44.0
336080,40.0
336080,30.0
336160,37.0
336176,38.0
336208,66.0
336400,48.0
336432,45.0
336464,24.0
336464,31.0
336528,63.0
336544,31.0
336608,33.0
336720,68.0
336752,119.0
336816,92.0
336832,25.0
336848,54.0
336848,55.0
336928,89.0
337040,36.0
337104,31.0
337200,50.0
337248,65.0
337264,26.0
337296,36.0
337344,26.0
337392,53.0
337504,65.0
337520,44.0
337520,48.0
337600,35.0
337600,89.0
337648,50.0
337696,27.0
337792,43.0
337840,15.0
337904,86.0
337920,42.0
337952,41.0
338048,33.0
338048,53.0
338096,79.0
338320,30.0
338336,26.0
338400,38.0
338512,54.0
338512,70.0
338528,58.0
338576,39.0
338624,45.0
338640,71.0
338720,86.0
338752,41.0
338768,23.0
338832,49.0
338912,54.0
338960,39.0
339056,85.0
339088,98.0
339200,36.0
339216,44.0
339280,28.0
339312,46.0
339360,65.0
339424,41.0
339552,15.0
339664,64.0
339712,222.0
339760,34.0
339904,62.0
339920,54.0
340000,57.0
340048,43.0
340096,56.0
340112,22.0
340144,101.0
340240,36.0
340240,93.0
340368,17.0
340384,117.0
340432,63.0
340432,107.0
340496,37.0
340496,16.0
340528,38.0
340688,88.0
340800,78.0
340864,30.0
340912,54.0
340992,55.0
340992,35.0
341120,70.0
341136,40.0
341152,49.0
341280,53.0
341312,67.0
341328,40.0
341360,14.0
341376,55.0
341424,27.0
341488,43.0
341488,39.0
341680,23.0
341760,24.0
341760,48.0
341760,175.0
341856,23.0
341872,45.0
341936,112.0
341952,42.0
342032,42.0
342048,71.0
342064,147.0
342128,44.0
342160,30.0
342208,45.0
342352,77.0
342416,41.0
342480,38.0
342560,25.0
342592,52.0
342624,37.0
342656,44.0
342672,51.0
342736,138.0
342752,89.0
342832,67.0
342832,17.0
342912,49.0
342912,61.0
343024,38.0
343168,60.0
343184,52.0
343232,25.0
343264,15.0
343312,25.0
343344,42.0
343392,40.0
343424,48.0
343440,86.0
343600,48.0
343600,11.0
343760,20.0
343808,83.0
343856,16.0
343872,44.0
343888,79.0
343888,72.0
343952,40.0
344048,41.0
344080,56.0
344128,96.0
344160,58.0
344288,26.0
344336,13.0
344384,21.0
344400,37.0
344432,149.0
344432,95.0
344496,40.0
344512,27.0
344544,24.0
344624,64.0
344656,23.0
344656,44.0
344720,52.0
344720,86.0
344800,23.0
344800,26.0
344848,60.0
344880,16.0
344912,32.0
344960,26.0
344992,12.0
345008,78.0
345072,46.0
345152,41.0
345264,125.0
345328,42.0
345328,51.0
345344,39.0
345344,27.0
345392,60.0
345392,37.0
345440,49.0
345472,47.0
345488,40.0
345520,33.0
345552,42.0
345728,45.0
345744,42.0
345760,26.0
345760,23.0
345904,59.0
346000,41.0
346096,39.0
346128,46.0
346144,62.0
346144,44.0
346240,57.0
346304,25.0
346320,52.0
346336,49.0
346336,38.0
346416,41.0
346448,43.0
346464,59.0
346512,78.0
346544,15.0
346608,54.0
346624,81.0
346656,32.0
346832,43.0
346848,53.0
346912,42.0
346912,25.0
346912,31.0
346928,37.0
346976,41.0
347040,37.0
347072,46.0
347104,63.0
347168,44.0
347216,35.0
347264,41.0
347296,24.0
347392,35.0
347440,82.0
347440,33.0
347488,54.0
347520,26.0
347568,25.0
347568,41.0
347616,48.0
347648,69.0
347728,43.0
347808,52.0
347968,36.0
348016,36.0
348016,33.0
348080,72.0
348112,29.0
348128,43.0
348272,63.0
348272,44.0
348288,67.0
348336,45.0
348368,67.0
348384,82.0
348400,52.0
348464,59.0
348528,28.0
348544,51.0
348640,39.0
348672,54.0
348816,43.0
348896,39.0
348896,39.0
348912,36.0
348912,24.0
348928,33.0
349088,45.0
349120,41.0
349168,75.0
349200,41.0
349200,24.0
349216,69.0
349312,14.0
349392,31.0
349392,30.0
349472,91.0
349520,53.0
349552,24.0
349584,81.0
349680,48.0
349696,66.0
349776,55.0
349776,87.0
349776,19.0
349808,26.0
349808,38.0
349936,46.0
349968,28.0
350128,57.0
350128,63.0
350176,31.0
350176,49.0
350176,25.0
350240,29.0
350256,35.0
350272,60.0
350320,87.0
350400,29.0
350400,37.0
350480,22.0
350496,15.0
350528,61.0
350624,22.0
350672,54.0
350704,29.0
350720,71.0
350784,38.0
350816,43.0
350816,53.0
350832,13.0
350928,47.0
350976,36.0
351040,16.0
351040,34.0
351328,53.0
351328,41.0
351408,44.0
351424,38.0
351440,32.0
351440,38.0
351472,67.0
351488,28.0
351504,43.0
351520,84.0
351584,113.0
351648,58.0
351680,44.0
351776,91.0
351904,25.0
351920,28.0
352000,32.0
352000,42.0
352032,39.0
352144,31.0
352192,32.0
352256,108.0
352272,52.0
352320,56.0
352336,81.0
352368,23.0
352464,35.0
352464,43.0
352464,59.0
352544,76.0
352608,73.0
352752,73.0
352816,51.0
352816,39.0
352816,17.0
352976,41.0
352992,53.0
353040,36.0
353040,49.0
353168,71.0
353216,47.0
353344,61.0
353408,37.0
353520,74.0
353552,102.0
353568,33.0
353648,41.0
353664,66.0
353744,48.0
353776,35.0
353776,64.0
353840,42.0
353856,65.0
353968,94.0
354048,40.0
354048,63.0
354080,26.0
354176,39.0
354176,119.0
354224,28.0
354288,34.0
354288,40.0
354336,35.0
354416,23.0
354464,103.0
354544,29.0
354608,27.0
354624,66.0
354640,50.0
354688,32.0
354736,28.0
354752,49.0
354816,37.0
354832,82.0
354848,94.0
354896,65.0
354912,39.0
355040,39.0
355056,45.0
355072,15.0
355088,30.0
355168,70.0
355232,21.0
355328,43.0
355376,47.0
355392,41.0
355472,39.0
355472,58.0
355488,50.0
355568,47.0
355680,37.0
355696,40.0
355712,42.0
355760,53.0
355840,48.0
355840,23.0
355872,40.0
355920,34.0
355936,28.0
356080,83.0
356176,19.0
356176,30.0
356208,23.0
356224,66.0
356256,49.0
356352,32.0
356368,119.0
356368,41.0
356416,46.0
356416,30.0
356432,32.0
356528,22.0
356592,64.0
356640,55.0
356672,26.0
356704,33.0
356736,33.0
356752,42.0
356880,97.0
356944,33.0
356976,19.0
357040,42.0
357104,42.0
357136,31.0
357152,110.0
357152,28.0
357296,55.0
357408,42.0
357424,18.0
357648,44.0
357792,43.0
357808,10.0
357872,36.0
357968,58.0
358000,37.0
358032,105.0
358064,106.0
358064,74.0
358128,119.0
358160,102.0
358240,68.0
358256,12.0
358368,21.0
358400,113.0
358496,84.0
358528,41.0
358544,70.0
358640,25.0
358656,119.0
358672,54.0
358688,39.0
358720,37.0
358832,54.0
358848,28.0
358880,32.0
358960,29.0
359040,129.0
359184,34.0
359184,58.0
359344,43.0
359360,43.0
359424,56.0
359488,48.0
359488,19.0
359568,38.0
359584,112.0
359616,91.0
359696,41.0
359712,64.0
359712,73.0
359728,108.0
359888,44.0
360016,25.0
360080,46.0
360080,31.0
360096,46.0
360112,80.0
360128,25.0
360128,40.0
360160,82.0
360192,82.0
360272,49.0
360432,26.0
360480,48.0
360592,44.0
360624,66.0
360640,13.0
360656,36.0
360688,79.0
360688,35.0
360704,34.0
360752,65.0
360928,51.0
361040,35.0
361088,51.0
361120,64.0
361200,70.0
361216,68.0
361232,40.0
361264,36.0
361296,40.0
361408,48.0
361440,78.0
361472,34.0
361488,28.0
361568,59.0
361600,30.0
361728,127.0
361760,63.0
361760,31.0
361936,31.0
361968,42.0
362032,50.0
362032,34.0
362128,10.0
362176,61.0
362208,62.0
362208,46.0
362208,94.0
362320,47.0
362320,102.0
362320,45.0
362336,25.0
362384,39.0
362384,11.0
362464,66.0
362576,51.0
362608,55.0
362688,41.0
362688,23.0
362720,21.0
362720,32.0
362784,106.0
362784,29.0
362816,43.0
362816,40.0
362848,32.0
362896,36.0
362896,11.0
362976,48.0
362992,38.0
363088,30.0
363136,15.0
363200,26.0
363280,35.0
363328,30.0
363344,33.0
363456,89.0
363648,47.0
363792,51.0
363792,69.0
363888,43.0
363920,84.0
363936,70.0
363936,72.0
363952,42.0
364000,54.0
364064,26.0
364064,100.0
364144,43.0
364176,68.0
364192,25.0
364240,56.0
364288,31.0
364288,60.0
364448,32.0
364512,39.0
364528,29.0
364624,121.0
364640,43.0
364672,27.0
364688,47.0
364688,31.0
364736,46.0
364768,37.0
364800,22.0
364896,38.0
364928,63.0
365056,57.0
365088,26.0
365200,138.0
365216,37.0
365216,30.0
365232,11.0
365312,78.0
365344,51.0
365360,10.0
365440,47.0
365584,43.0
365616,25.0
365664,64.0
365728,50.0
365744,77.0
365808,12.0
365808,65.0
365824,96.0
365840,65.0
366032,51.0
366048,51.0
366048,38.0
366112,50.0
366208,70.0
366352,19.0
366384,45.0
366416,52.0
366432,39.0
366464,46.0
366496,47.0
366512,73.0
366528,45.0
366624,37.0
366672,124.0
366672,82.0
366768,41.0
366832,63.0
366832,49.0
366960,31.0
366992,72.0
367024,37.0
367040,17.0
367056,27.0
367088,46.0
367104,56.0
367280,28.0
367344,58.0
367392,56.0
367392,55.0
367424,47.0
367440,57.0
367456,22.0
367472,30.0
367504,42.0
367712,83.0
367712,65.0
367760,45.0
367760,42.0
367840,28.0
367840,51.0
367904,35.0
367936,34.0
368016,66.0
368096,40.0
368112,42.0
368128,39.0
368144,68.0
368160,28.0
368224,32.0
368256,31.0
368304,64.0
368320,35.0
368320,56.0
368416,17.0
368416,30.0
368512,42.0
368544,40.0
368576,10.0
368592,47.0
368640,24.0
368656,34.0
368656,40.0
368672,32.0
368816,32.0
368832,44.0
368832,16.0
369008,96.0
369056,25.0
369120,36.0
369136,65.0
369184,33.0
369200,35.0
369232,35.0
369328,51.0
369376,66.0
369408,62.0
369424,37.0
369456,71.0
369488,41.0
369520,44.0
369568,24.0
369584,28.0
369712,41.0
369712,93.0
369744,20.0
369808,50.0
369920,83.0
369936,30.0
370080,60.0
370112,57.0
370128,24.0
370144,57.0
370176,43.0
370240,27.0
370272,35.0
370288,55.0
370320,46.0
370336,48.0
370416,44.0
370560,39.0
370592,67.0
370640,82.0
370656,36.0
370656,26.0
370736,35.0
370752,29.0
370752,30.0
370752,39.0
370784,23.0
370848,92.0
370944,13.0
370960,39.0
370992,13.0
370992,55.0
371008,26.0
371040,24.0
371200,80.0
371200,40.0
371216,56.0
371216,67.0
371216,14.0
371360,38.0
371424,36.0
371520,20.0
371584,58.0
371584,40.0
371600,40.0
371600,60.0
371680,43.0
371712,44.0
371808,66.0
371968,47.0
372032,51.0
372032,62.0
372032,52.0
372080,31.0
372112,32.0
372112,85.0
372224,54.0
372224,50.0
372240,40.0
372384,44.0
372400,23.0
372416,44.0
372480,60.0
372480,56.0
372528,82.0
372608,40.0
372624,25.0
372768,23.0
372784,23.0
372816,37.0
372832,47.0
372896,26.0
372944,44.0
372976,22.0
373056,15.0
373200,45.0
373216,74.0
373216,88.0
373280,73.0
373360,83.0
373376,38.0
373392,35.0
373472,33.0
373472,68.0
373632,36.0
373696,68.0
373808,57.0
373824,38.0
373840,66.0
373920,45.0
373952,46.0
373984,38.0
374032,47.0
374128,41.0
374208,25.0
374208,18.0
374208,131.0
374320,43.0
374352,86.0
374368,63.0
374512,70.0
374528,31.0
374544,21.0
374592,70.0
374688,30.0
374752,13.0
374752,48.0
374768,25.0
374816,70.0
374832,144.0
374880,42.0
374896,67.0
374928,61.0
374944,69.0
374960,38.0
375040,28.0
375104,36.0
375248,22.0
375344,64.0
375408,29.0
375456,22.0
375472,41.0
375472,60.0
375488,45.0
375664,46.0
375696,98.0
375808,21.0
375872,39.0
376000,34.0
376000,78.0
376064,25.0
376080,75.0
376112,67.0
376160,42.0
376256,53.0
376304,97.0
376336,94.0
376336,86.0
376400,107.0
376416,59.0
376480,38.0
376528,45.0
376640,40.0
376688,38.0
376688,22.0
376688,62.0
376704,40.0
376720,15.0
376720,38.0
376736,87.0
376752,47.0
376800,40.0
376864,38.0
376928,39.0
377152,29.0
377184,28.0
377344,30.0
377344,39.0
377360,52.0
377360,42.0
377392,47.0
377424,46.0
377440,43.0
377504,22.0
377552,53.0
377584,73.0
377616,76.0
377664,83.0
377680,31.0
377728,63.0
377856,58.0
377968,38.0
378064,79.0
378064,45.0
378064,44.0
378064,28.0
378128,39.0
378208,48.0
378224,42.0
378256,57.0
378304,55.0
378352,43.0
378432,65.0
378544,54.0
378544,30.0
378624,48.0
378640,36.0
378656,28.0
378704,25.0
378736,42.0
378768,74.0
378784,33.0
378864,40.0
378912,49.0
378976,15.0
379072,45.0
379184,91.0
379200,26.0
379264,35.0
379280,23.0
379312,48.0
379312,48.0
379328,42.0
379344,17.0
379376,46.0
379424,50.0
379440,63.0
379456,37.0
379600,18.0
379632,54.0
379664,30.0
379712,103.0
379728,110.0
379792,12.0
379904,37.0
379936,41.0
379968,40.0
379984,35.0
380048,53.0
380064,50.0
380112,41.0
380160,27.0
380192,53.0
380288,39.0
380320,38.0
380352,35.0
380384,47.0
380400,89.0
380416,32.0
380432,31.0
380448,67.0
380608,31.0
380704,26.0
380784,46.0
380816,47.0
380976,37.0
381056,68.0
381088,46.0
381200,76.0
381216,111.0
381248,40.0
381264,51.0
381264,67.0
381344,59.0
381344,74.0
381344,58.0
381344,16.0
381440,46.0
381456,12.0
381584,48.0
381632,53.0
381728,29.0
381840,25.0
381952,46.0
381952,38.0
381952,44.0
381984,58.0
382000,98.0
382016,42.0
382064,68.0
382080,46.0
382096,32.0
382176,61.0
382224,119.0
382240,32.0
382352,25.0
382384,65.0
382400,48.0
382448,31.0
382448,27.0
382528,27.0
382544,23.0
382640,35.0
382656,42.0
382672,52.0
382736,46.0
382800,35.0
382912,53.0
382992,12.0
383024,50.0
383088,71.0
383104,47.0
383104,36.0
383104,45.0
383264,54.0
383280,23.0
383280,39.0
383520,31.0
383536,130.0
383552,29.0
383552,55.0
383568,58.0
383568,29.0
383600,66.0
383680,77.0
383760,31.0
383808,44.0
383840,35.0
383952,53.0
384000,30.0
384032,29.0
384112,34.0
384160,73.0
384192,27.0
384192,109.0
384208,58.0
384256,36.0
384448,26.0
384496,110.0
384528,33.0
384528,61.0
384560,64.0
384576,64.0
384592,25.0
384656,51.0
384672,30.0
384672,29.0
384704,56.0
384848,56.0
384896,28.0
384912,50.0
384944,49.0
384960,44.0
385008,30.0
385088,26.0
385136,36.0
385168,36.0
385216,35.0
385232,46.0
385344,109.0
385472,39.0
385488,60.0
385488,33.0
385584,42.0
385680,61.0
385744,46.0
385792,76.0
385840,42.0
385872,24.0
385888,19.0
385920,49.0
385936,53.0
385968,39.0
386064,87.0
386112,76.0
386144,41.0
386240,81.0
386240,23.0
386272,21.0
386400,21.0
386416,59.0
386432,32.0
386464,42.0
386464,45.0
386576,84.0
386592,44.0
386608,40.0
386656,61.0
386800,35.0
386880,65.0
386896,39.0
387024,49.0
387024,55.0
387040,39.0
387120,43.0
387136,42.0
387264,54.0
387344,133.0
387504,44.0
387536,67.0
387616,37.0
387616,64.0
387616,37.0
387616,22.0
387664,66.0
387680,98.0
387760,45.0
387776,75.0
387776,40.0
387856,15.0
387888,48.0
387936,20.0
387952,66.0
388112,36.0
388128,12.0
388176,52.0
388176,42.0
388272,101.0
388288,42.0
388400,46.0
388480,37.0
388560,59.0
388672,31.0
388672,45.0
388704,37.0
388704,36.0
388720,59.0
388752,61.0
388768,68.0
388768,63.0
388800,59.0
388880,25.0
388880,37.0
388896,45.0
389088,26.0
389136,54.0
389216,26.0
389232,30.0
389248,34.0
389280,12.0
389280,150.0
389328,35.0
389360,41.0
389376,41.0
389408,11.0
389424,11.0
389472,44.0
389584,44.0
389632,22.0
389744,53.0
389776,69.0
389856,31.0
389920,44.0
389936,29.0
389984,41.0
390000,100.0
390112,33.0
390224,53.0
390240,52.0
390240,85.0
390320,65.0
390320,110.0
390464,45.0
390512,55.0
390512,32.0
390576,40.0
390608,43.0
390656,42.0
390752,61.0
390816,60.0
390912,37.0
391008,48.0
391024,49.0
391040,51.0
391056,59.0
391136,33.0
391152,126.0
391168,109.0
391248,27.0
391248,42.0
391312,50.0
391360,38.0
391376,45.0
391424,23.0
391456,59.0
391504,74.0
391536,67.0
391552,26.0
391616,38.0
391616,28.0
391648,46.0
391856,52.0
391936,30.0
392000,47.0
392032,38.0
392128,12.0
392128,47.0
392144,49.0
392176,40.0
392224,36.0
392288,46.0
392336,81.0
392352,46.0
392352,22.0
392496,84.0
392512,63.0
392528,57.0
392560,82.0
392560,27.0
392656,84.0
392704,23.0
392752,56.0
392752,33.0
392768,26.0
392784,47.0
392928,49.0
393008,28.0
393040,34.0
393216,58.0
393360,36.0
393392,46.0
393424,45.0
393472,27.0
393504,72.0
393568,35.0
393584,51.0
393600,65.0
393632,91.0
393680,47.0
393680,72.0
393728,100.0
393840,68.0
393856,11.0
393936,27.0
393968,23.0
394112,47.0
394128,44.0
394192,38.0
394288,96.0
394320,47.0
394368,25.0
394384,41.0
394400,35.0
394400,48.0
394400,63.0
394416,46.0
394416,119.0
394432,60.0
394480,79.0
394560,44.0
394704,36.0
394736,50.0
394752,23.0
394944,34.0
394976,49.0
395008,38.0
395088,42.0
395088,43.0
395136,24.0
395184,54.0
395232,31.0
395248,52.0
395248,43.0
395328,56.0
395344,77.0
395376,63.0
395424,45.0
395584,31.0
395632,25.0
395696,43.0
395712,48.0
395760,11.0
395760,36.0
395776,93.0
395792,51.0
395808,45.0
395920,37.0
395952,51.0
395984,38.0
395984,18.0
396080,46.0
396128,55.0
396240,51.0
396272,112.0
396320,35.0
396368,37.0
396400,40.0
396560,27.0
396560,40.0
396592,49.0
396640,53.0
396640,35.0
396672,43.0
396752,94.0
396752,50.0
396816,14.0
396848,54.0
396864,72.0
396912,40.0
397040,88.0
397056,41.0
397056,43.0
397056,26.0
397200,35.0
397248,58.0
397328,48.0
397376,44.0
397424,54.0
397424,23.0
397424,74.0
397504,29.0
397504,37.0
397520,29.0
397536,30.0
397616,54.0
397632,51.0
397776,64.0
397808,24.0
397856,14.0
397888,29.0
397904,65.0
397920,67.0
398000,31.0
398016,43.0
398096,56.0
398096,20.0
398208,20.0
398288,27.0
398288,30.0
398352,27.0
398400,56.0
398400,55.0
398416,55.0
398464,29.0
398544,81.0
398672,36.0
398688,25.0
398784,48.0
398784,73.0
398784,85.0
398832,46.0
398880,42.0
398928,36.0
399056,40.0
399072,106.0
399104,44.0
399120,18.0
399184,40.0
399200,57.0
399232,48.0
399248,35.0
399280,38.0
399312,27.0
399392,38.0
399392,38.0
399424,64.0
399440,23.0
399472,98.0
399472,43.0
399520,15.0
399744,51.0
399808,47.0
399824,40.0
399856,27.0
399872,27.0
399872,39.0
399888,43.0
399920,50.0
400080,38.0
400080,16.0
400112,15.0
400208,29.0
400224,22.0
400272,12.0
400272,60.0
400288,30.0
400352,60.0
400448,76.0
400480,86.0
400512,62.0
400528,16.0
400560,22.0
400624,72.0
400640,49.0
400656,23.0
400752,85.0
400800,11.0
400848,60.0
400960,53.0
400960,55.0
401024,32.0
401040,43.0
401040,37.0
401040,24.0
401056,33.0
401088,73.0
401104,34.0
401344,31.0
401440,73.0
401472,42.0
401536,66.0
401552,83.0
401664,57.0
401696,40.0
401696,38.0
401712,47.0
401728,44.0
401792,52.0
401952,38.0
402000,56.0
402016,61.0
402016,86.0
402144,37.0
402224,33.0
402240,75.0
402336,50.0
402400,85.0
402464,42.0
402576,69.0
402592,58.0
402672,42.0
402688,22.0
402704,30.0
402784,68.0
402832,55.0
402864,12.0
402880,90.0
402912,48.0
402944,30.0
402944,76.0
403040,83.0
403072,23.0
403120,69.0
403136,34.0
403184,73.0
403200,32.0
403232,25.0
403264,24.0
403392,33.0
403408,39.0
403472,77.0
403488,28.0
403520,59.0
403536,39.0
403536,37.0
403536,25.0
403664,45.0
403680,30.0
403696,36.0
403744,84.0
403808,25.0
403920,43.0
404000,29.0
404096,36.0
404192,41.0
404208,51.0
404304,40.0
404304,51.0
404336,67.0
404368,42.0
404464,49.0
404464,58.0
404480,46.0
404496,36.0
404528,66.0
404640,40.0
404656,99.0
404864,105.0
404912,28.0
404912,27.0
404928,45.0
404960,41.0
405072,79.0
405088,45.0
405120,51.0
405136,38.0
405184,68.0
405216,35.0
405232,46.0
405392,75.0
405504,27.0
405536,38.0
405600,40.0
405648,63.0
405728,87.0
405792,55.0
405808,45.0
405824,43.0
405904,43.0
405952,35.0
405984,67.0
405984,24.0
406032,98.0
406080,76.0
406112,55.0
406144,40.0
406336,50.0
406352,34.0
406416,43.0
406464,35.0
406480,81.0
406496,86.0
406560,46.0
406576,15.0
406640,35.0
406640,43.0
406704,37.0
406704,42.0
406736,47.0
406768,39.0
406816,29.0
406912,58.0
406912,79.0
407024,77.0
407024,29.0
407056,35.0
407136,35.0
407136,27.0
407184,26.0
407264,35.0
407296,30.0
407328,54.0
407440,60.0
407472,52.0
407520,38.0
407552,26.0
407712,36.0
407712,61.0
407936,95.0
408016,62.0
408080,73.0
408096,91.0
408112,66.0
408128,26.0
408128,69.0
408176,55.0
408192,47.0
408288,46.0
408320,50.0
408336,39.0
408400,67.0
408464,75.0
408464,80.0
408512,27.0
408560,27.0
408592,31.0
408640,28.0
408656,40.0
408672,46.0
408768,11.0
408784,41.0
408784,82.0
408832,45.0
408928,29.0
408928,40.0
409040,45.0
409040,44.0
409088,36.0
409168,48.0
409216,41.0
409280,31.0
409424,78.0
409440,61.0
409472,34.0
409520,55.0
409520,53.0
409552,21.0
409584,34.0
409632,54.0
409648,38.0
409680,64.0
409728,59.0
409728,35.0
409760,58.0
409840,13.0
409904,29.0
409984,29.0
410032,35.0
410192,48.0
410432,42.0
410448,45.0
410560,63.0
410576,58.0
410624,84.0
410672,72.0
410688,60.0
410704,42.0
410720,112.0
410736,47.0
410768,36.0
410896,113.0
410928,78.0
410928,23.0
410928,68.0
411120,14.0
411152,78.0
411328,41.0
411328,109.0
411344,56.0
411392,44.0
411408,40.0
411440,45.0
411456,33.0
411504,36.0
411536,52.0
411568,14.0
411648,57.0
411712,71.0
411744,70.0
411744,51.0
411824,87.0
411840,45.0
411904,47.0
411952,39.0
411968,32.0
412096,37.0
412096,35.0
412144,46.0
412144,51.0
412176,49.0
412352,32.0
412368,34.0
412464,47.0
412464,64.0
412544,50.0
412576,52.0
412624,33.0
412672,13.0
412720,36.0
412736,73.0
412736,23.0
412768,50.0
412784,55.0
412848,47.0
412976,52.0
412992,13.0
413072,89.0
413152,43.0
413248,67.0
413264,82.0
413344,38.0
413376,47.0
413408,27.0
413424,67.0
413440,28.0
413488,48.0
413520,17.0
413648,55.0
413680,21.0
413696,72.0
413712,65.0
413728,62.0
413728,41.0
413792,40.0
413824,28.0
413840,62.0
413840,79.0
413872,12.0
413888,39.0
413904,29.0
413968,34.0
414208,15.0
414256,35.0
414304,51.0
414400,36.0
414480,40.0
414512,45.0
414512,54.0
414512,50.0
414608,46.0
414624,26.0
414672,49.0
414688,27.0
414736,83.0
414896,24.0
414896,37.0
415104,37.0
415120,76.0
415152,102.0
415216,86.0
415232,34.0
415360,60.0
415376,103.0
415424,47.0
415456,59.0
415488,63.0
415552,21.0
415584,29.0
415616,32.0
415680,66.0
415712,30.0
415760,38.0
415792,129.0
415808,75.0
415856,11.0
415936,65.0
416032,42.0
416048,82.0
416080,37.0
416160,46.0
416256,85.0
416448,43.0
416448,37.0
416464,53.0
416480,64.0
416544,32.0
416592,49.0
416672,37.0
416704,62.0
416784,77.0
416800,40.0
416816,77.0
416864,67.0
416880,94.0
416912,29.0
417200,47.0
417360,89.0
417408,39.0
417408,44.0
417520,66.0
417520,41.0
417520,38.0
417520,53.0
417536,41.0
417584,83.0
417584,49.0
417648,66.0
417712,32.0
417792,109.0
417808,79.0
417856,13.0
417920,32.0
417952,34.0
418000,29.0
418048,43.0
418048,98.0
418128,38.0
418128,38.0
418176,85.0
418240,12.0
418304,45.0
418416,38.0
418416,56.0
418448,25.0
418480,11.0
418528,33.0
418624,31.0
418656,54.0
418864,43.0
418912,83.0
418960,65.0
418976,46.0
418992,23.0
419024,67.0
419024,23.0
419120,100.0
419152,46.0
419200,42.0
419248,24.0
419296,73.0
419296,9.0
419312,54.0
419344,93.0
419376,26.0
419424,63.0
419456,109.0
419552,40.0
419600,70.0
419712,32.0
419728,19.0
419872,26.0
419888,48.0
420000,25.0
420032,41.0
420064,67.0
420064,45.0
420112,51.0
420128,52.0
420176,39.0
420224,78.0
420224,31.0
420336,64.0
420464,36.0
420512,93.0
420528,51.0
420624,47.0
420656,37.0
420672,28.0
420704,91.0
420720,34.0
420736,32.0
420784,110.0
420848,51.0
420848,46.0
420928,37.0
421008,34.0
421024,60.0
421120,31.0
421168,27.0
421248,46.0
421280,80.0
421344,39.0
421360,32.0
421456,50.0
421488,23.0
421504,31.0
421520,87.0
421584,57.0
421600,42.0
421696,57.0
421712,29.0
421712,43.0
421792,79.0
421856,63.0
421872,23.0
421920,76.0
421936,37.0
422032,36.0
422112,37.0
422160,28.0
422160,55.0
422176,63.0
422192,20.0
422256,14.0
422368,41.0
422416,39.0
422464,54.0
422464,34.0
422496,57.0
422592,11.0
422720,49.0
422720,29.0
422752,36.0
422784,42.0
422800,27.0
422944,30.0
422960,29.0
422960,92.0
423008,53.0
423024,19.0
423120,79.0
423232,27.0
423264,67.0
423296,52.0
423360,40.0
423408,25.0
423456,131.0
423568,61.0
423584,40.0
423648,43.0
423664,57.0
423680,45.0
423808,43.0
423824,133.0
423856,67.0
423904,40.0
423936,57.0
424048,47.0
424112,34.0
424112,122.0
424128,28.0
424336,47.0
424448,50.0
424528,12.0
424528,54.0
424592,85.0
424592,71.0
424592,41.0
424704,81.0
424704,56.0
424736,86.0
424736,43.0
424800,13.0
424816,57.0
424848,16.0
424880,66.0
424928,50.0
424960,53.0
424976,54.0
424992,11.0
424992,29.0
425040,74.0
425104,32.0
425184,30.0
425200,47.0
425264,24.0
425328,50.0
425424,45.0
425456,45.0
425504,33.0
425520,35.0
425584,46.0
425584,30.0
425648,38.0
425712,32.0
425728,29.0
425888,23.0
425920,62.0
425984,41.0
426000,63.0
426064,79.0
426112,70.0
426112,58.0
426128,30.0
426176,37.0
426176,45.0
426272,10.0
426304,45.0
426336,38.0
426352,53.0
426368,41.0
426416,22.0
426608,17.0
426608,27.0
426656,46.0
426672,121.0
426672,23.0
426736,47.0
426800,57.0
426896,48.0
426944,33.0
427008,40.0
427072,67.0
427104,27.0
427104,58.0
427120,48.0
427152,34.0
427248,71.0
427280,42.0
427360,68.0
427376,36.0
427408,124.0
427440,48.0
427584,36.0
427616,42.0
427648,57.0
427680,36.0
427920,79.0
428000,47.0
428000,26.0
428048,58.0
428064,73.0
428080,45.0
428128,61.0
428224,70.0
428240,60.0
428304,43.0
428320,42.0
428336,56.0
428608,38.0
428624,39.0
428688,82.0
428704,39.0
428720,82.0
428736,27.0
428768,68.0
428896,48.0
428960,118.0
428960,56.0
429152,69.0
429200,80.0
429264,65.0
429376,43.0
429456,43.0
429456,31.0
429456,71.0
429456,70.0
429520,56.0
429520,57.0
429696,60.0
429744,94.0
429760,35.0
430000,69.0
430016,31.0
430032,32.0
430096,71.0
430096,86.0
430144,43.0
430208,94.0
430288,33.0
430288,52.0
430416,65.0
430448,44.0
430512,26.0
430560,69.0
430576,70.0
430576,55.0
430592,36.0
430640,40.0
430672,95.0
430720,27.0
430960,20.0
430992,34.0
431056,60.0
431136,58.0
431152,118.0
431216,44.0
431216,41.0
431296,79.0
431312,46.0
431344,75.0
431360,49.0
431392,21.0
431424,52.0
431424,47.0
431472,74.0
431568,11.0
431632,57.0
431680,13.0
431680,29.0
431840,89.0
431872,12.0
431888,36.0
431904,43.0
431936,37.0
431952,50.0
432000,27.0
432016,66.0
432048,23.0
432112,51.0
432192,22.0
432192,66.0
432208,36.0
432272,53.0
432320,56.0
432336,61.0
432336,29.0
432416,30.0
432432,30.0
432464,29.0
432512,15.0
432528,40.0
432640,28.0
432720,32.0
432784,112.0
432816,50.0
432832,26.0
432848,46.0
432928,37.0
432944,39.0
432960,66.0
433040,38.0
433072,46.0
433104,18.0
433120,58.0
433184,45.0
433312,33.0
433376,21.0
433376,53.0
433472,89.0
433504,49.0
433504,42.0
433504,62.0
433584,32.0
433632,42.0
433632,62.0
433696,53.0
433696,47.0
433776,37.0
433792,54.0
433824,12.0
433920,38.0
433936,27.0
433952,23.0
433952,53.0
434048,34.0
434064,43.0
434080,38.0
434096,45.0
434288,37.0
434512,55.0
434528,47.0
434544,45.0
434560,54.0
434608,69.0
434640,95.0
434656,46.0
434688,46.0
434688,40.0
434704,40.0
434784,62.0
434784,31.0
434896,51.0
434912,61.0
434976,23.0
435072,61.0
435120,73.0
435152,28.0
435168,39.0
435440,57.0
435488,61.0
435536,23.0
435584,42.0
435600,51.0
435648,60.0
435664,32.0
435680,65.0
435728,67.0
435760,54.0
435760,75.0
435760,67.0
435808,52.0
435824,47.0
435856,67.0
435920,30.0
436064,36.0
436112,29.0
436144,14.0
436160,35.0
436176,37.0
436272,46.0
436288,27.0
436320,35.0
436352,42.0
436416,81.0
436480,26.0
436496,48.0
436528,44.0
436544,55.0
436608,53.0
436624,51.0
436752,38.0
436816,21.0
436816,41.0
436880,37.0
436912,37.0
436912,24.0
436976,39.0
437120,31.0
437168,39.0
437280,95.0
437296,74.0
437312,44.0
437344,27.0
437360,59.0
437360,30.0
437376,75.0
437440,73.0
437488,32.0
437504,43.0
437520,25.0
437552,24.0
437600,69.0
437632,21.0
437648,56.0
437648,46.0
437744,24.0
437824,63.0
437856,30.0
437920,38.0
438016,46.0
438128,31.0
438192,47.0
438224,45.0
438224,44.0
438304,41.0
438304,44.0
438464,61.0
438464,57.0
438640,81.0
438704,32.0
438720,26.0
438768,64.0
438784,71.0
438848,52.0
438896,67.0
438944,45.0
439024,45.0
439168,78.0
439200,46.0
439200,26.0
439200,115.0
439232,69.0
439440,50.0
439456,47.0
439472,78.0
439504,38.0
439536,32.0
439568,107.0
439648,28.0
439696,31.0
439792,67.0
439856,68.0
439920,22.0
439968,70.0
440064,56.0
440128,21.0
440176,40.0
440272,51.0
440272,113.0
440336,43.0
440384,43.0
440432,58.0
440480,80.0
440528,42.0
440528,12.0
440624,31.0
440736,112.0
440768,50.0
440816,99.0
440816,34.0
440832,57.0
440896,32.0
440928,54.0
441008,96.0
441056,39.0
441088,103.0
441152,39.0
441184,63.0
441200,24.0
441248,61.0
441264,28.0
441328,44.0
441456,45.0
441568,35.0
441568,24.0
441632,72.0
441632,30.0
441744,43.0
441792,54.0
441808,38.0
441824,35.0
441840,82.0
441840,63.0
441968,25.0
442048,30.0
442064,81.0
442096,53.0
442320,89.0
442336,63.0
442384,47.0
442528,45.0
442528,43.0
442656,64.0
442672,76.0
442752,58.0
442816,45.0
442896,32.0
442896,36.0
442976,118.0
442976,63.0
443056,24.0
443152,82.0
443152,69.0
443344,100.0
443344,23.0
443392,54.0
443408,32.0
443408,37.0
443424,33.0
443424,68.0
443552,110.0
443568,26.0
443616,54.0
443616,29.0
443632,13.0
443680,101.0
443824,27.0
443856,75.0
443904,58.0
443952,25.0
444096,47.0
444096,33.0
444208,33.0
444240,52.0
444384,83.0
444400,48.0
444416,50.0
444432,51.0
444448,69.0
444496,40.0
444496,37.0
444544,37.0
444560,22.0
444576,128.0
444608,49.0
444688,12.0
444736,83.0
444784,23.0
444864,16.0
444864,90.0
445040,34.0
445072,42.0
445152,66.0
445152,36.0
445184,40.0
445216,41.0
445344,30.0
445392,44.0
445424,13.0
445424,15.0
445488,39.0
445504,27.0
445504,88.0
445568,26.0
445600,51.0
445664,89.0
445680,78.0
445696,78.0
445744,37.0
445792,47.0
445920,26.0
445984,35.0
446016,39.0
446016,37.0
446064,83.0
446208,32.0
446240,46.0
446272,30.0
446288,45.0
446304,120.0
446368,48.0
446416,46.0
446416,67.0
446432,32.0
446512,28.0
446528,54.0
446608,23.0
446688,42.0
446720,44.0
446720,27.0
446784,26.0
446816,67.0
446880,87.0
446976,29.0
447008,30.0
447008,44.0
447024,38.0
447072,54.0
447152,34.0
447184,47.0
447248,29.0
447264,28.0
447344,58.0
447392,42.0
447424,34.0
447472,13.0
447472,75.0
447472,47.0
447584,100.0
447648,29.0
447696,43.0
447824,51.0
447888,54.0
447952,33.0
447952,50.0
448032,35.0
448032,40.0
448032,84.0
448048,36.0
448256,80.0
448256,38.0
448288,25.0
448288,44.0
448336,62.0
448336,79.0
448400,44.0
448496,78.0
448512,35.0
448528,66.0
448544,32.0
448544,13.0
448560,38.0
448656,20.0
448704,41.0
448736,28.0
448752,58.0
448784,47.0
448912,55.0
448912,26.0
449056,19.0
449088,52.0
449200,41.0
449216,42.0
449216,41.0
449232,44.0
449264,11.0
449280,36.0
449328,67.0
449456,66.0
449456,14.0
449472,60.0
449600,54.0
449696,14.0
449728,59.0
449840,58.0
449840,39.0
449856,50.0
449872,76.0
449872,60.0
449968,43.0
449984,33.0
450032,109.0
450224,48.0
450256,41.0
450352,71.0
450368,32.0
450416,72.0
450480,31.0
450496,33.0
450528,75.0
450544,51.0
450640,48.0
450704,42.0
450704,52.0
450720,55.0
450752,66.0
450752,31.0
450816,101.0
450912,26.0
450928,25.0
451008,29.0
451136,45.0
451216,86.0
451232,54.0
451232,30.0
451280,40.0
451312,24.0
451328,61.0
451344,40.0
451376,29.0
451408,74.0
451520,50.0
451680,23.0
451728,61.0
451744,25.0
451792,35.0
451792,24.0
451840,85.0
451840,38.0
451872,12.0
451904,33.0
451952,59.0
452016,75.0
452048,33.0
452064,85.0
452128,57.0
452192,54.0
452192,66.0
452256,26.0
452272,25.0
452432,43.0
452528,30.0
452576,46.0
452624,52.0
452656,54.0
452768,51.0
452768,65.0
452784,41.0
452816,24.0
452832,58.0
452848,41.0
452992,45.0
453024,48.0
453072,112.0
453072,55.0
453136,30.0
453184,35.0
453200,74.0
453296,77.0
453328,50.0
453344,33.0
453376,38.0
453424,14.0
453488,41.0
453584,35.0
453664,37.0
453792,28.0
453824,65.0
453840,79.0
453872,55.0
453888,35.0
454096,60.0
454112,39.0
454112,84.0
454112,51.0
454144,60.0
454176,83.0
454192,33.0
454192,51.0
454208,23.0
454288,44.0
454400,61.0
454480,38.0
454560,26.0
454640,28.0
454656,99.0
454704,37.0
454736,39.0
454752,29.0
454768,35.0
454832,63.0
454848,66.0
454928,33.0
454992,56.0
455008,70.0
455120,59.0
455136,36.0
455152,28.0
455216,46.0
455232,37.0
455392,35.0
455408,40.0
455456,45.0
455472,51.0
455504,47.0
455520,83.0
455680,35.0
455792,21.0
455792,36.0
455856,24.0
455920,113.0
455952,59.0
456016,54.0
456016,68.0
456016,38.0
456048,66.0
456208,85.0
456208,33.0
456224,52.0
456336,26.0
456448,37.0
456480,78.0
456528,36.0
456624,93.0
456640,39.0
456720,58.0
456736,77.0
456768,35.0
456848,39.0
456848,83.0
456880,54.0
457008,62.0
457040,32.0
457056,79.0
457168,34.0
457168,43.0
457184,28.0
457200,54.0
457280,77.0
457296,41.0
457376,58.0
457376,33.0
457440,77.0
457456,46.0
457504,46.0
457616,46.0
457664,38.0
457856,35.0
457904,25.0
457920,45.0
457936,35.0
457952,36.0
457968,50.0
457968,50.0
458016,36.0
458064,66.0
458112,79.0
458128,59.0
458208,58.0
458480,36.0
458480,32.0
458496,30.0
458496,91.0
458512,25.0
458544,55.0
458544,58.0
458672,38.0
458704,48.0
458768,40.0
458784,54.0
458816,54.0
458832,61.0
458944,61.0
458960,30.0
459024,33.0
459056,53.0
459136,11.0
459152,20.0
459168,43.0
459216,25.0
459264,45.0
459280,48.0
459328,34.0
459328,39.0
459456,15.0
459472,126.0
459536,37.0
459680,71.0
459728,66.0
459760,44.0
459792,32.0
459824,31.0
459904,23.0
459952,74.0
459952,43.0
459968,50.0
460000,61.0
460016,35.0
460048,97.0
460128,28.0
460160,63.0
460320,53.0
460320,31.0
460352,24.0
460368,26.0
460464,35.0
460480,72.0
460480,43.0
460528,50.0
460608,92.0
460608,16.0
460640,55.0
460816,48.0
460864,53.0
460912,60.0
460944,49.0
460976,28.0
460992,33.0
461008,40.0
461056,28.0
461136,51.0
461184,44.0
461184,66.0
461200,37.0
461232,77.0
461264,28.0
461280,50.0
461312,21.0
461328,26.0
461344,64.0
461392,12.0
461456,29.0
461504,35.0
461584,25.0
461632,62.0
461632,48.0
461664,21.0
461744,29.0
461776,37.0
461792,28.0
461840,24.0
461856,22.0
461904,48.0
461952,20.0
462096,49.0
462096,68.0
462192,50.0
462208,36.0
462224,27.0
462256,62.0
462272,43.0
462320,14.0
462384,38.0
462384,45.0
462384,12.0
462432,37.0
462448,76.0
462496,47.0
462592,46.0
462592,40.0
462704,28.0
462752,23.0
462768,34.0
462880,49.0
462912,40.0
462976,67.0
463040,34.0
463040,45.0
463056,125.0
463120,43.0
463136,43.0
463200,28.0
463248,30.0
463328,59.0
463376,42.0
463536,41.0
463552,36.0
463552,84.0
463616,31.0
463632,37.0
463680,39.0
463712,70.0
463728,71.0
463856,19.0
463856,45.0
463872,12.0
463888,94.0
463904,62.0
463904,36.0
463968,48.0
464096,14.0
464128,31.0
464192,59.0
464240,24.0
464288,57.0
464416,86.0
464592,54.0
464656,43.0
464736,70.0
464784,67.0
464784,37.0
464784,78.0
464864,46.0
464880,61.0
464896,19.0
464944,68.0
464960,42.0
465008,69.0
465072,26.0
465104,54.0
465248,32.0
465280,108.0
465360,92.0
465376,80.0
465424,40.0
465456,65.0
465568,43.0
465568,39.0
465744,53.0
465824,47.0
465840,24.0
465872,57.0
465888,40.0
466016,63.0
466032,47.0
466048,42.0
466080,32.0
466096,42.0
466144,36.0
466256,27.0
466288,34.0
466320,96.0
466464,39.0
466480,101.0
466528,32.0
466528,109.0
466608,35.0
466608,36.0
466672,98.0
466720,39.0
466736,30.0
466752,54.0
466864,45.0
466944,41.0
466960,40.0
467200,70.0
467200,28.0
467248,118.0
467312,49.0
467328,37.0
467344,42.0
467472,54.0
467488,64.0
467568,23.0
467568,39.0
467632,42.0
467664,59.0
467728,78.0
467744,27.0
467760,35.0
467760,72.0
467824,10.0
467856,62.0
468016,28.0
468064,137.0
468096,38.0
468112,48.0
468240,48.0
468272,44.0
468304,42.0
468368,38.0
468432,119.0
468464,46.0
468544,28.0
468544,45.0
468656,26.0
468784,91.0
468832,99.0
468912,28.0
468944,40.0
468960,56.0
469024,37.0
469088,61.0
469104,28.0
469136,37.0
469168,88.0
469264,95.0
469296,80.0
469296,32.0
469344,61.0
469376,34.0
469392,96.0
469424,29.0
469472,28.0
469504,23.0
469520,36.0
469536,79.0
469616,33.0
469680,48.0
469728,74.0
469744,25.0
469776,42.0
469888,37.0
469984,32.0
470000,46.0
470032,41.0
470096,42.0
470144,39.0
470144,33.0
470304,13.0
470304,39.0
470320,64.0
470416,64.0
470416,27.0
470432,41.0
470688,60.0
470704,73.0
470752,78.0
470768,48.0
470768,39.0
470848,44.0
470864,70.0
470896,108.0
470944,40.0
471008,43.0
471008,61.0
471152,46.0
471296,33.0
471312,28.0
471312,23.0
471328,40.0
471408,69.0
471408,44.0
471472,66.0
471520,47.0
471568,51.0
471760,29.0
471808,25.0
471808,31.0
471824,87.0
471888,55.0
471904,27.0
471968,67.0
472048,65.0
472080,58.0
472320,152.0
472336,32.0
472384,61.0
472464,26.0
472464,31.0
472624,111.0
472752,26.0
472784,56.0
472816,78.0
472832,47.0
472848,68.0
472864,66.0
472880,26.0
472880,97.0
472880,61.0
473056,46.0
473104,112.0
473184,23.0
473200,36.0
473424,65.0
473424,42.0
473440,35.0
473472,104.0
473552,68.0
473568,128.0
473600,26.0
473664,52.0
473664,55.0
473760,55.0
473776,57.0
473840,60.0
473840,46.0
473952,47.0
474048,30.0
474176,46.0
474208,38.0
474240,25.0
474288,54.0
474368,44.0
474384,38.0
474384,57.0
474480,58.0
474480,33.0
474496,103.0
474560,11.0
474576,33.0
474608,97.0
474720,66.0
474736,28.0
474848,23.0
474944,36.0
474960,75.0
475024,33.0
475024,40.0
475024,28.0
475040,75.0
475040,101.0
475040,30.0
475056,21.0
475152,34.0
475216,11.0
475328,72.0
475392,72.0
475408,58.0
475440,37.0
475472,79.0
475520,12.0
475584,53.0
475696,42.0
475776,46.0
475872,45.0
475888,42.0
475936,55.0
475952,57.0
475968,63.0
476064,39.0
476112,68.0
476128,74.0
476144,39.0
476176,72.0
476176,44.0
476272,36.0
476368,27.0
476400,51.0
476544,41.0
476576,27.0
476640,48.0
476640,77.0
476656,30.0
476672,44.0
476688,18.0
476720,59.0
476864,14.0
477008,27.0
477024,30.0
477040,24.0
477056,49.0
477104,62.0
477120,27.0
477168,111.0
477184,66.0
477248,55.0
477312,16.0
477328,79.0
477408,43.0
477408,34.0
477424,26.0
477488,28.0
477488,53.0
477552,28.0
477664,26.0
477712,65.0
477760,99.0
477856,34.0
477872,24.0
477904,31.0
478016,43.0
478032,63.0
478112,44.0
478144,61.0
478144,24.0
478144,45.0
478208,141.0
478208,68.0
478240,21.0
478272,26.0
478304,70.0
478432,25.0
478448,60.0
478528,41.0
478576,57.0
478736,37.0
478768,66.0
478832,45.0
478832,39.0
478896,41.0
478928,45.0
479008,91.0
479088,51.0
479184,46.0
479312,63.0
479328,27.0
479328,47.0
479360,76.0
479376,38.0
479424,80.0
479440,38.0
479472,65.0
479552,45.0
479552,12.0
479552,29.0
479728,62.0
479776,28.0
479792,79.0
479808,50.0
479824,40.0
479840,32.0
479840,57.0
479872,35.0
479904,27.0
479968,26.0
480016,29.0
480144,26.0
480288,32.0
480304,32.0
480384,30.0
480384,36.0
480400,27.0
480448,39.0
480480,40.0
480512,23.0
480576,160.0
480592,65.0
480592,76.0
480640,76.0
480640,50.0
480688,78.0
480768,29.0
480816,59.0
480880,30.0
481008,12.0
481056,30.0
481104,26.0
481120,42.0
481168,36.0
481200,74.0
481280,40.0
481328,35.0
481328,51.0
481344,54.0
481360,61.0
481376,23.0
481472,37.0
481488,53.0
481536,72.0
481536,59.0
481600,82.0
481760,30.0
481808,40.0
481808,47.0
481824,31.0
482064,46.0
482160,43.0
482176,50.0
482224,55.0
482224,70.0
482256,45.0
482304,44.0
482384,39.0
482432,59.0
482480,70.0
482560,46.0
482624,28.0
482688,55.0
482704,28.0
482752,37.0
482800,79.0
482848,65.0
482864,104.0
482912,112.0
482928,28.0
482944,45.0
482992,43.0
483072,43.0
483072,40.0
483072,17.0
483264,75.0
483296,23.0
483296,34.0
483312,47.0
483536,29.0
483552,43.0
483568,54.0
483616,39.0
483680,52.0
483680,66.0
483808,31.0
483840,72.0
483872,36.0
483920,41.0
483920,53.0
483952,65.0
483952,25.0
483952,41.0
484032,68.0
484112,36.0
484160,34.0
484256,74.0
484336,41.0
484352,34.0
484400,35.0
484448,31.0
484512,37.0
484528,36.0
484608,41.0
484624,150.0
484656,39.0
484752,31.0
484768,68.0
484832,42.0
484976,88.0
484992,21.0
485008,42.0
485024,69.0
485040,73.0
485072,39.0
485136,39.0
485168,12.0
485200,36.0
485232,52.0
485232,39.0
485264,57.0
485424,41.0
485440,83.0
485456,58.0
485600,37.0
485632,40.0
485648,56.0
485680,53.0
485696,42.0
485728,29.0
485760,43.0
485888,45.0
485888,29.0
485904,29.0
485952,51.0
485952,17.0
485968,46.0
486080,39.0
486080,27.0
486160,58.0
486208,73.0
486240,30.0
486256,39.0
486256,66.0
486336,46.0
486384,43.0
486464,24.0
486528,39.0
486624,46.0
486816,35.0
486832,39.0
486864,38.0
486912,52.0
486944,61.0
486960,63.0
486976,51.0
487008,30.0
487024,25.0
487024,81.0
487056,73.0
487072,70.0
487184,59.0
487328,20.0
487328,54.0
487392,66.0
487408,64.0
487408,24.0
487488,41.0
487584,48.0
487616,42.0
487632,28.0
487632,41.0
487648,39.0
487680,51.0
487680,22.0
487824,54.0
487824,48.0
487936,33.0
487936,54.0
487952,19.0
488000,23.0
488032,70.0
488080,37.0
488176,22.0
488192,32.0
488192,54.0
488224,34.0
488304,45.0
488560,23.0
488592,61.0
488624,37.0
488624,27.0
488640,44.0
488656,78.0
488688,32.0
488704,44.0
488800,31.0
488832,90.0
488848,48.0
488880,66.0
488912,61.0
489056,27.0
489136,21.0
489232,63.0
489264,42.0
489296,84.0
489296,24.0
489312,105.0
489328,40.0
489328,43.0
489392,52.0
489408,36.0
489456,36.0
489472,9.0
489488,40.0
489744,38.0
489776,30.0
489824,70.0
489840,32.0
489904,80.0
489904,40.0
489920,43.0
489936,55.0
490000,84.0
490032,36.0
490128,22.0
490160,26.0
490192,44.0
490304,30.0
490304,25.0
490320,53.0
490336,25.0
490368,67.0
490496,37.0
490528,43.0
490528,31.0
490704,49.0
490720,83.0
490736,83.0
490784,26.0
490896,46.0
490912,38.0
490944,47.0
490960,103.0
490976,28.0
491152,51.0
491152,64.0
491168,24.0
491216,57.0
491264,79.0
491344,27.0
491360,54.0
491376,40.0
491472,47.0
491488,49.0
491520,39.0
491568,65.0
491584,38.0
491712,87.0
491760,38.0
491808,54.0
491904,26.0
491904,59.0
491920,48.0
491936,23.0
491952,23.0
491968,38.0
492064,45.0
492096,45.0
492160,25.0
492176,44.0
492192,24.0
492272,47.0
492288,70.0
492352,25.0
492384,30.0
492416,28.0
492560,53.0
492560,13.0
492688,37.0
492720,49.0
492736,95.0
492752,29.0
492800,96.0
492880,29.0
492896,21.0
492928,48.0
493056,71.0
493056,72.0
493072,63.0
493088,56.0
493344,73.0
493392,44.0
493440,66.0
493440,73.0
493504,47.0
493680,49.0
493680,55.0
493696,71.0
493712,41.0
493712,52.0
493760,65.0
493776,65.0
493904,53.0
493968,56.0
493984,37.0
494016,58.0
494176,31.0
494288,36.0
494304,54.0
494352,40.0
494384,44.0
494416,61.0
494448,34.0
494480,44.0
494496,50.0
494512,99.0
494560,37.0
494576,67.0
494624,28.0
494672,83.0
494736,28.0
494800,65.0
494880,31.0
494928,39.0
494992,63.0
495104,47.0
495136,45.0
495152,40.0
495184,46.0
495216,40.0
495216,26.0
495264,48.0
495296,39.0
495360,55.0
495392,29.0
495424,88.0
495456,56.0
495792,36.0
495808,32.0
495904,80.0
495968,38.0
495984,35.0
496080,84.0
496112,53.0
496112,41.0
496128,46.0
496160,80.0
496176,60.0
496192,65.0
496368,24.0
496400,79.0
496528,22.0
496544,85.0
496560,41.0
496592,29.0
496656,29.0
496752,37.0
496784,51.0
496864,117.0
496896,49.0
496912,113.0
496944,54.0
497008,38.0
497088,35.0
497088,80.0
497104,35.0
497136,64.0
497168,38.0
497376,99.0
497472,45.0
497488,36.0
497504,38.0
497536,42.0
497584,58.0
497808,45.0
497824,22.0
497856,45.0
497952,59.0
497952,85.0
498032,28.0
498032,34.0
498144,66.0
498192,68.0
498192,114.0
498208,44.0
498224,53.0
498256,28.0
498272,93.0
498368,52.0
498384,90.0
498560,26.0
498640,43.0
498688,54.0
498688,26.0
498704,96.0
498768,35.0
498800,48.0
498832,61.0
498832,55.0
498912,55.0
498912,34.0
498928,44.0
498960,48.0
498992,27.0
499056,42.0
499088,24.0
499200,63.0
499232,27.0
499248,62.0
499312,25.0
499312,25.0
499344,32.0
499360,42.0
499360,25.0
499376,43.0
499600,22.0
499616,43.0
499712,25.0
499712,55.0
499712,59.0
499728,42.0
499760,70.0
499824,30.0
499872,49.0
499888,56.0
499936,35.0
499984,39.0
500048,53.0
500176,54.0
500224,62.0
500256,24.0
500272,41.0
500288,43.0
500384,42.0
500416,66.0
500416,41.0
500448,25.0
500464,36.0
500496,32.0
500544,38.0
500560,53.0
500720,29.0
500784,25.0
500832,35.0
500896,30.0
500928,75.0
500944,70.0
501056,84.0
501072,38.0
501168,55.0
501216,42.0
501216,48.0
501248,64.0
501264,68.0
501392,52.0
501408,43.0
501472,43.0
501488,67.0
501520,28.0
501632,36.0
501632,71.0
501680,26.0
501792,36.0
501808,37.0
501856,58.0
501904,46.0
501920,28.0
501936,65.0
502016,39.0
502048,69.0
502144,29.0
502144,82.0
502272,64.0
502480,53.0
502528,42.0
502576,68.0
502608,29.0
502640,31.0
502672,48.0
502736,83.0
502848,83.0
502912,56.0
503024,69.0
503024,77.0
503040,69.0
503088,51.0
503104,92.0
503216,12.0
503232,41.0
503280,15.0
503360,47.0
503376,98.0
503536,63.0
503616,61.0
503632,99.0
503648,46.0
503856,47.0
503872,53.0
503936,68.0
503936,53.0
503968,46.0
504032,81.0
504112,29.0
504192,107.0
504208,96.0
504304,68.0
504320,59.0
504336,30.0
504416,55.0
504496,35.0
504560,43.0
504592,61.0
504592,41.0
504672,82.0
504672,35.0
504864,41.0
504896,19.0
504912,55.0
504944,61.0
505008,28.0
505024,43.0
505040,110.0
505136,59.0
505168,42.0
505248,58.0
505264,102.0
505280,61.0
505312,28.0
505312,40.0
505360,43.0
505504,37.0
505520,16.0
505520,69.0
505648,23.0
505728,37.0
505744,53.0
505792,34.0
505888,54.0
505904,54.0
505920,61.0
505952,37.0
505952,40.0
506048,55.0
506064,34.0
506208,56.0
506240,32.0
506288,23.0
506288,106.0
506304,81.0
506368,54.0
506384,54.0
506432,49.0
506544,37.0
506560,41.0
506672,38.0
506688,28.0
506704,60.0
506736,27.0
506784,46.0
506800,16.0
506864,31.0
506880,42.0
506928,71.0
507008,66.0
507008,45.0
507184,39.0
507184,56.0
507184,28.0
507200,32.0
507248,24.0
507280,31.0
507360,61.0
507392,94.0
507440,48.0
507456,64.0
507504,14.0
507504,50.0
507520,45.0
507520,40.0
507536,22.0
507552,34.0
507600,37.0
507600,26.0
507792,27.0
507840,19.0
507840,41.0
507936,46.0
508048,41.0
508064,34.0
508096,37.0
508224,39.0
508288,52.0
508336,51.0
508384,91.0
508416,36.0
508416,51.0
508512,79.0
508672,28.0
508688,74.0
508688,71.0
508720,55.0
508736,40.0
508736,59.0
508800,46.0
508880,23.0
508880,29.0
508912,54.0
509088,25.0
509232,81.0
509248,60.0
509248,32.0
509392,122.0
509440,22.0
509520,74.0
509536,54.0
509616,77.0
509664,49.0
509680,55.0
509696,61.0
509792,69.0
509792,86.0
509824,36.0
509840,38.0
509904,29.0
509952,26.0
510000,79.0
510016,39.0
510032,70.0
510064,51.0
510064,25.0
510128,27.0
510144,19.0
510160,80.0
510304,30.0
510336,24.0
510352,35.0
510400,45.0
510400,55.0
510432,51.0
510512,45.0
510576,42.0
510592,37.0
510720,35.0
510720,43.0
510768,40.0
510784,30.0
510944,38.0
510960,35.0
511040,33.0
511040,61.0
511040,43.0
511072,31.0
511200,50.0
511200,48.0
511264,75.0
511296,72.0
511296,32.0
511472,33.0
511488,28.0
511568,23.0
511632,21.0
511680,40.0
511712,40.0
511712,62.0
511728,71.0
511776,66.0
511856,37.0
511872,42.0
511888,58.0
511904,12.0
511968,58.0
512016,15.0
512112,84.0
512208,21.0
512224,23.0
512272,61.0
512304,26.0
512320,52.0
512336,54.0
512368,40.0
512464,31.0
512544,158.0
512576,42.0
512576,59.0
512592,55.0
512608,58.0
512704,27.0
512736,73.0
512912,50.0
512944,45.0
513072,48.0
513104,68.0
513120,57.0
513200,31.0
513200,41.0
513264,42.0
513312,53.0
513376,48.0
513440,54.0
513536,50.0
513536,60.0
513664,25.0
513712,48.0
513760,90.0
513760,40.0
513808,92.0
513872,60.0
513888,32.0
513888,36.0
514016,103.0
514096,24.0
514208,28.0
514240,23.0
514256,74.0
514272,52.0
514288,25.0
514352,51.0
514432,21.0
514464,85.0
514560,42.0
514752,76.0
514800,62.0
514848,31.0
514848,68.0
514880,54.0
514960,81.0
514960,25.0
514960,110.0
515040,47.0
515056,39.0
515120,54.0
515184,45.0
515200,25.0
515312,27.0
515360,19.0
515440,73.0
515440,75.0
515568,45.0
515616,88.0
515792,162.0
515808,53.0
515872,52.0
515888,28.0
515920,50.0
515968,63.0
515984,34.0
516096,56.0
516112,34.0
516112,72.0
516224,92.0
516256,67.0
516288,42.0
516320,32.0
516320,92.0
516320,28.0
516480,43.0
516544,36.0
516592,80.0
516624,25.0
516752,27.0
516752,27.0
516768,55.0
516848,54.0
516960,40.0
517104,39.0
517104,53.0
517152,65.0
517152,77.0
517168,25.0
517184,14.0
517200,41.0
517312,64.0
517360,48.0
517376,39.0
517392,40.0
517488,86.0
517488,133.0
517568,59.0
517632,33.0
517696,31.0
517744,24.0
517776,37.0
517776,39.0
517824,42.0
517872,48.0
517984,31.0
518000,72.0
518064,56.0
518080,48.0
518096,45.0
518144,36.0
518240,53.0
518256,27.0
518304,138.0
518352,17.0
518352,54.0
518400,39.0
518416,45.0
518592,33.0
518592,53.0
518688,57.0
518704,45.0
518752,25.0
518800,28.0
518800,13.0
518816,42.0
518864,28.0
518912,38.0
518928,52.0
518944,67.0
518992,85.0
519040,65.0
519152,56.0
519184,24.0
519232,52.0
519264,42.0
519328,68.0
519344,34.0
519424,35.0
519600,49.0
519600,38.0
519632,37.0
519808,55.0
519824,14.0
519904,47.0
519920,73.0
519952,48.0
519952,78.0
519968,40.0
519968,80.0
520032,38.0
520032,70.0
520048,44.0
520096,52.0
520144,34.0
520240,63.0
520288,24.0
520336,87.0
520416,37.0
520448,51.0
520512,34.0
520592,39.0
520592,40.0
520608,36.0
520656,44.0
520704,23.0
520784,54.0
520864,66.0
521008,25.0
521104,41.0
521104,20.0
521152,28.0
521184,48.0
521184,72.0
521200,38.0
521216,58.0
521312,79.0
521392,81.0
521504,79.0
521536,42.0
521568,29.0
521632,65.0
521632,28.0
521680,96.0
521696,43.0
521744,35.0
521760,16.0
521984,83.0
522016,54.0
522064,24.0
522144,58.0
522192,50.0
522320,43.0
522432,43.0
522448,27.0
522464,20.0
522480,57.0
522512,55.0
522592,56.0
522592,93.0
522624,40.0
522672,57.0
522784,92.0
522848,16.0
522880,51.0
522896,106.0
522944,29.0
523008,34.0
523040,53.0
523088,36.0
523104,14.0
523104,49.0
523120,163.0
523248,41.0
523248,107.0
523296,53.0
523360,29.0
523456,38.0
523456,28.0
523504,67.0
523520,30.0
523696,36.0
523712,29.0
523712,58.0
523760,71.0
523760,41.0
523760,68.0
523792,43.0
523936,43.0
524032,68.0
524064,22.0
524080,62.0
524160,41.0
524160,25.0
524304,53.0
524368,42.0
524416,41.0
524432,25.0
524480,64.0
524512,36.0
524528,63.0
524560,30.0
524784,67.0
524832,92.0
524864,69.0
524896,52.0
524896,37.0
524912,31.0
524912,101.0
524928,28.0
524960,73.0
525072,35.0
525104,46.0
525216,41.0
525232,20.0
525264,69.0
525456,64.0
525584,43.0
525584,42.0
525680,56.0
525696,29.0
525728,75.0
525872,41.0
525872,48.0
525904,109.0
525968,24.0
526032,73.0
526144,76.0
526304,88.0
526304,77.0
526320,39.0
526336,94.0
526336,27.0
526384,58.0
526496,96.0
526528,35.0
526576,62.0
526624,85.0
526768,56.0
526800,58.0
526816,68.0
526944,39.0
526960,29.0
527008,61.0
527056,27.0
527072,46.0
527088,35.0
527216,57.0
527328,64.0
527376,62.0
527376,65.0
527392,51.0
527488,26.0
527488,42.0
527520,32.0
527744,61.0
527744,26.0
527776,25.0
527808,26.0
527840,55.0
527872,108.0
527920,52.0
527952,72.0
527968,28.0
528016,50.0
528112,66.0
528176,156.0
528176,25.0
528208,52.0
528224,22.0
528352,21.0
528432,43.0
528496,43.0
528576,68.0
528592,42.0
528672,45.0
528768,50.0
528896,25.0
528928,51.0
528928,124.0
528976,47.0
528976,39.0
528992,14.0
529136,44.0
529216,40.0
529328,115.0
529344,42.0
529344,73.0
529456,54.0
529472,108.0
529552,41.0
529552,84.0
529584,28.0
529600,110.0
529712,23.0
529888,107.0
529904,61.0
529952,61.0
530016,29.0
530016,65.0
530048,52.0
530064,71.0
530112,41.0
530128,50.0
530304,52.0
530336,62.0
530336,84.0
530384,31.0
530528,39.0
530544,52.0
530688,42.0
530704,41.0
530720,71.0
530720,24.0
530768,44.0
530800,78.0
530832,45.0
530848,45.0
530992,61.0
531040,32.0
531072,23.0
531136,52.0
531152,97.0
531264,58.0
531328,40.0
531344,36.0
531360,20.0
531424,39.0
531440,38.0
531440,28.0
531520,61.0
531520,98.0
531568,74.0
531584,54.0
531584,46.0
531696,39.0
531744,26.0
531760,31.0
531920,75.0
532064,39.0
532080,31.0
532096,41.0
532208,53.0
532224,50.0
532224,41.0
532272,47.0
532336,40.0
532336,75.0
532432,53.0
532512,26.0
532640,36.0
532704,31.0
532736,25.0
532784,32.0
532816,46.0
532816,24.0
532992,48.0
533040,44.0
533056,81.0
533072,97.0
533136,76.0
533168,22.0
533216,117.0
533216,27.0
533264,39.0
533280,133.0
533328,32.0
533376,54.0
533392,41.0
533424,27.0
533504,23.0
533520,51.0
533536,17.0
533568,114.0
533568,25.0
533584,85.0
533712,42.0
533712,20.0
533760,30.0
533760,34.0
533792,36.0
533840,29.0
533872,51.0
533888,51.0
533920,37.0
533968,27.0
534000,31.0
534160,36.0
534176,29.0
534304,29.0
534304,55.0
534416,39.0
534480,38.0
534608,45.0
534608,53.0
534768,48.0
534800,40.0
534800,77.0
534864,81.0
534912,62.0
535040,54.0
535040,80.0
535104,71.0
535152,42.0
535232,51.0
535296,43.0
535392,105.0
535392,117.0
535440,40.0
535440,36.0
535488,45.0
535568,60.0
535584,27.0
535936,28.0
536000,35.0
536000,44.0
536016,36.0
536064,60.0
536096,112.0
536112,113.0
536112,75.0
536144,47.0
536192,12.0
536240,42.0
536272,77.0
536288,66.0
536288,56.0
536304,45.0
536464,25.0
536560,28.0
536608,113.0
536624,38.0
536672,42.0
536688,25.0
536720,105.0
536848,57.0
536864,39.0
536944,50.0
536976,42.0
536992,23.0
537088,56.0
537120,63.0
537184,68.0
537264,62.0
537312,40.0
537376,68.0
537376,27.0
537392,42.0
537392,13.0
537424,54.0
537600,47.0
537616,47.0
537664,61.0
537776,43.0
537792,83.0
537824,25.0
537968,85.0
538080,60.0
538112,31.0
538176,22.0
538208,38.0
538304,58.0
538336,23.0
538368,87.0
538384,38.0
538400,38.0
538400,46.0
538464,75.0
538464,72.0
538496,94.0
538672,81.0
538720,22.0
538736,39.0
538752,85.0
538864,41.0
538864,23.0
538896,37.0
538912,46.0
538976,36.0
538992,57.0
539168,27.0
539168,49.0
539232,115.0
539248,49.0
539280,23.0
539280,55.0
539296,36.0
539344,63.0
539376,39.0
539424,47.0
539488,64.0
539488,39.0
539568,25.0
539648,41.0
539696,52.0
539696,26.0
539728,30.0
539872,61.0
539920,39.0
540000,48.0
540000,27.0
540016,65.0
540080,46.0
540080,24.0
540112,39.0
540160,62.0
540160,27.0
540192,57.0
540208,49.0
540256,35.0
540272,56.0
540336,21.0
540416,48.0
540464,61.0
540544,29.0
540688,51.0
540720,29.0
540864,41.0
540880,38.0
540928,48.0
540944,47.0
541024,43.0
541056,71.0
541152,43.0
541184,48.0
541248,68.0
541248,73.0
541248,44.0
541264,36.0
541280,35.0
541296,80.0
541424,34.0
541488,93.0
541552,43.0
541568,24.0
541600,93.0
541648,44.0
541648,25.0
541696,28.0
541760,44.0
541808,35.0
541824,42.0
541856,52.0
541920,20.0
541936,63.0
541952,29.0
541968,34.0
542016,45.0
542048,31.0
542080,50.0
542208,59.0
542256,38.0
542256,28.0
542352,37.0
542528,28.0
542576,38.0
542672,39.0
542688,48.0
542720,48.0
542816,78.0
542880,22.0
542928,77.0
542944,43.0
543008,85.0
543120,81.0
543136,80.0
543168,57.0
543296,80.0
543312,27.0
543328,87.0
543344,26.0
543440,77.0
543472,49.0
543648,61.0
543664,68.0
543712,26.0
543888,67.0
543904,36.0
543936,51.0
543968,60.0
544016,44.0
544064,58.0
544080,27.0
544096,58.0
544128,74.0
544176,46.0
544272,24.0
544288,121.0
544496,37.0
544496,72.0
544544,38.0
544560,68.0
544560,30.0
544688,45.0
544736,64.0
544752,39.0
544896,52.0
544912,78.0
544928,47.0
544976,141.0
545024,58.0
545024,47.0
545072,66.0
545152,29.0
545184,40.0
545184,43.0
545248,47.0
545328,65.0
545344,26.0
545360,50.0
545392,30.0
545408,53.0
545440,29.0
545504,38.0
545584,21.0
545728,62.0
545744,37.0
545776,27.0
545840,41.0
545920,56.0
545936,54.0
546000,26.0
546048,54.0
546064,65.0
546080,22.0
546128,86.0
546208,29.0
546224,24.0
546240,29.0
546256,51.0
546368,28.0
546384,21.0
546432,64.0
546480,72.0
546560,30.0
546560,75.0
546608,30.0
546640,78.0
546784,34.0
546912,30.0
546976,57.0
547008,49.0
547040,65.0
547040,41.0
547056,70.0
547072,51.0
547072,32.0
547184,105.0
547216,36.0
547312,52.0
547408,50.0
547424,54.0
547488,80.0
547552,74.0
547600,24.0
547600,43.0
547616,52.0
547616,34.0
547648,38.0
547664,37.0
547680,40.0
547856,53.0
547872,51.0
547872,56.0
548048,46.0
548064,55.0
548080,26.0
548080,25.0
548160,46.0
548240,11.0
548256,40.0
548304,41.0
548320,44.0
548320,45.0
548432,52.0
548464,26.0
548576,44.0
548576,31.0
548688,23.0
548688,75.0
548704,72.0
548720,54.0
548768,85.0
548864,38.0
548864,27.0
548992,18.0
549056,61.0
549072,38.0
549088,76.0
549088,53.0
549280,26.0
549312,62.0
549376,43.0
549440,54.0
549472,73.0
549504,84.0
549520,27.0
549568,53.0
549600,57.0
549696,26.0
549712,71.0
549712,53.0
549904,71.0
549936,27.0
549968,57.0
549984,34.0
550016,58.0
550080,63.0
550112,46.0
550128,41.0
550208,56.0
550240,33.0
550304,25.0
550336,84.0
550432,54.0
550432,46.0
550528,25.0
550608,63.0
550688,42.0
550768,78.0
550800,68.0
550832,39.0
550864,49.0
550912,19.0
550912,36.0
550992,63.0
551024,68.0
551056,51.0
551136,73.0
551168,46.0
551200,68.0
551296,48.0
551392,25.0
551408,69.0
551408,38.0
551520,68.0
551536,39.0
551536,53.0
551536,32.0
551552,49.0
551568,27.0
551760,53.0
551872,36.0
551968,35.0
552032,54.0
552064,42.0
552064,63.0
552080,34.0
552112,37.0
552160,38.0
552192,27.0
552224,64.0
552240,44.0
552288,26.0
552304,90.0
552320,93.0
552416,55.0
552576,29.0
552592,22.0
552736,36.0
552736,42.0
552768,44.0
552768,85.0
552768,46.0
552848,80.0
552896,51.0
552912,45.0
553072,47.0
553136,45.0
553168,27.0
553184,56.0
553264,26.0
553280,82.0
553360,37.0
553488,57.0
553504,38.0
553536,50.0
553536,59.0
553584,32.0
553600,43.0
553648,89.0
553680,31.0
553856,43.0
553872,69.0
553920,26.0
553952,42.0
553952,37.0
554016,26.0
554016,55.0
554112,53.0
554112,113.0
554208,39.0
554208,45.0
554272,46.0
554304,96.0
554352,51.0
554496,24.0
554528,38.0
554576,45.0
554640,21.0
554656,44.0
554656,19.0
554688,65.0
554736,29.0
554816,50.0
554864,74.0
554896,59.0
554896,20.0
554928,27.0
554992,70.0
555008,62.0
555376,45.0
555392,74.0
555392,41.0
555408,48.0
555552,56.0
555600,93.0
555680,54.0
555680,92.0
555696,44.0
555696,63.0
555760,47.0
555776,55.0
555776,55.0
555872,30.0
555968,36.0
555984,27.0
556224,106.0
556256,24.0
556256,30.0
556288,57.0
556320,39.0
556336,88.0
556448,99.0
556496,32.0
556544,59.0
556592,57.0
556656,55.0
556736,28.0
556768,27.0
556784,33.0
556864,38.0
556880,57.0
556912,77.0
556912,16.0
557040,34.0
557200,112.0
557232,96.0
557360,51.0
557440,25.0
557472,107.0
557488,65.0
557488,79.0
557504,46.0
557584,50.0
557728,88.0
557728,62.0
557744,52.0
557824,59.0
557872,63.0
557904,44.0
557920,43.0
557936,27.0
558064,72.0
558080,37.0
558112,23.0
558176,28.0
558368,31.0
558384,30.0
558512,67.0
558592,125.0
558608,49.0
558688,32.0
558752,73.0
558784,82.0
558832,57.0
558944,27.0
558976,54.0
558992,66.0
559056,61.0
559072,63.0
559120,46.0
559232,117.0
559248,40.0
559280,57.0
559328,31.0
559440,107.0
559488,27.0
559504,27.0
559520,25.0
559600,57.0
559616,64.0
559616,40.0
559840,37.0
559840,68.0
559936,20.0
560016,67.0
560032,37.0
560064,80.0
560128,40.0
560160,58.0
560176,74.0
560320,45.0
560336,25.0
560352,53.0
560400,70.0
560448,38.0
560512,74.0
560544,58.0
560688,73.0
560688,33.0
560688,39.0
560832,62.0
560880,33.0
560912,49.0
560928,26.0
560992,42.0
561040,31.0
561168,52.0
561216,24.0
561248,235.0
561280,78.0
561376,43.0
561392,44.0
561408,87.0
561424,78.0
561520,70.0
561584,56.0
561632,29.0
561648,45.0
561648,48.0
561648,25.0
561760,24.0
561952,42.0
561968,34.0
562000,37.0
562112,37.0
562128,76.0
562208,110.0
562240,38.0
562288,40.0
562352,24.0
562432,49.0
562480,45.0
562528,96.0
562576,85.0
562704,66.0
562832,55.0
562864,54.0
562864,80.0
562896,49.0
562928,118.0
562944,46.0
563008,30.0
563024,46.0
563056,104.0
563264,27.0
563296,27.0
563312,67.0
563360,41.0
563392,31.0
563392,24.0
563408,80.0
563456,61.0
563472,33.0
563472,28.0
563568,62.0
563712,49.0
563744,87.0
563808,22.0
563936,34.0
563952,35.0
563968,69.0
563984,58.0
563984,32.0
564032,45.0
564176,55.0
564208,29.0
564336,67.0
564368,50.0
564448,46.0
564512,69.0
564512,130.0
564528,22.0
564560,39.0
564656,39.0
564672,43.0
564736,25.0
564752,50.0
564752,34.0
564832,24.0
565088,80.0
565120,103.0
565120,47.0
565168,74.0
565200,43.0
565200,115.0
565312,35.0
565376,40.0
565424,91.0
565456,49.0
565472,22.0
565760,40.0
565824,46.0
565840,82.0
565840,33.0
565840,24.0
565888,29.0
565920,47.0
565968,71.0
565984,49.0
566032,95.0
566176,89.0
566240,25.0
566304,58.0
566304,103.0
566320,35.0
566336,71.0
566336,54.0
566352,29.0
566432,38.0
566576,15.0
566624,41.0
566768,58.0
566768,46.0
566832,53.0
566864,64.0
566880,35.0
566960,150.0
567088,57.0
567104,42.0
567152,50.0
567200,56.0
567248,59.0
567296,86.0
567312,43.0
567328,14.0
567328,28.0
567376,32.0
567408,36.0
567488,45.0
567520,80.0
567584,27.0
567808,35.0
567824,78.0
567936,46.0
568032,45.0
568048,68.0
568048,47.0
568080,47.0
568192,69.0
568256,27.0
568288,57.0
568464,106.0
568512,74.0
568544,71.0
568640,37.0
568688,55.0
568688,69.0
568704,39.0
568736,78.0
568784,37.0
568816,55.0
568880,53.0
568912,54.0
568960,44.0
568992,33.0
569088,172.0
569088,50.0
569152,38.0
569184,31.0
569280,40.0
569296,24.0
569296,38.0
569376,35.0
569520,51.0
569680,31.0
569744,28.0
569776,56.0
569840,35.0
569856,30.0
569872,68.0
569952,76.0
570144,102.0
570144,23.0
570240,170.0
570256,60.0
570336,86.0
570336,51.0
570352,75.0
570416,89.0
570496,40.0
570512,42.0
570512,89.0
570544,42.0
570560,19.0
570608,41.0
570656,57.0
570736,20.0
570752,25.0
570784,106.0
570848,73.0
570864,45.0
570880,23.0
570880,21.0
570928,37.0
570944,50.0
571120,29.0
571184,53.0
571184,59.0
571360,30.0
571440,58.0
571488,44.0
571520,57.0
571520,60.0
571552,44.0
571600,15.0
571696,48.0
571824,44.0
571824,60.0
571856,23.0
571888,72.0
571888,44.0
571952,48.0
572144,103.0
572400,50.0
572416,104.0
572448,63.0
572496,42.0
572544,43.0
572608,57.0
572640,70.0
572736,76.0
572800,53.0
572800,57.0
572944,87.0
573136,40.0
573152,83.0
573168,143.0
573216,26.0
573232,52.0
573296,22.0
573344,150.0
573392,61.0
573472,99.0
573504,54.0
573504,48.0
573552,69.0
573648,69.0
573648,30.0
573696,22.0
573760,34.0
573952,84.0
573952,45.0
573984,30.0
574064,57.0
574064,35.0
574080,43.0
574112,35.0
574160,43.0
574176,86.0
574256,70.0
574272,39.0
574480,45.0
574512,33.0
574544,78.0
574560,28.0
574752,43.0
574768,70.0
574784,45.0
574816,54.0
574864,73.0
574880,45.0
574992,28.0
575024,48.0
575088,71.0
575216,65.0
575216,192.0
575216,44.0
575376,69.0
575520,44.0
575520,48.0
575536,28.0
575584,37.0
575584,94.0
575632,67.0
575680,50.0
575728,32.0
575760,46.0
575776,57.0
575808,27.0
575824,38.0
575968,28.0
576016,27.0
576080,100.0
576096,32.0
576176,41.0
576176,88.0
576240,44.0
576304,36.0
576400,48.0
576496,43.0
576496,51.0
576512,17.0
576592,113.0
576640,89.0
576688,58.0
576720,34.0
576768,59.0
576800,45.0
576864,68.0
576944,40.0
576960,59.0
576992,51.0
577024,21.0
577040,28.0
577152,41.0
577168,75.0
577184,34.0
577296,50.0
577296,33.0
577360,53.0
577376,80.0
577408,29.0
577408,26.0
577584,34.0
577584,49.0
577616,47.0
577696,32.0
577808,28.0
577808,88.0
577808,53.0
577824,42.0
577952,34.0
577984,51.0
578080,85.0
578080,49.0
578096,67.0
578144,53.0
578176,22.0
578224,40.0
578272,29.0
578288,37.0
578336,47.0
578368,62.0
578368,24.0
578512,56.0
578528,45.0
578608,75.0
578640,22.0
578656,44.0
578848,47.0
578848,48.0
578896,35.0
578944,50.0
579056,43.0
579168,68.0
579184,42.0
579264,46.0
579296,93.0
579328,60.0
579344,70.0
579392,28.0
579408,71.0
579424,51.0
579456,38.0
579584,59.0
579616,48.0
579712,34.0
579760,54.0
579808,72.0
579856,50.0
579872,43.0
579920,39.0
579936,22.0
580016,39.0
580016,37.0
580032,39.0
580112,41.0
580128,26.0
580128,49.0
580160,124.0
580192,54.0
580240,23.0
580272,63.0
580384,39.0
580400,30.0
580480,42.0
580512,24.0
580512,56.0
580624,37.0
580720,35.0
580768,57.0
580768,31.0
580800,49.0
580976,49.0
580992,66.0
581072,42.0
581088,44.0
581088,38.0
581168,72.0
581328,38.0
581360,77.0
581360,70.0
581392,55.0
581472,53.0
581472,24.0
581488,32.0
581504,46.0
581520,88.0
581584,51.0
581744,59.0
581744,41.0
581776,12.0
581776,38.0
581792,80.0
581808,51.0
581808,26.0
581872,25.0
581872,50.0
581904,36.0
582112,39.0
582144,25.0
582144,40.0
582176,27.0
582208,53.0
582208,53.0
582224,28.0
582288,31.0
582400,37.0
582496,39.0
582512,23.0
582528,63.0
582592,26.0
582736,39.0
582768,54.0
582784,57.0
582784,40.0
582896,42.0
582992,95.0
583104,83.0
583104,56.0
583136,46.0
583168,55.0
583312,36.0
583312,51.0
583328,95.0
583344,35.0
583392,38.0
583408,55.0
583488,80.0
583664,35.0
583680,23.0
583712,34.0
583728,76.0
583760,39.0
583808,57.0
583840,67.0
583872,13.0
583888,49.0
583984,37.0
584000,43.0
584000,88.0
584032,34.0
584064,46.0
584064,41.0
584096,69.0
584160,51.0
584192,30.0
584336,19.0
584352,42.0
584416,34.0
584416,36.0
584432,28.0
584448,40.0
584512,28.0
584656,56.0
584816,51.0
584896,34.0
584928,46.0
584960,54.0
584960,32.0
584976,57.0
585008,63.0
585024,71.0
585040,44.0
585040,39.0
585088,85.0
585232,45.0
585312,55.0
585328,73.0
585472,27.0
585472,34.0
585584,58.0
585600,39.0
585632,34.0
585664,41.0
585664,78.0
585728,48.0
585808,53.0
585872,13.0
585968,40.0
585984,59.0
586064,37.0
586064,27.0
586064,29.0
586096,54.0
586112,40.0
586288,61.0
586400,46.0
586432,20.0
586512,58.0
586544,36.0
586592,98.0
586592,38.0
586608,34.0
586640,34.0
586672,59.0
586720,27.0
586720,53.0
586768,117.0
586800,46.0
586800,46.0
586832,25.0
586880,129.0
587040,77.0
587056,29.0
587104,21.0
587184,22.0
587184,49.0
587216,42.0
587264,47.0
587280,30.0
587344,34.0
587344,44.0
587456,46.0
587584,61.0
587584,62.0
587744,25.0
587776,66.0
587776,37.0
587888,52.0
587936,79.0
587936,56.0
587936,22.0
588000,41.0
588032,51.0
588096,52.0
588112,77.0
588288,74.0
588288,52.0
588304,64.0
588320,24.0
588608,89.0
588608,38.0
588672,46.0
588672,58.0
588688,36.0
588704,38.0
588752,54.0
588800,76.0
588864,58.0
588864,68.0
588944,73.0
589072,47.0
589184,32.0
589184,36.0
589216,57.0
589216,38.0
589232,59.0
589264,25.0
589296,79.0
589312,64.0
589360,38.0
589408,45.0
589424,30.0
589488,51.0
589632,28.0
589664,60.0
589744,42.0
589776,34.0
589856,27.0
589888,68.0
589984,48.0
590032,42.0
590080,28.0
590096,55.0
590160,61.0
590160,42.0
590256,60.0
590368,39.0
590384,95.0
590528,76.0
590528,27.0
590656,36.0
590672,51.0
590784,25.0
590800,71.0
590816,35.0
590816,41.0
590848,30.0
590848,43.0
590880,22.0
590960,27.0
590976,59.0
591056,80.0
591152,118.0
591152,109.0
591216,35.0
591232,35.0
591248,27.0
591312,89.0
591344,35.0
591360,86.0
591472,32.0
591488,40.0
591536,24.0
591552,25.0
591568,45.0
591760,44.0
591840,31.0
591872,66.0
591872,39.0
591936,29.0
592016,76.0
592032,45.0
592064,44.0
592080,75.0
592112,35.0
592160,39.0
592272,65.0
592368,33.0
592464,37.0
592496,39.0
592528,48.0
592608,70.0
592640,104.0
592784,42.0
592832,35.0
592848,51.0
592864,50.0
593008,58.0
593072,34.0
593088,117.0
593136,98.0
593248,40.0
593328,43.0
593376,63.0
593392,33.0
593504,84.0
593536,65.0
593552,68.0
593584,47.0
593648,107.0
593648,40.0
593776,58.0
593792,111.0
593888,47.0
593904,36.0
593968,74.0
594064,43.0
594064,33.0
594080,33.0
594096,32.0
594160,24.0
594192,69.0
594224,27.0
594272,75.0
594320,67.0
594480,52.0
594608,33.0
594624,35.0
594624,77.0
594768,79.0
594768,44.0
594832,46.0
594912,64.0
595088,54.0
595104,52.0
595136,77.0
595152,34.0
595168,34.0
595184,76.0
595216,56.0
595232,99.0
595360,73.0
595360,55.0
595504,55.0
595552,29.0
595584,51.0
595664,33.0
595680,28.0
595712,59.0
595776,26.0
595856,44.0
595872,107.0
595920,13.0
595968,47.0
596048,76.0
596064,32.0
596096,20.0
596096,58.0
596160,78.0
596192,17.0
596272,73.0
596272,43.0
596272,68.0
596288,26.0
596336,42.0
596368,63.0
596416,28.0
596448,48.0
596592,68.0
596640,37.0
596656,35.0
596672,36.0
596688,20.0
596720,41.0
596736,28.0
596848,62.0
596880,27.0
597024,47.0
597024,47.0
597088,58.0
597216,50.0
597264,58.0
597264,37.0
597280,40.0
597344,38.0
597424,44.0
597488,29.0
597488,56.0
597504,77.0
597568,55.0
597664,49.0
597712,54.0
597792,48.0
597808,72.0
597856,27.0
597888,50.0
597920,26.0
597952,110.0
597952,43.0
598000,49.0
598080,32.0
598128,49.0
598176,57.0
598208,45.0
598224,59.0
598240,33.0
598272,49.0
598304,31.0
598400,46.0
598576,45.0
598624,20.0
598624,52.0
598656,26.0
598672,34.0
598768,48.0
598832,55.0
598928,61.0
598944,66.0
598944,23.0
598992,49.0
599008,22.0
599040,51.0
599136,76.0
599232,66.0
599312,77.0
599328,44.0
599344,32.0
599376,44.0
599392,39.0
599504,55.0
599552,39.0
599552,26.0
599616,42.0
599616,76.0
599712,90.0
599904,56.0
599984,23.0
600016,61.0
600032,45.0
600048,66.0
600048,44.0
600192,51.0
600240,81.0
600320,19.0
600320,62.0
600464,47.0
600480,61.0
600512,56.0
600512,60.0
600528,71.0
600544,62.0
600576,33.0
600704,42.0
600736,47.0
600752,27.0
600944,26.0
600960,108.0
601024,34.0
601024,70.0
601088,53.0
601104,57.0
601136,42.0
601200,16.0
601264,47.0
601264,33.0
601280,60.0
601360,49.0
601424,86.0
601456,47.0
601472,28.0
601472,28.0
601584,67.0
601616,67.0
601648,24.0
601808,34.0
601824,39.0
601888,26.0
601888,47.0
601920,51.0
601936,61.0
601952,42.0
601984,21.0
602032,26.0
602032,59.0
602128,41.0
602208,91.0
602288,52.0
602352,29.0
602352,26.0
602352,33.0
602448,68.0
602496,67.0
602544,26.0
602576,37.0
602640,52.0
602672,68.0
602688,46.0
602800,48.0
602864,32.0
602896,63.0
602912,62.0
602992,40.0
602992,60.0
603040,52.0
603040,34.0
603072,13.0
603104,51.0
603152,50.0
603184,31.0
603248,38.0
603328,49.0
603344,48.0
603360,28.0
603392,22.0
603424,61.0
603520,45.0
603728,23.0
603744,47.0
603824,52.0
603856,60.0
603904,54.0
603920,36.0
603952,80.0
603968,56.0
603984,37.0
604032,55.0
604080,61.0
604080,47.0
604112,43.0
604208,60.0
604208,30.0
604224,23.0
604224,44.0
604240,66.0
604560,30.0
604624,55.0
604656,27.0
604688,29.0
604704,55.0
604736,49.0
604768,54.0
604768,53.0
604928,60.0
604928,59.0
604944,57.0
604976,48.0
605088,63.0
605152,33.0
605184,67.0
605216,63.0
605312,39.0
605344,49.0
605360,27.0
605408,73.0
605472,46.0
605616,53.0
605616,25.0
605632,20.0
605632,44.0
605648,62.0
605680,61.0
605744,61.0
605856,44.0
605872,33.0
605952,61.0
606000,51.0
606016,67.0
606064,12.0
606128,48.0
606160,47.0
606288,38.0
606336,20.0
606400,48.0
606432,23.0
606448,31.0
606496,40.0
606560,68.0
606576,52.0
606608,62.0
606624,61.0
606656,65.0
606672,42.0
606720,68.0
606752,104.0
606880,27.0
606944,34.0
607072,40.0
607088,50.0
607104,61.0
607184,32.0
607232,30.0
607248,33.0
607248,68.0
607344,53.0
607456,70.0
607504,53.0
607552,62.0
607616,24.0
607664,65.0
607760,32.0
607776,56.0
607792,38.0
607824,55.0
607872,79.0
607968,45.0
608000,34.0
608160,68.0
608160,51.0
608272,41.0
608288,75.0
608336,34.0
608352,33.0
608384,55.0
608384,80.0
608544,62.0
608608,53.0
608704,22.0
608768,38.0
608768,50.0
608848,74.0
608880,38.0
608896,64.0
608944,148.0
608992,38.0
608992,76.0
609040,27.0
609120,22.0
609184,53.0
609216,28.0
609296,71.0
609312,27.0
609344,66.0
609360,41.0
609440,37.0
609440,90.0
609456,29.0
609552,63.0
609552,27.0
609680,81.0
609680,40.0
609728,24.0
609760,54.0
609808,37.0
609936,62.0
609936,40.0
609952,25.0
610080,56.0
610112,42.0
610128,25.0
610144,21.0
610192,52.0
610208,33.0
610304,54.0
610304,34.0
610384,52.0
610384,58.0
610480,73.0
610512,36.0
610560,26.0
610736,41.0
610736,38.0
610816,44.0
610832,72.0
610880,59.0
610944,122.0
610960,47.0
610960,63.0
610976,42.0
611024,40.0
611072,37.0
611088,49.0
611152,26.0
611216,41.0
611264,33.0
611328,51.0
611360,25.0
611440,66.0
611456,31.0
611584,31.0
611584,47.0
611696,55.0
611776,47.0
611856,44.0
611856,33.0
611872,62.0
611904,28.0
611920,41.0
611984,25.0
612016,50.0
612224,49.0
612272,75.0
612272,23.0
612288,44.0
612304,132.0
612304,18.0
612368,24.0
612400,65.0
612416,45.0
612512,98.0
612544,43.0
612560,40.0
612560,44.0
612656,49.0
612752,111.0
612768,29.0
612848,36.0
612864,37.0
612896,42.0
613008,28.0
613104,44.0
613104,50.0
613200,41.0
613232,54.0
613264,32.0
613360,50.0
613472,36.0
613488,39.0
613520,63.0
613616,115.0
613680,57.0
613696,37.0
613792,94.0
613872,48.0
613872,64.0
613888,33.0
614000,30.0
614064,36.0
614144,42.0
614160,72.0
614240,61.0
614272,65.0
614336,120.0
614384,44.0
614400,75.0
614400,33.0
614448,28.0
614480,54.0
614544,42.0
614560,26.0
614640,124.0
614656,48.0
614672,38.0
614704,57.0
614896,41.0
614896,28.0
614928,41.0
615008,39.0
615024,29.0
615056,32.0
615072,86.0
615104,44.0
615200,65.0
615296,60.0
615360,44.0
615360,60.0
615440,48.0
615456,24.0
615488,53.0
615488,37.0
615504,50.0
615536,33.0
615552,41.0
615632,72.0
615776,47.0
615792,37.0
615808,28.0
615872,59.0
615936,28.0
615984,22.0
616032,46.0
616128,37.0
616176,43.0
616240,74.0
616304,53.0
616368,24.0
616368,63.0
616400,56.0
616416,61.0
616496,29.0
616512,45.0
616576,25.0
616592,65.0
616608,94.0
616704,58.0
616800,58.0
616816,63.0
616848,16.0
616848,28.0
616960,24.0
616992,39.0
617008,40.0
617088,53.0
617136,75.0
617168,47.0
617264,47.0
617264,41.0
617504,43.0
617568,67.0
617584,80.0
617584,37.0
617632,94.0
617680,26.0
617760,60.0
617776,58.0
617776,51.0
617904,75.0
617952,54.0
618000,62.0
618096,52.0
618128,34.0
618176,25.0
618192,66.0
618272,44.0
618288,38.0
618304,42.0
618320,92.0
618448,80.0
618480,56.0
618496,46.0
618592,25.0
618624,53.0
618640,71.0
618704,24.0
618736,38.0
618736,35.0
618832,22.0
618928,61.0
618960,66.0
618960,32.0
618992,56.0
619040,48.0
619216,76.0
619216,58.0
619232,46.0
619280,43.0
619360,39.0
619392,48.0
619440,50.0
619456,72.0
619536,31.0
619568,13.0
619712,47.0
619728,48.0
619728,64.0
619760,33.0
619808,37.0
619824,38.0
619824,24.0
619856,36.0
619984,62.0
620064,71.0
620160,27.0
620176,40.0
620192,21.0
620352,40.0
620368,34.0
620384,51.0
620464,44.0
620576,115.0
620576,47.0
620640,57.0
620656,114.0
620672,30.0
620784,13.0
620832,42.0
620864,66.0
620896,57.0
620896,27.0
620912,46.0
621024,98.0
621136,109.0
621216,54.0
621232,36.0
621280,31.0
621328,29.0
621344,80.0
621360,49.0
621376,63.0
621376,30.0
621376,29.0
621488,69.0
621536,56.0
621600,23.0
621648,39.0
621680,63.0
621760,54.0
621760,58.0
621952,36.0
622016,30.0
622032,34.0
622112,52.0
622128,47.0
622160,25.0
622176,60.0
622192,34.0
622256,70.0
622304,60.0
622352,61.0
622528,75.0
622592,26.0
622672,35.0
622736,49.0
622880,43.0
622928,36.0
622960,80.0
622992,77.0
623104,59.0
623152,97.0
623152,53.0
623232,40.0
623328,67.0
623328,82.0
623440,28.0
623520,26.0
623552,39.0
623568,65.0
623600,92.0
623696,46.0
623728,106.0
623744,37.0
623840,32.0
623904,73.0
624096,48.0
624096,171.0
624160,45.0
624176,59.0
624208,29.0
624272,87.0
624384,52.0
624400,44.0
624416,56.0
624496,114.0
624544,87.0
624544,61.0
624560,24.0
624576,61.0
624656,58.0
624832,42.0
624864,30.0
624880,49.0
624960,54.0
624960,66.0
624976,71.0
624976,44.0
625104,35.0
625168,48.0
625200,49.0
625216,63.0
625328,23.0
625360,54.0
625376,52.0
625376,50.0
625392,26.0
625472,38.0
625520,54.0
625616,40.0
625616,28.0
625760,55.0
625824,79.0
625856,64.0
625872,41.0
625904,36.0
625920,33.0
625984,38.0
626048,43.0
626064,34.0
626096,45.0
626096,30.0
626112,22.0
626112,40.0
626176,76.0
626272,41.0
626272,67.0
626304,75.0
626416,34.0
626464,22.0
626608,31.0
626672,39.0
626704,50.0
626736,40.0
626768,57.0
626768,44.0
626784,38.0
626832,33.0
626864,59.0
626928,59.0
626944,70.0
626976,55.0
627088,51.0
627120,41.0
627232,35.0
627280,22.0
627312,56.0
627312,36.0
627408,27.0
627424,51.0
627440,31.0
627504,77.0
627536,48.0
627600,48.0
627792,44.0
627968,41.0
628000,37.0
628032,33.0
628048,46.0
628064,80.0
628080,30.0
628080,82.0
628096,41.0
628128,63.0
628160,58.0
628160,39.0
628224,59.0
628224,50.0
628272,98.0
628368,94.0
628528,33.0
628544,24.0
628672,55.0
628704,40.0
628704,46.0
628752,39.0
628752,42.0
628800,40.0
628800,48.0
628992,59.0
629040,42.0
629056,24.0
629120,64.0
629216,62.0
629312,32.0
629360,52.0
629392,82.0
629408,44.0
629440,73.0
629472,78.0
629664,38.0
629696,62.0
629728,43.0
629728,74.0
629760,28.0
629776,61.0
629792,25.0
629856,46.0
629920,28.0
629920,73.0
629952,34.0
630016,79.0
630080,68.0
630128,25.0
630160,24.0
630240,32.0
630288,53.0
630320,25.0
630368,44.0
630368,32.0
630480,70.0
630480,25.0
630576,39.0
630592,56.0
630624,38.0
630624,29.0
630624,88.0
630688,35.0
630800,65.0
630848,30.0
630880,37.0
630944,39.0
630992,75.0
631056,36.0
631120,75.0
631136,41.0
631152,36.0
631296,42.0
631376,63.0
631440,47.0
631504,35.0
631504,39.0
631520,58.0
631744,38.0
631760,48.0
631776,41.0
631856,66.0
631872,27.0
631872,78.0
631920,81.0
632112,117.0
632208,66.0
632288,26.0
632288,49.0
632304,58.0
632448,72.0
632464,38.0
632512,48.0
632544,49.0
632560,66.0
632592,42.0
632640,33.0
632736,76.0
632752,106.0
632768,56.0
632880,37.0
632912,71.0
632944,40.0
633056,53.0
633072,139.0
633152,35.0
633168,25.0
633360,45.0
633392,69.0
633408,41.0
633408,54.0
633456,32.0
633488,61.0
633536,67.0
633536,39.0
633600,28.0
633600,27.0
633680,70.0
633808,58.0
633840,28.0
633904,34.0
633968,27.0
633984,78.0
634032,39.0
634032,60.0
634064,63.0
634176,108.0
634288,55.0
634304,48.0
634352,47.0
634448,48.0
634544,68.0
634672,40.0
634688,49.0
634720,47.0
634800,39.0
634816,23.0
634816,83.0
634880,36.0
634912,69.0
635024,42.0
635040,23.0
635120,71.0
635152,68.0
635168,98.0
635168,23.0
635264,61.0
635312,80.0
635328,49.0
635392,36.0
635472,22.0
635504,39.0
635520,22.0
635520,38.0
635648,31.0
635696,116.0
635712,43.0
635728,29.0
635728,63.0
635808,70.0
635856,29.0
635904,25.0
635936,70.0
636048,20.0
636080,24.0
636080,38.0
636080,48.0
636080,47.0
636096,66.0
636112,16.0
636256,38.0
636256,20.0
636496,43.0
636592,32.0
636640,92.0
636640,46.0
636672,37.0
636672,26.0
636704,37.0
636800,80.0
636832,47.0
636848,47.0
636880,39.0
636880,52.0
636880,85.0
636944,54.0
636976,24.0
637056,22.0
637072,14.0
637104,14.0
637136,40.0
637200,35.0
637264,37.0
637264,37.0
637312,100.0
637392,104.0
637408,36.0
637680,30.0
637712,46.0
637760,31.0
637792,24.0
637840,49.0
637840,75.0
637840,33.0
637920,70.0
637936,54.0
638048,73.0
638096,26.0
638176,21.0
638192,78.0
638288,72.0
638336,26.0
638448,66.0
638528,21.0
638544,90.0
638752,36.0
638816,61.0
638832,65.0
638832,62.0
638848,25.0
638848,68.0
638864,100.0
638880,125.0
638912,61.0
638912,54.0
638992,44.0
639072,85.0
639104,63.0
639280,33.0
639344,63.0
639376,31.0
639472,39.0
639520,43.0
639520,42.0
639552,40.0
639616,47.0
639616,39.0
639632,51.0
639648,46.0
639664,70.0
639744,76.0
639952,27.0
640000,30.0
640016,40.0
640016,34.0
640032,75.0
640048,25.0
640128,53.0
640144,65.0
640208,54.0
640256,40.0
640272,33.0
640272,40.0
640560,38.0
640560,93.0
640576,34.0
640608,25.0
640656,25.0
640672,41.0
640688,71.0
640704,44.0
640800,33.0
641072,66.0
641088,59.0
641120,62.0
641120,94.0
641200,40.0
641216,33.0
641296,11.0
641344,34.0
641392,45.0
641472,56.0
641520,57.0
641520,78.0
641520,60.0
641552,118.0
641728,24.0
641744,41.0
641760,107.0
641872,76.0
641936,46.0
641936,40.0
642064,42.0
642160,91.0
642192,70.0
642208,41.0
642256,24.0
642256,71.0
642288,48.0
642320,69.0
642384,54.0
642416,43.0
642432,23.0
642464,45.0
642480,60.0
642592,41.0
642592,52.0
642640,73.0
642880,35.0
642880,29.0
642880,26.0
642912,41.0
642912,39.0
642944,22.0
643072,57.0
643072,40.0
643088,38.0
643136,34.0
643344,27.0
643344,72.0
643408,29.0
643520,79.0
643552,40.0
643568,43.0
643632,89.0
643648,48.0
643712,40.0
643872,33.0
643936,97.0
643936,53.0
643968,127.0
644144,63.0
644224,42.0
644256,38.0
644256,53.0
644288,48.0
644336,62.0
644368,50.0
644368,93.0
644384,42.0
644432,31.0
644464,114.0
644480,32.0
644480,34.0
644512,55.0
644768,56.0
644784,107.0
644896,40.0
644928,26.0
644960,42.0
644992,39.0
645040,38.0
645072,37.0
645104,13.0
645152,51.0
645248,48.0
645248,55.0
645344,70.0
645360,61.0
645376,28.0
645408,59.0
645504,78.0
645584,90.0
645664,42.0
645712,59.0
645728,48.0
645744,31.0
645760,61.0
645792,45.0
645856,47.0
646000,41.0
646032,62.0
646032,41.0
646096,37.0
646112,54.0
646160,28.0
646192,65.0
646240,55.0
646288,55.0
646352,37.0
646432,27.0
646480,28.0
646672,58.0
646688,36.0
646768,74.0
646800,63.0
646800,67.0
646800,71.0
647040,59.0
647056,48.0
647056,64.0
647088,41.0
647104,59.0
647184,62.0
647328,35.0
647376,56.0
647376,64.0
647408,22.0
647424,47.0
647504,44.0
647616,51.0
647648,37.0
647664,61.0
647696,37.0
647760,119.0
647792,23.0
647824,49.0
647824,28.0
647920,52.0
648048,42.0
648096,27.0
648208,26.0
648208,24.0
648256,47.0
648304,129.0
648368,60.0
648400,76.0
648464,71.0
648480,52.0
648480,105.0
648512,56.0
648544,39.0
648592,48.0
648592,34.0
648608,57.0
648656,56.0
648736,30.0
648848,21.0
648880,42.0
648912,20.0
649072,61.0
649072,29.0
649088,34.0
649200,45.0
649248,11.0
649264,12.0
649280,27.0
649392,68.0
649392,62.0
649392,57.0
649424,34.0
649504,37.0
649600,59.0
649616,78.0
649616,72.0
649856,70.0
649920,45.0
649920,83.0
649936,43.0
649968,55.0
650016,39.0
650048,41.0
650112,119.0
650192,37.0
650208,51.0
650336,45.0
650352,67.0
650400,56.0
650512,68.0
650576,82.0
650672,47.0
650672,47.0
650896,60.0
650960,48.0
650992,40.0
651040,52.0
651072,35.0
651072,76.0
651072,42.0
651120,34.0
651120,63.0
651120,72.0
651152,51.0
651232,101.0
651296,39.0
651360,25.0
651424,22.0
651504,24.0
651600,35.0
651616,45.0
651632,35.0
651728,66.0
651760,40.0
651824,47.0
651952,60.0
652032,50.0
652080,41.0
652080,49.0
652144,64.0
652208,135.0
652240,26.0
652240,139.0
652288,58.0
652368,46.0
652464,53.0
652608,29.0
652624,26.0
652640,57.0
652656,36.0
652672,27.0
652800,103.0
652864,39.0
652896,33.0
653008,34.0
653008,61.0
653040,26.0
653104,94.0
653120,65.0
653200,78.0
653264,29.0
653280,62.0
653280,26.0
653280,40.0
653376,101.0
653376,45.0
653408,50.0
653504,52.0
653504,24.0
653504,125.0
653520,32.0
653584,20.0
653600,35.0
653664,48.0
653664,35.0
653856,30.0
653920,26.0
653984,49.0
654000,25.0
654064,49.0
654144,40.0
654240,24.0
654256,47.0
654256,55.0
654272,38.0
654320,50.0
654416,88.0
654432,48.0
654528,78.0
654624,76.0
654624,65.0
654640,23.0
654736,91.0
654880,56.0
654912,30.0
654928,63.0
654928,38.0
654992,62.0
654992,36.0
655056,62.0
655056,57.0
655088,52.0
655248,62.0
655280,41.0
655376,71.0
655376,24.0
655376,40.0
655376,31.0
655488,53.0
655504,37.0
655504,55.0
655584,41.0
655664,18.0
655728,42.0
655824,20.0
655840,57.0
655872,49.0
655888,38.0
655936,59.0
655952,89.0
655984,31.0
656032,41.0
656080,36.0
656112,24.0
656112,66.0
656160,49.0
656192,33.0
656288,57.0
656288,28.0
656320,46.0
656352,29.0
656384,71.0
656512,40.0
656576,40.0
656608,36.0
656704,47.0
656720,40.0
656752,40.0
656768,59.0
656960,50.0
656976,25.0
656976,62.0
656992,55.0
656992,42.0
657040,43.0
657040,33.0
657056,48.0
657056,48.0
657088,44.0
657184,36.0
657376,24.0
657392,43.0
657472,27.0
657472,44.0
657488,81.0
657600,40.0
657616,35.0
657712,41.0
657744,64.0
657760,49.0
657856,69.0
657872,55.0
657888,50.0
657936,34.0
657968,49.0
658048,35.0
658112,46.0
658112,40.0
658144,27.0
658208,38.0
658288,27.0
658320,27.0
658352,46.0
658384,26.0
658416,41.0
658496,24.0
658560,43.0
658608,54.0
658624,99.0
658688,34.0
658688,30.0
658816,84.0
658848,29.0
658864,58.0
658864,36.0
658896,13.0
658912,31.0
658928,122.0
659120,27.0
659168,38.0
659216,56.0
659264,76.0
659280,41.0
659280,24.0
659296,43.0
659312,28.0
659408,31.0
659488,42.0
659504,72.0
659616,28.0
659664,16.0
659680,47.0
659744,56.0
659776,30.0
659840,45.0
659920,41.0
660016,33.0
660048,46.0
660080,36.0
660096,124.0
660112,52.0
660112,101.0
660128,29.0
660192,22.0
660240,86.0
660256,32.0
660288,63.0
660416,40.0
660480,23.0
660624,36.0
660704,49.0
660704,64.0
660736,34.0
660784,41.0
660864,49.0
660992,61.0
660992,46.0
661024,57.0
661024,58.0
661040,47.0
661136,56.0
661200,124.0
661200,13.0
661200,29.0
661264,40.0
661280,50.0
661344,108.0
661360,41.0
661392,38.0
661440,64.0
661600,56.0
661696,31.0
661792,58.0
661792,37.0
661808,23.0
661808,49.0
661824,27.0
661904,54.0
661904,39.0
661904,40.0
661920,58.0
662048,64.0
662064,58.0
662160,21.0
662288,59.0
662288,23.0
662352,41.0
662368,35.0
662432,39.0
662512,38.0
662528,23.0
662544,84.0
662560,17.0
662640,17.0
662688,68.0
662736,43.0
662768,15.0
662784,89.0
662816,64.0
662832,30.0
662960,42.0
663008,76.0
663024,30.0
663104,23.0
663120,43.0
663168,30.0
663184,39.0
663232,73.0
663456,27.0
663520,32.0
663520,101.0
663552,46.0
663568,28.0
663584,50.0
663584,59.0
663600,40.0
663616,69.0
663664,56.0
663680,111.0
663744,57.0
664064,55.0
664128,42.0
664128,33.0
664176,59.0
664176,32.0
664176,63.0
664192,36.0
664224,34.0
664256,42.0
664304,49.0
664336,47.0
664528,89.0
664528,63.0
664608,27.0
664640,32.0
664688,71.0
664784,37.0
664816,35.0
664848,42.0
664880,82.0
664880,71.0
664976,50.0
664992,43.0
665056,45.0
665120,62.0
665136,67.0
665152,39.0
665184,60.0
665328,50.0
665360,42.0
665408,50.0
665456,36.0
665472,22.0
665552,48.0
665568,58.0
665648,42.0
665728,46.0
665744,37.0
665776,60.0
665808,30.0
665936,68.0
665968,68.0
666000,51.0
666048,36.0
666112,21.0
666128,48.0
666128,35.0
666240,52.0
666256,38.0
666320,79.0
666400,59.0
666416,80.0
666416,42.0
666560,39.0
666624,39.0
666640,57.0
666656,38.0
666752,27.0
666752,75.0
666752,49.0
666816,43.0
666832,37.0
666848,27.0
667088,52.0
667104,81.0
667136,45.0
667200,40.0
667216,36.0
667328,36.0
667360,60.0
667376,45.0
667440,43.0
667456,44.0
667488,40.0
667552,89.0
667680,22.0
667712,38.0
667760,58.0
667856,25.0
667856,77.0
667872,41.0
667920,45.0
667984,73.0
668112,64.0
668144,127.0
668144,63.0
668160,49.0
668272,35.0
668336,41.0
668352,23.0
668368,55.0
668480,70.0
668480,45.0
668512,41.0
668656,76.0
668720,13.0
668720,50.0
668832,61.0
668896,64.0
668944,52.0
668960,88.0
669024,47.0
669024,41.0
669088,23.0
669088,46.0
669136,62.0
669232,68.0
669424,12.0
669440,60.0
669456,70.0
669456,61.0
669488,34.0
669520,43.0
669520,50.0
669584,43.0
669632,61.0
669648,43.0
669680,41.0
669696,96.0
669776,47.0
669904,51.0
670000,34.0
670032,59.0
670080,24.0
670080,39.0
670160,45.0
670192,44.0
670224,36.0
670304,42.0
670304,45.0
670336,75.0
670352,52.0
670480,60.0
670560,35.0
670576,26.0
670704,64.0
670768,43.0
670768,46.0
670768,13.0
670784,37.0
670848,31.0
670880,25.0
670960,41.0
671024,70.0
671104,55.0
671104,64.0
671120,34.0
671232,56.0
671264,30.0
671312,27.0
671344,120.0
671456,27.0
671456,72.0
671472,44.0
671504,46.0
671664,56.0
671760,33.0
671792,42.0
671792,59.0
671840,46.0
671872,73.0
671920,29.0
671968,54.0
672080,144.0
672128,54.0
672144,42.0
672208,54.0
672384,67.0
672400,90.0
672464,44.0
672464,37.0
672480,25.0
672544,39.0
672560,66.0
672560,26.0
672720,37.0
672768,61.0
672784,62.0
672832,62.0
672880,25.0
672896,32.0
672912,28.0
672976,26.0
672976,48.0
673072,101.0
673152,17.0
673168,94.0
673200,30.0
673360,51.0
673392,26.0
673392,35.0
673424,64.0
673520,47.0
673520,60.0
673648,54.0
673696,108.0
673696,34.0
673728,79.0
673792,56.0
673920,59.0
674032,70.0
674080,24.0
674112,45.0
674128,66.0
674128,13.0
674144,59.0
674176,47.0
674208,43.0
674208,32.0
674320,37.0
674352,60.0
674416,66.0
674544,26.0
674576,25.0
674592,89.0
674624,61.0
674624,52.0
674624,69.0
674704,31.0
674752,25.0
674800,45.0
674864,46.0
674960,58.0
675024,57.0
675040,56.0
675088,55.0
675136,32.0
675136,34.0
675136,45.0
675184,30.0
675248,31.0
675520,75.0
675600,46.0
675632,63.0
675664,54.0
675680,71.0
675760,39.0
675840,41.0
675840,37.0
675888,58.0
675904,51.0
675936,50.0
675984,88.0
676096,67.0
676304,42.0
676304,49.0
676448,22.0
676448,88.0
676480,50.0
676512,42.0
676560,36.0
676624,49.0
676640,94.0
676736,132.0
676768,20.0
676784,53.0
676800,56.0
676832,33.0
676880,80.0
676928,30.0
676960,67.0
676976,31.0
677008,84.0
677024,45.0
677072,82.0
677088,22.0
677232,27.0
677328,48.0
677344,36.0
677376,22.0
677392,48.0
677408,36.0
677440,27.0
677536,64.0
677584,41.0
677600,32.0
677616,41.0
677632,53.0
677792,45.0
677792,72.0
677824,27.0
677904,23.0
677968,37.0
678144,73.0
678192,36.0
678224,84.0
678304,25.0
678352,63.0
678432,75.0
678432,29.0
678448,54.0
678480,72.0
678496,44.0
678496,54.0
678544,45.0
678592,50.0
678704,79.0
678736,83.0
678736,27.0
678736,24.0
678768,73.0
678800,41.0
678832,25.0
678864,26.0
678864,40.0
678880,43.0
678960,30.0
679088,41.0
679088,22.0
679088,20.0
679136,37.0
679248,32.0
679376,34.0
679440,53.0
679488,49.0
679616,70.0
679616,47.0
679648,72.0
679680,55.0
679728,40.0
679792,44.0
679808,67.0
679824,59.0
679920,42.0
680064,58.0
680080,62.0
680080,76.0
680224,34.0
680256,40.0
680256,55.0
680272,52.0
680320,25.0
680336,38.0
680368,35.0
680400,20.0
680416,91.0
680496,26.0
680496,63.0
680512,43.0
680576,15.0
680608,24.0
680656,63.0
680768,28.0
680800,33.0
680896,40.0
680944,83.0
681056,35.0
681088,64.0
681184,36.0
681216,89.0
681280,55.0
681312,66.0
681392,37.0
681440,42.0
681440,59.0
681456,68.0
681488,37.0
681488,34.0
681520,21.0
681584,67.0
681744,29.0
681808,87.0
681840,39.0
681888,77.0
681920,38.0
681952,31.0
681984,56.0
682048,62.0
682096,38.0
682112,39.0
682224,52.0
682320,55.0
682336,33.0
682352,48.0
682368,112.0
682400,32.0
682400,60.0
682544,50.0
682640,70.0
682672,39.0
682704,49.0
682720,23.0
682736,40.0
682832,27.0
682944,62.0
682944,69.0
682944,45.0
682960,37.0
682992,55.0
683056,26.0
683168,31.0
683216,51.0
683232,33.0
683392,21.0
683488,59.0
683504,48.0
683520,43.0
683536,97.0
683536,36.0
683552,24.0
683760,90.0
683760,51.0
683776,90.0
683792,18.0
683792,36.0
683872,55.0
684064,33.0
684080,43.0
684096,36.0
684128,56.0
684288,50.0
684496,46.0
684544,100.0
684544,62.0
684544,47.0
684576,44.0
684592,103.0
684688,38.0
684704,38.0
684720,58.0
684784,31.0
684784,64.0
684800,14.0
684816,65.0
684832,81.0
684912,53.0
685120,39.0
685168,65.0
685248,44.0
685280,160.0
685424,55.0
685488,49.0
685488,36.0
685504,44.0
685584,56.0
685584,50.0
685648,54.0
685680,54.0
685744,75.0
685760,37.0
685792,67.0
685840,35.0
685856,64.0
685904,82.0
686080,60.0
686096,32.0
686192,48.0
686240,25.0
686288,27.0
686288,38.0
686352,69.0
686384,30.0
686400,38.0
686416,21.0
686448,43.0
686560,67.0
686592,25.0
686608,32.0
686640,62.0
686704,70.0
686720,76.0
686752,21.0
686880,37.0
686880,87.0
686992,78.0
687072,23.0
687104,51.0
687184,37.0
687184,39.0
687200,28.0
687248,53.0
687264,39.0
687296,59.0
687328,28.0
687392,12.0
687408,60.0
687488,31.0
687504,70.0
687520,40.0
687520,21.0
687680,38.0
687712,38.0
687744,30.0
687760,72.0
687760,65.0
687808,39.0
687904,24.0
687920,27.0
687936,106.0
688016,32.0
688144,51.0
688176,29.0
688176,58.0
688224,51.0
688224,44.0
688240,59.0
688256,36.0
688320,35.0
688336,25.0
688336,59.0
688400,40.0
688416,31.0
688480,42.0
688624,55.0
688704,24.0
688720,31.0
688720,34.0
688736,25.0
688832,22.0
688880,61.0
688896,31.0
688912,46.0
688928,43.0
688960,51.0
688992,61.0
689104,55.0
689200,13.0
689232,51.0
689248,33.0
689248,26.0
689264,33.0
689328,67.0
689392,18.0
689504,55.0
689552,53.0
689696,19.0
689696,61.0
689696,48.0
689744,53.0
689792,37.0
689856,38.0
689904,64.0
689920,42.0
689920,26.0
689952,101.0
689984,64.0
690096,54.0
690112,49.0
690112,26.0
690112,75.0
690144,37.0
690272,23.0
690272,63.0
690352,38.0
690432,46.0
690512,35.0
690512,37.0
690560,44.0
690576,27.0
690688,62.0
690688,44.0
690704,49.0
690896,12.0
690944,27.0
690992,45.0
691040,48.0
691040,29.0
691072,60.0
691120,48.0
691184,39.0
691296,49.0
691344,97.0
691376,43.0
691440,84.0
691440,47.0
691520,39.0
691520,68.0
691536,89.0
691568,91.0
691712,45.0
691744,50.0
691760,26.0
691808,39.0
691824,49.0
691824,49.0
691968,42.0
691984,54.0
692032,31.0
692064,34.0
692080,40.0
692160,45.0
692192,51.0
692224,72.0
692240,45.0
692304,30.0
692368,39.0
692368,19.0
692400,40.0
692432,54.0
692448,40.0
692544,45.0
692560,33.0
692592,55.0
692592,27.0
692592,38.0
692624,41.0
692656,26.0
692752,24.0
692784,44.0
692832,29.0
692848,41.0
692976,47.0
693008,26.0
693104,35.0
693136,43.0
693136,34.0
693168,32.0
693216,51.0
693248,39.0
693296,28.0
693376,34.0
693424,18.0
693424,40.0
693488,56.0
693504,67.0
693504,75.0
693520,48.0
693568,22.0
693616,38.0
693632,67.0
693808,40.0
693824,43.0
693920,34.0
694032,29.0
694048,35.0
694080,49.0
694096,36.0
694112,54.0
694128,64.0
694192,43.0
694272,28.0
694272,81.0
694320,43.0
694416,62.0
694416,57.0
694528,25.0
694560,23.0
694640,64.0
694688,55.0
694720,25.0
694752,44.0
694816,49.0
694848,89.0
694896,61.0
694912,40.0
694960,27.0
695008,37.0
695024,47.0
695104,64.0
695168,67.0
695264,44.0
695328,30.0
695440,27.0
695504,49.0
695552,28.0
695632,55.0
695632,59.0
695632,76.0
695696,99.0
695744,53.0
695808,23.0
695808,62.0
695808,56.0
695904,59.0
695904,55.0
695920,41.0
695968,29.0
695984,51.0
695984,84.0
696064,27.0
696224,26.0
696240,43.0
696272,23.0
696320,32.0
696352,28.0
696400,41.0
696464,31.0
696480,35.0
696528,52.0
696544,57.0
696640,18.0
696672,54.0
696704,30.0
696768,49.0
696784,91.0
696816,74.0
696848,13.0
696864,34.0
696880,40.0
696960,30.0
696960,56.0
696992,28.0
697024,39.0
697184,14.0
697264,80.0
697296,48.0
697296,19.0
697312,38.0
697312,53.0
697456,42.0
697488,45.0
697520,35.0
697536,54.0
697664,87.0
697696,51.0
697744,56.0
697744,55.0
697872,36.0
697904,28.0
697920,56.0
697984,42.0
698048,54.0
698064,78.0
698176,40.0
698240,45.0
698320,64.0
698336,40.0
698448,60.0
698480,36.0
698576,57.0
698640,48.0
698656,38.0
698688,59.0
698704,87.0
698720,61.0
698784,38.0
698816,52.0
698848,99.0
698944,31.0
699008,48.0
699040,29.0
699040,61.0
699120,40.0
699136,28.0
699296,36.0
699424,69.0
699424,45.0
699472,41.0
699472,71.0
699504,54.0
699568,35.0
699680,52.0
699696,111.0
699840,50.0
699856,46.0
699904,30.0
699904,70.0
699936,56.0
699936,50.0
700096,37.0
700192,56.0
700368,50.0
700432,93.0
700480,36.0
700496,50.0
700592,70.0
700624,48.0
700640,46.0
700640,60.0
700656,74.0
700672,11.0
700704,128.0
700768,21.0
700768,25.0
700832,62.0
700976,65.0
701024,34.0
701120,22.0
701200,69.0
701232,40.0
701248,114.0
701264,38.0
701328,35.0
701424,28.0
701440,78.0
701488,53.0
701600,104.0
701616,62.0
701632,58.0
701664,29.0
701728,38.0
701728,44.0
701744,67.0
701792,72.0
701824,21.0
701872,65.0
701904,41.0
702048,51.0
702048,49.0
702240,50.0
702256,52.0
702272,34.0
702320,62.0
702368,46.0
702416,42.0
702432,40.0
702464,54.0
702496,52.0
702608,11.0
702608,62.0
702656,47.0
702672,26.0
702784,57.0
702784,32.0
702864,51.0
702896,73.0
702960,45.0
703008,43.0
703024,35.0
703072,36.0
703152,83.0
703168,19.0
703376,23.0
703376,63.0
703536,40.0
703552,48.0
703616,63.0
703616,63.0
703696,64.0
703696,46.0
703808,27.0
703824,50.0
703856,43.0
703888,12.0
703968,82.0
704064,57.0
704112,36.0
704128,19.0
704144,48.0
704144,85.0
704160,132.0
704240,114.0
704240,43.0
704304,21.0
704432,36.0
704464,22.0
704496,43.0
704528,24.0
704528,40.0
704608,30.0
704672,100.0
704704,68.0
704720,41.0
704816,20.0
704832,71.0
704848,38.0
704912,42.0
704928,31.0
704960,84.0
705008,19.0
705056,57.0
705120,28.0
705152,39.0
705184,45.0
705232,39.0
705328,31.0
705328,64.0
705376,28.0
705424,36.0
705536,63.0
705584,39.0
705632,28.0
705632,92.0
705664,41.0
705776,34.0
705824,44.0
705888,52.0
705920,24.0
705936,76.0
705984,41.0
706064,27.0
706128,50.0
706176,85.0
706208,66.0
706448,96.0
706448,49.0
706464,25.0
706464,68.0
706496,35.0
706544,60.0
706560,40.0
706656,48.0
706672,65.0
706752,83.0
706752,39.0
706768,62.0
706784,38.0
706912,44.0
707024,65.0
707056,31.0
707072,36.0
707088,27.0
707152,43.0
707152,38.0
707168,44.0
707200,28.0
707248,31.0
707264,90.0
707328,55.0
707328,35.0
707344,35.0
707360,28.0
707472,25.0
707616,59.0
707728,36.0
707760,44.0
707760,31.0
707776,33.0
707792,40.0
707920,35.0
708048,100.0
708048,60.0
708128,69.0
708176,44.0
708176,26.0
708208,63.0
708288,42.0
708400,77.0
708416,68.0
708416,68.0
708608,79.0
708624,53.0
708784,41.0
708800,67.0
708816,40.0
708832,27.0
708864,51.0
708864,51.0
708880,44.0
708880,42.0
708960,75.0
708992,75.0
709024,26.0
709024,38.0
709088,73.0
709248,52.0
709280,62.0
709376,37.0
709456,37.0
709536,41.0
709552,47.0
709552,46.0
709584,35.0
709616,37.0
709632,48.0
709680,50.0
709776,59.0
709856,56.0
709904,39.0
709952,54.0
710080,44.0
710096,35.0
710112,30.0
710208,99.0
710208,41.0
710224,77.0
710240,62.0
710288,21.0
710320,46.0
710320,48.0
710384,44.0
710400,49.0
710416,35.0
710528,39.0
710560,22.0
710624,19.0
710832,34.0
710832,86.0
710912,71.0
710944,39.0
710960,46.0
711008,58.0
711024,40.0
711024,51.0
711056,60.0
711104,44.0
711120,55.0
711152,12.0
711184,41.0
711200,68.0
711200,49.0
711440,26.0
711440,38.0
711456,39.0
711472,29.0
711536,22.0
711536,27.0
711584,40.0
711616,37.0
711648,68.0
711712,32.0
711776,72.0
711792,55.0
711872,27.0
711888,46.0
711904,44.0
711920,28.0
711936,51.0
712144,35.0
712240,23.0
712288,22.0
712304,53.0
712320,49.0
712400,49.0
712448,34.0
712464,47.0
712544,56.0
712544,25.0
712560,42.0
712656,100.0
712752,61.0
712928,24.0
712944,88.0
713040,45.0
713040,36.0
713040,70.0
713088,103.0
713104,50.0
713120,36.0
713136,24.0
713136,43.0
713200,60.0
713472,67.0
713504,35.0
713520,30.0
713536,61.0
713600,25.0
713616,30.0
713696,119.0
713792,44.0
713792,54.0
713792,94.0
713872,21.0
713888,49.0
713920,49.0
713920,50.0
714032,86.0
714048,34.0
714064,64.0
714080,38.0
714128,38.0
714128,68.0
714272,30.0
714272,30.0
714320,39.0
714624,52.0
714640,45.0
714688,50.0
714688,67.0
714704,42.0
714720,41.0
714768,43.0
714784,32.0
714800,42.0
714816,76.0
714832,32.0
714848,58.0
714864,37.0
714928,55.0
715088,24.0
715104,61.0
715136,28.0
715152,32.0
715184,82.0
715280,41.0
715456,40.0
715456,41.0
715456,39.0
715536,51.0
715552,48.0
715600,26.0
715616,48.0
715696,38.0
715728,60.0
715760,67.0
715888,21.0
715968,69.0
715984,53.0
716000,34.0
716032,69.0
716064,38.0
716096,13.0
716128,64.0
716144,24.0
716192,57.0
716192,65.0
716272,51.0
716288,35.0
716304,43.0
716336,46.0
716512,23.0
716512,20.0
716592,56.0
716624,21.0
716768,31.0
716768,77.0
716768,48.0
716784,41.0
716832,33.0
716880,16.0
716896,24.0
716944,22.0
716960,54.0
716992,50.0
717056,64.0
717088,47.0
717136,73.0
717184,70.0
717344,29.0
717424,27.0
717440,42.0
717456,59.0
717472,40.0
717472,24.0
717472,44.0
717488,94.0
717680,46.0
717760,26.0
717760,54.0
717808,64.0
717856,24.0
717872,24.0
717904,48.0
717968,33.0
718048,23.0
718048,68.0
718128,41.0
718160,43.0
718288,26.0
718320,71.0
718368,32.0
718384,58.0
718448,105.0
718464,88.0
718560,32.0
718624,41.0
718720,60.0
718832,44.0
718848,50.0
718912,33.0
719072,44.0
719088,104.0
719088,48.0
719136,61.0
719152,87.0
719184,39.0
719232,49.0
719312,25.0
719360,91.0
719392,42.0
719488,41.0
719520,56.0
719536,67.0
719568,110.0
719616,27.0
719632,35.0
719664,51.0
719696,88.0
719760,42.0
719872,46.0
719888,22.0
719936,49.0
719968,38.0
720048,27.0
720080,48.0
720080,28.0
720080,43.0
720096,54.0
720112,22.0
720192,33.0
720208,70.0
720240,42.0
720288,48.0
720400,22.0
720496,26.0
720544,41.0
720592,45.0
720608,70.0
720624,58.0
720688,37.0
720736,28.0
720736,33.0
720768,43.0
720784,44.0
720832,56.0
720992,50.0
721040,26.0
721056,59.0
721072,69.0
721120,36.0
721136,40.0
721136,34.0
721184,59.0
721216,51.0
721376,34.0
721392,44.0
721424,24.0
721456,25.0
721552,59.0
721600,38.0
721648,36.0
721664,56.0
721680,34.0
721696,60.0
721792,42.0
721792,41.0
721872,41.0
721888,69.0
721936,75.0
721952,25.0
722000,51.0
722000,36.0
722128,21.0
722192,51.0
722208,51.0
722320,27.0
722384,32.0
722416,39.0
722432,61.0
722528,37.0
722592,59.0
722592,29.0
722608,63.0
722688,64.0
722704,64.0
722752,50.0
722832,71.0
722848,53.0
722944,47.0
722960,33.0
722992,42.0
723056,33.0
723104,56.0
723168,36.0
723216,76.0
723280,54.0
723312,29.0
723488,49.0
723488,24.0
723504,32.0
723536,59.0
723664,66.0
723824,34.0
723824,90.0
723824,48.0
723824,62.0
723856,22.0
723872,35.0
723984,51.0
724000,29.0
724000,66.0
724016,50.0
724128,90.0
724176,89.0
724272,28.0
724272,49.0
724352,54.0
724416,26.0
724432,38.0
724448,36.0
724512,97.0
724528,54.0
724528,33.0
724592,48.0
724624,40.0
724736,29.0
724736,45.0
724768,40.0
724768,59.0
724784,27.0
724784,12.0
724912,31.0
724928,12.0
725104,58.0
725168,27.0
725232,29.0
725280,52.0
725312,43.0
725328,92.0
725392,60.0
725392,70.0
725568,49.0
725648,34.0
725744,22.0
725760,77.0
725792,55.0
725808,26.0
725808,81.0
725872,35.0
725888,85.0
725936,41.0
725952,74.0
725984,41.0
725984,11.0
726016,53.0
726112,74.0
726288,25.0
726320,33.0
726336,48.0
726416,38.0
726496,107.0
726560,83.0
726624,61.0
726624,54.0
726672,43.0
726720,48.0
726736,50.0
726752,48.0
726816,67.0
726864,62.0
727120,63.0
727120,50.0
727168,34.0
727248,60.0
727296,27.0
727296,39.0
727344,63.0
727360,39.0
727392,61.0
727392,42.0
727408,57.0
727520,25.0
727536,26.0
727552,46.0
727680,24.0
727744,70.0
727792,111.0
727824,33.0
727888,45.0
727888,71.0
727952,35.0
728000,47.0
728048,93.0
728176,41.0
728192,52.0
728272,55.0
728288,25.0
728288,38.0
728320,23.0
728416,42.0
728480,59.0
728496,59.0
728512,32.0
728528,30.0
728720,86.0
728736,28.0
728768,61.0
728912,40.0
728928,95.0
728992,42.0
729008,32.0
729008,52.0
729024,31.0
729072,35.0
729104,57.0
729120,81.0
729216,58.0
729328,20.0
729344,26.0
729504,25.0
729536,39.0
729552,104.0
729568,52.0
729616,34.0
729632,40.0
729744,61.0
729824,30.0
730032,97.0
730048,102.0
730112,36.0
730128,88.0
730160,52.0
730176,73.0
730176,42.0
730272,44.0
730320,81.0
730400,48.0
730464,26.0
730560,24.0
730592,65.0
730592,86.0
730640,51.0
730720,38.0
730800,33.0
730816,49.0
730864,34.0
730976,85.0
730992,51.0
730992,25.0
731120,60.0
731136,34.0
731152,47.0
731168,65.0
731184,39.0
731200,91.0
731200,46.0
731216,131.0
731344,39.0
731488,43.0
731632,40.0
731632,27.0
731632,27.0
731712,67.0
731712,31.0
731776,57.0
731792,40.0
731888,67.0
731888,56.0
732048,57.0
732080,46.0
732128,72.0
732144,32.0
732160,61.0
732176,63.0
732256,39.0
732336,44.0
732480,48.0
732592,51.0
732640,47.0
732720,42.0
732720,63.0
732784,56.0
732784,62.0
732800,39.0
732848,48.0
732880,45.0
732896,26.0
732960,52.0
733024,27.0
733056,45.0
733184,58.0
733216,67.0
733248,110.0
733248,33.0
733264,134.0
733328,43.0
733488,43.0
733552,42.0
733616,48.0
733680,39.0
733744,30.0
733744,60.0
733856,67.0
733920,64.0
733920,44.0
733952,29.0
734016,66.0
734064,32.0
734240,62.0
734288,34.0
734336,68.0
734352,83.0
734352,38.0
734368,65.0
734416,46.0
734432,78.0
734480,35.0
734528,36.0
734576,45.0
734656,20.0
734800,49.0
734832,76.0
734848,30.0
734848,49.0
734896,41.0
734912,62.0
734960,38.0
735088,41.0
735120,48.0
735184,41.0
735296,63.0
735296,51.0
735424,36.0
735440,40.0
735504,26.0
735504,53.0
735616,181.0
735648,46.0
735648,67.0
735696,50.0
735744,28.0
735792,38.0
735824,88.0
735936,32.0
735952,70.0
735984,30.0
736000,72.0
736000,19.0
736000,35.0
736016,25.0
736112,38.0
736112,72.0
736112,51.0
736240,31.0
736336,43.0
736368,24.0
736416,81.0
736464,42.0
736480,52.0
736496,31.0
736544,37.0
736560,39.0
736592,37.0
736640,39.0
736688,36.0
736720,11.0
736752,40.0
736784,34.0
736816,44.0
736832,26.0
736944,24.0
736960,23.0
737024,75.0
737056,45.0
737120,40.0
737168,28.0
737168,73.0
737408,37.0
737456,60.0
737472,40.0
737472,26.0
737552,50.0
737568,55.0
737600,30.0
737616,78.0
737696,42.0
737808,54.0
737872,88.0
737984,75.0
738128,36.0
738128,45.0
738144,43.0
738160,43.0
738176,63.0
738192,36.0
738192,77.0
738224,47.0
738384,51.0
738400,26.0
738464,21.0
738528,118.0
738544,42.0
738576,25.0
738608,57.0
738624,25.0
738640,30.0
738656,53.0
738672,67.0
738704,32.0
738752,39.0
738784,40.0
738912,23.0
738960,36.0
738976,22.0
739056,33.0
739088,43.0
739152,31.0
739184,34.0
739264,37.0
739296,133.0
739328,54.0
739344,23.0
739392,75.0
739440,43.0
739456,42.0
739504,56.0
739520,23.0
739568,38.0
739632,36.0
739648,67.0
739664,23.0
739728,64.0
739744,35.0
739776,43.0
739824,31.0
739952,38.0
739952,27.0
739952,65.0
740032,37.0
740080,26.0
740176,49.0
740192,39.0
740192,43.0
740224,37.0
740304,65.0
740448,31.0
740496,42.0
740496,48.0
740640,26.0
740672,64.0
740688,46.0
740736,44.0
740784,37.0
740800,66.0
740800,84.0
740944,73.0
740992,31.0
741008,32.0
741104,64.0
741120,58.0
741136,43.0
741232,28.0
741344,87.0
741376,27.0
741392,45.0
741424,70.0
741472,49.0
741504,44.0
741520,33.0
741600,60.0
741648,53.0
741664,93.0
741744,63.0
741808,50.0
741840,46.0
741856,45.0
741856,27.0
742048,44.0
742112,37.0
742144,31.0
742176,66.0
742208,61.0
742272,48.0
742288,27.0
742288,56.0
742320,30.0
742336,33.0
742352,43.0
742432,52.0
742480,46.0
742576,75.0
742608,27.0
742640,22.0
742736,39.0
742800,33.0
742800,23.0
742832,85.0
742912,66.0
742944,41.0
742960,38.0
743040,27.0
743040,62.0
743104,49.0
743280,67.0
743312,32.0
743344,25.0
743376,29.0
743392,41.0
743408,67.0
743504,58.0
743520,65.0
743568,58.0
743568,46.0
743680,25.0
743760,101.0
743856,51.0
743872,35.0
743872,67.0
743904,50.0
743952,57.0
744048,40.0
744080,32.0
744144,12.0
744224,53.0
744272,55.0
744288,24.0
744336,29.0
744448,69.0
744464,37.0
744480,50.0
744624,36.0
744640,31.0
744656,27.0
744672,69.0
744704,27.0
744736,28.0
744832,24.0
744848,62.0
744944,89.0
744960,75.0
745040,24.0
745072,98.0
745072,62.0
745152,30.0
745168,44.0
745216,36.0
745216,141.0
745248,57.0
745264,33.0
745456,38.0
745504,22.0
745568,31.0
745584,55.0
745680,45.0
745696,33.0
745728,43.0
745808,83.0
745888,24.0
745904,41.0
746000,86.0
746080,54.0
746096,72.0
746112,56.0
746176,57.0
746272,24.0
746304,53.0
746336,38.0
746352,80.0
746432,100.0
746480,24.0
746512,38.0
746528,60.0
746544,46.0
746688,24.0
746704,33.0
746720,28.0
746784,42.0
746864,24.0
746912,35.0
746944,79.0
746992,35.0
746992,81.0
747072,35.0
747168,99.0
747184,30.0
747248,57.0
747312,25.0
747312,48.0
747312,23.0
747344,84.0
747392,54.0
747440,45.0
747520,41.0
747520,52.0
747552,23.0
747632,40.0
747776,24.0
747808,31.0
747808,23.0
747872,112.0
747888,36.0
747936,39.0
747968,28.0
747968,56.0
748064,80.0
748080,57.0
748112,35.0
748112,70.0
748192,53.0
748288,30.0
748288,32.0
748336,51.0
748416,73.0
748432,50.0
748464,41.0
748656,49.0
748688,25.0
748832,40.0
748848,55.0
748928,51.0
748928,51.0
749008,45.0
749040,60.0
749040,67.0
749040,39.0
749088,75.0
749088,47.0
749104,73.0
749232,34.0
749280,76.0
749280,39.0
749344,31.0
749392,60.0
749520,37.0
749536,16.0
749600,42.0
749648,35.0
749664,35.0
749664,41.0
749744,25.0
749776,82.0
749792,44.0
749808,48.0
749840,63.0
749920,55.0
750000,60.0
750096,44.0
750208,58.0
750224,27.0
750416,20.0
750432,48.0
750464,39.0
750544,21.0
750624,39.0
750624,69.0
750672,28.0
750704,58.0
750720,74.0
750784,65.0
750800,62.0
750848,74.0
751024,25.0
751040,26.0
751120,95.0
751120,75.0
751184,48.0
751344,31.0
751360,41.0
751376,57.0
751376,108.0
751392,38.0
751520,143.0
751536,26.0
751552,47.0
751584,65.0
751600,26.0
751680,63.0
751808,86.0
751856,30.0
752048,42.0
752048,83.0
752064,29.0
752064,24.0
752112,48.0
752176,66.0
752208,73.0
752336,51.0
752400,86.0
752416,19.0
752448,56.0
752480,68.0
752480,70.0
752496,40.0
752544,30.0
752576,62.0
752608,27.0
752608,67.0
752656,38.0
752768,27.0
752784,45.0
752800,62.0
752832,27.0
752864,51.0
752976,23.0
753008,33.0
753008,25.0
753072,36.0
753136,41.0
753152,18.0
753200,41.0
753232,28.0
753232,25.0
753248,50.0
753264,43.0
753280,39.0
753312,32.0
753440,77.0
753600,39.0
753600,33.0
753696,58.0
753712,36.0
753760,31.0
753792,49.0
753808,41.0
753824,36.0
753888,92.0
753888,28.0
753920,43.0
754080,50.0
754112,69.0
754288,43.0
754304,62.0
754336,71.0
754448,47.0
754480,43.0
754512,57.0
754528,45.0
754640,47.0
754704,59.0
754848,58.0
754864,72.0
754896,49.0
754912,105.0
754992,30.0
755008,42.0
755104,51.0
755184,46.0
755200,45.0
755216,83.0
755296,62.0
755328,43.0
755344,40.0
755472,30.0
755600,67.0
755664,35.0
755696,53.0
755728,45.0
755744,53.0
755840,40.0
755936,40.0
755968,40.0
756000,68.0
756032,122.0
756064,29.0
756096,57.0
756128,29.0
756128,49.0
756240,151.0
756272,33.0
756272,66.0
756288,28.0
756400,29.0
756416,28.0
756544,26.0
756544,53.0
756560,31.0
756576,53.0
756640,40.0
756656,74.0
756816,25.0
756848,51.0
756864,125.0
756896,22.0
756912,39.0
756944,34.0
756944,42.0
756960,26.0
757008,55.0
757136,54.0
757280,65.0
757344,44.0
757344,27.0
757440,36.0
757488,52.0
757488,87.0
757504,59.0
757552,61.0
757616,45.0
757616,42.0
757632,51.0
757664,24.0
757664,44.0
757760,51.0
758032,74.0
758064,25.0
758080,46.0
758192,44.0
758208,37.0
758208,67.0
758336,42.0
758352,57.0
758384,47.0
758416,67.0
758416,88.0
758528,64.0
758576,60.0
758672,29.0
758816,25.0
758880,43.0
758960,88.0
758976,76.0
758992,57.0
759056,42.0
759072,34.0
759072,54.0
759120,44.0
759152,36.0
759184,53.0
759184,72.0
759232,73.0
759312,22.0
759360,117.0
759440,29.0
759456,69.0
759472,26.0
759488,26.0
759488,38.0
759536,45.0
759584,57.0
759712,40.0
759808,39.0
759888,46.0
759952,45.0
760064,33.0
760080,37.0
760112,50.0
760160,61.0
760176,66.0
760224,47.0
760224,49.0
760336,39.0
760512,25.0
760528,36.0
760560,98.0
760640,80.0
760784,45.0
760800,40.0
760832,86.0
760832,84.0
760832,64.0
760864,40.0
760912,83.0
760976,68.0
761072,53.0
761072,35.0
761216,41.0
761248,45.0
761248,26.0
761296,27.0
761408,77.0
761408,67.0
761424,39.0
761472,87.0
761488,32.0
761584,32.0
761648,51.0
761680,53.0
761792,63.0
761824,57.0
761936,81.0
761984,57.0
762032,38.0
762112,39.0
762192,59.0
762208,26.0
762272,39.0
762304,39.0
762304,68.0
762352,59.0
762368,27.0
762384,71.0
762464,62.0
762464,66.0
762544,32.0
762560,61.0
762576,47.0
762656,42.0
762720,89.0
762752,28.0
762752,34.0
762800,26.0
762928,51.0
763008,28.0
763040,46.0
763104,52.0
763120,58.0
763120,48.0
763136,21.0
763152,49.0
763296,45.0
763296,52.0
763312,35.0
763328,36.0
763408,47.0
763440,56.0
763440,25.0
763488,64.0
763568,53.0
763584,29.0
763616,43.0
763808,32.0
763824,24.0
763840,25.0
763840,46.0
763856,53.0
763888,35.0
763920,48.0
763936,50.0
763968,41.0
764112,34.0
764208,68.0
764272,54.0
764336,30.0
764352,48.0
764352,33.0
764400,69.0
764400,37.0
764544,44.0
764576,46.0
764640,45.0
764688,30.0
764720,47.0
764736,78.0
764736,53.0
764880,38.0
765088,46.0
765104,93.0
765120,24.0
765152,51.0
765168,51.0
765184,49.0
765280,55.0
765280,37.0
765280,73.0
765280,44.0
765376,52.0
765408,92.0
765440,45.0
765456,45.0
765520,27.0
765600,60.0
765664,24.0
765824,45.0
765872,37.0
765920,34.0
765968,33.0
766000,55.0
766016,54.0
766128,53.0
766160,62.0
766192,37.0
766288,48.0
766304,64.0
766304,56.0
766352,56.0
766352,43.0
766384,24.0
766432,78.0
766480,35.0
766496,30.0
766528,103.0
766688,31.0
766720,26.0
766736,48.0
766784,39.0
766816,21.0
766816,59.0
766928,69.0
766928,40.0
766944,40.0
767008,39.0
767072,45.0
767120,27.0
767136,63.0
767136,38.0
767152,27.0
767184,52.0
767184,23.0
767216,25.0
767232,31.0
767280,31.0
767280,53.0
767360,54.0
767392,29.0
767440,27.0
767568,27.0
767728,32.0
767744,37.0
767840,25.0
767840,38.0
767936,36.0
767952,48.0
767984,53.0
768048,69.0
768048,48.0
768080,72.0
768096,23.0
768144,25.0
768336,31.0
768416,23.0
768416,84.0
768448,31.0
768448,66.0
768544,79.0
768592,92.0
768640,67.0
768656,32.0
768672,52.0
768688,44.0
768736,97.0
768816,55.0
768864,51.0
768880,34.0
769136,45.0
769136,65.0
769152,44.0
769232,40.0
769248,73.0
769312,36.0
769328,55.0
769392,47.0
769408,16.0
769440,39.0
769488,51.0
769504,68.0
769584,56.0
769616,47.0
769632,68.0
769712,24.0
769744,54.0
769792,30.0
769808,42.0
769936,44.0
769968,24.0
770032,34.0
770032,39.0
770208,51.0
770272,71.0
770304,50.0
770320,67.0
770336,37.0
770416,61.0
770480,28.0
770528,37.0
770656,20.0
770688,30.0
770720,43.0
770736,64.0
770736,69.0
770752,131.0
770816,32.0
770832,35.0
770848,77.0
770864,56.0
770880,67.0
771056,46.0
771120,83.0
771232,44.0
771296,35.0
771328,37.0
771424,37.0
771504,64.0
771520,40.0
771536,53.0
771552,27.0
771568,72.0
771616,50.0
771744,56.0
771792,58.0
771888,37.0
771984,28.0
772000,84.0
772048,51.0
772112,66.0
772128,44.0
772192,43.0
772224,44.0
772272,97.0
772272,45.0
772336,63.0
772352,100.0
772464,36.0
772480,57.0
772576,28.0
772608,38.0
772624,25.0
772624,36.0
772640,64.0
772720,46.0
772768,31.0
772768,41.0
772800,33.0
772816,67.0
772928,71.0
772960,39.0
773008,24.0
773072,17.0
773088,38.0
773120,32.0
773168,44.0
773216,37.0
773232,29.0
773264,39.0
773312,70.0
773424,41.0
773456,33.0
773504,58.0
773568,35.0
773584,39.0
773584,29.0
773632,26.0
773696,61.0
773728,41.0
773744,41.0
773760,28.0
773888,67.0
773936,99.0
774000,46.0
774048,37.0
774096,54.0
774112,26.0
774128,34.0
774192,48.0
774304,36.0
774304,45.0
774384,51.0
774416,57.0
774432,24.0
774512,47.0
774624,62.0
774672,49.0
774720,26.0
774720,45.0
774752,41.0
774784,53.0
774800,66.0
774992,23.0
775104,37.0
775136,24.0
775152,53.0
775200,48.0
775200,67.0
775200,127.0
775216,64.0
775280,73.0
775376,37.0
775392,63.0
775552,28.0
775584,57.0
775696,35.0
775712,31.0
775744,22.0
775760,48.0
775776,36.0
775824,69.0
775840,40.0
775888,92.0
775920,48.0
776064,43.0
776064,19.0
776080,80.0
776160,60.0
776192,28.0
776320,30.0
776384,69.0
776400,43.0
776448,42.0
776464,24.0
776480,56.0
776512,39.0
776576,41.0
776592,117.0
776640,68.0
776688,39.0
776688,13.0
776704,55.0
776704,20.0
776832,27.0
776848,43.0
776848,41.0
776912,53.0
776960,24.0
776960,28.0
776976,33.0
777056,46.0
777104,88.0
777280,43.0
777360,25.0
777376,29.0
777376,42.0
777408,59.0
777424,36.0
777616,48.0
777632,50.0
777664,35.0
777664,43.0
777696,40.0
777776,51.0
777792,69.0
777792,72.0
777824,34.0
777936,35.0
777984,23.0
778000,82.0
778016,40.0
778064,27.0
778160,31.0
778208,49.0
778224,28.0
778256,37.0
778256,97.0
778304,56.0
778400,38.0
778480,70.0
778560,48.0
778592,38.0
778624,43.0
778688,54.0
778720,29.0
778768,44.0
778768,47.0
778848,43.0
779008,49.0
779024,45.0
779104,56.0
779104,39.0
779120,89.0
779136,36.0
779200,38.0
779216,37.0
779264,31.0
779264,54.0
779344,36.0
779360,69.0
779472,23.0
779568,27.0
779584,99.0
779632,49.0
779664,25.0
779680,42.0
779760,65.0
779776,41.0
779808,70.0
779936,42.0
780000,41.0
780016,34.0
780048,64.0
780064,27.0
780208,53.0
780208,69.0
780320,69.0
780336,71.0
780432,41.0
780448,28.0
780496,52.0
780496,35.0
780544,30.0
780576,23.0
780640,37.0
780672,62.0
780688,55.0
780704,70.0
780704,59.0
780752,26.0
780848,26.0
780880,24.0
781008,20.0
781104,38.0
781120,26.0
781152,36.0
781248,38.0
781280,36.0
781296,68.0
781328,55.0
781360,65.0
781424,55.0
781440,117.0
781440,43.0
781456,49.0
781664,35.0
781680,50.0
781680,52.0
781696,36.0
781728,27.0
781792,32.0
781904,56.0
781952,31.0
781968,122.0
782080,40.0
782096,23.0
782160,31.0
782192,52.0
782208,48.0
782304,61.0
782368,70.0
782384,44.0
782432,63.0
782480,32.0
782512,45.0
782576,55.0
782752,24.0
782816,32.0
782832,25.0
782848,56.0
782880,45.0
782896,43.0
782928,78.0
783008,116.0
783008,51.0
783120,38.0
783216,46.0
783344,78.0
783360,91.0
783392,40.0
783408,37.0
783440,37.0
783536,40.0
783552,61.0
783568,43.0
783600,42.0
783600,37.0
783664,41.0
783776,41.0
783792,88.0
783808,108.0
783936,21.0
784048,24.0
784112,47.0
784192,85.0
784208,38.0
784208,17.0
784256,29.0
784384,73.0
784416,63.0
784528,71.0
784560,47.0
784592,65.0
784592,78.0
784608,31.0
784672,77.0
784704,73.0
784736,73.0
784768,62.0
784928,45.0
784928,45.0
785104,34.0
785184,26.0
785232,65.0
785232,39.0
785248,41.0
785248,75.0
785296,48.0
785328,57.0
785456,47.0
785488,51.0
785488,47.0
785520,58.0
785520,26.0
785536,72.0
785616,43.0
785664,46.0
785840,38.0
785856,23.0
785856,100.0
785856,33.0
785872,43.0
785936,25.0
786016,49.0
786048,37.0
786048,12.0
786144,53.0
786160,57.0
786192,42.0
786208,43.0
786288,27.0
786448,37.0
786512,64.0
786512,56.0
786560,82.0
786608,48.0
786640,31.0
786640,44.0
786656,38.0
786704,41.0
786704,12.0
786720,44.0
786720,35.0
786800,71.0
786864,42.0
786896,38.0
786928,30.0
786944,67.0
787056,53.0
787088,23.0
787216,32.0
787248,40.0
787312,38.0
787440,45.0
787472,51.0
787504,59.0
787520,55.0
787552,38.0
787664,48.0
787680,55.0
787856,62.0
787904,53.0
787920,62.0
788000,49.0
788048,38.0
788064,37.0
788064,51.0
788128,65.0
788128,39.0
788144,52.0
788192,97.0
788288,48.0
788384,30.0
788448,56.0
788496,52.0
788512,28.0
788528,126.0
788560,31.0
788576,36.0
788736,51.0
788752,38.0
788768,45.0
788768,40.0
788784,58.0
788800,38.0
788832,24.0
788976,37.0
788992,54.0
789008,83.0
789008,28.0
789072,49.0
789168,25.0
789184,24.0
789184,41.0
789248,46.0
789248,29.0
789264,43.0
789328,31.0
789456,28.0
789488,47.0
789632,41.0
789648,41.0
789664,37.0
789856,38.0
789856,37.0
789872,86.0
789888,70.0
789968,60.0
790032,54.0
790080,39.0
790096,27.0
790208,20.0
790224,56.0
790272,40.0
790304,70.0
790320,98.0
790480,32.0
790480,81.0
790480,77.0
790496,53.0
790528,42.0
790544,43.0
790704,76.0
790768,43.0
790912,23.0
791008,57.0
791104,38.0
791120,50.0
791152,28.0
791152,42.0
791152,80.0
791168,56.0
791296,48.0
791344,65.0
791360,72.0
791360,83.0
791456,19.0
791504,46.0
791504,64.0
791552,25.0
791584,85.0
791632,30.0
791696,33.0
791712,38.0
791728,51.0
791824,29.0
791968,32.0
791984,40.0
792000,17.0
792048,47.0
792080,45.0
792080,36.0
792144,40.0
792256,78.0
792272,112.0
792336,47.0
792336,40.0
792448,25.0
792480,31.0
792512,55.0
792544,52.0
792576,36.0
792592,92.0
792608,49.0
792624,67.0
792656,43.0
792864,49.0
792992,23.0
792992,41.0
793072,51.0
793120,49.0
793152,55.0
793152,63.0
793152,31.0
793168,19.0
793184,69.0
793184,42.0
793296,44.0
793328,49.0
793360,57.0
793520,59.0
793584,37.0
793680,24.0
793728,34.0
793808,51.0
793808,75.0
793840,85.0
793856,49.0
793872,34.0
793936,36.0
793952,50.0
794112,37.0
794160,62.0
794160,18.0
794192,67.0
794208,30.0
794240,66.0
794288,71.0
794560,55.0
794576,89.0
794608,28.0
794640,27.0
794672,46.0
794720,57.0
794720,71.0
794768,60.0
794816,44.0
794832,42.0
794864,39.0
794864,12.0
795008,28.0
795088,50.0
795120,73.0
795152,81.0
795216,24.0
795248,33.0
795264,41.0
795280,29.0
795328,38.0
795344,72.0
795408,18.0
795456,28.0
795456,12.0
795552,21.0
795568,20.0
795584,45.0
795600,28.0
795648,63.0
795808,65.0
795808,45.0
795920,17.0
795920,40.0
795952,34.0
795984,40.0
796064,38.0
796096,32.0
796096,77.0
796192,54.0
796240,18.0
796352,111.0
796384,49.0
796432,39.0
796512,33.0
796576,64.0
796624,51.0
796624,66.0
796672,36.0
796704,38.0
796720,41.0
796752,81.0
796768,53.0
796768,33.0
796816,27.0
796864,59.0
796896,34.0
796944,194.0
797040,53.0
797088,36.0
797104,24.0
797232,41.0
797440,42.0
797504,43.0
797504,46.0
797568,44.0
797600,73.0
797616,54.0
797632,63.0
797632,37.0
797632,60.0
797648,35.0
797664,65.0
797664,35.0
797824,70.0
797888,28.0
797904,25.0
797952,66.0
798000,66.0
798032,24.0
798208,61.0
798224,41.0
798288,42.0
798336,42.0
798400,56.0
798464,50.0
798512,55.0
798608,45.0
798608,24.0
798624,42.0
798656,66.0
798672,48.0
798704,67.0
798720,56.0
798752,47.0
798784,72.0
798848,51.0
798880,37.0
798928,45.0
799008,24.0
799104,48.0
799232,30.0
799248,53.0
799328,39.0
799360,56.0
799440,49.0
799472,39.0
799488,61.0
799600,42.0
799648,26.0
799792,57.0
799840,66.0
799920,51.0
799936,79.0
799984,39.0
800000,35.0
800064,91.0
800064,46.0
800064,36.0
800064,66.0
800080,38.0
800112,54.0
800224,39.0
800256,103.0
800416,27.0
800432,49.0
800528,29.0
800608,24.0
800656,121.0
800800,54.0
800800,46.0
800800,46.0
800832,48.0
800864,28.0
800896,69.0
800976,45.0
800992,57.0
801024,74.0
801104,62.0
801120,75.0
801296,31.0
801328,56.0
801328,42.0
801344,51.0
801472,30.0
801520,12.0
801616,49.0
801616,101.0
801648,34.0
801664,50.0
801808,43.0
801856,35.0
801888,68.0
801984,68.0
802016,25.0
802032,89.0
802032,35.0
802096,67.0
802096,70.0
802112,49.0
802144,30.0
802160,34.0
802192,24.0
802272,26.0
802304,94.0
802464,27.0
802528,74.0
802544,56.0
802576,37.0
802672,40.0
802784,37.0
802800,49.0
802800,80.0
802832,59.0
802832,45.0
802944,53.0
803056,57.0
803104,59.0
803120,41.0
803120,53.0
803232,35.0
803280,61.0
803376,80.0
803408,52.0
803472,58.0
803472,40.0
803520,45.0
803536,63.0
803648,34.0
803664,52.0
803696,57.0
803696,56.0
803760,40.0
803824,19.0
803840,56.0
803904,49.0
803952,56.0
804048,36.0
804064,26.0
804128,53.0
804160,25.0
804288,57.0
804400,62.0
804416,32.0
804432,60.0
804448,57.0
804528,36.0
804560,32.0
804624,29.0
804688,62.0
804768,59.0
804800,46.0
804816,70.0
804880,28.0
804896,104.0
804912,39.0
805056,33.0
805120,80.0
805152,33.0
805184,66.0
805200,50.0
805216,33.0
805280,52.0
805392,30.0
805456,65.0
805456,40.0
805472,42.0
805488,114.0
805520,60.0
805696,36.0
805712,51.0
805744,18.0
805824,39.0
805840,28.0
805856,68.0
805888,23.0
805968,57.0
806064,38.0
806112,58.0
806128,57.0
806128,53.0
806160,63.0
806304,89.0
806368,55.0
806368,41.0
806416,33.0
806496,47.0
806496,24.0
806576,69.0
806608,48.0
806688,54.0
806704,36.0
806976,63.0
806976,53.0
806992,26.0
806992,39.0
807008,25.0
807056,47.0
807088,42.0
807152,49.0
807232,46.0
807264,35.0
807264,48.0
807328,79.0
807504,33.0
807552,35.0
807584,27.0
807600,23.0
807616,120.0
807664,41.0
807696,44.0
807792,102.0
807856,48.0
807888,57.0
807920,41.0
807936,38.0
807968,132.0
808160,69.0
808256,62.0
808336,40.0
808400,38.0
808512,37.0
808544,55.0
808560,37.0
808640,64.0
808640,71.0
808640,68.0
808672,51.0
808688,125.0
808720,70.0
808736,36.0
808752,54.0
808768,74.0
808800,34.0
808960,39.0
808992,66.0
809008,38.0
809136,29.0
809184,34.0
809264,33.0
809312,50.0
809328,43.0
809424,55.0
809424,42.0
809440,47.0
809472,44.0
809504,49.0
809520,55.0
809664,69.0
809680,26.0
809712,44.0
809904,59.0
809920,25.0
809952,60.0
810048,24.0
810112,58.0
810112,38.0
810128,44.0
810144,44.0
810144,45.0
810176,44.0
810208,88.0
810224,56.0
810256,59.0
810288,23.0
810304,22.0
810400,43.0
810512,25.0
810528,39.0
810576,33.0
810624,30.0
810736,35.0
810768,12.0
810800,41.0
810816,105.0
810848,45.0
810944,46.0
811040,85.0
811056,34.0
811072,34.0
811152,47.0
811168,57.0
811168,20.0
811328,37.0
811392,69.0
811424,30.0
811504,55.0
811536,23.0
811568,50.0
811648,53.0
811664,38.0
811712,34.0
811712,40.0
811760,38.0
811840,96.0
811856,109.0
811984,59.0
812032,20.0
812048,25.0
812112,36.0
812128,82.0
812192,50.0
812240,57.0
812304,130.0
812336,39.0
812448,29.0
812464,65.0
812512,20.0
812528,26.0
812624,54.0
812656,26.0
812752,57.0
812800,71.0
812816,82.0
812864,22.0
812880,47.0
813040,24.0
813088,65.0
813120,41.0
813184,23.0
813184,83.0
813200,102.0
813296,79.0
813296,53.0
813488,54.0
813504,13.0
813536,46.0
813584,45.0
813600,30.0
813632,47.0
813680,86.0
813824,67.0
813872,84.0
813904,26.0
813920,52.0
814000,51.0
814048,53.0
814128,112.0
814176,71.0
814192,23.0
814272,43.0
814400,69.0
814432,78.0
814528,41.0
814544,57.0
814560,55.0
814624,36.0
814624,70.0
814720,37.0
814784,49.0
814832,81.0
814848,78.0
814848,59.0
814928,41.0
814960,33.0
814960,35.0
815024,69.0
815040,32.0
815120,35.0
815360,74.0
815488,54.0
815520,42.0
815584,41.0
815584,39.0
815600,51.0
815632,63.0
815648,91.0
815744,75.0
815744,45.0
815776,46.0
815952,62.0
815984,39.0
816064,59.0
816096,86.0
816224,86.0
816256,38.0
816256,30.0
816368,39.0
816384,50.0
816432,43.0
816432,100.0
816496,63.0
816608,68.0
816624,40.0
816704,70.0
816704,40.0
816752,41.0
816784,52.0
816784,35.0
816816,12.0
816928,83.0
816928,42.0
817008,36.0
817024,41.0
817072,36.0
817072,40.0
817248,29.0
817264,55.0
817296,104.0
817408,41.0
817520,37.0
817520,51.0
817552,46.0
817568,82.0
817568,31.0
817632,39.0
817632,24.0
817648,22.0
817728,70.0
817744,45.0
817904,52.0
817952,27.0
818048,40.0
818048,30.0
818064,71.0
818128,31.0
818176,41.0
818176,92.0
818192,34.0
818240,43.0
818320,47.0
818336,27.0
818432,24.0
818512,78.0
818576,112.0
818624,55.0
818656,64.0
818672,59.0
818752,26.0
818768,51.0
818768,37.0
818800,30.0
818848,45.0
818896,53.0
819024,32.0
819040,54.0
819056,54.0
819104,65.0
819136,56.0
819152,24.0
819216,49.0
819312,41.0
819424,53.0
819440,26.0
819456,43.0
819488,27.0
819488,43.0
819584,23.0
819712,38.0
819744,56.0
819744,53.0
819776,39.0
819888,28.0
819904,48.0
820144,25.0
820160,88.0
820160,36.0
820192,30.0
820192,48.0
820192,44.0
820192,72.0
820208,47.0
820240,101.0
820352,65.0
820432,110.0
820432,43.0
820544,22.0
820544,22.0
820640,28.0
820784,55.0
820832,84.0
820848,60.0
820896,43.0
820912,42.0
820928,24.0
820960,50.0
820976,49.0
821008,53.0
821024,78.0
821104,60.0
821168,46.0
821248,56.0
821264,52.0
821296,47.0
821344,35.0
821376,46.0
821456,35.0
821488,41.0
821600,27.0
821664,44.0
821712,23.0
821744,46.0
821744,52.0
821744,51.0
821824,36.0
821856,47.0
821904,58.0
822048,35.0
822128,42.0
822160,71.0
822240,40.0
822256,62.0
822272,38.0
822304,63.0
822352,40.0
822384,96.0
822448,25.0
822496,42.0
822496,23.0
822512,48.0
822560,44.0
822960,66.0
823024,48.0
823024,29.0
823040,50.0
823072,48.0
823088,36.0
823104,45.0
823120,42.0
823216,115.0
823216,92.0
823328,52.0
823408,24.0
823424,29.0
823472,82.0
823520,25.0
823584,82.0
823616,25.0
823632,38.0
823712,85.0
823712,24.0
823792,44.0
823808,48.0
823872,86.0
823872,29.0
823920,25.0
823952,53.0
824000,49.0
824000,23.0
824112,40.0
824144,67.0
824256,40.0
824288,36.0
824352,48.0
824384,32.0
824432,63.0
824496,43.0
824544,37.0
824576,41.0
824656,49.0
824704,62.0
824704,35.0
824768,41.0
824832,36.0
824848,35.0
824848,26.0
824864,32.0
824880,68.0
825072,33.0
825104,210.0
825120,26.0
825184,74.0
825248,54.0
825280,28.0
825312,82.0
825328,28.0
825360,31.0
825360,41.0
825472,51.0
825472,44.0
825504,63.0
825504,41.0
825552,61.0
825616,32.0
825616,31.0
825808,35.0
825824,31.0
825936,47.0
825936,54.0
825936,39.0
825936,29.0
826160,50.0
826160,55.0
826240,55.0
826368,27.0
826384,55.0
826400,58.0
826432,99.0
826528,61.0
826528,44.0
826608,62.0
826624,70.0
826752,37.0
826768,38.0
826784,73.0
826784,61.0
826832,29.0
826848,57.0
826864,58.0
827104,30.0
827120,43.0
827136,46.0
827200,42.0
827248,45.0
827264,31.0
827264,83.0
827280,42.0
827328,68.0
827360,36.0
827376,32.0
827424,36.0
827456,67.0
827472,45.0
827488,44.0
827584,47.0
827632,32.0
827856,30.0
827872,46.0
827872,39.0
827872,42.0
827888,25.0
828048,37.0
828080,51.0
828144,49.0
828176,47.0
828208,20.0
828224,70.0
828256,61.0
828272,40.0
828272,25.0
828368,32.0
828384,57.0
828544,42.0
828624,34.0
828784,40.0
828800,39.0
828816,93.0
828832,35.0
828848,39.0
828880,42.0
828912,83.0
828912,54.0
829072,43.0
829088,52.0
829104,52.0
829200,25.0
829248,86.0
829248,25.0
829264,56.0
829296,24.0
829328,26.0
829392,38.0
829552,143.0
829616,67.0
829616,62.0
829648,36.0
829664,29.0
829680,27.0
829728,53.0
829808,61.0
829840,47.0
829856,37.0
829968,42.0
829984,73.0
830016,23.0
830016,43.0
830080,26.0
830112,31.0
830192,36.0
830224,61.0
830224,70.0
830272,29.0
830384,62.0
830400,20.0
830400,45.0
830480,29.0
830576,35.0
830624,41.0
830672,59.0
830688,53.0
830800,59.0
830800,36.0
830848,41.0
830928,44.0
830944,23.0
831040,48.0
831056,94.0
831056,36.0
831088,69.0
831136,46.0
831232,35.0
831264,40.0
831280,73.0
831296,57.0
831376,21.0
831376,61.0
831440,40.0
831488,27.0
831568,30.0
831616,42.0
831632,52.0
831648,45.0
831664,25.0
831680,52.0
831728,22.0
831856,73.0
831888,28.0
831888,25.0
831920,49.0
832064,24.0
832080,50.0
832160,27.0
832176,55.0
832320,68.0
832320,44.0
832320,41.0
832352,61.0
832384,46.0
832512,59.0
832560,58.0
832624,46.0
832704,49.0
832784,56.0
832848,112.0
832848,62.0
832896,36.0
832912,37.0
832928,53.0
832976,39.0
833008,28.0
833024,32.0
833056,42.0
833104,49.0
833184,64.0
833216,37.0
833232,66.0
833280,36.0
833280,27.0
833344,31.0
833344,80.0
833440,34.0
833584,50.0
833616,43.0
833712,33.0
833792,43.0
833824,50.0
833840,58.0
833856,36.0
833872,41.0
833872,37.0
834064,45.0
834080,64.0
834192,47.0
834224,24.0
834224,40.0
834256,40.0
834352,84.0
834416,35.0
834432,45.0
834464,93.0
834496,39.0
834512,73.0
834576,22.0
834576,47.0
834608,24.0
834624,23.0
834624,47.0
834656,54.0
834688,91.0
834864,28.0
834960,29.0
835072,29.0
835072,45.0
835088,64.0
835120,38.0
835120,34.0
835200,39.0
835216,71.0
835328,42.0
835328,44.0
835408,76.0
835504,51.0
835632,75.0
835728,54.0
835744,42.0
835760,40.0
835776,41.0
835792,73.0
835792,37.0
835824,26.0
835840,86.0
835968,14.0
836064,53.0
836144,67.0
836176,53.0
836192,25.0
836240,80.0
836368,65.0
836368,38.0
836464,39.0
836464,86.0
836496,44.0
836512,49.0
836528,56.0
836544,23.0
836624,70.0
836672,56.0
836752,35.0
836752,58.0
836848,55.0
836848,49.0
836896,41.0
836976,38.0
836992,39.0
836992,33.0
837088,34.0
837104,37.0
837136,42.0
837184,41.0
837216,23.0
837232,46.0
837248,69.0
837312,43.0
837344,42.0
837392,34.0
837584,52.0
837600,38.0
837616,32.0
837648,26.0
837680,43.0
837760,23.0
837776,27.0
837792,41.0
837872,61.0
837920,52.0
838032,45.0
838048,67.0
838128,34.0
838144,56.0
838176,25.0
838192,36.0
838192,25.0
838192,32.0
838208,21.0
838272,39.0
838320,98.0
838448,43.0
838464,27.0
838608,43.0
838640,27.0
838672,67.0
838736,38.0
838736,34.0
838752,35.0
838784,46.0
838912,45.0
838912,48.0
838992,51.0
838992,42.0
839008,25.0
839200,126.0
839248,36.0
839296,41.0
839312,25.0
839376,57.0
839376,37.0
839376,69.0
839408,42.0
839488,36.0
839520,67.0
839536,145.0
839680,27.0
839744,46.0
839760,64.0
839776,64.0
839792,50.0
839808,51.0
839952,10.0
839968,35.0
839984,38.0
840064,34.0
840112,27.0
840144,48.0
840192,24.0
840208,52.0
840208,57.0
840256,45.0
840272,67.0
840288,33.0
840288,50.0
840320,34.0
840544,14.0
840560,78.0
840608,25.0
840608,22.0
840688,46.0
840752,40.0
840768,44.0
840880,43.0
840896,21.0
840896,39.0
840976,43.0
841072,68.0
841104,71.0
841120,27.0
841168,89.0
841168,35.0
841216,63.0
841312,64.0
841376,52.0
841392,39.0
841504,39.0
841520,22.0
841600,44.0
841664,48.0
841664,35.0
841712,60.0
841728,99.0
841776,41.0
841824,20.0
841840,39.0
841856,43.0
841872,50.0
841904,33.0
842000,38.0
842016,44.0
842032,32.0
842096,70.0
842096,27.0
842112,13.0
842160,97.0
842288,43.0
842384,45.0
842384,24.0
842384,35.0
842416,20.0
842496,41.0
842656,59.0
842672,41.0
842816,25.0
842816,49.0
842896,73.0
842912,39.0
842976,51.0
842976,54.0
843072,26.0
843088,82.0
843200,51.0
843280,89.0
843280,49.0
843392,26.0
843392,36.0
843488,51.0
843536,39.0
843616,26.0
843712,39.0
843744,58.0
843776,119.0
843776,31.0
843872,56.0
843888,62.0
843888,94.0
844096,64.0
844112,126.0
844128,46.0
844144,27.0
844208,114.0
844272,31.0
844288,34.0
844336,45.0
844464,58.0
844480,75.0
844496,63.0
844512,23.0
844576,28.0
844576,50.0
844720,39.0
844800,32.0
844800,58.0
844880,25.0
844896,63.0
844944,66.0
844960,98.0
844960,39.0
845024,57.0
845088,55.0
845088,51.0
845168,41.0
845216,47.0
845232,41.0
845248,33.0
845440,59.0
845456,32.0
845488,38.0
845504,21.0
845600,50.0
845616,65.0
845712,47.0
845728,40.0
845728,44.0
845840,38.0
845856,40.0
845904,41.0
845952,32.0
845968,32.0
846080,74.0
846144,74.0
846160,42.0
846224,71.0
846240,90.0
846256,33.0
846272,48.0
846272,42.0
846288,42.0
846320,23.0
846464,31.0
846544,43.0
846624,56.0
846624,57.0
846656,47.0
846672,25.0
846800,41.0
846816,41.0
846832,35.0
846848,38.0
846864,40.0
846864,38.0
846880,35.0
846880,37.0
846896,15.0
847072,33.0
847184,23.0
847200,85.0
847248,73.0
847312,43.0
847376,36.0
847408,33.0
847488,39.0
847504,38.0
847504,12.0
847536,67.0
847664,50.0
847664,37.0
847712,55.0
847792,38.0
847840,62.0
847872,24.0
847936,46.0
847952,36.0
848128,26.0
848128,45.0
848160,41.0
848208,34.0
848224,43.0
848256,37.0
848288,101.0
848352,92.0
848400,72.0
848416,29.0
848432,113.0
848432,37.0
848496,35.0
848496,62.0
848576,22.0
848624,29.0
848656,14.0
848720,58.0
848768,56.0
848800,37.0
848832,25.0
848832,21.0
848912,31.0
848960,38.0
849008,55.0
849024,28.0
849040,40.0
849120,62.0
849136,53.0
849184,58.0
849312,30.0
849392,48.0
849424,41.0
849472,61.0
849472,51.0
849488,41.0
849552,34.0
849696,56.0
849712,62.0
849856,46.0
849888,58.0
849936,32.0
849968,49.0
849984,67.0
850064,47.0
850080,38.0
850080,24.0
850112,35.0
850128,62.0
850256,76.0
850272,24.0
850320,22.0
850352,23.0
850432,45.0
850464,67.0
850496,63.0
850528,42.0
850528,37.0
850528,66.0
850576,28.0
850576,29.0
850672,103.0
850688,38.0
850864,49.0
850864,34.0
850992,29.0
851024,22.0
851056,23.0
851056,62.0
851104,53.0
851120,37.0
851168,46.0
851184,20.0
851184,38.0
851248,61.0
851264,50.0
851280,49.0
851360,63.0
851600,27.0
851696,32.0
851776,33.0
851840,51.0
851872,55.0
851888,85.0
851888,48.0
851920,66.0
851936,85.0
851968,43.0
852048,54.0
852192,31.0
852192,52.0
852208,72.0
852224,73.0
852272,63.0
852320,22.0
852352,36.0
852384,34.0
852496,87.0
852608,45.0
852640,26.0
852640,44.0
852752,54.0
852784,29.0
852784,37.0
852896,34.0
852944,46.0
852944,42.0
853168,98.0
853184,25.0
853264,39.0
853264,87.0
853280,49.0
853280,85.0
853312,70.0
853440,52.0
853504,45.0
853520,92.0
853552,50.0
853568,42.0
853584,25.0
853664,24.0
853696,82.0
853824,55.0
853856,26.0
853952,63.0
853952,28.0
854000,43.0
854016,86.0
854016,53.0
854032,28.0
854112,37.0
854112,53.0
854144,36.0
854160,56.0
854352,43.0
854368,51.0
854384,43.0
854416,29.0
854448,21.0
854496,76.0
854528,32.0
854592,37.0
854624,42.0
854624,38.0
854768,46.0
854832,63.0
854880,64.0
854896,47.0
854912,24.0
854960,53.0
855184,51.0
855312,22.0
855312,56.0
855328,61.0
855408,64.0
855472,55.0
855520,56.0
855584,47.0
855616,70.0
855632,47.0
855728,34.0
855808,85.0
855872,35.0
855888,30.0
855984,67.0
856032,117.0
856096,23.0
856096,39.0
856128,32.0
856160,36.0
856240,45.0
856240,57.0
856288,104.0
856320,32.0
856320,21.0
856368,66.0
856528,56.0
856672,119.0
856704,26.0
856704,51.0
856720,53.0
856944,57.0
857008,53.0
857024,44.0
857120,26.0
857120,50.0
857184,51.0
857216,34.0
857232,71.0
857248,63.0
857360,154.0
857392,72.0
857408,43.0
857456,47.0
857456,58.0
857520,21.0
857552,21.0
857584,29.0
857616,93.0
857632,96.0
857664,41.0
857968,38.0
858000,55.0
858032,36.0
858032,23.0
858112,37.0
858224,62.0
858256,77.0
858272,51.0
858288,42.0
858336,87.0
858368,60.0
858400,51.0
858432,55.0
858464,67.0
858480,53.0
858496,29.0
858624,86.0
858672,26.0
858784,35.0
858800,48.0
858816,51.0
858880,57.0
858960,43.0
858960,35.0
859056,24.0
859072,38.0
859136,44.0
859152,49.0
859152,54.0
859184,35.0
859232,46.0
859312,31.0
859344,54.0
859392,80.0
859520,46.0
859552,42.0
859552,47.0
859584,27.0
859600,40.0
859680,38.0
859808,41.0
859824,54.0
859840,33.0
859856,42.0
859888,23.0
859984,58.0
860016,39.0
860096,54.0
860096,34.0
860128,34.0
860144,50.0
860240,119.0
860288,28.0
860304,47.0
860368,48.0
860400,36.0
860416,35.0
860416,38.0
860464,83.0
860480,12.0
860512,33.0
860576,27.0
860752,41.0
860832,33.0
860848,30.0
860864,29.0
860912,77.0
860944,27.0
861088,75.0
861120,55.0
861136,42.0
861136,41.0
861152,20.0
861168,47.0
861232,71.0
861280,26.0
861296,55.0
861328,36.0
861344,83.0
861408,35.0
861424,53.0
861584,91.0
861680,34.0
861760,42.0
861776,41.0
861792,32.0
861808,14.0
861872,58.0
861904,62.0
862048,57.0
862048,47.0
862096,59.0
862128,45.0
862160,46.0
862240,63.0
862320,40.0
862320,28.0
862352,19.0
862384,66.0
862384,38.0
862416,78.0
862432,68.0
862512,44.0
862528,39.0
862560,27.0
862704,29.0
862736,59.0
862832,49.0
862832,67.0
862960,54.0
863008,43.0
863008,39.0
863088,58.0
863232,51.0
863264,47.0
863344,40.0
863376,64.0
863408,68.0
863424,37.0
863424,54.0
863488,69.0
863536,63.0
863552,20.0
863616,38.0
863712,23.0
863744,46.0
863760,50.0
863760,83.0
863792,23.0
863872,65.0
863904,31.0
863904,26.0
863920,52.0
864032,48.0
864064,33.0
864112,35.0
864192,20.0
864272,41.0
864288,33.0
864320,38.0
864384,63.0
864464,42.0
864496,47.0
864560,23.0
864640,119.0
864640,46.0
864704,37.0
864704,59.0
864752,83.0
864832,23.0
864848,33.0
864848,36.0
864864,30.0
864992,58.0
864992,31.0
865008,23.0
865088,50.0
865120,75.0
865200,73.0
865296,87.0
865296,28.0
865312,38.0
865376,46.0
865440,36.0
865472,39.0
865504,59.0
865584,37.0
865584,36.0
865664,34.0
865712,39.0
865888,36.0
865936,77.0
865936,69.0
865968,48.0
866064,39.0
866096,50.0
866208,91.0
866320,46.0
866336,42.0
866352,66.0
866400,64.0
866416,57.0
866416,59.0
866544,52.0
866576,23.0
866576,43.0
866576,40.0
866592,39.0
866672,46.0
866768,74.0
866768,111.0
866864,28.0
866944,53.0
867008,21.0
867008,59.0
867008,27.0
867024,43.0
867104,43.0
867120,50.0
867280,44.0
867328,46.0
867344,50.0
867344,62.0
867376,23.0
867424,30.0
867536,48.0
867616,38.0
867632,32.0
867664,79.0
867664,56.0
867664,40.0
867664,41.0
867760,41.0
867968,37.0
867984,88.0
867984,22.0
868192,36.0
868208,34.0
868224,85.0
868224,35.0
868224,56.0
868256,52.0
868352,67.0
868400,40.0
868400,46.0
868400,26.0
868496,52.0
868512,73.0
868528,74.0
868592,24.0
868640,41.0
868816,53.0
868832,38.0
868848,22.0
868880,39.0
868928,44.0
868976,47.0
869104,98.0
869152,60.0
869200,23.0
869264,39.0
869296,59.0
869312,57.0
869344,59.0
869344,59.0
869408,56.0
869408,55.0
869424,52.0
869424,38.0
869440,37.0
869472,37.0
869616,43.0
869680,33.0
869744,40.0
869856,55.0
869872,28.0
869952,34.0
870032,26.0
870160,26.0
870160,46.0
870176,55.0
870224,60.0
870240,13.0
870256,51.0
870272,20.0
870288,51.0
870320,40.0
870432,64.0
870560,25.0
870560,76.0
870592,78.0
870656,84.0
870688,93.0
870800,58.0
870880,28.0
870896,38.0
870944,39.0
870960,50.0
871088,52.0
871152,35.0
871168,62.0
871296,25.0
871376,36.0
871392,52.0
871408,73.0
871456,77.0
871504,103.0
871568,26.0
871600,65.0
871616,33.0
871616,58.0
871648,62.0
871680,46.0
871744,49.0
871808,22.0
871872,100.0
871952,34.0
872032,29.0
872064,29.0
872064,26.0
872112,27.0
872144,53.0
872192,50.0
872208,44.0
872256,55.0
872256,40.0
872288,88.0
872480,26.0
872496,83.0
872544,50.0
872576,27.0
872624,47.0
872624,63.0
872656,37.0
872672,26.0
872704,42.0
872720,32.0
872784,37.0
872816,54.0
872864,24.0
872896,25.0
873120,54.0
873168,55.0
873232,38.0
873232,28.0
873248,33.0
873248,42.0
873328,27.0
873360,43.0
873360,31.0
873392,99.0
873472,58.0
873616,24.0
873616,60.0
873632,25.0
873824,63.0
873840,37.0
873840,76.0
873888,45.0
873904,34.0
873984,37.0
873984,46.0
874032,83.0
874064,59.0
874080,123.0
874160,50.0
874240,57.0
874272,40.0
874272,27.0
874416,27.0
874432,33.0
874496,29.0
874512,43.0
874608,62.0
874656,65.0
874688,76.0
874704,45.0
874784,44.0
874800,57.0
874864,64.0
874864,50.0
874992,47.0
875040,24.0
875136,61.0
875264,47.0
875296,38.0
875312,55.0
875328,66.0
875344,40.0
875392,56.0
875408,38.0
875424,35.0
875440,41.0
875456,37.0
875488,55.0
875504,77.0
875536,34.0
875600,74.0
875712,25.0
875760,45.0
875840,36.0
875840,22.0
875888,37.0
875920,33.0
876016,37.0
876064,41.0
876080,46.0
876112,49.0
876176,26.0
876192,66.0
876224,43.0
876400,24.0
876448,33.0
876496,24.0
876544,59.0
876624,73.0
876640,71.0
876656,51.0
876688,78.0
876704,62.0
876720,40.0
876752,35.0
876768,44.0
876848,63.0
876848,39.0
876944,66.0
877040,26.0
877136,46.0
877152,44.0
877200,44.0
877248,33.0
877312,42.0
877312,41.0
877408,35.0
877472,48.0
877488,59.0
877568,50.0
877584,56.0
877680,58.0
877824,43.0
877824,39.0
877840,104.0
877904,54.0
877936,43.0
877968,31.0
877984,52.0
878000,72.0
878064,47.0
878272,37.0
878304,30.0
878304,85.0
878336,48.0
878352,32.0
878432,70.0
878480,26.0
878560,61.0
878608,42.0
878704,81.0
878752,47.0
878816,83.0
878848,32.0
878896,39.0
878928,69.0
879040,46.0
879072,68.0
879072,40.0
879088,24.0
879248,59.0
879280,86.0
879296,46.0
879392,57.0
879392,36.0
879392,40.0
879424,24.0
879456,69.0
879504,38.0
879520,42.0
879536,29.0
879584,61.0
879600,102.0
879664,46.0
879824,23.0
879936,43.0
880048,61.0
880080,36.0
880144,53.0
880160,39.0
880224,71.0
880256,52.0
880416,64.0
880432,13.0
880480,41.0
880528,71.0
880560,32.0
880560,65.0
880656,62.0
880688,88.0
880752,21.0
880752,38.0
880816,41.0
881040,91.0
881152,25.0
881168,98.0
881168,43.0
881200,40.0
881232,42.0
881232,50.0
881264,36.0
881264,117.0
881344,37.0
881344,68.0
881472,87.0
881520,99.0
881616,28.0
881680,28.0
881728,57.0
881744,36.0
881744,76.0
881760,69.0
881776,27.0
881808,48.0
881856,37.0
881872,25.0
881920,48.0
881920,19.0
881936,42.0
882000,12.0
882016,31.0
882048,53.0
882064,45.0
882192,21.0
882208,61.0
882288,23.0
882336,37.0
882384,28.0
882432,41.0
882432,47.0
882448,43.0
882528,30.0
882576,32.0
882640,56.0
882704,52.0
882720,45.0
882848,58.0
883024,63.0
883040,53.0
883232,33.0
883248,45.0
883264,61.0
883264,55.0
883280,59.0
883328,56.0
883360,40.0
883408,52.0
883472,39.0
883472,79.0
883536,56.0
883552,114.0
883680,77.0
883776,26.0
883872,90.0
883888,38.0
883920,56.0
883920,41.0
884016,47.0
884032,44.0
884096,34.0
884128,68.0
884160,47.0
884176,44.0
884240,23.0
884240,63.0
884256,45.0
884256,21.0
884304,66.0
884400,39.0
884448,33.0
884512,52.0
884544,41.0
884544,18.0
884608,23.0
884640,24.0
884720,37.0
884720,78.0
884720,39.0
884784,34.0
884912,25.0
884928,47.0
884928,57.0
884976,51.0
885040,63.0
885040,37.0
885152,27.0
885152,38.0
885328,45.0
885344,65.0
885360,24.0
885616,67.0
885648,63.0
885680,47.0
885712,82.0
885712,50.0
885760,27.0
885808,68.0
885936,63.0
885968,74.0
886000,80.0
886032,20.0
886064,64.0
886128,48.0
886128,61.0
886160,25.0
886176,52.0
886208,66.0
886240,35.0
886272,41.0
886320,42.0
886336,81.0
886384,42.0
886752,34.0
886768,52.0
886816,41.0
886816,47.0
886832,52.0
886848,55.0
886848,51.0
886864,66.0
886928,38.0
886944,51.0
887008,42.0
887040,41.0
887104,58.0
887200,22.0
887200,27.0
887312,23.0
887376,23.0
887408,37.0
887440,75.0
887488,85.0
887600,47.0
887616,43.0
887648,51.0
887760,56.0
887792,43.0
887808,48.0
887872,66.0
887968,35.0
887968,41.0
887984,49.0
887984,77.0
888064,28.0
888064,39.0
888224,53.0
888272,42.0
888304,127.0
888320,28.0
888432,29.0
888512,82.0
888656,63.0
888688,29.0
888704,45.0
888720,47.0
888768,29.0
888832,25.0
888864,50.0
888896,68.0
889040,20.0
889040,78.0
889040,24.0
889056,18.0
889072,23.0
889136,39.0
889280,81.0
889344,80.0
889360,100.0
889360,68.0
889392,67.0
889408,45.0
889440,122.0
889456,26.0
889600,35.0
889664,38.0
889792,56.0
889808,26.0
889824,60.0
889888,51.0
889920,55.0
889968,52.0
890000,41.0
890048,28.0
890128,48.0
890160,83.0
890224,25.0
890272,29.0
890288,58.0
890288,23.0
890288,52.0
890304,54.0
890368,44.0
890464,74.0
890544,47.0
890608,75.0
890608,28.0
890608,40.0
890704,41.0
890752,39.0
890832,52.0
890864,25.0
890880,37.0
890960,42.0
890976,38.0
891008,25.0
891072,15.0
891200,57.0
891200,58.0
891232,39.0
891344,91.0
891440,52.0
891504,80.0
891520,40.0
891536,77.0
891600,40.0
891600,37.0
891632,35.0
891664,70.0
891696,62.0
891872,63.0
891872,42.0
891936,31.0
891952,47.0
892000,25.0
892016,79.0
892048,67.0
892112,48.0
892176,42.0
892208,21.0
892240,38.0
892240,63.0
892240,34.0
892288,47.0
892352,47.0
892368,26.0
892448,58.0
892512,32.0
892640,44.0
892656,62.0
892656,34.0
892736,43.0
892800,49.0
892880,63.0
892928,43.0
893040,25.0
893104,58.0
893120,47.0
893120,38.0
893184,46.0
893184,61.0
893312,41.0
893344,69.0
893536,41.0
893584,81.0
893616,60.0
893696,48.0
893712,85.0
893712,61.0
893760,36.0
893776,42.0
893856,51.0
893872,47.0
893904,37.0
893952,38.0
894016,52.0
894080,115.0
894096,81.0
894176,66.0
894208,39.0
894224,32.0
894240,34.0
894336,50.0
894368,47.0
894496,20.0
894592,40.0
894608,37.0
894656,28.0
894720,30.0
894736,54.0
894784,58.0
894800,64.0
894864,72.0
894864,69.0
894944,54.0
895072,46.0
895104,55.0
895152,35.0
895152,78.0
895296,31.0
895328,77.0
895392,42.0
895408,47.0
895440,36.0
895472,38.0
895488,34.0
895520,28.0
895600,69.0
895616,78.0
895616,52.0
895680,33.0
895680,36.0
895760,72.0
895824,19.0
895904,36.0
895984,78.0
896016,38.0
896016,39.0
896032,37.0
896240,39.0
896288,62.0
896304,39.0
896336,53.0
896336,45.0
896528,86.0
896576,37.0
896608,49.0
896640,60.0
896672,67.0
896704,50.0
896720,44.0
896752,46.0
896816,49.0
896848,38.0
896896,71.0
896896,35.0
896992,26.0
897040,46.0
897056,45.0
897104,51.0
897120,25.0
897216,36.0
897280,36.0
897312,29.0
897312,49.0
897376,30.0
897456,40.0
897520,53.0
897536,40.0
897648,41.0
897680,40.0
897696,59.0
897712,25.0
897712,41.0
897744,40.0
897856,30.0
897856,36.0
897856,78.0
897872,41.0
898144,31.0
898224,34.0
898240,24.0
898256,59.0
898304,53.0
898352,77.0
898384,182.0
898432,56.0
898448,37.0
898544,25.0
898640,58.0
898688,52.0
898688,73.0
898752,63.0
898768,56.0
898800,69.0
898864,26.0
899040,50.0
899040,43.0
899072,24.0
899088,34.0
899136,24.0
899216,36.0
899232,61.0
899248,13.0
899248,51.0
899280,32.0
899312,39.0
899344,65.0
899344,60.0
899424,75.0
899456,24.0
899568,48.0
899632,48.0
899664,26.0
899680,27.0
899680,40.0
899728,126.0
899792,44.0
899904,30.0
899920,40.0
899952,51.0
899968,46.0
900064,53.0
900160,30.0
900160,51.0
900240,35.0
900240,56.0
900272,23.0
900272,51.0
900288,45.0
900384,41.0
900416,69.0
900496,54.0
900512,53.0
900528,29.0
900528,38.0
900560,37.0
900608,28.0
900624,52.0
900800,53.0
900848,36.0
900880,38.0
900928,27.0
901072,43.0
901088,30.0
901200,22.0
901344,52.0
901376,71.0
901424,56.0
901440,40.0
901456,76.0
901504,55.0
901520,27.0
901536,70.0
901552,39.0
901552,64.0
901584,44.0
901600,65.0
901712,40.0
901776,101.0
901792,37.0
901840,97.0
901936,25.0
902016,32.0
902032,27.0
902032,32.0
902144,48.0
902224,32.0
902288,46.0
902432,26.0
902432,61.0
902528,31.0
902544,44.0
902576,77.0
902624,74.0
902640,66.0
902640,76.0
902640,53.0
902720,43.0
902752,38.0
902752,33.0
902768,76.0
902912,61.0
902944,12.0
903008,23.0
903072,81.0
903168,46.0
903184,34.0
903344,37.0
903344,57.0
903360,51.0
903392,48.0
903440,54.0
903472,74.0
903472,47.0
903488,36.0
903504,54.0
903552,64.0
903696,43.0
903712,48.0
903856,24.0
903872,25.0
903872,50.0
903888,28.0
903936,37.0
904048,43.0
904064,35.0
904160,62.0
904272,24.0
904304,70.0
904336,30.0
904400,66.0
904432,35.0
904480,38.0
904480,49.0
904592,27.0
904608,76.0
904624,35.0
904688,61.0
904720,42.0
904736,74.0
904816,26.0
904816,128.0
904880,87.0
904992,32.0
905008,33.0
905040,46.0
905056,70.0
905072,46.0
905072,24.0
905088,17.0
905232,60.0
905280,42.0
905280,35.0
905344,57.0
905408,23.0
905408,42.0
905472,53.0
905488,30.0
905488,25.0
905520,40.0
905584,48.0
905616,39.0
905696,39.0
905728,41.0
905776,23.0
905920,40.0
905952,42.0
906016,49.0
906048,91.0
906064,41.0
906080,64.0
906096,38.0
906224,38.0
906224,47.0
906256,46.0
906256,42.0
906272,49.0
906320,39.0
906480,71.0
906528,28.0
906560,38.0
906560,52.0
906624,23.0
906704,40.0
906720,50.0
906768,31.0
906912,43.0
906912,54.0
906944,73.0
906944,39.0
906960,25.0
906976,47.0
907008,30.0
907008,33.0
907040,64.0
907088,23.0
907152,56.0
907168,67.0
907168,38.0
907248,39.0
907280,23.0
907296,37.0
907552,38.0
907568,39.0
907712,42.0
907728,48.0
907776,63.0
907776,39.0
907792,51.0
907792,39.0
907872,54.0
907904,39.0
907920,47.0
908128,55.0
908128,70.0
908160,78.0
908176,39.0
908192,25.0
908240,59.0
908320,28.0
908368,40.0
908464,43.0
908480,36.0
908528,60.0
908560,49.0
908608,95.0
908624,44.0
908736,23.0
908800,39.0
908816,43.0
908848,23.0
908864,42.0
908960,50.0
909008,43.0
909040,27.0
909136,38.0
909184,39.0
909200,88.0
909216,68.0
909248,63.0
909264,97.0
909280,41.0
909280,51.0
909408,35.0
909520,44.0
909584,53.0
909584,25.0
909696,43.0
909744,33.0
909776,51.0
909792,37.0
909824,60.0
909856,66.0
909920,55.0
909920,25.0
909952,42.0
910064,49.0
910064,41.0
910080,19.0
910112,53.0
910112,54.0
910176,24.0
910192,66.0
910304,45.0
910336,32.0
910368,26.0
910464,45.0
910464,38.0
910528,59.0
910560,40.0
910640,33.0
910688,39.0
910688,48.0
910688,39.0
910736,39.0
911072,55.0
911136,42.0
911200,35.0
911248,43.0
911248,59.0
911264,74.0
911264,50.0
911280,69.0
911312,61.0
911360,104.0
911408,65.0
911424,46.0
911504,16.0
911632,59.0
911664,15.0
911712,74.0
911728,41.0
911760,25.0
911776,32.0
911840,27.0
911872,38.0
911920,74.0
911984,42.0
912016,48.0
912016,55.0
912048,53.0
912048,85.0
912128,53.0
912144,23.0
912304,29.0
912352,53.0
912352,40.0
912448,29.0
912480,51.0
912496,30.0
912560,32.0
912656,38.0
912720,62.0
912784,54.0
912944,58.0
912944,82.0
912960,51.0
912992,77.0
913040,57.0
913072,32.0
913088,49.0
913200,53.0
913216,35.0
913232,47.0
913248,47.0
913344,92.0
913360,26.0
913360,40.0
913376,64.0
913440,62.0
913456,26.0
913456,23.0
913552,37.0
913680,38.0
913712,22.0
913808,36.0
913824,38.0
913888,69.0
913888,27.0
913904,57.0
913952,38.0
913952,63.0
914016,36.0
914048,23.0
914064,15.0
914096,56.0
914128,48.0
914176,50.0
914320,54.0
914320,38.0
914400,37.0
914432,24.0
914432,34.0
914528,22.0
914544,33.0
914560,38.0
914672,45.0
914720,25.0
914896,62.0
914928,54.0
914976,68.0
915040,32.0
915088,34.0
915120,117.0
915120,98.0
915136,36.0
915136,46.0
915152,30.0
915232,71.0
915280,72.0
915424,24.0
915552,36.0
915568,71.0
915680,35.0
915696,35.0
915696,48.0
915792,41.0
915792,67.0
915808,93.0
915840,88.0
915888,38.0
915888,50.0
915952,45.0
915968,34.0
915984,54.0
915984,68.0
916160,63.0
916208,40.0
916224,27.0
916240,28.0
916288,25.0
916336,49.0
916432,28.0
916464,49.0
916528,35.0
916528,40.0
916592,49.0
916608,57.0
916624,58.0
916704,45.0
916720,55.0
916864,40.0
916880,40.0
916912,60.0
916928,25.0
917008,50.0
917072,23.0
917120,43.0
917152,35.0
917168,34.0
917280,35.0
917280,62.0
917296,60.0
917392,77.0
917440,36.0
917488,38.0
917568,35.0
917584,66.0
917616,28.0
917648,65.0
917648,74.0
917648,31.0
917664,37.0
917696,36.0
917728,50.0
917808,26.0
917856,36.0
917872,60.0
917936,23.0
917968,22.0
918016,45.0
918192,57.0
918240,37.0
918256,42.0
918288,39.0
918352,39.0
918368,27.0
918448,37.0
918464,37.0
918496,63.0
918560,54.0
918576,58.0
918640,62.0
918704,79.0
918768,36.0
918864,32.0
918880,67.0
918912,42.0
919024,28.0
919056,68.0
919072,36.0
919120,35.0
919152,56.0
919232,48.0
919264,61.0
919280,40.0
919440,67.0
919472,37.0
919520,28.0
919520,51.0
919536,48.0
919584,71.0
919632,48.0
919648,46.0
919664,34.0
919744,37.0
919744,30.0
919872,51.0
919968,43.0
920032,37.0
920080,129.0
920112,30.0
920112,37.0
920160,39.0
920208,74.0
920224,40.0
920304,35.0
920320,41.0
920368,56.0
920432,75.0
920496,39.0
920512,34.0
920512,54.0
920528,49.0
920576,34.0
920720,38.0
920816,37.0
920880,85.0
920912,26.0
921008,44.0
921008,31.0
921120,25.0
921184,41.0
921216,66.0
921248,65.0
921296,49.0
921296,45.0
921312,59.0
921344,29.0
921408,37.0
921424,82.0
921472,87.0
921568,35.0
921568,24.0
921616,81.0
921648,46.0
921664,77.0
921696,43.0
921728,32.0
921760,29.0
921888,26.0
921952,52.0
921984,46.0
922016,28.0
922096,50.0
922160,46.0
922224,31.0
922224,38.0
922240,34.0
922336,43.0
922352,37.0
922384,67.0
922432,48.0
922512,73.0
922544,71.0
922608,41.0
922720,52.0
922784,39.0
922800,36.0
922800,49.0
922800,51.0
922800,23.0
922960,87.0
922976,55.0
923008,39.0
923024,42.0
923088,54.0
923184,59.0
923296,31.0
923312,48.0
923328,33.0
923376,48.0
923392,66.0
923408,39.0
923424,44.0
923488,61.0
923536,46.0
923552,34.0
923584,31.0
923616,41.0
923680,41.0
923760,60.0
923776,28.0
923856,42.0
924064,42.0
924080,44.0
924128,52.0
924192,55.0
924256,53.0
924272,32.0
924272,31.0
924288,42.0
924304,83.0
924320,48.0
924384,53.0
924400,51.0
924448,64.0
924528,25.0
924528,65.0
924608,58.0
924656,24.0
924672,51.0
924752,28.0
924816,46.0
924816,23.0
924864,50.0
924880,31.0
924912,24.0
924960,43.0
925168,61.0
925184,41.0
925200,37.0
925264,63.0
925280,29.0
925296,40.0
925312,62.0
925376,61.0
925376,35.0
925376,39.0
925408,33.0
925488,75.0
925712,65.0
925728,34.0
925808,53.0
925856,30.0
925856,62.0
925872,38.0
925872,60.0
925904,44.0
925952,42.0
925968,41.0
926016,40.0
926080,14.0
926096,38.0
926208,25.0
926256,55.0
926304,56.0
926336,30.0
926368,67.0
926448,30.0
926528,50.0
926560,43.0
926608,37.0
926640,27.0
926656,22.0
926688,49.0
926848,71.0
926880,49.0
926944,54.0
926944,38.0
926976,38.0
927056,50.0
927120,35.0
927136,38.0
927152,75.0
927184,36.0
927264,24.0
927264,131.0
927360,93.0
927392,44.0
927520,34.0
927568,45.0
927584,58.0
927664,17.0
927680,35.0
927792,33.0
927808,42.0
927840,49.0
927936,93.0
927936,62.0
928016,21.0
928016,86.0
928016,54.0
928032,68.0
928048,24.0
928064,44.0
928096,36.0
928208,40.0
928256,62.0
928336,72.0
928416,23.0
928544,38.0
928576,48.0
928592,63.0
928608,37.0
928608,32.0
928624,52.0
928672,46.0
928688,30.0
928800,24.0
928864,12.0
928896,35.0
928928,19.0
928976,59.0
929024,63.0
929088,31.0
929120,69.0
929152,82.0
929184,24.0
929216,40.0
929248,35.0
929296,77.0
929296,65.0
929328,29.0
929344,46.0
929392,31.0
929392,53.0
929472,54.0
929552,29.0
929568,40.0
929712,31.0
929760,38.0
929888,37.0
929888,54.0
929920,46.0
929968,39.0
929984,54.0
930048,47.0
930064,32.0
930208,55.0
930240,42.0
930272,81.0
930304,26.0
930336,54.0
930416,33.0
930640,78.0
930672,47.0
930704,41.0
930720,46.0
930768,63.0
930768,86.0
930784,34.0
930800,68.0
930816,98.0
930896,58.0
930928,32.0
930976,57.0
931040,52.0
931056,47.0
931104,29.0
931120,49.0
931136,54.0
931344,33.0
931392,38.0
931408,32.0
931472,44.0
931520,45.0
931568,40.0
931584,55.0
931712,41.0
931744,21.0
931760,49.0
931808,71.0
931840,44.0
931920,51.0
931936,37.0
931984,59.0
932016,81.0
932128,34.0
932192,39.0
932208,25.0
932320,25.0
932320,75.0
932336,98.0
932368,24.0
932432,65.0
932480,29.0
932496,46.0
932512,65.0
932544,50.0
932608,68.0
932640,44.0
932688,61.0
932752,57.0
932816,39.0
932864,34.0
932864,41.0
932896,48.0
932960,26.0
933024,43.0
933200,55.0
933216,25.0
933232,23.0
933264,52.0
933328,53.0
933344,37.0
933392,55.0
933392,47.0
933424,66.0
933456,35.0
933520,64.0
933664,66.0
933680,26.0
933728,21.0
933792,36.0
933792,52.0
933904,35.0
933904,65.0
933904,55.0
934096,54.0
934112,57.0
934144,39.0
934192,50.0
934288,38.0
934304,101.0
934352,28.0
934384,66.0
934480,43.0
934528,26.0
934528,46.0
934592,25.0
934640,61.0
934704,38.0
934768,39.0
934832,69.0
934880,89.0
934912,33.0
934992,43.0
935088,31.0
935104,36.0
935136,38.0
935232,83.0
935280,50.0
935312,88.0
935392,123.0
935408,70.0
935504,72.0
935520,38.0
935536,48.0
935600,48.0
935632,25.0
935712,52.0
935712,63.0
935744,29.0
935808,26.0
935840,47.0
935920,80.0
935936,26.0
935936,33.0
935936,27.0
935984,55.0
936160,28.0
936176,74.0
936208,29.0
936208,42.0
936256,59.0
936272,71.0
936432,32.0
936448,51.0
936480,55.0
936544,35.0
936560,39.0
936576,25.0
936576,40.0
936624,57.0
936688,53.0
936752,34.0
936800,40.0
936848,65.0
936864,58.0
936880,38.0
936880,42.0
936928,30.0
936960,44.0
937120,27.0
937152,42.0
937184,40.0
937232,30.0
937248,42.0
937280,53.0
937376,33.0
937376,50.0
937488,35.0
937568,59.0
937568,63.0
937776,56.0
937776,61.0
937792,52.0
937920,43.0
937968,37.0
938016,52.0
938048,42.0
938112,62.0
938160,23.0
938208,27.0
938224,85.0
938224,41.0
938240,62.0
938240,68.0
938240,60.0
938384,38.0
938432,54.0
938448,13.0
938480,62.0
938608,40.0
938640,45.0
938640,110.0
938656,27.0
938704,41.0
938720,35.0
938768,35.0
938928,28.0
938992,38.0
938992,55.0
939152,44.0
939168,46.0
939184,60.0
939264,78.0
939312,38.0
939344,44.0
939344,69.0
939344,39.0
939600,42.0
939616,22.0
939616,39.0
939632,87.0
939728,68.0
939760,48.0
939776,63.0
939808,41.0
939872,79.0
939920,79.0
940000,43.0
940096,47.0
940112,58.0
940112,48.0
940176,28.0
940288,70.0
940304,60.0
940352,34.0
940384,24.0
940448,33.0
940448,52.0
940448,42.0
940624,47.0
940656,65.0
940688,32.0
940704,59.0
940720,39.0
940736,71.0
940784,31.0
940880,48.0
940896,37.0
940944,35.0
941008,35.0
941024,42.0
941104,41.0
941168,32.0
941184,28.0
941296,26.0
941312,39.0
941360,40.0
941360,46.0
941408,111.0
941456,42.0
941456,63.0
941488,49.0
941568,34.0
941632,39.0
941648,34.0
941648,47.0
941648,96.0
941680,32.0
941760,25.0
941776,30.0
941840,24.0
941952,63.0
942048,46.0
942064,24.0
942128,48.0
942160,47.0
942208,45.0
942208,35.0
942208,36.0
942240,66.0
942336,36.0
942352,49.0
942352,44.0
942352,32.0
942368,57.0
942416,40.0
942448,50.0
942688,21.0
942736,49.0
942752,39.0
942864,41.0
942928,54.0
942960,57.0
943024,51.0
943024,38.0
943040,50.0
943056,53.0
943120,60.0
943120,27.0
943152,51.0
943152,49.0
943168,51.0
943168,26.0
943248,12.0
943504,66.0
943504,21.0
943536,24.0
943552,27.0
943584,39.0
943584,34.0
943632,80.0
943712,43.0
943728,38.0
943776,53.0
943792,39.0
943888,40.0
943936,75.0
943968,51.0
944000,61.0
944016,19.0
944016,32.0
944096,19.0
944144,37.0
944176,42.0
944192,38.0
944192,35.0
944320,34.0
944512,103.0
944528,21.0
944576,40.0
944576,38.0
944592,26.0
944608,29.0
944784,48.0
944800,79.0
944816,39.0
944944,76.0
945008,89.0
945040,72.0
945088,19.0
945184,74.0
945216,39.0
945280,42.0
945296,30.0
945360,53.0
945376,50.0
945376,85.0
945520,75.0
945552,64.0
945552,91.0
945600,41.0
945616,38.0
945792,38.0
945808,28.0
945808,63.0
945888,50.0
945920,25.0
945936,56.0
945952,86.0
945968,37.0
946064,49.0
946144,58.0
946160,49.0
946240,39.0
946240,59.0
946320,32.0
946320,45.0
946320,16.0
946432,40.0
946432,39.0
946448,33.0
946496,33.0
946512,60.0
946560,39.0
946608,66.0
946624,46.0
946704,24.0
946720,30.0
946816,24.0
946880,58.0
946896,25.0
947056,46.0
947104,41.0
947120,55.0
947136,61.0
947168,41.0
947184,54.0
947360,40.0
947424,62.0
947440,81.0
947472,53.0
947504,59.0
947568,42.0
947632,64.0
947680,39.0
947760,37.0
947776,56.0
947792,61.0
947840,26.0
947904,48.0
947936,47.0
948000,40.0
948016,82.0
948016,56.0
948144,22.0
948192,22.0
948208,46.0
948352,45.0
948352,57.0
948448,27.0
948448,43.0
948448,48.0
948464,43.0
948528,89.0
948608,44.0
948624,39.0
948656,72.0
948656,32.0
948688,70.0
948832,56.0
948896,44.0
948992,29.0
949024,42.0
949136,43.0
949200,74.0
949216,37.0
949264,50.0
949280,28.0
949296,59.0
949296,40.0
949328,55.0
949328,45.0
949456,78.0
949488,50.0
949600,59.0
949616,45.0
949664,40.0
949696,23.0
949744,29.0
949792,31.0
949824,52.0
949872,41.0
949904,28.0
949920,37.0
949984,45.0
949984,43.0
950064,29.0
950128,105.0
950192,44.0
950192,33.0
950288,68.0
950304,27.0
950304,35.0
950320,21.0
950320,44.0
950336,27.0
950480,49.0
950496,36.0
950496,85.0
950624,52.0
950704,45.0
950720,56.0
950800,29.0
950816,47.0
950928,50.0
950928,46.0
951024,33.0
951056,46.0
951072,48.0
951088,38.0
951088,37.0
951168,55.0
951184,54.0
951232,32.0
951312,63.0
951328,39.0
951440,51.0
951696,56.0
951728,35.0
951776,47.0
951776,45.0
951776,99.0
951792,54.0
951968,55.0
951984,41.0
952064,52.0
952112,74.0
952112,42.0
952112,81.0
952176,68.0
952240,32.0
952240,73.0
952256,30.0
952288,61.0
952352,73.0
952528,47.0
952544,27.0
952640,54.0
952784,42.0
952784,34.0
952800,46.0
952816,44.0
952864,56.0
952880,40.0
953008,82.0
953024,24.0
953072,49.0
953168,57.0
953216,65.0
953216,77.0
953248,56.0
953344,51.0
953440,41.0
953456,37.0
953488,59.0
953568,25.0
953568,111.0
953616,51.0
953664,41.0
953712,40.0
953728,32.0
953792,36.0
953808,49.0
953808,35.0
954016,71.0
954032,23.0
954032,76.0
954192,47.0
954224,41.0
954288,42.0
954288,50.0
954304,53.0
954304,31.0
954400,38.0
954480,42.0
954528,60.0
954544,32.0
954608,24.0
954656,58.0
954656,117.0
954688,24.0
954704,62.0
954864,24.0
954944,34.0
954960,42.0
954976,59.0
955008,45.0
955008,51.0
955040,32.0
955040,27.0
955056,23.0
955104,68.0
955120,36.0
955344,65.0
955392,46.0
955488,27.0
955520,51.0
955536,31.0
955600,31.0
955616,47.0
955616,60.0
955696,46.0
955696,147.0
955744,46.0
955760,40.0
955840,50.0
955904,58.0
955904,35.0
955968,64.0
955984,23.0
956160,48.0
956192,36.0
956240,45.0
956256,22.0
956288,50.0
956320,49.0
956384,43.0
956384,26.0
956464,48.0
956464,39.0
956512,48.0
956560,36.0
956640,25.0
956736,36.0
956752,72.0
956752,35.0
956960,66.0
956976,123.0
956992,42.0
957088,28.0
957152,48.0
957312,50.0
957312,66.0
957328,65.0
957360,38.0
957392,52.0
957424,60.0
957504,34.0
957568,30.0
957584,53.0
957616,40.0
957648,118.0
957888,56.0
957888,94.0
957904,36.0
957968,38.0
957984,42.0
957984,95.0
958000,38.0
958016,25.0
958032,29.0
958112,14.0
958128,86.0
958176,47.0
958240,46.0
958336,22.0
958352,48.0
958384,77.0
958432,29.0
958496,53.0
958624,82.0
958656,41.0
958736,47.0
958816,27.0
958832,51.0
958864,61.0
958880,44.0
959008,36.0
959040,50.0
959136,64.0
959152,50.0
959200,67.0
959216,22.0
959248,47.0
959344,82.0
959376,23.0
959392,35.0
959472,41.0
959584,78.0
959632,47.0
959664,39.0
959776,117.0
959808,72.0
959824,68.0
959920,48.0
959920,44.0
959936,34.0
959968,45.0
960016,51.0
960096,60.0
960096,92.0
960272,50.0
960320,34.0
960368,28.0
960416,67.0
960432,66.0
960448,49.0
960496,42.0
960512,34.0
960576,62.0
960576,40.0
960672,54.0
960672,65.0
960736,45.0
960768,42.0
960784,32.0
960816,25.0
961008,43.0
961056,38.0
961136,48.0
961152,40.0
961200,27.0
961216,81.0
961312,40.0
961312,76.0
961344,53.0
961360,49.0
961376,15.0
961552,48.0
961600,58.0
961632,66.0
961728,32.0
961808,86.0
961808,31.0
961840,64.0
961920,57.0
961968,48.0
962000,59.0
962032,41.0
962032,55.0
962208,41.0
962240,56.0
962256,56.0
962304,24.0
962320,99.0
962464,72.0
962528,43.0
962608,36.0
962624,41.0
962704,67.0
962704,56.0
962704,61.0
962848,53.0
962848,78.0
962864,52.0
962992,43.0
963088,35.0
963136,27.0
963136,27.0
963152,56.0
963168,85.0
963216,37.0
963232,64.0
963264,35.0
963328,45.0
963344,31.0
963456,38.0
963472,72.0
963488,22.0
963488,64.0
963600,24.0
963600,32.0
963632,87.0
963632,31.0
963648,30.0
963712,35.0
963808,51.0
964032,24.0
964096,31.0
964224,47.0
964240,61.0
964256,57.0
964272,65.0
964272,49.0
964288,41.0
964304,37.0
964368,94.0
964384,58.0
964464,54.0
964528,45.0
964592,60.0
964656,73.0
964752,89.0
964752,45.0
964784,35.0
964816,32.0
964832,28.0
964864,48.0
965088,51.0
965152,57.0
965200,52.0
965232,30.0
965248,61.0
965280,39.0
965408,55.0
965424,40.0
965440,38.0
965488,39.0
965504,78.0
965504,57.0
965568,51.0
965584,70.0
965600,49.0
965616,26.0
965648,15.0
965712,89.0
965872,49.0
965872,40.0
965904,29.0
965904,39.0
966016,32.0
966192,37.0
966256,42.0
966368,55.0
966384,30.0
966432,49.0
966432,63.0
966448,36.0
966480,61.0
966512,56.0
966528,51.0
966560,11.0
966560,62.0
966576,83.0
966848,37.0
966864,27.0
966912,65.0
966944,112.0
966992,32.0
967024,63.0
967040,33.0
967072,44.0
967136,44.0
967184,80.0
967200,42.0
967232,65.0
967264,44.0
967296,46.0
967488,57.0
967552,40.0
967568,33.0
967600,26.0
967744,38.0
967760,46.0
967792,35.0
967808,59.0
967904,44.0
967968,26.0
968000,97.0
968016,73.0
968176,74.0
968208,40.0
968208,71.0
968272,49.0
968336,67.0
968400,38.0
968400,37.0
968480,32.0
968496,47.0
968512,38.0
968576,80.0
968672,67.0
968672,57.0
968752,34.0
968816,51.0
968848,36.0
968912,32.0
968944,125.0
968960,24.0
968992,41.0
969040,54.0
969072,66.0
969104,38.0
969152,42.0
969296,49.0
969328,70.0
969392,30.0
969504,52.0
969520,44.0
969536,37.0
969536,27.0
969552,72.0
969584,37.0
969728,36.0
969728,66.0
969776,46.0
969808,60.0
969872,70.0
969904,24.0
969952,39.0
969984,27.0
970032,40.0
970128,25.0
970176,40.0
970288,47.0
970304,63.0
970384,55.0
970416,52.0
970464,87.0
970464,35.0
970480,33.0
970576,53.0
970592,102.0
970624,53.0
970672,54.0
970688,32.0
970736,38.0
970752,48.0
970784,31.0
970816,12.0
970832,60.0
970848,27.0
970912,55.0
970928,28.0
971040,41.0
971072,30.0
971104,50.0
971136,35.0
971248,49.0
971296,35.0
971360,36.0
971408,45.0
971520,37.0
971520,38.0
971552,44.0
971648,56.0
971664,53.0
971664,35.0
971680,53.0
971712,42.0
971840,44.0
971952,41.0
971968,45.0
971984,57.0
972032,24.0
972080,88.0
972208,50.0
972256,56.0
972256,46.0
972288,39.0
972336,42.0
972400,35.0
972416,44.0
972416,54.0
972416,122.0
972464,31.0
972496,51.0
972512,33.0
972528,28.0
972544,37.0
972608,25.0
972608,68.0
972848,37.0
972848,32.0
972896,31.0
972896,40.0
972928,25.0
972992,30.0
972992,44.0
973008,37.0
973072,41.0
973200,49.0
973232,46.0
973264,41.0
973280,78.0
973360,29.0
973392,34.0
973472,36.0
973520,57.0
973552,39.0
973600,38.0
973632,23.0
973648,36.0
973680,52.0
973808,51.0
973904,34.0
973920,45.0
973952,45.0
974000,62.0
974032,35.0
974048,48.0
974080,101.0
974080,27.0
974176,36.0
974224,105.0
974240,38.0
974272,47.0
974416,32.0
974416,46.0
974432,65.0
974432,30.0
974496,59.0
974496,36.0
974528,45.0
974688,41.0
974704,41.0
974800,33.0
974800,23.0
974848,42.0
974880,55.0
974928,53.0
974992,36.0
975072,53.0
975120,55.0
975136,40.0
975232,44.0
975248,28.0
975312,77.0
975328,40.0
975440,46.0
975456,65.0
975520,64.0
975536,46.0
975696,28.0
975712,49.0
975744,39.0
975744,56.0
975760,43.0
975824,37.0
975840,25.0
976000,63.0
976016,31.0
976048,45.0
976112,41.0
976176,65.0
976208,42.0
976224,112.0
976224,30.0
976288,29.0
976304,34.0
976368,41.0
976368,93.0
976496,74.0
976496,47.0
976528,52.0
976592,23.0
976640,29.0
976672,42.0
976672,41.0
976800,32.0
976816,38.0
976864,31.0
977008,49.0
977024,61.0
977024,57.0
977040,34.0
977152,32.0
977168,42.0
977280,43.0
977360,62.0
977376,44.0
977424,99.0
977584,49.0
977648,70.0
977728,66.0
977728,54.0
977728,89.0
977824,51.0
977856,52.0
977920,35.0
977984,52.0
977984,25.0
978000,39.0
978016,37.0
978096,80.0
978128,25.0
978128,69.0
978304,64.0
978400,36.0
978432,36.0
978464,46.0
978464,51.0
978512,92.0
978592,31.0
978592,89.0
978640,40.0
978768,40.0
978784,66.0
978864,46.0
978864,55.0
978944,34.0
978992,67.0
979008,23.0
979136,42.0
979136,34.0
979200,56.0
979232,76.0
979280,31.0
979296,82.0
979312,53.0
979376,54.0
979376,38.0
979376,23.0
979456,37.0
979632,75.0
979632,65.0
979680,46.0
979712,32.0
979728,46.0
979792,41.0
979824,43.0
979904,65.0
979920,40.0
979936,39.0
980016,49.0
980032,41.0
980112,46.0
980112,41.0
980144,48.0
980144,27.0
980176,24.0
980256,39.0
980384,68.0
980432,32.0
980480,36.0
980608,58.0
980624,30.0
980640,33.0
980752,38.0
980784,33.0
980816,62.0
980832,56.0
980848,42.0
980928,34.0
980976,23.0
981056,64.0
981072,66.0
981072,40.0
981120,21.0
981184,67.0
981200,45.0
981312,43.0
981328,100.0
981424,15.0
981440,29.0
981440,43.0
981488,26.0
981568,46.0
981616,31.0
981664,51.0
981728,41.0
981744,58.0
981776,29.0
981824,25.0
981904,61.0
981920,143.0
981968,83.0
982096,38.0
982160,52.0
982192,62.0
982208,48.0
982240,50.0
982352,81.0
982400,49.0
982480,24.0
982528,60.0
982560,46.0
982608,55.0
982752,37.0
982816,67.0
982832,40.0
982896,31.0
982928,45.0
982928,63.0
982960,66.0
983056,68.0
983152,21.0
983200,28.0
983200,37.0
983296,102.0
983296,51.0
983312,47.0
983408,28.0
983408,55.0
983440,75.0
983456,35.0
983504,108.0
983632,44.0
983680,30.0
983712,25.0
983728,27.0
983872,29.0
983872,59.0
983968,71.0
983968,51.0
984000,50.0
984016,24.0
984016,45.0
984160,47.0
984288,53.0
984352,24.0
984384,44.0
984416,44.0
984416,57.0
984480,89.0
984480,47.0
984624,47.0
984688,146.0
984720,35.0
984816,59.0
984864,54.0
984880,29.0
984912,56.0
984928,40.0
984960,30.0
984976,60.0
984992,36.0
985040,99.0
985072,43.0
985168,51.0
985408,58.0
985456,93.0
985456,37.0
985488,35.0
985504,49.0
985504,34.0
985568,47.0
985600,35.0
985616,44.0
985632,59.0
985696,18.0
985696,44.0
985728,47.0
985776,72.0
985888,51.0
985920,26.0
986016,24.0
986160,41.0
986192,46.0
986224,28.0
986240,49.0
986256,35.0
986368,55.0
986384,51.0
986464,17.0
986464,81.0
986496,50.0
986560,52.0
986672,47.0
986768,72.0
986784,56.0
986848,78.0
986912,127.0
986976,60.0
987040,30.0
987088,53.0
987104,53.0
987136,42.0
987136,48.0
987248,47.0
987280,51.0
987472,50.0
987472,39.0
987488,32.0
987568,74.0
987584,42.0
987584,89.0
987600,51.0
987648,34.0
987808,65.0
987904,48.0
987968,24.0
987968,52.0
988000,47.0
988064,115.0
988064,37.0
988128,40.0
988144,66.0
988256,28.0
988288,43.0
988304,41.0
988416,53.0
988688,103.0
988704,50.0
988720,78.0
988752,39.0
988880,100.0
988912,31.0
988960,86.0
988976,61.0
989056,68.0
989072,48.0
989136,28.0
989232,68.0
989280,25.0
989312,84.0
989360,28.0
989376,68.0
989424,73.0
989456,44.0
989488,32.0
989504,90.0
989616,35.0
989616,56.0
989808,46.0
989920,29.0
989920,40.0
989936,50.0
989968,41.0
989968,79.0
990032,38.0
990032,50.0
990048,68.0
990064,43.0
990096,38.0
990208,37.0
990240,136.0
990272,57.0
990320,51.0
990352,34.0
990384,29.0
990528,57.0
990656,39.0
990688,45.0
990752,49.0
990768,46.0
990768,45.0
990768,53.0
990800,28.0
990848,57.0
990848,38.0
990928,52.0
990976,57.0
991056,46.0
991072,43.0
991168,20.0
991184,21.0
991248,45.0
991312,65.0
991328,36.0
991408,22.0
991440,40.0
991456,43.0
991536,23.0
991568,55.0
991600,52.0
991648,55.0
991664,46.0
991696,28.0
991744,68.0
991760,49.0
991808,46.0
991872,26.0
991952,109.0
991968,41.0
991984,41.0
992096,21.0
992096,33.0
992112,36.0
992240,50.0
992400,76.0
992416,27.0
992432,48.0
992480,24.0
992480,67.0
992496,47.0
992496,39.0
992560,57.0
992576,55.0
992624,24.0
992688,37.0
992816,53.0
992928,27.0
992944,62.0
992976,73.0
993008,56.0
993008,33.0
993088,42.0
993088,93.0
993152,36.0
993152,45.0
993168,42.0
993216,51.0
993264,36.0
993328,53.0
993520,34.0
993536,38.0
993632,39.0
993632,51.0
993664,41.0
993696,67.0
993712,35.0
993776,39.0
993840,80.0
993888,35.0
993920,24.0
993920,61.0
993968,50.0
993968,47.0
993984,56.0
994096,52.0
994096,63.0
994128,31.0
994304,33.0
994304,38.0
994320,21.0
994384,34.0
994416,44.0
994432,57.0
994432,48.0
994464,23.0
994592,42.0
994656,43.0
994672,49.0
994720,21.0
994752,41.0
994800,31.0
994896,79.0
994944,40.0
994976,53.0
995040,38.0
995056,24.0
995104,49.0
995168,75.0
995184,45.0
995248,31.0
995248,83.0
995392,37.0
995408,43.0
995424,24.0
995440,53.0
995472,26.0
995504,67.0
995536,40.0
995632,24.0
995744,35.0
995792,71.0
995792,86.0
995808,24.0
995824,27.0
995856,47.0
995904,41.0
995984,30.0
996000,66.0
996032,54.0
996176,75.0
996192,45.0
996352,22.0
996352,38.0
996352,57.0
996352,35.0
996384,61.0
996384,53.0
996400,48.0
996432,36.0
996432,33.0
996496,43.0
996576,34.0
996640,29.0
996656,54.0
996688,19.0
996736,57.0
996800,28.0
996848,28.0
996880,43.0
996944,60.0
996976,39.0
996992,40.0
997088,27.0
997136,44.0
997136,25.0
997328,22.0
997344,60.0
997360,42.0
997376,59.0
997472,33.0
997504,54.0
997568,48.0
997616,79.0
997616,70.0
997648,50.0
997664,33.0
997664,68.0
997696,51.0
997712,24.0
997984,62.0
998000,54.0
998032,35.0
998048,44.0
998064,26.0
998128,32.0
998144,36.0
998176,50.0
998208,44.0
998272,41.0
998352,43.0
998448,85.0
998480,27.0
998480,49.0
998560,31.0
998592,55.0
998592,77.0
998880,76.0
998896,48.0
998896,39.0
998912,29.0
998944,60.0
998976,50.0
998992,62.0
999024,34.0
999072,58.0
999072,37.0
999072,65.0
999120,57.0
999264,57.0
999312,47.0
999408,31.0
999504,57.0
999504,57.0
999584,43.0
999600,39.0
999648,47.0
999680,38.0
999712,52.0
999728,41.0
999760,16.0
999840,51.0
999872,55.0
999888,48.0
999888,59.0
999936,27.0
999952,40.0
1000080,51.0
1000128,66.0
1000160,47.0
1000224,21.0
1000256,33.0
1000400,51.0
1000448,31.0
1000480,38.0
1000512,36.0
1000576,56.0
1000640,26.0
1000656,48.0
1000672,57.0
1000688,68.0
1000704,34.0
1000896,66.0
1000960,82.0
1000960,35.0
1000992,80.0
1001088,63.0
1001088,36.0
1001136,30.0
1001184,58.0
1001200,35.0
1001232,49.0
1001248,48.0
1001360,77.0
1001488,49.0
1001504,58.0
1001520,27.0
1001616,41.0
1001648,43.0
1001664,26.0
1001728,66.0
1001760,25.0
1001792,50.0
1001808,57.0
1001856,73.0
1001920,46.0
1002016,33.0
1002064,61.0
1002080,53.0
1002160,60.0
1002192,42.0
1002304,41.0
1002320,35.0
1002416,35.0
1002448,40.0
1002480,47.0
1002528,87.0
1002544,65.0
1002576,60.0
1002736,27.0
1002736,26.0
1002784,37.0
1002800,45.0
1002832,42.0
1002848,74.0
1002848,52.0
1002960,26.0
1003024,69.0
1003056,79.0
1003072,21.0
1003168,47.0
1003216,72.0
1003216,40.0
1003328,55.0
1003344,54.0
1003440,44.0
1003456,25.0
1003520,42.0
1003520,45.0
1003536,36.0
1003568,49.0
1003600,47.0
1003696,39.0
1003856,40.0
1003872,33.0
1003904,43.0
1004000,30.0
1004128,81.0
1004144,28.0
1004144,101.0
1004176,38.0
1004240,57.0
1004256,41.0
1004288,79.0
1004384,76.0
1004448,62.0
1004528,42.0
1004560,41.0
1004624,30.0
1004624,23.0
1004736,81.0
1004752,55.0
1004816,42.0
1004880,85.0
1004928,87.0
1004944,48.0
1004976,37.0
1005136,71.0
1005184,39.0
1005200,57.0
1005408,60.0
1005520,62.0
1005520,37.0
1005728,33.0
1005760,55.0
1005776,72.0
1005792,53.0
1005792,61.0
1005888,72.0
1005952,75.0
1005968,84.0
1005968,108.0
1006064,55.0
1006096,36.0
1006144,63.0
1006144,73.0
1006176,128.0
1006224,27.0
1006240,22.0
1006304,32.0
1006368,26.0
1006528,50.0
1006576,51.0
1006592,67.0
1006608,40.0
1006624,41.0
1006640,31.0
1006688,57.0
1006768,85.0
1006768,37.0
1006832,43.0
1006880,40.0
1006912,51.0
1006944,55.0
1006944,36.0
1007024,24.0
1007104,21.0
1007136,57.0
1007184,41.0
1007248,40.0
1007280,37.0
1007360,49.0
1007408,29.0
1007472,23.0
1007520,31.0
1007536,41.0
1007552,38.0
1007600,63.0
1007664,85.0
1007696,67.0
1007728,56.0
1007936,47.0
1007984,44.0
1008000,37.0
1008064,72.0
1008080,33.0
1008176,41.0
1008208,42.0
1008272,42.0
1008304,73.0
1008336,61.0
1008352,39.0
1008464,106.0
1008576,55.0
1008688,38.0
1008784,49.0
1008784,96.0
1008784,82.0
1008800,54.0
1008880,26.0
1008928,45.0
1008960,41.0
1008976,50.0
1008992,41.0
1009008,64.0
1009072,50.0
1009184,25.0
1009184,70.0
1009328,61.0
1009392,27.0
1009440,54.0
1009456,41.0
1009472,113.0
1009472,34.0
1009488,38.0
1009520,52.0
1009664,55.0
1009712,45.0
1009776,44.0
1009824,27.0
1009840,41.0
1009840,54.0
1009904,24.0
1009920,46.0
1009952,73.0
1010048,65.0
1010272,51.0
1010320,41.0
1010320,53.0
1010384,34.0
1010384,42.0
1010384,59.0
1010592,51.0
1010608,80.0
1010688,19.0
1010704,55.0
1010736,78.0
1010736,26.0
1010864,57.0
1010864,64.0
1010944,65.0
1010960,36.0
1011056,46.0
1011056,99.0
1011104,74.0
1011152,34.0
1011216,32.0
1011248,61.0
1011264,25.0
1011440,44.0
1011456,22.0
1011456,88.0
1011472,38.0
1011472,55.0
1011472,32.0
1011568,52.0
1011584,56.0
1011632,43.0
1011808,47.0
1011952,31.0
1011984,33.0
1012064,37.0
1012128,41.0
1012144,110.0
1012144,36.0
1012192,35.0
1012192,65.0
1012208,25.0
1012320,67.0
1012336,80.0
1012384,73.0
1012432,28.0
1012448,31.0
1012640,73.0
1012656,67.0
1012656,29.0
1012752,43.0
1012752,39.0
1012752,82.0
1012768,36.0
1012912,36.0
1013072,27.0
1013072,43.0
1013072,40.0
1013088,59.0
1013120,22.0
1013152,59.0
1013168,119.0
1013168,53.0
1013232,49.0
1013264,38.0
1013344,75.0
1013408,41.0
1013424,42.0
1013472,35.0
1013568,57.0
1013584,52.0
1013584,32.0
1013648,36.0
1013760,37.0
1013776,43.0
1013824,25.0
1013856,49.0
1013856,46.0
1013872,38.0
1013936,48.0
1013936,44.0
1013984,52.0
1014048,40.0
1014176,38.0
1014240,24.0
1014256,38.0
1014304,52.0
1014320,46.0
1014400,51.0
1014464,70.0
1014576,51.0
1014592,45.0
1014640,37.0
1014816,32.0
1014816,40.0
1014848,62.0
1014896,20.0
1014912,37.0
1014912,71.0
1014944,60.0
1015008,74.0
1015088,53.0
1015168,77.0
1015264,50.0
1015280,29.0
1015296,85.0
1015296,44.0
1015424,64.0
1015440,74.0
1015504,35.0
1015504,43.0
1015616,61.0
1015632,49.0
1015648,35.0
1015680,24.0
1015840,58.0
1015904,29.0
1015920,57.0
1016080,57.0
1016096,29.0
1016112,51.0
1016112,38.0
1016176,79.0
1016176,47.0
1016176,57.0
1016224,24.0
1016256,85.0
1016304,64.0
1016352,42.0
1016592,42.0
1016672,36.0
1016720,40.0
1016800,39.0
1016848,59.0
1016864,85.0
1016880,79.0
1016928,51.0
1016928,80.0
1016960,46.0
1016960,49.0
1017024,53.0
1017024,45.0
1017056,50.0
1017088,61.0
1017104,32.0
1017200,33.0
1017248,23.0
1017280,30.0
1017376,28.0
1017376,41.0
1017440,32.0
1017456,38.0
1017712,53.0
1017728,33.0
1017744,40.0
1017760,88.0
1017760,44.0
1017776,51.0
1017920,34.0
1017936,61.0
1017952,42.0
1017968,59.0
1018000,61.0
1018016,48.0
1018064,61.0
1018064,38.0
1018096,41.0
1018176,50.0
1018192,27.0
1018208,28.0
1018240,31.0
1018368,41.0
1018448,28.0
1018512,46.0
1018544,21.0
1018560,38.0
1018688,39.0
1018688,42.0
1018688,37.0
1018784,66.0
1018800,39.0
1018800,54.0
1018816,53.0
1018896,44.0
1018960,65.0
1018992,39.0
1019056,38.0
1019120,66.0
1019152,40.0
1019168,30.0
1019184,39.0
1019264,29.0
1019296,47.0
1019360,35.0
1019360,42.0
1019376,35.0
1019456,29.0
1019472,18.0
1019488,44.0
1019552,54.0
1019568,42.0
1019584,84.0
1019584,26.0
1019648,37.0
1019696,36.0
1019872,26.0
1019920,60.0
1019936,40.0
1019952,23.0
1020000,33.0
1020080,24.0
1020096,46.0
1020144,35.0
1020160,56.0
1020192,34.0
1020208,45.0
1020272,45.0
1020336,24.0
1020400,78.0
1020432,54.0
1020480,38.0
1020576,76.0
1020576,19.0
1020608,33.0
1020688,48.0
1020816,51.0
1020816,45.0
1021056,39.0
1021056,36.0
1021056,105.0
1021088,43.0
1021104,57.0
1021168,64.0
1021200,62.0
1021312,61.0
1021408,92.0
1021408,50.0
1021456,55.0
1021472,82.0
1021488,42.0
1021536,23.0
1021568,47.0
1021680,36.0
1021728,42.0
1021744,73.0
1021888,36.0
1021904,53.0
1022064,61.0
1022144,38.0
1022160,42.0
1022160,26.0
1022176,45.0
1022208,50.0
1022208,46.0
1022208,63.0
1022240,74.0
1022288,38.0
1022384,41.0
1022416,63.0
1022544,116.0
1022560,62.0
1022576,21.0
1022704,50.0
1022800,39.0
1022848,40.0
1022848,44.0
1022848,40.0
1022944,49.0
1022960,36.0
1023008,37.0
1023008,50.0
1023168,80.0
1023184,40.0
1023200,65.0
1023216,23.0
1023312,64.0
1023328,33.0
1023360,81.0
1023392,51.0
1023552,34.0
1023552,23.0
1023600,40.0
1023632,58.0
1023680,46.0
1023680,70.0
1023808,60.0
1023856,63.0
1023888,42.0
1023952,40.0
1023968,50.0
1024000,62.0
1024000,28.0
1024336,59.0
1024352,42.0
1024368,73.0
1024496,43.0
1024512,60.0
1024560,60.0
1024560,77.0
1024592,77.0
1024624,39.0
1024672,62.0
1024672,42.0
1024704,22.0
1024720,54.0
1024816,58.0
1024928,60.0
1024944,24.0
1024960,83.0
1025040,44.0
1025104,72.0
1025152,49.0
1025152,40.0
1025152,28.0
1025152,35.0
1025168,38.0
1025248,47.0
1025344,33.0
1025360,40.0
1025392,45.0
1025408,49.0
1025456,26.0
1025536,54.0
1025568,25.0
1025584,41.0
1025600,40.0
1025712,38.0
1025744,50.0
1025888,22.0
1025936,22.0
1025952,35.0
1026048,56.0
1026048,56.0
1026112,48.0
1026224,61.0
1026272,35.0
1026272,70.0
1026288,71.0
1026288,45.0
1026320,24.0
1026352,38.0
1026448,68.0
1026464,54.0
1026464,66.0
1026480,37.0
1026512,35.0
1026512,66.0
1026688,23.0
1026752,30.0
1026848,39.0
1026944,27.0
1026960,38.0
1027056,37.0
1027104,66.0
1027136,53.0
1027136,64.0
1027248,49.0
1027280,63.0
1027312,39.0
1027328,23.0
1027360,82.0
1027392,28.0
1027408,60.0
1027408,70.0
1027472,62.0
1027632,70.0
1027648,50.0
1027744,43.0
1027856,24.0
1027888,30.0
1027888,47.0
1027920,37.0
1027920,35.0
1027920,49.0
1027936,39.0
1028016,79.0
1028016,39.0
1028224,70.0
1028288,23.0
1028336,43.0
1028400,41.0
1028560,42.0
1028592,42.0
1028608,45.0
1028640,77.0
1028688,88.0
1028688,29.0
1028720,68.0
1028752,56.0
1028784,96.0
1028832,34.0
1028896,61.0
1028944,21.0
1028976,60.0
1029024,68.0
1029072,30.0
1029120,69.0
1029168,48.0
1029232,37.0
1029232,56.0
1029360,36.0
1029376,25.0
1029424,37.0
1029424,22.0
1029424,46.0
1029552,41.0
1029600,65.0
1029616,42.0
1029616,58.0
1029632,57.0
1029696,33.0
1029744,45.0
1029776,64.0
1029920,31.0
1029984,35.0
1030016,41.0
1030048,58.0
1030064,40.0
1030096,54.0
1030192,51.0
1030224,33.0
1030224,38.0
1030272,31.0
1030336,46.0
1030352,50.0
1030400,73.0
1030464,53.0
1030640,41.0
1030704,38.0
1030752,35.0
1030784,65.0
1030800,47.0
1030880,60.0
1030880,38.0
1030896,34.0
1030992,41.0
1031056,65.0
1031072,90.0
1031200,50.0
1031200,71.0
1031264,24.0
1031280,36.0
1031296,67.0
1031312,53.0
1031360,71.0
1031376,39.0
1031408,33.0
1031424,33.0
1031600,50.0
1031632,53.0
1031664,64.0
1031664,37.0
1031728,23.0
1031808,32.0
1031808,33.0
1031856,37.0
1031888,56.0
1031920,45.0
1031920,32.0
1031984,38.0
1032016,60.0
1032032,38.0
1032112,50.0
1032128,13.0
1032192,24.0
1032352,72.0
1032368,21.0
1032368,46.0
1032432,36.0
1032464,46.0
1032512,39.0
1032528,54.0
1032560,40.0
1032560,47.0
1032576,24.0
1032640,41.0
1032832,73.0
1032832,51.0
1032928,50.0
1032976,38.0
1033024,41.0
1033072,60.0
1033104,42.0
1033232,25.0
1033248,103.0
1033376,51.0
1033376,53.0
1033376,28.0
1033408,59.0
1033440,58.0
1033472,70.0
1033568,46.0
1033584,38.0
1033616,61.0
1033632,67.0
1033712,19.0
1033792,48.0
1033856,49.0
1033888,28.0
1033904,42.0
1033952,44.0
1033968,54.0
1034000,39.0
1034000,39.0
1034016,40.0
1034272,41.0
1034288,36.0
1034304,26.0
1034448,37.0
1034480,119.0
1034528,36.0
1034560,48.0
1034640,46.0
1034656,64.0
1034752,47.0
1034752,73.0
1034784,30.0
1034800,52.0
1034912,56.0
1034944,59.0
1035008,90.0
1035072,32.0
1035072,34.0
1035136,54.0
1035200,45.0
1035296,114.0
1035344,56.0
1035376,37.0
1035408,29.0
1035424,39.0
1035456,34.0
1035504,53.0
1035552,50.0
1035696,88.0
1035696,59.0
1035712,40.0
1035840,75.0
1035840,26.0
1035856,41.0
1035904,56.0
1035984,53.0
1036080,63.0
1036080,49.0
1036128,26.0
1036240,34.0
1036240,43.0
1036256,50.0
1036352,28.0
1036384,55.0
1036384,61.0
1036400,44.0
1036400,64.0
1036608,79.0
1036608,48.0
1036624,34.0
1036640,32.0
1036736,55.0
1036736,22.0
1036832,28.0
1036832,53.0
1036880,40.0
1036928,42.0
1036928,43.0
1036976,39.0
1037040,26.0
1037136,33.0
1037200,37.0
1037232,37.0
1037248,73.0
1037280,90.0
1037360,39.0
1037408,63.0
1037424,37.0
1037520,43.0
1037600,75.0
1037648,48.0
1037680,44.0
1037712,42.0
1037712,61.0
1037808,25.0
1037840,44.0
1037856,58.0
1037904,61.0
1037920,31.0
1037952,22.0
1037968,46.0
1038000,50.0
1038048,48.0
1038080,25.0
1038112,54.0
1038192,24.0
1038208,31.0
1038304,24.0
1038320,30.0
1038416,28.0
1038528,51.0
1038576,76.0
1038592,34.0
1038672,45.0
1038752,56.0
1038752,27.0
1038752,35.0
1038784,55.0
1038800,45.0
1038832,39.0
1038880,36.0
1039024,86.0
1039056,66.0
1039120,100.0
1039168,37.0
1039184,48.0
1039216,69.0
1039408,41.0
1039456,39.0
1039456,54.0
1039488,51.0
1039520,31.0
1039568,51.0
1039584,52.0
1039616,51.0
1039648,70.0
1039648,54.0
1039664,38.0
1039680,50.0
1039904,24.0
1040000,24.0
1040144,43.0
1040160,61.0
1040176,60.0
1040240,41.0
1040288,70.0
1040304,41.0
1040320,57.0
1040400,52.0
1040432,82.0
1040448,50.0
1040496,65.0
1040560,35.0
1040576,56.0
1040656,47.0
1040880,44.0
1040928,40.0
1040944,80.0
1040976,52.0
1040976,41.0
1040992,47.0
1041024,37.0
1041040,40.0
1041056,38.0
1041200,65.0
1041264,38.0
1041344,65.0
1041360,50.0
1041424,53.0
1041616,35.0
1041616,70.0
1041632,40.0
1041648,135.0
1041648,45.0
1041664,39.0
1041744,48.0
1041776,52.0
1041904,64.0
1041984,49.0
1042016,47.0
1042096,27.0
1042208,29.0
1042288,82.0
1042288,59.0
1042304,59.0
1042352,46.0
1042352,58.0
1042368,47.0
1042384,38.0
1042384,46.0
1042416,87.0
1042448,51.0
1042560,41.0
1042608,39.0
1042816,50.0
1042832,26.0
1042848,75.0
1042864,48.0
1042864,32.0
1042944,40.0
1042992,39.0
1043120,46.0
1043152,50.0
1043152,44.0
1043168,35.0
1043232,42.0
1043264,61.0
1043392,36.0
1043392,69.0
1043456,37.0
1043456,78.0
1043472,40.0
1043552,44.0
1043616,47.0
1043664,32.0
1043776,87.0
1043776,52.0
1043888,45.0
1044048,58.0
1044048,24.0
1044080,39.0
1044080,58.0
1044096,40.0
1044256,54.0
1044256,62.0
1044336,69.0
1044384,87.0
1044400,39.0
1044416,50.0
1044496,45.0
1044528,40.0
1044544,72.0
1044576,33.0
1044640,73.0
1044656,36.0
1044752,41.0
1044768,45.0
1044816,35.0
1044912,85.0
1044992,36.0
1045008,30.0
1045200,50.0
1045264,38.0
1045312,61.0
1045344,44.0
1045456,29.0
1045488,77.0
1045504,46.0
1045520,44.0
1045520,38.0
1045520,64.0
1045536,49.0
1045568,62.0
1045568,74.0
1045616,38.0
1045696,101.0
1045760,76.0
1045872,22.0
1045920,38.0
1045984,26.0
1046112,39.0
1046128,37.0
1046192,62.0
1046272,47.0
1046272,48.0
1046320,61.0
1046336,45.0
1046352,52.0
1046512,40.0
1046544,80.0
1046544,68.0
1046672,47.0
1046768,36.0
1046896,75.0
1046896,57.0
1046928,41.0
1046944,38.0
1046976,39.0
1047008,56.0
1047040,80.0
1047056,34.0
1047072,47.0
1047136,37.0
1047200,27.0
1047248,70.0
1047328,24.0
1047360,68.0
1047456,30.0
1047488,120.0
1047504,38.0
1047568,40.0
1047600,25.0
1047728,66.0
1047760,54.0
1047776,44.0
1047872,32.0
1047952,56.0
1047952,88.0
1047968,40.0
1048032,62.0
1048080,67.0
1048112,32.0
1048176,42.0
1048208,67.0
1048256,31.0
1048320,52.0
1048368,26.0
1048416,34.0
1048416,40.0
1048464,63.0
1048560,12.0
1048656,68.0
1048672,35.0
1048752,50.0
1048832,26.0
1048832,50.0
1049008,110.0
1049040,54.0
1049152,67.0
1049200,55.0
1049216,24.0
1049312,41.0
1049376,23.0
1049392,58.0
1049456,39.0
1049472,76.0
1049472,79.0
1049504,47.0
1049552,55.0
1049584,101.0
1049600,117.0
1049664,78.0
1049856,34.0
1049856,40.0
1049920,85.0
1049936,56.0
1049936,29.0
1050000,26.0
1050016,39.0
1050032,55.0
1050048,28.0
1050080,39.0
1050080,38.0
1050080,44.0
1050112,35.0
1050192,62.0
1050352,26.0
1050464,24.0
1050464,28.0
1050496,40.0
1050512,53.0
1050592,68.0
1050672,37.0
1050688,36.0
1050688,52.0
1050736,41.0
1050752,47.0
1050784,54.0
1050896,53.0
1050992,66.0
1051056,37.0
1051088,31.0
1051088,39.0
1051104,47.0
1051168,71.0
1051200,26.0
1051232,45.0
1051376,24.0
1051408,42.0
1051424,77.0
1051440,48.0
1051488,37.0
1051520,29.0
1051600,53.0
1051728,35.0
1051776,68.0
1051792,43.0
1051840,27.0
1051872,42.0
1051888,23.0
1051920,52.0
1051920,43.0
1051984,24.0
1052016,95.0
1052032,59.0
1052112,42.0
1052128,47.0
1052192,44.0
1052240,51.0
1052272,24.0
1052304,32.0
1052320,21.0
1052464,43.0
1052544,32.0
1052560,117.0
1052592,22.0
1052608,43.0
1052656,49.0
1052752,35.0
1052768,65.0
1052784,48.0
1052832,45.0
1052896,27.0
1052912,62.0
1052944,51.0
1053056,76.0
1053072,48.0
1053120,32.0
1053120,50.0
1053184,57.0
1053248,41.0
1053248,37.0
1053264,30.0
1053328,48.0
1053408,36.0
1053408,54.0
1053424,41.0
1053440,34.0
1053456,44.0
1053664,38.0
1053696,39.0
1053824,55.0
1053856,37.0
1053872,47.0
1053872,47.0
1053920,37.0
1053936,43.0
1053984,34.0
1054064,40.0
1054096,43.0
1054112,58.0
1054128,55.0
1054144,46.0
1054224,25.0
1054320,39.0
1054400,93.0
1054416,31.0
1054432,31.0
1054544,43.0
1054576,70.0
1054576,28.0
1054592,38.0
1054656,49.0
1054688,34.0
1054704,38.0
1054768,41.0
1054800,25.0
1054896,42.0
1054976,41.0
1054992,58.0
1055024,85.0
1055104,77.0
1055152,36.0
1055168,25.0
1055216,50.0
1055248,42.0
1055264,45.0
1055280,37.0
1055376,59.0
1055408,47.0
1055488,37.0
1055600,63.0
1055664,25.0
1055776,61.0
1055776,42.0
1055792,40.0
1055824,70.0
1055824,53.0
1055840,53.0
1055904,46.0
1055920,32.0
1056000,39.0
1056128,69.0
1056144,23.0
1056160,35.0
1056272,64.0
1056304,25.0
1056304,33.0
1056304,40.0
1056336,70.0
1056448,39.0
1056448,41.0
1056512,24.0
1056528,65.0
1056528,33.0
1056576,46.0
1056688,88.0
1056896,37.0
1056912,38.0
1056928,48.0
1056928,37.0
1056992,53.0
1057008,44.0
1057056,23.0
1057056,34.0
1057072,78.0
1057120,53.0
1057136,35.0
1057184,79.0
1057344,51.0
1057360,28.0
1057408,22.0
1057424,23.0
1057456,33.0
1057456,63.0
1057488,60.0
1057504,32.0
1057536,68.0
1057552,39.0
1057568,31.0
1057600,26.0
1057680,42.0
1057760,26.0
1057760,54.0
1057792,42.0
1057856,45.0
1058016,33.0
1058032,42.0
1058176,39.0
1058192,37.0
1058208,28.0
1058208,49.0
1058272,46.0
1058272,51.0
1058272,37.0
1058288,55.0
1058320,54.0
1058320,35.0
1058496,58.0
1058512,41.0
1058528,22.0
1058672,25.0
1058704,43.0
1058768,28.0
1058784,36.0
1058848,40.0
1058896,44.0
1058912,70.0
1058912,40.0
1058928,40.0
1059056,35.0
1059056,97.0
1059184,42.0
1059184,54.0
1059424,87.0
1059440,37.0
1059440,46.0
1059472,34.0
1059488,27.0
1059504,61.0
1059584,43.0
1059616,53.0
1059664,38.0
1059680,56.0
1059712,33.0
1059888,61.0
1059920,63.0
1059984,25.0
1060016,52.0
1060064,37.0
1060144,92.0
1060144,117.0
1060208,48.0
1060256,37.0
1060336,56.0
1060448,60.0
1060496,38.0
1060560,59.0
1060592,68.0
1060624,38.0
1060640,41.0
1060640,76.0
1060656,46.0
1060672,62.0
1060816,30.0
1060816,38.0
1060928,42.0
1060992,58.0
1061056,27.0
1061120,61.0
1061120,33.0
1061152,41.0
1061152,37.0
1061200,66.0
1061280,40.0
1061296,30.0
1061360,44.0
1061392,45.0
1061472,34.0
1061472,52.0
1061520,44.0
1061520,33.0
1061568,70.0
1061632,36.0
1061776,129.0
1061792,20.0
1061904,34.0
1061920,48.0
1061968,42.0
1061968,53.0
1061968,43.0
1062080,35.0
1062096,44.0
1062176,66.0
1062192,65.0
1062208,19.0
1062240,65.0
1062272,50.0
1062288,48.0
1062336,23.0
1062416,49.0
1062496,58.0
1062528,38.0
1062544,36.0
1062656,36.0
1062720,47.0
1062752,61.0
1062800,63.0
1062800,37.0
1062864,48.0
1062880,44.0
1062928,37.0
1062960,29.0
1063056,21.0
1063120,55.0
1063184,41.0
1063200,41.0
1063200,58.0
1063232,59.0
1063264,67.0
1063296,40.0
1063440,40.0
1063456,33.0
1063504,44.0
1063504,24.0
1063520,48.0
1063584,24.0
1063728,53.0
1063744,55.0
1063840,49.0
1063840,25.0
1063984,29.0
1063984,50.0
1064032,52.0
1064048,102.0
1064064,48.0
1064064,52.0
1064080,51.0
1064128,39.0
1064176,76.0
1064320,37.0
1064400,20.0
1064432,61.0
1064544,23.0
1064608,35.0
1064608,36.0
1064640,66.0
1064656,33.0
1064672,52.0
1064672,73.0
1064752,48.0
1064784,50.0
1064912,53.0
1064928,68.0
1064944,34.0
1064960,56.0
1064992,35.0
1065056,32.0
1065152,30.0
1065232,35.0
1065296,43.0
1065328,23.0
1065344,64.0
1065360,101.0
1065360,27.0
1065392,28.0
1065440,41.0
1065536,55.0
1065552,57.0
1065584,52.0
1065648,26.0
1065680,33.0
1065824,48.0
1065840,34.0
1065840,32.0
1065872,55.0
1065888,21.0
1065888,33.0
1065984,28.0
1066016,39.0
1066112,33.0
1066160,50.0
1066192,99.0
1066240,26.0
1066368,91.0
1066368,43.0
1066448,36.0
1066464,64.0
1066560,57.0
1066608,48.0
1066640,47.0
1066640,41.0
1066656,40.0
1066656,29.0
1066784,34.0
1066800,27.0
1066960,53.0
1067008,53.0
1067088,39.0
1067168,45.0
1067184,39.0
1067200,52.0
1067232,37.0
1067264,30.0
1067264,39.0
1067280,121.0
1067376,48.0
1067392,97.0
1067392,94.0
1067488,43.0
1067680,31.0
1067696,29.0
1067840,42.0
1067840,35.0
1067856,37.0
1067920,79.0
1067968,60.0
1067984,56.0
1068032,86.0
1068048,41.0
1068080,37.0
1068080,70.0
1068272,27.0
1068272,55.0
1068288,28.0
1068304,65.0
1068448,37.0
1068448,47.0
1068464,68.0
1068464,79.0
1068512,52.0
1068576,41.0
1068720,43.0
1068736,28.0
1068816,46.0
1068832,23.0
1068848,54.0
1068880,57.0
1068896,37.0
1068912,52.0
1068928,22.0
1068944,42.0
1069104,41.0
1069120,38.0
1069232,49.0
1069232,21.0
1069248,21.0
1069296,78.0
1069376,69.0
1069472,40.0
1069488,42.0
1069520,66.0
1069584,41.0
1069696,47.0
1069776,65.0
1069808,44.0
1069888,48.0
1069888,37.0
1069888,73.0
1069888,41.0
1069968,70.0
1069968,68.0
1070032,34.0
1070144,28.0
1070144,42.0
1070192,42.0
1070368,62.0
1070400,73.0
1070432,34.0
1070432,25.0
1070432,41.0
1070688,50.0
1070704,56.0
1070720,47.0
1070752,38.0
1070768,95.0
1070784,56.0
1070784,75.0
1070848,26.0
1071104,42.0
1071136,44.0
1071168,48.0
1071184,51.0
1071216,31.0
1071216,78.0
1071248,85.0
1071328,39.0
1071328,40.0
1071376,77.0
1071392,38.0
1071456,79.0
1071520,47.0
1071696,30.0
1071728,25.0
1071760,39.0
1071936,34.0
1071952,73.0
1071984,48.0
1072000,39.0
1072032,54.0
1072080,83.0
1072096,25.0
1072160,61.0
1072208,55.0
1072288,90.0
1072384,39.0
1072416,27.0
1072464,85.0
1072512,66.0
1072544,81.0
1072576,34.0
1072608,33.0
1072672,45.0
1072704,74.0
1072720,62.0
1072800,37.0
1072832,28.0
1072896,46.0
1072976,35.0
1072976,25.0
1072992,12.0
1073024,58.0
1073056,37.0
1073072,67.0
1073088,72.0
1073136,27.0
1073280,46.0
1073280,38.0
1073360,29.0
1073392,42.0
1073456,59.0
1073488,75.0
1073504,56.0
1073536,25.0
1073616,35.0
1073712,40.0
1073712,45.0
1073728,47.0
1073728,56.0
1073760,42.0
1073904,55.0
1073936,41.0
1074112,31.0
1074112,71.0
1074160,55.0
1074192,27.0
1074224,20.0
1074288,50.0
1074304,48.0
1074304,36.0
1074352,60.0
1074416,57.0
1074448,68.0
1074480,48.0
1074480,64.0
1074496,48.0
1074512,25.0
1074672,24.0
1074736,50.0
1074832,40.0
1074880,48.0
1074896,37.0
1074928,27.0
1074960,34.0
1075008,33.0
1075008,41.0
1075040,83.0
1075152,30.0
1075200,65.0
1075200,47.0
1075216,57.0
1075248,64.0
1075440,58.0
1075472,40.0
1075472,62.0
1075600,40.0
1075632,44.0
1075760,34.0
1075776,65.0
1075808,38.0
1075824,51.0
1075840,60.0
1075888,28.0
1075984,68.0
1075984,46.0
1076000,33.0
1076016,63.0
1076080,65.0
1076224,24.0
1076240,48.0
1076272,32.0
1076288,43.0
1076320,43.0
1076336,22.0
1076352,72.0
1076400,36.0
1076448,81.0
1076512,32.0
1076512,44.0
1076592,44.0
1076720,44.0
1076720,31.0
1076752,42.0
1076880,30.0
1076880,37.0
1076928,38.0
1076992,40.0
1077008,31.0
1077024,47.0
1077024,36.0
1077024,65.0
1077040,44.0
1077248,63.0
1077264,32.0
1077280,94.0
1077296,36.0
1077328,51.0
1077360,40.0
1077440,53.0
1077472,29.0
1077504,39.0
1077568,40.0
1077616,36.0
1077632,38.0
1077776,56.0
1077792,48.0
1077792,48.0
1077984,32.0
1078048,38.0
1078080,49.0
1078208,59.0
1078208,36.0
1078224,61.0
1078240,28.0
1078256,56.0
1078304,82.0
1078352,67.0
1078352,36.0
1078368,50.0
1078400,38.0
1078400,56.0
1078464,30.0
1078576,78.0
1078640,35.0
1078688,28.0
1078736,43.0
1078944,40.0
1078960,37.0
1078992,49.0
1079008,34.0
1079024,39.0
1079040,40.0
1079056,52.0
1079200,32.0
1079216,63.0
1079248,56.0
1079456,45.0
1079536,36.0
1079616,35.0
1079664,45.0
1079664,40.0
1079696,130.0
1079760,32.0
1079760,70.0
1079792,49.0
1079856,51.0
1079904,97.0
1079936,85.0
1079952,46.0
1080016,110.0
1080208,34.0
1080320,70.0
1080336,42.0
1080384,87.0
1080400,38.0
1080432,46.0
1080448,37.0
1080480,64.0
1080512,35.0
1080528,39.0
1080544,58.0
1080576,40.0
1080576,65.0
1080784,64.0
1080784,24.0
1080848,68.0
1080896,26.0
1080928,31.0
1081008,43.0
1081056,33.0
1081136,47.0
1081200,26.0
1081264,43.0
1081360,53.0
1081408,67.0
1081408,75.0
1081472,39.0
1081488,65.0
1081520,46.0
1081568,35.0
1081600,29.0
1081696,50.0
1081792,78.0
1081840,57.0
1081872,24.0
1081888,39.0
1081888,20.0
1081952,56.0
1081984,29.0
1082032,35.0
1082048,40.0
1082192,101.0
1082224,138.0
1082256,66.0
1082256,26.0
1082256,56.0
1082400,50.0
1082496,38.0
1082528,40.0
1082544,71.0
1082592,50.0
1082608,22.0
1082624,37.0
1082656,60.0
1082688,29.0
1082704,45.0
1082704,47.0
1082912,45.0
1082928,24.0
1083008,47.0
1083072,36.0
1083088,65.0
1083152,33.0
1083248,40.0
1083296,65.0
1083376,53.0
1083392,24.0
1083456,47.0
1083472,100.0
1083552,39.0
1083568,57.0
1083584,42.0
1083616,76.0
1083760,73.0
1083808,41.0
1083840,72.0
1083984,43.0
1084016,27.0
1084032,83.0
1084064,38.0
1084112,64.0
1084224,47.0
1084288,65.0
1084288,46.0
1084304,20.0
1084352,60.0
1084480,69.0
1084480,54.0
1084512,90.0
1084512,31.0
1084512,59.0
1084528,31.0
1084592,52.0
1084608,50.0
1084624,25.0
1084784,42.0
1084832,48.0
1084992,72.0
1085056,48.0
1085056,34.0
1085088,50.0
1085120,38.0
1085136,41.0
1085200,56.0
1085216,44.0
1085264,42.0
1085280,28.0
1085280,58.0
1085344,54.0
1085344,51.0
1085456,42.0
1085712,39.0
1085728,46.0
1085792,41.0
1085808,74.0
1085840,39.0
1085840,49.0
1085888,39.0
1085936,41.0
1085936,51.0
1085984,40.0
1086048,48.0
1086096,47.0
1086144,22.0
1086176,12.0
1086192,62.0
1086224,73.0
1086256,33.0
1086304,106.0
1086320,24.0
1086336,55.0
1086416,36.0
1086416,30.0
1086512,42.0
1086624,46.0
1086656,25.0
1086704,62.0
1086768,27.0
1086816,48.0
1086864,66.0
1086960,41.0
1087040,39.0
1087040,59.0
1087072,47.0
1087136,59.0
1087168,41.0
1087216,62.0
1087280,71.0
1087280,29.0
1087376,42.0
1087408,40.0
1087440,79.0
1087456,50.0
1087488,67.0
1087536,31.0
1087600,46.0
1087632,35.0
1087648,12.0
1087728,48.0
1087856,30.0
1087904,54.0
1087904,23.0
1087952,51.0
1087952,83.0
1088000,25.0
1088016,33.0
1088016,24.0
1088064,53.0
1088096,43.0
1088096,41.0
1088112,52.0
1088160,62.0
1088368,40.0
1088448,34.0
1088512,54.0
1088528,27.0
1088560,44.0
1088592,37.0
1088608,37.0
1088624,45.0
1088656,44.0
1088688,46.0
1088704,38.0
1088752,43.0
1088784,42.0
1088864,99.0
1088896,55.0
1088896,33.0
1088928,48.0
1088928,26.0
1089008,22.0
1089264,40.0
1089312,49.0
1089344,49.0
1089344,35.0
1089456,35.0
1089456,54.0
1089488,37.0
1089488,46.0
1089488,50.0
1089584,45.0
1089616,43.0
1089616,22.0
1089616,63.0
1089808,29.0
1089856,25.0
1089904,75.0
1089984,61.0
1090000,43.0
1090048,44.0
1090064,36.0
1090064,38.0
1090080,37.0
1090096,103.0
1090176,37.0
1090176,78.0
1090192,44.0
1090304,31.0
1090448,37.0
1090544,58.0
1090576,60.0
1090592,37.0
1090656,47.0
1090688,32.0
1090704,45.0
1090720,69.0
1090784,38.0
1090832,48.0
1090832,33.0
1090880,49.0
1090912,52.0
1090944,47.0
1091056,62.0
1091088,32.0
1091104,28.0
1091216,48.0
1091280,28.0
1091424,34.0
1091536,93.0
1091568,29.0
1091600,55.0
1091632,58.0
1091648,44.0
1091680,53.0
1091696,69.0
1091712,73.0
1091792,46.0
1091872,74.0
1091888,50.0
1091904,39.0
1091920,24.0
1091952,73.0
1091952,65.0
1092096,55.0
1092240,42.0
1092256,35.0
1092320,56.0
1092432,35.0
1092448,53.0
1092544,56.0
1092560,19.0
1092576,56.0
1092624,46.0
1092640,45.0
1092640,63.0
1092720,58.0
1092832,55.0
1092896,36.0
1092944,44.0
1092992,34.0
1093008,69.0
1093040,68.0
1093040,26.0
1093152,36.0
1093232,95.0
1093264,52.0
1093264,39.0
1093312,76.0
1093376,51.0
1093440,50.0
1093472,47.0
1093552,35.0
1093584,36.0
1093680,33.0
1093696,47.0
1093696,41.0
1093904,40.0
1093920,86.0
1093936,31.0
1093968,46.0
1094048,36.0
1094080,78.0
1094112,67.0
1094112,53.0
1094336,40.0
1094336,49.0
1094368,66.0
1094384,63.0
1094464,55.0
1094512,27.0
1094512,101.0
1094528,53.0
1094560,39.0
1094560,40.0
1094592,56.0
1094608,35.0
1094720,38.0
1094864,60.0
1094944,27.0
1094992,27.0
1095056,43.0
1095136,73.0
1095184,53.0
1095232,44.0
1095232,48.0
1095296,60.0
1095344,47.0
1095360,50.0
1095408,56.0
1095488,34.0
1095552,59.0
1095584,28.0
1095648,79.0
1095712,100.0
1095760,56.0
1095792,67.0
1095888,41.0
1095968,24.0
1095984,43.0
1096000,48.0
1096016,64.0
1096080,37.0
1096176,39.0
1096208,35.0
1096208,64.0
1096208,72.0
1096256,34.0
1096256,56.0
1096528,22.0
1096544,49.0
1096560,36.0
1096560,76.0
1096592,50.0
1096624,76.0
1096704,46.0
1096704,44.0
1096768,55.0
1096848,37.0
1097024,48.0
1097024,51.0
1097056,53.0
1097072,54.0
1097088,67.0
1097120,26.0
1097120,35.0
1097216,71.0
1097232,43.0
1097248,39.0
1097264,46.0
1097264,31.0
1097280,36.0
1097296,44.0
1097472,24.0
1097520,29.0
1097568,63.0
1097632,25.0
1097680,35.0
1097728,38.0
1097760,57.0
1097840,23.0
1097840,51.0
1097856,37.0
1097856,49.0
1097888,38.0
1097904,43.0
1097904,55.0
1097920,39.0
1098032,49.0
1098080,35.0
1098112,53.0
1098272,22.0
1098368,38.0
1098384,34.0
1098400,23.0
1098400,48.0
1098448,37.0
1098464,38.0
1098512,39.0
1098560,41.0
1098608,65.0
1098688,49.0
1098816,61.0
1098816,71.0
1098832,23.0
1098912,52.0
1098928,33.0
1099008,80.0
1099024,57.0
1099072,43.0
1099136,14.0
1099152,37.0
1099200,58.0
1099248,20.0
1099248,50.0
1099328,51.0
1099344,61.0
1099488,42.0
1099536,71.0
1099568,60.0
1099600,48.0
1099664,33.0
1099696,63.0
1099744,42.0
1099792,61.0
1099840,40.0
1099968,40.0
1099968,51.0
1099984,61.0
1100000,47.0
1100016,22.0
1100128,33.0
1100128,55.0
1100144,41.0
1100272,18.0
1100464,70.0
1100576,52.0
1100608,51.0
1100624,58.0
1100640,42.0
1100720,47.0
1100720,44.0
1100752,74.0
1100784,59.0
1100800,111.0
1100848,53.0
1100864,25.0
1100896,85.0
1101152,64.0
1101168,65.0
1101200,66.0
1101232,38.0
1101312,37.0
1101344,37.0
1101376,41.0
1101424,53.0
1101456,74.0
1101504,44.0
1101536,43.0
1101536,58.0
1101680,23.0
1101696,50.0
1101728,59.0
1101760,70.0
1101792,40.0
1101856,41.0
1101888,24.0
1101920,24.0
1101936,37.0
1101952,49.0
1102016,37.0
1102064,75.0
1102144,48.0
1102208,32.0
1102288,25.0
1102288,35.0
1102304,28.0
1102352,56.0
1102416,41.0
1102432,56.0
1102528,29.0
1102576,23.0
1102624,59.0
1102624,20.0
1102704,43.0
1102720,49.0
1102752,95.0
1102800,63.0
1102816,42.0
1102816,54.0
1102832,34.0
1102928,22.0
1102960,65.0
1103088,35.0
1103088,23.0
1103168,55.0
1103184,48.0
1103200,48.0
1103264,40.0
1103344,33.0
1103408,44.0
1103408,66.0
1103424,42.0
1103472,24.0
1103488,43.0
1103504,34.0
1103584,48.0
1103584,31.0
1103728,56.0
1103744,51.0
1103856,24.0
1103856,32.0
1103856,42.0
1103920,41.0
1103936,48.0
1103952,83.0
1103968,24.0
1104064,41.0
1104080,55.0
1104240,32.0
1104256,52.0
1104304,23.0
1104304,51.0
1104384,55.0
1104432,64.0
1104496,57.0
1104528,42.0
1104544,18.0
1104560,44.0
1104640,43.0
1104704,49.0
1104800,35.0
1104816,67.0
1104896,51.0
1104912,38.0
1104928,67.0
1104944,24.0
1104960,62.0
1104992,38.0
1105024,45.0
1105088,34.0
1105088,41.0
1105104,65.0
1105152,41.0
1105328,26.0
1105472,42.0
1105536,63.0
1105552,37.0
1105568,39.0
1105600,44.0
1105616,18.0
1105648,59.0
1105680,33.0
1105712,56.0
1105760,52.0
1105856,20.0
1105952,53.0
1105968,31.0
1106016,26.0
1106064,67.0
1106128,36.0
1106192,32.0
1106208,74.0
1106240,39.0
1106384,81.0
1106448,43.0
1106448,46.0
1106464,31.0
1106576,121.0
1106608,95.0
1106656,63.0
1106704,40.0
1106752,74.0
1106768,24.0
1106768,35.0
1106784,52.0
1106816,39.0
1106832,37.0
1106864,26.0
1106864,63.0
1107008,34.0
1107072,66.0
1107120,34.0
1107200,26.0
1107216,35.0
1107264,71.0
1107328,55.0
1107328,32.0
1107344,46.0
1107424,45.0
1107504,40.0
1107600,30.0
1107600,52.0
1107632,54.0
1107648,20.0
1107664,52.0
1107680,42.0
1107792,65.0
1107952,68.0
1107968,48.0
1108000,23.0
1108032,60.0
1108080,47.0
1108144,58.0
1108192,48.0
1108224,39.0
1108240,37.0
1108288,39.0
1108336,52.0
1108416,51.0
1108480,71.0
1108528,28.0
1108544,80.0
1108544,47.0
1108640,43.0
1108688,34.0
1108752,32.0
1108800,38.0
1108848,55.0
1108896,56.0
1109040,47.0
1109088,21.0
1109088,35.0
1109104,89.0
1109136,50.0
1109136,57.0
1109200,41.0
1109232,43.0
1109248,38.0
1109264,53.0
1109440,88.0
1109520,39.0
1109552,67.0
1109584,49.0
1109664,51.0
1109712,36.0
1109776,34.0
1109808,38.0
1109888,49.0
1109936,78.0
1110000,60.0
1110000,57.0
1110000,46.0
1110080,40.0
1110096,63.0
1110128,62.0
1110144,37.0
1110240,36.0
1110320,24.0
1110352,69.0
1110448,58.0
1110512,26.0
1110528,47.0
1110560,27.0
1110592,37.0
1110640,40.0
1110672,27.0
1110720,57.0
1110752,54.0
1110768,43.0
1110768,39.0
1110880,81.0
1110896,36.0
1111008,28.0
1111024,31.0
1111072,39.0
1111104,47.0
1111136,89.0
1111312,82.0
1111344,47.0
1111376,38.0
1111376,54.0
1111536,56.0
1111552,26.0
1111584,57.0
1111584,54.0
1111616,46.0
1111616,37.0
1111664,57.0
1111696,50.0
1111712,25.0
1111728,41.0
1111872,31.0
1111904,56.0
1111920,51.0
1112096,30.0
1112096,47.0
1112112,33.0
1112112,26.0
1112160,36.0
1112176,88.0
1112208,31.0
1112240,54.0
1112320,48.0
1112496,60.0
1112560,52.0
1112688,37.0
1112704,38.0
1112704,37.0
1112736,39.0
1112752,36.0
1112784,57.0
1112784,73.0
1112880,40.0
1112944,49.0
1113104,75.0
1113120,75.0
1113216,97.0
1113216,41.0
1113264,66.0
1113280,36.0
1113296,38.0
1113376,55.0
1113472,43.0
1113504,45.0
1113552,21.0
1113568,52.0
1113616,20.0
1113648,24.0
1113696,86.0
1113808,54.0
1113856,47.0
1113872,37.0
1113936,74.0
1113936,51.0
1113952,67.0
1114048,52.0
1114112,40.0
1114192,93.0
1114288,37.0
1114288,42.0
1114320,51.0
1114416,30.0
1114464,51.0
1114496,59.0
1114512,59.0
1114560,74.0
1114656,49.0
1114688,25.0
1114704,48.0
1114768,41.0
1114768,60.0
1114960,40.0
1115056,54.0
1115072,64.0
1115088,36.0
1115120,52.0
1115168,47.0
1115184,39.0
1115200,84.0
1115216,28.0
1115280,49.0
1115328,54.0
1115392,44.0
1115520,25.0
1115536,52.0
1115536,55.0
1115616,104.0
1115808,38.0
1115872,57.0
1115920,54.0
1115936,25.0
1115968,55.0
1115968,40.0
1115984,44.0
1115984,51.0
1116032,51.0
1116112,65.0
1116144,60.0
1116144,39.0
1116320,22.0
1116320,44.0
1116336,50.0
1116400,63.0
1116480,31.0
1116528,45.0
1116544,111.0
1116592,35.0
1116608,40.0
1116736,51.0
1116768,27.0
1116816,52.0
1116816,26.0
1116880,35.0
1116880,59.0
1116944,50.0
1116992,55.0
1116992,70.0
1117088,48.0
1117184,36.0
1117232,44.0
1117280,25.0
1117280,21.0
1117344,36.0
1117376,77.0
1117408,37.0
1117600,63.0
1117680,75.0
1117712,39.0
1117712,73.0
1117744,29.0
1117776,34.0
1117824,59.0
1117936,59.0
1117936,35.0
1117984,50.0
1118128,82.0
1118144,46.0
1118272,37.0
1118272,35.0
1118320,61.0
1118336,66.0
1118368,86.0
1118400,104.0
1118416,42.0
1118480,55.0
1118544,45.0
1118656,55.0
1118736,29.0
1118736,64.0
1118784,29.0
1118800,54.0
1118896,47.0
1118912,61.0
1118928,37.0
1118928,35.0
1118976,53.0
1119024,65.0
1119088,22.0
1119088,38.0
1119120,36.0
1119168,27.0
1119248,53.0
1119248,61.0
1119296,23.0
1119392,37.0
1119456,35.0
1119536,23.0
1119536,35.0
1119552,56.0
1119568,41.0
1119584,35.0
1119632,34.0
1119648,77.0
1119728,38.0
1119872,20.0
1119952,26.0
1119968,21.0
1120000,38.0
1120096,53.0
1120208,60.0
1120224,81.0
1120304,95.0
1120384,41.0
1120416,60.0
1120448,72.0
1120448,85.0
1120480,52.0
1120480,38.0
1120528,59.0
1120544,36.0
1120592,40.0
1120672,36.0
1120736,73.0
1120864,40.0
1120880,27.0
1120976,24.0
1121008,29.0
1121040,46.0
1121056,66.0
1121104,56.0
1121120,44.0
1121200,42.0
1121216,105.0
1121216,48.0
1121440,66.0
1121440,60.0
1121456,49.0
1121504,48.0
1121552,34.0
1121632,41.0
1121680,40.0
1121744,54.0
1121824,60.0
1121840,39.0
1121856,41.0
1121904,50.0
1121984,22.0
1122176,22.0
1122176,66.0
1122240,46.0
1122256,75.0
1122272,26.0
1122400,60.0
1122400,35.0
1122448,44.0
1122464,57.0
1122512,127.0
1122544,40.0
1122576,37.0
1122672,76.0
1122704,64.0
1122736,14.0
1122752,36.0
1122800,85.0
1122832,37.0
1122880,27.0
1123024,39.0
1123024,39.0
1123024,22.0
1123040,114.0
1123104,33.0
1123184,57.0
1123200,41.0
1123344,55.0
1123408,42.0
1123488,41.0
1123488,24.0
1123488,46.0
1123504,30.0
1123584,88.0
1123600,45.0
1123600,36.0
1123664,54.0
1123776,46.0
1123792,96.0
1123792,38.0
1123856,72.0
1123888,24.0
1123968,35.0
1124048,44.0
1124096,38.0
1124144,41.0
1124192,37.0
1124192,73.0
1124208,63.0
1124288,39.0
1124400,50.0
1124432,41.0
1124432,53.0
1124464,23.0
1124480,43.0
1124528,42.0
1124576,23.0
1124592,69.0
1124624,30.0
1124624,41.0
1124704,32.0
1124800,57.0
1124816,64.0
1124960,24.0
1124976,43.0
1125056,29.0
1125088,56.0
1125152,45.0
1125152,45.0
1125264,40.0
1125280,51.0
1125280,55.0
1125328,44.0
1125360,41.0
1125376,83.0
1125408,58.0
1125520,62.0
1125536,16.0
1125728,36.0
1125760,60.0
1125792,32.0
1125824,35.0
1125840,29.0
1125888,50.0
1125920,69.0
1126016,41.0
1126032,55.0
1126032,66.0
1126096,36.0
1126176,28.0
1126240,25.0
1126352,64.0
1126464,94.0
1126560,50.0
1126592,74.0
1126656,48.0
1126672,47.0
1126768,61.0
1126784,78.0
1126800,44.0
1126832,50.0
1126928,36.0
1126944,48.0
1126960,25.0
1126960,59.0
1127024,49.0
1127104,67.0
1127104,128.0
1127120,81.0
1127152,43.0
1127216,34.0
1127312,24.0
1127312,45.0
1127376,37.0
1127504,46.0
1127536,36.0
1127568,39.0
1127584,47.0
1127616,41.0
1127696,65.0
1127712,25.0
1127776,42.0
1127920,50.0
1127936,52.0
1127968,37.0
1128048,34.0
1128048,78.0
1128144,52.0
1128192,39.0
1128368,42.0
1128416,87.0
1128432,80.0
1128480,27.0
1128496,57.0
1128496,55.0
1128608,52.0
1128624,44.0
1128672,30.0
1128672,71.0
1128720,94.0
1128720,49.0
1128800,24.0
1128848,55.0
1128864,51.0
1128864,24.0
1128944,28.0
1129040,42.0
1129040,56.0
1129056,39.0
1129056,84.0
1129136,33.0
1129184,29.0
1129280,41.0
1129296,27.0
1129312,40.0
1129312,37.0
1129536,46.0
1129632,48.0
1129632,31.0
1129664,62.0
1129696,24.0
1129792,32.0
1129856,57.0
1129872,52.0
1129888,44.0
1130000,44.0
1130000,60.0
1130048,97.0
1130080,64.0
1130096,29.0
1130096,65.0
1130144,32.0
1130192,41.0
1130240,87.0
1130272,38.0
1130304,62.0
1130304,32.0
1130432,35.0
1130544,41.0
1130592,31.0
1130640,28.0
1130640,34.0
1130656,36.0
1130672,42.0
1130784,68.0
1130880,64.0
1130896,56.0
1130896,53.0
1130976,52.0
1130992,47.0
1131120,51.0
1131136,29.0
1131200,38.0
1131200,35.0
1131200,41.0
1131280,63.0
1131360,30.0
1131376,67.0
1131424,33.0
1131584,58.0
1131584,37.0
1131600,51.0
1131600,39.0
1131680,30.0
1131696,31.0
1131904,49.0
1131904,92.0
1131920,34.0
1131968,24.0
1131984,49.0
1132096,51.0
1132144,49.0
1132160,36.0
1132160,35.0
1132208,38.0
1132336,90.0
1132336,57.0
1132400,45.0
1132400,30.0
1132432,112.0
1132448,34.0
1132592,38.0
1132656,35.0
1132672,96.0
1132784,51.0
1132800,29.0
1132848,44.0
1132928,77.0
1132944,49.0
1132960,66.0
1133056,41.0
1133056,41.0
1133072,25.0
1133088,47.0
1133264,69.0
1133392,59.0
1133408,47.0
1133408,39.0
1133440,37.0
1133488,56.0
1133504,28.0
1133680,78.0
1133696,38.0
1133776,53.0
1133824,27.0
1133904,69.0
1133936,27.0
1133952,34.0
1134000,112.0
1134096,64.0
1134192,49.0
1134272,83.0
1134336,40.0
1134400,25.0
1134432,41.0
1134464,88.0
1134480,24.0
1134480,62.0
1134496,66.0
1134544,45.0
1134624,42.0
1134736,34.0
1134768,54.0
1134800,70.0
1134944,32.0
1134960,43.0
1135008,29.0
1135040,26.0
1135072,38.0
1135088,38.0
1135120,22.0
1135136,136.0
1135216,45.0
1135216,80.0
1135216,55.0
1135280,50.0
1135280,34.0
1135312,128.0
1135360,35.0
1135520,70.0
1135632,37.0
1135664,41.0
1135712,37.0
1135824,32.0
1135840,39.0
1135840,44.0
1135952,42.0
1135952,62.0
1135984,48.0
1136080,54.0
1136112,25.0
1136208,58.0
1136288,41.0
1136336,51.0
1136352,43.0
1136416,66.0
1136432,38.0
1136448,85.0
1136480,23.0
1136544,92.0
1136592,40.0
1136608,104.0
1136656,42.0
1136688,53.0
1136688,46.0
1136704,31.0
1136736,56.0
1136864,26.0
1136928,40.0
1136992,41.0
1136992,24.0
1137040,39.0
1137088,25.0
1137104,39.0
1137104,25.0
1137200,53.0
1137216,35.0
1137296,38.0
1137392,60.0
1137424,27.0
1137488,24.0
1137520,61.0
1137536,38.0
1137568,61.0
1137568,52.0
1137600,95.0
1137616,47.0
1137664,35.0
1137728,43.0
1137744,22.0
1137744,47.0
1137760,42.0
1137840,40.0
1137904,23.0
1138128,32.0
1138176,43.0
1138224,39.0
1138256,60.0
1138304,55.0
1138320,69.0
1138320,47.0
1138352,38.0
1138384,54.0
1138400,41.0
1138416,53.0
1138448,45.0
1138656,25.0
1138688,24.0
1138720,60.0
1138784,38.0
1138832,58.0
1138864,75.0
1138928,44.0
1138976,20.0
1138976,71.0
1139008,43.0
1139072,59.0
1139232,55.0
1139312,54.0
1139328,59.0
1139328,34.0
1139376,60.0
1139376,43.0
1139472,47.0
1139552,45.0
1139552,77.0
1139584,38.0
1139600,42.0
1139664,79.0
1139696,29.0
1139728,25.0
1139728,47.0
1139872,35.0
1139984,61.0
1140048,36.0
1140144,34.0
1140144,80.0
1140224,53.0
1140304,38.0
1140336,22.0
1140384,41.0
1140464,71.0
1140464,50.0
1140512,90.0
1140512,71.0
1140528,59.0
1140576,22.0
1140592,34.0
1140704,61.0
1140720,53.0
1140720,73.0
1140768,39.0
1140784,77.0
1140928,49.0
1141024,35.0
1141040,41.0
1141104,40.0
1141120,51.0
1141168,25.0
1141200,38.0
1141280,35.0
1141296,49.0
1141312,37.0
1141328,51.0
1141344,48.0
1141456,47.0
1141472,59.0
1141472,43.0
1141472,71.0
1141552,39.0
1141616,28.0
1141648,33.0
1141760,45.0
1141840,40.0
1141904,36.0
1141904,28.0
1141936,39.0
1141952,58.0
1141952,41.0
1141952,30.0
1141984,27.0
1142048,36.0
1142064,26.0
1142144,42.0
1142176,52.0
1142288,28.0
1142320,26.0
1142336,66.0
1142432,83.0
1142448,31.0
1142544,38.0
1142544,49.0
1142544,58.0
1142576,39.0
1142608,41.0
1142624,40.0
1142816,40.0
1142816,33.0
1142880,61.0
1142992,35.0
1143040,62.0
1143120,32.0
1143136,37.0
1143152,36.0
1143184,40.0
1143184,65.0
1143232,43.0
1143248,27.0
1143264,58.0
1143280,41.0
1143296,53.0
1143392,83.0
1143392,67.0
1143408,17.0
1143440,39.0
1143680,33.0
1143824,24.0
1143840,41.0
1143856,51.0
1143872,38.0
1143888,38.0
1143920,43.0
1143936,40.0
1143968,36.0
1144016,64.0
1144016,48.0
1144256,23.0
1144256,54.0
1144288,69.0
1144304,23.0
1144448,36.0
1144448,98.0
1144560,90.0
1144576,47.0
1144608,37.0
1144624,41.0
1144624,23.0
1144656,40.0
1144688,48.0
1144816,23.0
1144832,89.0
1144896,76.0
1144928,42.0
1145024,28.0
1145088,30.0
1145216,85.0
1145248,60.0
1145264,60.0
1145344,45.0
1145376,96.0
1145504,55.0
1145504,36.0
1145568,57.0
1145584,71.0
1145632,34.0
1145632,67.0
1145664,48.0
1145776,47.0
1145808,62.0
1145824,28.0
1145952,38.0
1146080,78.0
1146080,52.0
1146128,54.0
1146128,34.0
1146144,32.0
1146160,41.0
1146176,34.0
1146224,63.0
1146240,46.0
1146256,27.0
1146320,47.0
1146464,43.0
1146528,25.0
1146576,25.0
1146608,18.0
1146608,28.0
1146624,51.0
1146688,46.0
1146720,40.0
1146752,38.0
1146864,38.0
1146928,50.0
1146992,24.0
1146992,24.0
1147024,85.0
1147056,27.0
1147104,151.0
1147120,56.0
1147152,36.0
1147184,45.0
1147216,71.0
1147248,45.0
1147280,65.0
1147360,42.0
1147424,27.0
1147568,36.0
1147600,42.0
1147680,60.0
1147728,38.0
1147728,39.0
1147760,38.0
1147808,39.0
1147872,63.0
1147936,41.0
1147952,44.0
1147968,59.0
1148016,60.0
1148128,57.0
1148160,46.0
1148224,39.0
1148256,24.0
1148288,96.0
1148304,59.0
1148320,37.0
1148480,34.0
1148512,44.0
1148544,24.0
1148608,55.0
1148624,41.0
1148704,71.0
1148720,65.0
1148752,31.0
1148768,51.0
1148880,41.0
1148912,37.0
1148944,58.0
1148944,21.0
1149072,48.0
1149120,62.0
1149168,25.0
1149232,47.0
1149248,46.0
1149296,47.0
1149408,70.0
1149456,106.0
1149456,34.0
1149520,48.0
1149632,57.0
1149664,45.0
1149776,44.0
1149952,45.0
1149952,67.0
1150016,45.0
1150064,70.0
1150064,85.0
1150080,60.0
1150080,42.0
1150192,46.0
1150208,47.0
1150224,100.0
1150256,63.0
1150304,22.0
1150352,21.0
1150464,24.0
1150512,35.0
1150528,54.0
1150592,32.0
1150608,68.0
1150608,90.0
1150704,40.0
1150736,34.0
1150752,61.0
1150800,37.0
1150848,49.0
1150848,39.0
1150864,32.0
1150928,42.0
1150976,23.0
1150976,24.0
1151024,26.0
1151024,87.0
1151088,39.0
1151248,59.0
1151472,45.0
1151488,47.0
1151552,47.0
1151616,69.0
1151648,50.0
1151696,52.0
1151712,43.0
1151728,40.0
1151808,49.0
1151824,81.0
1151888,65.0
1151904,41.0
1151920,59.0
1151952,25.0
1152032,66.0
1152032,83.0
1152096,38.0
1152208,46.0
1152208,37.0
1152256,22.0
1152320,39.0
1152352,34.0
1152384,41.0
1152432,38.0
1152496,34.0
1152496,38.0
1152544,39.0
1152592,59.0
1152608,36.0
1152624,23.0
1152688,37.0
1152800,37.0
1152912,55.0
1152960,38.0
1152992,38.0
1153024,131.0
1153056,32.0
1153152,34.0
1153360,103.0
1153376,73.0
1153392,44.0
1153408,61.0
1153424,39.0
1153488,31.0
1153664,84.0
1153728,71.0
1153776,80.0
1153904,34.0
1153920,56.0
1153920,48.0
1153936,82.0
1153952,65.0
1154144,45.0
1154192,50.0
1154192,51.0
1154208,72.0
1154208,78.0
1154256,48.0
1154256,21.0
1154272,23.0
1154288,35.0
1154320,34.0
1154384,61.0
1154432,48.0
1154512,37.0
1154528,127.0
1154624,23.0
1154624,26.0
1154704,31.0
1154784,52.0
1154848,21.0
1154880,59.0
1154912,40.0
1154928,46.0
1155008,54.0
1155008,47.0
1155072,34.0
1155152,54.0
1155168,46.0
1155184,62.0
1155248,34.0
1155280,41.0
1155296,26.0
1155392,63.0
1155440,27.0
1155504,74.0
1155520,56.0
1155536,24.0
1155584,50.0
1155600,27.0
1155744,56.0
1155744,51.0
1155792,31.0
1155824,27.0
1155904,62.0
1155952,44.0
1156016,31.0
1156016,52.0
1156176,36.0
1156176,40.0
1156176,56.0
1156208,39.0
1156224,49.0
1156272,75.0
1156352,84.0
1156432,33.0
1156448,39.0
1156480,43.0
1156496,62.0
1156512,35.0
1156544,23.0
1156608,37.0
1156640,39.0
1156736,35.0
1156752,63.0
1156832,68.0
1156832,30.0
1157008,29.0
1157024,32.0
1157040,27.0
1157040,51.0
1157072,50.0
1157104,58.0
1157104,42.0
1157104,56.0
1157152,32.0
1157200,45.0
1157216,29.0
1157248,47.0
1157280,28.0
1157440,21.0
1157440,62.0
1157488,29.0
1157520,49.0
1157552,25.0
1157616,25.0
1157648,34.0
1157664,39.0
1157712,40.0
1157744,46.0
1157776,42.0
1157776,36.0
1157888,38.0
1157952,44.0
1157984,29.0
1157984,27.0
1158000,35.0
1158144,41.0
1158144,23.0
1158176,33.0
1158352,43.0
1158448,29.0
1158512,67.0
1158528,57.0
1158528,36.0
1158544,52.0
1158608,38.0
1158656,101.0
1158768,62.0
1158784,40.0
1158800,57.0
1158880,27.0
1158880,23.0
1159008,52.0
1159056,139.0
1159072,83.0
1159120,37.0
1159120,37.0
1159136,49.0
1159232,28.0
1159248,40.0
1159280,81.0
1159344,34.0
1159376,45.0
1159408,33.0
1159488,45.0
1159568,27.0
1159616,92.0
1159632,68.0
1159648,26.0
1159648,23.0
1159696,51.0
1159776,41.0
1159808,46.0
1159888,40.0
1159952,34.0
1159984,13.0
1160000,59.0
1160032,34.0
1160064,43.0
1160160,29.0
1160240,77.0
1160288,40.0
1160320,42.0
1160352,45.0
1160512,59.0
1160544,89.0
1160624,40.0
1160640,64.0
1160656,37.0
1160656,26.0
1160656,39.0
1160848,33.0
1160896,63.0
1160896,46.0
1160976,39.0
1160976,102.0
1160992,65.0
1161024,23.0
1161072,49.0
1161120,38.0
1161264,45.0
1161344,28.0
1161376,47.0
1161408,88.0
1161408,47.0
1161504,24.0
1161504,32.0
1161648,50.0
1161680,49.0
1161696,45.0
1161712,43.0
1161728,68.0
1161744,30.0
1161792,71.0
1161824,47.0
1161904,58.0
1161936,37.0
1162016,38.0
1162032,39.0
1162032,41.0
1162128,39.0
1162144,40.0
1162208,35.0
1162256,36.0
1162304,38.0
1162320,33.0
1162320,157.0
1162352,39.0
1162368,39.0
1162384,35.0
1162496,29.0
1162512,50.0
1162576,23.0
1162624,30.0
1162688,24.0
1162704,24.0
1162720,51.0
1162752,45.0
1162832,21.0
1162832,51.0
1162864,38.0
1162944,39.0
1162960,37.0
1162992,26.0
1163040,57.0
1163040,41.0
1163056,44.0
1163360,46.0
1163376,43.0
1163408,34.0
1163408,44.0
1163408,28.0
1163440,38.0
1163520,48.0
1163568,53.0
1163584,47.0
1163616,105.0
1163680,40.0
1163712,75.0
1163728,42.0
1163808,48.0
1163984,38.0
1164000,37.0
1164016,38.0
1164032,68.0
1164048,23.0
1164064,39.0
1164240,32.0
1164256,46.0
1164336,45.0
1164336,39.0
1164368,60.0
1164384,50.0
1164416,27.0
1164416,53.0
1164432,25.0
1164576,48.0
1164736,19.0
1164736,25.0
1164752,44.0
1164800,46.0
1164864,39.0
1164976,60.0
1164976,38.0
1165024,48.0
1165024,38.0
1165024,43.0
1165040,41.0
1165040,105.0
1165120,34.0
1165200,49.0
1165312,145.0
1165344,38.0
1165488,28.0
1165504,48.0
1165504,44.0
1165536,32.0
1165552,36.0
1165552,97.0
1165616,31.0
1165632,27.0
1165648,42.0
1165872,52.0
1165968,59.0
1166000,78.0
1166064,36.0
1166080,76.0
1166096,29.0
1166128,51.0
1166160,41.0
1166160,39.0
1166192,53.0
1166208,41.0
1166224,75.0
1166288,49.0
1166368,51.0
1166400,33.0
1166544,58.0
1166608,60.0
1166624,39.0
1166736,48.0
1166816,45.0
1166816,46.0
1166848,30.0
1166864,40.0
1166976,51.0
1166992,54.0
1167056,54.0
1167104,23.0
1167200,62.0
1167264,40.0
1167264,41.0
1167312,64.0
1167424,85.0
1167440,39.0
1167456,37.0
1167456,29.0
1167488,24.0
1167504,69.0
1167520,61.0
1167536,86.0
1167584,48.0
1167632,49.0
1167712,25.0
1167712,46.0
1167856,50.0
1167872,28.0
1167904,26.0
1167904,40.0
1167936,42.0
1167952,23.0
1168032,32.0
1168032,37.0
1168096,56.0
1168096,40.0
1168160,39.0
1168176,42.0
1168272,25.0
1168384,42.0
1168400,43.0
1168448,34.0
1168464,27.0
1168496,65.0
1168496,37.0
1168512,41.0
1168624,62.0
1168768,42.0
1168832,28.0
1168896,50.0
1168976,44.0
1169024,35.0
1169056,38.0
1169056,70.0
1169088,37.0
1169104,37.0
1169152,75.0
1169184,43.0
1169184,35.0
1169200,65.0
1169280,55.0
1169328,81.0
1169600,36.0
1169600,26.0
1169664,48.0
1169680,44.0
1169744,43.0
1169760,99.0
1169776,59.0
1169792,37.0
1169840,49.0
1169920,40.0
1169968,54.0
1170080,26.0
1170128,59.0
1170192,69.0
1170192,37.0
1170208,55.0
1170224,91.0
1170368,33.0
1170384,40.0
1170464,42.0
1170496,56.0
1170528,25.0
1170528,35.0
1170560,23.0
1170576,89.0
1170624,25.0
1170624,59.0
1170672,47.0
1170704,58.0
1170720,32.0
1170720,60.0
1170896,44.0
1170960,27.0
1171008,39.0
1171008,40.0
1171024,33.0
1171056,21.0
1171168,44.0
1171184,32.0
1171200,36.0
1171216,37.0
1171264,35.0
1171296,45.0
1171392,27.0
1171424,54.0
1171472,87.0
1171520,62.0
1171632,46.0
1171680,42.0
1171728,45.0
1171744,34.0
1171776,37.0
1171792,67.0
1171920,41.0
1171968,50.0
1172064,27.0
1172080,43.0
1172128,57.0
1172144,42.0
1172160,40.0
1172192,73.0
1172256,30.0
1172304,55.0
1172384,68.0
1172384,26.0
1172416,39.0
1172480,21.0
1172512,24.0
1172512,28.0
1172528,49.0
1172560,94.0
1172592,25.0
1172672,37.0
1172704,49.0
1172720,21.0
1172784,39.0
1172928,26.0
1172992,82.0
1173072,30.0
1173104,39.0
1173104,25.0
1173120,44.0
1173152,89.0
1173200,33.0
1173216,60.0
1173216,57.0
1173248,45.0
1173264,47.0
1173536,51.0
1173568,40.0
1173584,23.0
1173600,30.0
1173680,70.0
1173680,56.0
1173728,30.0
1173760,86.0
1173824,42.0
1173888,49.0
1173968,48.0
1173984,57.0
1174000,49.0
1174048,23.0
1174160,56.0
1174176,36.0
1174192,27.0
1174272,43.0
1174288,47.0
1174304,36.0
1174320,83.0
1174400,81.0
1174416,37.0
1174464,36.0
1174480,57.0
1174496,51.0
1174544,31.0
1174544,34.0
1174576,37.0
1174784,39.0
1174800,31.0
1174816,40.0
1174928,32.0
1174944,42.0
1175088,50.0
1175104,44.0
1175120,50.0
1175184,38.0
1175264,49.0
1175280,31.0
1175296,47.0
1175328,32.0
1175520,36.0
1175616,51.0
1175632,104.0
1175680,37.0
1175728,50.0
1175760,27.0
1175824,34.0
1175824,45.0
1175840,41.0
1175856,37.0
1175968,89.0
1176000,96.0
1176160,54.0
1176224,37.0
1176272,41.0
1176304,39.0
1176384,54.0
1176384,137.0
1176432,42.0
1176480,30.0
1176480,41.0
1176512,22.0
1176560,52.0
1176624,50.0
1176640,95.0
1176688,53.0
1176688,45.0
1176688,52.0
1176832,22.0
1176880,149.0
1176880,31.0
1176928,34.0
1176944,24.0
1177056,47.0
1177072,35.0
1177088,38.0
1177088,41.0
1177184,34.0
1177184,57.0
1177216,18.0
1177232,34.0
1177280,41.0
1177280,25.0
1177312,39.0
1177536,82.0
1177568,43.0
1177728,41.0
1177792,69.0
1177792,36.0
1177808,36.0
1177840,47.0
1177872,35.0
1177952,48.0
1178000,66.0
1178064,49.0
1178128,67.0
1178144,36.0
1178224,87.0
1178240,27.0
1178256,24.0
1178304,70.0
1178352,51.0
1178448,85.0
1178496,34.0
1178592,47.0
1178592,37.0
1178608,55.0
1178624,52.0
1178624,52.0
1178624,84.0
1178656,22.0
1178720,29.0
1178736,42.0
1178816,37.0
1178848,25.0
1178912,20.0
1178944,51.0
1179056,44.0
1179088,37.0
1179280,39.0
1179344,38.0
1179360,40.0
1179376,77.0
1179392,72.0
1179440,51.0
1179456,40.0
1179472,53.0
1179488,36.0
1179552,58.0
1179664,51.0
1179696,68.0
1179712,41.0
1179760,51.0
1179808,23.0
1179824,23.0
1179840,35.0
1179872,49.0
1179968,38.0
1180000,38.0
1180000,32.0
1180048,91.0
1180272,35.0
1180288,33.0
1180304,40.0
1180320,59.0
1180352,63.0
1180352,50.0
1180384,43.0
1180400,25.0
1180480,38.0
1180528,66.0
1180576,38.0
1180656,19.0
1180656,53.0
1180656,38.0
1180672,52.0
1180688,43.0
1180752,23.0
1180800,61.0
1180848,31.0
1180848,33.0
1180848,28.0
1180880,25.0
1181072,50.0
1181104,28.0
1181136,53.0
1181168,20.0
1181248,23.0
1181280,39.0
1181280,38.0
1181344,37.0
1181360,32.0
1181392,54.0
1181456,72.0
1181472,56.0
1181504,53.0
1181504,41.0
1181584,56.0
1181696,26.0
1181776,42.0
1181808,22.0
1181824,43.0
1181888,40.0
1182016,46.0
1182032,43.0
1182080,80.0
1182080,63.0
1182096,37.0
1182240,27.0
1182288,58.0
1182320,53.0
1182320,72.0
1182400,39.0
1182480,61.0
1182560,46.0
1182576,31.0
1182592,22.0
1182672,40.0
1182688,69.0
1182832,59.0
1182896,50.0
1182896,94.0
1183056,65.0
1183120,35.0
1183120,52.0
1183120,89.0
1183152,35.0
1183200,32.0
1183296,51.0
1183296,76.0
1183344,64.0
1183360,60.0
1183440,70.0
1183488,57.0
1183552,41.0
1183568,56.0
1183632,46.0
1183632,50.0
1183696,36.0
1183728,23.0
1183776,41.0
1183888,34.0
1184000,28.0
1184032,57.0
1184032,29.0
1184064,54.0
1184160,42.0
1184240,59.0
1184288,41.0
1184320,73.0
1184416,26.0
1184480,47.0
1184576,71.0
1184592,81.0
1184672,56.0
1184672,101.0
1184672,61.0
1184752,45.0
1184752,32.0
1184752,29.0
1184768,71.0
1184848,60.0
1185072,41.0
1185088,26.0
1185216,40.0
1185216,23.0
1185216,46.0
1185232,73.0
1185296,34.0
1185296,34.0
1185376,38.0
1185424,69.0
1185440,88.0
1185456,49.0
1185568,51.0
1185568,61.0
1185584,89.0
1185584,57.0
1185584,22.0
1185808,45.0
1185824,25.0
1185856,40.0
1185936,40.0
1185936,35.0
1185952,46.0
1185968,56.0
1185968,42.0
1185968,47.0
1186000,26.0
1186016,28.0
1186240,27.0
1186336,24.0
1186352,26.0
1186400,60.0
1186464,33.0
1186496,57.0
1186512,41.0
1186512,32.0
1186528,44.0
1186544,36.0
1186544,61.0
1186560,69.0
1186736,31.0
1186752,49.0
1186848,79.0
1186896,31.0
1186960,62.0
1186976,60.0
1187136,39.0
1187152,51.0
1187152,38.0
1187168,39.0
1187168,51.0
1187248,47.0
1187280,48.0
1187392,34.0
1187424,56.0
1187504,59.0
1187632,41.0
1187744,36.0
1187760,64.0
1187792,52.0
1187808,84.0
1187808,41.0
1187824,27.0
1187872,23.0
1187872,70.0
1187936,48.0
1188128,55.0
1188160,26.0
1188176,47.0
1188224,68.0
1188224,59.0
1188320,89.0
1188320,28.0
1188400,29.0
1188528,45.0
1188544,47.0
1188544,87.0
1188640,63.0
1188688,54.0
1188752,33.0
1188784,35.0
1188848,65.0
1188896,64.0
1188912,47.0
1189024,44.0
1189072,59.0
1189120,13.0
1189248,25.0
1189248,44.0
1189280,69.0
1189312,39.0
1189392,53.0
1189408,63.0
1189456,58.0
1189488,46.0
1189536,56.0
1189568,49.0
1189664,119.0
1189680,25.0
1189696,39.0
1189728,30.0
1189792,48.0
1189808,43.0
1189888,22.0
1189920,32.0
1189920,100.0
1189952,31.0
1190144,29.0
1190176,80.0
1190224,52.0
1190304,26.0
1190384,56.0
1190416,73.0
1190432,32.0
1190432,40.0
1190512,51.0
1190640,43.0
1190656,32.0
1190672,31.0
1190688,70.0
1190736,89.0
1190832,64.0
1190928,63.0
1191056,24.0
1191072,27.0
1191072,84.0
1191088,36.0
1191152,31.0
1191152,58.0
1191168,46.0
1191200,96.0
1191216,49.0
1191232,58.0
1191328,40.0
1191392,41.0
1191408,62.0
1191552,45.0
1191568,26.0
1191600,34.0
1191632,26.0
1191744,85.0
1191760,38.0
1191840,42.0
1191920,52.0
1191936,46.0
1191952,55.0
1191984,66.0
1192032,39.0
1192064,62.0
1192128,23.0
1192192,37.0
1192304,46.0
1192336,49.0
1192352,64.0
1192432,23.0
1192448,26.0
1192480,78.0
1192496,41.0
1192592,41.0
1192592,38.0
1192592,40.0
1192672,65.0
1192672,80.0
1192752,52.0
1192816,67.0
1192864,27.0
1192944,51.0
1192992,43.0
1193088,47.0
1193104,32.0
1193104,39.0
1193120,33.0
1193120,28.0
1193152,60.0
1193168,42.0
1193200,21.0
1193248,36.0
1193264,51.0
1193344,62.0
1193360,48.0
1193488,42.0
1193616,39.0
1193680,35.0
1193680,35.0
1193744,62.0
1193760,51.0
1193776,42.0
1193776,39.0
1193840,46.0
1193872,38.0
1193904,46.0
1194048,53.0
1194048,43.0
1194080,46.0
1194096,38.0
1194128,65.0
1194160,24.0
1194304,39.0
1194320,44.0
1194352,69.0
1194448,36.0
1194464,23.0
1194560,55.0
1194624,20.0
1194640,50.0
1194656,47.0
1194672,37.0
1194704,41.0
1194752,61.0
1195056,58.0
1195120,41.0
1195120,86.0
1195184,39.0
1195200,90.0
1195248,75.0
1195280,58.0
1195328,55.0
1195344,74.0
1195408,41.0
1195456,51.0
1195504,52.0
1195504,74.0
1195536,52.0
1195568,57.0
1195600,25.0
1195664,26.0
1195664,65.0
1195680,35.0
1195840,45.0
1195888,30.0
1196048,24.0
1196064,29.0
1196096,57.0
1196096,65.0
1196144,38.0
1196208,47.0
1196208,40.0
1196224,45.0
1196336,62.0
1196368,65.0
1196384,69.0
1196416,23.0
1196432,47.0
1196464,60.0
1196512,42.0
1196560,26.0
1196576,43.0
1196592,58.0
1196736,33.0
1196784,35.0
1196816,38.0
1196832,48.0
1196880,23.0
1196992,39.0
1196992,41.0
1197024,40.0
1197104,63.0
1197184,38.0
1197328,56.0
1197360,39.0
1197472,41.0
1197488,58.0
1197536,32.0
1197568,46.0
1197600,51.0
1197600,74.0
1197616,39.0
1197648,41.0
1197680,22.0
1197744,35.0
1197760,104.0
1197776,56.0
1197776,82.0
1197936,29.0
1197936,52.0
1198016,41.0
1198096,94.0
1198112,39.0
1198256,41.0
1198288,34.0
1198320,40.0
1198352,44.0
1198416,41.0
1198432,26.0
1198448,42.0
1198448,55.0
1198464,53.0
1198528,47.0
1198624,68.0
1198704,22.0
1198720,27.0
1198736,40.0
1198752,40.0
1198816,55.0
1198944,63.0
1198944,26.0
1199008,88.0
1199200,55.0
1199232,49.0
1199232,49.0
1199264,50.0
1199264,40.0
1199280,53.0
1199296,37.0
1199296,55.0
1199312,35.0
1199344,68.0
1199376,40.0
1199456,40.0
1199488,48.0
1199520,32.0
1199744,30.0
1199776,31.0
1199792,35.0
1199824,35.0
1199824,39.0
1199952,36.0
1200000,41.0
1200128,56.0
1200176,55.0
1200304,85.0
1200304,33.0
1200368,89.0
1200384,58.0
1200384,54.0
1200512,43.0
1200560,46.0
1200560,51.0
1200560,78.0
1200752,50.0
1200784,41.0
1200816,40.0
1200816,64.0
1200848,53.0
1200864,35.0
1200896,88.0
1200944,103.0
1201088,49.0
1201136,36.0
1201264,55.0
1201296,25.0
1201312,50.0
1201392,38.0
1201408,34.0
1201440,67.0
1201488,34.0
1201552,73.0
1201600,65.0
1201648,50.0
1201648,52.0
1201696,35.0
1201712,56.0
1201824,79.0
1201840,36.0
1201872,36.0
1201904,51.0
1201984,77.0
1202080,33.0
1202096,24.0
1202160,53.0
1202208,21.0
1202208,48.0
1202256,48.0
1202256,35.0
1202304,25.0
1202400,35.0
1202400,36.0
1202480,67.0
1202496,56.0
1202560,73.0
1202560,57.0
1202592,38.0
1202640,24.0
1202800,34.0
1202816,41.0
1202848,47.0
1202944,34.0
1202944,81.0
1202976,42.0
1202992,37.0
1202992,27.0
1203024,51.0
1203040,52.0
1203248,48.0
1203264,48.0
1203296,28.0
1203328,46.0
1203552,46.0
1203600,41.0
1203632,40.0
1203648,38.0
1203664,99.0
1203664,42.0
1203664,23.0
1203696,45.0
1203760,60.0
1203856,57.0
1203856,52.0
1203920,80.0
1203920,37.0
1204080,33.0
1204080,95.0
1204096,25.0
1204112,30.0
1204176,36.0
1204256,37.0
1204272,38.0
1204288,65.0
1204352,37.0
1204368,69.0
1204464,38.0
1204496,36.0
1204576,30.0
1204592,58.0
1204720,29.0
1204784,58.0
1204848,35.0
1204864,31.0
1204864,49.0
1204864,76.0
1204896,49.0
1204976,44.0
1205040,54.0
1205088,73.0
1205184,69.0
1205200,44.0
1205296,59.0
1205360,40.0
1205456,37.0
1205472,24.0
1205504,38.0
1205520,41.0
1205552,60.0
1205568,44.0
1205616,27.0
1205632,53.0
1205824,39.0
1205904,66.0
1205920,55.0
1205920,23.0
1205920,84.0
1205968,42.0
1206000,96.0
1206096,29.0
1206112,34.0
1206144,73.0
1206160,41.0
1206224,54.0
1206304,24.0
1206480,63.0
1206496,36.0
1206528,33.0
1206544,64.0
1206576,29.0
1206640,64.0
1206720,35.0
1206736,57.0
1206736,51.0
1206752,41.0
1206784,55.0
1206784,40.0
1206816,85.0
1206864,56.0
1207072,34.0
1207104,33.0
1207280,34.0
1207312,36.0
1207328,38.0
1207392,56.0
1207392,36.0
1207408,69.0
1207424,59.0
1207424,42.0
1207424,75.0
1207488,59.0
1207616,47.0
1207664,64.0
1207840,66.0
1207968,41.0
1208048,59.0
1208048,48.0
1208064,40.0
1208096,42.0
1208112,45.0
1208112,43.0
1208144,47.0
1208176,48.0
1208208,34.0
1208272,49.0
1208336,63.0
1208640,36.0
1208672,35.0
1208688,119.0
1208720,103.0
1208864,43.0
1208944,50.0
1208976,48.0
1209024,47.0
1209024,61.0
1209056,68.0
1209088,61.0
1209088,47.0
1209104,63.0
1209136,95.0
1209168,30.0
1209200,21.0
1209264,89.0
1209344,81.0
1209440,48.0
1209504,21.0
1209504,33.0
1209600,32.0
1209648,34.0
1209744,45.0
1209760,26.0
1209808,49.0
1209856,41.0
1209872,58.0
1209888,39.0
1210000,57.0
1210032,33.0
1210032,37.0
1210112,38.0
1210304,78.0
1210352,47.0
1210432,34.0
1210448,108.0
1210480,52.0
1210512,40.0
1210528,49.0
1210624,37.0
1210640,40.0
1210672,127.0
1210704,37.0
1210912,55.0
1210976,73.0
1211040,32.0
1211072,48.0
1211088,29.0
1211088,77.0
1211088,41.0
1211104,41.0
1211104,25.0
1211184,52.0
1211184,128.0
1211472,50.0
1211504,27.0
1211504,54.0
1211552,36.0
1211552,29.0
1211552,112.0
1211696,38.0
1211712,50.0
1211728,43.0
1211760,78.0
1211888,49.0
1212064,61.0
1212064,37.0
1212064,55.0
1212096,13.0
1212128,26.0
1212176,106.0
1212192,40.0
1212208,41.0
1212256,67.0
1212320,51.0
1212336,77.0
1212336,38.0
1212480,26.0
1212624,67.0
1212672,61.0
1212752,62.0
1212800,46.0
1212800,44.0
1212896,36.0
1212896,35.0
1212928,89.0
1212944,48.0
1212992,58.0
1213024,51.0
1213056,54.0
1213104,22.0
1213120,28.0
1213200,59.0
1213264,23.0
1213472,84.0
1213472,53.0
1213488,24.0
1213536,66.0
1213552,47.0
1213568,34.0
1213616,51.0
1213648,33.0
1213696,44.0
1213792,91.0
1213936,29.0
1213952,29.0
1214000,33.0
1214048,62.0
1214080,72.0
1214080,32.0
1214144,55.0
1214192,25.0
1214192,81.0
1214208,79.0
1214240,44.0
1214256,35.0
1214304,47.0
1214320,42.0
1214400,49.0
1214464,24.0
1214528,28.0
1214592,25.0
1214640,25.0
1214736,96.0
1214768,36.0
1214784,46.0
1214784,53.0
1214816,35.0
1214816,38.0
1214880,46.0
1214992,62.0
1214992,65.0
1215072,48.0
1215088,28.0
1215184,54.0
1215184,49.0
1215216,39.0
1215328,54.0
1215344,51.0
1215360,36.0
1215392,39.0
1215568,47.0
1215584,31.0
1215600,51.0
1215744,35.0
1215744,47.0
1215776,27.0
1215792,57.0
1215824,68.0
1215840,41.0
1215840,53.0
1215872,66.0
1215888,42.0
1215984,25.0
1216032,40.0
1216176,36.0
1216192,70.0
1216224,28.0
1216272,33.0
1216288,58.0
1216368,50.0
1216416,68.0
1216432,37.0
1216448,39.0
1216480,38.0
1216512,39.0
1216656,39.0
1216672,58.0
1216800,60.0
1216816,40.0
1216848,39.0
1216928,41.0
1216992,35.0
1217008,51.0
1217024,38.0
1217040,37.0
1217056,67.0
1217056,48.0
1217072,44.0
1217168,41.0
1217200,34.0
1217200,45.0
1217392,100.0
1217440,28.0
1217440,39.0
1217472,25.0
1217488,51.0
1217488,43.0
1217520,37.0
1217600,35.0
1217632,36.0
1217664,38.0
1217680,42.0
1217824,27.0
1217824,41.0
1217856,41.0
1218032,52.0
1218064,27.0
1218064,65.0
1218112,39.0
1218176,44.0
1218320,55.0
1218336,56.0
1218368,34.0
1218384,54.0
1218528,42.0
1218544,27.0
1218576,57.0
1218576,47.0
1218592,109.0
1218704,23.0
1218736,66.0
1218816,27.0
1218896,88.0
1218912,37.0
1218928,24.0
1218928,54.0
1218992,25.0
1219024,41.0
1219152,36.0
1219152,97.0
1219184,38.0
1219216,32.0
1219280,29.0
1219312,49.0
1219312,20.0
1219376,28.0
1219488,47.0
1219536,32.0
1219552,93.0
1219600,44.0
1219648,101.0
1219680,31.0
1219728,97.0
1219776,39.0
1219808,31.0
1219920,38.0
1219984,66.0
1220000,45.0
1220016,29.0
1220096,59.0
1220208,52.0
1220224,31.0
1220256,84.0
1220256,36.0
1220304,41.0
1220304,51.0
1220368,72.0
1220448,53.0
1220496,45.0
1220496,31.0
1220624,40.0
1220656,53.0
1220672,36.0
1220816,35.0
1220816,28.0
1220848,34.0
1220896,37.0
1220928,57.0
1220960,65.0
1221024,51.0
1221024,25.0
1221088,52.0
1221104,41.0
1221168,42.0
1221296,25.0
1221296,67.0
1221328,112.0
1221344,53.0
1221360,44.0
1221616,43.0
1221632,34.0
1221680,36.0
1221696,42.0
1221696,55.0
1221792,61.0
1221792,70.0
1221840,55.0
1221840,34.0
1221872,53.0
1221904,36.0
1221920,35.0
1221968,21.0
1222016,45.0
1222192,25.0
1222224,27.0
1222240,39.0
1222320,39.0
1222368,42.0
1222368,75.0
1222464,39.0
1222464,70.0
1222464,101.0
1222512,31.0
1222544,36.0
1222560,55.0
1222576,42.0
1222640,50.0
1222832,60.0
1222896,27.0
1222976,38.0
1222976,47.0
1223040,53.0
1223120,18.0
1223152,43.0
1223200,39.0
1223216,81.0
1223280,57.0
1223344,12.0
1223424,54.0
1223488,78.0
1223488,61.0
1223520,55.0
1223600,24.0
1223600,71.0
1223680,44.0
1223696,86.0
1223776,41.0
1223808,38.0
1223824,25.0
1223872,56.0
1223888,84.0
1223920,20.0
1224112,32.0
1224192,81.0
1224224,59.0
1224272,77.0
1224304,38.0
1224352,42.0
1224400,57.0
1224480,62.0
1224480,60.0
1224544,45.0
1224608,52.0
1224848,28.0
1224848,46.0
1224864,61.0
1224864,66.0
1224928,66.0
1224928,28.0
1224944,45.0
1224944,40.0
1224960,26.0
1224976,66.0
1225024,47.0
1225072,55.0
1225200,37.0
1225312,123.0
1225312,60.0
1225424,30.0
1225440,37.0
1225504,36.0
1225520,31.0
1225584,38.0
1225600,41.0
1225632,42.0
1225728,55.0
1225728,54.0
1225856,58.0
1225888,36.0
1225936,39.0
1225984,94.0
1226032,27.0
1226032,52.0
1226064,39.0
1226144,39.0
1226192,83.0
1226208,71.0
1226240,51.0
1226240,22.0
1226288,44.0
1226320,51.0
1226432,44.0
1226576,37.0
1226640,57.0
1226640,38.0
1226688,30.0
1226720,33.0
1226768,33.0
1226912,80.0
1226944,63.0
1226992,71.0
1226992,58.0
1227056,21.0
1227056,57.0
1227056,64.0
1227120,27.0
1227136,31.0
1227152,24.0
1227312,55.0
1227312,67.0
1227328,63.0
1227360,49.0
1227664,45.0
1227712,41.0
1227776,41.0
1227792,40.0
1227824,57.0
1227856,50.0
1227904,48.0
1227936,36.0
1227984,41.0
1228032,45.0
1228032,109.0
1228144,94.0
1228160,73.0
1228288,61.0
1228304,32.0
1228336,42.0
1228352,81.0
1228464,33.0
1228512,50.0
1228512,33.0
1228560,33.0
1228624,102.0
1228736,36.0
1228784,30.0
1228816,57.0
1228832,31.0
1228912,48.0
1228944,57.0
1228944,70.0
1228960,42.0
1229040,79.0
1229184,83.0
1229216,47.0
1229232,25.0
1229264,47.0
1229264,40.0
1229264,47.0
1229344,49.0
1229472,27.0
1229488,33.0
1229648,81.0
1229680,54.0
1229728,62.0
1229776,32.0
1229792,63.0
1229808,36.0
1229872,33.0
1229952,63.0
1229952,63.0
1229968,44.0
1230048,49.0
1230112,39.0
1230176,23.0
1230192,32.0
1230192,26.0
1230256,65.0
1230288,51.0
1230432,40.0
1230432,95.0
1230432,35.0
1230496,34.0
1230496,28.0
1230560,52.0
1230560,57.0
1230608,89.0
1230800,52.0
1230816,39.0
1230832,25.0
1230864,27.0
1230880,58.0
1230896,21.0
1230928,51.0
1230944,28.0
1230944,47.0
1231120,59.0
1231184,47.0
1231248,26.0
1231296,46.0
1231328,67.0
1231440,59.0
1231456,40.0
1231488,75.0
1231536,58.0
1231600,46.0
1231664,45.0
1231680,22.0
1231712,37.0
1231904,64.0
1231936,63.0
1231968,45.0
1232016,35.0
1232016,70.0
1232064,36.0
1232064,55.0
1232144,75.0
1232240,21.0
1232288,93.0
1232304,54.0
1232304,40.0
1232320,38.0
1232432,31.0
1232512,76.0
1232528,62.0
1232528,53.0
1232528,35.0
1232656,66.0
1232720,44.0
1232752,28.0
1232864,39.0
1232912,53.0
1232960,33.0
1232992,43.0
1233040,47.0
1233136,70.0
1233168,53.0
1233200,71.0
1233200,43.0
1233216,29.0
1233264,46.0
1233264,70.0
1233280,47.0
1233312,49.0
1233328,42.0
1233584,45.0
1233600,43.0
1233664,29.0
1233776,46.0
1233792,67.0
1233808,53.0
1233840,35.0
1233856,33.0
1233888,36.0
1233904,57.0
1233968,50.0
1234112,33.0
1234128,54.0
1234128,54.0
1234128,33.0
1234144,59.0
1234272,66.0
1234288,25.0
1234304,40.0
1234352,32.0
1234384,78.0
1234576,48.0
1234640,54.0
1234768,40.0
1234784,58.0
1234848,45.0
1234864,67.0
1234912,49.0
1234944,40.0
1234976,37.0
1235008,46.0
1235008,45.0
1235024,55.0
1235040,67.0
1235120,48.0
1235184,34.0
1235200,21.0
1235200,26.0
1235360,78.0
1235360,28.0
1235456,21.0
1235504,41.0
1235536,102.0
1235536,35.0
1235568,62.0
1235584,40.0
1235664,41.0
1235712,32.0
1235776,36.0
1235808,48.0
1236000,51.0
1236000,61.0
1236016,41.0
1236064,81.0
1236096,32.0
1236096,35.0
1236144,43.0
1236144,30.0
1236160,39.0
1236192,43.0
1236272,35.0
1236544,61.0
1236544,22.0
1236608,37.0
1236688,26.0
1236704,44.0
1236704,40.0
1236720,39.0
1236736,40.0
1236816,51.0
1236832,64.0
1236848,93.0
1236896,47.0
1236912,71.0
1236960,50.0
1236976,27.0
1237008,125.0
1237056,23.0
1237072,23.0
1237120,32.0
1237152,27.0
1237456,35.0
1237472,41.0
1237520,51.0
1237536,50.0
1237584,39.0
1237584,38.0
1237632,35.0
1237632,45.0
1237696,72.0
1237824,105.0
1237872,51.0
1237936,29.0
1238000,72.0
1238080,67.0
1238096,79.0
1238144,62.0
1238160,65.0
1238160,33.0
1238208,42.0
1238224,37.0
1238336,21.0
1238368,49.0
1238368,42.0
1238368,31.0
1238384,58.0
1238528,59.0
1238560,46.0
1238560,65.0
1238656,36.0
1238752,34.0
1238800,54.0
1238832,29.0
1238880,49.0
1238896,42.0
1238928,48.0
1238992,39.0
1238992,52.0
1239008,42.0
1239024,23.0
1239216,43.0
1239312,47.0
1239328,36.0
1239344,22.0
1239392,78.0
1239440,34.0
1239472,68.0
1239472,69.0
1239616,39.0
1239648,68.0
1239680,50.0
1239824,50.0
1239824,38.0
1239872,54.0
1239984,41.0
1240000,67.0
1240016,34.0
1240064,77.0
1240096,41.0
1240160,32.0
1240192,50.0
1240240,58.0
1240272,58.0
1240272,92.0
1240400,36.0
1240496,32.0
1240512,43.0
1240512,28.0
1240544,24.0
1240560,35.0
1240560,59.0
1240560,68.0
1240576,56.0
1240704,27.0
1240752,35.0
1240832,37.0
1240864,29.0
1240880,49.0
1240880,63.0
1240992,45.0
1241104,34.0
1241136,36.0
1241200,43.0
1241248,46.0
1241280,33.0
1241280,49.0
1241328,39.0
1241392,25.0
1241424,55.0
1241536,60.0
1241616,46.0
1241696,71.0
1241696,28.0
1241840,46.0
1241936,38.0
1241984,35.0
1242000,45.0
1242000,73.0
1242032,73.0
1242080,50.0
1242160,48.0
1242176,61.0
1242192,66.0
1242208,32.0
1242240,39.0
1242336,145.0
1242400,26.0
1242400,54.0
1242416,96.0
1242448,47.0
1242512,27.0
1242544,32.0
1242576,46.0
1242640,40.0
1242720,24.0
1242768,33.0
1242784,53.0
1242928,32.0
1242944,47.0
1242960,35.0
1243024,64.0
1243088,40.0
1243088,55.0
1243152,24.0
1243216,42.0
1243232,67.0
1243248,53.0
1243312,46.0
1243392,47.0
1243456,59.0
1243472,24.0
1243552,48.0
1243600,24.0
1243664,36.0
1243664,27.0
1243664,40.0
1243744,50.0
1243744,64.0
1243744,98.0
1243760,52.0
1243888,58.0
1243920,33.0
1243920,48.0
1244048,31.0
1244112,23.0
1244128,29.0
1244160,31.0
1244224,47.0
1244256,59.0
1244272,51.0
1244336,46.0
1244400,40.0
1244416,73.0
1244496,28.0
1244656,57.0
1244672,58.0
1244704,23.0
1244720,38.0
1244736,21.0
1244864,59.0
1244912,78.0
1244928,63.0
1244928,48.0
1244992,69.0
1245104,61.0
1245216,45.0
1245328,42.0
1245344,70.0
1245472,48.0
1245520,37.0
1245552,71.0
1245616,56.0
1245632,48.0
1245632,45.0
1245680,88.0
1245744,47.0
1245760,94.0
1245776,42.0
1245808,30.0
1245984,40.0
1245984,27.0
1246016,84.0
1246064,34.0
1246112,30.0
1246144,32.0
1246192,36.0
1246208,25.0
1246208,92.0
1246224,34.0
1246256,83.0
1246352,55.0
1246368,72.0
1246432,41.0
1246592,53.0
1246608,37.0
1246800,36.0
1246832,67.0
1246848,41.0
1246848,26.0
1246864,55.0
1246880,39.0
1246912,48.0
1246944,60.0
1246944,55.0
1247104,56.0
1247216,23.0
1247216,53.0
1247232,70.0
1247264,57.0
1247280,43.0
1247312,44.0
1247360,32.0
1247424,13.0
1247440,40.0
1247456,34.0
1247520,82.0
1247552,12.0
1247552,38.0
1247552,45.0
1247600,23.0
1247616,46.0
1247728,11.0
1247776,52.0
1247824,35.0
1247936,32.0
1247952,22.0
1247984,55.0
1248016,29.0
1248080,54.0
1248144,80.0
1248160,34.0
1248240,49.0
1248288,61.0
1248448,56.0
1248480,75.0
1248496,42.0
1248512,67.0
1248576,53.0
1248576,40.0
1248656,44.0
1248720,59.0
1248736,45.0
1248784,34.0
1248816,41.0
1248864,36.0
1248880,24.0
1248912,52.0
1248928,49.0
1249072,35.0
1249136,43.0
1249184,75.0
1249200,20.0
1249200,105.0
1249248,42.0
1249296,45.0
1249376,45.0
1249408,34.0
1249488,26.0
1249536,50.0
1249536,66.0
1249600,43.0
1249632,53.0
1249696,35.0
1249712,56.0
1249808,55.0
1249808,27.0
1249808,35.0
1249840,41.0
1249872,42.0
1250000,25.0
1250032,25.0
1250096,38.0
1250112,57.0
1250160,54.0
1250176,23.0
1250224,43.0
1250272,36.0
1250288,55.0
1250416,106.0
1250432,39.0
1250512,61.0
1250640,58.0
1250672,25.0
1250672,36.0
1250736,36.0
1250736,58.0
1250752,45.0
1250800,32.0
1250800,60.0
1250800,58.0
1250832,38.0
1251056,40.0
1251088,57.0
1251152,72.0
1251216,24.0
1251296,35.0
1251328,56.0
1251408,56.0
1251424,43.0
1251456,51.0
1251472,45.0
1251536,54.0
1251584,57.0
1251600,34.0
1251728,36.0
1251744,102.0
1251824,64.0
1251840,23.0
1251840,47.0
1251856,66.0
1251936,32.0
1251968,40.0
1252000,49.0
1252080,34.0
1252096,40.0
1252096,32.0
1252112,51.0
1252144,84.0
1252240,52.0
1252256,41.0
1252320,31.0
1252336,21.0
1252368,40.0
1252384,40.0
1252512,42.0
1252560,26.0
1252592,22.0
1252608,48.0
1252672,44.0
1252704,24.0
1252736,55.0
1252736,40.0
1252880,48.0
1252928,62.0
1253024,48.0
1253024,59.0
1253072,44.0
1253136,47.0
1253232,39.0
1253248,57.0
1253264,33.0
1253312,76.0
1253328,37.0
1253408,30.0
1253520,31.0
1253552,30.0
1253568,63.0
1253584,62.0
1253696,64.0
1253728,53.0
1253824,82.0
1253840,37.0
1254064,50.0
1254064,41.0
1254064,85.0
1254144,57.0
1254224,33.0
1254224,68.0
1254256,58.0
1254320,46.0
1254368,40.0
1254368,84.0
1254464,39.0
1254496,27.0
1254560,19.0
1254560,65.0
1254640,67.0
1254672,33.0
1254704,72.0
1254736,89.0
1254816,62.0
1254912,53.0
1254944,36.0
1254992,27.0
1255120,50.0
1255136,27.0
1255216,72.0
1255344,49.0
1255392,36.0
1255392,16.0
1255408,57.0
1255424,66.0
1255440,33.0
1255488,51.0
1255504,80.0
1255536,67.0
1255664,90.0
1255680,21.0
1255696,66.0
1255744,50.0
1255824,24.0
1255856,46.0
1255872,71.0
1255984,36.0
1256016,39.0
1256048,66.0
1256080,54.0
1256192,43.0
1256256,27.0
1256320,29.0
1256352,51.0
1256384,40.0
1256416,47.0
1256448,29.0
1256496,39.0
1256544,66.0
1256608,37.0
1256624,75.0
1256800,47.0
1256816,31.0
1256832,26.0
1256880,39.0
1256896,22.0
1256944,37.0
1256992,81.0
1256992,57.0
1256992,82.0
1257040,34.0
1257040,37.0
1257168,111.0
1257184,35.0
1257280,42.0
1257488,31.0
1257488,34.0
1257520,33.0
1257520,30.0
1257536,45.0
1257552,47.0
1257632,40.0
1257648,38.0
1257664,92.0
1257696,82.0
1257728,28.0
1257760,55.0
1257808,61.0
1257904,45.0
1257936,26.0
1258080,34.0
1258192,81.0
1258208,34.0
1258240,27.0
1258288,41.0
1258400,57.0
1258400,55.0
1258416,78.0
1258432,49.0
1258464,61.0
1258512,36.0
1258560,54.0
1258576,53.0
1258624,67.0
1258688,58.0
1258688,49.0
1258736,34.0
1258880,28.0
1258896,38.0
1258944,54.0
1258976,29.0
1258976,32.0
1259056,40.0
1259072,54.0
1259264,40.0
1259296,38.0
1259392,51.0
1259456,48.0
1259488,47.0
1259504,33.0
1259520,39.0
1259536,35.0
1259584,64.0
1259616,42.0
1259696,12.0
1259728,41.0
1259744,43.0
1259776,32.0
1259856,61.0
1259872,92.0
1259952,107.0
1260048,41.0
1260096,35.0
1260144,109.0
1260192,44.0
1260208,29.0
1260224,58.0
1260256,42.0
1260272,47.0
1260352,39.0
1260416,50.0
1260608,46.0
1260656,35.0
1260656,55.0
1260720,42.0
1260736,65.0
1260752,30.0
1260800,53.0
1260864,40.0
1260912,45.0
1260928,36.0
1260944,50.0
1261088,52.0
1261120,44.0
1261216,30.0
1261232,36.0
1261232,64.0
1261312,23.0
1261328,42.0
1261360,35.0
1261376,95.0
1261408,122.0
1261440,52.0
1261520,48.0
1261648,58.0
1261696,48.0
1261760,33.0
1261808,59.0
1261840,47.0
1261888,48.0
1261888,61.0
1262000,40.0
1262112,49.0
1262144,57.0
1262144,39.0
1262208,56.0
1262208,48.0
1262256,65.0
1262320,59.0
1262368,42.0
1262480,21.0
1262640,27.0
1262640,77.0
1262672,29.0
1262688,50.0
1262704,56.0
1262752,27.0
1262896,49.0
1262928,68.0
1262928,42.0
1262944,36.0
1263040,56.0
1263056,88.0
1263056,73.0
1263088,25.0
1263088,68.0
1263200,90.0
1263264,37.0
1263376,28.0
1263440,60.0
1263488,49.0
1263504,54.0
1263568,33.0
1263584,43.0
1263584,52.0
1263696,31.0
1263728,50.0
1263760,24.0
1263776,45.0
1263792,53.0
1263808,47.0
1263872,77.0
1264080,36.0
1264128,34.0
1264144,41.0
1264160,37.0
1264176,23.0
1264224,29.0
1264272,31.0
1264352,79.0
1264384,70.0
1264384,59.0
1264560,43.0
1264608,95.0
1264608,64.0
1264720,40.0
1264736,59.0
1264768,39.0
1264784,66.0
1264832,41.0
1264864,32.0
1264912,33.0
1264912,40.0
1265008,55.0
1265056,28.0
1265136,57.0
1265152,91.0
1265264,44.0
1265328,26.0
1265344,30.0
1265376,41.0
1265408,31.0
1265456,53.0
1265520,29.0
1265568,50.0
1265568,52.0
1265648,93.0
1265664,52.0
1265680,56.0
1265680,33.0
1265680,81.0
1265744,46.0
1265744,30.0
1265808,25.0
1266096,22.0
1266112,41.0
1266128,50.0
1266128,35.0
1266144,48.0
1266176,41.0
1266192,39.0
1266224,36.0
1266304,39.0
1266448,48.0
1266448,20.0
1266464,70.0
1266560,55.0
1266624,25.0
1266640,61.0
1266640,34.0
1266656,95.0
1266672,31.0
1266752,40.0
1266768,40.0
1266800,41.0
1266896,27.0
1266912,73.0
1266960,48.0
1266992,74.0
1267040,37.0
1267056,38.0
1267168,25.0
1267200,28.0
1267216,26.0
1267264,39.0
1267296,24.0
1267408,46.0
1267440,49.0
1267440,71.0
1267504,21.0
1267504,55.0
1267536,36.0
1267568,63.0
1267600,24.0
1267728,68.0
1267728,52.0
1267744,21.0
1267744,47.0
1267760,45.0
1267840,25.0
1267840,19.0
1267952,28.0
1268016,45.0
1268064,31.0
1268064,54.0
1268096,52.0
1268112,24.0
1268144,40.0
1268160,45.0
1268240,74.0
1268272,33.0
1268304,44.0
1268320,35.0
1268320,30.0
1268400,19.0
1268464,45.0
1268544,44.0
1268624,35.0
1268656,40.0
1268704,61.0
1268832,45.0
1268880,58.0
1268928,49.0
1268944,39.0
1268992,47.0
1269024,60.0
1269056,47.0
1269200,58.0
1269200,46.0
1269280,36.0
1269296,40.0
1269376,27.0
1269376,76.0
1269440,38.0
1269456,57.0
1269504,39.0
1269536,76.0
1269584,74.0
1269648,64.0
1269712,27.0
1269744,47.0
1269760,35.0
1269968,65.0
1269984,38.0
1270016,62.0
1270032,28.0
1270048,53.0
1270096,28.0
1270112,51.0
1270128,39.0
1270144,43.0
1270144,48.0
1270288,34.0
1270336,56.0
1270336,80.0
1270336,36.0
1270384,42.0
1270432,56.0
1270480,32.0
1270576,35.0
1270688,44.0
1270752,41.0
1270784,40.0
1270880,53.0
1270912,36.0
1270912,36.0
1270912,49.0
1270928,40.0
1270944,52.0
1270960,36.0
1271088,59.0
1271088,25.0
1271104,39.0
1271136,35.0
1271344,37.0
1271376,83.0
1271456,70.0
1271456,34.0
1271488,38.0
1271520,68.0
1271536,47.0
1271568,40.0
1271664,47.0
1271792,43.0
1271824,55.0
1271856,25.0
1271856,56.0
1271888,50.0
1271888,50.0
1271920,34.0
1271984,40.0
1272032,70.0
1272112,28.0
1272112,39.0
1272160,40.0
1272224,48.0
1272240,44.0
1272272,71.0
1272320,47.0
1272416,33.0
1272448,39.0
1272464,38.0
1272496,36.0
1272496,32.0
1272544,41.0
1272656,24.0
1272688,36.0
1272736,55.0
1272832,42.0
1272896,25.0
1272960,40.0
1272976,54.0
1273056,25.0
1273104,54.0
1273168,44.0
1273184,28.0
1273232,49.0
1273248,52.0
1273344,70.0
1273376,55.0
1273456,57.0
1273456,39.0
1273504,107.0
1273584,39.0
1273600,98.0
1273600,57.0
1273744,40.0
1273744,48.0
1273792,46.0
1273808,57.0
1273824,37.0
1273872,33.0
1273888,24.0
1273920,29.0
1273952,48.0
1273968,45.0
1274080,57.0
1274192,38.0
1274208,38.0
1274288,31.0
1274304,53.0
1274352,47.0
1274352,61.0
1274384,40.0
1274432,39.0
1274544,39.0
1274576,44.0
1274656,52.0
1274688,46.0
1274704,25.0
1274736,48.0
1274784,56.0
1274896,32.0
1274912,39.0
1274976,48.0
1275040,29.0
1275072,45.0
1275088,84.0
1275104,35.0
1275184,30.0
1275200,32.0
1275232,21.0
1275280,68.0
1275296,59.0
1275344,43.0
1275440,63.0
1275472,43.0
1275552,92.0
1275632,56.0
1275664,39.0
1275728,39.0
1275776,27.0
1275824,40.0
1275824,34.0
1275888,50.0
1275936,46.0
1275952,65.0
1275968,33.0
1275984,63.0
1276048,61.0
1276064,27.0
1276080,49.0
1276096,39.0
1276320,37.0
1276352,50.0
1276352,70.0
1276400,22.0
1276464,43.0
1276560,31.0
1276576,43.0
1276656,35.0
1276720,56.0
1276800,54.0
1276832,54.0
1276848,54.0
1276880,66.0
1276880,76.0
1276912,35.0
1276912,60.0
1276928,38.0
1277120,65.0
1277136,35.0
1277200,50.0
1277328,38.0
1277376,31.0
1277440,33.0
1277504,42.0
1277520,73.0
1277632,47.0
1277664,54.0
1277728,67.0
1277744,38.0
1277776,53.0
1277776,25.0
1277792,37.0
1277824,79.0
1277856,63.0
1278032,57.0
1278096,41.0
1278128,39.0
1278176,107.0
1278272,59.0
1278320,41.0
1278368,34.0
1278368,53.0
1278384,92.0
1278432,41.0
1278496,47.0
1278512,46.0
1278528,56.0
1278624,37.0
1278720,22.0
1278736,38.0
1278752,41.0
1278848,42.0
1278896,69.0
1278912,40.0
1279120,25.0
1279232,45.0
1279248,47.0
1279280,97.0
1279360,62.0
1279360,65.0
1279392,60.0
1279408,31.0
1279408,64.0
1279424,43.0
1279504,61.0
1279520,48.0
1279536,57.0
1279648,112.0
1279664,48.0
1279888,48.0
1279888,38.0
1279904,41.0
1280000,40.0
1280016,30.0
1280064,42.0
1280064,25.0
1280064,41.0
1280096,37.0
1280128,45.0
1280128,44.0
1280176,83.0
1280176,41.0
1280512,38.0
1280576,43.0
1280592,85.0
1280640,80.0
1280704,51.0
1280736,38.0
1280800,44.0
1280816,40.0
1280816,73.0
1280832,51.0
1280848,49.0
1280928,58.0
1280976,53.0
1281104,37.0
1281104,65.0
1281152,36.0
1281248,74.0
1281280,40.0
1281280,28.0
1281520,44.0
1281552,44.0
1281648,53.0
1281680,94.0
1281680,25.0
1281728,30.0
1281824,45.0
1281856,70.0
1281952,53.0
1281968,26.0
1282000,81.0
1282032,76.0
1282160,74.0
1282176,56.0
1282272,37.0
1282272,26.0
1282304,49.0
1282320,87.0
1282336,38.0
1282400,47.0
1282464,49.0
1282496,31.0
1282560,123.0
1282608,91.0
1282688,46.0
1282720,35.0
1282768,37.0
1282912,36.0
1282976,59.0
1282992,37.0
1283008,46.0
1283040,34.0
1283088,48.0
1283104,26.0
1283136,23.0
1283152,74.0
1283152,55.0
1283168,84.0
1283184,45.0
1283216,41.0
1283280,42.0
1283440,71.0
1283536,22.0
1283616,38.0
1283616,40.0
1283632,30.0
1283664,42.0
1283680,34.0
1283696,34.0
1283744,52.0
1283760,41.0
1283776,38.0
1283904,13.0
1284000,24.0
1284048,48.0
1284064,27.0
1284064,61.0
1284096,41.0
1284128,37.0
1284176,60.0
1284288,39.0
1284384,38.0
1284384,84.0
1284464,25.0
1284560,59.0
1284576,52.0
1284688,49.0
1284752,23.0
1284768,30.0
1284800,50.0
1284848,24.0
1284864,43.0
1284912,54.0
1285072,59.0
1285152,68.0
1285216,29.0
1285264,159.0
1285280,56.0
1285296,75.0
1285312,39.0
1285328,48.0
1285456,38.0
1285472,44.0
1285648,67.0
1285680,120.0
1285696,52.0
1285744,59.0
1285760,130.0
1285776,39.0
1285792,32.0
1285856,49.0
1285904,43.0
1285952,65.0
1285968,32.0
1286000,22.0
1286016,34.0
1286048,45.0
1286144,55.0
1286224,58.0
1286320,40.0
1286320,35.0
1286560,38.0
1286576,35.0
1286592,37.0
1286624,36.0
1286704,53.0
1286704,50.0
1286768,64.0
1286768,34.0
1286832,65.0
1286848,67.0
1286896,75.0
1286896,99.0
1286960,62.0
1286976,41.0
1286992,27.0
1287056,27.0
1287088,59.0
1287216,40.0
1287328,39.0
1287376,38.0
1287392,50.0
1287456,39.0
1287568,78.0
1287600,47.0
1287680,45.0
1287680,49.0
1287696,45.0
1287792,29.0
1287856,60.0
1287856,72.0
1287952,35.0
1287968,47.0
1288144,36.0
1288176,20.0
1288208,33.0
1288208,47.0
1288288,38.0
1288304,82.0
1288320,45.0
1288320,77.0
1288496,44.0
1288496,34.0
1288512,34.0
1288560,24.0
1288608,97.0
1288608,115.0
1288608,57.0
1288816,33.0
1288944,21.0
1288944,46.0
1288976,42.0
1289056,46.0
1289056,105.0
1289136,58.0
1289152,34.0
1289152,40.0
1289200,44.0
1289216,41.0
1289264,48.0
1289312,62.0
1289424,38.0
1289536,37.0
1289536,58.0
1289552,88.0
1289600,34.0
1289696,31.0
1289760,38.0
1289824,35.0
1289872,51.0
1289952,131.0
1289968,41.0
1289984,52.0
1289984,53.0
1290016,29.0
1290080,71.0
1290160,74.0
1290208,42.0
1290224,50.0
1290224,63.0
1290352,37.0
1290368,24.0
1290432,29.0
1290480,41.0
1290496,34.0
1290544,63.0
1290576,35.0
1290592,56.0
1290672,50.0
1290704,45.0
1290752,37.0
1290848,23.0
1290864,40.0
1290896,34.0
1290896,81.0
1290960,24.0
1290976,56.0
1291104,46.0
1291104,35.0
1291136,44.0
1291168,17.0
1291248,65.0
1291296,67.0
1291408,32.0
1291456,60.0
1291536,42.0
1291552,28.0
1291584,39.0
1291600,22.0
1291600,63.0
1291680,61.0
1291728,66.0
1291744,40.0
1291792,51.0
1291840,44.0
1291920,47.0
1291936,74.0
1291936,33.0
1291952,41.0
1291952,31.0
1292032,27.0
1292144,34.0
1292176,39.0
1292208,85.0
1292320,46.0
1292400,30.0
1292416,55.0
1292416,29.0
1292416,43.0
1292480,43.0
1292576,52.0
1292656,39.0
1292656,45.0
1292656,51.0
1292704,31.0
1292704,48.0
1292800,24.0
1292800,41.0
1292848,56.0
1292848,73.0
1293024,34.0
1293040,54.0
1293072,26.0
1293152,28.0
1293184,33.0
1293248,58.0
1293312,57.0
1293408,38.0
1293440,54.0
1293504,53.0
1293536,43.0
1293536,32.0
1293600,74.0
1293616,57.0
1293712,40.0
1293808,35.0
1293872,64.0
1293936,31.0
1294032,27.0
1294032,33.0
1294048,56.0
1294064,33.0
1294064,33.0
1294112,106.0
1294304,56.0
1294304,70.0
1294384,48.0
1294400,68.0
1294432,31.0
1294496,27.0
1294544,109.0
1294560,47.0
1294640,48.0
1294848,49.0
1294944,56.0
1294992,60.0
1294992,80.0
1295008,123.0
1295040,41.0
1295040,46.0
1295120,51.0
1295136,69.0
1295168,66.0
1295232,52.0
1295232,46.0
1295392,52.0
1295392,47.0
1295520,30.0
1295536,31.0
1295584,72.0
1295600,38.0
1295648,69.0
1295712,44.0
1295776,58.0
1295808,54.0
1295824,43.0
1295984,47.0
1296032,40.0
1296032,50.0
1296160,73.0
1296176,63.0
1296192,42.0
1296240,41.0
1296320,49.0
1296336,33.0
1296336,39.0
1296352,33.0
1296384,62.0
1296512,30.0
1296576,61.0
1296656,96.0
1296656,19.0
1296688,31.0
1296720,35.0
1296736,60.0
1296768,27.0
1296784,71.0
1296800,51.0
1296960,45.0
1296960,39.0
1297040,63.0
1297056,34.0
1297072,24.0
1297088,57.0
1297104,49.0
1297168,37.0
1297264,55.0
1297376,40.0
1297504,53.0
1297536,30.0
1297568,38.0
1297600,40.0
1297616,51.0
1297664,63.0
1297664,37.0
1297760,65.0
1297760,62.0
1297904,40.0
1297952,54.0
1297968,58.0
1297984,75.0
1298032,58.0
1298032,54.0
1298112,38.0
1298112,34.0
1298128,37.0
1298160,34.0
1298224,53.0
1298288,39.0
1298304,40.0
1298432,52.0
1298464,44.0
1298544,37.0
1298560,36.0
1298576,34.0
1298672,35.0
1298720,37.0
1298720,51.0
1298816,22.0
1298832,50.0
1298848,43.0
1298912,21.0
1298992,77.0
1299008,56.0
1299104,55.0
1299104,27.0
1299136,44.0
1299184,39.0
1299248,33.0
1299280,46.0
1299408,35.0
1299424,32.0
1299440,71.0
1299504,32.0
1299568,53.0
1299600,82.0
1299632,39.0
1299664,26.0
1299728,37.0
1299808,62.0
1299824,45.0
1299872,29.0
1299920,122.0
1299984,20.0
1300000,36.0
1300000,45.0
1300016,52.0
1300064,39.0
1300096,79.0
1300112,30.0
1300128,33.0
1300176,38.0
1300208,21.0
1300368,28.0
1300400,56.0
1300400,26.0
1300688,99.0
1300720,44.0
1300736,42.0
1300752,34.0
1300752,59.0
1300768,41.0
1300832,41.0
1300848,28.0
1301056,83.0
1301072,67.0
1301088,62.0
1301104,44.0
1301248,70.0
1301296,38.0
1301296,35.0
1301312,59.0
1301344,84.0
1301344,95.0
1301376,39.0
1301616,35.0
1301680,38.0
1301712,62.0
1301760,57.0
1301792,43.0
1301984,38.0
1302000,41.0
1302064,22.0
1302112,51.0
1302160,54.0
1302192,32.0
1302192,55.0
1302208,60.0
1302208,70.0
1302240,39.0
1302336,34.0
1302384,102.0
1302384,101.0
1302416,41.0
1302416,26.0
1302416,99.0
1302432,68.0
1302560,23.0
1302768,41.0
1302784,36.0
1302816,41.0
1302816,36.0
1302896,35.0
1302976,35.0
1303088,41.0
1303104,56.0
1303120,44.0
1303152,68.0
1303264,55.0
1303408,53.0
1303408,40.0
1303408,37.0
1303536,26.0
1303552,98.0
1303696,34.0
1303712,83.0
1303776,99.0
1303808,62.0
1303936,72.0
1304016,57.0
1304032,66.0
1304128,45.0
1304192,58.0
1304272,54.0
1304288,55.0
1304352,40.0
1304384,43.0
1304384,52.0
1304416,40.0
1304416,55.0
1304480,129.0
1304496,88.0
1304560,27.0
1304752,35.0
1304816,49.0
1304848,65.0
1304864,37.0
1304880,33.0
1304928,40.0
1304928,62.0
1305008,32.0
1305072,41.0
1305088,44.0
1305088,42.0
1305104,68.0
1305168,43.0
1305456,56.0
1305456,40.0
1305488,25.0
1305504,163.0
1305504,41.0
1305520,40.0
1305536,42.0
1305664,80.0
1305696,48.0
1305712,44.0
1305728,50.0
1305856,43.0
1305904,23.0
1305968,56.0
1306032,58.0
1306064,25.0
1306064,61.0
1306080,24.0
1306096,37.0
1306144,39.0
1306192,46.0
1306224,45.0
1306240,47.0
1306288,96.0
1306320,38.0
1306368,57.0
1306432,29.0
1306432,44.0
1306464,35.0
1306480,39.0
1306672,38.0
1306752,20.0
1306848,49.0
1306880,53.0
1306896,44.0
1306928,40.0
1306928,38.0
1306944,32.0
1306992,47.0
1307008,57.0
1307040,36.0
1307056,43.0
1307216,67.0
1307248,64.0
1307264,49.0
1307344,42.0
1307472,87.0
1307536,37.0
1307616,54.0
1307616,48.0
1307648,47.0
1307680,47.0
1307680,43.0
1307712,29.0
1307728,53.0
1307728,32.0
1307760,31.0
1307776,45.0
1307808,48.0
1307840,52.0
1307888,60.0
1307984,40.0
1308000,20.0
1308144,26.0
1308192,36.0
1308256,34.0
1308272,27.0
1308320,49.0
1308480,42.0
1308496,51.0
1308528,47.0
1308528,66.0
1308560,59.0
1308640,40.0
1308672,64.0
1308688,26.0
1308752,48.0
1308832,69.0
1308864,61.0
1308880,70.0
1308896,36.0
1308928,46.0
1309024,48.0
1309152,39.0
1309200,45.0
1309216,45.0
1309440,26.0
1309488,46.0
1309536,56.0
1309536,61.0
1309616,92.0
1309632,44.0
1309648,51.0
1309664,49.0
1309680,72.0
1309904,63.0
1309904,76.0
1309936,67.0
1309952,26.0
1309968,30.0
1310096,59.0
1310176,94.0
1310192,61.0
1310256,51.0
1310288,42.0
1310320,49.0
1310384,45.0
1310496,53.0
1310512,82.0
1310560,55.0
1310560,23.0
1310576,42.0
1310592,26.0
1310784,43.0
1310896,79.0
1310912,59.0
1310960,36.0
1310992,68.0
1311072,70.0
1311072,31.0
1311136,51.0
1311168,41.0
1311184,56.0
1311184,39.0
1311328,48.0
1311376,55.0
1311408,39.0
1311408,92.0
1311424,52.0
1311536,36.0
1311552,81.0
1311712,51.0
1311728,41.0
1311792,39.0
1311888,56.0
1311920,53.0
1311952,34.0
1311984,27.0
1312080,44.0
1312128,50.0
1312160,47.0
1312192,29.0
1312256,70.0
1312384,75.0
1312400,54.0
1312416,44.0
1312416,33.0
1312432,22.0
1312448,41.0
1312496,82.0
1312528,38.0
1312576,72.0
1312592,40.0
1312704,112.0
1312880,30.0
1312912,45.0
1312944,28.0
1312944,60.0
1312992,34.0
1313040,39.0
1313056,50.0
1313136,45.0
1313184,37.0
1313280,53.0
1313296,45.0
1313440,24.0
1313456,58.0
1313504,84.0
1313536,37.0
1313568,33.0
1313568,54.0
1313616,42.0
1313648,29.0
1313680,50.0
1313712,50.0
1313792,104.0
1313824,23.0
1313824,18.0
1313840,35.0
1313872,27.0
1313920,49.0
1313936,40.0
1313936,27.0
1313968,99.0
1313984,21.0
1314000,24.0
1314080,68.0
1314096,33.0
1314256,34.0
1314368,31.0
1314368,36.0
1314416,53.0
1314432,38.0
1314432,31.0
1314432,32.0
1314448,48.0
1314448,38.0
1314528,37.0
1314560,46.0
1314688,37.0
1314704,39.0
1314752,48.0
1314768,22.0
1314832,24.0
1314880,12.0
1314912,34.0
1314976,63.0
1314992,27.0
1315040,38.0
1315056,50.0
1315072,23.0
1315104,41.0
1315104,46.0
1315120,70.0
1315120,37.0
1315152,25.0
1315216,49.0
1315280,25.0
1315344,36.0
1315360,28.0
1315376,59.0
1315408,36.0
1315520,26.0
1315568,32.0
1315664,34.0
1315680,44.0
1315744,25.0
1315760,38.0
1315760,45.0
1315936,59.0
1315968,38.0
1316000,37.0
1316016,59.0
1316096,62.0
1316128,53.0
1316176,66.0
1316176,32.0
1316192,39.0
1316208,43.0
1316272,32.0
1316544,38.0
1316544,73.0
1316608,25.0
1316672,44.0
1316688,92.0
1316704,60.0
1316720,34.0
1316784,69.0
1316784,48.0
1316864,48.0
1316912,45.0
1316928,47.0
1317040,80.0
1317056,49.0
1317056,58.0
1317136,37.0
1317152,28.0
1317216,33.0
1317312,25.0
1317376,48.0
1317424,89.0
1317424,23.0
1317456,57.0
1317472,50.0
1317488,27.0
1317536,47.0
1317584,28.0
1317600,42.0
1317776,46.0
1317840,66.0
1317936,28.0
1317952,33.0
1318016,34.0
1318032,27.0
1318048,42.0
1318048,52.0
1318128,44.0
1318176,37.0
1318176,91.0
1318288,61.0
1318288,89.0
1318304,72.0
1318464,63.0
1318496,45.0
1318496,41.0
1318512,35.0
1318544,38.0
1318576,28.0
1318624,28.0
1318688,32.0
1318704,43.0
1318864,51.0
1318928,55.0
1318944,57.0
1318976,43.0
1319008,34.0
1319056,35.0
1319152,54.0
1319168,37.0
1319216,44.0
1319248,107.0
1319296,20.0
1319344,45.0
1319344,50.0
1319376,67.0
1319472,61.0
1319552,53.0
1319664,61.0
1319728,50.0
1319744,46.0
1319744,23.0
1319760,38.0
1319776,35.0
1319872,39.0
1319888,59.0
1319920,36.0
1319936,67.0
1320096,39.0
1320144,25.0
1320224,22.0
1320256,37.0
1320256,44.0
1320416,40.0
1320464,36.0
1320496,36.0
1320608,55.0
1320624,23.0
1320688,95.0
1320704,48.0
1320736,40.0
1320768,89.0
1320768,92.0
1320864,113.0
1320880,41.0
1321024,80.0
1321120,61.0
1321120,85.0
1321184,36.0
1321200,44.0
1321344,55.0
1321424,41.0
1321472,22.0
1321472,76.0
1321520,52.0
1321536,41.0
1321584,53.0
1321600,25.0
1321712,63.0
1321760,36.0
1321760,71.0
1321808,49.0
1321840,89.0
1321856,24.0
1321856,24.0
1321888,64.0
1321936,26.0
1322000,55.0
1322032,38.0
1322176,20.0
1322192,53.0
1322288,27.0
1322304,48.0
1322384,49.0
1322400,23.0
1322416,103.0
1322480,40.0
1322480,30.0
1322496,49.0
1322528,48.0
1322544,60.0
1322592,52.0
1322624,46.0
1322752,51.0
1322928,40.0
1322960,29.0
1323024,76.0
1323040,46.0
1323040,41.0
1323072,37.0
1323168,39.0
1323216,64.0
1323248,31.0
1323280,50.0
1323312,22.0
1323408,63.0
1323440,25.0
1323456,24.0
1323488,60.0
1323488,82.0
1323536,70.0
1323632,37.0
1323648,30.0
1323680,47.0
1323808,74.0
1323824,21.0
1323840,24.0
1323840,51.0
1323888,81.0
1323904,26.0
1323968,43.0
1324032,37.0
1324096,29.0
1324144,46.0
1324208,62.0
1324240,58.0
1324240,62.0
1324320,40.0
1324384,46.0
1324480,40.0
1324512,23.0
1324608,40.0
1324640,51.0
1324768,77.0
1324816,45.0
1324832,39.0
1324848,59.0
1324880,35.0
1324928,70.0
1324928,68.0
1324976,46.0
1325056,73.0
1325072,19.0
1325120,32.0
1325136,39.0
1325152,42.0
1325168,58.0
1325312,58.0
1325360,83.0
1325424,36.0
1325424,49.0
1325536,35.0
1325648,52.0
1325696,33.0
1325808,55.0
1325920,50.0
1325952,70.0
1325968,57.0
1325968,51.0
1325968,56.0
1326048,25.0
1326080,41.0
1326080,59.0
1326112,47.0
1326208,56.0
1326240,82.0
1326320,25.0
1326352,41.0
1326352,92.0
1326400,61.0
1326480,25.0
1326512,35.0
1326624,32.0
1326624,68.0
1326640,42.0
1326640,42.0
1326704,29.0
1326816,46.0
1326848,50.0
1326864,56.0
1326864,66.0
1326960,35.0
1327024,42.0
1327088,55.0
1327216,36.0
1327216,44.0
1327216,46.0
1327216,37.0
1327232,55.0
1327232,23.0
1327248,34.0
1327312,14.0
1327360,46.0
1327568,38.0
1327648,83.0
1327824,60.0
1327856,52.0
1327872,66.0
1327872,39.0
1327888,42.0
1327904,43.0
1327920,43.0
1328048,52.0
1328160,21.0
1328208,53.0
1328224,36.0
1328384,51.0
1328400,68.0
1328448,76.0
1328464,101.0
1328544,42.0
1328608,25.0
1328624,47.0
1328624,29.0
1328624,88.0
1328640,49.0
1328672,28.0
1328704,50.0
1328976,27.0
1329024,35.0
1329072,42.0
1329088,73.0
1329200,82.0
1329232,38.0
1329232,53.0
1329264,164.0
1329456,53.0
1329456,63.0
1329488,32.0
1329552,53.0
1329616,61.0
1329632,38.0
1329632,63.0
1329712,104.0
1329808,46.0
1329856,77.0
1329952,31.0
1329952,54.0
1330016,19.0
1330096,54.0
1330112,53.0
1330144,59.0
1330224,38.0
1330224,42.0
1330240,38.0
1330496,54.0
1330496,65.0
1330544,27.0
1330544,46.0
1330576,35.0
1330576,39.0
1330592,46.0
1330624,87.0
1330640,25.0
1330832,46.0
1330864,40.0
1330896,139.0
1330912,89.0
1330928,27.0
1330928,44.0
1331008,66.0
1331072,33.0
1331104,33.0
1331200,41.0
1331360,48.0
1331376,30.0
1331488,24.0
1331488,35.0
1331504,58.0
1331552,66.0
1331600,60.0
1331712,40.0
1331712,49.0
1331792,55.0
1331792,49.0
1331824,21.0
1331856,41.0
1331856,77.0
1331872,24.0
1331872,108.0
1331904,67.0
1331920,35.0
1331936,67.0
1331984,38.0
1332288,26.0
1332336,30.0
1332416,37.0
1332416,44.0
1332416,31.0
1332448,32.0
1332464,42.0
1332480,43.0
1332496,62.0
1332496,49.0
1332704,53.0
1332784,74.0
1332832,58.0
1332880,24.0
1332928,59.0
1332928,86.0
1332944,67.0
1332992,41.0
1333072,39.0
1333136,41.0
1333168,44.0
1333344,58.0
1333472,61.0
1333504,36.0
1333520,46.0
1333552,24.0
1333568,39.0
1333568,40.0
1333568,80.0
1333584,73.0
1333616,39.0
1333664,78.0
1333712,23.0
1333840,48.0
1333968,68.0
1333984,26.0
1334128,89.0
1334128,62.0
1334160,37.0
1334176,42.0
1334176,38.0
1334208,43.0
1334208,46.0
1334240,41.0
1334256,89.0
1334624,28.0
1334800,37.0
1334864,46.0
1334864,44.0
1334880,73.0
1334880,76.0
1334944,60.0
1335040,89.0
1335040,50.0
1335088,52.0
1335088,96.0
1335152,74.0
1335216,65.0
1335248,88.0
1335408,75.0
1335440,82.0
1335504,39.0
1335520,45.0
1335584,45.0
1335600,41.0
1335616,23.0
1335664,39.0
1335728,53.0
1335744,55.0
1335760,42.0
1335808,23.0
1335824,42.0
1335888,50.0
1336000,49.0
1336048,89.0
1336096,66.0
1336144,24.0
1336160,35.0
1336208,44.0
1336224,26.0
1336240,36.0
1336288,35.0
1336304,56.0
1336336,45.0
1336384,21.0
1336432,53.0
1336464,59.0
1336544,34.0
1336624,55.0
1336688,34.0
1336800,44.0
1336832,33.0
1336848,60.0
1336864,33.0
1336912,47.0
1336912,18.0
1337024,40.0
1337040,36.0
1337152,54.0
1337168,58.0
1337216,63.0
1337232,50.0
1337264,26.0
1337280,37.0
1337344,27.0
1337360,28.0
1337376,52.0
1337408,34.0
1337472,78.0
1337520,106.0
1337568,34.0
1337664,39.0
1337680,32.0
1337696,54.0
1337712,57.0
1337808,29.0
1337936,49.0
1338016,41.0
1338064,43.0
1338096,51.0
1338240,64.0
1338304,38.0
1338352,68.0
1338416,74.0
1338432,47.0
1338448,55.0
1338448,65.0
1338528,66.0
1338576,32.0
1338624,51.0
1338640,58.0
1338672,46.0
1338672,72.0
1338688,64.0
1338864,32.0
1338912,38.0
1338928,25.0
1338944,44.0
1338992,56.0
1339008,36.0
1339008,35.0
1339040,64.0
1339040,29.0
1339136,45.0
1339184,35.0
1339216,33.0
1339232,49.0
1339312,40.0
1339360,23.0
1339376,44.0
1339472,35.0
1339488,53.0
1339488,35.0
1339600,46.0
1339632,37.0
1339664,39.0
1339728,22.0
1339744,35.0
1339856,53.0
1339904,60.0
1339904,37.0
1339936,29.0
1340000,32.0
1340064,36.0
1340096,54.0
1340320,82.0
1340416,75.0
1340464,45.0
1340528,58.0
1340576,42.0
1340608,59.0
1340624,43.0
1340640,49.0
1340672,59.0
1340736,86.0
1340784,49.0
1340848,107.0
1340928,54.0
1340944,82.0
1340960,34.0
1340960,54.0
1341088,39.0
1341120,32.0
1341152,33.0
1341152,39.0
1341200,26.0
1341232,35.0
1341264,59.0
1341280,86.0
1341280,44.0
1341312,42.0
1341376,26.0
1341488,35.0
1341520,42.0
1341616,33.0
1341712,27.0
1341760,38.0
1341760,35.0
1341760,50.0
1341824,37.0
1341872,47.0
1341904,60.0
1341984,42.0
1342032,34.0
1342176,64.0
1342208,52.0
1342208,59.0
1342304,37.0
1342352,101.0
1342368,38.0
1342384,32.0
1342544,49.0
1342640,64.0
1342672,48.0
1342736,47.0
1342768,78.0
1342816,38.0
1342832,41.0
1342832,63.0
1342848,31.0
1342992,43.0
1343152,19.0
1343264,124.0
1343312,30.0
1343312,30.0
1343312,80.0
1343312,97.0
1343360,72.0
1343424,66.0
1343424,49.0
1343440,44.0
1343488,59.0
1343488,51.0
1343504,70.0
1343584,48.0
1343648,55.0
1343664,25.0
1343808,28.0
1343872,24.0
1343904,37.0
1343952,29.0
1343968,41.0
1343968,61.0
1344000,36.0
1344032,24.0
1344080,26.0
1344128,61.0
1344224,45.0
1344288,61.0
1344304,55.0
1344352,30.0
1344416,69.0
1344496,37.0
1344512,32.0
1344544,36.0
1344576,48.0
1344592,29.0
1344672,37.0
1344752,49.0
1344768,51.0
1344880,53.0
1344880,37.0
1344944,94.0
1344992,48.0
1345024,27.0
1345104,38.0
1345136,97.0
1345152,38.0
1345216,44.0
1345280,54.0
1345504,52.0
1345600,64.0
1345664,42.0
1345712,31.0
1345728,44.0
1345744,62.0
1345760,38.0
1345776,40.0
1345776,56.0
1345824,95.0
1345840,35.0
1346064,107.0
1346080,30.0
1346144,40.0
1346160,31.0
1346192,68.0
1346256,86.0
1346288,36.0
1346368,37.0
1346384,40.0
1346416,37.0
1346464,106.0
1346544,100.0
1346624,23.0
1346704,20.0
1346848,67.0
1346864,42.0
1346880,72.0
1346928,68.0
1346944,54.0
1346976,76.0
1346992,52.0
1347056,43.0
1347088,64.0
1347168,44.0
1347184,65.0
1347184,56.0
1347264,24.0
1347264,45.0
1347376,25.0
1347424,45.0
1347424,36.0
1347504,68.0
1347552,29.0
1347568,39.0
1347584,45.0
1347632,28.0
1347696,67.0
1347744,47.0
1347760,36.0
1347776,53.0
1347824,41.0
1347904,40.0
1348064,40.0
1348112,18.0
1348128,44.0
1348288,46.0
1348336,60.0
1348352,53.0
1348368,49.0
1348384,70.0
1348400,84.0
1348496,45.0
1348592,52.0
1348720,21.0
1348752,40.0
1348800,69.0
1348864,70.0
1348896,33.0
1348976,39.0
1349040,57.0
1349104,38.0
1349104,24.0
1349152,47.0
1349184,56.0
1349200,102.0
1349360,81.0
1349360,64.0
1349392,40.0
1349520,101.0
1349568,42.0
1349664,35.0
1349696,52.0
1349792,51.0
1349808,63.0
1349840,46.0
1349840,78.0
1349856,44.0
1349920,143.0
1349920,22.0
1349952,48.0
1349968,48.0
1349968,36.0
1350080,45.0
1350128,38.0
1350288,23.0
1350304,79.0
1350336,42.0
1350368,25.0
1350464,38.0
1350592,50.0
1350592,39.0
1350640,52.0
1350640,45.0
1350688,62.0
1350752,50.0
1350800,45.0
1350800,32.0
1350896,33.0
1350912,67.0
1350928,50.0
1351120,41.0
1351152,112.0
1351168,83.0
1351200,35.0
1351232,58.0
1351248,35.0
1351264,22.0
1351360,64.0
1351360,38.0
1351440,34.0
1351456,54.0
1351520,20.0
1351616,51.0
1351632,62.0
1351680,27.0
1351776,34.0
1351792,40.0
1351792,54.0
1351824,41.0
1351888,48.0
1351936,42.0
1351952,31.0
1351984,74.0
1352016,41.0
1352080,93.0
1352128,38.0
1352176,25.0
1352224,25.0
1352256,56.0
1352288,31.0
1352304,54.0
1352304,23.0
1352400,28.0
1352400,38.0
1352416,27.0
1352448,52.0
1352480,50.0
1352608,61.0
1352640,32.0
1352656,25.0
1352752,28.0
1352752,29.0
1352832,59.0
1352832,47.0
1352832,41.0
1352848,39.0
1353008,44.0
1353008,37.0
1353072,29.0
1353072,27.0
1353088,43.0
1353136,41.0
1353152,47.0
1353200,74.0
1353248,31.0
1353424,61.0
1353472,25.0
1353472,40.0
1353504,31.0
1353552,56.0
1353600,33.0
1353696,38.0
1353696,54.0
1353728,61.0
1353760,38.0
1353808,38.0
1353872,64.0
1353888,55.0
1353904,48.0
1353968,71.0
1354144,34.0
1354176,13.0
1354176,47.0
1354176,58.0
1354192,29.0
1354208,44.0
1354240,27.0
1354304,38.0
1354320,53.0
1354384,52.0
1354432,35.0
1354544,21.0
1354624,58.0
1354688,50.0
1354704,24.0
1354752,23.0
1354816,57.0
1354832,40.0
1354928,49.0
1354944,25.0
1354992,43.0
1355024,97.0
1355040,54.0
1355056,81.0
1355120,31.0
1355184,47.0
1355184,63.0
1355408,44.0
1355552,45.0
1355600,35.0
1355600,89.0
1355616,31.0
1355616,50.0
1355712,49.0
1355744,66.0
1355808,39.0
1355808,54.0
1355824,67.0
1355840,49.0
1355936,47.0
1355968,61.0
1356016,29.0
1356048,28.0
1356112,31.0
1356160,47.0
1356240,76.0
1356240,40.0
1356320,44.0
1356336,37.0
1356448,39.0
1356464,47.0
1356608,28.0
1356688,47.0
1356704,24.0
1356752,57.0
1356752,46.0
1356768,50.0
1356816,44.0
1356880,40.0
1357024,174.0
1357040,44.0
1357072,38.0
1357184,71.0
1357216,29.0
1357280,92.0
1357328,45.0
1357424,42.0
1357472,28.0
1357520,28.0
1357584,55.0
1357680,40.0
1357728,53.0
1357744,66.0
1357824,40.0
1357856,68.0
1357872,89.0
1357888,42.0
1357904,104.0
1357936,32.0
1357952,27.0
1358016,46.0
1358160,26.0
1358176,148.0
1358192,54.0
1358240,41.0
1358256,36.0
1358272,28.0
1358336,38.0
1358352,96.0
1358352,55.0
1358384,28.0
1358480,33.0
1358608,45.0
1358752,53.0
1358768,57.0
1358816,34.0
1358832,31.0
1358848,52.0
1358896,46.0
1358944,44.0
1358976,50.0
1359024,48.0
1359136,33.0
1359168,51.0
1359216,54.0
1359248,25.0
1359328,24.0
1359328,53.0
1359328,71.0
1359360,37.0
1359376,30.0
1359424,65.0
1359488,29.0
1359536,45.0
1359600,48.0
1359632,24.0
1359776,40.0
1359904,72.0
1359952,61.0
1359952,39.0
1359968,47.0
1360000,133.0
1360048,45.0
1360048,42.0
1360144,34.0
1360160,46.0
1360192,52.0
1360224,66.0
1360272,20.0
1360352,25.0
1360480,36.0
1360512,29.0
1360528,75.0
1360544,48.0
1360544,57.0
1360544,66.0
1360592,66.0
1360624,29.0
1360704,32.0
1360720,45.0
1360736,43.0
1360768,50.0
1360800,41.0
1360880,21.0
1360896,26.0
1360896,22.0
1360944,42.0
1361008,30.0
1361344,47.0
1361360,35.0
1361376,41.0
1361376,54.0
1361376,31.0
1361408,66.0
1361552,83.0
1361600,37.0
1361664,65.0
1361680,71.0
1361680,61.0
1361744,53.0
1361776,65.0
1361792,56.0
1361792,64.0
1361872,31.0
1361888,13.0
1361968,64.0
1361984,36.0
1362064,45.0
1362224,54.0
1362368,62.0
1362384,52.0
1362400,50.0
1362416,40.0
1362528,54.0
1362544,41.0
1362544,42.0
1362592,33.0
1362624,55.0
1362624,52.0
1362736,59.0
1362784,50.0
1362816,90.0
1362832,72.0
1362848,39.0
1362896,30.0
1362992,38.0
1363008,26.0
1363072,33.0
1363168,75.0
1363200,26.0
1363232,54.0
1363376,47.0
1363392,35.0
1363408,11.0
1363424,50.0
1363456,57.0
1363552,44.0
1363568,31.0
1363600,75.0
1363616,55.0
1363616,26.0
1363664,71.0
1363680,32.0
1363712,44.0
1363744,22.0
1363760,59.0
1363760,24.0
1363808,51.0
1363920,64.0
1363968,26.0
1364096,43.0
1364160,37.0
1364224,39.0
1364224,29.0
1364224,32.0
1364288,38.0
1364304,53.0
1364320,56.0
1364368,47.0
1364384,40.0
1364496,52.0
1364512,47.0
1364528,27.0
1364544,36.0
1364560,47.0
1364672,28.0
1364688,67.0
1364736,26.0
1364752,52.0
1364768,34.0
1364816,32.0
1364880,22.0
1364880,23.0
1364992,39.0
1365040,23.0
1365056,23.0
1365056,52.0
1365088,58.0
1365168,49.0
1365296,26.0
1365296,47.0
1365296,63.0
1365312,34.0
1365408,57.0
1365456,36.0
1365520,60.0
1365536,31.0
1365552,51.0
1365632,34.0
1365696,55.0
1365808,47.0
1365824,32.0
1365840,27.0
1365856,35.0
1365936,55.0
1365968,76.0
1366016,30.0
1366048,47.0
1366064,56.0
1366128,52.0
1366256,25.0
1366304,82.0
1366304,53.0
1366336,49.0
1366400,55.0
1366496,54.0
1366576,35.0
1366592,41.0
1366640,37.0
1366656,53.0
1366656,60.0
1366704,54.0
1366736,27.0
1366784,24.0
1366800,31.0
1366816,43.0
1366816,30.0
1367040,24.0
1367040,34.0
1367056,29.0
1367104,80.0
1367216,78.0
1367248,74.0
1367296,40.0
1367312,33.0
1367312,31.0
1367392,37.0
1367392,51.0
1367424,23.0
1367504,29.0
1367552,46.0
1367600,54.0
1367648,27.0
1367648,63.0
1367680,61.0
1367744,93.0
1367760,23.0
1367776,24.0
1368032,49.0
1368032,58.0
1368144,40.0
1368176,71.0
1368192,55.0
1368224,39.0
1368272,60.0
1368304,55.0
1368320,40.0
1368400,40.0
1368432,55.0
1368464,73.0
1368544,48.0
1368560,51.0
1368592,59.0
1368736,29.0
1368800,41.0
1368912,37.0
1368928,80.0
1368960,46.0
1369136,37.0
1369136,60.0
1369152,70.0
1369168,36.0
1369264,60.0
1369280,68.0
1369344,55.0
1369360,83.0
1369376,36.0
1369472,20.0
1369488,58.0
1369552,70.0
1369568,38.0
1369584,53.0
1369584,41.0
1369712,36.0
1369792,41.0
1369808,34.0
1369824,41.0
1369936,41.0
1369952,97.0
1369984,67.0
1370096,32.0
1370112,39.0
1370112,40.0
1370208,40.0
1370224,55.0
1370240,54.0
1370288,58.0
1370304,45.0
1370368,41.0
1370400,37.0
1370416,37.0
1370528,37.0
1370576,39.0
1370608,39.0
1370704,38.0
1370720,38.0
1370768,22.0
1370832,39.0
1370880,41.0
1370928,40.0
1370976,42.0
1371024,28.0
1371072,95.0
1371184,51.0
1371216,89.0
1371232,44.0
1371248,71.0
1371248,63.0
1371312,44.0
1371344,59.0
1371392,39.0
1371456,46.0
1371584,41.0
1371616,24.0
1371664,49.0
1371696,54.0
1371696,42.0
1371696,28.0
1371840,71.0
1371856,38.0
1371904,37.0
1371968,39.0
1372000,51.0
1372032,26.0
1372144,58.0
1372208,39.0
1372224,72.0
1372256,37.0
1372304,53.0
1372304,25.0
1372320,39.0
1372352,41.0
1372416,24.0
1372448,37.0
1372464,29.0
1372544,44.0
1372624,41.0
1372640,59.0
1372672,23.0
1372704,82.0
1372720,109.0
1372912,41.0
1372928,32.0
1372976,39.0
1373024,55.0
1373072,47.0
1373072,48.0
1373088,23.0
1373120,36.0
1373136,43.0
1373168,44.0
1373232,38.0
1373280,66.0
1373360,72.0
1373600,58.0
1373712,22.0
1373760,70.0
1373776,44.0
1373776,53.0
1373840,54.0
1373856,46.0
1373856,59.0
1373936,41.0
1373984,80.0
1374080,63.0
1374144,61.0
1374160,67.0
1374224,62.0
1374272,42.0
1374272,21.0
1374272,78.0
1374304,28.0
1374336,30.0
1374336,31.0
1374352,76.0
1374368,37.0
1374416,40.0
1374512,33.0
1374576,31.0
1374672,60.0
1374800,65.0
1374816,32.0
1374864,40.0
1374912,48.0
1374912,35.0
1374928,41.0
1374960,24.0
1374960,50.0
1375024,47.0
1375040,39.0
1375104,46.0
1375104,48.0
1375136,54.0
1375232,56.0
1375248,46.0
1375312,31.0
1375344,34.0
1375344,27.0
1375360,25.0
1375376,44.0
1375552,39.0
1375552,33.0
1375600,46.0
1375696,37.0
1375712,38.0
1375792,35.0
1375792,47.0
1375856,38.0
1375872,60.0
1375904,48.0
1375920,60.0
1375952,38.0
1376080,45.0
1376080,48.0
1376112,46.0
1376192,40.0
1376208,31.0
1376304,24.0
1376368,36.0
1376416,54.0
1376464,38.0
1376464,48.0
1376464,35.0
1376592,45.0
1376624,34.0
1376752,40.0
1376784,52.0
1376816,32.0
1376816,22.0
1376816,25.0
1376848,78.0
1376880,68.0
1376912,28.0
1377104,30.0
1377136,34.0
1377152,113.0
1377280,51.0
1377360,34.0
1377360,38.0
1377376,35.0
1377376,29.0
1377456,40.0
1377456,38.0
1377488,38.0
1377488,70.0
1377488,81.0
1377504,81.0
1377616,21.0
1377648,98.0
1377744,40.0
1377792,26.0
1377824,43.0
1377968,29.0
1377984,39.0
1378016,77.0
1378048,37.0
1378080,45.0
1378096,40.0
1378112,60.0
1378144,33.0
1378144,41.0
1378192,44.0
1378336,34.0
1378352,38.0
1378464,51.0
1378528,24.0
1378560,23.0
1378608,40.0
1378672,39.0
1378672,37.0
1378736,78.0
1378768,42.0
1378768,39.0
1378816,50.0
1378880,34.0
1378944,37.0
1379072,19.0
1379088,35.0
1379088,107.0
1379120,63.0
1379200,37.0
1379232,78.0
1379280,29.0
1379440,42.0
1379488,34.0
1379616,33.0
1379632,56.0
1379712,78.0
1379760,68.0
1379776,56.0
1379808,43.0
1379824,72.0
1379936,54.0
1380032,52.0
1380048,60.0
1380112,31.0
1380112,25.0
1380192,148.0
1380240,38.0
1380320,35.0
1380352,36.0
1380352,112.0
1380448,39.0
1380448,40.0
1380480,75.0
1380528,26.0
1380592,69.0
1380720,38.0
1380720,25.0
1380736,50.0
1380752,45.0
1380816,29.0
1380816,99.0
1380848,41.0
1380928,93.0
1380928,25.0
1380976,33.0
1380976,58.0
1380992,34.0
1380992,47.0
1381072,21.0
1381152,27.0
1381152,50.0
1381184,37.0
1381216,29.0
1381232,32.0
1381264,49.0
1381328,25.0
1381520,34.0
1381568,26.0
1381584,37.0
1381648,50.0
1381728,47.0
1381728,46.0
1381792,61.0
1381840,39.0
1381856,58.0
1381872,34.0
1381888,41.0
1381920,46.0
1382032,48.0
1382080,27.0
1382080,32.0
1382096,36.0
1382160,68.0
1382304,26.0
1382320,33.0
1382352,39.0
1382368,40.0
1382448,33.0
1382512,30.0
1382528,13.0
1382560,109.0
1382592,45.0
1382688,52.0
1382720,39.0
1382736,99.0
1382832,42.0
1382896,82.0
1382896,37.0
1382928,35.0
1382928,68.0
1382944,54.0
1383072,34.0
1383152,67.0
1383152,40.0
1383168,28.0
1383216,39.0
1383264,51.0
1383280,58.0
1383392,35.0
1383456,33.0
1383520,49.0
1383536,40.0
1383632,30.0
1383632,26.0
1383648,24.0
1383728,52.0
1383760,37.0
1383808,46.0
1383856,25.0
1383888,83.0
1384000,30.0
1384064,57.0
1384064,71.0
1384192,50.0
1384288,25.0
1384336,38.0
1384384,90.0
1384448,37.0
1384448,57.0
1384480,30.0
1384512,44.0
1384624,35.0
1384640,62.0
1384736,28.0
1384768,71.0
1384832,67.0
1384832,48.0
1384848,23.0
1384928,81.0
1384976,49.0
1385072,43.0
1385072,39.0
1385104,41.0
1385136,50.0
1385152,40.0
1385168,27.0
1385264,124.0
1385280,32.0
1385280,13.0
1385296,41.0
1385328,30.0
1385408,170.0
1385648,51.0
1385680,53.0
1385776,31.0
1385824,34.0
1385888,51.0
1385936,48.0
1385952,83.0
1385952,43.0
1386000,44.0
1386000,64.0
1386016,43.0
1386064,60.0
1386112,44.0
1386176,65.0
1386224,81.0
1386384,28.0
1386400,28.0
1386400,45.0
1386416,37.0
1386480,83.0
1386560,57.0
1386576,36.0
1386656,41.0
1386656,55.0
1386736,42.0
1386784,42.0
1386800,25.0
1386800,14.0
1386832,55.0
1386848,39.0
1386896,30.0
1386992,37.0
1387056,73.0
1387088,19.0
1387104,68.0
1387136,41.0
1387152,48.0
1387152,26.0
1387200,23.0
1387264,68.0
1387328,27.0
1387344,49.0
1387376,45.0
1387392,46.0
1387456,41.0
1387552,31.0
1387600,38.0
1387696,34.0
1387744,41.0
1387792,26.0
1387872,48.0
1388064,54.0
1388064,38.0
1388064,58.0
1388096,81.0
1388144,50.0
1388160,52.0
1388192,25.0
1388224,39.0
1388240,87.0
1388256,69.0
1388272,45.0
1388400,71.0
1388416,34.0
1388560,73.0
1388576,30.0
1388608,34.0
1388624,55.0
1388672,28.0
1388912,48.0
1388944,23.0
1389056,40.0
1389088,58.0
1389088,64.0
1389152,91.0
1389152,60.0
1389184,36.0
1389232,73.0
1389232,52.0
1389248,61.0
1389264,64.0
1389328,48.0
1389424,50.0
1389472,26.0
1389568,21.0
1389584,83.0
1389616,44.0
1389664,62.0
1389696,34.0
1389776,52.0
1389808,34.0
1389840,47.0
1389888,29.0
1389936,44.0
1389968,55.0
1389984,41.0
1389984,26.0
1390032,23.0
1390160,57.0
1390176,64.0
1390176,62.0
1390256,35.0
1390320,32.0
1390480,44.0
1390512,34.0
1390512,42.0
1390608,28.0
1390624,46.0
1390624,72.0
1390640,41.0
1390688,32.0
1390688,41.0
1390704,45.0
1390720,71.0
1390720,49.0
1390928,42.0
1391008,52.0
1391056,90.0
1391136,31.0
1391200,45.0
1391264,21.0
1391360,40.0
1391392,49.0
1391408,25.0
1391456,48.0
1391504,23.0
1391520,75.0
1391520,52.0
1391520,63.0
1391520,50.0
1391536,30.0
1391552,53.0
1391648,24.0
1391744,70.0
1391744,34.0
1391888,79.0
1391936,26.0
1391968,38.0
1392176,41.0
1392192,50.0
1392192,41.0
1392208,44.0
1392208,106.0
1392240,37.0
1392256,46.0
1392352,50.0
1392496,65.0
1392576,66.0
1392592,53.0
1392624,46.0
1392688,80.0
1392720,61.0
1392752,51.0
1392768,36.0
1392864,41.0
1392896,45.0
1392896,43.0
1392976,46.0
1393120,39.0
1393184,58.0
1393216,54.0
1393232,40.0
1393264,36.0
1393280,82.0
1393360,49.0
1393376,25.0
1393424,33.0
1393440,43.0
1393440,45.0
1393536,40.0
1393552,85.0
1393600,46.0
1393600,61.0
1393744,39.0
1393824,25.0
1393840,67.0
1393888,38.0
1393920,46.0
1393920,34.0
1393936,31.0
1393968,47.0
1394000,29.0
1394128,36.0
1394128,24.0
1394176,57.0
1394176,36.0
1394352,57.0
1394384,29.0
1394480,37.0
1394512,43.0
1394608,27.0
1394704,69.0
1394736,38.0
1394752,51.0
1394816,53.0
1394848,29.0
1394864,94.0
1394864,102.0
1394880,47.0
1394928,68.0
1395104,47.0
1395120,24.0
1395184,42.0
1395264,49.0
1395296,37.0
1395312,87.0
1395312,31.0
1395344,84.0
1395360,38.0
1395408,77.0
1395440,52.0
1395488,39.0
1395552,39.0
1395600,45.0
1395712,54.0
1395776,42.0
1395792,12.0
1395808,25.0
1395888,44.0
1396000,71.0
1396048,21.0
1396064,32.0
1396096,47.0
1396128,40.0
1396224,49.0
1396240,70.0
1396320,63.0
1396368,63.0
1396416,70.0
1396448,24.0
1396448,74.0
1396464,72.0
1396480,30.0
1396496,44.0
1396672,39.0
1396736,53.0
1396752,24.0
1396816,43.0
1396848,65.0
1396864,48.0
1396896,25.0
1397120,41.0
1397136,56.0
1397152,44.0
1397168,31.0
1397232,49.0
1397264,65.0
1397328,36.0
1397344,54.0
1397392,101.0
1397520,49.0
1397536,45.0
1397584,28.0
1397664,78.0
1397712,87.0
1397744,53.0
1397776,41.0
1397872,44.0
1397920,66.0
1397936,68.0
1397952,39.0
1398000,46.0
1398000,53.0
1398080,43.0
1398080,53.0
1398224,35.0
1398240,23.0
1398288,36.0
1398352,51.0
1398368,37.0
1398384,29.0
1398480,25.0
1398512,48.0
1398544,38.0
1398576,62.0
1398576,66.0
1398624,39.0
1398656,44.0
1398656,27.0
1398752,88.0
1398832,37.0
1398928,36.0
1398976,56.0
1399056,30.0
1399072,37.0
1399088,29.0
1399120,38.0
1399120,70.0
1399120,52.0
1399168,50.0
1399184,38.0
1399232,53.0
1399280,28.0
1399392,46.0
1399488,32.0
1399536,26.0
1399552,63.0
1399600,23.0
1399600,59.0
1399616,35.0
1399632,55.0
1399760,52.0
1399760,37.0
1399776,41.0
1399808,46.0
1399808,26.0
1399920,27.0
1399936,53.0
1400064,49.0
1400064,59.0
1400256,30.0
1400256,31.0
1400336,45.0
1400368,52.0
1400416,49.0
1400416,77.0
1400464,41.0
1400512,36.0
1400576,64.0
1400640,24.0
1400736,58.0
1400768,63.0
1400768,73.0
1400848,78.0
1400864,50.0
1400960,65.0
1400976,45.0
1401008,23.0
1401024,43.0
1401104,33.0
1401264,56.0
1401296,55.0
1401328,57.0
1401344,55.0
1401376,40.0
1401376,38.0
1401408,56.0
1401504,90.0
1401536,48.0
1401536,35.0
1401552,43.0
1401584,35.0
1401584,46.0
1401728,39.0
1401744,12.0
1401776,48.0
1401872,33.0
1401936,61.0
1401968,44.0
1401968,24.0
1402000,29.0
1402080,42.0
1402080,34.0
1402240,29.0
1402256,32.0
1402336,38.0
1402352,48.0
1402368,54.0
1402384,66.0
1402416,34.0
1402544,29.0
1402592,76.0
1402656,26.0
1402768,87.0
1402896,51.0
1402912,57.0
1402960,62.0
1402992,40.0
1403008,37.0
1403008,39.0
1403024,66.0
1403024,68.0
1403072,111.0
1403200,34.0
1403264,58.0
1403280,43.0
1403376,52.0
1403440,67.0
1403504,34.0
1403600,36.0
1403616,53.0
1403648,46.0
1403712,91.0
1403824,35.0
1403904,63.0
1403904,56.0
1403920,40.0
1403968,56.0
1404064,39.0
1404176,35.0
1404272,80.0
1404320,70.0
1404352,44.0
1404368,34.0
1404384,63.0
1404400,43.0
1404496,56.0
1404560,66.0
1404576,41.0
1404592,99.0
1404624,45.0
1404656,102.0
1404784,45.0
1404880,32.0
1404896,45.0
1404928,60.0
1405040,34.0
1405104,75.0
1405152,23.0
1405168,56.0
1405200,53.0
1405200,55.0
1405328,58.0
1405424,48.0
1405424,34.0
1405472,53.0
1405568,61.0
1405584,30.0
1405616,66.0
1405712,49.0
1405728,52.0
1405744,85.0
1405840,50.0
1405904,27.0
1405920,37.0
1405952,86.0
1405968,34.0
1405968,34.0
1406064,22.0
1406096,56.0
1406128,61.0
1406160,36.0
1406208,37.0
1406320,36.0
1406336,71.0
1406416,36.0
1406432,44.0
1406448,55.0
1406464,31.0
1406528,85.0
1406576,42.0
1406592,39.0
1406592,40.0
1406640,34.0
1406672,29.0
1406752,43.0
1406816,43.0
1406848,26.0
1406864,26.0
1406944,64.0
1406960,40.0
1407024,27.0
1407056,24.0
1407120,60.0
1407168,47.0
1407200,24.0
1407280,51.0
1407280,44.0
1407376,39.0
1407440,69.0
1407456,54.0
1407536,37.0
1407552,43.0
1407552,57.0
1407664,44.0
1407680,39.0
1407712,34.0
1407760,57.0
1407808,33.0
1407856,30.0
1407856,46.0
1407920,45.0
1407936,30.0
1407984,28.0
1408048,95.0
1408096,41.0
1408160,28.0
1408192,73.0
1408272,62.0
1408288,38.0
1408432,55.0
1408448,56.0
1408496,52.0
1408528,45.0
1408544,39.0
1408576,24.0
1408576,45.0
1408608,47.0
1408608,42.0
1408608,53.0
1408688,37.0
1408800,51.0
1408896,46.0
1408912,54.0
1408928,25.0
1408928,31.0
1408960,26.0
1409072,31.0
1409104,52.0
1409248,28.0
1409264,43.0
1409360,47.0
1409376,43.0
1409440,52.0
1409504,34.0
1409632,35.0
1409648,72.0
1409696,20.0
1409760,25.0
1409808,85.0
1409856,58.0
1410016,47.0
1410016,68.0
1410048,34.0
1410096,25.0
1410144,56.0
1410160,45.0
1410224,37.0
1410240,122.0
1410256,103.0
1410368,45.0
1410368,38.0
1410368,92.0
1410384,33.0
1410400,37.0
1410400,24.0
1410400,93.0
1410688,27.0
1410688,33.0
1410704,30.0
1410720,101.0
1410816,26.0
1410816,42.0
1410832,28.0
1410832,29.0
1410864,53.0
1410880,52.0
1410944,34.0
1411088,45.0
1411088,62.0
1411136,56.0
1411216,53.0
1411344,41.0
1411360,31.0
1411440,46.0
1411456,39.0
1411456,39.0
1411472,67.0
1411536,51.0
1411536,25.0
1411584,23.0
1411616,58.0
1411712,39.0
1411728,57.0
1411728,57.0
1411792,57.0
1411808,22.0
1411840,56.0
1411888,33.0
1411920,52.0
1411984,33.0
1411984,32.0
1412048,32.0
1412064,45.0
1412128,25.0
1412144,38.0
1412240,27.0
1412256,40.0
1412320,46.0
1412336,34.0
1412336,38.0
1412416,27.0
1412416,36.0
1412464,34.0
1412576,71.0
1412640,41.0
1412752,39.0
1412752,32.0
1412752,65.0
1412768,39.0
1412784,46.0
1412848,49.0
1412912,37.0
1413088,75.0
1413120,49.0
1413120,44.0
1413136,42.0
1413232,41.0
1413312,56.0
1413424,40.0
1413472,76.0
1413488,46.0
1413488,46.0
1413504,54.0
1413632,55.0
1413632,32.0
1413664,27.0
1413680,84.0
1413776,41.0
1413920,31.0
1414048,35.0
1414048,60.0
1414048,23.0
1414064,72.0
1414080,77.0
1414080,26.0
1414096,39.0
1414160,87.0
1414224,68.0
1414224,45.0
1414240,47.0
1414256,39.0
1414304,42.0
1414416,23.0
1414448,23.0
1414448,42.0
1414480,27.0
1414560,30.0
1414560,29.0
1414608,23.0
1414688,40.0
1414704,34.0
1414736,42.0
1414800,36.0
1414912,100.0
1414928,39.0
1414944,64.0
1415040,35.0
1415088,54.0
1415136,45.0
1415152,37.0
1415168,23.0
1415312,44.0
1415376,70.0
1415408,53.0
1415456,63.0
1415584,53.0
1415600,57.0
1415616,33.0
1415632,74.0
1415632,58.0
1415696,41.0
1415776,54.0
1415840,42.0
1415840,44.0
1415872,31.0
1415920,32.0
1415968,64.0
1415968,21.0
1416000,34.0
1416016,44.0
1416064,23.0
1416112,60.0
1416208,23.0
1416240,20.0
1416320,87.0
1416464,53.0
1416480,55.0
1416496,45.0
1416528,59.0
1416560,37.0
1416608,40.0
1416608,61.0
1416688,53.0
1416736,45.0
1416736,33.0
1416800,58.0
1416960,56.0
1417024,29.0
1417072,52.0
1417136,64.0
1417184,54.0
1417232,31.0
1417248,45.0
1417328,40.0
1417328,53.0
1417360,56.0
1417360,47.0
1417392,49.0
1417504,48.0
1417632,42.0
1417728,41.0
1417728,58.0
1417792,38.0
1417856,39.0
1417872,34.0
1417888,40.0
1417904,55.0
1417936,121.0
1417936,36.0
1418016,55.0
1418048,45.0
1418256,110.0
1418368,40.0
1418384,64.0
1418384,55.0
1418400,42.0
1418480,43.0
1418480,39.0
1418544,38.0
1418544,72.0
1418576,42.0
1418640,37.0
1418720,52.0
1418720,53.0
1418816,50.0
1418848,57.0
1418880,78.0
1419040,49.0
1419040,41.0
1419216,40.0
1419216,52.0
1419376,56.0
1419392,57.0
1419392,42.0
1419424,55.0
1419424,36.0
1419536,73.0
1419568,64.0
1419600,75.0
1419664,59.0
1419744,54.0
1419744,33.0
1419776,71.0
1419792,47.0
1419808,24.0
1419824,27.0
1419872,66.0
1419872,30.0
1420032,41.0
1420096,33.0
1420128,68.0
1420128,57.0
1420272,42.0
1420272,53.0
1420368,52.0
1420400,33.0
1420480,38.0
1420512,46.0
1420576,52.0
1420672,58.0
1420688,55.0
1420768,25.0
1420784,70.0
1420816,34.0
1420848,51.0
1420864,65.0
1420864,67.0
1420896,50.0
1420912,49.0
1421056,41.0
1421152,42.0
1421184,32.0
1421216,28.0
1421440,54.0
1421472,49.0
1421488,76.0
1421504,40.0
1421520,38.0
1421536,45.0
1421568,49.0
1421616,93.0
1421616,27.0
1421664,50.0
1421728,76.0
1421744,37.0
1421872,61.0
1421888,52.0
1422000,72.0
1422000,27.0
1422016,25.0
1422064,39.0
1422080,37.0
1422096,55.0
1422176,42.0
1422192,33.0
1422272,46.0
1422448,44.0
1422464,36.0
1422464,59.0
1422528,41.0
1422640,73.0
1422656,65.0
1422656,36.0
1422672,38.0
1422784,38.0
1422800,33.0
1422848,52.0
1422864,54.0
1422944,76.0
1422992,56.0
1423024,35.0
1423040,37.0
1423104,57.0
1423152,72.0
1423200,33.0
1423232,48.0
1423296,32.0
1423328,33.0
1423376,33.0
1423424,30.0
1423520,54.0
1423552,32.0
1423584,58.0
1423600,67.0
1423616,37.0
1423664,32.0
1423728,39.0
1423728,31.0
1423872,42.0
1423888,78.0
1423920,39.0
1423968,40.0
1423984,23.0
1424032,41.0
1424048,74.0
1424112,70.0
1424176,39.0
1424336,47.0
1424400,55.0
1424400,26.0
1424432,29.0
1424480,38.0
1424528,40.0
1424592,54.0
1424608,59.0
1424672,59.0
1424768,41.0
1424928,94.0
1424944,34.0
1425008,68.0
1425104,42.0
1425152,69.0
1425216,51.0
1425360,74.0
1425376,53.0
1425408,58.0
1425424,41.0
1425440,52.0
1425456,33.0
1425488,51.0
1425504,119.0
1425600,41.0
1425664,41.0
1425728,71.0
1425776,42.0
1425776,109.0
1425840,94.0
1425904,43.0
1425936,49.0
1426016,36.0
1426128,48.0
1426176,25.0
1426256,55.0
1426304,55.0
1426400,57.0
1426400,50.0
1426416,40.0
1426448,59.0
1426480,64.0
1426480,47.0
1426544,26.0
1426592,58.0
1426624,76.0
1426688,32.0
1426688,47.0
1426784,15.0
1426832,24.0
1426832,62.0
1426976,36.0
1427008,44.0
1427056,36.0
1427136,77.0
1427152,33.0
1427200,59.0
1427200,50.0
1427280,37.0
1427312,52.0
1427328,82.0
1427328,57.0
1427344,41.0
1427360,48.0
1427488,44.0
1427568,46.0
1427568,26.0
1427616,49.0
1427792,46.0
1427808,42.0
1427888,34.0
1427904,39.0
1427936,46.0
1427968,40.0
1427984,26.0
1428048,45.0
1428112,47.0
1428144,73.0
1428144,41.0
1428176,61.0
1428240,39.0
1428352,24.0
1428384,36.0
1428384,28.0
1428416,88.0
1428448,55.0
1428528,30.0
1428544,77.0
1428608,23.0
1428624,30.0
1428752,36.0
1428784,42.0
1428832,24.0
1428832,43.0
1428960,22.0
1429024,40.0
1429040,32.0
1429104,43.0
1429136,49.0
1429264,55.0
1429296,87.0
1429360,92.0
1429376,87.0
1429392,35.0
1429424,55.0
1429504,47.0
1429616,32.0
1429664,52.0
1429664,44.0
1429680,66.0
1429808,24.0
1429824,49.0
1429824,127.0
1429872,68.0
1429904,38.0
1429904,34.0
1430016,47.0
1430096,45.0
1430096,60.0
1430128,46.0
1430256,77.0
1430304,40.0
1430384,48.0
1430416,38.0
1430464,60.0
1430496,39.0
1430544,33.0
1430656,47.0
1430672,62.0
1430800,71.0
1430928,52.0
1430928,50.0
1430928,69.0
1430944,43.0
1430944,28.0
1431008,74.0
1431040,41.0
1431200,56.0
1431216,70.0
1431264,53.0
1431376,27.0
1431376,57.0
1431392,46.0
1431408,25.0
1431424,55.0
1431504,36.0
1431520,37.0
1431584,24.0
1431680,40.0
1431760,60.0
1431776,69.0
1431840,28.0
1431888,59.0
1431920,126.0
1431968,35.0
1432000,39.0
1432032,48.0
1432048,52.0
1432112,37.0
1432192,79.0
1432272,53.0
1432352,36.0
1432400,40.0
1432528,72.0
1432544,65.0
1432576,24.0
1432640,47.0
1432656,38.0
1432656,34.0
1432688,41.0
1432688,69.0
1432768,53.0
1432880,22.0
1432896,39.0
1432992,82.0
1432992,40.0
1433024,74.0
1433200,50.0
1433200,77.0
1433280,37.0
1433360,44.0
1433408,48.0
1433424,46.0
1433440,56.0
1433504,39.0
1433520,33.0
1433584,99.0
1433616,53.0
1433712,43.0
1433760,54.0
1433776,36.0
1433824,78.0
1433920,25.0
1433984,83.0
1434000,45.0
1434000,26.0
1434208,31.0
1434240,39.0
1434256,47.0
1434288,81.0
1434288,55.0
1434320,60.0
1434336,36.0
1434368,73.0
1434496,66.0
1434512,43.0
1434528,38.0
1434576,37.0
1434592,37.0
1434720,27.0
1434752,29.0
1434784,34.0
1434832,36.0
1434896,43.0
1434912,36.0
1434992,98.0
1434992,39.0
1435008,77.0
1435008,63.0
1435008,26.0
1435040,45.0
1435040,29.0
1435120,18.0
1435136,40.0
1435136,39.0
1435264,34.0
1435296,34.0
1435344,35.0
1435392,25.0
1435392,24.0
1435456,20.0
1435600,38.0
1435600,43.0
1435696,35.0
1435792,47.0
1435808,50.0
1435856,29.0
1435872,84.0
1435872,54.0
1435904,49.0
1435920,39.0
1436080,51.0
1436112,48.0
1436128,27.0
1436176,24.0
1436176,49.0
1436192,37.0
1436192,81.0
1436256,41.0
1436288,24.0
1436400,33.0
1436432,87.0
1436496,23.0
1436496,36.0
1436512,25.0
1436512,41.0
1436576,70.0
1436592,25.0
1436608,46.0
1436720,33.0
1436848,35.0
1436864,43.0
1436896,29.0
1436992,25.0
1437024,59.0
1437072,51.0
1437104,81.0
1437152,41.0
1437152,61.0
1437200,39.0
1437312,50.0
1437376,22.0
1437408,50.0
1437424,44.0
1437520,13.0
1437520,41.0
1437536,71.0
1437600,69.0
1437696,74.0
1437696,34.0
1437760,24.0
1437808,38.0
1437984,52.0
1437984,62.0
1438016,57.0
1438032,74.0
1438080,20.0
1438128,77.0
1438128,38.0
1438160,39.0
1438176,41.0
1438240,40.0
1438304,77.0
1438336,58.0
1438368,35.0
1438368,59.0
1438368,42.0
1438400,26.0
1438464,27.0
1438512,31.0
1438576,37.0
1438576,55.0
1438688,35.0
1438704,29.0
1438704,19.0
1438720,24.0
1438816,41.0
1438848,42.0
1438880,47.0
1438880,32.0
1439008,20.0
1439056,47.0
1439088,63.0
1439120,41.0
1439312,50.0
1439344,48.0
1439360,41.0
1439424,38.0
1439520,27.0
1439568,54.0
1439648,48.0
1439648,48.0
1439680,69.0
1439760,40.0
1439840,49.0
1439840,31.0
1439888,55.0
1439904,96.0
1439904,96.0
1439920,67.0
1439936,36.0
1440128,35.0
1440176,54.0
1440192,92.0
1440256,26.0
1440272,37.0
1440304,55.0
1440368,45.0
1440400,31.0
1440464,39.0
1440480,35.0
1440512,38.0
1440560,57.0
1440624,69.0
1440688,58.0
1440688,35.0
1440752,51.0
1440928,46.0
1440944,42.0
1441024,34.0
1441024,29.0
1441152,49.0
1441216,44.0
1441264,54.0
1441280,33.0
1441360,56.0
1441376,67.0
1441408,72.0
1441520,56.0
1441552,38.0
1441616,58.0
1441664,93.0
1441776,47.0
1441856,36.0
1441904,61.0
1441920,23.0
1441920,41.0
1442048,56.0
1442048,85.0
1442048,40.0
1442064,53.0
1442080,35.0
1442144,49.0
1442160,142.0
1442240,29.0
1442256,55.0
1442304,24.0
1442432,36.0
1442480,54.0
1442608,33.0
1442624,44.0
1442624,45.0
1442640,61.0
1442656,38.0
1442736,37.0
1442736,43.0
1442784,39.0
1442800,47.0
1442848,114.0
1442912,38.0
1443072,51.0
1443136,41.0
1443136,25.0
1443264,40.0
1443312,67.0
1443312,78.0
1443344,43.0
1443392,34.0
1443392,49.0
1443440,51.0
1443456,41.0
1443488,36.0
1443504,45.0
1443568,31.0
1443648,21.0
1443648,12.0
1443760,64.0
1443776,84.0
1443792,41.0
1443824,27.0
1443872,77.0
1443968,44.0
1443984,37.0
1444080,40.0
1444384,67.0
1444384,32.0
1444400,52.0
1444464,42.0
1444480,71.0
1444496,63.0
1444512,46.0
1444544,36.0
1444560,66.0
1444592,59.0
1444592,52.0
1444640,94.0
1444656,52.0
1444720,40.0
1444784,50.0
1444992,31.0
1444992,38.0
1445088,36.0
1445136,34.0
1445152,47.0
1445152,42.0
1445248,100.0
1445312,47.0
1445328,59.0
1445344,44.0
1445360,44.0
1445392,58.0
1445440,41.0
1445552,52.0
1445568,36.0
1445568,30.0
1445680,68.0
1445696,34.0
1445936,34.0
1445984,62.0
1446000,47.0
1446112,60.0
1446144,52.0
1446192,54.0
1446208,40.0
1446224,41.0
1446272,37.0
1446304,38.0
1446384,64.0
1446400,60.0
1446480,84.0
1446528,74.0
1446576,27.0
1446784,24.0
1446784,49.0
1446816,79.0
1446832,56.0
1446880,38.0
1446896,43.0
1447008,44.0
1447008,49.0
1447008,51.0
1447024,34.0
1447024,65.0
1447184,23.0
1447264,170.0
1447264,43.0
1447344,51.0
1447360,36.0
1447408,81.0
1447424,37.0
1447520,40.0
1447648,24.0
1447664,41.0
1447696,42.0
1447744,53.0
1447776,48.0
1447776,37.0
1447920,36.0
1447968,59.0
1447984,100.0
1448016,38.0
1448064,34.0
1448080,81.0
1448096,52.0
1448160,29.0
1448208,35.0
1448224,28.0
1448272,53.0
1448304,81.0
1448480,51.0
1448576,52.0
1448608,39.0
1448608,37.0
1448624,35.0
1448704,39.0
1448704,46.0
1448720,59.0
1448752,37.0
1448944,64.0
1449024,104.0
1449072,53.0
1449072,48.0
1449136,26.0
1449168,29.0
1449184,36.0
1449200,69.0
1449200,39.0
1449232,60.0
1449376,56.0
1449472,33.0
1449520,82.0
1449648,65.0
1449664,60.0
1449680,32.0
1449696,35.0
1449728,44.0
1449760,33.0
1449808,46.0
1449840,48.0
1449920,34.0
1449968,48.0
1449984,49.0
1450000,20.0
1450032,35.0
1450064,55.0
1450096,36.0
1450256,28.0
1450272,27.0
1450304,97.0
1450368,38.0
1450384,29.0
1450384,26.0
1450496,48.0
1450592,59.0
1450592,35.0
1450624,39.0
1450656,35.0
1450688,129.0
1450688,39.0
1450736,67.0
1450832,53.0
1450912,33.0
1451056,49.0
1451200,44.0
1451248,41.0
1451264,42.0
1451280,99.0
1451296,58.0
1451328,40.0
1451344,60.0
1451360,42.0
1451360,44.0
1451456,45.0
1451472,73.0
1451536,39.0
1451584,21.0
1451648,24.0
1451808,61.0
1451824,48.0
1451872,78.0
1451904,39.0
1451936,36.0
1451952,41.0
1452032,111.0
1452048,53.0
1452112,47.0
1452224,47.0
1452256,50.0
1452272,59.0
1452304,25.0
1452336,43.0
1452352,63.0
1452368,49.0
1452496,60.0
1452528,44.0
1452528,45.0
1452592,40.0
1452608,24.0
1452624,43.0
1452656,49.0
1452768,46.0
1452768,45.0
1452768,27.0
1452848,36.0
1452880,48.0
1452880,24.0
1452992,29.0
1453040,24.0
1453120,31.0
1453136,38.0
1453184,51.0
1453248,62.0
1453392,39.0
1453424,51.0
1453424,52.0
1453440,28.0
1453456,43.0
1453472,44.0
1453568,76.0
1453664,85.0
1453712,52.0
1453760,45.0
1453808,26.0
1453872,25.0
1453888,47.0
1453920,65.0
1453968,34.0
1453984,26.0
1454000,21.0
1454016,48.0
1454096,61.0
1454112,79.0
1454224,26.0
1454400,27.0
1454416,44.0
1454416,34.0
1454448,62.0
1454528,34.0
1454528,48.0
1454560,86.0
1454560,71.0
1454624,39.0
1454640,45.0
1454800,49.0
1454800,57.0
1454800,24.0
1454832,46.0
1454880,41.0
1454912,32.0
1454960,34.0
1454992,29.0
1455040,32.0
1455056,59.0
1455072,102.0
1455200,40.0
1455296,53.0
1455360,50.0
1455408,38.0
1455456,52.0
1455472,35.0
1455488,43.0
1455552,57.0
1455584,49.0
1455600,38.0
1455616,49.0
1455728,41.0
1455744,34.0
1455760,25.0
1455824,49.0
1455920,39.0
1455952,56.0
1455968,63.0
1456064,41.0
1456224,48.0
1456240,85.0
1456304,21.0
1456304,34.0
1456320,36.0
1456336,53.0
1456352,27.0
1456432,53.0
1456480,55.0
1456496,64.0
1456496,34.0
1456576,64.0
1456624,56.0
1456720,41.0
1456752,33.0
1456848,34.0
1456912,35.0
1456944,70.0
1456976,34.0
1456992,42.0
1457040,44.0
1457120,39.0
1457216,57.0
1457232,101.0
1457344,48.0
1457360,70.0
1457392,48.0
1457392,56.0
1457456,32.0
1457456,61.0
1457472,45.0
1457520,50.0
1457568,37.0
1457616,36.0
1457776,41.0
1457808,26.0
1457824,52.0
1457952,69.0
1457952,35.0
1458112,41.0
1458176,59.0
1458192,45.0
1458192,39.0
1458208,81.0
1458208,24.0
1458224,17.0
1458240,39.0
1458304,49.0
1458336,24.0
1458400,65.0
1458400,59.0
1458496,80.0
1458544,13.0
1458544,75.0
1458592,51.0
1458800,43.0
1458800,38.0
1458832,40.0
1458864,40.0
1458928,70.0
1458960,49.0
1458976,46.0
1459008,50.0
1459008,44.0
1459040,40.0
1459120,36.0
1459232,40.0
1459264,48.0
1459312,69.0
1459344,59.0
1459376,52.0
1459472,42.0
1459472,32.0
1459472,42.0
1459584,20.0
1459600,42.0
1459648,51.0
1459664,22.0
1459776,46.0
1459792,49.0
1459808,43.0
1459904,27.0
1459904,42.0
1459904,33.0
1460000,71.0
1460144,42.0
1460160,35.0
1460240,29.0
1460256,49.0
1460368,87.0
1460368,85.0
1460384,50.0
1460432,39.0
1460432,49.0
1460448,41.0
1460528,54.0
1460560,41.0
1460640,40.0
1460672,83.0
1460688,49.0
1460800,34.0
1460880,61.0
1460896,41.0
1460992,27.0
1461040,55.0
1461056,33.0
1461088,59.0
1461120,46.0
1461184,51.0
1461360,57.0
1461376,63.0
1461392,37.0
1461408,46.0
1461424,62.0
1461472,52.0
1461488,66.0
1461536,28.0
1461552,35.0
1461552,31.0
1461600,57.0
1461712,33.0
1461728,43.0
1461856,27.0
1461888,25.0
1461904,63.0
1461952,37.0
1462000,39.0
1462032,31.0
1462224,84.0
1462224,52.0
1462400,53.0
1462448,46.0
1462464,36.0
1462544,51.0
1462640,40.0
1462688,98.0
1462736,44.0
1462736,55.0
1462752,80.0
1462784,86.0
1462848,28.0
1462848,81.0
1462896,42.0
1462928,29.0
1462944,25.0
1463056,91.0
1463104,29.0
1463120,73.0
1463168,79.0
1463280,37.0
1463296,34.0
1463312,36.0
1463344,26.0
1463360,71.0
1463488,65.0
1463520,42.0
1463568,32.0
1463648,50.0
1463696,50.0
1463856,70.0
1463856,36.0
1463904,38.0
1463920,61.0
1463968,39.0
1463968,41.0
1464032,58.0
1464192,44.0
1464208,43.0
1464224,66.0
1464240,24.0
1464304,74.0
1464320,39.0
1464336,43.0
1464400,34.0
1464448,68.0
1464528,38.0
1464592,35.0
1464656,68.0
1464656,43.0
1464656,28.0
1464672,48.0
1464752,28.0
1464768,124.0
1464816,39.0
1465024,36.0
1465056,68.0
1465088,27.0
1465104,55.0
1465136,29.0
1465136,56.0
1465152,52.0
1465216,55.0
1465280,55.0
1465312,49.0
1465312,45.0
1465392,36.0
1465392,46.0
1465408,40.0
1465408,24.0
1465472,51.0
1465584,31.0
1465632,36.0
1465744,29.0
1465792,40.0
1465824,27.0
1465952,40.0
1465952,46.0
1466000,56.0
1466016,24.0
1466048,40.0
1466080,48.0
1466128,24.0
1466128,41.0
1466176,48.0
1466224,68.0
1466256,42.0
1466432,38.0
1466432,81.0
1466464,29.0
1466512,110.0
1466640,39.0
1466640,37.0
1466704,57.0
1466768,40.0
1466800,36.0
1466800,45.0
1466832,55.0
1466848,45.0
1466928,47.0
1466960,44.0
1466992,30.0
1467008,66.0
1467024,102.0
1467040,38.0
1467136,42.0
1467136,31.0
1467184,26.0
1467312,32.0
1467344,34.0
1467360,58.0
1467392,34.0
1467440,28.0
1467472,48.0
1467504,54.0
1467568,34.0
1467600,40.0
1467680,34.0
1467712,44.0
1467808,61.0
1467840,57.0
1467856,26.0
1467856,34.0
1467888,53.0
1468080,36.0
1468160,43.0
1468160,50.0
1468160,64.0
1468176,52.0
1468208,51.0
1468288,45.0
1468416,51.0
1468448,35.0
1468464,41.0
1468480,40.0
1468512,22.0
1468544,43.0
1468560,86.0
1468592,46.0
1468592,55.0
1468672,31.0
1468688,33.0
1468688,63.0
1468720,32.0
1468784,20.0
1468864,36.0
1468896,28.0
1468976,24.0
1469040,28.0
1469136,45.0
1469152,62.0
1469152,38.0
1469216,46.0
1469248,29.0
1469248,36.0
1469264,47.0
1469328,27.0
1469392,44.0
1469408,45.0
1469424,44.0
1469456,30.0
1469552,21.0
1469632,37.0
1469680,70.0
1469824,35.0
1469856,44.0
1469904,41.0
1469936,50.0
1469952,117.0
1470000,71.0
1470064,46.0
1470128,44.0
1470160,48.0
1470192,32.0
1470208,66.0
1470224,51.0
1470224,61.0
1470352,31.0
1470384,12.0
1470544,34.0
1470576,32.0
1470592,27.0
1470608,66.0
1470656,75.0
1470672,34.0
1470688,54.0
1470704,48.0
1470768,71.0
1470864,41.0
1470912,33.0
1470912,60.0
1470944,45.0
1470976,39.0
1471056,22.0
1471088,74.0
1471120,56.0
1471136,30.0
1471168,39.0
1471200,37.0
1471232,23.0
1471360,37.0
1471376,29.0
1471472,35.0
1471504,24.0
1471520,27.0
1471520,59.0
1471536,53.0
1471552,36.0
1471600,58.0
1471616,64.0
1471632,43.0
1471728,31.0
1471760,44.0
1471776,40.0
1471968,28.0
1472000,25.0
1472064,35.0
1472096,39.0
1472112,47.0
1472128,58.0
1472128,37.0
1472160,34.0
1472208,43.0
1472240,67.0
1472320,37.0
1472400,53.0
1472448,67.0
1472496,25.0
1472512,46.0
1472560,31.0
1472608,40.0
1472768,35.0
1472928,43.0
1472944,28.0
1473024,87.0
1473040,80.0
1473088,61.0
1473088,60.0
1473088,43.0
1473248,70.0
1473264,41.0
1473280,52.0
1473280,45.0
1473312,34.0
1473440,58.0
1473488,25.0
1473504,30.0
1473504,84.0
1473520,95.0
1473632,37.0
1473696,48.0
1473760,51.0
1473840,47.0
1473872,49.0
1473872,38.0
1473888,24.0
1473920,100.0
1473936,41.0
1473984,44.0
1474064,51.0
1474080,48.0
1474176,43.0
1474176,42.0
1474208,48.0
1474224,24.0
1474304,38.0
1474320,35.0
1474368,12.0
1474384,54.0
1474432,50.0
1474480,34.0
1474480,38.0
1474784,44.0
1474832,39.0
1474864,34.0
1474880,41.0
1474912,33.0
1474960,67.0
1474960,61.0
1474976,57.0
1475008,68.0
1475008,71.0
1475040,38.0
1475136,60.0
1475152,53.0
1475264,56.0
1475328,34.0
1475344,54.0
1475424,35.0
1475504,64.0
1475536,36.0
1475632,41.0
1475664,47.0
1475680,50.0
1475728,45.0
1475792,47.0
1475792,49.0
1475824,62.0
1475840,55.0
1476000,46.0
1476048,57.0
1476048,45.0
1476064,57.0
1476096,26.0
1476160,39.0
1476176,34.0
1476192,25.0
1476256,37.0
1476416,37.0
1476464,23.0
1476528,46.0
1476528,43.0
1476544,65.0
1476544,75.0
1476560,24.0
1476608,74.0
1476656,37.0
1476704,34.0
1476960,77.0
1476992,24.0
1477024,23.0
1477056,54.0
1477072,38.0
1477120,37.0
1477168,38.0
1477216,73.0
1477232,43.0
1477248,52.0
1477344,81.0
1477360,69.0
1477376,86.0
1477472,28.0
1477520,61.0
1477568,28.0
1477680,39.0
1477696,33.0
1477712,30.0
1477824,38.0
1477872,33.0
1477920,34.0
1477936,43.0
1477952,89.0
1477968,31.0
1478048,43.0
1478112,37.0
1478112,72.0
1478128,27.0
1478128,89.0
1478208,76.0
1478352,80.0
1478368,26.0
1478432,32.0
1478480,41.0
1478512,40.0
1478560,12.0
1478640,58.0
1478688,40.0
1478704,36.0
1478704,48.0
1478768,68.0
1478784,17.0
1478880,57.0
1478896,48.0
1478976,39.0
1479024,57.0
1479040,58.0
1479072,40.0
1479136,31.0
1479168,38.0
1479344,23.0
1479376,42.0
1479392,57.0
1479424,46.0
1479472,36.0
1479504,29.0
1479520,51.0
1479664,40.0
1479696,58.0
1479728,53.0
1479744,38.0
1479744,136.0
1479760,37.0
1479792,23.0
1479952,13.0
1479968,39.0
1479968,56.0
1480000,112.0
1480080,81.0
1480160,40.0
1480176,42.0
1480272,36.0
1480336,23.0
1480368,62.0
1480400,40.0
1480480,25.0
1480544,67.0
1480560,52.0
1480592,26.0
1480592,40.0
1480592,39.0
1480608,76.0
1480640,56.0
1480832,65.0
1480880,45.0
1481008,38.0
1481024,64.0
1481104,35.0
1481104,52.0
1481152,93.0
1481168,36.0
1481200,52.0
1481200,54.0
1481216,38.0
1481280,43.0
1481360,48.0
1481408,19.0
1481440,55.0
1481536,27.0
1481664,49.0
1481824,51.0
1481840,75.0
1481840,85.0
1481872,45.0
1481872,32.0
1481888,66.0
1481904,44.0
1481968,33.0
1482032,51.0
1482048,40.0
1482064,54.0
1482272,62.0
1482304,48.0
1482304,29.0
1482352,74.0
1482480,26.0
1482480,38.0
1482496,41.0
1482512,43.0
1482560,41.0
1482592,35.0
1482624,46.0
1482672,50.0
1482672,25.0
1482672,63.0
1482688,12.0
1482928,23.0
1483008,41.0
1483056,24.0
1483056,29.0
1483088,65.0
1483104,27.0
1483120,40.0
1483200,43.0
1483200,56.0
1483232,38.0
1483296,51.0
1483312,40.0
1483360,146.0
1483376,43.0
1483568,100.0
1483616,35.0
1483616,31.0
1483632,27.0
1483632,36.0
1483776,53.0
1483776,34.0
1483856,48.0
1483888,99.0
1483920,51.0
1483952,40.0
1484000,24.0
1484048,27.0
1484064,44.0
1484064,43.0
1484288,62.0
1484320,34.0
1484384,74.0
1484400,34.0
1484400,28.0
1484416,23.0
1484432,89.0
1484448,24.0
1484464,43.0
1484512,59.0
1484608,61.0
1484688,11.0
1484720,45.0
1484768,71.0
1484768,44.0
1484864,59.0
1484928,65.0
1484960,36.0
1484976,36.0
1484992,35.0
1484992,37.0
1485104,40.0
1485152,24.0
1485184,54.0
1485280,62.0
1485296,38.0
1485312,34.0
1485312,37.0
1485552,69.0
1485552,35.0
1485568,38.0
1485568,36.0
1485600,31.0
1485664,78.0
1485744,51.0
1485760,49.0
1485760,36.0
1485824,76.0
1485904,39.0
1485904,38.0
1485952,25.0
1485984,70.0
1485984,42.0
1486032,45.0
1486112,34.0
1486144,36.0
1486160,38.0
1486208,19.0
1486240,31.0
1486320,41.0
1486368,38.0
1486432,52.0
1486464,82.0
1486560,20.0
1486624,37.0
1486656,42.0
1486704,24.0
1486720,36.0
1486720,56.0
1486736,61.0
1486816,44.0
1486928,45.0
1486944,36.0
1486976,67.0
1487088,22.0
1487184,33.0
1487216,66.0
1487248,49.0
1487280,45.0
1487328,32.0
1487376,42.0
1487376,87.0
1487392,42.0
1487408,20.0
1487472,53.0
1487504,36.0
1487520,68.0
1487520,36.0
1487584,102.0
1487584,19.0
1487680,29.0
1487824,53.0
1487840,27.0
1487904,41.0
1487968,40.0
1487984,38.0
1488016,27.0
1488080,85.0
1488112,33.0
1488128,47.0
1488128,59.0
1488128,38.0
1488304,50.0
1488352,23.0
1488384,57.0
1488448,34.0
1488512,31.0
1488528,53.0
1488576,46.0
1488592,75.0
1488688,54.0
1488720,37.0
1488768,41.0
1488784,25.0
1488928,60.0
1488992,54.0
1489008,55.0
1489072,24.0
1489088,23.0
1489104,21.0
1489120,38.0
1489152,102.0
1489216,40.0
1489264,57.0
1489280,61.0
1489296,53.0
1489344,35.0
1489344,79.0
1489408,30.0
1489488,60.0
1489520,33.0
1489552,34.0
1489600,33.0
1489664,67.0
1489744,41.0
1489760,40.0
1489840,31.0
1489856,32.0
1489920,44.0
1489952,29.0
1489984,52.0
1490048,49.0
1490048,47.0
1490192,40.0
1490192,37.0
1490224,44.0
1490256,53.0
1490320,65.0
1490336,36.0
1490352,27.0
1490416,36.0
1490544,35.0
1490624,36.0
1490720,29.0
1490768,64.0
1490784,46.0
1490928,67.0
1490960,34.0
1491024,52.0
1491024,52.0
1491040,51.0
1491136,50.0
1491216,54.0
1491232,29.0
1491264,30.0
1491280,41.0
1491296,21.0
1491328,139.0
1491392,90.0
1491424,31.0
1491440,56.0
1491456,27.0
1491472,113.0
1491472,72.0
1491584,54.0
1491600,35.0
1491664,28.0
1491808,21.0
1491824,37.0
1491824,24.0
1491856,36.0
1491904,28.0
1491952,33.0
1491952,58.0
1492096,39.0
1492160,54.0
1492192,58.0
1492272,28.0
1492336,75.0
1492464,67.0
1492480,41.0
1492496,37.0
1492496,43.0
1492512,53.0
1492544,59.0
1492560,44.0
1492560,61.0
1492656,44.0
1492656,83.0
1492704,34.0
1492784,52.0
1492848,22.0
1492880,24.0
1492960,39.0
1493008,51.0
1493024,47.0
1493104,34.0
1493184,42.0
1493216,42.0
1493264,24.0
1493312,76.0
1493328,23.0
1493344,49.0
1493344,54.0
1493344,43.0
1493360,32.0
1493472,51.0
1493536,52.0
1493584,23.0
1493664,41.0
1493776,62.0
1493776,47.0
1493792,28.0
1493888,39.0
1493968,94.0
1494048,59.0
1494096,57.0
1494240,57.0
1494240,29.0
1494304,59.0
1494304,32.0
1494336,54.0
1494336,64.0
1494368,49.0
1494432,29.0
1494512,61.0
1494528,40.0
1494560,76.0
1494576,33.0
1494672,56.0
1494736,31.0
1494752,68.0
1494768,33.0
1494800,31.0
1494832,93.0
1494944,38.0
1495056,43.0
1495120,49.0
1495184,41.0
1495280,33.0
1495280,14.0
1495296,39.0
1495296,54.0
1495312,47.0
1495312,36.0
1495328,35.0
1495392,51.0
1495408,56.0
1495456,72.0
1495600,48.0
1495728,58.0
1495728,34.0
1495744,29.0
1495776,31.0
1495808,31.0
1495824,14.0
1495856,57.0
1495872,47.0
1495904,38.0
1495936,39.0
1495936,33.0
1495952,41.0
1496048,37.0
1496064,42.0
1496112,49.0
1496128,127.0
1496432,36.0
1496432,44.0
1496544,46.0
1496560,49.0
1496560,52.0
1496656,47.0
1496704,41.0
1496704,48.0
1496736,54.0
1496752,50.0
1496800,66.0
1496944,63.0
1496960,33.0
1496992,58.0
1497200,67.0
1497200,68.0
1497264,90.0
1497312,32.0
1497360,50.0
1497376,59.0
1497408,42.0
1497504,47.0
1497504,60.0
1497520,51.0
1497584,39.0
1497664,63.0
1497808,69.0
1497872,55.0
1497872,42.0
1497888,39.0
1497952,40.0
1498096,32.0
1498128,98.0
1498128,58.0
1498128,48.0
1498144,46.0
1498304,85.0
1498336,51.0
1498368,44.0
1498400,33.0
1498448,31.0
1498464,60.0
1498528,25.0
1498544,46.0
1498560,66.0
1498560,74.0
1498608,46.0
1498656,33.0
1498784,40.0
1498864,26.0
1498880,22.0
1498912,34.0
1499024,29.0
1499024,35.0
1499072,61.0
1499072,59.0
1499120,21.0
1499152,51.0
1499200,50.0
1499200,40.0
1499248,44.0
1499264,60.0
1499296,43.0
1499392,30.0
1499456,37.0
1499520,31.0
1499568,28.0
1499568,105.0
1499600,25.0
1499616,60.0
1499632,47.0
1499664,25.0
1499680,27.0
1499744,45.0
1499776,44.0
1499824,39.0
1499888,51.0
1500032,27.0
1500128,38.0
1500192,39.0
1500240,39.0
1500240,53.0
1500304,42.0
1500304,39.0
1500400,39.0
1500400,69.0
1500432,48.0
1500464,63.0
1500496,84.0
1500704,55.0
1500720,72.0
1500816,26.0
1500848,38.0
1500912,49.0
1500944,47.0
1501008,34.0
1501072,36.0
1501120,55.0
1501200,73.0
1501216,57.0
1501216,57.0
1501328,90.0
1501360,60.0
1501360,34.0
1501376,33.0
1501424,13.0
1501440,45.0
1501488,49.0
1501520,32.0
1501552,38.0
1501552,40.0
1501568,71.0
1501856,46.0
1501856,41.0
1501904,33.0
1502032,60.0
1502064,44.0
1502080,146.0
1502288,46.0
1502288,67.0
1502400,67.0
1502464,38.0
1502544,64.0
1502576,45.0
1502592,69.0
1502640,80.0
1502656,76.0
1502720,43.0
1502752,75.0
1502800,45.0
1502832,48.0
1502864,36.0
1502896,31.0
1502944,86.0
1502976,97.0
1503136,30.0
1503136,31.0
1503200,30.0
1503280,46.0
1503296,44.0
1503296,87.0
1503408,59.0
1503520,45.0
1503568,62.0
1503632,46.0
1503632,31.0
1503648,56.0
1503664,50.0
1503664,45.0
1503808,61.0
1503840,97.0
1503872,36.0
1504016,24.0
1504080,49.0
1504144,46.0
1504160,55.0
1504256,28.0
1504272,44.0
1504288,39.0
1504336,42.0
1504336,29.0
1504368,53.0
1504464,79.0
1504464,20.0
1504464,83.0
1504480,40.0
1504480,52.0
1504672,24.0
1504720,44.0
1504832,75.0
1504832,22.0
1504912,28.0
1504944,49.0
1504976,45.0
1504992,33.0
1505040,60.0
1505056,45.0
1505072,131.0
1505136,48.0
1505136,29.0
1505152,27.0
1505168,56.0
1505216,47.0
1505248,57.0
1505328,53.0
1505408,31.0
1505456,32.0
1505536,25.0
1505664,37.0
1505712,35.0
1505728,56.0
1505728,43.0
1505776,40.0
1505792,50.0
1505808,52.0
1505920,42.0
1505952,70.0
1505952,56.0
1505984,41.0
1506144,26.0
1506192,33.0
1506272,51.0
1506336,24.0
1506352,25.0
1506352,40.0
1506512,45.0
1506512,37.0
1506544,51.0
1506560,72.0
1506608,39.0
1506656,70.0
1506656,55.0
1506736,58.0
1506800,102.0
1506912,22.0
1507040,48.0
1507216,26.0
1507264,57.0
1507264,57.0
1507280,59.0
1507296,40.0
1507296,43.0
1507296,130.0
1507344,52.0
1507424,77.0
1507456,26.0
1507504,85.0
1507552,40.0
1507584,67.0
1507584,65.0
1507680,24.0
1507760,69.0
1507872,38.0
1507920,40.0
1507920,39.0
1507952,76.0
1507984,45.0
1508016,27.0
1508048,31.0
1508096,37.0
1508112,51.0
1508144,35.0
1508192,46.0
1508288,38.0
1508288,26.0
1508320,56.0
1508320,61.0
1508480,35.0
1508512,47.0
1508528,82.0
1508704,32.0
1508704,47.0
1508752,46.0
1508784,43.0
1508832,49.0
1508848,58.0
1508848,54.0
1508944,39.0
1508992,42.0
1508992,44.0
1509024,11.0
1509120,17.0
1509120,26.0
1509152,39.0
1509184,30.0
1509200,45.0
1509248,46.0
1509312,35.0
1509376,68.0
1509456,84.0
1509456,82.0
1509520,43.0
1509568,49.0
1509616,39.0
1509632,32.0
1509728,49.0
1509808,39.0
1509872,26.0
1509920,50.0
1509936,59.0
1509968,22.0
1510016,40.0
1510048,30.0
1510048,56.0
1510064,65.0
1510112,54.0
1510128,42.0
1510176,34.0
1510176,41.0
1510256,59.0
1510368,35.0
1510480,38.0
1510480,23.0
1510528,25.0
1510544,84.0
1510608,40.0
1510640,39.0
1510672,47.0
1510864,50.0
1510896,53.0
1510928,35.0
1510944,76.0
1510944,29.0
1511008,67.0
1511040,31.0
1511088,65.0
1511104,39.0
1511232,61.0
1511296,43.0
1511296,25.0
1511344,51.0
1511360,45.0
1511424,47.0
1511488,82.0
1511504,25.0
1511520,41.0
1511520,36.0
1511552,86.0
1511600,37.0
1511712,39.0
1511744,25.0
1511808,16.0
1511808,48.0
1511856,58.0
1511856,57.0
1511872,36.0
1511904,26.0
1512032,32.0
1512096,36.0
1512096,37.0
1512112,43.0
1512336,69.0
1512368,29.0
1512368,17.0
1512400,34.0
1512448,68.0
1512464,37.0
1512464,45.0
1512480,42.0
1512496,75.0
1512512,50.0
1512608,47.0
1512608,31.0
1512656,66.0
1512736,23.0
1512768,42.0
1512800,48.0
1512928,70.0
1512960,31.0
1512992,33.0
1512992,41.0
1513008,38.0
1513136,40.0
1513152,31.0
1513184,36.0
1513184,36.0
1513344,56.0
1513360,53.0
1513408,65.0
1513456,45.0
1513472,30.0
1513584,69.0
1513632,31.0
1513632,40.0
1513648,55.0
1513664,54.0
1513696,43.0
1513744,37.0
1513808,39.0
1513824,12.0
1513840,27.0
1513872,11.0
1513984,64.0
1514000,41.0
1514064,12.0
1514080,38.0
1514080,27.0
1514128,34.0
1514176,51.0
1514288,69.0
1514464,39.0
1514528,29.0
1514592,38.0
1514672,37.0
1514704,39.0
1514800,62.0
1514864,46.0
1514880,78.0
1514912,68.0
1514976,32.0
1515008,84.0
1515040,65.0
1515056,48.0
1515168,140.0
1515184,30.0
1515216,110.0
1515248,45.0
1515264,42.0
1515312,98.0
1515344,73.0
1515392,33.0
1515408,46.0
1515440,35.0
1515472,42.0
1515552,34.0
1515632,45.0
1515744,43.0
1515792,47.0
1515840,54.0
1515936,24.0
1515968,45.0
1516080,56.0
1516128,24.0
1516192,22.0
1516224,66.0
1516256,59.0
1516288,51.0
1516320,33.0
1516336,56.0
1516352,60.0
1516368,60.0
1516400,71.0
1516432,50.0
1516448,12.0
1516496,72.0
1516576,28.0
1516640,89.0
1516800,28.0
1516816,39.0
1516832,54.0
1516912,39.0
1517040,37.0
1517168,50.0
1517248,53.0
1517264,48.0
1517280,84.0
1517328,62.0
1517360,35.0
1517376,50.0
1517456,39.0
1517488,42.0
1517504,67.0
1517536,82.0
1517568,33.0
1517584,42.0
1517632,62.0
1517696,86.0
1517904,36.0
1517904,46.0
1517936,116.0
1517952,36.0
1517984,39.0
1518080,32.0
1518144,43.0
1518144,41.0
1518160,57.0
1518208,44.0
1518288,44.0
1518288,24.0
1518320,66.0
1518368,24.0
1518448,51.0
1518512,35.0
1518560,54.0
1518592,82.0
1518720,27.0
1518816,42.0
1518816,57.0
1518848,40.0
1518864,44.0
1518864,45.0
1518896,60.0
1518912,12.0
1518928,40.0
1518928,87.0
1518944,36.0
1518976,56.0
1519008,35.0
1519120,50.0
1519136,14.0
1519168,38.0
1519168,41.0
1519184,37.0
1519408,34.0
1519504,31.0
1519520,36.0
1519520,34.0
1519536,25.0
1519552,43.0
1519600,30.0
1519648,50.0
1519680,11.0
1519696,55.0
1519760,52.0
1519920,47.0
1520000,30.0
1520000,29.0
1520016,38.0
1520112,59.0
1520112,58.0
1520144,83.0
1520160,40.0
1520192,31.0
1520288,46.0
1520368,38.0
1520416,93.0
1520512,32.0
1520560,40.0
1520576,36.0
1520640,17.0
1520640,39.0
1520672,111.0
1520704,37.0
1520704,34.0
1520784,42.0
1520784,23.0
1520800,72.0
1520880,75.0
1520896,24.0
1520944,41.0
1521104,94.0
1521168,33.0
1521168,38.0
1521184,62.0
1521184,65.0
1521344,44.0
1521360,41.0
1521376,37.0
1521424,39.0
1521520,51.0
1521600,51.0
1521616,59.0
1521696,47.0
1521744,54.0
1521760,54.0
1521808,40.0
1521808,44.0
1521840,79.0
1521888,45.0
1521984,38.0
1522016,41.0
1522096,47.0
1522096,22.0
1522128,38.0
1522208,64.0
1522336,28.0
1522464,54.0
1522528,45.0
1522528,57.0
1522576,55.0
1522576,46.0
1522576,51.0
1522656,35.0
1522752,59.0
1522768,49.0
1522864,53.0
1522864,90.0
1522896,107.0
1522912,36.0
1523008,34.0
1523024,23.0
1523088,32.0
1523168,37.0
1523216,29.0
1523216,68.0
1523248,42.0
1523264,66.0
1523312,49.0
1523328,35.0
1523392,33.0
1523392,54.0
1523392,81.0
1523616,33.0
1523632,39.0
1523632,23.0
1523776,28.0
1523776,38.0
1523808,37.0
1523824,38.0
1523840,59.0
1523856,38.0
1523920,38.0
1523936,34.0
1523984,70.0
1524000,61.0
1524016,13.0
1524080,28.0
1524240,25.0
1524336,89.0
1524384,47.0
1524400,34.0
1524432,38.0
1524560,39.0
1524608,76.0
1524656,42.0
1524656,65.0
1524672,80.0
1524672,56.0
1524688,19.0
1524752,61.0
1524768,33.0
1524768,53.0
1524768,48.0
1524848,26.0
1524992,27.0
1525008,62.0
1525072,46.0
1525216,33.0
1525344,43.0
1525344,37.0
1525344,79.0
1525344,42.0
1525360,37.0
1525424,36.0
1525424,51.0
1525472,51.0
1525552,55.0
1525696,39.0
1525712,59.0
1525808,50.0
1525808,51.0
1525856,32.0
1525888,34.0
1525984,40.0
1526000,49.0
1526032,79.0
1526032,35.0
1526064,45.0
1526080,45.0
1526160,46.0
1526192,112.0
1526240,51.0
1526240,43.0
1526256,23.0
1526304,28.0
1526320,39.0
1526384,36.0
1526608,56.0
1526624,37.0
1526672,30.0
1526704,45.0
1526720,57.0
1526752,31.0
1526768,29.0
1526768,43.0
1526784,47.0
1526896,41.0
1526912,53.0
1526976,41.0
1527056,66.0
1527072,18.0
1527120,25.0
1527136,56.0
1527136,33.0
1527152,28.0
1527264,40.0
1527360,28.0
1527376,38.0
1527488,51.0
1527568,37.0
1527584,75.0
1527600,52.0
1527600,90.0
1527664,32.0
1527664,48.0
1527808,42.0
1527824,47.0
1527856,50.0
1527952,52.0
1528000,54.0
1528192,90.0
1528208,38.0
1528224,46.0
1528272,28.0
1528304,40.0
1528368,63.0
1528368,23.0
1528384,45.0
1528384,70.0
1528384,50.0
1528400,64.0
1528432,36.0
1528448,55.0
1528576,48.0
1528672,45.0
1528720,28.0
1528816,27.0
1528864,30.0
1528864,79.0
1528896,32.0
1528944,47.0
1528992,43.0
1529072,53.0
1529184,38.0
1529184,51.0
1529184,46.0
1529264,25.0
1529280,38.0
1529344,39.0
1529360,18.0
1529424,33.0
1529440,67.0
1529456,78.0
1529632,77.0
1529696,52.0
1529728,46.0
1529776,32.0
1529776,26.0
1529824,40.0
1529856,65.0
1529856,42.0
1529888,28.0
1529904,45.0
1529984,97.0
1529984,44.0
1530000,36.0
1530016,42.0
1530064,11.0
1530128,27.0
1530144,75.0
1530272,28.0
1530320,34.0
1530432,61.0
1530480,39.0
1530496,27.0
1530496,23.0
1530528,32.0
1530528,34.0
1530592,43.0
1530656,58.0
1530752,38.0
1530784,63.0
1530832,21.0
1530864,54.0
1530960,83.0
1530992,29.0
1531056,67.0
1531104,42.0
1531120,79.0
1531152,55.0
1531216,39.0
1531264,27.0
1531408,41.0
1531408,47.0
1531456,71.0
1531664,71.0
1531664,74.0
1531680,56.0
1531744,39.0
1531760,44.0
1531792,58.0
1531824,38.0
1531840,55.0
1531872,38.0
1531888,27.0
1531936,90.0
1531952,53.0
1532016,54.0
1532064,41.0
1532080,68.0
1532112,28.0
1532208,50.0
1532288,31.0
1532368,27.0
1532384,45.0
1532400,28.0
1532400,40.0
1532560,30.0
1532576,46.0
1532592,57.0
1532624,47.0
1532688,50.0
1532736,57.0
1532832,29.0
1532880,71.0
1532912,33.0
1532928,45.0
1533040,19.0
1533088,25.0
1533152,36.0
1533168,48.0
1533232,40.0
1533312,43.0
1533376,51.0
1533392,32.0
1533456,19.0
1533488,89.0
1533504,29.0
1533520,77.0
1533520,43.0
1533616,76.0
1533632,101.0
1533664,47.0
1533760,42.0
1533792,54.0
1533824,13.0
1533872,40.0
1534032,34.0
1534080,20.0
1534080,43.0
1534128,60.0
1534144,127.0
1534160,40.0
1534160,40.0
1534176,54.0
1534224,25.0
1534240,54.0
1534240,49.0
1534256,39.0
1534256,47.0
1534320,41.0
1534352,20.0
1534448,41.0
1534480,25.0
1534560,30.0
1534592,45.0
1534768,33.0
1534784,33.0
1534816,41.0
1534912,29.0
1534912,41.0
1534928,49.0
1534944,51.0
1534944,45.0
1534976,39.0
1535088,11.0
1535088,38.0
1535120,59.0
1535136,61.0
1535152,57.0
1535184,23.0
1535216,56.0
1535280,45.0
1535344,23.0
1535360,37.0
1535408,39.0
1535488,36.0
1535552,60.0
1535632,43.0
1535744,50.0
1535760,39.0
1535792,27.0
1535840,22.0
1535840,39.0
1535856,58.0
1535856,46.0
1535888,46.0
1535920,46.0
1535952,42.0
1535984,40.0
1536048,60.0
1536224,42.0
1536240,72.0
1536272,40.0
1536352,38.0
1536432,36.0
1536480,33.0
1536480,40.0
1536624,46.0
1536672,47.0
1536704,81.0
1536720,54.0
1536752,62.0
1536832,30.0
1536976,46.0
1536976,44.0
1536976,71.0
1537008,33.0
1537072,80.0
1537184,75.0
1537184,35.0
1537200,14.0
1537232,33.0
1537232,47.0
1537360,38.0
1537408,61.0
1537424,75.0
1537424,22.0
1537424,37.0
1537536,35.0
1537600,58.0
1537600,39.0
1537600,37.0
1537744,64.0
1537744,35.0
1537840,38.0
1537872,114.0
1537968,34.0
1538032,42.0
1538112,55.0
1538144,45.0
1538176,36.0
1538256,53.0
1538272,53.0
1538272,67.0
1538336,50.0
1538336,37.0
1538512,57.0
1538576,61.0
1538592,39.0
1538592,35.0
1538608,48.0
1538640,91.0
1538640,29.0
1538672,50.0
1538704,35.0
1538816,14.0
1538912,41.0
1538960,53.0
1538960,39.0
1539008,42.0
1539088,84.0
1539104,37.0
1539184,37.0
1539200,31.0
1539200,39.0
1539200,58.0
1539376,46.0
1539472,75.0
1539488,42.0
1539568,38.0
1539584,57.0
1539632,64.0
1539680,30.0
1539744,35.0
1539760,70.0
1539840,52.0
1540016,66.0
1540032,52.0
1540032,52.0
1540064,24.0
1540128,40.0
1540176,79.0
1540176,21.0
1540256,73.0
1540272,40.0
1540336,54.0
1540400,52.0
1540432,25.0
1540448,54.0
1540480,45.0
1540496,29.0
1540528,89.0
1540544,50.0
1540688,82.0
1540832,19.0
1540848,37.0
1540880,24.0
1540896,39.0
1540912,36.0
1540976,57.0
1540992,37.0
1541120,59.0
1541136,41.0
1541216,68.0
1541408,36.0
1541456,29.0
1541456,38.0
1541504,93.0
1541616,90.0
1541664,77.0
1541680,77.0
1541712,52.0
1541744,52.0
1541760,54.0
1541824,71.0
1541856,55.0
1541920,49.0
1542016,22.0
1542080,60.0
1542080,96.0
1542112,56.0
1542144,43.0
1542208,31.0
1542240,31.0
1542288,52.0
1542352,46.0
1542400,56.0
1542432,47.0
1542496,46.0
1542512,25.0
1542608,49.0
1542688,38.0
1542704,39.0
1542736,55.0
1542784,27.0
1542880,40.0
1542896,47.0
1542896,38.0
1542912,25.0
1542976,60.0
1543056,103.0
1543120,75.0
1543152,41.0
1543168,48.0
1543248,22.0
1543280,37.0
1543392,41.0
1543392,30.0
1543472,79.0
1543472,14.0
1543520,23.0
1543584,55.0
1543600,34.0
1543664,55.0
1543760,40.0
1543776,56.0
1543808,33.0
1543936,48.0
1543952,61.0
1543968,67.0
1544032,40.0
1544048,33.0
1544080,26.0
1544096,104.0
1544176,98.0
1544208,46.0
1544272,55.0
1544352,36.0
1544400,37.0
1544400,40.0
1544448,61.0
1544464,55.0
1544560,60.0
1544560,30.0
1544576,38.0
1544640,38.0
1544688,47.0
1544688,37.0
1544688,26.0
1544720,48.0
1544752,34.0
1544944,56.0
1544976,36.0
1545024,35.0
1545040,22.0
1545056,38.0
1545056,55.0
1545072,45.0
1545184,39.0
1545232,42.0
1545264,43.0
1545264,54.0
1545280,33.0
1545456,26.0
1545488,48.0
1545504,35.0
1545520,55.0
1545584,56.0
1545616,40.0
1545632,36.0
1545680,41.0
1545776,68.0
1545856,37.0
1545888,51.0
1545904,53.0
1545920,43.0
1546000,45.0
1546000,46.0
1546000,34.0
1546048,26.0
1546128,39.0
1546160,40.0
1546240,47.0
1546320,40.0
1546320,44.0
1546336,21.0
1546352,36.0
1546480,39.0
1546480,81.0
1546576,62.0
1546592,27.0
1546592,37.0
1546640,47.0
1546656,41.0
1546704,50.0
1546752,25.0
1546800,30.0
1546800,30.0
1546848,45.0
1546912,27.0
1546912,62.0
1546976,46.0
1546976,58.0
1547104,28.0
1547120,23.0
1547328,62.0
1547376,33.0
1547392,37.0
1547504,37.0
1547520,58.0
1547520,34.0
1547648,59.0
1547712,77.0
1547744,40.0
1547744,73.0
1547808,26.0
1547840,75.0
1547904,62.0
1547968,28.0
1548000,75.0
1548048,45.0
1548048,91.0
1548096,70.0
1548112,38.0
1548176,41.0
1548368,45.0
1548432,43.0
1548448,67.0
1548480,46.0
1548496,41.0
1548512,87.0
1548608,50.0
1548672,36.0
1548704,41.0
1548800,52.0
1548864,60.0
1548864,47.0
1548960,60.0
1549024,33.0
1549056,39.0
1549072,25.0
1549104,46.0
1549152,90.0
1549168,70.0
1549264,35.0
1549312,44.0
1549440,30.0
1549440,79.0
1549472,62.0
1549504,40.0
1549536,46.0
1549648,36.0
1549776,38.0
1549792,40.0
1549824,60.0
1549824,82.0
1549840,25.0
1549920,28.0
1549936,42.0
1550000,22.0
1550016,44.0
1550064,60.0
1550176,70.0
1550176,40.0
1550224,49.0
1550336,52.0
1550336,82.0
1550432,124.0
1550544,23.0
1550560,24.0
1550672,42.0
1550688,39.0
1550752,60.0
1550784,59.0
1550800,54.0
1550816,56.0
1550832,66.0
1550864,65.0
1550880,41.0
1550944,38.0
1550976,27.0
1551008,62.0
1551072,46.0
1551104,80.0
1551104,27.0
1551200,40.0
1551248,26.0
1551344,30.0
1551392,38.0
1551408,27.0
1551408,29.0
1551456,22.0
1551552,50.0
1551600,13.0
1551632,39.0
1551760,55.0
1551792,37.0
1551824,23.0
1551856,32.0
1551888,51.0
1551936,33.0
1551936,33.0
1551984,97.0
1552192,35.0
1552352,69.0
1552368,79.0
1552416,108.0
1552432,42.0
1552480,34.0
1552496,59.0
1552592,46.0
1552672,55.0
1552704,51.0
1552752,48.0
1552768,123.0
1552768,122.0
1552848,27.0
1552960,64.0
1552976,39.0
1552992,87.0
1553008,40.0
1553104,57.0
1553184,85.0
1553248,51.0
1553328,52.0
1553392,24.0
1553392,13.0
1553392,50.0
1553408,35.0
1553440,46.0
1553440,43.0
1553520,65.0
1553520,33.0
1553536,48.0
1553600,40.0
1553728,60.0
1553728,39.0
1553776,24.0
1553872,39.0
1553920,33.0
1553936,31.0
1554032,39.0
1554032,31.0
1554064,39.0
1554096,44.0
1554144,26.0
1554176,75.0
1554336,51.0
1554384,20.0
1554432,57.0
1554448,33.0
1554496,39.0
1554528,47.0
1554608,63.0
1554640,57.0
1554640,82.0
1554752,130.0
1554768,27.0
1554816,40.0
1554848,44.0
1554880,59.0
1554896,54.0
1555008,35.0
1555056,42.0
1555120,23.0
1555120,22.0
1555152,34.0
1555152,66.0
1555168,42.0
1555280,40.0
1555328,28.0
1555328,11.0
1555360,45.0
1555360,32.0
1555360,83.0
1555392,54.0
1555536,40.0
1555568,35.0
1555680,78.0
1555776,60.0
1555840,42.0
1555904,39.0
1555936,51.0
1555968,27.0
1556064,46.0
1556096,46.0
1556128,50.0
1556160,65.0
1556240,29.0
1556240,42.0
1556384,64.0
1556384,83.0
1556464,35.0
1556624,43.0
1556624,49.0
1556704,97.0
1556768,44.0
1556768,42.0
1556800,52.0
1556800,88.0
1556848,29.0
1556896,41.0
1557072,107.0
1557104,40.0
1557152,62.0
1557248,28.0
1557264,71.0
1557264,55.0
1557280,41.0
1557376,38.0
1557392,43.0
1557472,44.0
1557552,41.0
1557584,119.0
1557584,30.0
1557616,62.0
1557616,51.0
1557664,24.0
1557760,57.0
1557824,28.0
1557856,49.0
1557888,46.0
1557904,40.0
1557984,32.0
1558112,22.0
1558192,58.0
1558240,39.0
1558288,65.0
1558384,50.0
1558432,33.0
1558432,36.0
1558464,57.0
1558464,139.0
1558480,51.0
1558512,39.0
1558528,59.0
1558528,44.0
1558544,58.0
1558656,79.0
1558800,35.0
1558832,53.0
1558864,42.0
1558896,24.0
1558992,33.0
1559056,48.0
1559056,39.0
1559136,21.0
1559136,38.0
1559280,46.0
1559296,25.0
1559312,41.0
1559376,53.0
1559456,84.0
1559472,63.0
1559680,53.0
1559696,79.0
1559712,45.0
1559760,56.0
1559808,47.0
1559824,43.0
1559840,85.0
1559856,50.0
1559904,48.0
1560000,34.0
1560032,46.0
1560096,39.0
1560112,52.0
1560368,124.0
1560368,42.0
1560384,67.0
1560416,46.0
1560512,42.0
1560512,71.0
1560544,40.0
1560592,37.0
1560656,56.0
1560704,38.0
1560720,38.0
1560736,14.0
1560784,47.0
1560880,29.0
1560944,22.0
1560960,69.0
1561008,40.0
1561072,43.0
1561136,48.0
1561136,83.0
1561152,38.0
1561248,96.0
1561264,30.0
1561312,37.0
1561424,48.0
1561456,24.0
1561504,35.0
1561536,25.0
1561616,41.0
1561648,40.0
1561760,38.0
1561776,79.0
1561808,58.0
1561936,42.0
1561984,35.0
1562112,143.0
1562192,41.0
1562192,55.0
1562240,62.0
1562320,42.0
1562320,101.0
1562320,44.0
1562336,55.0
1562416,57.0
1562464,108.0
1562496,43.0
1562608,31.0
1562672,30.0
1562704,98.0
1562768,36.0
1562848,33.0
1562880,35.0
1562912,71.0
1562928,62.0
1562960,31.0
1562992,41.0
1563056,51.0
1563056,67.0
1563104,43.0
1563200,55.0
1563424,104.0
1563440,46.0
1563456,22.0
1563520,57.0
1563552,49.0
1563600,45.0
1563648,72.0
1563680,39.0
1563744,47.0
1563872,42.0
1563888,61.0
1563984,66.0
1564064,69.0
1564096,41.0
1564112,43.0
1564128,80.0
1564256,99.0
1564272,24.0
1564320,40.0
1564352,56.0
1564400,50.0
1564400,33.0
1564416,85.0
1564432,55.0
1564512,54.0
1564528,49.0
1564560,27.0
1564608,68.0
1564672,35.0
1564672,38.0
1564816,26.0
1564864,55.0
1564912,40.0
1564944,37.0
1565024,58.0
1565056,34.0
1565056,39.0
1565104,49.0
1565200,42.0
1565216,51.0
1565264,44.0
1565264,37.0
1565280,64.0
1565392,36.0
1565424,30.0
1565472,54.0
1565504,37.0
1565616,22.0
1565632,33.0
1565680,63.0
1565696,52.0
1565760,44.0
1565760,34.0
1565808,33.0
1565840,89.0
1565872,53.0
1565888,39.0
1565968,34.0
1565968,36.0
1566000,33.0
1566016,60.0
1566064,23.0
1566096,26.0
1566128,39.0
1566176,34.0
1566272,67.0
1566320,32.0
1566336,36.0
1566400,49.0
1566576,44.0
1566592,52.0
1566592,39.0
1566624,39.0
1566688,42.0
1566688,45.0
1566736,56.0
1566800,39.0
1566864,50.0
1566880,35.0
1566896,39.0
1567024,71.0
1567056,60.0
1567072,42.0
1567088,25.0
1567104,30.0
1567136,34.0
1567184,28.0
1567248,42.0
1567280,26.0
1567328,33.0
1567392,50.0
1567456,35.0
1567536,41.0
1567600,92.0
1567632,81.0
1567664,38.0
1567712,43.0
1567760,67.0
1567792,25.0
1567808,44.0
1567856,48.0
1567856,49.0
1567936,47.0
1567984,46.0
1567984,33.0
1568016,55.0
1568272,38.0
1568272,46.0
1568352,45.0
1568400,37.0
1568432,40.0
1568448,73.0
1568464,30.0
1568496,40.0
1568512,47.0
1568512,57.0
1568576,78.0
1568656,59.0
1568672,46.0
1568704,13.0
1568816,24.0
1568864,37.0
1568880,33.0
1568992,45.0
1569024,36.0
1569088,67.0
1569152,30.0
1569168,37.0
1569216,77.0
1569264,88.0
1569296,27.0
1569296,40.0
1569328,58.0
1569408,44.0
1569472,60.0
1569488,42.0
1569632,40.0
1569664,40.0
1569792,57.0
1569808,37.0
1569856,87.0
1569904,40.0
1569904,36.0
1569984,43.0
1569984,92.0
1570048,60.0
1570080,58.0
1570176,32.0
1570256,25.0
1570320,64.0
1570336,58.0
1570336,53.0
1570400,22.0
1570432,40.0
1570432,79.0
1570464,62.0
1570480,31.0
1570496,54.0
1570528,39.0
1570624,28.0
1570640,41.0
1570656,21.0
1570816,30.0
1570816,46.0
1570848,22.0
1570928,31.0
1570976,45.0
1571008,69.0
1571072,42.0
1571136,42.0
1571184,86.0
1571296,42.0
1571344,63.0
1571376,46.0
1571456,20.0
1571472,34.0
1571568,35.0
1571600,59.0
1571616,68.0
1571696,55.0
1571712,33.0
1571776,50.0
1571824,63.0
1571840,34.0
1571920,67.0
1572096,45.0
1572144,42.0
1572224,48.0
1572272,58.0
1572288,113.0
1572304,38.0
1572320,47.0
1572400,35.0
1572416,37.0
1572448,53.0
1572480,88.0
1572496,45.0
1572560,26.0
1572592,135.0
1572688,48.0
1572736,64.0
1572800,36.0
1572816,45.0
1572880,29.0
1572896,31.0
1572928,21.0
1572944,40.0
1573024,46.0
1573088,40.0
1573152,96.0
1573200,58.0
1573216,45.0
1573248,23.0
1573312,47.0
1573328,63.0
1573488,50.0
1573536,66.0
1573552,39.0
1573568,39.0
1573648,25.0
1573728,57.0
1573744,45.0
1573888,72.0
1573888,43.0
1573920,52.0
1573984,52.0
1574080,80.0
1574128,40.0
1574192,39.0
1574192,81.0
1574224,42.0
1574224,57.0
1574256,65.0
1574256,58.0
1574368,24.0
1574432,22.0
1574512,49.0
1574560,57.0
1574704,30.0
1574752,63.0
1574768,34.0
1574768,55.0
1574896,85.0
1574912,64.0
1574928,63.0
1575024,56.0
1575056,54.0
1575072,51.0
1575120,54.0
1575136,48.0
1575232,33.0
1575296,54.0
1575344,28.0
1575392,39.0
1575440,78.0
1575504,30.0
1575536,39.0
1575664,46.0
1575696,58.0
1575776,41.0
1575776,44.0
1575776,64.0
1575792,22.0
1575808,32.0
1575808,81.0
1575824,30.0
1575984,37.0
1575984,30.0
1576000,48.0
1576000,54.0
1576048,93.0
1576128,37.0
1576208,72.0
1576288,32.0
1576416,26.0
1576544,21.0
1576544,55.0
1576560,47.0
1576560,48.0
1576640,41.0
1576672,43.0
1576688,55.0
1576720,37.0
1576736,57.0
1576848,53.0
1576880,37.0
1577088,87.0
1577168,38.0
1577200,89.0
1577248,44.0
1577248,43.0
1577296,47.0
1577376,44.0
1577376,41.0
1577424,63.0
1577424,103.0
1577456,45.0
1577456,36.0
1577520,55.0
1577536,43.0
1577568,95.0
1577584,24.0
1577600,57.0
1577696,38.0
1577936,23.0
1577968,34.0
1578016,37.0
1578048,29.0
1578064,38.0
1578128,42.0
1578128,55.0
1578288,47.0
1578288,62.0
1578336,60.0
1578384,76.0
1578496,13.0
1578512,36.0
1578560,54.0
1578656,38.0
1578736,48.0
1578752,72.0
1578768,44.0
1578800,42.0
1578848,45.0
1578864,93.0
1579024,46.0
1579056,31.0
1579168,103.0
1579200,54.0
1579216,123.0
1579264,78.0
1579344,37.0
1579376,62.0
1579440,37.0
1579440,44.0
1579552,66.0
1579552,43.0
1579616,51.0
1579792,80.0
1579856,37.0
1579920,54.0
1579936,46.0
1579968,37.0
1580048,80.0
1580160,62.0
1580288,102.0
1580320,81.0
1580320,69.0
1580336,49.0
1580336,26.0
1580464,42.0
1580496,66.0
1580512,41.0
1580576,77.0
1580576,40.0
1580768,45.0
1580848,43.0
1580896,58.0
1580976,43.0
1581024,33.0
1581024,44.0
1581056,45.0
1581088,103.0
1581104,93.0
1581120,49.0
1581184,54.0
1581216,40.0
1581232,41.0
1581360,113.0
1581408,24.0
1581424,36.0
1581440,21.0
1581504,46.0
1581568,69.0
1581584,33.0
1581600,26.0
1581616,45.0
1581648,42.0
1581760,22.0
1581776,34.0
1581792,27.0
1581872,85.0
1581888,48.0
1581904,55.0
1581904,43.0
1581904,51.0
1582000,36.0
1582080,12.0
1582160,34.0
1582192,39.0
1582224,49.0
1582336,36.0
1582336,47.0
1582368,54.0
1582384,46.0
1582400,50.0
1582496,37.0
1582544,40.0
1582656,47.0
1582720,40.0
1582960,46.0
1582976,38.0
1582992,52.0
1583008,42.0
1583024,52.0
1583088,44.0
1583152,72.0
1583200,41.0
1583200,83.0
1583312,57.0
1583344,53.0
1583504,108.0
1583520,50.0
1583520,108.0
1583536,55.0
1583552,76.0
1583696,24.0
1583728,46.0
1583808,53.0
1583904,47.0
1583920,59.0
1583920,25.0
1583984,30.0
1584000,62.0
1584016,51.0
1584048,53.0
1584064,45.0
1584224,75.0
1584240,72.0
1584384,10.0
1584432,27.0
1584480,49.0
1584480,42.0
1584528,30.0
1584528,50.0
1584528,62.0
1584576,41.0
1584592,65.0
1584624,44.0
1584656,47.0
1584720,41.0
1584720,46.0
1584848,38.0
1585024,94.0
1585024,31.0
1585072,43.0
1585120,43.0
1585136,38.0
1585168,40.0
1585200,36.0
1585232,41.0
1585264,49.0
1585264,42.0
1585296,36.0
1585312,52.0
1585392,42.0
1585408,21.0
1585536,32.0
1585600,99.0
1585680,23.0
1585680,41.0
1585760,35.0
1585808,60.0
1585888,22.0
1585904,48.0
1585984,54.0
1586064,52.0
1586096,44.0
1586128,60.0
1586192,56.0
1586256,53.0
1586352,42.0
1586384,49.0
1586432,42.0
1586464,75.0
1586480,114.0
1586480,37.0
1586512,28.0
1586544,40.0
1586592,83.0
1586624,33.0
1586688,35.0
1586800,21.0
1586832,30.0
1586928,70.0
1586928,78.0
1586944,27.0
1586976,31.0
1586976,37.0
1587056,67.0
1587232,38.0
1587232,47.0
1587248,20.0
1587280,43.0
1587344,50.0
1587344,72.0
1587360,33.0
1587360,27.0
1587408,38.0
1587472,65.0
1587536,37.0
1587616,35.0
1587648,60.0
1587680,89.0
1587696,45.0
1587776,27.0
1587776,50.0
1587856,36.0
1587968,39.0
1588000,29.0
1588080,52.0
1588176,59.0
1588192,60.0
1588272,57.0
1588336,45.0
1588352,24.0
1588400,39.0
1588416,40.0
1588528,52.0
1588544,56.0
1588592,25.0
1588624,48.0
1588656,81.0
1588672,79.0
1588672,37.0
1588752,47.0
1588768,26.0
1588960,49.0
1588992,95.0
1589040,24.0
1589104,30.0
1589136,50.0
1589152,38.0
1589184,49.0
1589296,48.0
1589344,19.0
1589392,70.0
1589440,64.0
1589456,44.0
1589488,51.0
1589488,51.0
1589504,114.0
1589632,31.0
1589632,42.0
1589648,55.0
1589680,43.0
1589680,68.0
1589888,46.0
1589952,38.0
1590048,54.0
1590096,41.0
1590240,38.0
1590272,49.0
1590304,42.0
1590352,44.0
1590368,67.0
1590368,43.0
1590480,86.0
1590512,66.0
1590592,57.0
1590624,71.0
1590624,36.0
1590656,79.0
1590688,46.0
1590720,52.0
1590736,24.0
1590800,44.0
1590816,28.0
1590928,35.0
1591072,48.0
1591168,58.0
1591168,56.0
1591248,41.0
1591280,37.0
1591296,31.0
1591312,113.0
1591344,38.0
1591344,39.0
1591408,49.0
1591424,38.0
1591520,37.0
1591616,23.0
1591648,36.0
1591744,79.0
1591760,71.0
1591776,79.0
1591840,35.0
1591936,48.0
1591936,40.0
1591968,41.0
1591968,35.0
1591984,40.0
1592224,98.0
1592224,30.0
1592272,47.0
1592336,43.0
1592336,23.0
1592336,57.0
1592352,74.0
1592352,46.0
1592464,43.0
1592480,34.0
1592528,43.0
1592544,38.0
1592592,23.0
1592688,44.0
1592816,29.0
1592864,95.0
1592896,42.0
1592928,25.0
1592944,61.0
1592976,39.0
1593104,32.0
1593120,49.0
1593168,44.0
1593248,57.0
1593296,60.0
1593296,47.0
1593344,33.0
1593344,28.0
1593360,68.0
1593408,29.0
1593424,35.0
1593552,36.0
1593584,69.0
1593616,58.0
1593632,44.0
1593648,30.0
1593648,25.0
1593872,36.0
1593904,35.0
1593936,33.0
1593936,51.0
1593968,54.0
1593984,23.0
1594032,142.0
1594032,46.0
1594128,36.0
1594160,50.0
1594224,40.0
1594240,56.0
1594320,21.0
1594352,44.0
1594464,52.0
1594496,53.0
1594512,38.0
1594528,35.0
1594544,24.0
1594544,70.0
1594576,44.0
1594784,41.0
1594832,38.0
1594864,58.0
1594880,53.0
1594960,38.0
1594976,32.0
1595024,31.0
1595024,62.0
1595040,31.0
1595056,70.0
1595232,43.0
1595248,26.0
1595264,47.0
1595344,48.0
1595472,77.0
1595568,38.0
1595600,51.0
1595616,46.0
1595664,40.0
1595712,30.0
1595744,25.0
1595872,97.0
1595920,54.0
1595936,42.0
1595984,63.0
1596016,48.0
1596208,40.0
1596256,49.0
1596272,42.0
1596288,39.0
1596288,89.0
1596320,44.0
1596352,116.0
1596384,32.0
1596384,25.0
1596432,31.0
1596464,89.0
1596576,18.0
1596624,38.0
1596656,19.0
1596672,60.0
1596752,11.0
1596784,65.0
1596800,33.0
1596912,62.0
1596992,123.0
1597072,51.0
1597120,31.0
1597120,41.0
1597136,29.0
1597168,53.0
1597168,46.0
1597216,52.0
1597264,66.0
1597328,42.0
1597360,38.0
1597360,28.0
1597392,69.0
1597424,39.0
1597648,79.0
1597680,29.0
1597744,38.0
1597792,45.0
1597824,52.0
1597824,44.0
1597824,41.0
1597856,31.0
1597904,34.0
1597920,41.0
1598160,86.0
1598208,33.0
1598208,65.0
1598224,56.0
1598272,39.0
1598272,55.0
1598320,56.0
1598400,38.0
1598432,38.0
1598448,39.0
1598496,86.0
1598512,38.0
1598576,23.0
1598768,57.0
1598784,54.0
1598800,61.0
1598800,36.0
1598864,26.0
1598960,47.0
1598992,35.0
1599040,81.0
1599088,51.0
1599088,36.0
1599152,24.0
1599200,58.0
1599200,55.0
1599264,43.0
1599328,58.0
1599328,52.0
1599408,39.0
1599456,81.0
1599536,34.0
1599536,46.0
1599536,21.0
1599568,38.0
1599680,51.0
1599696,41.0
1599760,38.0
1599776,36.0
1599856,33.0
1599888,30.0
1599904,36.0
1600016,58.0
1600048,23.0
1600128,65.0
1600128,37.0
1600272,46.0
1600304,33.0
1600304,46.0
1600320,35.0
1600320,95.0
1600400,44.0
1600416,35.0
1600432,56.0
1600464,36.0
1600544,80.0
1600624,31.0
1600640,46.0
1600720,42.0
1600816,50.0
1600864,34.0
1600864,27.0
1600880,30.0
1600912,38.0
1600928,92.0
1601008,34.0
1601072,41.0
1601136,52.0
1601200,41.0
1601248,38.0
1601248,24.0
1601344,45.0
1601360,68.0
1601472,41.0
1601520,40.0
1601520,24.0
1601552,43.0
1601552,52.0
1601568,41.0
1601680,42.0
1601728,41.0
1601744,51.0
1601904,35.0
1601936,26.0
1601968,38.0
1601984,29.0
1602000,50.0
1602000,47.0
1602000,117.0
1602064,24.0
1602080,52.0
1602320,37.0
1602368,51.0
1602416,26.0
1602432,43.0
1602576,37.0
1602592,37.0
1602672,69.0
1602752,24.0
1602800,30.0
1602800,155.0
1602816,53.0
1602832,58.0
1602864,50.0
1602864,82.0
1602864,87.0
1603120,33.0
1603216,50.0
1603248,36.0
1603264,52.0
1603280,44.0
1603328,36.0
1603424,84.0
1603488,41.0
1603520,45.0
1603552,101.0
1603552,47.0
1603600,100.0
1603648,20.0
1603712,53.0
1603776,57.0
1603824,38.0
1603872,22.0
1603904,68.0
1604032,57.0
1604032,48.0
1604080,27.0
1604112,25.0
1604176,82.0
1604208,41.0
1604272,62.0
1604320,48.0
1604320,67.0
1604384,60.0
1604416,37.0
1604480,55.0
1604480,62.0
1604608,36.0
1604640,48.0
1604672,48.0
1604752,61.0
1604784,47.0
1604784,42.0
1604848,23.0
1604912,44.0
1605024,47.0
1605088,48.0
1605184,34.0
1605232,24.0
1605232,35.0
1605248,73.0
1605360,47.0
1605360,74.0
1605360,61.0
1605360,65.0
1605392,57.0
1605440,64.0
1605488,36.0
1605520,27.0
1605520,46.0
1605728,59.0
1605856,69.0
1605888,33.0
1606000,40.0
1606064,65.0
1606064,51.0
1606096,46.0
1606112,55.0
1606128,59.0
1606160,45.0
1606272,34.0
1606272,47.0
1606320,58.0
1606416,58.0
1606528,81.0
1606608,38.0
1606672,72.0
1606720,35.0
1606720,52.0
1606736,55.0
1606736,42.0
1606912,37.0
1606928,54.0
1606944,42.0
1606960,100.0
1606992,55.0
1607072,50.0
1607088,35.0
1607104,63.0
1607184,28.0
1607232,32.0
1607248,52.0
1607328,38.0
1607360,39.0
1607424,29.0
1607440,48.0
1607600,42.0
1607696,68.0
1607712,50.0
1607744,42.0
1607808,30.0
1607840,107.0
1607840,38.0
1607920,30.0
1607920,35.0
1607920,61.0
1607968,49.0
1608144,65.0
1608160,46.0
1608160,67.0
1608224,19.0
1608304,24.0
1608304,37.0
1608320,45.0
1608368,42.0
1608464,45.0
1608528,24.0
1608592,42.0
1608656,51.0
1608752,94.0
1608768,38.0
1608800,36.0
1608832,64.0
1608832,62.0
1608832,33.0
1608880,118.0
1608880,26.0
1608912,37.0
1608992,43.0
1609024,54.0
1609040,32.0
1609248,30.0
1609296,34.0
1609344,86.0
1609392,35.0
1609424,48.0
1609456,34.0
1609488,70.0
1609568,43.0
1609616,49.0
1609648,51.0
1609680,50.0
1609712,20.0
1609840,22.0
1609920,36.0
1609968,59.0
1609968,58.0
1610000,75.0
1610064,14.0
1610112,41.0
1610112,43.0
1610144,56.0
1610176,55.0
1610208,37.0
1610224,32.0
1610256,38.0
1610272,105.0
1610320,22.0
1610384,51.0
1610640,26.0
1610688,45.0
1610720,32.0
1610736,46.0
1610800,43.0
1610800,70.0
1610944,48.0
1610944,64.0
1610944,122.0
1611008,47.0
1611024,40.0
1611056,59.0
1611088,48.0
1611200,66.0
1611312,65.0
1611424,30.0
1611440,50.0
1611440,86.0
1611456,46.0
1611584,49.0
1611648,35.0
1611712,64.0
1611760,46.0
1611760,28.0
1611792,53.0
1611840,56.0
1611936,22.0
1611984,35.0
1612080,39.0
1612128,43.0
1612176,86.0
1612192,62.0
1612208,72.0
1612224,49.0
1612320,35.0
1612352,40.0
1612448,50.0
1612448,43.0
1612464,42.0
1612608,117.0
1612672,37.0
1612704,45.0
1612704,54.0
1612736,38.0
1612768,110.0
1612928,45.0
1612976,32.0
1612992,40.0
1613056,24.0
1613072,23.0
1613072,39.0
1613088,56.0
1613216,65.0
1613344,40.0
1613344,88.0
1613344,70.0
1613344,46.0
1613376,24.0
1613424,41.0
1613440,23.0
1613472,31.0
1613504,26.0
1613536,38.0
1613632,36.0
1613872,33.0
1613872,50.0
1613904,35.0
1614016,106.0
1614048,36.0
1614080,36.0
1614096,45.0
1614128,87.0
1614128,37.0
1614128,49.0
1614176,52.0
1614208,36.0
1614224,22.0
1614256,52.0
1614352,71.0
1614368,58.0
1614368,120.0
1614416,23.0
1614464,35.0
1614512,24.0
1614608,30.0
1614640,35.0
1614656,35.0
1614720,34.0
1614736,20.0
1614752,55.0
1614800,42.0
1614832,29.0
1614928,57.0
1614944,43.0
1614960,22.0
1615008,31.0
1615024,51.0
1615120,29.0
1615120,41.0
1615152,50.0
1615168,26.0
1615168,50.0
1615280,20.0
1615344,38.0
1615360,26.0
1615440,38.0
1615536,46.0
1615584,41.0
1615600,27.0
1615600,60.0
1615632,88.0
1615696,36.0
1615696,43.0
1615712,43.0
1615760,40.0
1615840,30.0
1615840,70.0
1615904,47.0
1616032,31.0
1616112,26.0
1616144,34.0
1616160,62.0
1616272,35.0
1616304,34.0
1616352,45.0
1616384,50.0
1616384,34.0
1616400,44.0
1616400,70.0
1616432,52.0
1616480,28.0
1616544,75.0
1616656,76.0
1616688,33.0
1616736,21.0
1616800,33.0
1616800,26.0
1616880,46.0
1616880,61.0
1616896,66.0
1616912,32.0
1617040,35.0
1617088,41.0
1617184,40.0
1617184,55.0
1617248,28.0
1617248,56.0
1617280,56.0
1617312,36.0
1617360,35.0
1617392,80.0
1617392,31.0
1617424,48.0
1617424,34.0
1617440,25.0
1617584,31.0
1617728,65.0
1617856,42.0
1617856,59.0
1617856,42.0
1617872,28.0
1617920,38.0
1618000,47.0
1618048,41.0
1618080,22.0
1618096,32.0
1618128,46.0
1618176,20.0
1618192,21.0
1618224,59.0
1618240,85.0
1618272,25.0
1618288,58.0
1618336,57.0
1618448,63.0
1618464,76.0
1618464,24.0
1618512,41.0
1618624,44.0
1618640,26.0
1618720,37.0
1618736,28.0
1618768,48.0
1618784,37.0
1618832,37.0
1618912,40.0
1618928,52.0
1618928,30.0
1618992,33.0
1619040,54.0
1619152,51.0
1619168,44.0
1619184,28.0
1619232,28.0
1619312,42.0
1619360,82.0
1619408,43.0
1619472,20.0
1619488,31.0
1619536,57.0
1619552,23.0
1619584,41.0
1619664,52.0
1619664,72.0
1619728,60.0
1619920,63.0
1619936,28.0
1619936,39.0
1619952,37.0
1619952,45.0
1619968,26.0
1620000,26.0
1620000,60.0
1620048,40.0
1620096,58.0
1620112,40.0
1620240,32.0
1620304,40.0
1620352,51.0
1620480,34.0
1620512,25.0
1620528,37.0
1620544,37.0
1620560,56.0
1620688,46.0
1620816,32.0
1620832,57.0
1620864,48.0
1620880,55.0
1620912,54.0
1620960,45.0
1621024,66.0
1621024,30.0
1621056,133.0
1621072,37.0
1621104,37.0
1621328,31.0
1621376,22.0
1621392,23.0
1621424,46.0
1621488,58.0
1621520,41.0
1621552,46.0
1621648,34.0
1621664,104.0
1621712,85.0
1621744,49.0
1621760,55.0
1621792,55.0
1621904,36.0
1621952,89.0
1621968,57.0
1622016,39.0
1622096,24.0
1622128,40.0
1622224,53.0
1622256,52.0
1622272,45.0
1622352,38.0
1622432,29.0
1622448,27.0
1622528,91.0
1622608,51.0
1622624,31.0
1622656,63.0
1622672,63.0
1622768,34.0
1622800,44.0
1622848,83.0
1622864,37.0
1622960,66.0
1623008,66.0
1623008,36.0
1623072,26.0
1623136,23.0
1623136,43.0
1623216,91.0
1623248,56.0
1623264,46.0
1623296,39.0
1623328,67.0
1623344,45.0
1623456,41.0
1623520,32.0
1623568,60.0
1623600,46.0
1623616,48.0
1623632,42.0
1623696,23.0
1623712,40.0
1623776,27.0
1623824,14.0
1623872,36.0
1623904,21.0
1623968,52.0
1624096,30.0
1624096,20.0
1624128,42.0
1624208,60.0
1624304,68.0
1624304,30.0
1624384,42.0
1624400,87.0
1624448,82.0
1624464,31.0
1624480,22.0
1624608,84.0
1624624,69.0
1624656,47.0
1624704,38.0
1624784,57.0
1624800,25.0
1624848,25.0
1624864,73.0
1624960,54.0
1624960,41.0
1625008,25.0
1625088,44.0
1625104,56.0
1625232,48.0
1625248,24.0
1625376,56.0
1625504,55.0
1625520,51.0
1625536,36.0
1625584,49.0
1625648,26.0
1625808,50.0
1625840,66.0
1625872,48.0
1625872,64.0
1625888,77.0
1625920,42.0
1625984,38.0
1626016,149.0
1626064,110.0
1626176,41.0
1626208,42.0
1626320,42.0
1626384,32.0
1626416,38.0
1626464,86.0
1626464,37.0
1626496,36.0
1626512,97.0
1626528,59.0
1626624,46.0
1626672,18.0
1626736,77.0
1626768,28.0
1626864,28.0
1626896,24.0
1626896,43.0
1626992,33.0
1627008,24.0
1627024,63.0
1627104,58.0
1627104,40.0
1627168,69.0
1627248,79.0
1627280,38.0
1627312,51.0
1627392,39.0
1627408,32.0
1627456,58.0
1627488,37.0
1627488,30.0
1627520,26.0
1627600,36.0
1627648,113.0
1627824,52.0
1627936,30.0
1628048,28.0
1628128,55.0
1628128,60.0
1628144,41.0
1628176,48.0
1628192,68.0
1628208,58.0
1628256,87.0
1628288,56.0
1628352,54.0
1628432,57.0
1628480,109.0
1628576,58.0
1628656,45.0
1628672,53.0
1628768,45.0
1628800,37.0
1628832,36.0
1628880,47.0
1628880,28.0
1628912,45.0
1629024,55.0
1629040,43.0
1629216,40.0
1629216,46.0
1629328,28.0
1629344,66.0
1629376,38.0
1629392,79.0
1629392,76.0
1629408,38.0
1629408,36.0
1629600,143.0
1629664,49.0
1629824,72.0
1629872,30.0
1629904,55.0
1629952,46.0
1630080,46.0
1630144,58.0
1630144,34.0
1630256,24.0
1630304,87.0
1630336,63.0
1630352,60.0
1630432,64.0
1630480,69.0
1630512,35.0
1630544,25.0
1630560,119.0
1630560,72.0
1630688,49.0
1630768,69.0
1630800,41.0
1630832,47.0
1630880,115.0
1630912,36.0
1630960,33.0
1631008,44.0
1631008,28.0
1631008,47.0
1631056,34.0
1631072,37.0
1631216,28.0
1631264,36.0
1631280,46.0
1631328,48.0
1631344,34.0
1631376,97.0
1631440,35.0
1631504,34.0
1631568,22.0
1631616,38.0
1631664,82.0
1631664,37.0
1631664,38.0
1631680,42.0
1631744,52.0
1631920,68.0
1631936,37.0
1631936,27.0
1632032,23.0
1632048,49.0
1632144,51.0
1632144,71.0
1632224,41.0
1632224,59.0
1632336,56.0
1632336,41.0
1632368,62.0
1632432,48.0
1632480,51.0
1632496,22.0
1632640,45.0
1632672,28.0
1632688,47.0
1632752,71.0
1632752,45.0
1632768,64.0
1632832,49.0
1632912,36.0
1633104,48.0
1633136,24.0
1633184,26.0
1633200,79.0
1633216,34.0
1633264,56.0
1633360,76.0
1633408,36.0
1633456,51.0
1633520,64.0
1633552,54.0
1633616,71.0
1633648,46.0
1633776,97.0
1633808,42.0
1633840,39.0
1633920,35.0
1633952,25.0
1633968,49.0
1633968,44.0
1633984,97.0
1633984,77.0
1634000,34.0
1634080,27.0
1634112,57.0
1634128,38.0
1634544,39.0
1634576,36.0
1634592,61.0
1634624,51.0
1634640,77.0
1634784,44.0
1634848,45.0
1634864,64.0
1634912,60.0
1634912,113.0
1634944,61.0
1635040,79.0
1635120,63.0
1635184,21.0
1635184,35.0
1635200,39.0
1635296,44.0
1635312,33.0
1635440,36.0
1635440,50.0
1635488,59.0
1635488,34.0
1635520,25.0
1635616,44.0
1635648,105.0
1635728,109.0
1635776,37.0
1635776,30.0
1635792,55.0
1635808,39.0
1636000,126.0
1636032,24.0
1636048,38.0
1636064,64.0
1636096,36.0
1636128,40.0
1636176,54.0
1636384,41.0
1636464,61.0
1636464,53.0
1636496,44.0
1636528,68.0
1636544,84.0
1636576,48.0
1636816,40.0
1636816,27.0
1636816,49.0
1636864,25.0
1636880,49.0
1636976,30.0
1637120,66.0
1637136,71.0
1637152,86.0
1637184,66.0
1637200,39.0
1637200,89.0
1637216,25.0
1637328,32.0
1637424,55.0
1637456,40.0
1637472,63.0
1637472,31.0
1637536,21.0
1637600,46.0
1637712,31.0
1637824,81.0
1637840,23.0
1637840,41.0
1637856,41.0
1637952,39.0
1638016,37.0
1638016,35.0
1638048,58.0
1638064,57.0
1638112,129.0
1638192,41.0
1638208,83.0
1638240,69.0
1638432,24.0
1638448,38.0
1638496,27.0
1638512,31.0
1638528,51.0
1638576,47.0
1638688,52.0
1638752,46.0
1638816,18.0
1638880,42.0
1638880,88.0
1638912,60.0
1638912,82.0
1638960,33.0
1638992,47.0
1639072,60.0
1639168,30.0
1639168,41.0
1639264,28.0
1639280,68.0
1639296,26.0
1639488,103.0
1639504,39.0
1639552,40.0
1639568,67.0
1639584,63.0
1639648,23.0
1639680,48.0
1639744,81.0
1639744,36.0
1639760,29.0
1639824,41.0
1639824,54.0
1639888,51.0
1639888,56.0
1640064,35.0
1640080,33.0
1640144,31.0
1640144,35.0
1640208,59.0
1640336,28.0
1640352,54.0
1640448,39.0
1640464,44.0
1640496,47.0
1640576,47.0
1640576,43.0
1640704,35.0
1640720,40.0
1640736,62.0
1640768,68.0
1640880,82.0
1640976,40.0
1641008,41.0
1641088,40.0
1641136,40.0
1641184,152.0
1641232,16.0
1641232,48.0
1641248,74.0
1641296,72.0
1641296,37.0
1641456,55.0
1641488,47.0
1641648,26.0
1641680,24.0
1641776,43.0
1641776,66.0
1641792,49.0
1641808,100.0
1641824,59.0
1642000,34.0
1642064,93.0
1642080,49.0
1642080,59.0
1642096,57.0
1642176,58.0
1642176,25.0
1642192,60.0
1642224,36.0
1642256,30.0
1642320,33.0
1642416,46.0
1642544,22.0
1642560,24.0
1642592,49.0
1642624,28.0
1642624,71.0
1642656,35.0
1642704,55.0
1642832,48.0
1642912,43.0
1642960,55.0
1642960,40.0
1643024,29.0
1643120,36.0
1643152,149.0
1643232,77.0
1643312,56.0
1643360,48.0
1643424,50.0
1643472,76.0
1643504,34.0
1643520,90.0
1643536,39.0
1643616,49.0
1643664,65.0
1643664,63.0
1643680,28.0
1643792,52.0
1643872,35.0
1643888,48.0
1643888,54.0
1643968,27.0
1644000,53.0
1644064,35.0
1644128,21.0
1644176,35.0
1644176,41.0
1644192,48.0
1644224,34.0
1644304,26.0
1644352,103.0
1644352,43.0
1644592,70.0
1644672,50.0
1644720,47.0
1644752,87.0
1644752,68.0
1644784,38.0
1644800,38.0
1644800,50.0
1644848,34.0
1644864,46.0
1644896,42.0
1644976,68.0
1644976,57.0
1644992,40.0
1645136,24.0
1645184,52.0
1645216,65.0
1645264,37.0
1645280,24.0
1645392,38.0
1645440,40.0
1645488,56.0
1645504,33.0
1645568,45.0
1645696,56.0
1645760,23.0
1645792,50.0
1645824,38.0
1645840,41.0
1646032,73.0
1646064,84.0
1646128,72.0
1646128,35.0
1646192,57.0
1646304,65.0
1646304,30.0
1646432,37.0
1646528,46.0
1646544,69.0
1646592,35.0
1646592,29.0
1646672,61.0
1646704,59.0
1646736,38.0
1646752,79.0
1646768,79.0
1646928,54.0
1646944,47.0
1647024,142.0
1647024,45.0
1647072,40.0
1647104,32.0
1647136,52.0
1647136,37.0
1647152,24.0
1647328,41.0
1647328,39.0
1647424,56.0
1647472,33.0
1647536,49.0
1647568,52.0
1647568,152.0
1647648,31.0
1647696,48.0
1647728,44.0
1647792,29.0
1647840,48.0
1647872,80.0
1647872,46.0
1647952,58.0
1647968,40.0
1648064,37.0
1648144,28.0
1648192,68.0
1648208,40.0
1648224,68.0
1648272,25.0
1648304,55.0
1648336,50.0
1648336,31.0
1648448,24.0
1648448,45.0
1648464,51.0
1648496,34.0
1648592,24.0
1648736,25.0
1648896,44.0
1648896,69.0
1648912,59.0
1648912,40.0
1649008,34.0
1649024,50.0
1649040,37.0
1649200,102.0
1649232,68.0
1649280,61.0
1649344,92.0
1649344,63.0
1649376,55.0
1649408,60.0
1649488,29.0
1649488,28.0
1649488,56.0
1649504,37.0
1649600,43.0
1649616,45.0
1649664,48.0
1649760,24.0
1649824,39.0
1649888,41.0
1649888,55.0
1649936,28.0
1649984,23.0
1650000,41.0
1650016,33.0
1650032,81.0
1650192,57.0
1650240,47.0
1650304,40.0
1650352,29.0
1650384,22.0
1650384,24.0
1650416,51.0
1650432,31.0
1650576,35.0
1650592,48.0
1650720,60.0
1650736,31.0
1650768,85.0
1650864,95.0
1650864,35.0
1650864,61.0
1650928,89.0
1650944,32.0
1650960,61.0
1651024,38.0
1651024,28.0
1651040,53.0
1651104,32.0
1651104,23.0
1651168,49.0
1651280,58.0
1651312,58.0
1651328,38.0
1651552,39.0
1651552,28.0
1651616,47.0
1651664,50.0
1651712,42.0
1651760,62.0
1651760,56.0
1651792,43.0
1651824,32.0
1651856,52.0
1651872,53.0
1651952,62.0
1652000,66.0
1652064,46.0
1652192,64.0
1652288,21.0
1652336,49.0
1652352,33.0
1652384,42.0
1652400,40.0
1652512,40.0
1652544,49.0
1652544,62.0
1652560,56.0
1652640,53.0
1652704,22.0
1652784,45.0
1652912,81.0
1652944,68.0
1652960,60.0
1653104,57.0
1653104,114.0
1653136,47.0
1653200,43.0
1653200,41.0
1653280,40.0
1653312,47.0
1653408,54.0
1653456,20.0
1653472,23.0
1653520,36.0
1653568,41.0
1653632,77.0
1653680,56.0
1653760,92.0
1653824,45.0
1653824,32.0
1653888,27.0
1653920,99.0
1653936,41.0
1653952,47.0
1654080,32.0
1654096,36.0
1654112,44.0
1654208,63.0
1654288,83.0
1654288,38.0
1654320,35.0
1654416,37.0
1654480,37.0
1654480,34.0
1654512,55.0
1654528,36.0
1654528,38.0
1654576,117.0
1654704,38.0
1654752,34.0
1654800,32.0
1654816,84.0
1654832,47.0
1654864,65.0
1654880,35.0
1654912,24.0
1654928,22.0
1654960,42.0
1654976,31.0
1655072,60.0
1655088,38.0
1655152,39.0
1655168,41.0
1655200,28.0
1655200,49.0
1655296,37.0
1655312,25.0
1655456,40.0
1655488,39.0
1655552,42.0
1655584,47.0
1655616,41.0
1655616,43.0
1655696,24.0
1655728,41.0
1655744,59.0
1655760,49.0
1655776,43.0
1655792,40.0
1655840,34.0
1655904,22.0
1655952,49.0
1655968,48.0
1656000,50.0
1656000,32.0
1656336,40.0
1656352,56.0
1656368,37.0
1656400,42.0
1656400,49.0
1656464,32.0
1656480,45.0
1656544,44.0
1656560,41.0
1656592,53.0
1656656,67.0
1656672,42.0
1656736,48.0
1656800,25.0
1656848,77.0
1656864,32.0
1656880,68.0
1657008,63.0
1657040,36.0
1657040,42.0
1657200,54.0
1657248,44.0
1657312,29.0
1657328,41.0
1657344,34.0
1657360,50.0
1657408,58.0
1657424,24.0
1657440,49.0
1657600,35.0
1657616,47.0
1657648,25.0
1657664,79.0
1657744,34.0
1657840,26.0
1657872,54.0
1657872,80.0
1657904,64.0
1657920,38.0
1657920,37.0
1658064,83.0
1658096,22.0
1658112,28.0
1658208,53.0
1658336,58.0
1658400,35.0
1658432,35.0
1658448,53.0
1658480,52.0
1658512,37.0
1658640,48.0
1658720,86.0
1658768,83.0
1658864,60.0
1658992,55.0
1658992,34.0
1659008,38.0
1659008,33.0
1659088,55.0
1659152,32.0
1659184,98.0
1659248,51.0
1659344,89.0
1659344,78.0
1659360,22.0
1659424,44.0
1659488,61.0
1659536,34.0
1659568,35.0
1659568,50.0
1659600,79.0
1659664,50.0
1659712,23.0
1659744,47.0
1659744,35.0
1659760,42.0
1659808,109.0
1659840,31.0
1660016,41.0
1660064,57.0
1660096,33.0
1660112,34.0
1660128,37.0
1660192,44.0
1660256,32.0
1660288,54.0
1660304,35.0
1660432,42.0
1660448,46.0
1660464,76.0
1660480,42.0
1660480,55.0
1660560,34.0
1660608,48.0
1660736,34.0
1660816,21.0
1660832,33.0
1660848,74.0
1660848,47.0
1660864,24.0
1660976,53.0
1661056,62.0
1661088,30.0
1661088,61.0
1661120,41.0
1661136,55.0
1661264,33.0
1661328,31.0
1661360,58.0
1661456,38.0
1661504,66.0
1661504,40.0
1661600,49.0
1661600,47.0
1661600,65.0
1661664,38.0
1661664,43.0
1661696,88.0
1661712,39.0
1661760,39.0
1661792,27.0
1661808,43.0
1662016,47.0
1662032,59.0
1662080,47.0
1662112,32.0
1662128,39.0
1662144,40.0
1662160,23.0
1662192,33.0
1662224,39.0
1662288,30.0
1662288,36.0
1662320,45.0
1662320,54.0
1662512,31.0
1662512,53.0
1662672,37.0
1662720,60.0
1662720,25.0
1662832,44.0
1662832,40.0
1662848,51.0
1662848,43.0
1662912,37.0
1662960,46.0
1662976,52.0
1663072,49.0
1663088,23.0
1663152,40.0
1663200,23.0
1663216,95.0
1663232,32.0
1663344,24.0
1663360,24.0
1663472,39.0
1663552,45.0
1663616,69.0
1663632,60.0
1663712,30.0
1663744,52.0
1663744,34.0
1663744,37.0
1663760,26.0
1663776,43.0
1663808,37.0
1663824,47.0
1664016,73.0
1664048,110.0
1664080,23.0
1664128,31.0
1664176,22.0
1664192,40.0
1664256,32.0
1664288,34.0
1664320,53.0
1664448,146.0
1664560,59.0
1664592,52.0
1664608,30.0
1664640,52.0
1664688,59.0
1664784,38.0
1664784,37.0
1664880,52.0
1664944,43.0
1664944,39.0
1664960,55.0
1665024,36.0
1665088,67.0
1665088,30.0
1665120,84.0
1665200,57.0
1665296,38.0
1665392,52.0
1665424,21.0
1665440,41.0
1665488,133.0
1665520,58.0
1665568,23.0
1665632,42.0
1665744,39.0
1665744,69.0
1665792,53.0
1665808,64.0
1665824,55.0
1665904,55.0
1665952,24.0
1666064,36.0
1666080,43.0
1666080,62.0
1666176,23.0
1666176,41.0
1666192,82.0
1666288,53.0
1666304,63.0
1666352,38.0
1666368,59.0
1666416,32.0
1666448,23.0
1666464,24.0
1666464,32.0
1666528,46.0
1666544,57.0
1666560,51.0
1666656,29.0
1666656,52.0
1666736,24.0
1666800,21.0
1666848,42.0
1666880,44.0
1666928,24.0
1666960,41.0
1667008,22.0
1667072,63.0
1667088,35.0
1667088,45.0
1667120,52.0
1667312,36.0
1667360,32.0
1667392,52.0
1667472,51.0
1667472,32.0
1667552,27.0
1667568,48.0
1667632,47.0
1667632,39.0
1667760,82.0
1667808,55.0
1667824,85.0
1667904,51.0
1667920,38.0
1667936,53.0
1667952,96.0
1668048,26.0
1668064,37.0
1668096,33.0
1668192,52.0
1668192,27.0
1668368,56.0
1668368,81.0
1668368,34.0
1668416,38.0
1668464,34.0
1668528,36.0
1668624,62.0
1668736,40.0
1668768,54.0
1668800,78.0
1668864,31.0
1668944,36.0
1668976,65.0
1669024,52.0
1669056,40.0
1669088,56.0
1669088,65.0
1669184,70.0
1669248,49.0
1669312,36.0
1669344,30.0
1669456,43.0
1669504,26.0
1669504,71.0
1669584,66.0
1669632,63.0
1669648,39.0
1669712,48.0
1669840,33.0
1669872,155.0
1669904,58.0
1669920,54.0
1669984,40.0
1670016,58.0
1670016,23.0
1670016,24.0
1670128,42.0
1670128,39.0
1670208,39.0
1670240,90.0
1670288,28.0
1670336,52.0
1670400,33.0
1670432,32.0
1670528,51.0
1670560,86.0
1670640,87.0
1670704,36.0
1670752,26.0
1670768,47.0
1670800,51.0
1670864,53.0
1670864,60.0
1670896,38.0
1671104,56.0
1671120,43.0
1671136,46.0
1671232,69.0
1671280,47.0
1671360,50.0
1671392,72.0
1671472,91.0
1671504,38.0
1671504,47.0
1671616,32.0
1671632,52.0
1671632,31.0
1671648,55.0
1671648,49.0
1671840,38.0
1671872,73.0
1671904,49.0
1671920,80.0
1671952,28.0
1671968,69.0
1672016,41.0
1672016,34.0
1672080,43.0
1672080,28.0
1672176,21.0
1672256,39.0
1672336,43.0
1672352,24.0
1672384,48.0
1672432,30.0
1672480,75.0
1672496,62.0
1672736,24.0
1672768,70.0
1672784,44.0
1672800,49.0
1672816,57.0
1672832,41.0
1672848,52.0
1672896,61.0
1672912,41.0
1672960,55.0
1672992,35.0
1673040,73.0
1673120,46.0
1673136,41.0
1673216,24.0
1673216,55.0
1673344,24.0
1673376,36.0
1673408,42.0
1673440,41.0
1673456,29.0
1673456,35.0
1673520,64.0
1673536,39.0
1673568,45.0
1673760,59.0
1673840,44.0
1673936,51.0
1673952,34.0
1674016,50.0
1674032,62.0
1674064,31.0
1674064,39.0
1674144,58.0
1674144,86.0
1674256,50.0
1674288,22.0
1674320,16.0
1674368,62.0
1674384,53.0
1674384,58.0
1674400,24.0
1674512,28.0
1674592,28.0
1674624,80.0
1674624,69.0
1674640,43.0
1674800,27.0
1674800,34.0
1674816,66.0
1674864,34.0
1674912,39.0
1675008,26.0
1675056,57.0
1675056,42.0
1675088,66.0
1675104,37.0
1675152,48.0
1675296,42.0
1675328,93.0
1675344,45.0
1675344,33.0
1675376,36.0
1675408,48.0
1675408,38.0
1675424,64.0
1675552,43.0
1675616,35.0
1675648,46.0
1675648,34.0
1675680,33.0
1675696,40.0
1675776,30.0
1675840,32.0
1675872,54.0
1675952,54.0
1676048,40.0
1676048,44.0
1676096,45.0
1676192,34.0
1676192,49.0
1676224,50.0
1676240,56.0
1676256,40.0
1676352,42.0
1676352,36.0
1676368,31.0
1676448,50.0
1676464,48.0
1676544,28.0
1676576,39.0
1676640,68.0
1676688,21.0
1676736,43.0
1676816,39.0
1676912,34.0
1676944,69.0
1676976,45.0
1677024,36.0
1677072,33.0
1677088,39.0
1677088,54.0
1677168,37.0
1677184,52.0
1677200,63.0
1677216,73.0
1677312,23.0
1677392,44.0
1677392,23.0
1677440,39.0
1677488,26.0
1677568,24.0
1677648,88.0
1677696,38.0
1677744,48.0
1677776,38.0
1677792,37.0
1677872,60.0
1677904,73.0
1677920,44.0
1677984,37.0
1678064,39.0
1678064,47.0
1678160,24.0
1678160,95.0
1678240,72.0
1678256,24.0
1678272,39.0
1678304,51.0
1678320,36.0
1678336,59.0
1678336,48.0
1678416,39.0
1678448,29.0
1678512,37.0
1678560,31.0
1678672,38.0
1678768,67.0
1678800,24.0
1678816,41.0
1678832,20.0
1678848,59.0
1678896,36.0
1678896,46.0
1678944,31.0
1678944,42.0
1678960,44.0
1679104,48.0
1679120,49.0
1679136,29.0
1679168,38.0
1679184,55.0
1679232,25.0
1679280,24.0
1679456,38.0
1679504,43.0
1679504,24.0
1679552,82.0
1679568,39.0
1679584,25.0
1679632,33.0
1679648,55.0
1679648,43.0
1679648,53.0
1679680,49.0
1679824,43.0
1679840,42.0
1679904,39.0
1679984,47.0
1680032,28.0
1680048,37.0
1680112,73.0
1680192,39.0
1680224,37.0
1680224,25.0
1680256,44.0
1680304,25.0
1680416,48.0
1680480,23.0
1680592,59.0
1680592,57.0
1680624,61.0
1680624,49.0
1680640,71.0
1680672,39.0
1680720,76.0
1680736,20.0
1680768,46.0
1680768,49.0
1680800,36.0
1680816,37.0
1680912,41.0
1681120,51.0
1681152,60.0
1681184,44.0
1681200,38.0
1681200,36.0
1681264,39.0
1681280,34.0
1681296,31.0
1681344,36.0
1681392,39.0
1681424,52.0
1681680,31.0
1681760,68.0
1681776,32.0
1681904,80.0
1681952,33.0
1681968,48.0
1682000,53.0
1682000,74.0
1682096,50.0
1682192,67.0
1682192,53.0
1682272,97.0
1682336,89.0
1682336,35.0
1682352,60.0
1682368,26.0
1682384,39.0
1682432,33.0
1682464,29.0
1682560,55.0
1682560,80.0
1682592,39.0
1682624,89.0
1682672,36.0
1682720,16.0
1682720,24.0
1682784,32.0
1682816,51.0
1682832,40.0
1682912,30.0
1682960,37.0
1682976,37.0
1683088,46.0
1683104,27.0
1683200,36.0
1683216,55.0
1683216,64.0
1683248,27.0
1683312,47.0
1683344,47.0
1683360,40.0
1683440,38.0
1683616,56.0
1683616,19.0
1683632,42.0
1683632,67.0
1683648,42.0
1683808,56.0
1683952,46.0
1683984,21.0
1684000,56.0
1684112,42.0
1684112,57.0
1684128,32.0
1684144,66.0
1684176,87.0
1684192,35.0
1684224,37.0
1684272,29.0
1684272,66.0
1684336,45.0
1684368,26.0
1684512,23.0
1684528,26.0
1684560,28.0
1684576,36.0
1684656,27.0
1684704,45.0
1684720,34.0
1684784,32.0
1684832,92.0
1684928,41.0
1684960,27.0
1685104,48.0
1685136,118.0
1685136,112.0
1685184,51.0
1685216,41.0
1685248,46.0
1685264,34.0
1685280,36.0
1685280,31.0
1685312,70.0
1685328,42.0
1685424,37.0
1685456,83.0
1685584,63.0
1685696,35.0
1685696,26.0
1685712,31.0
1685744,35.0
1685760,52.0
1685824,54.0
1685872,46.0
1686016,46.0
1686112,43.0
1686128,64.0
1686176,53.0
1686208,60.0
1686224,40.0
1686240,34.0
1686288,34.0
1686288,33.0
1686416,25.0
1686432,70.0
1686480,64.0
1686528,52.0
1686528,51.0
1686576,47.0
1686640,33.0
1686848,20.0
1686864,40.0
1686880,40.0
1686912,49.0
1686912,24.0
1686912,39.0
1687024,53.0
1687056,48.0
1687136,117.0
1687152,45.0
1687168,47.0
1687376,73.0
1687408,33.0
1687424,59.0
1687440,50.0
1687504,37.0
1687552,40.0
1687552,43.0
1687632,38.0
1687696,70.0
1687744,23.0
1687760,39.0
1687792,39.0
1687856,44.0
1687904,127.0
1687904,62.0
1687968,70.0
1688048,40.0
1688048,38.0
1688128,67.0
1688144,40.0
1688160,29.0
1688224,42.0
1688320,26.0
1688352,58.0
1688368,20.0
1688384,40.0
1688400,38.0
1688448,37.0
1688528,56.0
1688560,41.0
1688784,46.0
1688816,37.0
1688816,31.0
1688816,43.0
1688848,81.0
1688880,46.0
1688896,58.0
1688976,51.0
1689008,40.0
1689056,81.0
1689072,42.0
1689088,35.0
1689200,47.0
1689200,24.0
1689312,31.0
1689408,53.0
1689408,64.0
1689520,46.0
1689568,31.0
1689600,45.0
1689616,45.0
1689632,39.0
1689648,42.0
1689808,38.0
1689824,92.0
1689888,67.0
1689968,25.0
1690016,38.0
1690032,24.0
1690032,52.0
1690080,64.0
1690112,50.0
1690304,49.0
1690336,20.0
1690352,20.0
1690464,53.0
1690464,101.0
1690496,38.0
1690496,54.0
1690528,35.0
1690560,47.0
1690608,33.0
1690672,53.0
1690688,41.0
1690720,70.0
1690816,88.0
1690848,46.0
1690864,23.0
1690864,25.0
1690928,39.0
1690992,119.0
1690992,41.0
1691008,25.0
1691008,34.0
1691040,43.0
1691072,25.0
1691152,39.0
1691232,46.0
1691328,48.0
1691440,47.0
1691472,38.0
1691488,35.0
1691488,39.0
1691504,43.0
1691504,31.0
1691584,37.0
1691744,42.0
1691744,46.0
1691872,72.0
1691888,26.0
1691984,34.0
1692016,54.0
1692016,43.0
1692064,52.0
1692080,77.0
1692176,27.0
1692192,43.0
1692208,44.0
1692208,45.0
1692240,41.0
1692336,53.0
1692352,38.0
1692544,97.0
1692576,37.0
1692576,44.0
1692576,35.0
1692656,101.0
1692672,49.0
1692688,39.0
1692736,41.0
1692784,37.0
1692832,37.0
1692912,23.0
1692928,45.0
1693024,28.0
1693040,52.0
1693056,45.0
1693184,38.0
1693232,34.0
1693232,66.0
1693296,45.0
1693312,40.0
1693424,48.0
1693552,48.0
1693584,42.0
1693616,43.0
1693648,39.0
1693696,54.0
1693744,87.0
1693760,45.0
1693792,38.0
1693840,34.0
1693872,116.0
1693872,71.0
1694000,24.0
1694080,53.0
1694144,25.0
1694160,29.0
1694288,44.0
1694320,63.0
1694368,23.0
1694384,83.0
1694432,40.0
1694448,38.0
1694464,77.0
1694480,58.0
1694496,53.0
1694784,57.0
1694784,57.0
1694800,40.0
1694848,24.0
1694912,34.0
1694912,26.0
1694928,94.0
1695008,58.0
1695024,55.0
1695040,41.0
1695200,26.0
1695264,94.0
1695392,57.0
1695440,40.0
1695488,73.0
1695504,37.0
1695504,41.0
1695552,33.0
1695568,41.0
1695568,71.0
1695648,24.0
1695664,55.0
1695680,87.0
1695712,42.0
1695760,35.0
1695776,48.0
1695952,32.0
1696000,21.0
1696000,38.0
1696048,34.0
1696096,103.0
1696144,37.0
1696208,40.0
1696256,47.0
1696288,40.0
1696320,52.0
1696464,47.0
1696480,44.0
1696608,38.0
1696608,35.0
1696624,26.0
1696624,42.0
1696640,67.0
1696640,60.0
1696672,24.0
1696736,113.0
1696800,41.0
1696800,44.0
1696816,35.0
1696832,52.0
1696912,72.0
1696976,41.0
1696976,19.0
1697040,27.0
1697088,39.0
1697200,45.0
1697200,24.0
1697248,38.0
1697296,42.0
1697344,38.0
1697456,30.0
1697472,52.0
1697536,57.0
1697616,51.0
1697632,45.0
1697648,22.0
1697760,26.0
1697808,22.0
1697984,74.0
1698016,58.0
1698016,65.0
1698032,75.0
1698064,91.0
1698176,26.0
1698176,40.0
1698240,39.0
1698256,66.0
1698272,67.0
1698368,46.0
1698464,62.0
1698640,100.0
1698640,39.0
1698656,88.0
1698688,32.0
1698736,30.0
1698784,61.0
1698784,71.0
1698816,34.0
1698832,48.0
1698912,55.0
1698928,59.0
1698960,59.0
1699072,26.0
1699152,49.0
1699168,33.0
1699184,59.0
1699264,27.0
1699280,40.0
1699312,53.0
1699344,41.0
1699360,13.0
1699424,43.0
1699520,46.0
1699520,44.0
1699536,39.0
1699600,42.0
1699632,20.0
1699664,55.0
1699808,34.0
1699856,43.0
1699904,59.0
1699920,25.0
1699952,42.0
1700048,44.0
1700064,62.0
1700064,118.0
1700096,27.0
1700128,59.0
1700144,32.0
1700224,43.0
1700256,12.0
1700256,46.0
1700304,59.0
1700320,25.0
1700336,33.0
1700432,36.0
1700496,56.0
1700528,69.0
1700592,21.0
1700624,25.0
1700624,35.0
1700640,37.0
1700672,34.0
1700816,30.0
1700816,54.0
1700832,43.0
1700896,36.0
1701120,37.0
1701248,36.0
1701264,28.0
1701296,41.0
1701360,54.0
1701392,81.0
1701424,38.0
1701536,59.0
1701552,45.0
1701552,70.0
1701600,61.0
1701648,33.0
1701712,91.0
1701712,51.0
1701776,92.0
1701824,35.0
1701968,129.0
1701968,84.0
1702016,29.0
1702048,28.0
1702064,51.0
1702160,50.0
1702160,48.0
1702416,54.0
1702448,46.0
1702480,44.0
1702528,69.0
1702544,56.0
1702656,70.0
1702656,52.0
1702736,64.0
1702768,22.0
1702864,98.0
1702864,53.0
1702864,50.0
1702880,52.0
1702880,45.0
1702880,57.0
1703008,65.0
1703056,36.0
1703168,39.0
1703200,20.0
1703200,65.0
1703216,43.0
1703360,57.0
1703392,12.0
1703408,47.0
1703440,36.0
1703536,21.0
1703584,45.0
1703648,48.0
1703680,57.0
1703680,64.0
1703728,42.0
1703776,56.0
1703792,24.0
1703808,40.0
1703824,27.0
1703840,61.0
1703888,72.0
1703904,56.0
1704032,22.0
1704048,52.0
1704080,22.0
1704096,28.0
1704112,36.0
1704224,49.0
1704272,57.0
1704368,34.0
1704464,36.0
1704480,42.0
1704512,46.0
1704624,52.0
1704640,35.0
1704720,38.0
1704848,79.0
1704912,40.0
1704928,78.0
1704992,30.0
1705008,40.0
1705104,39.0
1705120,67.0
1705152,58.0
1705184,68.0
1705200,30.0
1705264,40.0
1705280,78.0
1705424,27.0
1705440,100.0
1705456,97.0
1705488,53.0
1705600,42.0
1705664,51.0
1705760,35.0
1705824,40.0
1705856,87.0
1705920,31.0
1705936,31.0
1705952,43.0
1706016,46.0
1706080,60.0
1706224,25.0
1706224,48.0
1706256,69.0
1706272,32.0
1706448,60.0
1706464,91.0
1706480,51.0
1706528,101.0
1706592,23.0
1706624,64.0
1706624,42.0
1706672,28.0
1706736,45.0
1706736,50.0
1706752,56.0
1706752,42.0
1706800,55.0
1706896,40.0
1707040,37.0
1707040,121.0
1707040,35.0
1707072,20.0
1707184,41.0
1707248,49.0
1707248,11.0
1707264,62.0
1707312,45.0
1707344,38.0
1707344,42.0
1707344,45.0
1707456,26.0
1707584,60.0
1707664,30.0
1707696,50.0
1707728,43.0
1707744,63.0
1707776,64.0
1707792,21.0
1707808,48.0
1707872,33.0
1707920,70.0
1707952,38.0
1707984,42.0
1708000,47.0
1708128,21.0
1708160,36.0
1708176,52.0
1708192,59.0
1708288,37.0
1708304,65.0
1708336,22.0
1708352,36.0
1708400,33.0
1708416,31.0
1708544,46.0
1708576,26.0
1708592,53.0
1708624,60.0
1708624,39.0
1708656,22.0
1708784,28.0
1708848,45.0
1708880,58.0
1708912,18.0
1708944,48.0
1708944,37.0
1708976,49.0
1708976,35.0
1709072,84.0
1709184,38.0
1709200,38.0
1709264,40.0
1709296,47.0
1709360,18.0
1709392,28.0
1709408,70.0
1709472,43.0
1709488,32.0
1709520,42.0
1709552,38.0
1709616,44.0
1709696,81.0
1709824,53.0
1709824,39.0
1709984,45.0
1710000,37.0
1710032,40.0
1710096,57.0
1710144,49.0
1710176,43.0
1710192,23.0
1710224,33.0
1710256,100.0
1710336,45.0
1710336,65.0
1710400,55.0
1710448,39.0
1710512,65.0
1710544,35.0
1710544,104.0
1710656,39.0
1710736,74.0
1710752,35.0
1710800,34.0
1710832,24.0
1710992,41.0
1711008,52.0
1711056,41.0
1711120,36.0
1711120,70.0
1711136,57.0
1711168,67.0
1711200,41.0
1711248,57.0
1711280,71.0
1711344,52.0
1711408,47.0
1711472,45.0
1711504,31.0
1711520,25.0
1711552,35.0
1711584,28.0
1711600,50.0
1711728,35.0
1711872,71.0
1711904,39.0
1711968,39.0
1711984,54.0
1712000,59.0
1712064,35.0
1712096,53.0
1712384,26.0
1712400,55.0
1712416,34.0
1712416,76.0
1712560,52.0
1712560,108.0
1712592,62.0
1712608,75.0
1712672,68.0
1712688,39.0
1712720,21.0
1712752,48.0
1712768,42.0
1712800,24.0
1712816,25.0
1712848,86.0
1712896,56.0
1713040,93.0
1713056,18.0
1713120,76.0
1713136,26.0
1713168,48.0
1713200,40.0
1713312,44.0
1713328,27.0
1713376,35.0
1713392,37.0
1713392,40.0
1713440,55.0
1713504,23.0
1713600,63.0
1713616,59.0
1713648,50.0
1713808,26.0
1713840,42.0
1713904,44.0
1713920,54.0
1713968,40.0
1713984,30.0
1713984,59.0
1714064,39.0
1714272,42.0
1714304,74.0
1714384,30.0
1714464,72.0
1714480,54.0
1714496,53.0
1714512,70.0
1714528,34.0
1714560,37.0
1714640,36.0
1714656,123.0
1714704,45.0
1714800,60.0
1714896,39.0
1714944,40.0
1715008,30.0
1715104,40.0
1715216,35.0
1715248,48.0
1715280,24.0
1715312,38.0
1715312,47.0
1715312,87.0
1715360,35.0
1715408,64.0
1715440,58.0
1715456,51.0
1715488,34.0
1715632,71.0
1715664,22.0
1715680,144.0
1715680,117.0
1715728,45.0
1715776,35.0
1715872,24.0
1715872,26.0
1715936,39.0
1715936,43.0
1716064,47.0
1716160,66.0
1716176,51.0
1716176,56.0
1716192,47.0
1716224,51.0
1716336,44.0
1716368,43.0
1716480,38.0
1716512,22.0
1716544,42.0
1716544,48.0
1716592,41.0
1716608,27.0
1716720,65.0
1716736,42.0
1716848,70.0
1716992,41.0
1717024,50.0
1717040,35.0
1717040,86.0
1717312,48.0
1717344,61.0
1717360,74.0
1717376,41.0
1717392,49.0
1717392,53.0
1717424,57.0
1717424,36.0
1717584,62.0
1717584,35.0
1717600,104.0
1717680,59.0
1717840,28.0
1717904,37.0
1717920,108.0
1717936,32.0
1718048,44.0
1718192,37.0
1718224,40.0
1718272,57.0
1718288,54.0
1718304,79.0
1718368,49.0
1718496,36.0
1718512,52.0
1718512,42.0
1718560,73.0
1718736,28.0
1718752,107.0
1718784,32.0
1718800,113.0
1718880,52.0
1718896,24.0
1718912,38.0
1718912,61.0
1719008,51.0
1719056,52.0
1719088,37.0
1719232,27.0
1719264,47.0
1719264,30.0
1719344,37.0
1719344,61.0
1719360,91.0
1719440,55.0
1719456,23.0
1719472,35.0
1719552,42.0
1719664,47.0
1719696,43.0
1719712,28.0
1719728,62.0
1719792,151.0
1720016,41.0
1720048,44.0
1720096,39.0
1720096,52.0
1720176,59.0
1720176,32.0
1720192,53.0
1720192,30.0
1720288,87.0
1720336,80.0
1720336,34.0
1720416,43.0
1720432,62.0
1720480,49.0
1720496,65.0
1720496,28.0
1720592,36.0
1720656,35.0
1720736,40.0
1720800,29.0
1720832,41.0
1720928,46.0
1720928,31.0
1720944,41.0
1721088,31.0
1721168,43.0
1721216,45.0
1721248,106.0
1721344,53.0
1721344,32.0
1721344,63.0
1721360,39.0
1721408,20.0
1721424,39.0
1721456,79.0
1721456,50.0
1721504,36.0
1721568,87.0
1721600,41.0
1721664,78.0
1721696,48.0
1721744,25.0
1721920,31.0
1721920,42.0
1721936,48.0
1721936,36.0
1721936,37.0
1721952,28.0
1721968,32.0
1721984,48.0
1722064,45.0
1722080,39.0
1722144,34.0
1722192,39.0
1722256,37.0
1722320,23.0
1722352,41.0
1722528,38.0
1722576,41.0
1722592,41.0
1722704,48.0
1722704,60.0
1722736,48.0
1722752,84.0
1722752,35.0
1722768,52.0
1722784,45.0
1722800,34.0
1722832,43.0
1722944,60.0
1722944,54.0
1722944,22.0
1723040,43.0
1723104,49.0
1723136,27.0
1723152,23.0
1723200,39.0
1723264,31.0
1723344,34.0
1723344,37.0
1723376,27.0
1723392,35.0
1723424,24.0
1723440,44.0
1723488,24.0
1723552,50.0
1723584,40.0
1723648,44.0
1723712,23.0
1723776,40.0
1723872,45.0
1723888,43.0
1723904,29.0
1723920,27.0
1724000,81.0
1724096,28.0
1724128,34.0
1724256,54.0
1724272,24.0
1724368,64.0
1724368,62.0
1724384,52.0
1724416,72.0
1724464,34.0
1724544,52.0
1724624,31.0
1724752,55.0
1724784,85.0
1724800,26.0
1724864,54.0
1724880,39.0
1724944,53.0
1725072,73.0
1725104,35.0
1725120,47.0
1725168,56.0
1725200,89.0
1725232,27.0
1725280,172.0
1725280,41.0
1725312,59.0
1725376,60.0
1725488,46.0
1725504,65.0
1725552,38.0
1725632,32.0
1725632,53.0
1725648,48.0
1725744,34.0
1725856,43.0
1725872,37.0
1725920,40.0
1725952,36.0
1725968,54.0
1726016,29.0
1726048,61.0
1726096,54.0
1726128,40.0
1726176,34.0
1726208,84.0
1726224,57.0
1726320,43.0
1726336,43.0
1726512,63.0
1726528,20.0
1726528,36.0
1726640,29.0
1726704,49.0
1726784,35.0
1726848,61.0
1726896,55.0
1726928,55.0
1727008,65.0
1727040,33.0
1727040,74.0
1727056,33.0
1727056,58.0
1727072,47.0
1727072,27.0
1727168,89.0
1727440,69.0
1727440,57.0
1727504,38.0
1727520,46.0
1727520,51.0
1727536,38.0
1727584,93.0
1727648,50.0
1727712,42.0
1727792,47.0
1727840,48.0
1727888,45.0
1727936,58.0
1727952,55.0
1728016,36.0
1728112,37.0
1728128,67.0
1728128,39.0
1728176,33.0
1728192,47.0
1728208,43.0
1728304,45.0
1728400,24.0
1728480,89.0
1728496,49.0
1728560,42.0
1728672,34.0
1728688,36.0
1728736,56.0
1728752,60.0
1728768,77.0
1728784,41.0
1728880,58.0
1729008,51.0
1729040,40.0
1729056,70.0
1729072,56.0
1729072,36.0
1729152,29.0
1729184,61.0
1729232,30.0
1729264,33.0
1729328,48.0
1729440,23.0
1729552,67.0
1729552,55.0
1729664,38.0
1729760,33.0
1729808,50.0
1729872,34.0
1729888,70.0
1729920,53.0
1729920,48.0
1730096,52.0
1730112,22.0
1730160,38.0
1730192,33.0
1730192,40.0
1730192,63.0
1730208,73.0
1730432,103.0
1730464,37.0
1730496,43.0
1730528,38.0
1730560,105.0
1730560,28.0
1730592,143.0
1730672,49.0
1730688,30.0
1730720,50.0
1730784,37.0
1730800,38.0
1730848,41.0
1730960,54.0
1731008,98.0
1731072,57.0
1731104,32.0
1731136,38.0
1731168,28.0
1731200,25.0
1731312,39.0
1731408,53.0
1731408,59.0
1731456,49.0
1731456,38.0
1731520,28.0
1731552,66.0
1731696,57.0
1731712,38.0
1731744,21.0
1731760,37.0
1731808,50.0
1731968,88.0
1732016,51.0
1732032,36.0
1732032,39.0
1732048,68.0
1732080,59.0
1732112,50.0
1732192,110.0
1732240,49.0
1732288,37.0
1732320,38.0
1732336,37.0
1732432,39.0
1732528,32.0
1732592,65.0
1732720,60.0
1732736,39.0
1732752,35.0
1732768,33.0
1732832,54.0
1732864,36.0
1732896,54.0
1732928,56.0
1732928,21.0
1732944,56.0
1732960,40.0
1733120,24.0
1733120,49.0
1733216,49.0
1733232,72.0
1733296,23.0
1733312,49.0
1733328,23.0
1733392,42.0
1733584,41.0
1733616,45.0
1733632,50.0
1733696,59.0
1733696,36.0
1733696,36.0
1733776,52.0
1733840,61.0
1733952,40.0
1733952,39.0
1734080,160.0
1734096,30.0
1734112,84.0
1734128,22.0
1734160,29.0
1734176,30.0
1734192,60.0
1734208,51.0
1734208,32.0
1734272,43.0
1734288,62.0
1734336,31.0
1734384,47.0
1734432,21.0
1734544,29.0
1734544,23.0
1734656,33.0
1734736,25.0
1734832,40.0
1734848,35.0
1734912,106.0
1734928,45.0
1734976,34.0
1735024,51.0
1735056,49.0
1735072,43.0
1735072,60.0
1735088,58.0
1735104,72.0
1735216,24.0
1735248,44.0
1735280,83.0
1735328,26.0
1735456,38.0
1735472,23.0
1735488,52.0
1735520,61.0
1735680,29.0
1735696,38.0
1735696,42.0
1735744,42.0
1735760,32.0
1735824,53.0
1735856,58.0
1736000,79.0
1736048,62.0
1736112,37.0
1736144,41.0
1736224,48.0
1736240,35.0
1736272,36.0
1736288,63.0
1736320,53.0
1736352,41.0
1736384,33.0
1736448,39.0
1736480,21.0
1736592,37.0
1736624,19.0
1736624,81.0
1736688,26.0
1736752,32.0
1736784,27.0
1736784,42.0
1736784,65.0
1736880,52.0
1736912,115.0
1736992,48.0
1737008,33.0
1737056,38.0
1737088,50.0
1737168,24.0
1737184,50.0
1737184,89.0
1737232,28.0
1737360,46.0
1737504,26.0
1737504,57.0
1737568,51.0
1737616,28.0
1737632,40.0
1737776,72.0
1737792,27.0
1737808,56.0
1737824,59.0
1737856,42.0
1737872,54.0
1737968,74.0
1737984,47.0
1738000,82.0
1738064,35.0
1738080,56.0
1738112,38.0
1738352,46.0
1738368,31.0
1738400,25.0
1738416,53.0
1738416,40.0
1738480,43.0
1738480,42.0
1738512,43.0
1738592,60.0
1738720,54.0
1738720,38.0
1738736,42.0
1738800,24.0
1738832,47.0
1738960,119.0
1739056,34.0
1739056,68.0
1739072,42.0
1739104,39.0
1739120,47.0
1739136,49.0
1739136,45.0
1739232,40.0
1739248,79.0
1739296,35.0
1739344,39.0
1739344,54.0
1739392,35.0
1739472,26.0
1739488,23.0
1739504,44.0
1739584,33.0
1739584,54.0
1739664,27.0
1739728,24.0
1739744,49.0
1739744,38.0
1739776,33.0
1739776,42.0
1739872,46.0
1739920,39.0
1739920,36.0
1739936,54.0
1740032,33.0
1740128,25.0
1740208,39.0
1740256,42.0
1740320,53.0
1740320,25.0
1740336,37.0
1740400,23.0
1740416,42.0
1740416,34.0
1740432,41.0
1740432,48.0
1740480,34.0
1740608,52.0
1740736,26.0
1740800,88.0
1740864,34.0
1740864,38.0
1740896,35.0
1740960,65.0
1740992,35.0
1741104,56.0
1741104,61.0
1741168,48.0
1741248,40.0
1741264,33.0
1741328,53.0
1741408,26.0
1741408,61.0
1741456,37.0
1741488,67.0
1741504,126.0
1741504,34.0
1741552,28.0
1741584,26.0
1741584,73.0
1741696,23.0
1741792,24.0
1741824,60.0
1741872,48.0
1741936,43.0
1741968,24.0
1742048,35.0
1742096,32.0
1742112,82.0
1742128,39.0
1742144,43.0
1742256,53.0
1742256,85.0
1742256,44.0
1742416,72.0
1742432,58.0
1742496,24.0
1742624,58.0
1742656,52.0
1742672,34.0
1742736,30.0
1742768,61.0
1742784,57.0
1742784,40.0
1742800,23.0
1742832,56.0
1742928,42.0
1742976,58.0
1743104,53.0
1743136,45.0
1743136,29.0
1743184,24.0
1743200,36.0
1743248,29.0
1743280,49.0
1743392,39.0
1743424,83.0
1743520,46.0
1743552,26.0
1743552,56.0
1743568,40.0
1743568,24.0
1743696,54.0
1743792,51.0
1743904,39.0
1744016,51.0
1744048,22.0
1744064,51.0
1744064,83.0
1744080,41.0
1744080,33.0
1744192,139.0
1744208,67.0
1744256,43.0
1744384,37.0
1744464,85.0
1744496,18.0
1744512,62.0
1744512,59.0
1744544,29.0
1744560,32.0
1744560,30.0
1744640,78.0
1744704,32.0
1744864,53.0
1744880,51.0
1744896,84.0
1744912,53.0
1745008,47.0
1745072,27.0
1745072,35.0
1745072,32.0
1745152,78.0
1745152,37.0
1745168,49.0
1745184,43.0
1745280,51.0
1745344,52.0
1745440,34.0
1745536,62.0
1745552,43.0
1745568,35.0
1745584,32.0
1745632,30.0
1745632,29.0
1745664,47.0
1745680,50.0
1745776,67.0
1745888,51.0
1745920,36.0
1745936,49.0
1745952,25.0
1745952,48.0
1745984,57.0
1746000,29.0
1746112,27.0
1746128,43.0
1746208,36.0
1746208,34.0
1746208,36.0
1746288,45.0
1746336,24.0
1746432,27.0
1746448,35.0
1746496,45.0
1746560,36.0
1746624,44.0
1746720,24.0
1746752,73.0
1746864,99.0
1746928,45.0
1746928,45.0
1746944,63.0
1746944,62.0
1746960,52.0
1746960,42.0
1747040,38.0
1747040,58.0
1747088,55.0
1747152,25.0
1747264,21.0
1747280,35.0
1747344,24.0
1747392,28.0
1747392,48.0
1747440,55.0
1747472,64.0
1747472,27.0
1747504,36.0
1747552,66.0
1747664,39.0
1747712,48.0
1747744,49.0
1747760,38.0
1747824,27.0
1747904,65.0
1747936,31.0
1748000,57.0
1748128,46.0
1748224,45.0
1748336,36.0
1748336,54.0
1748352,68.0
1748384,30.0
1748416,47.0
1748432,55.0
1748528,33.0
1748544,67.0
1748576,54.0
1748672,21.0
1748672,83.0
1748704,60.0
1748736,50.0
1748912,49.0
1748960,105.0
1748992,36.0
1749024,37.0
1749040,44.0
1749056,52.0
1749088,26.0
1749104,80.0
1749136,27.0
1749184,32.0
1749216,54.0
1749264,46.0
1749296,57.0
1749392,53.0
1749424,53.0
1749440,44.0
1749488,25.0
1749504,37.0
1749600,36.0
1749648,43.0
1749664,42.0
1749664,35.0
1749856,40.0
1749872,51.0
1749968,49.0
1749968,58.0
1750016,33.0
1750048,57.0
1750064,42.0
1750064,48.0
1750112,28.0
1750192,47.0
1750208,59.0
1750320,51.0
1750368,48.0
1750400,61.0
1750480,52.0
1750480,51.0
1750512,41.0
1750544,36.0
1750592,45.0
1750672,38.0
1750704,37.0
1750720,41.0
1750736,43.0
1750752,49.0
1750768,28.0
1750800,49.0
1750912,45.0
1751056,53.0
1751120,38.0
1751168,39.0
1751184,49.0
1751232,33.0
1751248,48.0
1751376,40.0
1751424,59.0
1751440,33.0
1751488,51.0
1751536,73.0
1751584,29.0
1751584,51.0
1751728,42.0
1751776,61.0
1751808,76.0
1751840,25.0
1751952,23.0
1751968,24.0
1751984,79.0
1752000,39.0
1752080,83.0
1752080,41.0
1752080,57.0
1752096,38.0
1752208,64.0
1752304,66.0
1752352,51.0
1752384,36.0
1752400,26.0
1752496,34.0
1752512,46.0
1752512,80.0
1752528,50.0
1752544,28.0
1752592,37.0
1752656,51.0
1752864,49.0
1752960,38.0
1752992,43.0
1752992,64.0
1753056,61.0
1753152,41.0
1753152,39.0
1753152,38.0
1753168,49.0
1753280,55.0
1753312,50.0
1753312,50.0
1753456,86.0
1753504,22.0
1753568,57.0
1753584,37.0
1753648,90.0
1753664,31.0
1753664,50.0
1753696,44.0
1753712,25.0
1753824,54.0
1753856,44.0
1753872,80.0
1753936,23.0
1753968,24.0
1754016,60.0
1754032,55.0
1754176,42.0
1754208,56.0
1754208,58.0
1754320,41.0
1754352,40.0
1754464,40.0
1754480,49.0
1754496,39.0
1754544,21.0
1754560,44.0
1754592,39.0
1754608,59.0
1754624,61.0
1754624,38.0
1754640,29.0
1754720,49.0
1754832,50.0
1755024,98.0
1755040,36.0
1755168,60.0
1755184,35.0
1755200,53.0
1755216,41.0
1755216,38.0
1755232,47.0
1755248,47.0
1755280,41.0
1755296,47.0
1755360,45.0
1755424,69.0
1755584,54.0
1755600,63.0
1755616,26.0
1755632,38.0
1755696,54.0
1755712,34.0
1755792,35.0
1755888,40.0
1755888,37.0
1756000,36.0
1756016,50.0
1756064,44.0
1756160,55.0
1756160,59.0
1756160,36.0
1756176,62.0
1756208,73.0
1756224,39.0
1756240,28.0
1756288,42.0
1756384,20.0
1756528,51.0
1756544,34.0
1756576,55.0
1756672,41.0
1756672,49.0
1756736,53.0
1756784,36.0
1756784,39.0
1756800,40.0
1756848,39.0
1756976,84.0
1757024,40.0
1757184,64.0
1757232,41.0
1757264,45.0
1757296,70.0
1757328,68.0
1757440,72.0
1757456,58.0
1757472,42.0
1757584,38.0
1757616,52.0
1757632,56.0
1757648,50.0
1757648,61.0
1757728,59.0
1757824,31.0
1757856,42.0
1757888,54.0
1757904,77.0
1758080,38.0
1758096,41.0
1758112,51.0
1758176,59.0
1758224,25.0
1758240,39.0
1758400,59.0
1758480,76.0
1758496,53.0
1758528,39.0
1758608,61.0
1758656,50.0
1758656,48.0
1758736,72.0
1758784,24.0
1758832,21.0
1758880,50.0
1758960,82.0
1758960,46.0
1759136,33.0
1759136,65.0
1759168,66.0
1759216,46.0
1759216,93.0
1759232,36.0
1759280,47.0
1759376,71.0
1759488,82.0
1759504,45.0
1759552,37.0
1759648,27.0
1759680,59.0
1759776,51.0
1759776,59.0
1759792,41.0
1759808,40.0
1759840,44.0
1759872,62.0
1759984,44.0
1760000,12.0
1760000,48.0
1760048,87.0
1760080,36.0
1760096,55.0
1760240,25.0
1760240,43.0
1760256,48.0
1760256,38.0
1760336,41.0
1760384,25.0
1760480,69.0
1760544,31.0
1760544,48.0
1760576,49.0
1760624,34.0
1760640,40.0
1760640,48.0
1760720,59.0
1760752,23.0
1760784,49.0
1760832,37.0
1760976,45.0
1761024,34.0
1761072,51.0
1761136,50.0
1761168,39.0
1761232,62.0
1761232,28.0
1761376,52.0
1761392,42.0
1761424,53.0
1761472,52.0
1761504,30.0
1761600,94.0
1761600,29.0
1761632,25.0
1761632,63.0
1761632,55.0
1761664,64.0
1761680,32.0
1761712,46.0
1761776,44.0
1761776,59.0
1761968,46.0
1762000,23.0
1762048,36.0
1762144,40.0
1762160,35.0
1762176,49.0
1762240,36.0
1762448,53.0
1762448,51.0
1762496,51.0
1762544,52.0
1762544,25.0
1762576,38.0
1762656,31.0
1762752,70.0
1762768,48.0
1762800,64.0
1762880,27.0
1762912,93.0
1762976,50.0
1763072,36.0
1763088,65.0
1763120,84.0
1763184,113.0
1763200,41.0
1763216,61.0
1763232,41.0
1763232,30.0
1763248,30.0
1763328,28.0
1763424,48.0
1763424,55.0
1763504,33.0
1763568,41.0
1763568,30.0
1763632,35.0
1763632,74.0
1763696,28.0
1763840,26.0
1763888,41.0
1763920,43.0
1763936,47.0
1764000,49.0
1764032,57.0
1764048,78.0
1764112,26.0
1764112,30.0
1764144,45.0
1764192,62.0
1764240,57.0
1764336,44.0
1764352,32.0
1764448,33.0
1764448,35.0
1764576,63.0
1764592,35.0
1764688,47.0
1764784,37.0
1764816,36.0
1764880,52.0
1764960,38.0
1764976,54.0
1764992,62.0
1765024,36.0
1765024,95.0
1765088,47.0
1765088,40.0
1765136,35.0
1765168,36.0
1765360,25.0
1765424,46.0
1765456,29.0
1765584,90.0
1765664,33.0
1765728,101.0
1765728,47.0
1765792,27.0
1765808,58.0
1765856,43.0
1765904,55.0
1765968,59.0
1766000,57.0
1766048,155.0
1766112,43.0
1766160,86.0
1766240,41.0
1766256,37.0
1766272,34.0
1766336,55.0
1766368,80.0
1766448,41.0
1766448,45.0
1766560,37.0
1766560,109.0
1766608,38.0
1766640,52.0
1766688,52.0
1766688,27.0
1766688,40.0
1766752,37.0
1766832,45.0
1766880,32.0
1766912,63.0
1766960,32.0
1766992,47.0
1767104,52.0
1767136,24.0
1767152,51.0
1767200,40.0
1767248,50.0
1767280,37.0
1767312,39.0
1767312,47.0
1767520,15.0
1767520,23.0
1767536,39.0
1767584,47.0
1767600,57.0
1767632,64.0
1767680,65.0
1767744,38.0
1767760,28.0
1767824,54.0
1767824,59.0
1767856,54.0
1767872,35.0
1767904,41.0
1767952,47.0
1768176,67.0
1768272,28.0
1768416,51.0
1768416,52.0
1768432,43.0
1768448,58.0
1768480,38.0
1768496,54.0
1768560,64.0
1768592,48.0
1768704,50.0
1768736,29.0
1768800,39.0
1768816,23.0
1768896,65.0
1768928,31.0
1768944,79.0
1769008,37.0
1769152,46.0
1769168,36.0
1769232,42.0
1769248,48.0
1769312,112.0
1769360,22.0
1769392,43.0
1769392,102.0
1769472,95.0
1769488,35.0
1769568,67.0
1769600,28.0
1769696,19.0
1769728,57.0
1769808,31.0
1769824,37.0
1769856,60.0
1769904,60.0
1769952,35.0
1770080,24.0
1770112,39.0
1770192,52.0
1770224,61.0
1770288,43.0
1770336,54.0
1770336,33.0
1770384,51.0
1770384,30.0
1770416,78.0
1770496,40.0
1770512,49.0
1770592,40.0
1770608,49.0
1770640,115.0
1770768,36.0
1770864,49.0
1770864,40.0
1770864,30.0
1770928,51.0
1771072,27.0
1771088,50.0
1771104,37.0
1771120,44.0
1771136,34.0
1771136,40.0
1771136,50.0
1771152,51.0
1771232,23.0
1771424,31.0
1771488,39.0
1771504,70.0
1771616,34.0
1771712,36.0
1771760,40.0
1771760,189.0
1771776,40.0
1771792,41.0
1771824,66.0
1771840,38.0
1771856,44.0
1771872,28.0
1771872,79.0
1772096,37.0
1772224,24.0
1772224,32.0
1772240,28.0
1772304,34.0
1772368,32.0
1772384,38.0
1772448,52.0
1772480,101.0
1772496,42.0
1772512,89.0
1772608,23.0
1772672,98.0
1772816,37.0
1772848,61.0
1772864,40.0
1772880,87.0
1772928,30.0
1772960,37.0
1772976,23.0
1772992,30.0
1773072,48.0
1773120,64.0
1773136,40.0
1773168,12.0
1773488,51.0
1773488,42.0
1773552,105.0
1773584,69.0
1773648,49.0
1773648,30.0
1773648,118.0
1773728,50.0
1773776,49.0
1773824,21.0
1773936,61.0
1773952,51.0
1774000,22.0
1774032,103.0
1774048,58.0
1774048,25.0
1774144,23.0
1774160,38.0
1774256,88.0
1774352,48.0
1774352,80.0
1774432,59.0
1774448,45.0
1774448,32.0
1774448,39.0
1774608,108.0
1774688,65.0
1774720,35.0
1774736,49.0
1774736,24.0
1774752,45.0
1774928,36.0
1775008,63.0
1775072,58.0
1775216,31.0
1775232,49.0
1775248,75.0
1775296,53.0
1775360,47.0
1775360,42.0
1775392,41.0
1775408,61.0
1775424,42.0
1775504,48.0
1775568,70.0
1775616,34.0
1775632,21.0
1775648,100.0
1775712,91.0
1775712,19.0
1775808,24.0
1775808,50.0
1775856,39.0
1775856,58.0
1775952,35.0
1776016,41.0
1776032,25.0
1776208,22.0
1776240,62.0
1776304,43.0
1776304,68.0
1776304,46.0
1776368,35.0
1776432,36.0
1776496,43.0
1776544,52.0
1776576,54.0
1776608,78.0
1776704,47.0
1776768,35.0
1776784,47.0
1776848,38.0
1777056,39.0
1777056,97.0
1777104,38.0
1777104,50.0
1777120,47.0
1777152,34.0
1777200,39.0
1777280,79.0
1777312,63.0
1777344,31.0
1777376,52.0
1777392,68.0
1777440,46.0
1777472,23.0
1777472,44.0
1777568,32.0
1777696,128.0
1777728,39.0
1777808,64.0
1777824,24.0
1777888,52.0
1777904,27.0
1777920,38.0
1778000,55.0
1778064,54.0
1778080,38.0
1778144,62.0
1778240,56.0
1778272,62.0
1778272,56.0
1778304,46.0
1778384,41.0
1778432,65.0
1778448,24.0
1778560,41.0
1778576,27.0
1778624,51.0
1778704,55.0
1778800,33.0
1778816,56.0
1778880,62.0
1778896,75.0
1778944,42.0
1778976,61.0
1779024,40.0
1779104,50.0
1779232,33.0
1779280,44.0
1779312,31.0
1779408,83.0
1779488,65.0
1779504,38.0
1779520,68.0
1779600,45.0
1779600,41.0
1779616,37.0
1779696,45.0
1779744,94.0
1779776,72.0
1779808,44.0
1779888,68.0
1779904,42.0
1779984,89.0
1780144,54.0
1780144,25.0
1780208,50.0
1780224,38.0
1780240,46.0
1780304,38.0
1780352,47.0
1780432,28.0
1780480,60.0
1780480,36.0
1780512,64.0
1780672,33.0
1780720,88.0
1780752,61.0
1780752,54.0
1780832,43.0
1780864,39.0
1780944,71.0
1781040,90.0
1781040,33.0
1781136,49.0
1781168,26.0
1781200,62.0
1781216,49.0
1781232,35.0
1781264,49.0
1781312,17.0
1781360,55.0
1781504,49.0
1781584,45.0
1781632,55.0
1781680,46.0
1781712,22.0
1781744,32.0
1781760,37.0
1781840,44.0
1781904,105.0
1781920,38.0
1781920,68.0
1782016,47.0
1782032,52.0
1782080,65.0
1782080,54.0
1782352,27.0
1782432,42.0
1782480,40.0
1782512,30.0
1782512,55.0
1782528,32.0
1782544,65.0
1782560,40.0
1782624,145.0
1782640,60.0
1782656,59.0
1782672,37.0
1782688,69.0
1782832,47.0
1783008,69.0
1783008,33.0
1783072,35.0
1783088,46.0
1783104,36.0
1783120,38.0
1783120,28.0
1783152,88.0
1783200,40.0
1783232,36.0
1783296,38.0
1783424,37.0
1783504,54.0
1783536,21.0
1783552,25.0
1783552,58.0
1783584,32.0
1783680,42.0
1783712,39.0
1783776,84.0
1783776,48.0
1783904,49.0
1783952,25.0
1783952,53.0
1784000,44.0
1784032,38.0
1784080,33.0
1784096,97.0
1784128,28.0
1784128,39.0
1784144,57.0
1784208,68.0
1784320,49.0
1784336,24.0
1784496,57.0
1784512,24.0
1784528,51.0
1784592,37.0
1784592,40.0
1784624,53.0
1784720,59.0
1784816,57.0
1784912,26.0
1784928,50.0
1784976,41.0
1785040,52.0
1785104,30.0
1785136,38.0
1785136,65.0
1785168,41.0
1785184,53.0
1785216,74.0
1785344,75.0
1785360,24.0
1785392,82.0
1785408,37.0
1785424,44.0
1785504,57.0
1785504,37.0
1785536,31.0
1785568,25.0
1785616,64.0
1785648,45.0
1785664,33.0
1785696,37.0
1785792,36.0
1785920,32.0
1785936,36.0
1785952,48.0
1785984,40.0
1786032,26.0
1786096,44.0
1786128,39.0
1786176,40.0
1786192,39.0
1786192,66.0
1786224,27.0
1786272,53.0
1786368,26.0
1786432,48.0
1786464,34.0
1786592,38.0
1786640,29.0
1786752,66.0
1786800,42.0
1786832,46.0
1786896,44.0
1786912,43.0
1786928,46.0
1786928,80.0
1786928,35.0
1786960,43.0
1786976,24.0
1787040,38.0
1787120,68.0
1787184,45.0
1787264,39.0
1787312,26.0
1787424,93.0
1787440,40.0
1787456,34.0
1787536,36.0
1787552,36.0
1787552,27.0
1787616,54.0
1787696,24.0
1787792,21.0
1787824,49.0
1787872,43.0
1787904,150.0
1787968,34.0
1787984,66.0
1788016,29.0
1788048,70.0
1788064,39.0
1788096,73.0
1788096,52.0
1788192,36.0
1788336,40.0
1788352,28.0
1788400,36.0
1788432,35.0
1788432,100.0
1788464,58.0
1788592,65.0
1788640,53.0
1788672,39.0
1788688,37.0
1788832,40.0
1788880,34.0
1788880,57.0
1788880,28.0
1788880,49.0
1788928,54.0
1788960,23.0
1789024,42.0
1789040,36.0
1789120,30.0
1789136,46.0
1789248,77.0
1789264,37.0
1789328,28.0
1789456,39.0
1789552,26.0
1789664,40.0
1789664,61.0
1789712,37.0
1789712,42.0
1789760,111.0
1789776,51.0
1789792,57.0
1789824,59.0
1789888,21.0
1789904,92.0
1789920,37.0
1789952,44.0
1789968,65.0
1790032,48.0
1790096,40.0
1790144,30.0
1790208,26.0
1790288,25.0
1790320,23.0
1790368,37.0
1790384,42.0
1790384,35.0
1790464,99.0
1790512,37.0
1790560,53.0
1790656,39.0
1790672,48.0
1790704,59.0
1790768,39.0
1790768,69.0
1790800,52.0
1790928,29.0
1790976,55.0
1790992,42.0
1791024,51.0
1791120,46.0
1791152,40.0
1791216,41.0
1791216,58.0
1791264,37.0
1791312,41.0
1791328,21.0
1791328,35.0
1791344,34.0
1791376,62.0
1791392,39.0
1791424,66.0
1791536,38.0
1791568,54.0
1791648,42.0
1791712,35.0
1791776,27.0
1791808,43.0
1791856,40.0
1791872,38.0
1791968,40.0
1792032,63.0
1792080,43.0
1792128,57.0
1792144,48.0
1792160,39.0
1792160,24.0
1792176,53.0
1792288,27.0
1792320,47.0
1792320,42.0
1792352,65.0
1792368,59.0
1792480,48.0
1792640,48.0
1792640,38.0
1792720,35.0
1792736,37.0
1792816,31.0
1792880,57.0
1792896,48.0
1792944,36.0
1792944,49.0
1792944,71.0
1792976,41.0
1793072,27.0
1793072,49.0
1793072,56.0
1793136,66.0
1793232,18.0
1793248,48.0
1793296,35.0
1793424,33.0
1793520,44.0
1793584,54.0
1793600,78.0
1793680,46.0
1793696,28.0
1793744,54.0
1793776,44.0
1793808,42.0
1793824,33.0
1793872,50.0
1793904,79.0
1793920,53.0
1793936,60.0
1793968,46.0
1794000,25.0
1794128,44.0
1794224,44.0
1794256,24.0
1794352,26.0
1794368,89.0
1794368,39.0
1794400,37.0
1794400,36.0
1794432,53.0
1794480,49.0
1794496,33.0
1794624,59.0
1794720,20.0
1794752,53.0
1794832,44.0
1794912,27.0
1794960,37.0
1794992,67.0
1795008,47.0
1795024,41.0
1795056,80.0
1795088,54.0
1795136,49.0
1795152,45.0
1795200,50.0
1795248,78.0
1795344,37.0
1795392,35.0
1795424,27.0
1795472,47.0
1795504,63.0
1795536,36.0
1795616,62.0
1795728,45.0
1795888,50.0
1795888,40.0
1795968,66.0
1795984,60.0
1795984,53.0
1796000,53.0
1796000,38.0
1796000,41.0
1796016,25.0
1796048,53.0
1796080,41.0
1796176,18.0
1796272,50.0
1796384,83.0
1796384,24.0
1796544,63.0
1796592,38.0
1796608,38.0
1796608,55.0
1796656,72.0
1796656,41.0
1796704,45.0
1796752,54.0
1796784,48.0
1796784,25.0
1796816,34.0
1796832,49.0
1796880,50.0
1797024,66.0
1797200,51.0
1797216,65.0
1797264,38.0
1797296,30.0
1797312,35.0
1797360,47.0
1797376,37.0
1797440,35.0
1797456,39.0
1797520,46.0
1797536,59.0
1797568,64.0
1797584,58.0
1797664,66.0
1797808,49.0
1797904,38.0
1797936,46.0
1797936,35.0
1798000,40.0
1798016,47.0
1798064,34.0
1798128,57.0
1798160,39.0
1798160,44.0
1798160,53.0
1798192,38.0
1798256,97.0
1798320,24.0
1798352,43.0
1798480,42.0
1798496,30.0
1798544,69.0
1798560,39.0
1798592,37.0
1798624,27.0
1798640,20.0
1798640,30.0
1798736,73.0
1798784,33.0
1798832,58.0
1798864,50.0
1798880,45.0
1798976,27.0
1799008,23.0
1799040,25.0
1799056,56.0
1799072,45.0
1799088,60.0
1799152,41.0
1799200,40.0
1799280,43.0
1799328,34.0
1799568,59.0
1799584,44.0
1799584,53.0
1799584,33.0
1799616,33.0
1799632,72.0
1799648,49.0
1799712,24.0
1799728,47.0
1799760,35.0
1799776,46.0
1799824,47.0
1799824,42.0
1799888,38.0
1800032,24.0
1800048,29.0
1800064,22.0
1800096,33.0
1800192,26.0
1800352,46.0
1800384,39.0
1800432,89.0
1800448,101.0
1800464,36.0
1800480,41.0
1800496,48.0
1800608,35.0
1800624,37.0
1800624,65.0
1800720,56.0
1800768,42.0
1800848,25.0
1800864,32.0
1800912,45.0
1800928,84.0
1800992,35.0
1801088,91.0
1801104,65.0
1801168,42.0
1801312,44.0
1801312,53.0
1801344,39.0
1801376,56.0
1801392,48.0
1801408,64.0
1801456,38.0
1801472,38.0
1801520,26.0
1801568,50.0
1801616,39.0
1801648,12.0
1801696,48.0
1801728,40.0
1801760,53.0
1801776,72.0
1801968,35.0
1802064,45.0
1802080,24.0
1802096,49.0
1802112,50.0
1802112,45.0
1802144,48.0
1802320,72.0
1802384,54.0
1802400,52.0
1802496,48.0
1802528,66.0
1802544,58.0
1802544,36.0
1802608,53.0
1802624,33.0
1802672,56.0
1802672,64.0
1802720,41.0
1802848,28.0
1802848,46.0
1803072,58.0
1803088,23.0
1803120,50.0
1803120,37.0
1803120,39.0
1803120,32.0
1803168,31.0
1803184,35.0
1803216,69.0
1803248,44.0
1803328,49.0
1803360,43.0
1803424,65.0
1803552,44.0
1803568,45.0
1803616,96.0
1803632,32.0
1803632,32.0
1803664,34.0
1803712,40.0
1803776,28.0
1803776,33.0
1803872,41.0
1804048,39.0
1804192,39.0
1804224,37.0
1804240,39.0
1804256,30.0
1804256,39.0
1804272,68.0
1804272,74.0
1804304,74.0
1804416,47.0
1804432,41.0
1804512,60.0
1804544,20.0
1804656,25.0
1804688,83.0
1804752,35.0
1804752,44.0
1804768,100.0
1804800,58.0
1804896,74.0
1805040,46.0
1805072,51.0
1805104,35.0
1805136,44.0
1805200,60.0
1805264,62.0
1805280,48.0
1805376,39.0
1805392,37.0
1805440,64.0
1805456,43.0
1805504,77.0
1805568,42.0
1805600,57.0
1805664,37.0
1805712,60.0
1805744,68.0
1805808,48.0
1805840,40.0
1805856,36.0
1805888,39.0
1805936,52.0
1806016,55.0
1806048,41.0
1806240,33.0
1806256,41.0
1806304,54.0
1806352,53.0
1806368,30.0
1806400,37.0
1806512,53.0
1806640,39.0
1806640,56.0
1806640,44.0
1806768,82.0
1806848,37.0
1806848,62.0
1806928,85.0
1806976,39.0
1806976,42.0
1806992,72.0
1807024,49.0
1807040,62.0
1807088,28.0
1807104,29.0
1807104,108.0
1807200,52.0
1807296,49.0
1807360,37.0
1807488,32.0
1807488,68.0
1807536,21.0
1807552,44.0
1807568,36.0
1807600,36.0
1807616,61.0
1807696,37.0
1807760,29.0
1807808,45.0
1807824,49.0
1807840,54.0
1807888,49.0
1807904,66.0
1808096,25.0
1808160,42.0
1808176,36.0
1808192,24.0
1808208,24.0
1808208,80.0
1808224,54.0
1808288,42.0
1808496,59.0
1808496,58.0
1808528,62.0
1808592,47.0
1808608,44.0
1808720,52.0
1808736,61.0
1808736,33.0
1808768,42.0
1808832,40.0
1808928,45.0
1808928,40.0
1808944,49.0
1809008,30.0
1809008,95.0
1809024,53.0
1809024,27.0
1809104,31.0
1809168,59.0
1809200,29.0
1809264,31.0
1809280,34.0
1809328,38.0
1809408,57.0
1809440,38.0
1809472,34.0
1809568,40.0
1809568,67.0
1809600,36.0
1809664,24.0
1809712,38.0
1809760,31.0
1809824,55.0
1809904,55.0
1809920,28.0
1810000,62.0
1810000,42.0
1810064,66.0
1810080,40.0
1810112,22.0
1810144,59.0
1810160,62.0
1810224,25.0
1810240,40.0
1810320,38.0
1810400,52.0
1810432,54.0
1810448,49.0
1810512,28.0
1810576,36.0
1810704,24.0
1810720,36.0
1810752,53.0
1810768,43.0
1810816,44.0
1810832,24.0
1810848,43.0
1810864,40.0
1810896,29.0
1810944,64.0
1811088,68.0
1811152,47.0
1811184,42.0
1811184,111.0
1811280,65.0
1811424,33.0
1811440,38.0
1811472,38.0
1811488,57.0
1811520,51.0
1811552,49.0
1811552,52.0
1811568,51.0
1811568,47.0
1811632,49.0
1811696,32.0
1811824,21.0
1811840,43.0
1811872,43.0
1812016,46.0
1812032,38.0
1812064,32.0
1812064,70.0
1812112,40.0
1812144,36.0
1812160,67.0
1812272,44.0
1812528,41.0
1812608,66.0
1812624,50.0
1812640,75.0
1812656,40.0
1812656,34.0
1812736,42.0
1812736,42.0
1812800,80.0
1812800,69.0
1812816,74.0
1812816,41.0
1812880,46.0
1812912,55.0
1813088,78.0
1813120,29.0
1813184,36.0
1813296,42.0
1813312,42.0
1813360,52.0
1813456,45.0
1813536,55.0
1813536,45.0
1813552,47.0
1813584,49.0
1813744,54.0
1813744,52.0
1813760,59.0
1813888,50.0
1813904,49.0
1813936,39.0
1814000,40.0
1814000,44.0
1814064,112.0
1814064,55.0
1814096,85.0
1814128,36.0
1814160,39.0
1814208,28.0
1814240,49.0
1814272,24.0
1814320,46.0
1814352,28.0
1814432,43.0
1814576,36.0
1814672,34.0
1814800,66.0
1814816,51.0
1814816,29.0
1814832,48.0
1814912,37.0
1814912,86.0
1814944,55.0
1814992,49.0
1815008,53.0
1815024,37.0
1815024,68.0
1815120,64.0
1815136,56.0
1815200,39.0
1815216,25.0
1815232,60.0
1815328,32.0
1815344,34.0
1815376,44.0
1815472,35.0
1815504,35.0
1815584,42.0
1815600,37.0
1815600,29.0
1815680,53.0
1815760,40.0
1815776,49.0
1815776,28.0
1815840,31.0
1815856,39.0
1815904,43.0
1816000,25.0
1816016,62.0
1816048,42.0
1816048,53.0
1816080,38.0
1816128,34.0
1816176,72.0
1816224,29.0
1816384,38.0
1816432,26.0
1816464,26.0
1816496,56.0
1816528,43.0
1816592,68.0
1816608,47.0
1816640,60.0
1816672,56.0
1816752,39.0
1816784,35.0
1816832,52.0
1816864,51.0
1816864,43.0
1816912,26.0
1816944,54.0
1816976,67.0
1816992,24.0
1817024,24.0
1817088,39.0
1817136,34.0
1817136,44.0
1817280,23.0
1817312,40.0
1817312,35.0
1817344,60.0
1817408,55.0
1817472,38.0
1817520,24.0
1817552,48.0
1817552,38.0
1817552,43.0
1817632,38.0
1817696,44.0
1817744,48.0
1817760,26.0
1817840,63.0
1817840,33.0
1818016,55.0
1818032,39.0
1818048,60.0
1818096,51.0
1818112,37.0
1818112,50.0
1818144,24.0
1818160,38.0
1818192,45.0
1818256,44.0
1818336,40.0
1818384,40.0
1818496,24.0
1818496,41.0
1818512,42.0
1818576,64.0
1818704,13.0
1818752,35.0
1818832,75.0
1818832,46.0
1818912,47.0
1818992,61.0
1819008,27.0
1819040,49.0
1819104,66.0
1819120,46.0
1819136,50.0
1819152,25.0
1819184,30.0
1819216,24.0
1819232,46.0
1819248,46.0
1819280,73.0
1819328,74.0
1819328,12.0
1819344,27.0
1819472,40.0
1819504,92.0
1819616,25.0
1819648,38.0
1819648,41.0
1819696,32.0
1819808,33.0
1819824,42.0
1819856,24.0
1819856,33.0
1819888,49.0
1819920,57.0
1819952,39.0
1819952,45.0
1820032,57.0
1820064,51.0
1820128,39.0
1820272,36.0
1820352,31.0
1820448,50.0
1820528,55.0
1820544,43.0
1820544,46.0
1820608,49.0
1820608,36.0
1820608,45.0
1820608,62.0
1820704,49.0
1820704,36.0
1820752,50.0
1820848,36.0
1820976,23.0
1820976,39.0
1821136,67.0
1821264,120.0
1821296,43.0
1821296,37.0
1821312,38.0
1821408,50.0
1821408,50.0
1821440,29.0
1821456,44.0
1821520,24.0
1821584,65.0
1821600,47.0
1821664,23.0
1821696,73.0
1821776,83.0
1821824,35.0
1821872,120.0
1821952,41.0
1822080,96.0
1822096,40.0
1822112,37.0
1822192,49.0
1822208,77.0
1822272,52.0
1822288,37.0
1822304,45.0
1822384,49.0
1822400,62.0
1822512,75.0
1822576,50.0
1822576,44.0
1822608,20.0
1822624,50.0
1822688,64.0
1822752,35.0
1822768,42.0
1822784,44.0
1822864,47.0
1822896,59.0
1823024,32.0
1823072,42.0
1823072,48.0
1823104,56.0
1823152,48.0
1823152,55.0
1823248,40.0
1823264,25.0
1823264,23.0
1823264,40.0
1823312,34.0
1823376,50.0
1823440,54.0
1823520,26.0
1823584,35.0
1823664,55.0
1823696,59.0
1823744,42.0
1823792,33.0
1823824,28.0
1823840,72.0
1823936,49.0
1823952,50.0
1824080,63.0
1824080,40.0
1824208,59.0
1824272,36.0
1824288,44.0
1824288,39.0
1824336,64.0
1824384,54.0
1824400,71.0
1824464,76.0
1824576,40.0
1824608,51.0
1824720,55.0
1824784,65.0
1824800,45.0
1824832,39.0
1824864,36.0
1824896,35.0
1824944,42.0
1825072,38.0
1825088,71.0
1825152,83.0
1825168,48.0
1825168,24.0
1825184,69.0
1825232,41.0
1825248,33.0
1825344,66.0
1825360,47.0
1825456,41.0
1825472,38.0
1825472,68.0
1825488,37.0
1825568,24.0
1825584,47.0
1825664,32.0
1825856,39.0
1825936,62.0
1825952,54.0
1825984,46.0
1826016,42.0
1826016,59.0
1826064,36.0
1826064,56.0
1826096,32.0
1826112,40.0
1826128,41.0
1826192,52.0
1826240,49.0
1826432,26.0
1826432,26.0
1826432,54.0
1826512,26.0
1826560,56.0
1826608,41.0
1826640,49.0
1826688,39.0
1826752,40.0
1826880,47.0
1826912,53.0
1826912,22.0
1826928,43.0
1826992,114.0
1827056,39.0
1827088,69.0
1827088,36.0
1827136,75.0
1827168,61.0
1827168,46.0
1827248,40.0
1827328,40.0
1827360,30.0
1827376,24.0
1827392,40.0
1827456,34.0
1827456,64.0
1827472,24.0
1827552,31.0
1827616,61.0
1827648,35.0
1827696,49.0
1827728,35.0
1827728,50.0
1827808,28.0
1827808,40.0
1827904,27.0
1828000,54.0
1828048,41.0
1828080,52.0
1828176,28.0
1828192,46.0
1828192,40.0
1828336,38.0
1828368,23.0
1828368,45.0
1828384,58.0
1828400,67.0
1828416,38.0
1828432,66.0
1828576,42.0
1828656,29.0
1828672,39.0
1828720,24.0
1828752,71.0
1828864,42.0
1828896,68.0
1828912,76.0
1828976,38.0
1829088,26.0
1829120,23.0
1829168,47.0
1829232,54.0
1829264,34.0
1829344,48.0
1829456,80.0
1829504,53.0
1829504,69.0
1829520,39.0
1829536,69.0
1829536,72.0
1829680,51.0
1829728,103.0
1829776,32.0
1829776,43.0
1829776,38.0
1829856,32.0
1829920,59.0
1829984,47.0
1829984,54.0
1830000,68.0
1830112,37.0
1830144,38.0
1830176,42.0
1830256,30.0
1830288,52.0
1830352,51.0
1830432,58.0
1830656,55.0
1830672,51.0
1830720,46.0
1830752,36.0
1830752,25.0
1830848,35.0
1830848,53.0
1830864,55.0
1830896,61.0
1830912,77.0
1831072,84.0
1831136,64.0
1831200,59.0
1831248,37.0
1831328,56.0
1831344,42.0
1831360,40.0
1831376,39.0
1831504,37.0
1831536,49.0
1831568,89.0
1831616,47.0
1831616,48.0
1831632,35.0
1831680,27.0
1831728,122.0
1831792,59.0
1831824,58.0
1832016,41.0
1832112,48.0
1832128,58.0
1832160,37.0
1832160,52.0
1832192,35.0
1832224,45.0
1832224,53.0
1832304,43.0
1832336,45.0
1832336,75.0
1832384,53.0
1832400,38.0
1832432,38.0
1832528,50.0
1832704,30.0
1832720,65.0
1832736,38.0
1832848,39.0
1832848,46.0
1832960,50.0
1833024,45.0
1833040,38.0
1833056,22.0
1833056,42.0
1833072,55.0
1833184,41.0
1833248,25.0
1833328,62.0
1833376,41.0
1833392,66.0
1833408,87.0
1833440,44.0
1833472,67.0
1833552,87.0
1833568,38.0
1833600,34.0
1833728,42.0
1833776,37.0
1833792,45.0
1833808,27.0
1833840,28.0
1833920,56.0
1833936,33.0
1833936,68.0
1833952,44.0
1833984,59.0
1834000,42.0
1834032,35.0
1834240,50.0
1834304,46.0
1834384,34.0
1834464,43.0
1834512,60.0
1834592,40.0
1834672,42.0
1834704,42.0
1834704,69.0
1834704,57.0
1834704,49.0
1834704,48.0
1834784,50.0
1834784,53.0
1834880,72.0
1834896,24.0
1834960,41.0
1834976,46.0
1835136,34.0
1835152,48.0
1835232,33.0
1835472,43.0
1835472,48.0
1835488,49.0
1835600,71.0
1835616,57.0
1835680,117.0
1835712,63.0
1835840,55.0
1835856,67.0
1835872,46.0
1835888,57.0
1835952,67.0
1835984,52.0
1836016,34.0
1836032,34.0
1836048,51.0
1836144,42.0
1836176,94.0
1836272,37.0
1836272,41.0
1836352,32.0
1836432,24.0
1836448,53.0
1836496,39.0
1836544,23.0
1836592,106.0
1836624,57.0
1836752,50.0
1836800,33.0
1836816,58.0
1836832,61.0
1836960,61.0
1836992,25.0
1837072,50.0
1837072,36.0
1837072,39.0
1837120,68.0
1837216,67.0
1837280,46.0
1837424,62.0
1837424,42.0
1837472,25.0
1837472,42.0
1837520,73.0
1837680,53.0
1837680,66.0
1837808,24.0
1837808,112.0
1837808,24.0
1837872,37.0
1837888,48.0
1837920,28.0
1837968,63.0
1838032,32.0
1838064,78.0
1838128,28.0
1838144,67.0
1838224,63.0
1838304,82.0
1838304,52.0
1838400,37.0
1838432,39.0
1838448,48.0
1838496,29.0
1838496,36.0
1838512,40.0
1838608,45.0
1838624,35.0
1838800,42.0
1838864,112.0
1838880,57.0
1838976,52.0
1838976,42.0
1839024,37.0
1839024,33.0
1839024,45.0
1839024,36.0
1839072,53.0
1839120,20.0
1839200,44.0
1839232,52.0
1839344,29.0
1839376,47.0
1839472,28.0
1839472,38.0
1839488,29.0
1839488,55.0
1839680,73.0
1839696,42.0
1839728,44.0
1839728,41.0
1839728,47.0
1839744,48.0
1839840,45.0
1839968,48.0
1839984,136.0
1840064,43.0
1840144,42.0
1840192,32.0
1840208,54.0
1840272,65.0
1840304,36.0
1840320,52.0
1840384,56.0
1840432,23.0
1840464,39.0
1840544,51.0
1840576,52.0
1840624,56.0
1840720,32.0
1840768,67.0
1840928,60.0
1840960,21.0
1840960,40.0
1840976,49.0
1841024,55.0
1841040,46.0
1841088,51.0
1841184,50.0
1841200,108.0
1841248,49.0
1841264,52.0
1841280,46.0
1841280,12.0
1841344,24.0
1841376,87.0
1841536,35.0
1841552,61.0
1841568,24.0
1841584,35.0
1841584,51.0
1841648,45.0
1841776,51.0
1841808,33.0
1841808,38.0
1841824,28.0
1841856,38.0
1841856,51.0
1841936,37.0
1841984,79.0
1841984,44.0
1842064,50.0
1842112,33.0
1842128,35.0
1842160,39.0
1842176,39.0
1842224,40.0
1842272,39.0
1842528,42.0
1842560,21.0
1842592,46.0
1842608,50.0
1842608,49.0
1842608,39.0
1842656,33.0
1842656,24.0
1842672,54.0
1842672,56.0
1842752,48.0
1842768,38.0
1842768,44.0
1842800,39.0
1843008,67.0
1843040,58.0
1843072,25.0
1843104,34.0
1843168,31.0
1843168,35.0
1843248,40.0
1843264,38.0
1843296,44.0
1843392,39.0
1843392,24.0
1843424,41.0
1843440,40.0
1843456,50.0
1843536,58.0
1843568,51.0
1843808,26.0
1843808,40.0
1843888,53.0
1843952,49.0
1843984,57.0
1844032,46.0
1844048,39.0
1844064,50.0
1844080,61.0
1844096,44.0
1844112,99.0
1844176,40.0
1844208,60.0
1844272,52.0
1844272,44.0
1844320,27.0
1844368,57.0
1844384,25.0
1844416,38.0
1844576,25.0
1844656,36.0
1844688,23.0
1844800,46.0
1844816,45.0
1844832,35.0
1844912,44.0
1844912,34.0
1844928,70.0
1844960,34.0
1844960,53.0
1844960,36.0
1844992,60.0
1845024,47.0
1845168,32.0
1845328,47.0
1845360,28.0
1845456,88.0
1845520,37.0
1845536,53.0
1845568,38.0
1845632,40.0
1845648,53.0
1845760,46.0
1845776,60.0
1845776,51.0
1845888,58.0
1845920,35.0
1845936,124.0
1845952,20.0
1845952,49.0
1846032,31.0
1846112,75.0
1846128,38.0
1846208,27.0
1846256,89.0
1846288,60.0
1846352,56.0
1846368,30.0
1846384,27.0
1846400,29.0
1846416,24.0
1846432,32.0
1846432,54.0
1846512,54.0
1846544,49.0
1846576,50.0
1846656,44.0
1846736,23.0
1846752,23.0
1846768,22.0
1846864,41.0
1846992,37.0
1847008,47.0
1847056,39.0
1847120,52.0
1847136,24.0
1847152,64.0
1847200,68.0
1847248,37.0
1847328,51.0
1847392,39.0
1847392,33.0
1847440,54.0
1847584,65.0
1847584,21.0
1847600,78.0
1847744,38.0
1847824,48.0
1847840,88.0
1847872,34.0
1847872,30.0
1847920,74.0
1848048,58.0
1848208,76.0
1848208,48.0
1848224,52.0
1848224,76.0
1848224,39.0
1848240,23.0
1848256,66.0
1848272,43.0
1848448,38.0
1848528,86.0
1848560,43.0
1848592,63.0
1848608,25.0
1848608,25.0
1848640,56.0
1848640,45.0
1848800,36.0
1848816,62.0
1848848,50.0
1848912,40.0
1848960,23.0
1848976,45.0
1849024,50.0
1849040,27.0
1849040,51.0
1849088,40.0
1849216,36.0
1849296,43.0
1849296,41.0
1849344,34.0
1849440,55.0
1849456,58.0
1849504,43.0
1849552,37.0
1849616,40.0
1849616,37.0
1849664,47.0
1849680,24.0
1849712,42.0
1849840,47.0
1849872,52.0
1849920,30.0
1849952,28.0
1849968,108.0
1849984,33.0
1849984,19.0
1850048,47.0
1850192,53.0
1850208,85.0
1850256,24.0
1850432,29.0
1850448,46.0
1850496,55.0
1850576,37.0
1850624,63.0
1850672,91.0
1850688,53.0
1850704,72.0
1850768,45.0
1850816,38.0
1850832,73.0
1850848,25.0
1850848,58.0
1850864,38.0
1850928,61.0
1851008,64.0
1851008,51.0
1851040,38.0
1851104,26.0
1851120,34.0
1851120,28.0
1851216,45.0
1851264,35.0
1851312,29.0
1851456,33.0
1851504,40.0
1851520,47.0
1851568,28.0
1851600,48.0
1851632,51.0
1851696,67.0
1851840,45.0
1851872,22.0
1851904,56.0
1851904,66.0
1851936,42.0
1851936,52.0
1851952,57.0
1852064,53.0
1852064,66.0
1852096,37.0
1852208,47.0
1852208,56.0
1852272,44.0
1852288,24.0
1852288,43.0
1852448,38.0
1852480,24.0
1852496,27.0
1852528,37.0
1852544,40.0
1852592,24.0
1852608,46.0
1852656,45.0
1852816,74.0
1852816,70.0
1852912,39.0
1852992,49.0
1853008,45.0
1853024,31.0
1853040,61.0
1853088,51.0
1853120,39.0
1853200,37.0
1853232,40.0
1853264,51.0
1853312,41.0
1853424,92.0
1853424,25.0
1853520,44.0
1853520,61.0
1853600,38.0
1853616,50.0
1853616,26.0
1853616,38.0
1853632,23.0
1853664,39.0
1853664,34.0
1853760,53.0
1853792,35.0
1853824,46.0
1853840,85.0
1853920,25.0
1854016,25.0
1854096,36.0
1854096,49.0
1854144,33.0
1854224,50.0
1854256,37.0
1854272,28.0
1854384,34.0
1854384,47.0
1854400,50.0
1854416,50.0
1854432,48.0
1854496,46.0
1854528,69.0
1854672,47.0
1854768,42.0
1854784,62.0
1854800,41.0
1854800,33.0
1854800,24.0
1854800,44.0
1854816,27.0
1854976,60.0
1854992,29.0
1855056,50.0
1855136,40.0
1855168,48.0
1855200,48.0
1855248,28.0
1855280,30.0
1855392,39.0
1855472,41.0
1855488,43.0
1855520,29.0
1855520,53.0
1855568,49.0
1855648,79.0
1855648,42.0
1855696,44.0
1855776,61.0
1855952,108.0
1855952,42.0
1855968,45.0
1856064,42.0
1856128,40.0
1856208,35.0
1856256,35.0
1856304,49.0
1856336,43.0
1856352,25.0
1856368,75.0
1856368,37.0
1856368,53.0
1856384,57.0
1856400,28.0
1856528,35.0
1856608,65.0
1856688,35.0
1856736,33.0
1856768,98.0
1856832,36.0
1856848,32.0
1856896,110.0
1856912,34.0
1856928,36.0
1857008,59.0
1857024,40.0
1857088,45.0
1857104,46.0
1857152,34.0
1857168,30.0
1857184,28.0
1857248,59.0
1857360,33.0
1857472,44.0
1857536,38.0
1857552,64.0
1857648,31.0
1857664,41.0
1857664,30.0
1857696,38.0
1857744,56.0
1857744,40.0
1857760,46.0
1857792,56.0
1857808,28.0
1857824,57.0
1857856,12.0
1857984,51.0
1858032,102.0
1858048,36.0
1858112,36.0
1858208,60.0
1858272,39.0
1858304,47.0
1858368,39.0
1858416,42.0
1858464,41.0
1858496,46.0
1858512,25.0
1858528,54.0
1858544,45.0
1858576,49.0
1858592,56.0
1858592,20.0
1858704,41.0
1858736,44.0
1858976,48.0
1858992,43.0
1858992,63.0
1859024,27.0
1859072,36.0
1859088,77.0
1859104,37.0
1859104,36.0
1859104,40.0
1859104,43.0
1859200,41.0
1859360,48.0
1859424,27.0
1859440,46.0
1859520,72.0
1859568,31.0
1859584,38.0
1859616,32.0
1859680,36.0
1859760,35.0
1859808,77.0
1859952,60.0
1859984,35.0
1859984,56.0
1860048,59.0
1860096,46.0
1860096,67.0
1860176,35.0
1860192,42.0
1860192,47.0
1860224,34.0
1860256,43.0
1860272,43.0
1860304,31.0
1860416,105.0
1860576,51.0
1860624,95.0
1860624,27.0
1860656,38.0
1860800,39.0
1860816,54.0
1860816,37.0
1860864,55.0
1860912,38.0
1860912,31.0
1860928,46.0
1860992,56.0
1861072,61.0
1861104,52.0
1861104,53.0
1861376,87.0
1861408,30.0
1861424,53.0
1861440,49.0
1861520,33.0
1861520,44.0
1861520,56.0
1861568,41.0
1861584,42.0
1861600,46.0
1861632,52.0
1861792,73.0
1861808,46.0
1861824,63.0
1861840,29.0
1861856,47.0
1861984,25.0
1862048,33.0
1862064,34.0
1862160,40.0
1862160,23.0
1862176,36.0
1862224,41.0
1862272,40.0
1862432,23.0
1862512,67.0
1862576,46.0
1862624,95.0
1862656,50.0
1862656,24.0
1862672,54.0
1862736,82.0
1862800,51.0
1862800,47.0
1862912,47.0
1862912,43.0
1863056,56.0
1863072,78.0
1863104,58.0
1863248,36.0
1863280,44.0
1863296,118.0
1863312,50.0
1863312,41.0
1863440,40.0
1863456,52.0
1863488,24.0
1863504,37.0
1863520,68.0
1863616,60.0
1863616,55.0
1863824,64.0
1863904,38.0
1863952,65.0
1863952,40.0
1863968,33.0
1864000,59.0
1864032,47.0
1864048,37.0
1864064,51.0
1864080,63.0
1864144,40.0
1864256,40.0
1864320,26.0
1864368,47.0
1864368,53.0
1864400,68.0
1864464,32.0
1864464,31.0
1864528,33.0
1864544,66.0
1864608,36.0
1864704,40.0
1864704,35.0
1864768,28.0
1864816,62.0
1864880,39.0
1864960,63.0
1864960,55.0
1865040,62.0
1865072,44.0
1865088,43.0
1865088,39.0
1865264,50.0
1865392,49.0
1865392,43.0
1865408,40.0
1865424,55.0
1865456,36.0
1865472,25.0
1865520,35.0
1865680,37.0
1865696,83.0
1865744,44.0
1865792,52.0
1865840,82.0
1865888,74.0
1865904,68.0
1866000,38.0
1866000,38.0
1866048,40.0
1866080,62.0
1866176,17.0
1866208,49.0
1866224,47.0
1866352,38.0
1866352,52.0
1866432,73.0
1866448,41.0
1866544,68.0
1866608,45.0
1866624,49.0
1866624,59.0
1866784,46.0
1866800,28.0
1866848,40.0
1866896,56.0
1866944,45.0
1866992,62.0
1867088,41.0
1867136,66.0
1867184,63.0
1867184,46.0
1867216,38.0
1867232,55.0
1867280,31.0
1867328,49.0
1867344,28.0
1867360,104.0
1867360,23.0
1867408,38.0
1867632,43.0
1867648,29.0
1867664,27.0
1867744,35.0
1867776,35.0
1867920,36.0
1867936,68.0
1867952,54.0
1868000,45.0
1868000,54.0
1868064,90.0
1868096,48.0
1868256,53.0
1868256,102.0
1868384,64.0
1868400,41.0
1868400,46.0
1868416,26.0
1868528,36.0
1868528,47.0
1868544,38.0
1868592,77.0
1868592,42.0
1868736,69.0
1868800,44.0
1868848,75.0
1868960,60.0
1869008,39.0
1869056,62.0
1869104,35.0
1869120,54.0
1869184,49.0
1869216,39.0
1869216,39.0
1869248,52.0
1869248,45.0
1869264,33.0
1869328,58.0
1869392,54.0
1869488,33.0
1869536,80.0
1869600,37.0
1869600,47.0
1869616,51.0
1869728,38.0
1869792,34.0
1869824,35.0
1869872,48.0
1869872,39.0
1869904,43.0
1870064,55.0
1870176,49.0
1870192,71.0
1870208,30.0
1870208,38.0
1870224,27.0
1870336,53.0
1870352,64.0
1870384,53.0
1870384,73.0
1870624,47.0
1870624,63.0
1870640,26.0
1870656,52.0
1870688,51.0
1870688,49.0
1870720,34.0
1870752,72.0
1870800,46.0
1870832,39.0
1870848,40.0
1870976,22.0
1871072,24.0
1871104,47.0
1871120,49.0
1871136,47.0
1871280,68.0
1871312,39.0
1871376,45.0
1871392,35.0
1871392,47.0
1871408,64.0
1871440,51.0
1871520,28.0
1871600,53.0
1871664,59.0
1871744,39.0
1871744,40.0
1871776,24.0
1871776,40.0
1871824,53.0
1871856,66.0
1871952,35.0
1872048,38.0
1872064,34.0
1872080,77.0
1872096,45.0
1872128,51.0
1872256,37.0
1872272,42.0
1872288,55.0
1872368,68.0
1872512,46.0
1872512,41.0
1872512,48.0
1872544,50.0
1872608,32.0
1872640,35.0
1872656,52.0
1872688,57.0
1872720,37.0
1872832,29.0
1872928,61.0
1872960,28.0
1873008,46.0
1873056,50.0
1873136,53.0
1873136,37.0
1873136,39.0
1873184,29.0
1873184,71.0
1873232,39.0
1873328,42.0
1873408,48.0
1873424,31.0
1873456,28.0
1873504,23.0
1873536,53.0
1873536,36.0
1873568,46.0
1873664,27.0
1873696,35.0
1873712,36.0
1873808,39.0
1873872,51.0
1873936,25.0
1873968,91.0
1874032,23.0
1874048,32.0
1874064,46.0
1874064,125.0
1874112,44.0
1874128,26.0
1874128,42.0
1874256,13.0
1874352,49.0
1874368,59.0
1874384,28.0
1874432,23.0
1874432,58.0
1874448,79.0
1874560,54.0
1874592,45.0
1874624,41.0
1874752,45.0
1874816,35.0
1874832,48.0
1874864,47.0
1874864,66.0
1874960,32.0
1874992,38.0
1875088,41.0
1875152,37.0
1875168,46.0
1875168,51.0
1875216,68.0
1875296,30.0
1875328,75.0
1875328,60.0
1875392,48.0
1875392,25.0
1875456,37.0
1875504,42.0
1875504,21.0
1875712,70.0
1875840,39.0
1875856,56.0
1875856,44.0
1875888,27.0
1875888,35.0
1875904,38.0
1875984,37.0
1876016,43.0
1876016,72.0
1876032,80.0
1876048,41.0
1876128,65.0
1876144,40.0
1876144,61.0
1876192,43.0
1876400,22.0
1876416,35.0
1876448,38.0
1876464,35.0
1876528,34.0
1876544,32.0
1876560,53.0
1876672,41.0
1876672,30.0
1876784,56.0
1876800,59.0
1876800,41.0
1876848,52.0
1876864,61.0
1876912,49.0
1876944,34.0
1876992,34.0
1877040,56.0
1877040,39.0
1877088,34.0
1877296,52.0
1877328,41.0
1877344,34.0
1877360,35.0
1877424,24.0
1877456,56.0
1877488,60.0
1877520,53.0
1877552,35.0
1877600,46.0
1877632,43.0
1877664,55.0
1877728,25.0
1877760,21.0
1877808,56.0
1877840,62.0
1877888,34.0
1877936,28.0
1877984,43.0
1878096,34.0
1878112,24.0
1878112,41.0
1878160,50.0
1878208,28.0
1878288,30.0
1878288,25.0
1878320,41.0
1878400,82.0
1878432,87.0
1878576,37.0
1878592,41.0
1878624,69.0
1878672,67.0
1878672,29.0
1878672,35.0
1878736,69.0
1878784,43.0
1878896,38.0
1878944,41.0
1878976,36.0
1879024,25.0
1879120,60.0
1879136,35.0
1879232,35.0
1879248,58.0
1879296,44.0
1879296,74.0
1879296,91.0
1879392,60.0
1879408,39.0
1879424,47.0
1879456,35.0
1879488,29.0
1879600,41.0
1879680,63.0
1879744,63.0
1879776,50.0
1879792,35.0
1879888,37.0
1880016,37.0
1880032,40.0
1880048,47.0
1880128,21.0
1880176,66.0
1880208,27.0
1880208,50.0
1880208,60.0
1880288,62.0
1880320,27.0
1880320,36.0
1880336,41.0
1880336,46.0
1880448,20.0
1880464,83.0
1880592,71.0
1880672,40.0
1880720,77.0
1880736,35.0
1880800,37.0
1880896,35.0
1880912,54.0
1881104,24.0
1881120,50.0
1881152,51.0
1881152,54.0
1881152,35.0
1881312,69.0
1881312,53.0
1881328,37.0
1881408,75.0
1881424,47.0
1881440,62.0
1881456,21.0
1881552,25.0
1881600,80.0
1881680,104.0
1881712,35.0
1881728,58.0
1881776,55.0
1881792,29.0
1881792,55.0
1881808,24.0
1881856,47.0
1881936,24.0
1881984,42.0
1882144,44.0
1882160,63.0
1882192,46.0
1882208,56.0
1882224,39.0
1882256,53.0
1882288,38.0
1882336,39.0
1882400,38.0
1882432,44.0
1882512,36.0
1882560,49.0
1882560,47.0
1882672,28.0
1882720,46.0
1882720,58.0
1882736,33.0
1882832,40.0
1882928,26.0
1882992,41.0
1883056,31.0
1883072,57.0
1883136,46.0
1883152,54.0
1883248,69.0
1883312,91.0
1883408,61.0
1883424,44.0
1883520,50.0
1883552,81.0
1883568,36.0
1883568,40.0
1883584,57.0
1883600,65.0
1883632,36.0
1883664,58.0
1883664,26.0
1883712,35.0
1883712,36.0
1883824,62.0
1883936,39.0
1883952,55.0
1883952,25.0
1884048,39.0
1884048,40.0
1884176,41.0
1884288,36.0
1884352,43.0
1884368,50.0
1884368,44.0
1884400,51.0
1884448,53.0
1884464,47.0
1884464,40.0
1884560,58.0
1884624,42.0
1884768,45.0
1884784,27.0
1884800,39.0
1884800,53.0
1884816,28.0
1884848,80.0
1884928,30.0
1884944,63.0
1884992,39.0
1885088,39.0
1885120,31.0
1885152,54.0
1885168,44.0
1885184,49.0
1885200,26.0
1885296,78.0
1885360,35.0
1885392,36.0
1885440,55.0
1885520,27.0
1885536,26.0
1885600,50.0
1885616,53.0
1885632,43.0
1885776,39.0
1885792,54.0
1885792,39.0
1885792,38.0
1885872,42.0
1886000,72.0
1886080,40.0
1886096,35.0
1886176,34.0
1886176,49.0
1886192,42.0
1886208,27.0
1886224,58.0
1886256,41.0
1886272,30.0
1886304,59.0
1886432,51.0
1886608,25.0
1886624,52.0
1886656,41.0
1886736,34.0
1886752,55.0
1886768,42.0
1886816,114.0
1886832,65.0
1886848,48.0
1886864,40.0
1886912,38.0
1887008,36.0
1887008,52.0
1887072,51.0
1887088,57.0
1887136,54.0
1887280,39.0
1887344,33.0
1887472,40.0
1887488,45.0
1887488,39.0
1887568,27.0
1887632,49.0
1887680,37.0
1887696,60.0
1887776,73.0
1887808,74.0
1887824,51.0
1887904,39.0
1888032,60.0
1888080,28.0
1888080,38.0
1888096,33.0
1888144,41.0
1888176,31.0
1888224,55.0
1888240,26.0
1888240,77.0
1888272,49.0
1888320,88.0
1888400,44.0
1888400,39.0
1888416,24.0
1888448,40.0
1888512,26.0
1888544,40.0
1888576,114.0
1888640,35.0
1888672,27.0
1888752,42.0
1888864,45.0
1889008,38.0
1889040,54.0
1889040,37.0
1889136,37.0
1889152,58.0
1889152,57.0
1889152,47.0
1889184,57.0
1889232,51.0
1889376,50.0
1889408,68.0
1889408,23.0
1889488,61.0
1889504,47.0
1889600,37.0
1889632,60.0
1889728,43.0
1889776,25.0
1889888,44.0
1889968,51.0
1889968,52.0
1890016,86.0
1890032,73.0
1890032,39.0
1890048,56.0
1890064,29.0
1890176,43.0
1890192,60.0
1890192,49.0
1890192,43.0
1890224,67.0
1890240,38.0
1890256,23.0
1890368,40.0
1890368,25.0
1890400,39.0
1890496,29.0
1890512,29.0
1890640,29.0
1890656,29.0
1890736,45.0
1890784,37.0
1890848,37.0
1890864,40.0
1890928,56.0
1890944,61.0
1890944,36.0
1891008,51.0
1891024,32.0
1891024,49.0
1891120,66.0
1891168,24.0
1891184,43.0
1891232,52.0
1891248,24.0
1891424,25.0
1891440,50.0
1891472,39.0
1891600,41.0
1891600,59.0
1891632,56.0
1891648,44.0
1891664,34.0
1891680,28.0
1891792,48.0
1891840,41.0
1891952,64.0
1891984,46.0
1891984,51.0
1891984,61.0
1892000,22.0
1892032,38.0
1892048,105.0
1892160,31.0
1892224,34.0
1892240,50.0
1892368,26.0
1892368,56.0
1892384,25.0
1892416,49.0
1892432,25.0
1892432,24.0
1892512,57.0
1892576,61.0
1892592,38.0
1892624,24.0
1892672,55.0
1892736,36.0
1892768,12.0
1892784,26.0
1892800,36.0
1892816,28.0
1892848,63.0
1892864,55.0
1892912,25.0
1892992,35.0
1893024,64.0
1893056,42.0
1893168,47.0
1893200,25.0
1893248,27.0
1893296,42.0
1893392,45.0
1893408,26.0
1893424,40.0
1893520,29.0
1893536,39.0
1893536,43.0
1893584,21.0
1893632,38.0
1893680,32.0
1893808,67.0
1893824,87.0
1893872,69.0
1893904,65.0
1894016,38.0
1894048,26.0
1894064,54.0
1894128,44.0
1894192,100.0
1894288,62.0
1894304,48.0
1894304,45.0
1894352,52.0
1894416,23.0
1894432,56.0
1894480,41.0
1894496,51.0
1894512,28.0
1894560,73.0
1894560,23.0
1894608,37.0
1894832,58.0
1894848,61.0
1894880,33.0
1894880,36.0
1894976,73.0
1895008,36.0
1895024,34.0
1895072,41.0
1895104,38.0
1895136,53.0
1895136,39.0
1895152,34.0
1895168,38.0
1895328,64.0
1895392,35.0
1895488,22.0
1895536,35.0
1895552,25.0
1895552,26.0
1895680,42.0
1895680,70.0
1895680,38.0
1895696,51.0
1895728,39.0
1895760,27.0
1895856,108.0
1895856,61.0
1895872,44.0
1896000,72.0
1896064,65.0
1896112,36.0
1896112,45.0
1896144,29.0
1896240,35.0
1896288,27.0
1896304,38.0
1896368,55.0
1896384,52.0
1896400,40.0
1896448,56.0
1896496,48.0
1896496,31.0
1896528,29.0
1896544,54.0
1896640,49.0
1896672,50.0
1896768,39.0
1896848,38.0
1896880,24.0
1896912,50.0
1896912,32.0
1896912,39.0
1896992,34.0
1897056,59.0
1897152,38.0
1897200,44.0
1897248,55.0
1897296,41.0
1897296,24.0
1897312,63.0
1897312,49.0
1897392,32.0
1897392,45.0
1897440,42.0
1897456,34.0
1897472,35.0
1897488,40.0
1897536,72.0
1897792,31.0
1897792,40.0
1897808,35.0
1897904,32.0
1897968,36.0
1898032,37.0
1898064,67.0
1898160,44.0
1898160,60.0
1898192,55.0
1898208,57.0
1898448,41.0
1898496,90.0
1898624,52.0
1898656,74.0
1898656,47.0
1898672,32.0
1898688,41.0
1898720,32.0
1898736,78.0
1898784,51.0
1898864,83.0
1898880,51.0
1898896,44.0
1898928,27.0
1898928,101.0
1899104,81.0
1899280,35.0
1899296,53.0
1899296,35.0
1899472,34.0
1899472,37.0
1899504,40.0
1899504,36.0
1899552,48.0
1899552,54.0
1899568,59.0
1899600,44.0
1899664,62.0
1899760,69.0
1899776,31.0
1899920,28.0
1900000,44.0
1900000,84.0
1900064,32.0
1900080,61.0
1900160,125.0
1900288,45.0
1900320,25.0
1900384,24.0
1900400,25.0
1900464,50.0
1900496,26.0
1900528,64.0
1900528,47.0
1900560,60.0
1900672,70.0
1900736,90.0
1900752,43.0
1900816,22.0
1900816,82.0
1900880,22.0
1900880,37.0
1900896,46.0
1900944,39.0
1900992,77.0
1901008,39.0
1901120,103.0
1901136,46.0
1901248,45.0
1901280,24.0
1901280,25.0
1901312,36.0
1901328,41.0
1901376,24.0
1901408,57.0
1901456,56.0
1901472,45.0
1901504,23.0
1901520,36.0
1901520,44.0
1901680,25.0
1901760,24.0
1901792,24.0
1901888,48.0
1902000,33.0
1902096,76.0
1902144,56.0
1902160,53.0
1902176,41.0
1902208,47.0
1902272,24.0
1902304,39.0
1902336,36.0
1902384,86.0
1902432,58.0
1902432,72.0
1902528,107.0
1902528,46.0
1902640,40.0
1902688,26.0
1902688,85.0
1902720,75.0
1902736,19.0
1902752,28.0
1902816,40.0
1902880,42.0
1902912,36.0
1903008,57.0
1903008,53.0
1903088,22.0
1903216,43.0
1903232,44.0
1903264,24.0
1903280,53.0
1903280,56.0
1903280,29.0
1903328,36.0
1903344,75.0
1903376,23.0
1903408,48.0
1903504,37.0
1903536,51.0
1903632,34.0
1903648,40.0
1903680,62.0
1903680,62.0
1903824,34.0
1903824,34.0
1903872,38.0
1903904,39.0
1903968,46.0
1903984,36.0
1904048,44.0
1904080,44.0
1904080,34.0
1904160,52.0
1904176,60.0
1904208,44.0
1904256,36.0
1904272,39.0
1904432,38.0
1904432,35.0
1904496,42.0
1904560,32.0
1904592,43.0
1904624,23.0
1904640,63.0
1904656,43.0
1904656,61.0
1904672,29.0
1904784,22.0
1904832,41.0
1904848,22.0
1904848,43.0
1904880,50.0
1904896,57.0
1905008,23.0
1905088,41.0
1905200,70.0
1905200,22.0
1905216,24.0
1905232,36.0
1905264,44.0
1905312,65.0
1905344,35.0
1905456,36.0
1905536,21.0
1905552,56.0
1905552,58.0
1905600,24.0
1905632,27.0
1905648,35.0
1905664,48.0
1905760,47.0
1905760,33.0
1905776,29.0
1905776,69.0
1905792,75.0
1905808,60.0
1905936,24.0
1906032,36.0
1906080,46.0
1906112,53.0
1906272,30.0
1906352,51.0
1906464,51.0
1906464,57.0
1906464,54.0
1906480,53.0
1906512,36.0
1906528,31.0
1906544,46.0
1906560,50.0
1906640,55.0
1906672,35.0
1906688,38.0
1906752,61.0
1906800,64.0
1906848,20.0
1906864,75.0
1906944,24.0
1906992,40.0
1907088,28.0
1907088,51.0
1907264,50.0
1907296,31.0
1907312,39.0
1907312,53.0
1907408,34.0
1907536,28.0
1907568,36.0
1907584,57.0
1907600,70.0
1907632,55.0
1907680,71.0
1907728,27.0
1907760,57.0
1907936,62.0
1907936,89.0
1907968,41.0
1907968,55.0
1907968,24.0
1907984,26.0
1908080,101.0
1908096,35.0
1908176,36.0
1908272,21.0
1908288,38.0
1908320,63.0
1908352,68.0
1908368,60.0
1908400,40.0
1908400,27.0
1908560,58.0
1908608,32.0
1908688,23.0
1908688,45.0
1908752,36.0
1908752,64.0
1908800,25.0
1908816,46.0
1908880,59.0
1908896,58.0
1908976,38.0
1909024,26.0
1909056,49.0
1909120,48.0
1909152,47.0
1909232,30.0
1909232,34.0
1909328,65.0
1909344,37.0
1909360,35.0
1909408,45.0
1909504,24.0
1909520,40.0
1909536,61.0
1909552,98.0
1909616,37.0
1909680,33.0
1909696,50.0
1909728,24.0
1909760,59.0
1909904,18.0
1909920,37.0
1909952,61.0
1910096,65.0
1910272,48.0
1910288,37.0
1910288,66.0
1910336,41.0
1910352,52.0
1910352,70.0
1910416,29.0
1910432,64.0
1910512,72.0
1910528,50.0
1910592,31.0
1910592,52.0
1910592,66.0
1910624,44.0
1910640,46.0
1910688,71.0
1910736,24.0
1910768,27.0
1910928,31.0
1910928,40.0
1910944,22.0
1910976,43.0
1911008,24.0
1911008,46.0
1911040,39.0
1911088,36.0
1911200,42.0
1911200,32.0
1911216,54.0
1911232,40.0
1911296,23.0
1911312,42.0
1911312,34.0
1911376,49.0
1911600,37.0
1911616,38.0
1911616,36.0
1911648,21.0
1911680,37.0
1911760,49.0
1911776,52.0
1911776,34.0
1911840,40.0
1911872,71.0
1912016,40.0
1912080,55.0
1912080,54.0
1912160,24.0
1912192,56.0
1912224,36.0
1912416,34.0
1912416,69.0
1912432,47.0
1912496,56.0
1912528,43.0
1912544,48.0
1912544,58.0
1912544,58.0
1912560,34.0
1912928,24.0
1912992,52.0
1913008,49.0
1913024,38.0
1913088,63.0
1913088,83.0
1913104,35.0
1913104,57.0
1913152,39.0
1913152,45.0
1913168,39.0
1913200,142.0
1913200,49.0
1913216,41.0
1913312,51.0
1913456,29.0
1913568,35.0
1913584,41.0
1913584,35.0
1913616,96.0
1913632,33.0
1913648,35.0
1913760,38.0
1913776,36.0
1913856,43.0
1913952,40.0
1913952,53.0
1913968,51.0
1913968,24.0
1914064,31.0
1914080,39.0
1914144,66.0
1914144,58.0
1914240,30.0
1914256,25.0
1914256,38.0
1914272,67.0
1914304,43.0
1914320,46.0
1914336,24.0
1914368,26.0
1914368,37.0
1914544,36.0
1914624,35.0
1914656,64.0
1914720,28.0
1914768,50.0
1914864,39.0
1914896,36.0
1914992,41.0
1915008,44.0
1915056,50.0
1915056,57.0
1915088,45.0
1915088,63.0
1915104,60.0
1915104,46.0
1915120,25.0
1915232,36.0
1915248,44.0
1915280,24.0
1915296,42.0
1915344,68.0
1915408,22.0
1915424,41.0
1915488,24.0
1915680,51.0
1915808,45.0
1915824,51.0
1915824,36.0
1915888,25.0
1915952,34.0
1915952,38.0
1915952,41.0
1915984,58.0
1915984,55.0
1916016,64.0
1916096,61.0
1916144,45.0
1916192,57.0
1916192,60.0
1916240,35.0
1916256,73.0
1916288,30.0
1916320,21.0
1916384,35.0
1916480,29.0
1916592,44.0
1916752,31.0
1916768,51.0
1916816,39.0
1916832,53.0
1916864,42.0
1916864,57.0
1916880,66.0
1916960,63.0
1916976,43.0
1917008,54.0
1917136,56.0
1917264,55.0
1917280,28.0
1917312,52.0
1917360,24.0
1917360,31.0
1917360,34.0
1917456,44.0
1917456,85.0
1917456,71.0
1917472,38.0
1917504,46.0
1917536,41.0
1917648,66.0
1917712,25.0
1917728,37.0
1917744,46.0
1917776,51.0
1917888,39.0
1917952,37.0
1917984,33.0
1918064,38.0
1918112,36.0
1918128,53.0
1918176,45.0
1918224,54.0
1918240,37.0
1918240,33.0
1918352,25.0
1918416,42.0
1918416,66.0
1918528,26.0
1918560,68.0
1918672,59.0
1918704,51.0
1918704,40.0
1918704,45.0
1918768,79.0
1918784,41.0
1918784,23.0
1918800,36.0
1918864,43.0
1918896,30.0
1918928,43.0
1918976,39.0
1919120,37.0
1919120,84.0
1919152,37.0
1919152,57.0
1919328,41.0
1919360,41.0
1919392,38.0
1919408,40.0
1919424,45.0
1919504,44.0
1919568,44.0
1919680,61.0
1919696,48.0
1919760,40.0
1919792,63.0
1919808,41.0
1919808,43.0
1919824,27.0
1919856,55.0
1919904,63.0
1919920,35.0
1919936,49.0
1919984,35.0
1920016,43.0
1920048,40.0
1920096,37.0
1920400,44.0
1920432,47.0
1920448,39.0
1920464,34.0
1920480,27.0
1920512,44.0
1920576,42.0
1920656,56.0
1920688,47.0
1920752,46.0
1920752,48.0
1920768,61.0
1920800,21.0
1920816,78.0
1920832,24.0
1920896,68.0
1921040,74.0
1921120,43.0
1921136,35.0
1921168,48.0
1921216,26.0
1921216,33.0
1921296,33.0
1921312,76.0
1921408,47.0
1921424,38.0
1921520,48.0
1921552,67.0
1921568,46.0
1921584,18.0
1921712,51.0
1921792,30.0
1921840,27.0
1921904,24.0
1921920,44.0
1921952,75.0
1921952,90.0
1921968,52.0
1922000,49.0
1922144,35.0
1922160,37.0
1922224,66.0
1922224,24.0
1922304,79.0
1922336,76.0
1922384,42.0
1922384,52.0
1922448,64.0
1922592,40.0
1922608,29.0
1922640,53.0
1922656,44.0
1922672,48.0
1922784,39.0
1922816,56.0
1922880,57.0
1922992,41.0
1923008,63.0
1923056,42.0
1923088,49.0
1923152,48.0
1923152,58.0
1923184,60.0
1923216,38.0
1923216,25.0
1923344,47.0
1923472,51.0
1923472,30.0
1923536,68.0
1923552,48.0
1923616,29.0
1923632,60.0
1923728,34.0
1923776,39.0
1923808,37.0
1923808,50.0
1923888,26.0
1923920,54.0
1923936,66.0
1924048,52.0
1924064,45.0
1924080,90.0
1924144,42.0
1924160,39.0
1924176,68.0
1924272,41.0
1924368,35.0
1924416,23.0
1924416,43.0
1924448,56.0
1924496,45.0
1924576,43.0
1924688,26.0
1924688,38.0
1924704,56.0
1924720,36.0
1924720,41.0
1924752,36.0
1924768,20.0
1924832,56.0
1924848,30.0
1924992,36.0
1924992,85.0
1925008,37.0
1925104,24.0
1925184,64.0
1925264,35.0
1925280,37.0
1925424,53.0
1925424,58.0
1925520,43.0
1925600,53.0
1925616,56.0
1925680,57.0
1925712,112.0
1925744,30.0
1925760,47.0
1925792,23.0
1925808,60.0
1925840,53.0
1925904,39.0
1925968,28.0
1926000,82.0
1926032,65.0
1926048,39.0
1926128,64.0
1926144,25.0
1926176,35.0
1926240,40.0
1926288,24.0
1926432,78.0
1926448,48.0
1926480,43.0
1926496,43.0
1926496,22.0
1926528,30.0
1926608,48.0
1926688,35.0
1926688,58.0
1926768,20.0
1926784,34.0
1926800,68.0
1926912,55.0
1926944,41.0
1926976,61.0
1926992,35.0
1927008,65.0
1927024,53.0
1927040,34.0
1927040,34.0
1927056,36.0
1927152,39.0
1927280,37.0
1927328,33.0
1927328,40.0
1927456,34.0
1927488,34.0
1927696,41.0
1927712,43.0
1927792,46.0
1927824,42.0
1927824,53.0
1927824,52.0
1927856,68.0
1927904,70.0
1927952,57.0
1928000,87.0
1928160,52.0
1928208,55.0
1928224,46.0
1928224,59.0
1928288,80.0
1928336,39.0
1928336,27.0
1928368,34.0
1928512,51.0
1928528,44.0
1928576,47.0
1928576,45.0
1928608,51.0
1928640,74.0
1928672,45.0
1928720,31.0
1928736,46.0
1928768,38.0
1928784,28.0
1928912,34.0
1929104,51.0
1929168,35.0
1929200,39.0
1929264,31.0
1929312,68.0
1929312,49.0
1929328,62.0
1929344,52.0
1929376,46.0
1929536,54.0
1929552,61.0
1929664,59.0
1929696,24.0
1929696,57.0
1929776,38.0
1929776,32.0
1929824,68.0
1929840,46.0
1929840,102.0
1929856,41.0
1930016,42.0
1930048,45.0
1930080,44.0
1930112,75.0
1930256,44.0
1930320,30.0
1930384,43.0
1930416,47.0
1930416,40.0
1930432,46.0
1930432,36.0
1930464,58.0
1930496,74.0
1930512,46.0
1930592,36.0
1930688,38.0
1930720,55.0
1930784,25.0
1930800,23.0
1930816,35.0
1930912,50.0
1930912,28.0
1930976,41.0
1930976,72.0
1931072,40.0
1931168,47.0
1931168,47.0
1931184,42.0
1931200,72.0
1931232,46.0
1931280,35.0
1931344,34.0
1931376,37.0
1931392,26.0
1931424,38.0
1931520,34.0
1931584,62.0
1931648,36.0
1931760,67.0
1931808,56.0
1931872,31.0
1931872,40.0
1931952,49.0
1932128,59.0
1932144,39.0
1932176,56.0
1932224,64.0
1932256,24.0
1932272,55.0
1932320,61.0
1932336,73.0
1932352,58.0
1932352,90.0
1932368,38.0
1932400,47.0
1932544,60.0
1932640,24.0
1932752,36.0
1932832,43.0
1932864,57.0
1932880,63.0
1932912,37.0
1932944,38.0
1932960,38.0
1933008,41.0
1933024,50.0
1933104,52.0
1933168,65.0
1933216,36.0
1933312,48.0
1933344,96.0
1933344,61.0
1933408,41.0
1933424,37.0
1933456,37.0
1933536,71.0
1933648,48.0
1933728,45.0
1933760,51.0
1933824,25.0
1933840,24.0
1933840,58.0
1933888,58.0
1933904,37.0
1933952,49.0
1934032,39.0
1934048,64.0
1934048,44.0
1934064,60.0
1934128,37.0
1934272,32.0
1934336,70.0
1934352,28.0
1934384,65.0
1934448,38.0
1934480,41.0
1934512,29.0
1934528,50.0
1934544,56.0
1934544,41.0
1934560,45.0
1934720,43.0
1934752,39.0
1934816,21.0
1934832,24.0
1934880,20.0
1934928,34.0
1934944,25.0
1934992,58.0
1935040,44.0
1935072,33.0
1935104,24.0
1935104,66.0
1935104,72.0
1935200,42.0
1935216,54.0
1935232,26.0
1935264,32.0
1935328,66.0
1935392,32.0
1935456,29.0
1935536,44.0
1935632,43.0
1935664,35.0
1935696,39.0
1935728,39.0
1935776,35.0
1935792,35.0
1935840,40.0
1935840,46.0
1935888,35.0
1935936,56.0
1935952,90.0
1936064,50.0
1936112,45.0
1936272,38.0
1936320,27.0
1936336,40.0
1936352,45.0
1936368,52.0
1936384,38.0
1936400,35.0
1936432,61.0
1936464,22.0
1936464,39.0
1936480,43.0
1936608,34.0
1936656,58.0
1936720,49.0
1936768,26.0
1936784,52.0
1936800,30.0
1936832,27.0
1936880,38.0
1936928,28.0
1936960,127.0
1936976,32.0
1936992,24.0
1937008,34.0
1937072,46.0
1937296,57.0
1937328,56.0
1937424,37.0
1937472,51.0
1937536,38.0
1937568,50.0
1937568,43.0
1937584,54.0
1937632,53.0
1937648,53.0
1937840,53.0
1937856,53.0
1937920,59.0
1937952,62.0
1938032,44.0
1938064,62.0
1938112,30.0
1938128,44.0
1938208,57.0
1938208,40.0
1938384,51.0
1938432,129.0
1938480,40.0
1938528,59.0
1938576,58.0
1938624,37.0
1938624,42.0
1938720,50.0
1938736,79.0
1938768,35.0
1938784,22.0
1938816,38.0
1938816,80.0
1938864,46.0
1939040,35.0
1939056,75.0
1939104,36.0
1939120,66.0
1939152,24.0
1939184,50.0
1939184,67.0
1939216,30.0
1939392,33.0
1939408,37.0
1939424,40.0
1939488,48.0
1939504,43.0
1939568,33.0
1939600,34.0
1939632,26.0
1939680,36.0
1939792,42.0
1939840,41.0
1939840,43.0
1939856,77.0
1939872,81.0
1939936,23.0
1940080,56.0
1940080,28.0
1940144,34.0
1940240,52.0
1940240,28.0
1940240,53.0
1940320,106.0
1940352,53.0
1940416,36.0
1940512,64.0
1940560,26.0
1940592,41.0
1940608,33.0
1940608,47.0
1940624,34.0
1940640,50.0
1940640,76.0
1940736,31.0
1940752,55.0
1940800,70.0
1940848,38.0
1940848,38.0
1940864,34.0
1940944,24.0
1940992,40.0
1941008,26.0
1941056,34.0
1941168,35.0
1941264,33.0
1941264,39.0
1941280,42.0
1941392,61.0
1941424,49.0
1941552,58.0
1941568,48.0
1941600,47.0
1941632,48.0
1941664,51.0
1941696,44.0
1941728,61.0
1941760,44.0
1941840,35.0
1941856,29.0
1941872,38.0
1941888,55.0
1941936,32.0
1942000,52.0
1942000,46.0
1942016,67.0
1942112,35.0
1942176,38.0
1942336,42.0
1942464,48.0
1942672,31.0
1942672,67.0
1942720,45.0
1942752,56.0
1942768,48.0
1942848,60.0
1942880,63.0
1942912,67.0
1942976,84.0
1943040,36.0
1943056,65.0
1943136,86.0
1943136,23.0
1943168,66.0
1943184,53.0
1943216,31.0
1943248,95.0
1943360,89.0
1943424,47.0
1943456,49.0
1943456,25.0
1943504,37.0
1943536,41.0
1943536,43.0
1943552,26.0
1943664,43.0
1943760,63.0
1943792,41.0
1943856,40.0
1943888,29.0
1943920,35.0
1944000,47.0
1944048,37.0
1944048,54.0
1944096,58.0
1944128,42.0
1944128,37.0
1944208,41.0
1944240,75.0
1944240,46.0
1944304,24.0
1944416,47.0
1944432,56.0
1944496,46.0
1944496,25.0
1944544,21.0
1944592,22.0
1944608,45.0
1944624,52.0
1944656,26.0
1944800,47.0
1944816,60.0
1944880,47.0
1944928,50.0
1944944,56.0
1944960,41.0
1944960,34.0
1945104,19.0
1945104,14.0
1945120,70.0
1945120,39.0
1945136,44.0
1945296,42.0
1945296,40.0
1945392,50.0
1945472,58.0
1945520,37.0
1945632,64.0
1945680,35.0
1945712,48.0
1945728,48.0
1945760,40.0
1945792,52.0
1945808,26.0
1945840,46.0
1945840,84.0
1946000,54.0
1946016,75.0
1946016,57.0
1946032,25.0
1946064,34.0
1946112,51.0
1946128,41.0
1946336,41.0
1946368,36.0
1946384,36.0
1946416,26.0
1946544,51.0
1946544,44.0
1946560,34.0
1946624,38.0
1946656,34.0
1946720,89.0
1946720,41.0
1946864,64.0
1946896,54.0
1946896,74.0
1946912,34.0
1946976,40.0
1947024,79.0
1947024,25.0
1947136,45.0
1947136,37.0
1947232,42.0
1947344,50.0
1947344,20.0
1947392,79.0
1947440,66.0
1947504,37.0
1947552,56.0
1947552,52.0
1947552,43.0
1947552,41.0
1947632,57.0
1947712,43.0
1947728,47.0
1947792,41.0
1947840,59.0
1948064,52.0
1948112,38.0
1948112,61.0
1948160,51.0
1948208,41.0
1948208,51.0
1948224,42.0
1948224,49.0
1948256,33.0
1948272,27.0
1948320,48.0
1948352,63.0
1948432,45.0
1948432,55.0
1948480,23.0
1948480,26.0
1948592,50.0
1948688,30.0
1948704,67.0
1948816,21.0
1948848,39.0
1948864,44.0
1948960,40.0
1948976,44.0
1948992,35.0
1949024,27.0
1949120,43.0
1949280,64.0
1949296,68.0
1949376,72.0
1949392,65.0
1949408,58.0
1949520,44.0
1949520,42.0
1949520,41.0
1949536,35.0
1949584,56.0
1949680,24.0
1949712,100.0
1949856,28.0
1949856,72.0
1949904,39.0
1949984,38.0
1950000,65.0
1950032,63.0
1950080,60.0
1950096,44.0
1950096,36.0
1950112,36.0
1950288,81.0
1950320,29.0
1950352,52.0
1950480,25.0
1950528,51.0
1950608,68.0
1950608,47.0
1950640,38.0
1950704,45.0
1950720,25.0
1950800,70.0
1950832,45.0
1950896,38.0
1950960,54.0
1950992,40.0
1951072,34.0
1951184,80.0
1951200,69.0
1951216,31.0
1951232,27.0
1951248,48.0
1951296,25.0
1951312,82.0
1951440,50.0
1951488,55.0
1951536,52.0
1951552,45.0
1951600,33.0
1951648,65.0
1951712,133.0
1951792,22.0
1951840,53.0
1951904,41.0
1951920,43.0
1951936,25.0
1951952,41.0
1951968,26.0
1951984,48.0
1952064,36.0
1952064,55.0
1952080,55.0
1952192,37.0
1952256,59.0
1952272,39.0
1952288,83.0
1952304,23.0
1952320,23.0
1952352,27.0
1952448,38.0
1952496,33.0
1952496,27.0
1952544,30.0
1952608,51.0
1952640,46.0
1952752,65.0
1952832,53.0
1952832,33.0
1952864,49.0
1952976,41.0
1953024,46.0
1953072,50.0
1953088,46.0
1953200,63.0
1953216,60.0
1953312,54.0
1953344,44.0
1953424,51.0
1953424,55.0
1953440,59.0
1953488,39.0
1953536,35.0
1953552,33.0
1953600,53.0
1953600,48.0
1953600,69.0
1953776,59.0
1953776,43.0
1953840,40.0
1953904,37.0
1953904,22.0
1954048,38.0
1954048,61.0
1954048,44.0
1954144,38.0
1954256,52.0
1954272,23.0
1954352,47.0
1954368,48.0
1954384,49.0
1954432,24.0
1954448,42.0
1954448,38.0
1954576,50.0
1954608,74.0
1954720,22.0
1954800,41.0
1954832,84.0
1954880,38.0
1954896,53.0
1954944,65.0
1954992,34.0
1955056,50.0
1955072,43.0
1955104,33.0
1955136,44.0
1955168,51.0
1955280,129.0
1955376,83.0
1955392,35.0
1955488,37.0
1955504,49.0
1955552,59.0
1955568,39.0
1955664,54.0
1955776,56.0
1955824,45.0
1955872,46.0
1956000,59.0
1956064,67.0
1956080,63.0
1956144,48.0
1956160,55.0
1956208,44.0
1956272,45.0
1956304,40.0
1956320,47.0
1956400,57.0
1956480,127.0
1956512,43.0
1956544,72.0
1956560,49.0
1956672,50.0
1956768,35.0
1956784,39.0
1956816,51.0
1956832,43.0
1956896,36.0
1956912,38.0
1957008,46.0
1957008,31.0
1957184,126.0
1957184,39.0
1957200,45.0
1957216,28.0
1957280,76.0
1957296,76.0
1957360,36.0
1957408,36.0
1957408,31.0
1957424,55.0
1957440,27.0
1957472,36.0
1957632,77.0
1957648,40.0
1957728,57.0
1957760,34.0
1957824,34.0
1957840,41.0
1957856,74.0
1957904,45.0
1957904,27.0
1957984,39.0
1958032,39.0
1958064,48.0
1958144,44.0
1958144,45.0
1958224,36.0
1958240,38.0
1958320,21.0
1958320,70.0
1958464,66.0
1958592,48.0
1958640,31.0
1958656,27.0
1958656,50.0
1958816,57.0
1958832,67.0
1958832,58.0
1958864,50.0
1958864,64.0
1958944,39.0
1958976,46.0
1958992,33.0
1959056,46.0
1959104,86.0
1959136,62.0
1959248,24.0
1959264,77.0
1959264,39.0
1959360,34.0
1959376,32.0
1959472,51.0
1959600,48.0
1959616,60.0
1959648,37.0
1959664,45.0
1959744,30.0
1959744,47.0
1959760,73.0
1959760,49.0
1959808,42.0
1959824,35.0
1959872,31.0
1959888,49.0
1959920,42.0
1959920,35.0
1960016,74.0
1960144,42.0
1960192,37.0
1960256,31.0
1960320,31.0
1960336,43.0
1960368,47.0
1960416,41.0
1960496,47.0
1960528,41.0
1960528,24.0
1960560,42.0
1960624,51.0
1960672,63.0
1960720,50.0
1960736,45.0
1960736,51.0
1960816,39.0
1960864,33.0
1960880,24.0
1960976,41.0
1961040,26.0
1961088,35.0
1961136,26.0
1961248,55.0
1961280,54.0
1961296,27.0
1961344,100.0
1961424,56.0
1961440,48.0
1961568,63.0
1961664,53.0
1961680,59.0
1961680,40.0
1961696,45.0
1961712,39.0
1961824,98.0
1961888,63.0
1962016,80.0
1962032,37.0
1962096,26.0
1962128,28.0
1962128,62.0
1962192,39.0
1962208,58.0
1962224,55.0
1962272,61.0
1962320,27.0
1962352,41.0
1962400,72.0
1962448,49.0
1962528,51.0
1962544,32.0
1962544,20.0
1962576,72.0
1962576,28.0
1962592,36.0
1962608,32.0
1962624,27.0
1962656,33.0
1962672,25.0
1962672,29.0
1962784,21.0
1962800,25.0
1963088,34.0
1963152,30.0
1963168,40.0
1963184,52.0
1963264,45.0
1963264,59.0
1963344,95.0
1963376,47.0
1963408,46.0
1963440,40.0
1963488,44.0
1963536,60.0
1963584,61.0
1963600,64.0
1963616,28.0
1963648,62.0
1963776,27.0
1963808,39.0
1963824,35.0
1963968,33.0
1964032,48.0
1964096,31.0
1964160,98.0
1964224,26.0
1964240,39.0
1964240,72.0
1964272,46.0
1964272,54.0
1964368,62.0
1964400,27.0
1964416,37.0
1964464,55.0
1964480,83.0
1964576,58.0
1964656,39.0
1964736,78.0
1964736,36.0
1964752,61.0
1964784,26.0
1964816,21.0
1964832,35.0
1964992,47.0
1965008,48.0
1965056,60.0
1965088,42.0
1965120,19.0
1965152,47.0
1965184,25.0
1965200,46.0
1965248,61.0
1965344,37.0
1965424,37.0
1965440,44.0
1965456,77.0
1965488,52.0
1965488,30.0
1965504,28.0
1965632,32.0
1965712,32.0
1965744,35.0
1965744,37.0
1965760,48.0
1965920,42.0
1965952,76.0
1966064,38.0
1966096,42.0
1966112,38.0
1966128,40.0
1966144,98.0
1966176,27.0
1966208,70.0
1966224,49.0
1966224,55.0
1966256,48.0
1966448,46.0
1966608,27.0
1966624,54.0
1966624,55.0
1966640,26.0
1966656,33.0
1966688,37.0
1966704,67.0
1966736,51.0
1966768,51.0
1966800,36.0
1966832,43.0
1966848,40.0
1966880,39.0
1966944,55.0
1967040,25.0
1967184,67.0
1967264,36.0
1967312,54.0
1967328,28.0
1967328,35.0
1967344,45.0
1967360,47.0
1967360,39.0
1967552,45.0
1967632,43.0
1967632,58.0
1967648,50.0
1967648,64.0
1967840,50.0
1967856,42.0
1967856,75.0
1967952,40.0
1968016,24.0
1968032,24.0
1968064,44.0
1968080,80.0
1968144,51.0
1968144,50.0
1968144,55.0
1968192,35.0
1968224,54.0
1968256,58.0
1968352,32.0
1968384,52.0
1968480,52.0
1968496,22.0
1968576,45.0
1968592,40.0
1968592,46.0
1968608,22.0
1968624,37.0
1968736,37.0
1968832,43.0
1968848,52.0
1968880,51.0
1968976,56.0
1969104,57.0
1969136,35.0
1969152,35.0
1969184,44.0
1969200,61.0
1969216,54.0
1969264,41.0
1969312,43.0
1969328,59.0
1969488,62.0
1969504,23.0
1969504,33.0
1969504,57.0
1969600,31.0
1969616,49.0
1969632,26.0
1969680,26.0
1969712,35.0
1969808,67.0
1969840,60.0
1969904,66.0
1970064,47.0
1970112,38.0
1970160,33.0
1970256,34.0
1970304,61.0
1970352,53.0
1970384,74.0
1970432,52.0
1970448,48.0
1970448,60.0
1970480,61.0
1970528,23.0
1970528,45.0
1970560,45.0
1970576,29.0
1970576,87.0
1970656,25.0
1970736,42.0
1970960,36.0
1970976,67.0
1970976,25.0
1970976,39.0
1971024,29.0
1971040,32.0
1971104,42.0
1971184,46.0
1971200,99.0
1971248,42.0
1971248,37.0
1971264,60.0
1971280,50.0
1971280,47.0
1971536,32.0
1971552,36.0
1971696,32.0
1971712,29.0
1971728,33.0
1971792,84.0
1971888,49.0
1971888,39.0
1971920,74.0
1971952,61.0
1971968,43.0
1972016,66.0
1972064,64.0
1972080,69.0
1972208,42.0
1972304,47.0
1972304,66.0
1972336,40.0
1972432,72.0
1972480,37.0
1972544,47.0
1972576,39.0
1972576,38.0
1972640,58.0
1972672,41.0
1972704,39.0
1972720,41.0
1972784,56.0
1972832,33.0
1972848,34.0
1972960,47.0
1972992,79.0
1973040,25.0
1973104,33.0
1973152,51.0
1973232,82.0
1973280,28.0
1973280,27.0
1973312,52.0
1973376,42.0
1973424,44.0
1973488,59.0
1973520,33.0
1973568,71.0
1973568,62.0
1973584,30.0
1973680,63.0
1973856,44.0
1973856,56.0
1973856,51.0
1973936,35.0
1973952,42.0
1974064,36.0
1974080,31.0
1974096,82.0
1974128,28.0
1974320,68.0
1974320,56.0
1974384,51.0
1974416,71.0
1974416,53.0
1974432,36.0
1974464,38.0
1974576,79.0
1974640,36.0
1974656,21.0
1974720,48.0
1974752,51.0
1974800,42.0
1974848,33.0
1974864,49.0
1974928,52.0
1974976,35.0
1974992,26.0
1975024,40.0
1975024,73.0
1975056,96.0
1975120,43.0
1975248,37.0
1975328,22.0
1975360,23.0
1975456,62.0
1975456,25.0
1975488,39.0
1975488,40.0
1975504,49.0
1975520,69.0
1975584,49.0
1975600,36.0
1975616,61.0
1975632,55.0
1975712,49.0
1975728,25.0
1975760,25.0
1975952,31.0
1976032,49.0
1976048,35.0
1976080,23.0
1976080,30.0
1976112,37.0
1976128,40.0
1976240,38.0
1976512,66.0
1976576,67.0
1976576,39.0
1976592,29.0
1976624,36.0
1976688,69.0
1976688,36.0
1976752,45.0
1976752,64.0
1976768,109.0
1976896,51.0
1976976,56.0
1976976,76.0
1976976,25.0
1976976,22.0
1976976,46.0
1977040,89.0
1977328,40.0
1977360,49.0
1977424,144.0
1977456,44.0
1977472,45.0
1977504,57.0
1977520,39.0
1977552,65.0
1977568,50.0
1977584,38.0
1977632,41.0
1977680,44.0
1977728,25.0
1977760,49.0
1977856,55.0
1977904,76.0
1977920,55.0
1978016,28.0
1978096,36.0
1978128,34.0
1978128,39.0
1978144,49.0
1978176,26.0
1978224,50.0
1978336,49.0
1978352,39.0
1978400,58.0
1978400,31.0
1978400,34.0
1978432,32.0
1978448,48.0
1978688,66.0
1978720,23.0
1978736,40.0
1978768,40.0
1978768,82.0
1978768,40.0
1978896,55.0
1978944,13.0
1978960,51.0
1979040,40.0
1979120,45.0
1979136,26.0
1979216,62.0
1979232,52.0
1979232,66.0
1979312,61.0
1979344,41.0
1979360,26.0
1979408,60.0
1979440,34.0
1979520,47.0
1979536,48.0
1979552,26.0
1979584,34.0
1979600,40.0
1979632,54.0
1979728,81.0
1979840,39.0
1979872,40.0
1979904,22.0
1979920,25.0
1979952,52.0
1979968,33.0
1980032,42.0
1980064,45.0
1980112,55.0
1980160,47.0
1980160,33.0
1980176,40.0
1980240,40.0
1980240,41.0
1980432,35.0
1980464,46.0
1980496,37.0
1980640,25.0
1980656,84.0
1980672,32.0
1980704,54.0
1980768,51.0
1980784,42.0
1980832,48.0
1980832,37.0
1980928,48.0
1981040,36.0
1981056,26.0
1981072,65.0
1981136,40.0
1981264,35.0
1981312,87.0
1981344,43.0
1981360,43.0
1981360,37.0
1981376,34.0
1981408,77.0
1981488,66.0
1981520,46.0
1981568,27.0
1981568,46.0
1981600,102.0
1981664,46.0
1981664,25.0
1981680,38.0
1981712,42.0
1981792,46.0
1981952,36.0
1981968,25.0
1982064,41.0
1982080,35.0
1982080,45.0
1982096,46.0
1982160,53.0
1982192,39.0
1982288,31.0
1982368,48.0
1982448,46.0
1982512,73.0
1982544,55.0
1982560,56.0
1982640,36.0
1982720,47.0
1982768,38.0
1982784,43.0
1982816,46.0
1982912,77.0
1982928,90.0
1982960,37.0
1983008,66.0
1983024,30.0
1983184,26.0
1983216,71.0
1983232,45.0
1983280,35.0
1983312,24.0
1983328,55.0
1983488,75.0
1983600,60.0
1983616,27.0
1983648,43.0
1983760,61.0
1983760,98.0
1983824,79.0
1983856,52.0
1983936,28.0
1983968,47.0
1983984,44.0
1983984,67.0
1984048,77.0
1984080,27.0
1984224,29.0
1984240,58.0
1984240,24.0
1984272,41.0
1984272,79.0
1984336,46.0
1984432,69.0
1984512,80.0
1984512,43.0
1984576,51.0
1984608,33.0
1984624,41.0
1984672,43.0
1984704,27.0
1984736,25.0
1984800,35.0
1984800,54.0
1984816,48.0
1984832,53.0
1984832,38.0
1984960,45.0
1984992,26.0
1985072,40.0
1985072,35.0
1985152,34.0
1985184,24.0
1985392,70.0
1985472,50.0
1985504,48.0
1985536,64.0
1985552,45.0
1985584,60.0
1985632,58.0
1985664,54.0
1985680,38.0
1985712,45.0
1985728,36.0
1985744,49.0
1985904,52.0
1985904,25.0
1985936,34.0
1985968,49.0
1986080,23.0
1986128,36.0
1986272,38.0
1986304,93.0
1986336,44.0
1986352,95.0
1986400,31.0
1986448,61.0
1986496,47.0
1986496,60.0
1986512,52.0
1986592,41.0
1986752,26.0
1986784,24.0
1986832,35.0
1986848,59.0
1986848,55.0
1986928,50.0
1986960,86.0
1986960,28.0
1986960,23.0
1986992,40.0
1986992,31.0
1987072,48.0
1987088,63.0
1987120,87.0
1987184,25.0
1987264,51.0
1987296,28.0
1987552,66.0
1987552,35.0
1987568,51.0
1987568,45.0
1987584,37.0
1987632,42.0
1987648,51.0
1987664,44.0
1987728,40.0
1987808,53.0
1987824,56.0
1987920,50.0
1987968,44.0
1988080,31.0
1988224,65.0
1988224,42.0
1988224,41.0
1988240,32.0
1988240,36.0
1988320,32.0
1988384,52.0
1988416,53.0
1988432,85.0
1988432,50.0
1988512,37.0
1988544,45.0
1988560,57.0
1988560,37.0
1988640,84.0
1988704,30.0
1988784,35.0
1988848,39.0
1988864,28.0
1988928,34.0
1988960,33.0
1989024,29.0
1989040,25.0
1989056,51.0
1989056,32.0
1989072,52.0
1989152,23.0
1989168,41.0
1989168,53.0
1989200,48.0
1989280,75.0
1989440,46.0
1989488,26.0
1989488,39.0
1989568,63.0
1989584,34.0
1989664,32.0
1989664,44.0
1989680,52.0
1989744,36.0
1989744,34.0
1989744,36.0
1989776,45.0
1989904,53.0
1989920,62.0
1989936,57.0
1990144,54.0
1990192,44.0
1990256,43.0
1990256,48.0
1990288,39.0
1990368,58.0
1990400,45.0
1990432,43.0
1990448,49.0
1990448,44.0
1990464,34.0
1990480,34.0
1990496,47.0
1990544,40.0
1990576,50.0
1990592,63.0
1990848,44.0
1990896,28.0
1990928,42.0
1991024,36.0
1991072,37.0
1991088,45.0
1991088,50.0
1991136,37.0
1991152,43.0
1991216,49.0
1991264,63.0
1991264,43.0
1991264,42.0
1991296,50.0
1991312,70.0
1991328,25.0
1991328,30.0
1991408,24.0
1991568,73.0
1991728,52.0
1991808,30.0
1991888,37.0
1991936,53.0
1991984,56.0
1992016,54.0
1992032,48.0
1992048,61.0
1992048,57.0
1992064,31.0
1992080,51.0
1992112,49.0
1992256,53.0
1992304,65.0
1992304,20.0
1992336,38.0
1992384,73.0
1992496,38.0
1992544,38.0
1992608,81.0
1992672,37.0
1992688,24.0
1992720,57.0
1992720,42.0
1992736,25.0
1992736,45.0
1992768,41.0
1992768,46.0
1992784,45.0
1992784,30.0
1992848,37.0
1992944,25.0
1993104,66.0
1993168,24.0
1993264,33.0
1993296,33.0
1993312,39.0
1993344,31.0
1993376,62.0
1993392,39.0
1993408,50.0
1993440,48.0
1993536,50.0
1993568,39.0
1993584,50.0
1993808,40.0
1993840,84.0
1993872,48.0
1993888,31.0
1993904,37.0
1993920,41.0
1993920,36.0
1993984,43.0
1993984,79.0
1994016,38.0
1994368,52.0
1994432,53.0
1994432,66.0
1994432,39.0
1994496,37.0
1994496,111.0
1994512,33.0
1994528,38.0
1994592,72.0
1994608,39.0
1994624,46.0
1994640,50.0
1994640,48.0
1994672,69.0
1994880,60.0
1994912,30.0
1994928,57.0
1995024,31.0
1995104,38.0
1995184,43.0
1995232,39.0
1995328,25.0
1995328,28.0
1995344,27.0
1995344,57.0
1995360,48.0
1995360,53.0
1995456,51.0
1995520,68.0
1995552,33.0
1995568,58.0
1995760,41.0
1995760,87.0
1995792,35.0
1995888,44.0
1995952,24.0
1996000,28.0
1996048,43.0
1996048,45.0
1996096,21.0
1996112,48.0
1996144,43.0
1996160,93.0
1996208,55.0
1996336,51.0
1996368,38.0
1996384,37.0
1996416,67.0
1996416,112.0
1996448,68.0
1996512,39.0
1996720,38.0
1996736,37.0
1996752,26.0
1996768,38.0
1996768,51.0
1996816,38.0
1996880,52.0
1996944,56.0
1997040,37.0
1997104,45.0
1997152,72.0
1997152,46.0
1997280,34.0
1997376,39.0
1997408,37.0
1997440,35.0
1997456,65.0
1997456,85.0
1997536,51.0
1997568,26.0
1997568,75.0
1997696,26.0
1997744,50.0
1997904,33.0
1997968,35.0
1998016,54.0
1998032,29.0
1998048,37.0
1998080,65.0
1998112,63.0
1998112,42.0
1998160,29.0
1998240,49.0
1998288,111.0
1998352,38.0
1998464,24.0
1998496,37.0
1998544,33.0
1998592,66.0
1998608,65.0
1998608,40.0
1998608,115.0
1998624,36.0
1998656,118.0
1998736,24.0
1998752,40.0
1998768,41.0
1998864,39.0
1998896,38.0
1999088,37.0
1999120,24.0
1999200,27.0
1999280,70.0
1999296,40.0
1999296,43.0
1999312,44.0
1999312,45.0
1999360,83.0
1999472,38.0
1999488,64.0
1999600,44.0
1999632,68.0
1999648,56.0
1999696,24.0
1999872,47.0
1999872,79.0
1999888,79.0
1999904,51.0
1999984,44.0
2000016,41.0
2000064,48.0
2000064,48.0
2000080,55.0
2000112,50.0
2000160,32.0
2000160,29.0
2000240,48.0
2000272,40.0
2000272,25.0
2000432,23.0
2000464,36.0
2000544,40.0
2000544,59.0
2000576,31.0
2000624,22.0
2000752,46.0
2000752,79.0
2000768,49.0
2000800,58.0
2000832,42.0
2000896,39.0
2000976,22.0
2001040,58.0
2001040,38.0
2001104,59.0
2001136,56.0
2001152,25.0
2001168,39.0
2001264,43.0
2001264,23.0
2001296,77.0
2001312,48.0
2001344,34.0
2001424,37.0
2001552,49.0
2001648,38.0
2001664,57.0
2001664,39.0
2001664,43.0
2001680,76.0
2001712,38.0
2001728,36.0
2001760,37.0
2001776,32.0
2001808,31.0
2001952,51.0
2002000,41.0
2002080,41.0
2002112,53.0
2002192,27.0
2002256,37.0
2002272,39.0
2002352,43.0
2002368,40.0
2002400,45.0
2002400,46.0
2002416,54.0
2002464,41.0
2002480,48.0
2002512,35.0
2002592,81.0
2002672,56.0
2002672,37.0
2002752,25.0
2002784,42.0
2002816,51.0
2002832,40.0
2002848,24.0
2002912,41.0
2002992,36.0
2002992,45.0
2003216,39.0
2003232,47.0
2003280,38.0
2003296,32.0
2003344,42.0
2003376,39.0
2003408,63.0
2003488,61.0
2003600,77.0
2003600,75.0
2003696,49.0
2003760,34.0
2003792,32.0
2003792,50.0
2003808,61.0
2003856,32.0
2004000,48.0
2004048,42.0
2004048,40.0
2004080,77.0
2004080,30.0
2004096,31.0
2004096,19.0
2004096,69.0
2004240,34.0
2004320,29.0
2004384,56.0
2004432,71.0
2004448,40.0
2004464,26.0
2004496,26.0
2004592,52.0
2004608,38.0
2004672,116.0
2004672,22.0
2004704,41.0
2004816,36.0
2004816,45.0
2004864,48.0
2004960,36.0
2004960,33.0
2005056,61.0
2005072,29.0
2005072,39.0
2005136,40.0
2005152,85.0
2005200,33.0
2005232,71.0
2005408,34.0
2005648,66.0
2005664,60.0
2005696,46.0
2005696,39.0
2005712,41.0
2005728,37.0
2005744,58.0
2005760,38.0
2005824,63.0
2006016,49.0
2006176,61.0
2006192,95.0
2006208,50.0
2006256,37.0
2006256,38.0
2006272,113.0
2006336,36.0
2006384,89.0
2006448,44.0
2006480,49.0
2006512,51.0
2006528,91.0
2006592,55.0
2006704,23.0
2006784,19.0
2006800,49.0
2006880,39.0
2006896,45.0
2006912,40.0
2006912,44.0
2006960,48.0
2006976,72.0
2007152,40.0
2007184,91.0
2007184,46.0
2007456,67.0
2007504,44.0
2007504,39.0
2007520,23.0
2007568,65.0
2007632,58.0
2007680,31.0
2007696,49.0
2007744,72.0
2007792,51.0
2007808,53.0
2007920,29.0
2007936,65.0
2007936,23.0
2007968,49.0
2007984,67.0
2008128,39.0
2008160,86.0
2008240,19.0
2008304,39.0
2008336,130.0
2008384,29.0
2008384,40.0
2008448,51.0
2008448,41.0
2008528,52.0
2008560,37.0
2008576,67.0
2008624,31.0
2008720,30.0
2008784,25.0
2008816,63.0
2008832,82.0
2008864,58.0
2008880,56.0
2008976,33.0
2008992,43.0
2009008,53.0
2009056,38.0
2009104,36.0
2009168,49.0
2009184,22.0
2009216,37.0
2009216,40.0
2009248,33.0
2009552,62.0
2009584,37.0
2009584,50.0
2009584,33.0
2009600,46.0
2009600,26.0
2009616,25.0
2009696,28.0
2009744,54.0
2009776,48.0
2009792,43.0
2009824,53.0
2009824,93.0
2009840,42.0
2009936,20.0
2009952,71.0
2010128,33.0
2010176,39.0
2010192,28.0
2010288,43.0
2010368,37.0
2010384,50.0
2010448,77.0
2010464,42.0
2010496,57.0
2010528,43.0
2010560,54.0
2010560,46.0
2010608,41.0
2010608,49.0
2010624,27.0
2010768,30.0
2010800,42.0
2010800,21.0
2010800,39.0
2010992,29.0
2011008,25.0
2011024,25.0
2011056,70.0
2011104,46.0
2011120,46.0
2011120,20.0
2011120,96.0
2011136,40.0
2011152,37.0
2011200,25.0
2011312,54.0
2011472,44.0
2011520,57.0
2011584,49.0
2011664,41.0
2011712,32.0
2011744,43.0
2011760,41.0
2011760,48.0
2011776,41.0
2011824,32.0
2011840,43.0
2011872,46.0
2011872,47.0
2012080,66.0
2012080,95.0
2012112,40.0
2012160,36.0
2012192,42.0
2012224,69.0
2012352,30.0
2012352,12.0
2012368,34.0
2012448,38.0
2012480,45.0
2012496,45.0
2012512,48.0
2012592,58.0
2012608,53.0
2012624,27.0
2012640,33.0
2012672,37.0
2012704,52.0
2012768,66.0
2012784,26.0
2012832,30.0
2013008,35.0
2013088,54.0
2013104,31.0
2013120,40.0
2013184,37.0
2013248,46.0
2013248,34.0
2013248,73.0
2013328,61.0
2013392,39.0
2013456,42.0
2013472,24.0
2013504,63.0
2013504,52.0
2013536,57.0
2013616,61.0
2013680,42.0
2013712,55.0
2013760,32.0
2013856,46.0
2013904,41.0
2014000,51.0
2014032,35.0
2014048,34.0
2014048,59.0
2014048,32.0
2014064,42.0
2014128,50.0
2014288,52.0
2014288,27.0
2014384,48.0
2014448,25.0
2014496,31.0
2014512,28.0
2014608,35.0
2014640,32.0
2014672,62.0
2014720,60.0
2014784,80.0
2014784,67.0
2014976,108.0
2015056,28.0
2015056,35.0
2015088,50.0
2015136,53.0
2015200,47.0
2015232,75.0
2015264,55.0
2015280,38.0
2015328,80.0
2015344,90.0
2015408,43.0
2015472,24.0
2015520,63.0
2015632,25.0
2015648,54.0
2015792,33.0
2015792,46.0
2015792,72.0
2015824,43.0
2015920,54.0
2015936,46.0
2015936,60.0
2015968,35.0
2015968,39.0
2016000,76.0
2016080,47.0
2016160,40.0
2016224,59.0
2016224,27.0
2016256,29.0
2016320,53.0
2016528,33.0
2016576,47.0
2016592,50.0
2016624,43.0
2016624,41.0
2016640,42.0
2016720,40.0
2016832,38.0
2016864,21.0
2016880,41.0
2016960,50.0
2016960,82.0
2016960,83.0
2016992,67.0
2017088,48.0
2017152,76.0
2017280,35.0
2017360,69.0
2017376,32.0
2017376,26.0
2017392,50.0
2017408,49.0
2017424,53.0
2017488,54.0
2017520,35.0
2017600,48.0
2017600,38.0
2017744,54.0
2017856,56.0
2017920,52.0
2017936,49.0
2018128,33.0
2018128,47.0
2018144,25.0
2018160,95.0
2018160,49.0
2018176,36.0
2018304,56.0
2018304,51.0
2018336,59.0
2018368,68.0
2018400,65.0
2018448,58.0
2018464,38.0
2018464,33.0
2018608,74.0
2018656,22.0
2018768,40.0
2018800,41.0
2018800,55.0
2018880,45.0
2018896,45.0
2018992,39.0
2019040,36.0
2019072,42.0
2019120,51.0
2019120,60.0
2019120,41.0
2019152,51.0
2019264,29.0
2019296,33.0
2019312,54.0
2019424,51.0
2019440,35.0
2019504,44.0
2019520,25.0
2019568,57.0
2019600,38.0
2019664,34.0
2019728,19.0
2019840,34.0
2019888,51.0
2019952,50.0
2019968,29.0
2019968,58.0
2020000,43.0
2020016,70.0
2020096,41.0
2020176,57.0
2020224,44.0
2020224,41.0
2020288,73.0
2020336,38.0
2020512,32.0
2020528,58.0
2020544,55.0
2020576,46.0
2020592,39.0
2020608,155.0
2020640,39.0
2020656,23.0
2020704,38.0
2020720,48.0
2020752,33.0
2020768,55.0
2020912,24.0
2021088,70.0
2021136,34.0
2021200,61.0
2021216,28.0
2021216,55.0
2021264,47.0
2021296,40.0
2021328,72.0
2021344,40.0
2021360,40.0
2021392,40.0
2021424,53.0
2021440,52.0
2021504,60.0
2021552,21.0
2021680,37.0
2021728,37.0
2021776,32.0
2021952,47.0
2021968,83.0
2021984,37.0
2022016,45.0
2022032,44.0
2022096,74.0
2022096,47.0
2022160,59.0
2022224,49.0
2022240,46.0
2022288,38.0
2022288,58.0
2022320,37.0
2022320,56.0
2022448,56.0
2022464,43.0
2022496,25.0
2022576,38.0
2022608,39.0
2022672,45.0
2022688,23.0
2022688,23.0
2022720,35.0
2022784,35.0
2022816,50.0
2022912,39.0
2022992,47.0
2023040,36.0
2023072,49.0
2023072,65.0
2023152,36.0
2023232,46.0
2023280,38.0
2023296,43.0
2023312,33.0
2023344,41.0
2023360,28.0
2023376,58.0
2023424,83.0
2023536,45.0
2023696,61.0
2023712,40.0
2023744,44.0
2023744,32.0
2023760,67.0
2023760,48.0
2023856,30.0
2023872,50.0
2023888,37.0
2023888,29.0
2024080,58.0
2024080,48.0
2024144,49.0
2024272,36.0
2024288,26.0
2024304,26.0
2024368,64.0
2024384,40.0
2024432,72.0
2024528,49.0
2024544,49.0
2024560,50.0
2024576,65.0
2024576,43.0
2024592,55.0
2024704,39.0
2024752,38.0
2024768,43.0
2024848,35.0
2024864,37.0
2024928,39.0
2025040,74.0
2025040,32.0
2025056,39.0
2025072,44.0
2025072,23.0
2025088,32.0
2025152,35.0
2025184,50.0
2025184,39.0
2025248,24.0
2025312,34.0
2025488,46.0
2025616,35.0
2025664,39.0
2025664,36.0
2025664,46.0
2025664,39.0
2025696,32.0
2025744,56.0
2025744,35.0
2025760,74.0
2025776,39.0
2025792,45.0
2025840,33.0
2026016,59.0
2026112,98.0
2026192,36.0
2026224,61.0
2026256,35.0
2026288,39.0
2026304,40.0
2026368,38.0
2026416,47.0
2026416,42.0
2026432,26.0
2026496,45.0
2026496,52.0
2026544,50.0
2026544,47.0
2026560,67.0
2026640,26.0
2026656,51.0
2026768,36.0
2026816,25.0
2026848,46.0
2026928,39.0
2027024,46.0
2027040,42.0
2027120,44.0
2027136,37.0
2027152,45.0
2027184,58.0
2027232,26.0
2027232,46.0
2027296,50.0
2027296,46.0
2027312,34.0
2027456,51.0
2027504,60.0
2027568,45.0
2027632,38.0
2027696,65.0
2027696,41.0
2027776,37.0
2027824,56.0
2027856,44.0
2027968,53.0
2028000,44.0
2028032,50.0
2028176,54.0
2028176,59.0
2028208,40.0
2028240,46.0
2028240,38.0
2028320,39.0
2028400,79.0
2028416,40.0
2028512,66.0
2028672,51.0
2028720,34.0
2028720,30.0
2028784,51.0
2028864,98.0
2028960,45.0
2028976,80.0
2028976,29.0
2029040,52.0
2029056,64.0
2029088,57.0
2029104,80.0
2029104,24.0
2029120,45.0
2029152,52.0
2029328,57.0
2029392,42.0
2029472,92.0
2029552,29.0
2029616,52.0
2029632,60.0
2029632,48.0
2029632,41.0
2029744,37.0
2029808,53.0
2029808,52.0
2029824,48.0
2029840,50.0
2029872,48.0
2029888,26.0
2029936,52.0
2030096,61.0
2030144,25.0
2030160,52.0
2030208,24.0
2030208,36.0
2030320,43.0
2030320,32.0
2030336,29.0
2030352,46.0
2030416,33.0
2030432,50.0
2030608,50.0
2030688,47.0
2030720,32.0
2030800,41.0
2030816,38.0
2030832,46.0
2030896,34.0
2030928,48.0
2031024,92.0
2031040,103.0
2031056,46.0
2031072,47.0
2031088,25.0
2031104,43.0
2031120,80.0
2031200,48.0
2031232,39.0
2031344,34.0
2031552,45.0
2031616,45.0
